piece,dataset,AMLt_beat,AMLt_downbeat,CMLt_beat,CMLt_downbeat,Cemgil_beat,Cemgil_downbeat,F-measure_beat,F-measure_downbeat
asap/Bach_Fugue_bwv_862_Song04M/track.npy,asap,0.9420289855072463,0.2,0.9420289855072463,0.11904761904761904,0.9478565694388704,0.3624176857736894,0.9705882352941176,0.3466666666666667
asap/Bach_Fugue_bwv_863_LeeN01M/track.npy,asap,0.9870967741935484,0.3157894736842105,0.9870967741935484,0.15384615384615385,0.9733727914034213,0.44959391347175626,0.9935483870967742,0.37837837837837845
asap/Bach_Fugue_bwv_863_Shychko01M/track.npy,asap,0.8205128205128205,0.6363636363636364,0.8205128205128205,0.046153846153846156,0.9285766178192315,0.6134426270404754,0.9494949494949495,0.5576923076923078
asap/Bach_Fugue_bwv_863_TongB01M/track.npy,asap,0.9871794871794872,0.24390243902439024,0.9871794871794872,0.24390243902439024,0.9635647996963098,0.5688579607833804,0.9967845659163987,0.55
asap/Bach_Fugue_bwv_868_GonzalezJ05M/track.npy,asap,0.7659574468085106,0.34375,0.7659574468085106,0.34375,0.9051556030260368,0.67116763013664,0.9253731343283583,0.6875
asap/Bach_Fugue_bwv_873_Lisiecki13M/track.npy,asap,0.9253731343283582,0.48120300751879697,0.9253731343283582,0.1717171717171717,0.9471997848483182,0.6976997422884657,0.9771863117870723,0.6626506024096385
asap/Bach_Fugue_bwv_888_ZhaoK01M/track.npy,asap,0.7169811320754716,0.3076923076923077,0.7169811320754716,0.3076923076923077,0.8175897319802441,0.5016625654773608,0.8275862068965517,0.47058823529411764
asap/Bach_Prelude_bwv_867_HuNY01M/track.npy,asap,0.82,0.5555555555555556,0.82,0.0,0.8999779222502488,0.42037951717827504,0.9375,0.4375
asap/Bach_Prelude_bwv_867_Sham01M/track.npy,asap,0.8181818181818182,0.4666666666666667,0.8181818181818182,0.02564102564102564,0.9128560655393148,0.4049516551040411,0.9424083769633508,0.3870967741935484
asap/Bach_Prelude_bwv_868_GonzalezJ05M/track.npy,asap,0.971830985915493,0.47058823529411764,0.971830985915493,0.47058823529411764,0.9730653177532941,0.606163212589454,0.9929078014184397,0.6060606060606061
asap/Bach_Prelude_bwv_880_LeungR01M/track.npy,asap,0.9905660377358491,0.2714285714285714,0.9905660377358491,0.2714285714285714,0.9689205196213188,0.5804619232336293,0.9929078014184397,0.608
asap/Bach_Prelude_bwv_880_WangA04M/track.npy,asap,0.832579185520362,0.4,0.832579185520362,0.4,0.8992673972239124,0.6045274773294362,0.9234338747099767,0.6222222222222222
asap/Bach_Prelude_bwv_891_BLINOV04M/track.npy,asap,0.8255813953488372,0.3950617283950617,0.8255813953488372,0.3950617283950617,0.9144849982964973,0.7591216083317295,0.936936936936937,0.782608695652174
asap/Bach_Prelude_bwv_891_Duepree06M/track.npy,asap,0.975,0.4625,0.975,0.4625,0.9696601450241566,0.7582946609861458,0.9875,0.7681159420289855
asap/Beethoven_Piano_Sonatas_17-1_KaszoS09M/track.npy,asap,0.6564774381368268,0.24481327800829875,0.059008654602675056,0.22012578616352202,0.691100419788635,0.5262385808357165,0.6435137895812053,0.5474060822898033
asap/Beethoven_Piano_Sonatas_17-1_no_repeat_GuoE02M/track.npy,asap,0.6936542669584245,0.28378378378378377,0.0753045404208195,0.2079646017699115,0.7056365275906307,0.5340544341259684,0.6367647058823529,0.5561497326203209
asap/Beethoven_Piano_Sonatas_17-1_no_repeat_KabuliL02M/track.npy,asap,0.5738963531669866,0.3053097345132743,0.14174972314507198,0.3053097345132743,0.7075870458437958,0.5805936063495138,0.678370786516854,0.6051282051282052
asap/Beethoven_Piano_Sonatas_17-1_no_repeat_Richardson02M/track.npy,asap,0.6255060728744939,0.2948717948717949,0.06762749445676275,0.22566371681415928,0.6810234720508677,0.5285846662877441,0.6332378223495703,0.549738219895288
asap/Beethoven_Piano_Sonatas_17-1_no_repeat_TuanS02M/track.npy,asap,0.7073684210526315,0.25663716814159293,0.06423034330011074,0.25663716814159293,0.7093471402413175,0.5674046368497153,0.6386066763425254,0.5979899497487438
asap/Beethoven_Piano_Sonatas_17-1_no_repeat_WangH03M/track.npy,asap,0.7259100642398287,0.2929936305732484,0.058758314855875834,0.21238938053097345,0.7254648908415137,0.5455971531990798,0.6413440467494521,0.5639686684073107
asap/Beethoven_Piano_Sonatas_21-1_KaiRuiR02M/track.npy,asap,0.8067885117493473,0.3720472440944882,0.8067885117493473,0.3720472440944882,0.9016022813354139,0.7314010663687764,0.9262874453046113,0.7452300785634118
asap/Beethoven_Piano_Sonatas_21-1_Sekino05M/track.npy,asap,0.838358458961474,0.5360134003350083,0.838358458961474,0.20378151260504201,0.8857698014602207,0.694183053501491,0.9187129551227774,0.6838709677419356
asap/Beethoven_Piano_Sonatas_21-1_no_repeat_GonzalezJ06M/track.npy,asap,0.6881810561609388,0.5230352303523035,0.6881810561609388,0.5230352303523035,0.8339964559572366,0.7472109404078013,0.8689533861037818,0.778443113772455
asap/Beethoven_Piano_Sonatas_21-1_no_repeat_KimSY02M/track.npy,asap,0.7778709136630344,0.3384223918575064,0.7778709136630344,0.3384223918575064,0.8613192299770904,0.6817752690292435,0.8999137187230372,0.7196531791907513
asap/Beethoven_Piano_Sonatas_21-1_no_repeat_LeeN02M/track.npy,asap,0.757753562447611,0.5307262569832403,0.757753562447611,0.5307262569832403,0.8604055662512543,0.7694831706289803,0.8939852877542189,0.8006088280060882
asap/Beethoven_Piano_Sonatas_21-1_no_repeat_RichardsonC02M/track.npy,asap,0.7954735959765298,0.3670886075949367,0.7954735959765298,0.3670886075949367,0.8647551835148626,0.6709557773733579,0.8997012377294067,0.6945244956772335
asap/Beethoven_Piano_Sonatas_21-1_no_repeat_Shychko02M/track.npy,asap,0.7814070351758794,0.38358458961474035,0.7814070351758794,0.3200992555831266,0.8856522240222428,0.7051198390409696,0.9157986111111112,0.7293447293447293
asap/Beethoven_Piano_Sonatas_21-1_no_repeat_Sladek02M/track.npy,asap,0.7267393126571668,0.4913294797687861,0.7267393126571668,0.4913294797687861,0.8532015019660787,0.7346427130037887,0.884365526201819,0.7565891472868217
asap/Beethoven_Piano_Sonatas_21-1_no_repeat_Song03M/track.npy,asap,0.7322175732217573,0.5297619047619048,0.7322175732217573,0.5297619047619048,0.8740646396704033,0.7507044703643951,0.8992042440318302,0.7716535433070866
asap/Beethoven_Piano_Sonatas_21-1_no_repeat_SunY02M/track.npy,asap,0.7760067114093959,0.3495798319327731,0.7760067114093959,0.33004926108374383,0.8475321636907056,0.6506683832106599,0.8752107925801013,0.6704545454545454
asap/Beethoven_Piano_Sonatas_21-1_no_repeat_Tetzloff05M/track.npy,asap,0.7164429530201343,0.42894736842105263,0.7164429530201343,0.42894736842105263,0.8344865403140602,0.6975259917617005,0.8782383419689119,0.7256637168141593
asap/Beethoven_Piano_Sonatas_21-1_no_repeat_ToA02M/track.npy,asap,0.7451802179379715,0.42025316455696204,0.7451802179379715,0.42025316455696204,0.8561457255454753,0.7244391798202362,0.8788536691272254,0.7406340057636888
asap/Beethoven_Piano_Sonatas_21-1_no_repeat_TongB03M/track.npy,asap,0.8298407376362112,0.42475728155339804,0.8298407376362112,0.42475728155339804,0.8895975941618275,0.7292379860995349,0.9274989274989275,0.7651195499296765
asap/Beethoven_Piano_Sonatas_21-1_no_repeat_WangA02M/track.npy,asap,0.7390939597315436,0.3866995073891626,0.7390939597315436,0.3866995073891626,0.838212046385091,0.6849904385148284,0.8676470588235295,0.7130681818181818
asap/Beethoven_Piano_Sonatas_21-1_no_repeat_YeZ02M/track.npy,asap,0.7889447236180904,0.5634218289085545,0.7889447236180904,0.5634218289085545,0.8873130079192257,0.7826010281249887,0.9183147033533964,0.8150470219435737
asap/Beethoven_Piano_Sonatas_21-1_no_repeat_ZhangW01M/track.npy,asap,0.7921207041072925,0.3712121212121212,0.7921207041072925,0.3712121212121212,0.8765427899783587,0.7017153156029983,0.9105974705625818,0.7280575539568345
asap/Beethoven_Piano_Sonatas_9-3_Tysman05M/track.npy,asap,0.5893909626719057,0.329608938547486,0.176056338028169,0.329608938547486,0.7435326706487928,0.6998418978883958,0.7165932452276065,0.7296416938110749
asap/Chopin_Ballades_3_Ko11M/track.npy,asap,0.6201232032854209,0.4351464435146444,0.6201232032854209,0.4351464435146444,0.7363644008164999,0.6523921291872367,0.7780082987551867,0.6828193832599119
asap/Chopin_Ballades_3_LinPeng06M/track.npy,asap,0.6354581673306773,0.37656903765690375,0.6354581673306773,0.37656903765690375,0.7375623533927413,0.5562034567682437,0.7783452502553626,0.5882352941176471
asap/Chopin_Etudes_op_10_1_ChenW03M/track.npy,asap,0.8110749185667753,0.9113924050632911,0.8110749185667753,0.9113924050632911,0.8447557099859881,0.8941403125808883,0.9060955518945635,0.935064935064935
asap/Chopin_Etudes_op_10_1_KaiRuiR03M/track.npy,asap,0.8681672025723473,0.9605263157894737,0.8681672025723473,0.9605263157894737,0.9001594486726412,0.9291142896993568,0.9411764705882353,0.9599999999999999
asap/Chopin_Etudes_op_10_1_LiYZ02M/track.npy,asap,0.9703947368421053,0.9342105263157895,0.9703947368421053,0.9342105263157895,0.9510599576571394,0.9304781628372547,0.990066225165563,0.9536423841059603
asap/Chopin_Etudes_op_10_1_LuM02M/track.npy,asap,0.6387096774193548,0.9113924050632911,0.6387096774193548,0.9113924050632911,0.7431791712064754,0.8639183277353222,0.8013136288998358,0.8888888888888888
asap/Chopin_Etudes_op_10_1_MunA07M/track.npy,asap,0.8151815181518152,0.9733333333333334,0.8151815181518152,0.9733333333333334,0.8646180700584725,0.9339036817614802,0.9485903814262024,0.9932885906040269
asap/Chopin_Etudes_op_10_1_SunY03M/track.npy,asap,0.8697068403908795,0.9868421052631579,0.8697068403908795,0.9868421052631579,0.874411843989187,0.9153364840046263,0.9489291598023064,0.9801324503311258
asap/Chopin_Etudes_op_10_1_YeF03M/track.npy,asap,0.49333333333333335,0.8313253012048193,0.49333333333333335,0.8313253012048193,0.7045432030387401,0.8327503703929913,0.7952218430034129,0.8987341772151898
asap/Chopin_Etudes_op_10_1_YuP02M/track.npy,asap,0.934640522875817,0.9342105263157895,0.934640522875817,0.9342105263157895,0.9365724610461347,0.9175622846019932,0.9752883031301484,0.9536423841059603
asap/Haydn_Keyboard_Sonatas_39-3_Yarden07M/track.npy,asap,0.9463917525773196,0.8940677966101694,0.9463917525773196,0.8940677966101694,0.9431711888702277,0.9144343576423322,0.9822361546499478,0.9509594882729212
asap/Liszt_Annees_de_pelerinage_2_1_Gondoliera_LeungM08M/track.npy,asap,0.4322033898305085,0.3220338983050847,0.4322033898305085,0.3220338983050847,0.5510653333572899,0.43260793911001144,0.5927505330490406,0.46428571428571425
asap/Liszt_Annees_de_pelerinage_2_1_Gondoliera_LeungM12M/track.npy,asap,0.2354948805460751,0.3813559322033898,0.2354948805460751,0.3813559322033898,0.4628880990253254,0.45722000871057655,0.49905482041587906,0.4721030042918455
asap/Rachmaninoff_Preludes_op_23_6_Nikiforov14M/track.npy,asap,0.3902439024390244,0.2839506172839506,0.3902439024390244,0.02857142857142857,0.6085753126175469,0.40945365982010856,0.6360655737704919,0.43243243243243246
asap/Schubert_Impromptu_op142_3_Richardson07M/track.npy,asap,0.6913730255164034,0.5182481751824818,0.1084967320261438,0.1540880503144654,0.6956905862389637,0.6263503064047767,0.6745964316057773,0.6412213740458015
asap/Schubert_Impromptu_op142_3_RichardsonC06M/track.npy,asap,0.712778429073857,0.4519906323185012,0.0773955773955774,0.19384615384615383,0.6546403939093874,0.6042373772680032,0.6543110394842868,0.653061224489796
asap/Schubert_Impromptu_op142_3_SunY08M/track.npy,asap,0.7446504992867332,0.5590778097982709,0.04136947218259629,0.15488215488215487,0.6364583269929334,0.6183793093163888,0.6183206106870229,0.6454352441613588
asap/Schubert_Impromptu_op142_3_WangH06M/track.npy,asap,0.7695906432748538,0.531615925058548,0.06483790523690773,0.19710144927536233,0.6416552606222932,0.6276664100408524,0.6536585365853659,0.6976744186046512
asap/Schubert_Impromptu_op142_3_YoungS06M/track.npy,asap,0.6912280701754386,0.46604215456674475,0.11378002528445007,0.17295597484276728,0.6824405728898651,0.6120740574043826,0.6776045939294505,0.6428571428571428
ballroom/ballroom_Albums-AnaBelen_Veneo-11/track.npy,ballroom,1.0,1.0,1.0,1.0,0.9746226337231263,0.9725759389951611,1.0,1.0
ballroom/ballroom_Albums-Ballroom_Classics4-07/track.npy,ballroom,0.9629629629629629,1.0,0.9629629629629629,1.0,0.9072229463504062,0.9115493233791019,0.9906542056074767,1.0
ballroom/ballroom_Albums-Ballroom_Classics4-09/track.npy,ballroom,1.0,1.0,1.0,1.0,0.9250500382795726,0.9374884049769943,1.0,1.0
ballroom/ballroom_Albums-Cafe_Paradiso-02/track.npy,ballroom,0.9761904761904762,1.0,0.9761904761904762,1.0,0.9561995095064537,0.9694221036113287,0.9879518072289156,1.0
ballroom/ballroom_Albums-Chrisanne2-03/track.npy,ballroom,0.9142857142857143,0.5454545454545454,0.9142857142857143,0.5454545454545454,0.7268997806707971,0.5768113194403028,0.8115942028985507,0.6666666666666666
ballroom/ballroom_Albums-Chrisanne3-08/track.npy,ballroom,0.9736842105263158,1.0,0.9736842105263158,1.0,0.9301688044882743,0.9490982864134985,0.9801324503311258,1.0
ballroom/ballroom_Albums-GloriaEstefan_MiTierra-08/track.npy,ballroom,0.972972972972973,1.0,0.972972972972973,1.0,0.8639250409621456,0.9457646958649144,0.9863013698630138,1.0
ballroom/ballroom_Albums-Latin_Jam-01/track.npy,ballroom,0.9807692307692307,1.0,0.9807692307692307,1.0,0.9747658414537467,0.9831537973011186,0.9902912621359222,1.0
ballroom/ballroom_Albums-Latin_Jam-05/track.npy,ballroom,1.0,1.0,1.0,1.0,0.9812037802516052,0.9860852415765522,1.0,1.0
ballroom/ballroom_Albums-Latin_Jam-07/track.npy,ballroom,1.0,1.0,1.0,1.0,0.9839066947637828,0.9908619015241354,1.0,1.0
ballroom/ballroom_Albums-Latin_Jam2-11/track.npy,ballroom,1.0,1.0,1.0,1.0,0.965971316197493,0.9501649378595106,1.0,1.0
ballroom/ballroom_Albums-Latin_Jam4-13/track.npy,ballroom,0.9772727272727273,1.0,0.9772727272727273,1.0,0.9214450843200607,0.9809727866794696,0.942528735632184,1.0
ballroom/ballroom_Albums-Latin_Jam5-06/track.npy,ballroom,0.9761904761904762,1.0,0.9761904761904762,1.0,0.935976344104003,0.9711850974998871,0.9879518072289156,1.0
ballroom/ballroom_Albums-Latin_Jam5-07/track.npy,ballroom,1.0,1.0,1.0,1.0,0.9727799161142086,0.9644733980694237,1.0,1.0
ballroom/ballroom_Albums-Latin_Jam5-09/track.npy,ballroom,1.0,1.0,1.0,1.0,0.9704523962879951,0.9698049529302413,1.0,1.0
ballroom/ballroom_Albums-Latino_Latino-05/track.npy,ballroom,1.0,1.0,1.0,1.0,0.9624344680320197,0.961280551227146,1.0,1.0
ballroom/ballroom_Albums-Macumba-04/track.npy,ballroom,1.0,1.0,1.0,1.0,0.9720161059465469,0.9835756578711311,1.0,1.0
ballroom/ballroom_Albums-Macumba-07/track.npy,ballroom,1.0,1.0,1.0,1.0,0.9823381117723823,0.9855616253499319,1.0,1.0
ballroom/ballroom_Albums-Macumba-11/track.npy,ballroom,0.9761904761904762,1.0,0.9761904761904762,1.0,0.9522728586827109,0.962682860839902,0.9879518072289156,1.0
ballroom/ballroom_Albums-Mambo_Kings-03/track.npy,ballroom,1.0,1.0,1.0,1.0,0.9736910991872375,0.9650781146645091,1.0,1.0
ballroom/ballroom_Albums-Mambo_Kings-11/track.npy,ballroom,1.0,1.0,1.0,1.0,0.9773005078390443,0.9686037822330883,1.0,1.0
ballroom/ballroom_Albums-Pais_Tropical-07/track.npy,ballroom,0.9807692307692307,1.0,0.9807692307692307,1.0,0.9729918296410232,0.9837669990568703,0.9902912621359222,1.0
ballroom/ballroom_Albums-Pais_Tropical-08/track.npy,ballroom,0.9811320754716981,0.9285714285714286,0.9811320754716981,0.9285714285714286,0.9639242273328713,0.9350776588735379,0.9904761904761905,0.962962962962963
ballroom/ballroom_Albums-Pais_Tropical-10/track.npy,ballroom,1.0,1.0,1.0,1.0,0.9463880582210089,0.9856635904218501,1.0,1.0
ballroom/ballroom_Albums-Step_By_Step-04/track.npy,ballroom,1.0,1.0,1.0,1.0,0.9176449829587007,0.9671499352227327,1.0,1.0
ballroom/ballroom_Albums-Step_By_Step-09/track.npy,ballroom,0.974025974025974,1.0,0.974025974025974,1.0,0.9560044539699333,0.9632209189674383,0.9868421052631579,1.0
ballroom/ballroom_Albums-Step_By_Step-11/track.npy,ballroom,1.0,1.0,1.0,1.0,0.9770535744752289,0.9734951453976752,1.0,1.0
ballroom/ballroom_Albums-Step_By_Step-16/track.npy,ballroom,0.9759036144578314,1.0,0.9759036144578314,1.0,0.7514902672989197,0.759051978284077,1.0,1.0
ballroom/ballroom_Albums-StrictlyDancing_Tango-05/track.npy,ballroom,1.0,0.8571428571428571,0.0,0.16666666666666666,0.7163012996596563,0.7375781716333909,0.6027397260273972,0.631578947368421
ballroom/ballroom_Albums-StrictlyDancing_Tango-10/track.npy,ballroom,1.0,1.0,1.0,1.0,0.9420066988530655,0.9680378226079775,1.0,1.0
ballroom/ballroom_Media-100603/track.npy,ballroom,1.0,1.0,1.0,1.0,0.9126851910527327,0.9456579299220897,1.0,1.0
ballroom/ballroom_Media-100604/track.npy,ballroom,1.0,1.0,1.0,1.0,0.8687979459234172,0.8343454450240846,1.0,1.0
ballroom/ballroom_Media-100605/track.npy,ballroom,0.48148148148148145,0.38461538461538464,0.35185185185185186,0.38461538461538464,0.5160825636583278,0.41030906524064076,0.4074074074074074,0.41666666666666663
ballroom/ballroom_Media-103303/track.npy,ballroom,0.972972972972973,1.0,0.972972972972973,1.0,0.8905164293037477,0.9276636548339027,0.9863013698630138,1.0
ballroom/ballroom_Media-103315/track.npy,ballroom,0.9868421052631579,1.0,0.9868421052631579,1.0,0.9086540611757784,0.8997459452494119,1.0,1.0
ballroom/ballroom_Media-103408/track.npy,ballroom,1.0,1.0,1.0,1.0,0.9807623364628701,0.9888443638896405,1.0,1.0
ballroom/ballroom_Media-103504/track.npy,ballroom,0.4819277108433735,0.9090909090909091,0.32786885245901637,0.9090909090909091,0.6882410158657678,0.8413387599792347,0.7961165048543689,0.9523809523809523
ballroom/ballroom_Media-103509/track.npy,ballroom,0.9807692307692307,1.0,0.9807692307692307,1.0,0.9727479262547867,0.972331173381587,0.9902912621359222,1.0
ballroom/ballroom_Media-103511/track.npy,ballroom,1.0,1.0,1.0,1.0,0.9463237830625717,0.9569063640668773,1.0,1.0
ballroom/ballroom_Media-103515/track.npy,ballroom,1.0,1.0,1.0,1.0,0.9774640718524693,0.9776356444399525,1.0,1.0
ballroom/ballroom_Media-103605/track.npy,ballroom,1.0,1.0,1.0,1.0,0.9781400762242867,0.9777767679951299,1.0,1.0
ballroom/ballroom_Media-103611/track.npy,ballroom,1.0,1.0,1.0,1.0,0.9628162440328948,0.9807960872731243,1.0,1.0
ballroom/ballroom_Media-103618/track.npy,ballroom,1.0,1.0,1.0,1.0,0.9888166108088295,0.9910281220002403,1.0,1.0
ballroom/ballroom_Media-103815/track.npy,ballroom,0.9743589743589743,0.9090909090909091,0.9743589743589743,0.9090909090909091,0.9299856378595371,0.9435019044067713,0.9743589743589743,0.9523809523809523
ballroom/ballroom_Media-103902/track.npy,ballroom,1.0,0.42105263157894735,1.0,0.0,0.9672785233510179,0.5596180835784601,1.0,0.34782608695652173
ballroom/ballroom_Media-103905/track.npy,ballroom,0.3137254901960784,0.23076923076923078,0.3137254901960784,0.23076923076923078,0.3930140505136955,0.15611656214115313,0.5161290322580646,0.17391304347826086
ballroom/ballroom_Media-103910/track.npy,ballroom,1.0,1.0,1.0,1.0,0.9641757822296578,0.9653162588188298,1.0,1.0
ballroom/ballroom_Media-104007/track.npy,ballroom,1.0,1.0,1.0,1.0,0.9784808118420107,0.9601809969241415,1.0,1.0
ballroom/ballroom_Media-104010/track.npy,ballroom,1.0,1.0,1.0,1.0,0.9709152285483507,0.960524409861914,1.0,1.0
ballroom/ballroom_Media-104203/track.npy,ballroom,1.0,1.0,1.0,1.0,0.9363586075322468,0.9539812235385217,1.0,1.0
ballroom/ballroom_Media-104210/track.npy,ballroom,0.974025974025974,0.9615384615384616,0.974025974025974,0.9615384615384616,0.9376990814827966,0.9450406936536966,0.9868421052631579,0.9803921568627451
ballroom/ballroom_Media-104307/track.npy,ballroom,0.9868421052631579,1.0,0.9868421052631579,1.0,0.9593160433183497,0.9720556654568978,0.9933774834437086,1.0
ballroom/ballroom_Media-104417/track.npy,ballroom,0.9886363636363636,0.9545454545454546,0.9886363636363636,0.9545454545454546,0.9296388617159776,0.9230593467735833,0.9942857142857142,0.9767441860465117
ballroom/ballroom_Media-104502/track.npy,ballroom,1.0,1.0,1.0,1.0,0.7651369553771116,0.733855603401243,0.9722222222222222,0.9166666666666666
ballroom/ballroom_Media-104516/track.npy,ballroom,0.9431818181818182,0.9565217391304348,0.9431818181818182,0.9565217391304348,0.8974068219383592,0.9283756597727416,0.9942857142857142,0.9777777777777777
ballroom/ballroom_Media-104706/track.npy,ballroom,0.9636363636363636,0.9285714285714286,0.9636363636363636,0.9285714285714286,0.8931154031749848,0.9053837592575145,0.9629629629629629,0.962962962962963
ballroom/ballroom_Media-104707/track.npy,ballroom,0.9814814814814815,0.9285714285714286,0.9814814814814815,0.9285714285714286,0.9462242920457166,0.9143496481355436,0.9906542056074767,0.962962962962963
ballroom/ballroom_Media-104711/track.npy,ballroom,0.9452054794520548,0.96,0.9452054794520548,0.96,0.806152646731905,0.7941368542087476,0.9726027397260274,0.9387755102040817
ballroom/ballroom_Media-104806/track.npy,ballroom,1.0,1.0,1.0,1.0,0.9229472029669253,0.9422955263935423,1.0,1.0
ballroom/ballroom_Media-104904/track.npy,ballroom,0.8888888888888888,1.0,0.8888888888888888,1.0,0.7828689694203499,0.749207937625854,0.9014084507042254,0.9166666666666666
ballroom/ballroom_Media-104905/track.npy,ballroom,1.0,1.0,1.0,1.0,0.8556597928581046,0.9134110656746981,1.0,1.0
ballroom/ballroom_Media-105019/track.npy,ballroom,0.9764705882352941,0.9523809523809523,0.9764705882352941,0.9523809523809523,0.9119337541076162,0.9292151329795079,0.9822485207100591,0.975609756097561
ballroom/ballroom_Media-105119/track.npy,ballroom,0.9883720930232558,1.0,0.9883720930232558,1.0,0.9335144587286744,0.9297359784779528,0.9941520467836257,1.0
ballroom/ballroom_Media-105122/track.npy,ballroom,0.9659090909090909,0.9545454545454546,0.9659090909090909,0.9545454545454546,0.9098821298077645,0.898531840372491,0.9942857142857142,0.9767441860465117
ballroom/ballroom_Media-105211/track.npy,ballroom,0.875,0.9090909090909091,0.875,0.9090909090909091,0.642195945233962,0.6310295862208668,0.8888888888888888,0.8571428571428572
ballroom/ballroom_Media-105215/track.npy,ballroom,1.0,1.0,1.0,1.0,0.9523292639538788,0.9682666428693744,1.0,1.0
ballroom/ballroom_Media-105401/track.npy,ballroom,0.9761904761904762,1.0,0.9761904761904762,1.0,0.9651837360156966,0.9743101009349384,0.9879518072289156,1.0
ballroom/ballroom_Media-105404/track.npy,ballroom,0.9523809523809523,0.9090909090909091,0.9523809523809523,0.9090909090909091,0.8942119691689153,0.9163869681886587,0.9285714285714286,0.9523809523809523
ballroom/ballroom_Media-105407/track.npy,ballroom,0.9629629629629629,0.9285714285714286,0.9629629629629629,0.9285714285714286,0.9569443844861619,0.9210974379538318,0.9811320754716981,0.962962962962963
ballroom/ballroom_Media-105414/track.npy,ballroom,0.9863013698630136,0.7777777777777778,0.9863013698630136,0.7777777777777778,0.9547525007961465,0.875122507854424,0.993103448275862,0.9142857142857143
ballroom/ballroom_Media-105419/track.npy,ballroom,0.8928571428571429,1.0,0.8928571428571429,1.0,0.8997584484324982,0.9844693769696261,0.9433962264150945,1.0
ballroom/ballroom_Media-105503/track.npy,ballroom,1.0,1.0,1.0,1.0,0.9094270577942514,0.9545981655638771,0.972972972972973,1.0
ballroom/ballroom_Media-105507/track.npy,ballroom,0.9814814814814815,1.0,0.9814814814814815,1.0,0.970850768377972,0.9680559295419819,0.9906542056074767,1.0
ballroom/ballroom_Media-105508/track.npy,ballroom,0.9814814814814815,1.0,0.9814814814814815,1.0,0.8809553545057116,0.9142872523949971,0.9906542056074767,1.0
ballroom/ballroom_Media-105516/track.npy,ballroom,0.9882352941176471,1.0,0.9882352941176471,1.0,0.9538017193785702,0.9480021998015301,0.9940828402366864,1.0
ballroom/ballroom_Media-105614/track.npy,ballroom,0.9772727272727273,1.0,0.9772727272727273,1.0,0.9683539602889858,0.9813592614898781,0.9885057471264368,1.0
ballroom/ballroom_Media-105704/track.npy,ballroom,0.9714285714285714,1.0,0.9714285714285714,1.0,0.9331951045095436,0.9571229198045657,0.9855072463768115,1.0
ballroom/ballroom_Media-105806/track.npy,ballroom,0.9814814814814815,0.9285714285714286,0.9814814814814815,0.9285714285714286,0.9726278648386103,0.9455470013693974,0.9906542056074767,0.962962962962963
ballroom/ballroom_Media-105811/track.npy,ballroom,1.0,1.0,1.0,1.0,0.9734832447024625,0.9719966102285277,1.0,1.0
ballroom/ballroom_Media-105817/track.npy,ballroom,1.0,1.0,1.0,1.0,0.9756140252974249,0.9790238322945333,1.0,1.0
ballroom/ballroom_Media-105819/track.npy,ballroom,1.0,1.0,1.0,1.0,0.9779006698326211,0.9742384323464751,1.0,1.0
ballroom/ballroom_Media-106011/track.npy,ballroom,0.9523809523809523,0.9090909090909091,0.9523809523809523,0.9090909090909091,0.9270916893699456,0.9118440347431923,0.975609756097561,0.9523809523809523
ballroom/ballroom_Media-106015/track.npy,ballroom,0.9722222222222222,0.9444444444444444,0.9722222222222222,0.9444444444444444,0.928373392027424,0.9306864507759504,0.9859154929577464,0.9714285714285714
ballroom/ballroom_Media-106017/track.npy,ballroom,0.96,0.9,0.96,0.9,0.9690884230452808,0.9314838945497682,0.9795918367346939,0.9473684210526316
ballroom/ballroom_Media-106101/track.npy,ballroom,0.9629629629629629,0.9285714285714286,0.9629629629629629,0.9285714285714286,0.9637125150864513,0.940966391129293,0.9811320754716981,0.962962962962963
ballroom/ballroom_Media-106112/track.npy,ballroom,0.9767441860465116,1.0,0.9767441860465116,1.0,0.8947708281893372,0.8769200175495929,0.988235294117647,1.0
beatles/beatles_01_Please_Please_Me_11_Do_You_Want_To_Know_A_Secret/track.npy,beatles,0.9457013574660633,0.9122807017543859,0.9457013574660633,0.9122807017543859,0.8893833342892339,0.870500313539916,0.9699769053117782,0.9454545454545454
beatles/beatles_01_Please_Please_Me_14_Twist_And_Shout/track.npy,beatles,0.9966555183946488,0.9866666666666667,0.9966555183946488,0.9866666666666667,0.933394131682546,0.9259807824823493,0.998324958123953,0.9932885906040269
beatles/beatles_02_With_the_Beatles_07_Please_Mister_Postman/track.npy,beatles,0.9866666666666667,0.9866666666666667,0.9866666666666667,0.9866666666666667,0.9626310644119486,0.9639181713223243,0.9932885906040269,0.9932885906040269
beatles/beatles_02_With_the_Beatles_10_You_Really_Got_A_Hold_On_Me/track.npy,beatles,0.9454545454545454,0.6166666666666667,0.9454545454545454,0.6166666666666667,0.8827595950700984,0.7329741444491849,0.9521640091116174,0.7964601769911505
beatles/beatles_03_A_Hard_Days_Night_01_A_Hard_Days_Night/track.npy,beatles,0.9818731117824774,0.9759036144578314,0.9818731117824774,0.9759036144578314,0.9600991476345685,0.9602863061321042,0.9908536585365855,0.9878048780487805
beatles/beatles_04_Beatles_for_Sale_11_Every_Little_Thing/track.npy,beatles,0.9957446808510638,0.9666666666666667,0.9957446808510638,0.9666666666666667,0.670400673141515,0.6690338569680215,0.9978678038379531,0.9915966386554621
beatles/beatles_04_Beatles_for_Sale_14_Everybodys_Trying_to_Be_My_Baby/track.npy,beatles,0.9195979899497487,0.7454545454545455,0.028720626631853787,0.12631578947368421,0.4808596547997957,0.489084120912253,0.6597938144329896,0.7066666666666667
beatles/beatles_05_Help_11_Tell_Me_What_You_See/track.npy,beatles,0.9821428571428571,0.9642857142857143,0.9821428571428571,0.9642857142857143,0.8954228606615159,0.8665588297906698,0.9836065573770492,0.970059880239521
beatles/beatles_05_Help_13_Yesterday/track.npy,beatles,0.994535519125683,1.0,0.994535519125683,1.0,0.7358766459521625,0.7220505257660395,0.9781420765027322,0.9782608695652174
beatles/beatles_06_Rubber_Soul_12_Wait/track.npy,beatles,0.9767441860465116,0.984375,0.9767441860465116,0.984375,0.9099954751465447,0.9082919514614319,0.9823874755381605,0.9921259842519685
beatles/beatles_07_Revolver_07_She_Said_She_Said/track.npy,beatles,0.9391634980988594,0.7,0.9391634980988594,0.7,0.8690542492260167,0.7256786119200417,0.9447619047619048,0.7938931297709924
beatles/beatles_07_Revolver_12_I_Want_To_Tell_You/track.npy,beatles,1.0,0.9733333333333334,1.0,0.9733333333333334,0.9576211426860095,0.959464790442763,1.0,0.9932885906040269
beatles/beatles_08_Sgt_Peppers_Lonely_Hearts_Club_Band_02_With_A_Little_Help_From_My_Friends/track.npy,beatles,0.9965277777777778,1.0,0.9965277777777778,1.0,0.9246355915032728,0.9279918973829607,0.9982608695652174,1.0
beatles/beatles_08_Sgt_Peppers_Lonely_Hearts_Club_Band_12_Sgt_Peppers_Lonely_Hearts_Club_Band_(Reprise)/track.npy,beatles,0.993103448275862,1.0,0.993103448275862,1.0,0.853477920676447,0.8599747942791117,0.9965397923875432,1.0
beatles/beatles_09_Magical_Mystery_Tour_10_Baby_Youre_A_Rich_Man/track.npy,beatles,0.989247311827957,1.0,0.989247311827957,1.0,0.8539959449154584,0.8582518834148711,0.9946140035906642,1.0
beatles/beatles_10_CD1_The_Beatles_03_Glass_Onion/track.npy,beatles,0.983402489626556,0.8387096774193549,0.983402489626556,0.8387096774193549,0.9169557911539524,0.8121476606570786,0.9854469854469855,0.8524590163934426
beatles/beatles_10_CD1_The_Beatles_09_Martha_My_Dear/track.npy,beatles,0.9952380952380953,0.39805825242718446,0.9952380952380953,0.39805825242718446,0.9420919053835113,0.762419448134068,0.9976133651551313,0.8068181818181818
beatles/beatles_10_CD1_The_Beatles_15_Why_Dont_We_Do_It_In_The_Road/track.npy,beatles,0.9863945578231292,1.0,0.9863945578231292,1.0,0.8939937912169518,0.9136069413586404,0.9931506849315068,1.0
beatles/beatles_10_CD2_The_Beatles_11_Cry_Baby_Cry/track.npy,beatles,0.9422222222222222,0.42105263157894735,0.9422222222222222,0.42105263157894735,0.8429491628630118,0.5219084888595159,0.9543378995433789,0.6019417475728156
beatles/beatles_11_Abbey_Road_14_Golden_Slumbers/track.npy,beatles,0.9747899159663865,0.6774193548387096,0.9747899159663865,0.6774193548387096,0.895312127999687,0.7116923267275692,0.9702127659574468,0.7868852459016393
beatles/beatles_11_Abbey_Road_16_The_End/track.npy,beatles,0.7911646586345381,0.8387096774193549,0.7911646586345381,0.8387096774193549,0.8873601208944188,0.8813983106117704,0.923076923076923,0.9243697478991597
beatles/beatles_12_Let_It_Be_04_I_Me_Mine/track.npy,beatles,0.24861878453038674,0.43859649122807015,0.24861878453038674,0.17543859649122806,0.593518744497673,0.6757868107753637,0.6405693950177936,0.6588235294117647
beatles/beatles_12_Let_It_Be_10_The_Long_and_Winding_Road/track.npy,beatles,0.9642857142857143,0.9821428571428571,0.9642857142857143,0.9821428571428571,0.8998865522206668,0.8863855427889077,0.9709172259507831,0.9642857142857143
candombe/csic.1995_ansina1_04/track.npy,candombe,0.9968553459119497,0.9875776397515528,0.9968553459119497,0.9875776397515528,0.9768078909768747,0.9767684955185585,0.9984251968503937,0.99375
candombe/csic.1995_ansina2_03/track.npy,candombe,0.9983552631578947,0.9934640522875817,0.9983552631578947,0.9934640522875817,0.9847349709989425,0.9834400217937397,0.9991769547325102,0.9967213114754099
candombe/proyecto.1992_lobo_01/track.npy,candombe,0.9952718676122931,0.9906542056074766,0.9952718676122931,0.9906542056074766,0.9102913061067139,0.9068456357700231,0.9976303317535545,0.9953051643192489
candombe/zavala.muniz.2014_44/track.npy,candombe,1.0,1.0,1.0,1.0,0.942000099383042,0.9406721676455038,1.0,1.0
candombe/zavala.muniz.2014_49/track.npy,candombe,1.0,1.0,1.0,1.0,0.9776243393763094,0.9832810484893304,1.0,1.0
filosax/filosax_25/track.npy,filosax,0.9936858721389108,0.9968454258675079,0.9936858721389108,0.9968454258675079,0.9510444561289728,0.9448874391025476,0.9980260560600078,0.9984202211690364
filosax/filosax_27/track.npy,filosax,0.9899581589958159,0.979933110367893,0.9899581589958159,0.979933110367893,0.9481581345630072,0.9368862941255984,0.9970699037254082,0.9932885906040269
filosax/filosax_28/track.npy,filosax,0.9776902887139107,0.9057591623036649,0.9776902887139107,0.9057591623036649,0.9288059852861378,0.8827248162318547,0.990112063282795,0.9473684210526315
filosax/filosax_38/track.npy,filosax,0.9980430528375733,1.0,0.9980430528375733,1.0,0.9638131629555754,0.9565291975909331,0.9995105237395986,1.0
filosax/filosax_41/track.npy,filosax,0.9939117199391172,0.9820359281437125,0.9939117199391172,0.9820359281437125,0.9295777373504212,0.9154498028048065,0.9923780487804879,0.9848942598187312
filosax/filosax_44/track.npy,filosax,0.9785768936495792,0.9696969696969697,0.9785768936495792,0.9696969696969697,0.939982002045581,0.9233979840774922,0.9891724671307038,0.9846153846153847
groove_midi/drummer10_session1_3_jazz-swing_215_beat_4-4/track.npy,groove_midi,0.5329341317365269,0.391304347826087,0.5329341317365269,0.0,0.8026496923508927,0.4729963668790519,0.861952861952862,0.4307692307692308
groove_midi/drummer10_session1_5_jazz-swing_215_beat_4-4/track.npy,groove_midi,0.9836065573770492,1.0,0.9836065573770492,1.0,0.8914532657470238,0.895577590841642,0.9917808219178081,1.0
groove_midi/drummer1_eval_session_1_funk-groove1_138_beat_4-4/track.npy,groove_midi,0.9811320754716981,0.9285714285714286,0.9811320754716981,0.9285714285714286,0.966536027210925,0.9444762070587773,0.9904761904761905,0.962962962962963
groove_midi/drummer1_session1_183_afrocuban_105_beat_4-4/track.npy,groove_midi,0.9869565217391304,0.9824561403508771,0.9869565217391304,0.9824561403508771,0.9622216500103311,0.9455126426728161,0.9912663755458515,0.9824561403508771
groove_midi/drummer1_session1_38_latin-samba_116_beat_4-4/track.npy,groove_midi,1.0,0.8,1.0,0.8,0.8252745574911329,0.6601102854008555,1.0,0.816326530612245
groove_midi/drummer1_session1_5_jazz-funk_116_beat_4-4/track.npy,groove_midi,0.9893992932862191,0.9714285714285714,0.9893992932862191,0.9714285714285714,0.8726274628874818,0.8760512480939147,0.9946902654867257,0.9857142857142858
groove_midi/drummer1_session1_79_latin-reggaeton_90_beat_4-4/track.npy,groove_midi,0.984,0.7142857142857143,0.984,0.7142857142857143,0.9246562877671664,0.8018840228841457,0.9959839357429718,0.8656716417910447
groove_midi/drummer1_session2_181_rock_115_beat_4-4/track.npy,groove_midi,0.732,0.7419354838709677,0.732,0.7419354838709677,0.8055959270083333,0.7632654405287836,0.8410041841004184,0.7931034482758621
groove_midi/drummer1_session2_4_jazz_120_beat_3-4/track.npy,groove_midi,1.0,0.0,1.0,0.0,0.9338758907542867,0.3097186800811145,1.0,0.27210884353741494
groove_midi/drummer1_session3_11_afrobeat_94_beat_4-4/track.npy,groove_midi,0.3188908145580589,0.4921875,0.3188908145580589,0.4921875,0.606868502496399,0.5230178842545392,0.5960945529290853,0.5550660792951543
groove_midi/drummer1_session3_12_latin-bomba_96_beat_4-4/track.npy,groove_midi,0.9630681818181818,0.9021739130434783,0.9630681818181818,0.9021739130434783,0.9160422024849595,0.8912229380122813,0.98,0.9497206703910613
groove_midi/drummer1_session3_14_rock_94_beat_4-4/track.npy,groove_midi,0.9776674937965261,0.8686868686868687,0.9776674937965261,0.8686868686868687,0.9533327061246241,0.8724828827408402,0.9887359198998747,0.9081632653061225
groove_midi/drummer1_session3_17_afrocuban-calypso_108_beat_4-4/track.npy,groove_midi,0.8722466960352423,0.875,0.8722466960352423,0.875,0.8498107973228444,0.8268403732016245,0.9423728813559322,0.9223744292237444
groove_midi/drummer3_session1_12_rock_120_beat_4-4/track.npy,groove_midi,0.9636363636363636,1.0,0.9636363636363636,1.0,0.8935473064845285,0.9071079424667933,0.9818181818181818,1.0
groove_midi/drummer3_session1_16_jazz_120_beat_4-4/track.npy,groove_midi,0.8205128205128205,0.7647058823529411,0.1,0.7647058823529411,0.7919658546940217,0.8689093236526874,0.7155963302752294,0.9032258064516129
groove_midi/drummer3_session1_5_rock_105_beat_4-4/track.npy,groove_midi,0.9629629629629629,1.0,0.9629629629629629,1.0,0.665933379318492,0.7453501413361048,0.9433962264150944,1.0
groove_midi/drummer3_session2_20_rock_92_beat_4-4/track.npy,groove_midi,1.0,1.0,1.0,1.0,0.809192831981452,0.8389626692736082,1.0,1.0
groove_midi/drummer3_session2_24_rock_92_beat_4-4/track.npy,groove_midi,1.0,0.75,1.0,0.75,0.8579928532766399,0.7576692068704326,1.0,0.9090909090909091
groove_midi/drummer3_session2_2_rock_100_beat_4-4/track.npy,groove_midi,0.0,0.8333333333333334,0.0,0.0,0.0046896099499335545,3.448680460213909e-05,0.0,0.0
groove_midi/drummer5_eval_session_9_soul-groove9_105_beat_4-4/track.npy,groove_midi,1.0,1.0,1.0,1.0,0.927994862031883,0.9081967167854162,1.0,1.0
groove_midi/drummer5_session1_16_rock_136_beat_4-4/track.npy,groove_midi,0.9625748502994012,0.9880952380952381,0.9625748502994012,0.9880952380952381,0.9032417125299859,0.9083534893499616,0.9827197595792637,0.9940119760479043
groove_midi/drummer5_session1_17_blues-shuffle_72_beat_4-4/track.npy,groove_midi,0.061224489795918366,0.7707006369426752,0.061224489795918366,0.025974025974025976,0.5298233818895721,0.669703244528931,0.5663010967098704,0.5836909871244635
groove_midi/drummer5_session1_20_latin-brazilian-baiao_110_beat_4-4/track.npy,groove_midi,0.8728606356968215,0.8725490196078431,0.8728606356968215,0.8725490196078431,0.8431875367387341,0.8670727243579225,0.8897058823529411,0.92
groove_midi/drummer5_session1_5_latin-brazilian-samba_89_beat_4-4/track.npy,groove_midi,0.9949494949494949,0.9797979797979798,0.9949494949494949,0.9797979797979798,0.9450180780152794,0.9488412395644982,0.9987357774968395,0.9949238578680203
groove_midi/drummer5_session2_10_neworleans-funk_102_beat_4-4/track.npy,groove_midi,0.9873015873015873,0.9743589743589743,0.9873015873015873,0.9743589743589743,0.9593762222143417,0.9636752334084848,0.9936305732484076,0.9935483870967742
groove_midi/drummer5_session2_15_latin-venezuelan-joropo_80_beat_4-4/track.npy,groove_midi,0.034653465346534656,0.09090909090909091,0.034653465346534656,0.09090909090909091,0.45820512966740434,0.4615911885521059,0.4573002754820937,0.5
groove_midi/drummer7_eval_session_2_funk-groove2_105_beat_4-4/track.npy,groove_midi,0.9649122807017544,0.9285714285714286,0.9649122807017544,0.9285714285714286,0.9201950603235148,0.9083911286630306,0.9821428571428572,0.962962962962963
groove_midi/drummer7_eval_session_5_funk-groove5_84_beat_4-4/track.npy,groove_midi,0.9827586206896551,1.0,0.9827586206896551,1.0,0.84999808459559,0.8476848397219516,0.9913043478260869,1.0
groove_midi/drummer7_eval_session_7_pop-groove7_138_beat_4-4/track.npy,groove_midi,1.0,1.0,1.0,1.0,0.9632676167318663,0.973367269455015,1.0,1.0
groove_midi/drummer7_session2_103_pop_132_beat_4-4/track.npy,groove_midi,0.968421052631579,0.92,0.968421052631579,0.92,0.9344542625781498,0.9002619533589044,0.983957219251337,0.9583333333333334
groove_midi/drummer7_session2_15_rock_118_beat_4-4/track.npy,groove_midi,0.9907834101382489,0.9818181818181818,0.9907834101382489,0.9818181818181818,0.9515352379090535,0.9453894430201135,0.9953703703703703,0.9908256880733944
groove_midi/drummer7_session3_10_rock_60_beat_4-4/track.npy,groove_midi,0.9895833333333334,0.9583333333333334,0.9895833333333334,0.9583333333333334,0.9412094631497969,0.9184866618507709,0.9947643979057591,0.9787234042553191
groove_midi/drummer7_session3_130_soul_105_beat_4-4/track.npy,groove_midi,1.0,1.0,1.0,1.0,0.6924408476198981,0.6873809858804828,1.0,1.0
groove_midi/drummer7_session3_150_soul_105_beat_4-4/track.npy,groove_midi,1.0,1.0,1.0,1.0,0.8576807494484304,0.8722473083106005,1.0,1.0
groove_midi/drummer7_session3_151_soul_98_beat_4-4/track.npy,groove_midi,1.0,1.0,1.0,1.0,0.9606522381533169,0.9619632478524395,1.0,1.0
groove_midi/drummer7_session3_64_funk_112_beat_4-4/track.npy,groove_midi,0.9473684210526315,0.8666666666666667,0.9473684210526315,0.8666666666666667,0.8081849882563727,0.7584098783894991,0.972972972972973,0.9285714285714286
groove_midi/drummer8_eval_session_1_funk-groove1_138_beat_4-4/track.npy,groove_midi,1.0,1.0,1.0,1.0,0.9375482246822233,0.9475596169042996,1.0,1.0
groove_midi/drummer8_session1_16_afrobeat_90_beat_4-4/track.npy,groove_midi,0.9929078014184397,0.9859154929577465,0.9929078014184397,0.9859154929577465,0.8608031900623383,0.832462939944574,0.9964412811387899,0.9929078014184397
groove_midi/drummer8_session1_1_funk_95_beat_4-4/track.npy,groove_midi,0.9975550122249389,0.9902912621359223,0.9975550122249389,0.9902912621359223,0.9531929883120991,0.9454129636823889,0.9987760097919216,0.9951219512195122
groove_midi/drummer8_session1_28_rock_102_beat_4-4/track.npy,groove_midi,0.9937888198757764,0.975609756097561,0.9937888198757764,0.975609756097561,0.9593870058649673,0.9477172146638794,0.9953343701399688,0.9876543209876543
groove_midi/drummer9_session1_22_rock_120_beat_4-4/track.npy,groove_midi,1.0,1.0,1.0,1.0,0.9609143791007506,0.9646666524592842,1.0,1.0
groove_midi/drummer9_session1_3_rock_100_beat_4-4/track.npy,groove_midi,1.0,1.0,1.0,1.0,0.896881898623227,0.8903023878208149,1.0,1.0
guitarset/00_Jazz2-187-F#_comp_mix/track.npy,guitarset,1.0,1.0,1.0,1.0,0.9461900768969418,0.9451965508844729,1.0,1.0
guitarset/00_Jazz3-137-Eb_comp_mix/track.npy,guitarset,1.0,1.0,1.0,1.0,0.8488056248160019,0.835091896871526,1.0,1.0
guitarset/00_Rock1-90-C#_comp_mix/track.npy,guitarset,0.8636363636363636,0.9090909090909091,0.8636363636363636,0.9090909090909091,0.7898377058627153,0.833819345080037,0.9285714285714285,0.9523809523809523
guitarset/00_SS1-100-C#_comp_mix/track.npy,guitarset,0.9487179487179487,0.7777777777777778,0.9487179487179487,0.7777777777777778,0.950959516115663,0.8951027791648748,0.9870129870129869,0.9411764705882353
guitarset/01_Jazz1-130-D_comp_mix/track.npy,guitarset,1.0,1.0,1.0,1.0,0.9058147351694751,0.8991993308147538,1.0,1.0
guitarset/01_Jazz2-187-F#_comp_mix/track.npy,guitarset,1.0,1.0,1.0,1.0,0.9631693299574314,0.979328745267916,1.0,1.0
guitarset/01_Rock2-85-F_comp_mix/track.npy,guitarset,0.9824561403508771,0.9333333333333333,0.9824561403508771,0.9333333333333333,0.8771149976913052,0.8309014778324311,0.9911504424778761,0.9655172413793104
guitarset/01_SS2-107-Ab_comp_mix/track.npy,guitarset,0.65625,0.9285714285714286,0.65625,0.9285714285714286,0.8164191937194927,0.7980192724175782,0.8403361344537814,0.8148148148148148
guitarset/02_Funk2-108-Eb_comp_mix/track.npy,guitarset,0.9818181818181818,1.0,0.9818181818181818,1.0,0.9377723499258986,0.9451802206096949,0.9908256880733944,1.0
guitarset/02_Funk2-119-G_comp_mix/track.npy,guitarset,0.9818181818181818,1.0,0.9818181818181818,1.0,0.9675116015551889,0.9747079367630479,0.9908256880733944,1.0
guitarset/02_Rock1-130-A_comp_mix/track.npy,guitarset,1.0,1.0,1.0,1.0,0.904425531305559,0.925403418546579,1.0,1.0
guitarset/03_BN2-166-Ab_comp_mix/track.npy,guitarset,1.0,1.0,1.0,1.0,0.9674398366204432,0.9636331048219944,1.0,1.0
guitarset/03_Funk1-114-Ab_comp_mix/track.npy,guitarset,0.7111111111111111,0.9,0.7111111111111111,0.9,0.8891559119751454,0.9131901450902437,0.9156626506024096,0.9473684210526316
guitarset/03_Funk1-97-C_comp_mix/track.npy,guitarset,1.0,1.0,1.0,1.0,0.9738795601397019,0.9812145570368668,1.0,1.0
guitarset/03_Rock3-148-C_comp_mix/track.npy,guitarset,1.0,1.0,1.0,1.0,0.9713727101347638,0.9784308036431911,1.0,1.0
guitarset/03_SS3-84-Bb_comp_mix/track.npy,guitarset,0.9473684210526315,0.8571428571428571,0.9473684210526315,0.8571428571428571,0.8231773187162976,0.7510879066956706,0.9734513274336283,0.9285714285714286
guitarset/04_BN1-129-Eb_comp_mix/track.npy,guitarset,1.0,1.0,1.0,1.0,0.8939664047305147,0.8802951012156235,1.0,1.0
guitarset/04_BN3-154-E_comp_mix/track.npy,guitarset,1.0,1.0,1.0,1.0,0.9594103897816033,0.9688728530263743,1.0,1.0
guitarset/04_Rock3-117-Bb_comp_mix/track.npy,guitarset,1.0,1.0,1.0,1.0,0.95829743645165,0.9687403208227785,1.0,1.0
guitarset/04_Rock3-148-C_comp_mix/track.npy,guitarset,1.0,1.0,1.0,1.0,0.967248954108968,0.9597037162306443,1.0,1.0
guitarset/04_SS1-68-E_comp_mix/track.npy,guitarset,0.8444444444444444,1.0,0.8444444444444444,1.0,0.8247507084030555,0.863307884486211,0.9425287356321839,1.0
guitarset/05_BN2-166-Ab_comp_mix/track.npy,guitarset,1.0,1.0,1.0,1.0,0.9546111993489201,0.9271037451790357,1.0,1.0
guitarset/05_Funk2-119-G_comp_mix/track.npy,guitarset,0.8148148148148148,0.7857142857142857,0.8148148148148148,0.7857142857142857,0.7693611100602921,0.7388651832804888,0.8490566037735849,0.8148148148148148
hainsworth/hainsworth_018/track.npy,hainsworth,1.0,1.0,1.0,1.0,0.9767946716023207,0.976194497976506,1.0,1.0
hainsworth/hainsworth_021/track.npy,hainsworth,1.0,1.0,1.0,1.0,0.9525263245654975,0.9704908713494093,1.0,1.0
hainsworth/hainsworth_037/track.npy,hainsworth,0.9862068965517241,0.972972972972973,0.9862068965517241,0.972972972972973,0.9145528084121062,0.9220549350562105,0.9965397923875432,0.9863013698630138
hainsworth/hainsworth_040/track.npy,hainsworth,0.991304347826087,1.0,0.991304347826087,1.0,0.9827481467914504,0.9871614539458562,0.9956331877729258,1.0
hainsworth/hainsworth_049/track.npy,hainsworth,1.0,0.8823529411764706,1.0,0.8823529411764706,0.9729881027872413,0.9489246202849329,1.0,0.9696969696969697
hainsworth/hainsworth_052/track.npy,hainsworth,1.0,1.0,1.0,1.0,0.9803171461506195,0.9841688366603388,1.0,1.0
hainsworth/hainsworth_061/track.npy,hainsworth,0.8842105263157894,1.0,0.8842105263157894,1.0,0.8990777932525145,0.8819685107846666,0.9304812834224598,0.9130434782608695
hainsworth/hainsworth_063/track.npy,hainsworth,1.0,0.15384615384615385,1.0,0.15384615384615385,0.9221241796493578,0.4292362050933466,1.0,0.4727272727272727
hainsworth/hainsworth_064/track.npy,hainsworth,1.0,1.0,1.0,1.0,0.9750966432159278,0.9791504778140373,1.0,1.0
hainsworth/hainsworth_076/track.npy,hainsworth,0.9859154929577465,0.17647058823529413,0.9859154929577465,0.0,0.9398255563928916,0.14517581737358976,0.9929078014184397,0.0
hainsworth/hainsworth_096/track.npy,hainsworth,1.0,1.0,1.0,1.0,0.9607900904097012,0.9632477104215093,1.0,1.0
hainsworth/hainsworth_100/track.npy,hainsworth,1.0,0.7857142857142857,1.0,0.7857142857142857,0.9671413791033946,0.825341294914608,1.0,0.8363636363636364
hainsworth/hainsworth_106/track.npy,hainsworth,1.0,1.0,1.0,1.0,0.9146300712405072,0.922177812560875,1.0,1.0
hainsworth/hainsworth_107/track.npy,hainsworth,0.5363636363636364,0.46875,0.5363636363636364,0.03125,0.6813709655098353,0.4751878508708282,0.7298578199052131,0.43478260869565216
hainsworth/hainsworth_121/track.npy,hainsworth,0.9285714285714286,0.3157894736842105,0.9285714285714286,0.15789473684210525,0.7270895761083204,0.46946859453261014,0.9428571428571428,0.4864864864864865
hainsworth/hainsworth_122/track.npy,hainsworth,0.6666666666666666,0.3333333333333333,0.6666666666666666,0.3333333333333333,0.3001816395743424,0.3757221922736838,0.5,0.5714285714285715
hainsworth/hainsworth_138/track.npy,hainsworth,0.7870370370370371,0.4074074074074074,0.7870370370370371,0.4074074074074074,0.8656981274580171,0.5468096131067287,0.9073170731707317,0.5714285714285714
hainsworth/hainsworth_143/track.npy,hainsworth,0.9803921568627451,1.0,0.9803921568627451,1.0,0.9490480196406309,0.9601467648689402,0.99009900990099,1.0
hainsworth/hainsworth_158/track.npy,hainsworth,1.0,0.9583333333333334,1.0,0.0,0.9691157143475118,0.4675735997986418,1.0,0.0
hainsworth/hainsworth_167/track.npy,hainsworth,0.6385542168674698,0.6842105263157895,0.21739130434782608,0.17647058823529413,0.8048321610495524,0.7942101472368059,0.7567567567567568,0.7407407407407407
hainsworth/hainsworth_179/track.npy,hainsworth,1.0,1.0,1.0,1.0,0.9837429488538768,0.9884191496949383,1.0,1.0
hainsworth/hainsworth_183/track.npy,hainsworth,1.0,1.0,1.0,1.0,0.9769670495207806,0.9845377917528629,1.0,1.0
hainsworth/hainsworth_187/track.npy,hainsworth,1.0,1.0,1.0,1.0,0.9602664073942093,0.9502425216948979,1.0,1.0
hainsworth/hainsworth_196/track.npy,hainsworth,0.9910714285714286,0.14285714285714285,0.9910714285714286,0.14285714285714285,0.9157360411355157,0.36055439192141847,0.9955156950672646,0.43478260869565216
hainsworth/hainsworth_206/track.npy,hainsworth,0.8620689655172413,0.07142857142857142,0.05405405405405406,0.07142857142857142,0.7973674598023486,0.17269134708079625,0.6745562130177514,0.17142857142857143
hainsworth/hainsworth_223/track.npy,hainsworth,1.0,1.0,1.0,1.0,0.9675745677348737,0.9723772562530184,1.0,1.0
hainsworth/hainsworth_236/track.npy,hainsworth,1.0,1.0,1.0,0.0,0.9859249517255261,0.49037412102504874,1.0,0.0
hainsworth/hainsworth_240/track.npy,hainsworth,0.5857142857142857,0.14285714285714285,0.26126126126126126,0.0,0.7677577394446901,2.4044614251192273e-31,0.7624309392265194,0.0
harmonix/0030_bodymovin/track.npy,harmonix,1.0,0.8805970149253731,1.0,0.8805970149253731,0.8974232496835911,0.8502145812921403,1.0,0.931297709923664
harmonix/0040_bustamove/track.npy,harmonix,0.9921259842519685,0.9921259842519685,0.9921259842519685,0.9921259842519685,0.8995559580693687,0.8944101110418216,0.9950641658440277,0.9960474308300395
harmonix/0049_closer/track.npy,harmonix,1.0,1.0,1.0,1.0,0.9467172073102704,0.9523970987082941,1.0,1.0
harmonix/0055_constantmotion/track.npy,harmonix,0.5349794238683128,0.3939393939393939,0.5349794238683128,0.3939393939393939,0.7809813052764104,0.7116324059023232,0.85248953001396,0.7821011673151751
harmonix/0073_disturbia/track.npy,harmonix,0.9957894736842106,0.9915966386554622,0.9957894736842106,0.9915966386554622,0.9796395887825876,0.9760843545225854,0.9978902953586498,0.9957805907172996
harmonix/0077_dontsweat/track.npy,harmonix,0.9959514170040485,0.9838709677419355,0.9959514170040485,0.9838709677419355,0.948019173295357,0.9583656378336469,0.9979716024340771,0.991869918699187
harmonix/0080_down/track.npy,harmonix,1.0,1.0,1.0,1.0,0.9076397537959326,0.92488606633411,1.0,1.0
harmonix/0081_downonme/track.npy,harmonix,1.0,1.0,1.0,1.0,0.9451834793658009,0.9506954560243912,1.0,1.0
harmonix/0084_dropitlikeitshot/track.npy,harmonix,0.9957627118644068,1.0,0.9957627118644068,1.0,0.9627902304518474,0.9721748298556656,0.9978768577494692,1.0
harmonix/0086_escapade/track.npy,harmonix,0.9925233644859813,0.9701492537313433,0.9925233644859813,0.9701492537313433,0.9526810358990547,0.9433505301769076,0.9962616822429906,0.9887640449438201
harmonix/0091_fellonblackdays/track.npy,harmonix,0.9470198675496688,0.3793103448275862,0.9470198675496688,0.3793103448275862,0.8790108790839137,0.5922882215103678,0.9609810479375697,0.6627906976744184
harmonix/0102_gangstaluv/track.npy,harmonix,1.0,0.47959183673469385,1.0,0.47959183673469385,0.9420326028021555,0.5602052852909056,1.0,0.53125
harmonix/0126_heymami/track.npy,harmonix,1.0,1.0,1.0,1.0,0.9594020927296522,0.9645989841381756,1.0,1.0
harmonix/0129_hotinherre/track.npy,harmonix,0.9647058823529412,0.96875,0.9647058823529412,0.96875,0.944910978044216,0.9627550196702478,0.9724409448818898,0.9841269841269841
harmonix/0158_letitrock/track.npy,harmonix,0.993006993006993,0.9861111111111112,0.993006993006993,0.9861111111111112,0.8927016207775066,0.8732917426681855,0.9964912280701755,0.993006993006993
harmonix/0159_letthemusicplay/track.npy,harmonix,0.9875,0.99,0.9875,0.99,0.9191310741647859,0.9262373280987627,0.9962358845671266,0.9949748743718593
harmonix/0161_limelight/track.npy,harmonix,0.9761029411764706,0.5902777777777778,0.9761029411764706,0.5902777777777778,0.878172662746784,0.7001746106151827,0.9851576994434138,0.7725631768953068
harmonix/0164_low/track.npy,harmonix,0.9939759036144579,1.0,0.9939759036144579,1.0,0.9241566048927855,0.9413298796044144,0.9984917043740573,1.0
harmonix/0191_newslang/track.npy,harmonix,0.9958071278825996,0.6412213740458015,0.9958071278825996,0.6412213740458015,0.9451363198616902,0.7492000498402137,0.9978991596638656,0.7969348659003831
harmonix/0207_oopsohmy/track.npy,harmonix,0.5,0.8586956521739131,0.0,0.0,0.5065484422436601,0.5613400159020775,0.4966216216216216,0.5481481481481482
harmonix/0240_sandstorm/track.npy,harmonix,1.0,0.5466666666666666,1.0,0.5466666666666666,0.924337856323734,0.6382101022028092,1.0,0.6758620689655173
harmonix/0250_sexyandiknowit/track.npy,harmonix,0.9969604863221885,0.7195121951219512,0.9969604863221885,0.7195121951219512,0.9360143773654654,0.6892424137944648,0.9984779299847794,0.7361963190184049
harmonix/0254_sixsixsix/track.npy,harmonix,0.8794642857142857,0.5128205128205128,0.8794642857142857,0.5128205128205128,0.6916170690012385,0.4863219093791727,0.9224865694551037,0.6474358974358975
harmonix/0258_sorry/track.npy,harmonix,0.9633447880870561,0.6470588235294118,0.9633447880870561,0.19243986254295534,0.8822932672402914,0.7055932473852149,0.9739432541980312,0.7158351409978307
harmonix/0261_starships/track.npy,harmonix,1.0,1.0,1.0,1.0,0.9570358732168557,0.9531905901557324,1.0,1.0
harmonix/0265_straightlines/track.npy,harmonix,0.9980506822612085,0.7022900763358778,0.9980506822612085,0.7022900763358778,0.974692030208027,0.8145035039686708,0.9990243902439024,0.8379446640316205
harmonix/0274_temperature/track.npy,harmonix,1.0,0.7857142857142857,1.0,0.7857142857142857,0.9170455912405068,0.7844538676861857,1.0,0.8529411764705883
harmonix/0283_thehumptydance/track.npy,harmonix,0.9925093632958801,1.0,0.9925093632958801,1.0,0.9193579003829476,0.9241191384763306,0.99812382739212,1.0
harmonix/0287_therewasatime/track.npy,harmonix,0.9679595278246206,0.9932885906040269,0.9679595278246206,0.9932885906040269,0.8393925496620946,0.8277656721262807,0.9787955894826122,0.9831649831649831
harmonix/0303_wakeupdead/track.npy,harmonix,0.8348968105065666,0.5895522388059702,0.8348968105065666,0.5895522388059702,0.8180651282864911,0.6190088781025104,0.8525821596244131,0.6556016597510373
harmonix/0315_whygo/track.npy,harmonix,0.9699453551912568,0.9891304347826086,0.9699453551912568,0.9891304347826086,0.910284169288598,0.9335643763439175,0.9754098360655737,0.9836065573770493
harmonix/0341_baggageclaim/track.npy,harmonix,0.9961240310077519,0.9846153846153847,0.9961240310077519,0.9846153846153847,0.9455128164840493,0.918711290919166,0.9980582524271845,0.9922480620155039
harmonix/0343_banjo/track.npy,harmonix,0.9864864864864865,1.0,0.9864864864864865,1.0,0.8967081793408281,0.9012979260735591,0.9931972789115647,1.0
harmonix/0347_bitch/track.npy,harmonix,0.9745547073791349,0.9591836734693877,0.9745547073791349,0.9591836734693877,0.9263743584177333,0.9251083045952698,0.9871134020618557,0.9793814432989691
harmonix/0356_californiagurls/track.npy,harmonix,1.0,1.0,1.0,1.0,0.9693376611725081,0.9626898460917218,1.0,1.0
harmonix/0357_cheers/track.npy,harmonix,0.9871794871794872,1.0,0.9871794871794872,1.0,0.9550202472342793,0.9635449535100017,0.9935691318327974,1.0
harmonix/0362_crazygirl/track.npy,harmonix,0.8615384615384616,0.974025974025974,0.8615384615384616,0.974025974025974,0.9083900601535175,0.9588182211723395,0.9355932203389831,0.9934640522875817
harmonix/0365_dirtroadanthem/track.npy,harmonix,0.7083333333333334,0.6029411764705882,0.7083333333333334,0.6029411764705882,0.8739325228904513,0.7550757017819472,0.9164969450101833,0.7839999999999999
harmonix/0374_drunkonyou/track.npy,harmonix,0.9011857707509882,0.9193548387096774,0.9011857707509882,0.9193548387096774,0.9185079783747441,0.9208031336682451,0.948024948024948,0.9579831932773109
harmonix/0379_et/track.npy,harmonix,0.6230088495575221,0.6312056737588653,0.23060344827586207,0.19658119658119658,0.7392923237687374,0.716816403433988,0.7576974564926372,0.723404255319149
harmonix/0383_feelsoclose/track.npy,harmonix,0.9928909952606635,0.9905660377358491,0.9928909952606635,0.9905660377358491,0.9286658076462025,0.9212688285902586,0.9964328180737217,0.9952606635071091
harmonix/0389_gettinoveryou/track.npy,harmonix,0.9897435897435898,0.95,0.9897435897435898,0.95,0.9757391256465098,0.9640575351730101,0.9948453608247423,0.9847715736040609
harmonix/0406_honeybee/track.npy,harmonix,1.0,1.0,1.0,1.0,0.9295653714988432,0.9287604746594278,1.0,1.0
harmonix/0412_ifitmakesyouhappy/track.npy,harmonix,0.9880382775119617,0.9904761904761905,0.9880382775119617,0.9904761904761905,0.920227460461551,0.9239652536967048,0.9939831528279182,0.9952153110047847
harmonix/0413_ifyoucouldonlysee/track.npy,harmonix,0.9899497487437185,0.9696969696969697,0.9899497487437185,0.9696969696969697,0.890923654479595,0.8736387726763415,0.9949494949494949,0.9847715736040609
harmonix/0418_inthedark/track.npy,harmonix,0.9781659388646288,0.8521739130434782,0.9781659388646288,0.8521739130434782,0.9420021131851971,0.8594782276991836,0.9945115257958288,0.9035087719298245
harmonix/0421_ittakestwo/track.npy,harmonix,0.994750656167979,0.9894736842105263,0.994750656167979,0.9894736842105263,0.9294388065596929,0.9267459556456046,0.9973684210526316,0.9947089947089947
harmonix/0426_justcantgetenough/track.npy,harmonix,0.9342465753424658,0.9565217391304348,0.9342465753424658,0.9565217391304348,0.8982253609568009,0.8938409538852174,0.947802197802198,0.9398907103825138
harmonix/0433_lighters/track.npy,harmonix,0.9954441913439636,1.0,0.9954441913439636,1.0,0.9293077446825603,0.9407694062071329,0.997716894977169,1.0
harmonix/0462_oldalabama/track.npy,harmonix,0.8907849829351536,0.951048951048951,0.8907849829351536,0.951048951048951,0.8997630374980623,0.9206203092539622,0.9275862068965518,0.951048951048951
harmonix/0468_openarms/track.npy,harmonix,0.9936102236421726,0.9904761904761905,0.9936102236421726,0.9904761904761905,0.9445389439358575,0.9538555401310276,0.987220447284345,0.985645933014354
harmonix/0471_paradise/track.npy,harmonix,0.9838187702265372,0.925,0.004893964110929853,0.03896103896103896,0.6753009062611829,0.6639559632258625,0.631236442516269,0.6666666666666666
harmonix/0483_ridinsolo/track.npy,harmonix,0.9865319865319865,0.9733333333333334,0.9865319865319865,0.9733333333333334,0.9712031016714341,0.9699303108561282,0.9949409780775715,0.9932885906040269
harmonix/0490_showme/track.npy,harmonix,0.9956803455723542,1.0,0.9956803455723542,1.0,0.9616740052193564,0.9662370287327339,0.9978354978354979,1.0
harmonix/0507_teenagedream/track.npy,harmonix,0.9908045977011494,0.9908256880733946,0.9908045977011494,0.9908256880733946,0.9801717280975151,0.9820169334187309,0.9953810623556583,0.9953917050691244
harmonix/0508_tennesseeme/track.npy,harmonix,0.9961685823754789,0.676923076923077,0.9961685823754789,0.676923076923077,0.8866411732557157,0.6744060544862676,0.9788867562380038,0.7538461538461538
harmonix/0518_timeaftertime/track.npy,harmonix,0.8954372623574145,0.9465648854961832,0.8954372623574145,0.9465648854961832,0.8794882640306794,0.8873968833746213,0.9666666666666667,0.9725490196078431
harmonix/0532_whistle/track.npy,harmonix,0.9973474801061007,0.9574468085106383,0.9973474801061007,0.9574468085106383,0.9617166785831316,0.9417051572439816,0.99867197875166,0.9787234042553191
harmonix/0536_workout/track.npy,harmonix,0.9971590909090909,0.9886363636363636,0.9971590909090909,0.9886363636363636,0.9424026895675154,0.9311127184666719,0.9971590909090909,0.9942857142857142
harmonix/0548_2getherextended/track.npy,harmonix,0.9961977186311787,0.8535353535353535,0.9961977186311787,0.8535353535353535,0.9755936636322375,0.8616141163375634,0.9980952380952381,0.8810126582278481
harmonix/0551_accordingtoyou/track.npy,harmonix,0.975609756097561,0.9711538461538461,0.975609756097561,0.9711538461538461,0.9612289808310716,0.9673998907633324,0.9779951100244498,0.9805825242718447
harmonix/0552_addicted/track.npy,harmonix,0.907258064516129,0.873015873015873,0.04631578947368421,0.059322033898305086,0.8023838972145053,0.7986322581582417,0.6832641770401107,0.6850828729281769
harmonix/0558_allnightlong/track.npy,harmonix,0.9954337899543378,0.990909090909091,0.9954337899543378,0.990909090909091,0.9213768996145065,0.9213143425202112,0.9954337899543378,0.995433789954338
harmonix/0573_babyludacris/track.npy,harmonix,0.9931972789115646,1.0,0.9931972789115646,1.0,0.9747529144345856,0.9787616378788571,0.9965870307167235,1.0
harmonix/0582_beautifulday/track.npy,harmonix,0.9659735349716446,0.9849624060150376,0.9659735349716446,0.9849624060150376,0.9367879995849733,0.9337481996118708,0.972407231208373,0.9772727272727273
harmonix/0587_bedrock/track.npy,harmonix,0.997134670487106,0.9318181818181818,0.997134670487106,0.9318181818181818,0.981552601645588,0.9624225414775275,0.9985652797704447,0.9828571428571428
harmonix/0591_biggirlsdontcry/track.npy,harmonix,0.9956803455723542,0.9826086956521739,0.9956803455723542,0.9826086956521739,0.961735703748936,0.9583390938818799,0.9989189189189189,0.9956331877729258
harmonix/0594_bleedinglove/track.npy,harmonix,0.9873737373737373,0.98989898989899,0.9873737373737373,0.98989898989899,0.8301405584045073,0.838670788821826,0.9785082174462705,0.9746192893401016
harmonix/0598_boomboompow/track.npy,harmonix,0.995260663507109,1.0,0.995260663507109,1.0,0.9466224362212545,0.9536196478431347,0.997624703087886,1.0
harmonix/0600_breakeven/track.npy,harmonix,0.974937343358396,0.98,0.974937343358396,0.98,0.9591790711380327,0.9558991350160254,0.9873096446700507,0.98989898989899
harmonix/0610_castle/track.npy,harmonix,0.9737903225806451,0.9838709677419355,0.9737903225806451,0.9838709677419355,0.9355509560264372,0.9339789324527349,0.983739837398374,0.983739837398374
harmonix/0615_circus/track.npy,harmonix,1.0,1.0,1.0,1.0,0.9555057307279118,0.957241237953805,1.0,1.0
harmonix/0627_cowboyboots/track.npy,harmonix,0.7073863636363636,0.7195121951219512,0.7073863636363636,0.7195121951219512,0.6966838234676198,0.6697661715968894,0.8847926267281107,0.8280254777070064
harmonix/0628_crankthatsouljaboy/track.npy,harmonix,0.996039603960396,0.9920634920634921,0.0,0.0,0.8017129138529273,0.8040654650312886,0.665785997357992,0.6666666666666666
harmonix/0633_dancingmachine/track.npy,harmonix,0.9781420765027322,0.989010989010989,0.9781420765027322,0.989010989010989,0.9354044918706599,0.9487461717121475,0.9917582417582417,0.994475138121547
harmonix/0634_dangerous/track.npy,harmonix,0.9886363636363636,0.990909090909091,0.9886363636363636,0.990909090909091,0.9790573119296896,0.9809229448365316,0.9942857142857142,0.995433789954338
harmonix/0638_deadandgone/track.npy,harmonix,0.8035714285714286,0.8115942028985508,0.8035714285714286,0.8115942028985508,0.9069922924980618,0.8996437431363637,0.9383177570093457,0.9323308270676692
harmonix/0648_donttrustme/track.npy,harmonix,0.9950980392156863,0.9902912621359223,0.9950980392156863,0.9902912621359223,0.9037413231587389,0.9046167018416649,0.9975429975429976,0.9951219512195122
harmonix/0657_enursbonfire/track.npy,harmonix,0.988795518207283,0.9775280898876404,0.988795518207283,0.9775280898876404,0.9513733281245431,0.9375933879895255,0.9943820224719101,0.9887640449438202
harmonix/0660_everymorning/track.npy,harmonix,0.9917627677100495,0.9013157894736842,0.9917627677100495,0.9013157894736842,0.9613213914987367,0.9109941483079874,0.9958711808422791,0.9438943894389439
harmonix/0664_eyesextendedmix/track.npy,harmonix,0.9987730061349693,0.9215686274509803,0.9987730061349693,0.9215686274509803,0.933795478000302,0.8720276304024531,0.9993861264579497,0.935960591133005
harmonix/0683_foreverextendedmix/track.npy,harmonix,1.0,1.0,1.0,1.0,0.9860437920578374,0.9881415099794514,1.0,1.0
harmonix/0692_giveyourheartabreakdos/track.npy,harmonix,1.0,1.0,1.0,1.0,0.9611364826437342,0.9582447590654982,1.0,1.0
harmonix/0693_gold/track.npy,harmonix,0.9970501474926253,0.9529411764705882,0.9970501474926253,0.9529411764705882,0.954903980720154,0.9228671279482009,0.9985228951255538,0.9704142011834319
harmonix/0699_gotmoney/track.npy,harmonix,0.9784615384615385,0.5402298850574713,0.9784615384615385,0.1724137931034483,0.9543938972182364,0.4910962406311735,0.9891135303265941,0.31137724550898205
harmonix/0701_gottabeyou/track.npy,harmonix,0.7795031055900621,0.8625,0.7795031055900621,0.8625,0.7926870305582283,0.7903736675834896,0.8229665071770336,0.8205128205128205
harmonix/0726_hotplay/track.npy,harmonix,0.9920634920634921,0.8968253968253969,0.9920634920634921,0.8968253968253969,0.9484322515192055,0.8626376308734663,0.9940357852882704,0.9163346613545816
harmonix/0732_idontwannabeinlove/track.npy,harmonix,0.9934354485776805,1.0,0.9934354485776805,1.0,0.9804998888357126,0.9811648581662487,0.9967069154774972,1.0
harmonix/0745_immabewolf/track.npy,harmonix,0.9864661654135338,0.9879518072289156,0.9864661654135338,0.9879518072289156,0.6666188137507493,0.6634778889017278,0.9932177844762622,0.9939759036144579
harmonix/0750_ineedyourlove/track.npy,harmonix,0.9765957446808511,0.9829059829059829,0.9765957446808511,0.9829059829059829,0.9666444717921784,0.9723916781488947,0.985042735042735,0.9914529914529915
harmonix/0765_jimmyiovine/track.npy,harmonix,0.6573913043478261,0.6013986013986014,0.1979381443298969,0.21008403361344538,0.7751130395669068,0.7606015349801812,0.7373868046571799,0.7225130890052356
harmonix/0767_justfine/track.npy,harmonix,0.9979123173277662,1.0,0.9979123173277662,1.0,0.9785735826153429,0.9786576834012912,0.9989550679205852,1.0
harmonix/0774_knockyoudown/track.npy,harmonix,0.6613418530351438,0.6923076923076923,0.6613418530351438,0.6923076923076923,0.8101268580612992,0.8165403345939576,0.9027777777777778,0.9166666666666666
harmonix/0778_letitrock/track.npy,harmonix,0.9882352941176471,0.9714285714285714,0.9882352941176471,0.9714285714285714,0.8912628518458263,0.8873002945048314,0.9917159763313609,0.9809523809523809
harmonix/0786_livelikeweredying/track.npy,harmonix,0.9744408945686901,0.9746835443037974,0.9744408945686901,0.9746835443037974,0.9527442969881516,0.9562962456702278,0.9870550161812297,0.9871794871794872
harmonix/0789_livingroom/track.npy,harmonix,0.9273927392739274,0.9342105263157895,0.9273927392739274,0.9342105263157895,0.8690358268139929,0.8422839635573122,0.9353233830845772,0.913907284768212
harmonix/0792_lovedrunk/track.npy,harmonix,0.9844054580896686,0.9922480620155039,0.9844054580896686,0.9922480620155039,0.9492177794207488,0.9387651150599579,0.9921875,0.9961089494163424
harmonix/0821_myfeelingsforyou/track.npy,harmonix,0.9923195084485407,0.8253012048192772,0.9923195084485407,0.8253012048192772,0.8961937606306182,0.7821132615017939,0.9961568024596464,0.8632218844984803
harmonix/0828_neoncathedral/track.npy,harmonix,0.9859943977591037,0.9775280898876404,0.9859943977591037,0.9775280898876404,0.8951612819719386,0.8957284022161668,0.9929676511954995,0.9943502824858756
harmonix/0829_nevertoolate/track.npy,harmonix,0.7589928057553957,0.7428571428571429,0.13306451612903225,0.12903225806451613,0.8155873205939963,0.8087041825640642,0.718346253229974,0.7113402061855669
harmonix/0832_noone/track.npy,harmonix,1.0,1.0,1.0,1.0,0.9846609408779388,0.9830891146153876,1.0,1.0
harmonix/0836_notmyselftonight/track.npy,harmonix,0.9794050343249427,1.0,0.9794050343249427,1.0,0.8871955250807353,0.9024402787193344,0.9942462600690449,1.0
harmonix/0838_nowimallmessedup/track.npy,harmonix,0.9933554817275747,0.7397260273972602,0.9933554817275747,0.7397260273972602,0.9472553104828876,0.7908697781584344,0.9983361064891847,0.8194444444444445
harmonix/0862_pleasedontleaveme/track.npy,harmonix,0.996078431372549,0.43455497382198954,0.996078431372549,0.43455497382198954,0.9816184262824528,0.5678013027201295,0.9980353634577603,0.5185185185185186
harmonix/0863_pleasedontleavemedigi/track.npy,harmonix,0.9881889763779528,0.9921259842519685,0.9881889763779528,0.9921259842519685,0.9720361673445735,0.971367458964963,0.9940711462450593,0.9921259842519685
harmonix/0869_raiseyourweapon/track.npy,harmonix,0.48717948717948717,0.5708661417322834,0.48717948717948717,0.5708661417322834,0.6857393283804165,0.715329314949907,0.7812329514457175,0.8008752735229758
harmonix/0919_stereolove/track.npy,harmonix,0.9670542635658915,0.9765625,0.9670542635658915,0.9765625,0.7883185090318943,0.7886451849158054,0.983284169124877,0.9881422924901185
harmonix/0928_takeabow/track.npy,harmonix,0.8489932885906041,0.8766519823788547,0.8489932885906041,0.8766519823788547,0.6867694598303721,0.6960217360182784,0.9072512647554806,0.8953229398663698
harmonix/0934_teenagedreamkaskade/track.npy,harmonix,1.0,1.0,1.0,1.0,0.9790557145654556,0.9793656503284136,1.0,1.0
harmonix/0971_whatayawantfromme/track.npy,harmonix,0.993993993993994,1.0,0.993993993993994,1.0,0.9307614684756189,0.9499126679333233,0.996996996996997,1.0
harmonix/0975_whathappensinvegas/track.npy,harmonix,0.9970845481049563,0.7888888888888889,0.9970845481049563,0.7888888888888889,0.8943197816153681,0.7630851279597594,0.9985401459854015,0.8522727272727274
harmonix/0988_withyoukovas/track.npy,harmonix,0.9984802431610942,0.975609756097561,0.9984802431610942,0.975609756097561,0.970391132396781,0.9563037683359047,0.9992395437262357,0.9847094801223242
harmonix/0993_youandidanny/track.npy,harmonix,0.9908906882591093,0.9919354838709677,0.9908906882591093,0.9919354838709677,0.9773959155967045,0.9793656046759799,0.9944247339077548,0.9959514170040485
harmonix/0995_youfoundme/track.npy,harmonix,0.6005665722379604,0.5977011494252874,0.6005665722379604,0.5977011494252874,0.7699280660188537,0.7747794366616497,0.8881889763779527,0.8917197452229298
hjdb/hjdb_6_Million_Ways_To_Die_(DJ_Hype_Remix)/track.npy,hjdb,0.9931972789115646,1.0,0.9931972789115646,1.0,0.9780728254868055,0.9792252450399117,0.9965870307167235,1.0
hjdb/hjdb_A_Musical_Box/track.npy,hjdb,1.0,1.0,1.0,1.0,0.9831807668777215,0.9823415354724497,1.0,1.0
hjdb/hjdb_Aftershock/track.npy,hjdb,1.0,1.0,1.0,1.0,0.9771357684674097,0.9674431778904291,1.0,1.0
hjdb/hjdb_Beyond_Bass/track.npy,hjdb,1.0,1.0,1.0,1.0,0.9851266003711031,0.9886853086800925,1.0,1.0
hjdb/hjdb_Cookin_Up_Yah_Brain/track.npy,hjdb,1.0,1.0,1.0,1.0,0.9793131097381234,0.9787399546929524,1.0,1.0
hjdb/hjdb_Crackman_The_Return_(DJ_Ron_Remix)/track.npy,hjdb,0.9649122807017544,1.0,0.9649122807017544,1.0,0.9539312709076053,0.9616184553366244,0.9821428571428572,1.0
hjdb/hjdb_Damage/track.npy,hjdb,1.0,1.0,1.0,1.0,0.9706529798480533,0.9743008696364932,1.0,1.0
hjdb/hjdb_Dark_Angel/track.npy,hjdb,1.0,1.0,1.0,1.0,0.9825110219436852,0.9837364195999242,1.0,1.0
hjdb/hjdb_Enticer/track.npy,hjdb,1.0,1.0,1.0,1.0,0.9828987811117113,0.9823595243237356,1.0,1.0
hjdb/hjdb_Feel_(Feel_Good)/track.npy,hjdb,1.0,1.0,1.0,1.0,0.9829242885513432,0.9918775990694647,1.0,1.0
hjdb/hjdb_Ghetto_People/track.npy,hjdb,1.0,1.0,1.0,1.0,0.9828233747824384,0.9862412859545647,1.0,1.0
hjdb/hjdb_Ghetto_People_(Remix)/track.npy,hjdb,1.0,1.0,1.0,1.0,0.9792800671909229,0.9855826362231133,1.0,1.0
hjdb/hjdb_I_Wanna_Be_Your_Lover/track.npy,hjdb,0.775,1.0,0.775,1.0,0.7717485449432036,0.7880062398988622,0.7875,0.8000000000000002
hjdb/hjdb_Music/track.npy,hjdb,1.0,1.0,1.0,1.0,0.9851122847963062,0.9870036394745367,1.0,1.0
hjdb/hjdb_New_Direction/track.npy,hjdb,1.0,1.0,1.0,1.0,0.9809310547951554,0.9820108301719894,1.0,1.0
hjdb/hjdb_Nightmare_Walking/track.npy,hjdb,1.0,1.0,1.0,1.0,0.9544617625777764,0.9548724701160565,1.0,1.0
hjdb/hjdb_Open_Secrets/track.npy,hjdb,1.0,1.0,1.0,1.0,0.9751436346565451,0.9719634106477647,1.0,1.0
hjdb/hjdb_R_Yeah/track.npy,hjdb,1.0,1.0,1.0,1.0,0.9861593353379363,0.9920350388430549,1.0,1.0
hjdb/hjdb_Re-Baptised_By_Dub_(Selectors_Revenge)/track.npy,hjdb,1.0,1.0,1.0,1.0,0.9847309243631541,0.9848600970293524,1.0,1.0
hjdb/hjdb_Right_Before_My_Eyes/track.npy,hjdb,0.9827586206896551,1.0,0.9827586206896551,1.0,0.9702855808135387,0.9785603684509159,0.9913043478260869,1.0
hjdb/hjdb_Special_Request/track.npy,hjdb,0.994413407821229,1.0,0.994413407821229,1.0,0.9762939378076749,0.9804790245419446,0.9971988795518207,1.0
hjdb/hjdb_Sweet_Sensation_(12_Mix)/track.npy,hjdb,1.0,1.0,1.0,1.0,0.9826213988649787,0.9797053526578963,1.0,1.0
hjdb/hjdb_The_End_(Alternative_Version)/track.npy,hjdb,1.0,1.0,1.0,1.0,0.9749836485574231,0.979254240909313,1.0,1.0
hjdb/hjdb_The_Helicopter_Tune/track.npy,hjdb,0.994413407821229,1.0,0.994413407821229,1.0,0.9813537943544002,0.9836672663118725,0.9971988795518207,1.0
hjdb/hjdb_This_Way/track.npy,hjdb,0.4631578947368421,0.9230769230769231,0.3142857142857143,0.9230769230769231,0.785059985466772,0.942036713735856,0.7627118644067797,0.9600000000000001
hjdb/hjdb_Time_Bomb/track.npy,hjdb,1.0,0.85,1.0,0.85,0.9597051409586558,0.8896459787051435,1.0,0.9230769230769231
hjdb/hjdb_Time_Bomb_(Remix)/track.npy,hjdb,1.0,1.0,1.0,1.0,0.9761703153883353,0.9848852521146896,1.0,1.0
hjdb/hjdb_Touch_Somebody/track.npy,hjdb,1.0,1.0,1.0,1.0,0.9796546294131955,0.9639027493355705,1.0,1.0
hjdb/hjdb_Twisted/track.npy,hjdb,0.975609756097561,1.0,0.975609756097561,1.0,0.97117433608635,0.9854885399120571,0.9876543209876543,1.0
jaah/jaah_003-louis_armstrong_and_his_hot_seven-big_butter_and_egg_man_from_the_west/track.npy,jaah,0.9634782608695652,0.6805555555555556,0.9634782608695652,0.6805555555555556,0.9454814350891725,0.8280201464069523,0.983435047951177,0.8592592592592592
jaah/jaah_023-dexter_gordon-dexter_rides_again/track.npy,jaah,0.9968992248062015,0.9212121212121213,0.9968992248062015,0.9212121212121213,0.9770556125638707,0.9396362419662696,0.998447204968944,0.9570552147239264
jaah/jaah_025-django_reinhardt-dinah/track.npy,jaah,0.9735349716446124,0.9117647058823529,0.9735349716446124,0.9117647058823529,0.9601417884562861,0.9316702282692314,0.9895536562203229,0.9588014981273407
jaah/jaah_026-fats_waller_and_his_rhythm-dinah/track.npy,jaah,0.9910044977511244,0.8562874251497006,0.9910044977511244,0.8562874251497006,0.9728868805798245,0.8699865640228988,0.9977494373593397,0.8948948948948949
jaah/jaah_027-red_nichols_his_five_pennies-dinah/track.npy,jaah,0.9925187032418953,0.9696969696969697,0.9925187032418953,0.9696969696969697,0.9618925098049338,0.9405909062299052,0.9962453066332916,0.9797979797979798
jaah/jaah_043-eddie_lang_lonnie_johnson-a_handful_of_riffs/track.npy,jaah,0.9884559884559885,0.8323699421965318,0.9884559884559885,0.8323699421965318,0.9719404051499103,0.851600100345969,0.9949312092686459,0.8753623188405797
jaah/jaah_047-meade_lux_lewis-honky_tonk_train_blues/track.npy,jaah,0.9528688524590164,0.46835443037974683,0.9528688524590164,0.3125,0.8529041922053195,0.6845356778647915,0.9814049586776861,0.7525423728813561
jaah/jaah_055-bunks_brass_band-in_gloryland/track.npy,jaah,0.947098976109215,0.684931506849315,0.947098976109215,0.684931506849315,0.950417827292919,0.8558628869361138,0.9844559585492227,0.8937728937728938
jaah/jaah_057-duke_ellington_and_his_orchestra-isfahan/track.npy,jaah,0.9110169491525424,0.4745762711864407,0.9110169491525424,0.4745762711864407,0.8096561950898498,0.5147643059169394,0.9137931034482759,0.5982905982905983
jaah/jaah_069-quintette_du_hot_club_de_france-minor_swing/track.npy,jaah,0.9936204146730463,0.9320987654320988,0.9936204146730463,0.9320987654320988,0.746319012593493,0.7440032205250994,0.9968051118210862,0.9811320754716981
jaah/jaah_078-count_basie_and_his_orchestra-one_oclock_jump/track.npy,jaah,0.9959758551307847,1.0,0.9959758551307847,1.0,0.789542728525997,0.7733647003213133,0.9979879275653923,1.0
jaah/jaah_087-frankie_trumbauer_and_his_orchestra-singin_the_blues_til_my_daddy_comes_home/track.npy,jaah,0.841025641025641,0.9494949494949495,0.841025641025641,0.9494949494949495,0.5283291483942809,0.5069153443917838,0.8071979434447301,0.7755102040816326
jaah/jaah_091-louis_armstrong_and_his_hot_five-struttin_with_some_barbecue/track.npy,jaah,0.8202846975088968,0.6524822695035462,0.8202846975088968,0.6524822695035462,0.9035358771369404,0.6624637882085173,0.9481481481481481,0.6962962962962963
jaah/jaah_098-coleman_hawkins_quartet-the_man_i_love/track.npy,jaah,0.9913710450623202,0.95,0.9913710450623202,0.95,0.9425441710020493,0.9286572038190638,0.9966394623139704,0.9844961240310077
jaah/jaah_105-louis_armstrong_earl_hines-weather_bird/track.npy,jaah,0.8831168831168831,0.9202898550724637,0.8831168831168831,0.9202898550724637,0.8301732523989414,0.8078936490340325,0.9686013320647002,0.9548872180451127
rwc/rwc_classical_CD1_01/track.npy,rwc_classical,0.3390918065153011,0.43867243867243866,0.3390918065153011,0.19290465631929046,0.6278950384327958,0.6107806153943152,0.75097862089732,0.6967418546365914
rwc/rwc_classical_CD1_02/track.npy,rwc_classical,0.3848190644307149,0.3670886075949367,0.3703233988585923,0.3670886075949367,0.668225382509894,0.5755870052399468,0.7940959409594097,0.6844207723035951
rwc/rwc_classical_CD3_03/track.npy,rwc_classical,0.44423791821561337,0.29182156133828996,0.44423791821561337,0.29182156133828996,0.6596353490766899,0.519239512791208,0.7889125799573561,0.6395348837209303
rwc/rwc_classical_CD3_07/track.npy,rwc_classical,0.1254632080465855,0.4031746031746032,0.1254632080465855,0.13990461049284578,0.4979779069619877,0.5412823571213853,0.579102281089036,0.5793397231096912
rwc/rwc_classical_CD4_02/track.npy,rwc_classical,0.5108412836079792,0.5104895104895105,0.23900789177001128,0.5104895104895105,0.6404306182607689,0.529398713540857,0.6871584699453552,0.608849557522124
rwc/rwc_classical_CD5_09/track.npy,rwc_classical,0.014423076923076924,0.7482014388489209,0.007220216606498195,0.7482014388489209,0.39333416483607325,0.6624417614366511,0.4369900271985494,0.7509025270758124
rwc/rwc_classical_CD5_11/track.npy,rwc_classical,0.9788359788359788,0.96875,0.9788359788359788,0.96875,0.9384613633989753,0.9630278482119281,0.986737400530504,0.9921259842519685
rwc/rwc_classical_CD6_10/track.npy,rwc_classical,0.4511627906976744,0.3137254901960784,0.4511627906976744,0.3137254901960784,0.5526728699091432,0.39630824087398914,0.7465940054495913,0.5490196078431373
rwc/rwc_jazz_CD1_03/track.npy,rwc_jazz,0.3205574912891986,0.5128205128205128,0.3205574912891986,0.5128205128205128,0.39604025356250705,0.1867703971256785,0.4636015325670498,0.21645021645021645
rwc/rwc_jazz_CD1_06/track.npy,rwc_jazz,0.9554455445544554,0.9207920792079208,0.9554455445544554,0.9207920792079208,0.8008520194723121,0.7916887330617064,0.9253731343283582,0.9191919191919191
rwc/rwc_jazz_CD1_13/track.npy,rwc_jazz,0.6813186813186813,0.8166666666666667,0.6813186813186813,0.8166666666666667,0.6393653973515593,0.6387550951735333,0.7734487734487734,0.7499999999999999
rwc/rwc_jazz_CD4_04/track.npy,rwc_jazz,0.992,0.968421052631579,0.992,0.968421052631579,0.9159132799133181,0.9023025755193463,0.9933065595716198,0.9787234042553192
rwc/rwc_jazz_CD4_05/track.npy,rwc_jazz,0.6643598615916955,0.726890756302521,0.6643598615916955,0.726890756302521,0.6914325523785624,0.7027608787868622,0.8690702087286527,0.8835164835164835
rwc/rwc_jazz_CD4_06/track.npy,rwc_jazz,0.730829420970266,0.6158730158730159,0.730829420970266,0.6158730158730159,0.6289217427633655,0.5717789634522344,0.7555205047318613,0.6931637519872814
rwc/rwc_popular_CD2_15/track.npy,rwc_popular,0.9519230769230769,0.9689922480620154,0.9519230769230769,0.9689922480620154,0.9283687143477509,0.9345728238598955,0.9623915139826422,0.9727626459143969
rwc/rwc_popular_CD3_04/track.npy,rwc_popular,0.8581871345029239,0.9710982658959537,0.8581871345029239,0.9710982658959537,0.7520759784464804,0.7397983042398203,0.8674521354933726,0.8596491228070176
rwc/rwc_popular_CD3_14/track.npy,rwc_popular,0.884393063583815,0.9846153846153847,0.884393063583815,0.9846153846153847,0.9471270139483462,0.972655494614297,0.9702380952380953,0.9961389961389961
rwc/rwc_popular_CD4_05/track.npy,rwc_popular,0.9977973568281938,0.9912280701754386,0.9977973568281938,0.9912280701754386,0.9813493729928393,0.973011609265944,0.9955947136563876,0.9955947136563876
rwc/rwc_popular_CD4_09/track.npy,rwc_popular,0.9628378378378378,0.918918918918919,0.9628378378378378,0.918918918918919,0.9208834344972899,0.9211217470059369,0.9693877551020408,0.9523809523809523
rwc/rwc_popular_CD4_16/track.npy,rwc_popular,0.9892241379310345,1.0,0.9892241379310345,1.0,0.9638983829403261,0.9645434627364319,0.9956709956709957,1.0
rwc/rwc_popular_CD5_06/track.npy,rwc_popular,0.9899497487437185,0.98989898989899,0.9899497487437185,0.98989898989899,0.9625792929437109,0.9529507719108916,0.9937106918238994,0.98989898989899
rwc/rwc_popular_CD5_12/track.npy,rwc_popular,0.9718875502008032,0.9206349206349206,0.9718875502008032,0.9206349206349206,0.8718104910886445,0.8320614045309039,0.9818913480885312,0.944
rwc/rwc_popular_CD5_16/track.npy,rwc_popular,0.9856115107913669,0.8714285714285714,0.9856115107913669,0.8714285714285714,0.9581770951829714,0.8838703450825842,0.9927536231884058,0.9130434782608695
rwc/rwc_popular_CD6_01/track.npy,rwc_popular,0.9939393939393939,1.0,0.9939393939393939,1.0,0.9784550706744839,0.9813682882182198,0.9984825493171471,1.0
rwc/rwc_popular_CD7_03/track.npy,rwc_popular,0.989159891598916,1.0,0.989159891598916,1.0,0.9656007168269862,0.9661425195096137,0.9945504087193461,1.0
rwc/rwc_popular_CD7_06/track.npy,rwc_popular,0.9966044142614601,1.0,0.9966044142614601,1.0,0.9762447277534559,0.9732246349161839,0.9982993197278911,1.0
rwc/rwc_popular_CD7_09/track.npy,rwc_popular,0.9807692307692307,0.8461538461538461,0.9807692307692307,0.8461538461538461,0.8275446672191044,0.7494324648748741,0.9847856154910097,0.8729281767955802
rwc/rwc_royalty-free_CD1_04/track.npy,rwc_royalty-free,0.9712230215827338,0.8571428571428571,0.9712230215827338,0.8571428571428571,0.4934969396607088,0.46121573518048214,0.888086642599278,0.7941176470588236
rwc/rwc_royalty-free_CD1_13/track.npy,rwc_royalty-free,0.9603174603174603,0.9761904761904762,0.9603174603174603,0.9761904761904762,0.9175725357857865,0.9238815248438863,0.9797570850202428,0.9879518072289156
simac/simac_A_vida_me_fez_assim_01-Acalanto/track.npy,simac,1.0,0.0,1.0,0.0,0.8813720894861045,0.0,1.0,0.0
simac/simac_Albedo_0.39_01-Pulstar/track.npy,simac,0.8,0.0,0.06451612903225806,0.0,0.6269825427920488,0.0,0.608695652173913,0.0
simac/simac_Alfagamabetizado_06-Tour/track.npy,simac,1.0,0.0,1.0,0.0,0.8822966013427412,0.0,1.0,0.0
simac/simac_Amber_04-Slip/track.npy,simac,0.0,0.0,0.0,0.0,2.975288388307025e-06,0.0,0.0,0.0
simac/simac_Amber_11-Teartear/track.npy,simac,0.9459459459459459,0.0,0.0,0.0,0.7844344935466481,0.0,0.6545454545454545,0.0
simac/simac_As_time_goes_by_disk_2_02-Ive_got_five_dollars/track.npy,simac,0.9,0.0,0.9,0.0,0.8137948784776532,0.0,0.9333333333333333,0.0
simac/simac_As_time_goes_by_disk_3_08-Have_you_et_Miss_Jones/track.npy,simac,0.8275862068965517,0.0,0.8275862068965517,0.0,0.6158957260251278,0.0,0.7547169811320755,0.0
simac/simac_BACH_WTC_06-Prelude_and_Fugue_No._3_in_C-sharp_major_BWV_872_-_2._Fuga/track.npy,simac,0.875,0.0,0.875,0.0,0.9013774167816744,0.0,0.9333333333333333,0.0
simac/simac_Bach_Bach_-_Cello_suite_1_G_-_01_Prelude/track.npy,simac,0.8125,0.0,0.8125,0.0,0.5819396604773102,0.0,0.8813559322033898,0.0
simac/simac_Bach_The_Well-Tempered_Clavier_II_(Disc_1)_18-Prelude_and_Fugue_No._9_in_E_major_BWV_878_-_2._Fuga/track.npy,simac,0.9615384615384616,0.0,0.9615384615384616,0.0,0.9443867338510168,0.0,0.9803921568627451,0.0
simac/simac_Bach_The_Well-Tempered_Clavier_II_(Disc_2)_04-Prelude_and_Fugue_No._14_F-sharp_minor_BWV_883_-_2._Fuga/track.npy,simac,0.9629629629629629,0.0,0.9629629629629629,0.0,0.947000146190791,0.0,0.9811320754716981,0.0
simac/simac_Bach_The_Well-Tempered_Clavier_II_(Disc_2)_13-Prelude_and_Fugue_No._19_A_major_BWV_888_-_1._Praeludium/track.npy,simac,0.9259259259259259,0.0,0.9259259259259259,0.0,0.8734925170523433,0.0,0.9615384615384615,0.0
simac/simac_Bach_The_Well-Tempered_Clavier_II_(Disc_2)_16-Prelude_and_Fugue_No._20_A_minor_BWV_889_-_2._Fuga/track.npy,simac,0.9523809523809523,0.0,0.9523809523809523,0.0,0.8296867976033279,0.0,0.975609756097561,0.0
simac/simac_Bach_The_Well-Tempered_Clavier_II_(Disc_2)_20-Prelude_and_Fugue_No._22_B-flat_minor_BWV_891_-_2._Fuga/track.npy,simac,0.9583333333333334,0.0,0.0,0.0,0.4810926638569039,0.0,0.0,0.0
simac/simac_Bach_The_Well-Tempered_Clavier_II_(Disc_2)_23-Prelude_and_Fugue_No._24_B_minor_BWV_893_-_1._Praeludium/track.npy,simac,0.8333333333333334,0.0,0.8333333333333334,0.0,0.7627190225997591,0.0,0.851063829787234,0.0
simac/simac_Beethoven_-_The_String_Quartets_#1_04-F_major_op._18_no._1_-_Allegro/track.npy,simac,0.7297297297297297,0.0,0.7297297297297297,0.0,0.7558439006400378,0.0,0.8450704225352113,0.0
simac/simac_Beethoven_-_The_String_Quartets_#1_10-D_major_op._18_no._3_-_Andante_con_moto/track.npy,simac,0.9,0.0,0.9,0.0,0.7464365283194803,0.0,0.9230769230769231,0.0
simac/simac_Bela_Bartok_01-The_Miraculous_Mandarin_1.1_Allegro_1.2_Curtain/track.npy,simac,0.16666666666666666,0.0,0.0,0.0,0.24513874834971094,0.0,0.29411764705882354,0.0
simac/simac_Billie_Holiday_CD1_09-Lets_call_a_heart_to_heart/track.npy,simac,0.8928571428571429,0.0,0.8928571428571429,0.0,0.7437727423904162,0.0,0.9433962264150945,0.0
simac/simac_Billie_Holiday_CD1_14-Loverman/track.npy,simac,0.8,0.0,0.8,0.0,0.5374036862648955,0.0,0.7777777777777777,0.0
simac/simac_Cafe_Zimmermann_04-Concerto_pour_deux_violons_&_cordes_en_r_mineur_BWV_1043_-_Largo_ma_non_tanto/track.npy,simac,0.7307692307692307,0.0,0.7307692307692307,0.0,0.6817076510834944,0.0,0.8799999999999999,0.0
simac/simac_Cafe_Zimmermann_07-Suite_en_ut_majeur_BWV_1066_-_Courante/track.npy,simac,0.8095238095238095,0.0,0.8095238095238095,0.0,0.7042627476449884,0.0,0.8780487804878048,0.0
simac/simac_Cafe_Zimmermann_10-Suite_en_ut_majeur_BWV_1066_-_Menuets_I_&_II/track.npy,simac,0.9230769230769231,0.0,0.9230769230769231,0.0,0.8432001093217,0.0,0.9743589743589743,0.0
simac/simac_Cafe_Zimmermann_13-Concerto_pour_hautbois_&_violon_en_ut_mineur_BWV_1060_-_Allegro/track.npy,simac,0.8620689655172413,0.0,0.8620689655172413,0.0,0.7968736865401316,0.0,0.9259259259259259,0.0
simac/simac_Chopin_Piano_Concerto_No._1_etc_01-I_Allegro_maestoso_risoluto/track.npy,simac,0.26666666666666666,0.0,0.1,0.0,0.4282841099252804,0.0,0.6046511627906976,0.0
simac/simac_Clandestino_-_esperando_la_ultima_ola_02-Desaparecido/track.npy,simac,0.8571428571428571,0.0,0.8571428571428571,0.0,0.8201278339553645,0.0,0.923076923076923,0.0
simac/simac_Clandestino_-_esperando_la_ultima_ola_03-Bongo_bong/track.npy,simac,0.9,0.0,0.9,0.0,0.9031960639825534,0.0,0.9743589743589743,0.0
simac/simac_Clandestino_-_esperando_la_ultima_ola_05-Mentira/track.npy,simac,0.8571428571428571,0.0,0.8571428571428571,0.0,0.8517717881151379,0.0,0.9,0.0
simac/simac_Classic_Vivaldi_-_Stabat_Mater_01/track.npy,simac,0.8461538461538461,0.0,0.8461538461538461,0.0,0.44137357436798214,0.0,0.64,0.0
simac/simac_Classic_Vivaldi_-_Stabat_Mater_09/track.npy,simac,0.0,0.0,0.0,0.0,0.27500996352121265,0.0,0.36363636363636365,0.0
simac/simac_DGG_419_047-2_02-Toccata_u._Fuge_d-moll_BWV_565_-_II_Fuge/track.npy,simac,0.9523809523809523,0.0,0.9523809523809523,0.0,0.824308960011242,0.0,0.975609756097561,0.0
simac/simac_Eres_luz_07-En_una_canasta_(Rumba-Tango)/track.npy,simac,0.9615384615384616,0.0,0.9615384615384616,0.0,0.8869890834737691,0.0,0.9803921568627451,0.0
simac/simac_Fado_05-AudioTrack_05/track.npy,simac,0.5185185185185185,0.0,0.07407407407407407,0.0,0.23810120301362622,0.0,0.03921568627450981,0.0
simac/simac_Family_Tree_-_Greatest_Hits_As_Chosen_By_Bjork_07-Bachelorette/track.npy,simac,0.96,0.0,0.96,0.0,0.8447115851566178,0.0,0.96,0.0
simac/simac_Gold_-_Greatest_Hits_02-Knowing_Me_Knowing_You/track.npy,simac,0.9,0.0,0.9,0.0,0.8487680141287941,0.0,0.912280701754386,0.0
simac/simac_Gold_-_Greatest_Hits_10-S._O._S/track.npy,simac,0.8823529411764706,0.0,0.8823529411764706,0.0,0.8989689838478747,0.0,0.9375,0.0
simac/simac_Gold_-_Greatest_Hits_15-Does_Your_Mother_Know/track.npy,simac,1.0,0.0,1.0,0.0,0.970096133094376,0.0,1.0,0.0
simac/simac_Gold_-_Greatest_Hits_17-The_Name_Of_The_Game/track.npy,simac,0.95,0.0,0.0,0.0,0.737195407498209,0.0,0.6551724137931034,0.0
simac/simac_Kocani_Orkester_Trubaci_-_Solo_tapan/track.npy,simac,0.92,0.0,0.92,0.0,0.8680302671776449,0.0,0.9583333333333334,0.0
simac/simac_Niandra_LaDes_and_Usually_Just_a_T-Shirt_18-Usually_Just_a_T-Shirt_Untitled_6/track.npy,simac,0.9166666666666666,0.0,0.9166666666666666,0.0,0.8454883306546924,0.0,0.9565217391304348,0.0
simac/simac_Papakonstantinou_01-AudioTrack_01/track.npy,simac,0.7727272727272727,0.0,0.7727272727272727,0.0,0.6353114586825256,0.0,0.8205128205128205,0.0
simac/simac_Papakonstantinou_06-AudioTrack_06/track.npy,simac,0.5294117647058824,0.0,0.5294117647058824,0.0,0.5690753096622369,0.0,0.7096774193548386,0.0
simac/simac_Papakonstantinou_18-AudioTrack_18/track.npy,simac,0.6521739130434783,0.0,0.6521739130434783,0.0,0.7422198799129259,0.0,0.8444444444444444,0.0
simac/simac_Papakonstantinou_20-AudioTrack_20/track.npy,simac,0.9285714285714286,0.0,0.9285714285714286,0.0,0.874323279178841,0.0,0.962962962962963,0.0
simac/simac_Primer_Aliento_09-Brigada_de_demolicion/track.npy,simac,0.8695652173913043,0.0,0.8695652173913043,0.0,0.9232552911104022,0.0,0.9545454545454545,0.0
simac/simac_Primer_Aliento_11-La_television_es_nutritiva/track.npy,simac,0.9565217391304348,0.0,0.9565217391304348,0.0,0.9193088796090583,0.0,0.9777777777777777,0.0
simac/simac_R.A.F.I_08-Hypocrite/track.npy,simac,1.0,0.0,1.0,0.0,0.9708151738362478,0.0,1.0,0.0
simac/simac_Samba_na_Madrugada_08-Mascarada/track.npy,simac,1.0,0.0,1.0,0.0,0.899395902367623,0.0,1.0,0.0
simac/simac_So_Cartola_01-Quem_me_Ve_Sorrindo_Sei_Chorar_Alegria/track.npy,simac,0.25,0.0,0.08,0.0,0.21970260098818772,0.0,0.20408163265306126,0.0
simac/simac_So_Cartola_16-Sofreguidao/track.npy,simac,0.92,0.0,0.92,0.0,0.860159819379117,0.0,0.9166666666666666,0.0
simac/simac_So_Cartola_17-A_Mesma_Historia/track.npy,simac,0.84375,0.0,0.84375,0.0,0.5598185636085244,0.0,0.8524590163934426,0.0
simac/simac_So_Cartola_18-Peito_Vazio/track.npy,simac,0.78125,0.0,0.0,0.0,0.34147130007315957,0.0,0.0,0.0
simac/simac_Songs_Adalberto_(Adalberto_Alvarez_y_su_son)_-_Sobre_tu_piel/track.npy,simac,0.2926829268292683,0.0,0.10714285714285714,0.0,0.5303583979585983,0.0,0.4489795918367347,0.0
simac/simac_Songs_Afrocuba_-_Cambio_de_Clima/track.npy,simac,0.23529411764705882,0.0,0.23529411764705882,0.0,0.2916113566672232,0.0,0.33333333333333337,0.0
simac/simac_Tales_Of_Mystery_And_Imagination_05-_The_System_Of_Doctor_Tarr_And_Professor_Fether/track.npy,simac,1.0,0.0,1.0,0.0,0.9130687978185812,0.0,1.0,0.0
simac/simac_Tales_Of_Mystery_And_Imagination_11-To_One_In_Paradise/track.npy,simac,0.95,0.0,0.95,0.0,0.8091731626975612,0.0,0.9,0.0
simac/simac_Xatzidakis_11-AudioTrack_11/track.npy,simac,0.88,0.0,0.88,0.0,0.8133697178668676,0.0,0.9361702127659575,0.0
simac/simac_a_love_supreme_part_1_acknowledgement/track.npy,simac,0.6521739130434783,0.0,0.6521739130434783,0.0,0.5566528898337526,0.0,0.7532467532467533,0.0
simac/simac_aire_07-La_Alcoba_y_la_mosca/track.npy,simac,0.96,0.0,0.96,0.0,0.872189566222561,0.0,0.9387755102040817,0.0
simac/simac_blues_roots_es_flat_ahs_flat_too/track.npy,simac,0.7317073170731707,0.0,0.7317073170731707,0.0,0.7580056614126721,0.0,0.860759493670886,0.0
simac/simac_blues_roots_moanin/track.npy,simac,0.8571428571428571,0.0,0.03571428571428571,0.0,0.6932836038410272,0.0,0.6506024096385542,0.0
simac/simac_greek_Gkoles_-_Atimi_tyxi/track.npy,simac,0.8,0.0,0.8,0.0,0.8302146191127308,0.0,0.888888888888889,0.0
simac/simac_more_greek_Gkoles_-_O_8ermastis/track.npy,simac,0.8823529411764706,0.0,0.8823529411764706,0.0,0.8485410660285772,0.0,0.9375,0.0
simac/simac_more_greek_Gkoles_-_Xatzikyriakeio/track.npy,simac,0.896551724137931,0.0,0.896551724137931,0.0,0.8268148524725759,0.0,0.9285714285714286,0.0
simac/simac_more_greek_Glykeria_-_To_agalma/track.npy,simac,0.9333333333333333,0.0,0.9333333333333333,0.0,0.8309166406465466,0.0,0.9655172413793104,0.0
simac/simac_more_greek_Ksylouris_-_Afton_ton_kosmo_ton_kalo/track.npy,simac,0.875,0.0,0.875,0.0,0.9105407571633357,0.0,0.967741935483871,0.0
simac/simac_more_greek_Marinella_-_Koita_me_sta_matia/track.npy,simac,0.875,0.0,0.875,0.0,0.7490634155832849,0.0,0.9333333333333333,0.0
simac/simac_more_greek_Marinella_-_Prin_to_xarama/track.npy,simac,0.8421052631578947,0.0,0.8421052631578947,0.0,0.8791092368811538,0.0,0.9142857142857143,0.0
simac/simac_more_greek_Mitropanos_-_Brexei_sti_ftwxogeitonia/track.npy,simac,0.9473684210526315,0.0,0.9473684210526315,0.0,0.893713492453011,0.0,0.918918918918919,0.0
simac/simac_more_greek_Mosxoliou_-_Koimisou_palikari/track.npy,simac,0.8461538461538461,0.0,0.0,0.0,0.534893479045651,0.0,0.5263157894736842,0.0
simac/simac_more_greek_Mpi8ikwtsis_-_H_mpalanta_tou_Antrikou/track.npy,simac,0.9393939393939394,0.0,0.9393939393939394,0.0,0.901587625579638,0.0,0.96875,0.0
simac/simac_more_greek_Mpi8ikwtsis_-_Sto_perigiali_to_kryfo/track.npy,simac,0.7,0.0,0.7,0.0,0.7202431530033854,0.0,0.7647058823529412,0.0
simac/simac_more_greek_Mpi8ikwtsis_-_Xrysoprasino_fyllo/track.npy,simac,1.0,0.0,1.0,0.0,0.7688983415246027,0.0,0.9285714285714286,0.0
simac/simac_selected_ambient_works_8592_ageispolis/track.npy,simac,1.0,0.0,1.0,0.0,0.9838733527176053,0.0,1.0,0.0
simac/simac_selected_ambient_works_8592_xtal/track.npy,simac,1.0,0.0,1.0,0.0,0.8823631061757574,0.0,1.0,0.0
smc/smc_005/track.npy,smc,0.7391304347826086,0.0,0.7391304347826086,0.0,0.22162537814903083,0.0,0.3255813953488372,0.0
smc/smc_011/track.npy,smc,0.631578947368421,0.0,0.631578947368421,0.0,0.67879398487789,0.0,0.7777777777777778,0.0
smc/smc_022/track.npy,smc,0.8421052631578947,0.0,0.8421052631578947,0.0,0.8283316124622659,0.0,0.9210526315789473,0.0
smc/smc_042/track.npy,smc,0.8275862068965517,0.0,0.8275862068965517,0.0,0.6733408969966204,0.0,0.8214285714285715,0.0
smc/smc_044/track.npy,smc,0.45161290322580644,0.0,0.3488372093023256,0.0,0.5422608000372959,0.0,0.6756756756756758,0.0
smc/smc_054/track.npy,smc,0.9459459459459459,0.0,0.9459459459459459,0.0,0.738368030470219,0.0,0.9166666666666667,0.0
smc/smc_055/track.npy,smc,0.6,0.0,0.0,0.0,0.47540093972123176,0.0,0.4827586206896552,0.0
smc/smc_067/track.npy,smc,0.9411764705882353,0.0,0.9411764705882353,0.0,0.6060717301379065,0.0,0.8316831683168315,0.0
smc/smc_088/track.npy,smc,0.6764705882352942,0.0,0.6764705882352942,0.0,0.37857728456851675,0.0,0.5333333333333333,0.0
smc/smc_099/track.npy,smc,0.8823529411764706,0.0,0.8823529411764706,0.0,0.4438856446163404,0.0,0.6865671641791046,0.0
smc/smc_103/track.npy,smc,0.05555555555555555,0.0,0.05555555555555555,0.0,0.3283988084969071,0.0,0.41463414634146345,0.0
smc/smc_135/track.npy,smc,0.5217391304347826,0.0,0.5217391304347826,0.0,0.6267776110969936,0.0,0.775,0.0
smc/smc_150/track.npy,smc,0.9264705882352942,0.0,0.9264705882352942,0.0,0.7629071616104606,0.0,0.9393939393939394,0.0
smc/smc_168/track.npy,smc,0.24324324324324326,0.0,0.045454545454545456,0.0,0.1326894111918242,0.0,0.24390243902439024,0.0
smc/smc_171/track.npy,smc,0.5932203389830508,0.0,0.0,0.0,0.4198493790952692,0.0,0.4415584415584416,0.0
smc/smc_179/track.npy,smc,0.7142857142857143,0.0,0.7142857142857143,0.0,0.5525413918202206,0.0,0.717948717948718,0.0
smc/smc_188/track.npy,smc,0.9310344827586207,0.0,0.9310344827586207,0.0,0.7535347718091956,0.0,0.9824561403508771,0.0
smc/smc_190/track.npy,smc,0.24444444444444444,0.0,0.24444444444444444,0.0,0.47506924999488204,0.0,0.6133333333333334,0.0
smc/smc_197/track.npy,smc,0.875,0.0,0.875,0.0,0.34341515822498514,0.0,0.4444444444444445,0.0
smc/smc_208/track.npy,smc,0.8709677419354839,0.0,0.8709677419354839,0.0,0.5220530716595013,0.0,0.6774193548387096,0.0
smc/smc_212/track.npy,smc,0.16666666666666666,0.0,0.0,0.0,0.15451422406574444,0.0,0.1875,0.0
smc/smc_237/track.npy,smc,0.34210526315789475,0.0,0.34210526315789475,0.0,0.3210823669719574,0.0,0.39999999999999997,0.0
smc/smc_241/track.npy,smc,0.6046511627906976,0.0,0.6046511627906976,0.0,0.30389748478917566,0.0,0.3950617283950617,0.0
smc/smc_260/track.npy,smc,0.7222222222222222,0.0,0.7222222222222222,0.0,0.6623637893257578,0.0,0.7850467289719626,0.0
smc/smc_274/track.npy,smc,0.9879518072289156,0.0,0.0,0.0,0.44832794053034475,0.0,0.0,0.0
smc/smc_286/track.npy,smc,0.9811320754716981,0.0,0.9811320754716981,0.0,0.9694760821686236,0.0,0.9904761904761905,0.0
smc/smc_289/track.npy,smc,1.0,0.0,1.0,0.0,0.8109424850543133,0.0,0.9827586206896551,0.0
tapcorrect/001_youtube_fV4DiAyExN0/track.npy,tapcorrect,0.9870550161812298,1.0,0.9870550161812298,1.0,0.9693068527630766,0.9739142233509296,0.993485342019544,1.0
tapcorrect/011_youtube_M7u5SdjDSQQ/track.npy,tapcorrect,0.9918367346938776,0.9836065573770492,0.9918367346938776,0.9836065573770492,0.9416533273719512,0.939841458787712,0.9938650306748468,0.9917355371900827
tapcorrect/019_youtube_jSDukB1pc30/track.npy,tapcorrect,0.9811320754716981,0.943502824858757,0.9811320754716981,0.943502824858757,0.9326789555631503,0.9349251475716702,0.9886792452830189,0.979942693409742
tapcorrect/024_youtube_S4X_l8PIobc/track.npy,tapcorrect,0.9957081545064378,0.7457627118644068,0.9957081545064378,0.7457627118644068,0.8614356729851248,0.7174886413301711,0.9935483870967742,0.8034188034188032
tapcorrect/032_youtube_zsmUOdmm02A/track.npy,tapcorrect,0.9915254237288136,0.9887640449438202,0.9915254237288136,0.9887640449438202,0.9279426587880454,0.9377975712258052,0.9957446808510638,0.9943502824858756
tapcorrect/041_youtube_Eh44QPT1mPE/track.npy,tapcorrect,0.8351254480286738,0.4375,0.8351254480286738,0.4375,0.8746550673705004,0.6949169673369723,0.9400749063670413,0.75
tapcorrect/046_youtube_ebZZpVFUQDY/track.npy,tapcorrect,0.888268156424581,0.9323308270676691,0.024714828897338403,0.007518796992481203,0.7234831525202443,0.7463142376011517,0.6389937106918239,0.63
tapcorrect/047_youtube_WNa60w5HOB4/track.npy,tapcorrect,0.8679245283018868,0.6698113207547169,0.8679245283018868,0.6698113207547169,0.8775032318552504,0.7197846677691315,0.9049338146811071,0.7439613526570047
tapcorrect/057_youtube_UrN3-lDk9Rs/track.npy,tapcorrect,0.799405646359584,0.9380530973451328,0.799405646359584,0.9380530973451328,0.8931253773608202,0.9499075503238099,0.9252120277563609,0.9819819819819819
tapcorrect/068_youtube_a8LcePfI6Hs/track.npy,tapcorrect,0.8834080717488789,0.4258064516129032,0.8834080717488789,0.4258064516129032,0.8954865792507475,0.7773992915750427,0.9389312977099237,0.8208955223880596
tapcorrect/069_youtube_8kl6q_9qZOs/track.npy,tapcorrect,0.944233206590621,0.9296482412060302,0.944233206590621,0.9296482412060302,0.926205071116494,0.9023619126209746,0.9688715953307393,0.9587628865979382
tapcorrect/086_youtube_-2WQ_caqBiY/track.npy,tapcorrect,0.9974093264248705,0.9896907216494846,0.9974093264248705,0.9896907216494846,0.9696340343308726,0.9677323732677648,0.9987029831387808,0.9948186528497409
tapcorrect/099_youtube_WHWqj6gKS9g/track.npy,tapcorrect,0.7207792207792207,0.16417910447761194,0.13333333333333333,0.16417910447761194,0.6294165736008931,0.3583123830921862,0.6698113207547169,0.4158415841584158
asap/Bach_Fugue_bwv_860_Ko04M/track.npy,asap,0.02142857142857143,0.25301204819277107,0.02142857142857143,0.25301204819277107,0.45483134679370046,0.4889935371446615,0.46532438478747207,0.5
asap/Bach_Fugue_bwv_860_Nikiforov05M/track.npy,asap,0.013937282229965157,0.13253012048192772,0.013937282229965157,0.13253012048192772,0.4412147921951794,0.355484312017242,0.45374449339207046,0.36477987421383645
asap/Bach_Fugue_bwv_860_Tetzloff04M/track.npy,asap,0.008733624454148471,0.6363636363636364,0.004366812227074236,0.024844720496894408,0.4748913321955926,0.6156215892817763,0.49279999999999996,0.5163934426229508
asap/Bach_Fugue_bwv_860_TuanS01M/track.npy,asap,0.005376344086021506,0.3855421686746988,0.0,0.3855421686746988,0.44438429330505774,0.5448339638454712,0.45640074211502785,0.5590062111801242
asap/Bach_Fugue_bwv_860_YoungS01M/track.npy,asap,0.04335260115606936,0.3,0.04335260115606936,0.3,0.5142051522664228,0.5842753115640946,0.52734375,0.5664739884393063
asap/Bach_Fugue_bwv_860_ZhangH04M/track.npy,asap,0.007389162561576354,0.2545454545454545,0.0,0.16666666666666666,0.44078034098781227,0.5338963157366976,0.45724258289703323,0.5445026178010471
asap/Bach_Fugue_bwv_880_LeungR01M/track.npy,asap,0.9946524064171123,0.40384615384615385,0.9946524064171123,0.17204301075268819,0.9681506326729709,0.6068829349797448,0.9973190348525469,0.593103448275862
asap/Bach_Fugue_bwv_880_WangA04M/track.npy,asap,0.9789473684210527,0.2909090909090909,0.9789473684210527,0.2127659574468085,0.9691354845042077,0.6133176884814118,0.9920424403183024,0.6174496644295302
asap/Bach_Fugue_bwv_893_Kleisen04M/track.npy,asap,0.3908450704225352,0.4421052631578947,0.3908450704225352,0.4421052631578947,0.7598480365356838,0.6570615182199286,0.7941176470588235,0.6909090909090909
asap/Bach_Fugue_bwv_893_Levitsky04M/track.npy,asap,0.38513513513513514,0.10416666666666667,0.09154929577464789,0.07368421052631578,0.6568639244639357,0.4184290887497815,0.6851851851851851,0.42857142857142855
asap/Bach_Fugue_bwv_893_Wong01M/track.npy,asap,0.20279720279720279,0.10416666666666667,0.08771929824561403,0.08421052631578947,0.4838497390704194,0.3703957410724549,0.49140049140049136,0.38333333333333336
asap/Bach_Prelude_bwv_864_SunD01M/track.npy,asap,0.4659090909090909,0.18181818181818182,0.4659090909090909,0.18181818181818182,0.5897356688444786,0.36521890740614826,0.5868263473053892,0.3684210526315789
asap/Bach_Prelude_bwv_884_LiA01M/track.npy,asap,0.9264705882352942,0.5909090909090909,0.9264705882352942,0.5909090909090909,0.9370503145874572,0.7904765178935702,0.962962962962963,0.8048780487804879
asap/Bach_Prelude_bwv_887_LiYZ01M/track.npy,asap,0.96875,0.49019607843137253,0.96875,0.49019607843137253,0.9636067192058296,0.6922498803220437,0.984375,0.7070707070707071
asap/Balakirev_Islamey_CHEN10M/track.npy,asap,0.4771622934888241,0.35656836461126007,0.4771622934888241,0.35656836461126007,0.6938500474410066,0.5279763793081973,0.7420042643923241,0.5638148667601683
asap/Balakirev_Islamey_Na08M/track.npy,asap,0.26900584795321636,0.3805309734513274,0.26900584795321636,0.3805309734513274,0.6361935044619291,0.5688093215752345,0.6752486834406086,0.5962732919254659
asap/Balakirev_Islamey_Yi04M/track.npy,asap,0.5838991270611057,0.3205882352941177,0.5838991270611057,0.3205882352941177,0.7748812361691719,0.5523825681053731,0.8071466106148186,0.5731166912850812
asap/Beethoven_Piano_Sonatas_17-2_USHIKI05M/track.npy,asap,0.4909983633387889,0.08053691275167785,0.20506912442396313,0.08053691275167785,0.6673236890053438,0.43967438264270037,0.7000000000000001,0.46215139442231074
asap/Beethoven_Piano_Sonatas_26-1_HuNY02M/track.npy,asap,0.7986906710310966,0.28191489361702127,0.02092050209205021,0.19543973941368079,0.7470546800151617,0.6626796920073831,0.6356589147286822,0.6828282828282829
asap/Beethoven_Piano_Sonatas_26-1_Sham03M/track.npy,asap,0.8338815789473685,0.2280130293159609,0.015899581589958158,0.2280130293159609,0.7598962351443445,0.6823408250765417,0.6400443704936217,0.7014028056112226
asap/Beethoven_Piano_Sonatas_26-1_Zhdanov05M/track.npy,asap,0.774247491638796,0.41042345276872966,0.012552301255230125,0.41042345276872966,0.7227286774682384,0.6916279819678081,0.6183035714285714,0.7223300970873786
asap/Beethoven_Piano_Sonatas_26-1_no_repeat_Kim02M/track.npy,asap,0.6737044145873321,0.25949367088607594,0.061037639877924724,0.23228346456692914,0.7197550192738592,0.6672747343156017,0.6382978723404255,0.6941747572815533
asap/Beethoven_Piano_Sonatas_4-1_Chon03M/track.npy,asap,0.7242744063324539,0.3788546255506608,0.7242744063324539,0.15168539325842698,0.8038183295961107,0.5249770969275102,0.8413886997957795,0.4974271012006861
asap/Beethoven_Piano_Sonatas_4-1_LeeE02M/track.npy,asap,0.640661938534279,0.3770491803278688,0.640661938534279,0.2050561797752809,0.8107421771388648,0.6063531556684942,0.8336544637122673,0.5866666666666667
asap/Beethoven_Piano_Sonatas_4-1_LiA04M/track.npy,asap,0.8184357541899442,0.34913793103448276,0.8184357541899442,0.25,0.8495608805649955,0.6273511016112097,0.8787666433076384,0.6292517006802723
asap/Beethoven_Piano_Sonatas_4-1_SirajA02M/track.npy,asap,0.7109181141439206,0.40707964601769914,0.7109181141439206,0.12359550561797752,0.8348587402453413,0.55566077927283,0.8695652173913043,0.5292096219931272
asap/Chopin_Etudes_op_10_10_WangH02M/track.npy,asap,0.441747572815534,0.564625850340136,0.061224489795918366,0.11666666666666667,0.6099704972060254,0.5941249787316446,0.5880000000000001,0.5876288659793815
asap/Chopin_Etudes_op_10_4_Duepree06M/track.npy,asap,0.8930817610062893,0.5617977528089888,0.8930817610062893,0.5617977528089888,0.8943273950863929,0.7625064279103692,0.949367088607595,0.7976190476190476
asap/Chopin_Etudes_op_10_4_Knoll03M/track.npy,asap,0.9424920127795527,0.7195121951219512,0.9424920127795527,0.7195121951219512,0.9284268314924926,0.7749389185547855,0.9775641025641026,0.8198757763975155
asap/Chopin_Etudes_op_10_4_Kurz03M/track.npy,asap,0.9076433121019108,0.27,0.9076433121019108,0.27,0.9248917172519547,0.5498013824819543,0.9549839228295821,0.5698324022346368
asap/Chopin_Etudes_op_10_4_LeeSH03M/track.npy,asap,0.952076677316294,0.7469879518072289,0.952076677316294,0.7469879518072289,0.9293139851895071,0.7509172952819068,0.9807692307692308,0.8024691358024693
asap/Chopin_Etudes_op_10_4_Sladek03M/track.npy,asap,0.7859424920127795,0.45454545454545453,0.7859424920127795,0.45454545454545453,0.8574358186053943,0.5587694238304808,0.8996763754045307,0.595505617977528
asap/Chopin_Etudes_op_10_4_Yi03M/track.npy,asap,0.8949044585987261,0.6236559139784946,0.8949044585987261,0.6236559139784946,0.8903666325523488,0.7647566301269751,0.9314194577352473,0.8139534883720929
asap/Chopin_Etudes_op_10_4_ZhangE03M/track.npy,asap,0.9361022364217252,0.5806451612903226,0.9361022364217252,0.5806451612903226,0.9191404019681708,0.708420421314201,0.9903536977491961,0.7906976744186047
asap/Chopin_Etudes_op_10_4_ZhaoA03M/track.npy,asap,0.9462025316455697,0.8674698795180723,0.9462025316455697,0.8674698795180723,0.9312528940953616,0.8485599043541129,0.9777777777777777,0.9012345679012346
asap/Chopin_Etudes_op_25_11_KimSuyeon03M/track.npy,asap,0.830379746835443,0.826530612244898,0.830379746835443,0.826530612244898,0.8404439116219365,0.823503052346004,0.9105058365758755,0.8645833333333334
asap/Chopin_Etudes_op_25_11_KyykhynenT10M/track.npy,asap,0.920844327176781,0.7596153846153846,0.920844327176781,0.7596153846153846,0.8868066144005077,0.8528892731891986,0.955026455026455,0.8944723618090453
asap/Chopin_Etudes_op_25_11_Lisiecki07M/track.npy,asap,0.7822784810126582,0.5454545454545454,0.7822784810126582,0.5454545454545454,0.8238458815549039,0.7269347941817849,0.8745148771021992,0.7685185185185186
asap/Chopin_Etudes_op_25_11_MiyashitaM03M/track.npy,asap,0.8885941644562334,0.5583333333333333,0.8885941644562334,0.5583333333333333,0.8766604550131618,0.7975154023148213,0.9202127659574467,0.827906976744186
asap/Chopin_Etudes_op_25_11_Sham02M/track.npy,asap,0.8673469387755102,0.5726495726495726,0.8673469387755102,0.5726495726495726,0.8728359778222307,0.7865125776287639,0.9194805194805193,0.8301886792452831
asap/Chopin_Etudes_op_25_11_Shychko03M/track.npy,asap,0.8527918781725888,0.5403225806451613,0.8527918781725888,0.5403225806451613,0.8420183054761055,0.7540007714346898,0.9064935064935066,0.7981651376146789
asap/Chopin_Etudes_op_25_11_Song02M/track.npy,asap,0.9112271540469974,0.7647058823529411,0.9112271540469974,0.7647058823529411,0.8886512165915469,0.8663797823301624,0.9382391590013139,0.8832487309644671
asap/Chopin_Etudes_op_25_11_WangA02M/track.npy,asap,0.8575197889182058,0.5,0.8575197889182058,0.5,0.8482520563731086,0.762970049275833,0.8965517241379309,0.7981651376146789
asap/Chopin_Sonata_3_4th_GarritsonL11M/track.npy,asap,0.8505338078291815,0.3464285714285714,0.8505338078291815,0.3464285714285714,0.8492919424949507,0.6735752879203138,0.9241748438893844,0.7161016949152542
asap/Chopin_Sonata_3_4th_HuangSW06M/track.npy,asap,0.853309481216458,0.42857142857142855,0.853309481216458,0.42857142857142855,0.8554636636897274,0.6993248503441679,0.9214092140921409,0.7398373983739838
asap/Chopin_Sonata_3_4th_KimSJ10M/track.npy,asap,0.5564516129032258,0.4117647058823529,0.5564516129032258,0.4117647058823529,0.78073243259948,0.7145106501067501,0.8229885057471263,0.7523510971786833
asap/Chopin_Sonata_3_4th_KimSY23M/track.npy,asap,0.7138508371385084,0.4928571428571429,0.7138508371385084,0.4928571428571429,0.8258773323936346,0.736336153775304,0.8824979457682827,0.7961904761904762
asap/Haydn_Keyboard_Sonatas_39-1_Yarden07M/track.npy,asap,0.6383561643835617,0.5398773006134969,0.6383561643835617,0.5398773006134969,0.805185085388063,0.7218301981334588,0.8365817091454273,0.7388535031847134
asap/Haydn_Keyboard_Sonatas_48-2_GarritsonL03M/track.npy,asap,0.7727272727272727,0.3819444444444444,0.10645724258289703,0.03832752613240418,0.7824191507349108,0.5896335699093496,0.6946651532349603,0.6107226107226108
asap/Haydn_Keyboard_Sonatas_48-2_PrjevalskayaM03M/track.npy,asap,0.5244565217391305,0.2569444444444444,0.2682926829268293,0.0313588850174216,0.7735317756751569,0.5269505496608097,0.7494692144373674,0.5454545454545455
asap/Mozart_Piano_Sonatas_12-3_MunA05M/track.npy,asap,0.9,0.48333333333333334,0.9,0.48333333333333334,0.9244688035999271,0.7916041732568764,0.9541284403669725,0.8179669030732861
asap/Mozart_Piano_Sonatas_12-3_WuuE04M/track.npy,asap,0.7261029411764706,0.4375,0.7261029411764706,0.4375,0.8407236537909628,0.754001733678433,0.864390243902439,0.7746478873239436
asap/Schubert_Impromptu_op.90_D.899_4_no_repeat_Huang10M/track.npy,asap,0.5663390663390664,0.3382352941176471,0.5663390663390664,0.3382352941176471,0.7687710307494088,0.694056529660199,0.8161559888579388,0.7296137339055795
asap/Schubert_Impromptu_op.90_D.899_4_no_repeat_Lin11M/track.npy,asap,0.7158671586715867,0.46863468634686345,0.7158671586715867,0.46863468634686345,0.8395436013769519,0.7753639546265171,0.8736083824492469,0.801670146137787
asap/Schubert_Impromptu_op.90_D.899_4_no_repeat_LuoJ09M/track.npy,asap,0.5362853628536285,0.3756906077348066,0.5362853628536285,0.34686346863468637,0.7943534338806367,0.7666862794940702,0.8129032258064516,0.7831858407079646
asap/Schubert_Impromptu_op.90_D.899_4_no_repeat_WongWY08M/track.npy,asap,0.3849938499384994,0.44936708860759494,0.3849938499384994,0.1992619926199262,0.6572612199997264,0.6086111791429272,0.7036759189797449,0.6806526806526807
asap/Schubert_Moment_Musical_no_1_MunA10M/track.npy,asap,0.5555555555555556,0.2131979695431472,0.5555555555555556,0.2131979695431472,0.7544205279436933,0.46729013497250704,0.8186323092170467,0.5114942528735633
ballroom/ballroom_Albums-AnaBelen_Veneo-03/track.npy,ballroom,1.0,1.0,1.0,1.0,0.8957446113189707,0.8629369654641327,1.0,1.0
ballroom/ballroom_Albums-Ballroom_Classics4-05/track.npy,ballroom,0.972972972972973,1.0,0.972972972972973,1.0,0.7093413665801631,0.7935712823537143,0.9041095890410958,0.9166666666666666
ballroom/ballroom_Albums-Ballroom_Magic-03/track.npy,ballroom,0.9736842105263158,0.3333333333333333,0.9736842105263158,0.3333333333333333,0.8652231992002275,0.5842660401051943,0.9333333333333332,0.6666666666666666
ballroom/ballroom_Albums-Ballroom_Magic-11/track.npy,ballroom,0.9866666666666667,1.0,0.9866666666666667,1.0,0.9565160969991278,0.9557632766444744,0.9932885906040269,1.0
ballroom/ballroom_Albums-Cafe_Paradiso-05/track.npy,ballroom,0.9622641509433962,1.0,0.9622641509433962,1.0,0.9746958522370922,0.9908368961796701,0.9904761904761905,1.0
ballroom/ballroom_Albums-Cafe_Paradiso-08/track.npy,ballroom,0.9807692307692307,1.0,0.9807692307692307,1.0,0.9669808854367024,0.9679505563681732,0.9902912621359222,1.0
ballroom/ballroom_Albums-Cafe_Paradiso-11/track.npy,ballroom,1.0,1.0,1.0,1.0,0.97262947140485,0.9825604755588818,1.0,1.0
ballroom/ballroom_Albums-Cafe_Paradiso-16/track.npy,ballroom,0.9861111111111112,1.0,0.9861111111111112,1.0,0.9544525891693213,0.954124560811421,0.993006993006993,1.0
ballroom/ballroom_Albums-Chrisanne1-01/track.npy,ballroom,0.9722222222222222,1.0,0.9722222222222222,1.0,0.8099468299724878,0.8220014044099458,0.9859154929577464,1.0
ballroom/ballroom_Albums-Chrisanne1-04/track.npy,ballroom,1.0,1.0,1.0,1.0,0.8941960196530419,0.898556098322661,1.0,1.0
ballroom/ballroom_Albums-Chrisanne1-14/track.npy,ballroom,0.9880952380952381,1.0,0.9880952380952381,1.0,0.9090447960954503,0.9118049168181501,1.0,1.0
ballroom/ballroom_Albums-Chrisanne2-05/track.npy,ballroom,1.0,0.21428571428571427,1.0,0.21428571428571427,0.9570979180103376,0.3572627963074908,1.0,0.3846153846153846
ballroom/ballroom_Albums-Chrisanne2-06/track.npy,ballroom,1.0,1.0,1.0,1.0,0.9746385205977387,0.963160141370851,1.0,1.0
ballroom/ballroom_Albums-Chrisanne3-01/track.npy,ballroom,0.9722222222222222,0.9166666666666666,0.9722222222222222,0.9166666666666666,0.8959972885755307,0.8634373472364324,0.9859154929577464,0.9565217391304348
ballroom/ballroom_Albums-Chrisanne3-02/track.npy,ballroom,1.0,1.0,1.0,1.0,0.932663997667789,0.8957532907610986,1.0,1.0
ballroom/ballroom_Albums-Chrisanne3-06/track.npy,ballroom,1.0,1.0,1.0,1.0,0.9425820361182407,0.9313537043060959,1.0,1.0
ballroom/ballroom_Albums-Chrisanne3-09/track.npy,ballroom,0.96,0.9615384615384616,0.96,0.9615384615384616,0.93559769426495,0.9260829923126446,0.9866666666666668,0.9803921568627451
ballroom/ballroom_Albums-GloriaEstefan_MiTierra-11/track.npy,ballroom,1.0,1.0,1.0,1.0,0.948069277579804,0.9688057196676471,1.0,1.0
ballroom/ballroom_Albums-Latin_Jam-04/track.npy,ballroom,1.0,0.5384615384615384,1.0,0.5384615384615384,0.9659769146972452,0.8357692659011701,1.0,0.8695652173913044
ballroom/ballroom_Albums-Latin_Jam-08/track.npy,ballroom,1.0,1.0,1.0,1.0,0.962666685397948,0.9612726915522851,1.0,1.0
ballroom/ballroom_Albums-Latin_Jam-09/track.npy,ballroom,0.9772727272727273,1.0,0.9772727272727273,1.0,0.9607514726630776,0.980355053843727,0.9885057471264368,1.0
ballroom/ballroom_Albums-Latin_Jam-11/track.npy,ballroom,1.0,1.0,1.0,1.0,0.9696824543824549,0.9575401332913686,1.0,1.0
ballroom/ballroom_Albums-Latin_Jam2-05/track.npy,ballroom,1.0,1.0,1.0,1.0,0.9843146444967357,0.9845590941959365,1.0,1.0
ballroom/ballroom_Albums-Latin_Jam2-07/track.npy,ballroom,0.9772727272727273,1.0,0.9772727272727273,1.0,0.9452848080695085,0.9857814970678195,0.9885057471264368,1.0
ballroom/ballroom_Albums-Latin_Jam3-01/track.npy,ballroom,0.9807692307692307,1.0,0.9807692307692307,1.0,0.97027355670413,0.9743858758624526,0.9902912621359222,1.0
ballroom/ballroom_Albums-Latin_Jam3-06/track.npy,ballroom,1.0,1.0,1.0,1.0,0.9821262890972351,0.9773670164848374,1.0,1.0
ballroom/ballroom_Albums-Latin_Jam4-05/track.npy,ballroom,1.0,0.9444444444444444,1.0,0.0,0.9855011879700811,0.4781044179967025,1.0,0.0
ballroom/ballroom_Albums-Pais_Tropical-11/track.npy,ballroom,1.0,1.0,1.0,1.0,0.9420691223143177,0.9725558411817415,1.0,1.0
ballroom/ballroom_Albums-Pais_Tropical-15/track.npy,ballroom,1.0,1.0,1.0,1.0,0.9757430107936709,0.9720099098543336,1.0,1.0
ballroom/ballroom_Albums-Step_By_Step-15/track.npy,ballroom,0.9883720930232558,1.0,0.9883720930232558,1.0,0.9532974368844722,0.9561340849945108,0.9941520467836257,1.0
ballroom/ballroom_Albums-Step_By_Step-17/track.npy,ballroom,0.9770114942528736,1.0,0.9770114942528736,1.0,0.9478778045027252,0.9595230540128532,0.9883720930232558,1.0
ballroom/ballroom_Albums-StrictlyDancing_Tango-08/track.npy,ballroom,0.9807692307692307,1.0,0.9807692307692307,1.0,0.9514716713835752,0.9508123150625517,0.9902912621359222,1.0
ballroom/ballroom_Media-100606/track.npy,ballroom,1.0,1.0,1.0,1.0,0.9720879501166765,0.9712122167786933,1.0,1.0
ballroom/ballroom_Media-100615/track.npy,ballroom,1.0,1.0,1.0,1.0,0.9351775930870009,0.9197446445879658,1.0,1.0
ballroom/ballroom_Media-103403/track.npy,ballroom,0.98,0.9230769230769231,0.98,0.9230769230769231,0.9695056717159101,0.9479781687415314,0.98989898989899,0.9600000000000001
ballroom/ballroom_Media-103404/track.npy,ballroom,0.9807692307692307,1.0,0.9807692307692307,1.0,0.970833550534429,0.9794290336460428,0.9902912621359222,1.0
ballroom/ballroom_Media-103416/track.npy,ballroom,1.0,1.0,1.0,1.0,0.9630471569542335,0.9753224554388749,1.0,1.0
ballroom/ballroom_Media-103506/track.npy,ballroom,0.9736842105263158,1.0,0.9736842105263158,1.0,0.9242512191961564,0.9626885137629058,0.9866666666666666,1.0
ballroom/ballroom_Media-103513/track.npy,ballroom,1.0,1.0,1.0,1.0,0.9614686936989536,0.95645924441865,1.0,1.0
ballroom/ballroom_Media-103516/track.npy,ballroom,0.9857142857142858,1.0,0.9857142857142858,1.0,0.8767333588092096,0.8670411199229643,0.9928057553956835,1.0
ballroom/ballroom_Media-103601/track.npy,ballroom,0.9795918367346939,1.0,0.9795918367346939,1.0,0.9719424850754418,0.9662876159391436,0.9896907216494846,1.0
ballroom/ballroom_Media-103609/track.npy,ballroom,1.0,1.0,1.0,1.0,0.8972271932774111,0.9040782585140403,1.0,1.0
ballroom/ballroom_Media-103707/track.npy,ballroom,0.9767441860465116,0.9090909090909091,0.9767441860465116,0.9090909090909091,0.9673076213028348,0.9311779653818019,0.988235294117647,0.9523809523809523
ballroom/ballroom_Media-103711/track.npy,ballroom,1.0,1.0,1.0,1.0,0.9416478002043027,0.9052852572292864,1.0,1.0
ballroom/ballroom_Media-103719/track.npy,ballroom,1.0,1.0,1.0,1.0,0.9784959921973718,0.9728802338031078,1.0,1.0
ballroom/ballroom_Media-103801/track.npy,ballroom,0.6730769230769231,0.8461538461538461,0.25,0.8461538461538461,0.44649680734120967,0.2099704740035041,0.27450980392156865,0.24000000000000002
ballroom/ballroom_Media-103802/track.npy,ballroom,1.0,1.0,1.0,1.0,0.9879031474668735,0.9822952896454465,1.0,1.0
ballroom/ballroom_Media-103805/track.npy,ballroom,1.0,1.0,1.0,1.0,0.9714185366738047,0.986489119289718,1.0,1.0
ballroom/ballroom_Media-103806/track.npy,ballroom,0.9523809523809523,1.0,0.9523809523809523,1.0,0.9733617663920433,0.988230922428653,0.9879518072289156,1.0
ballroom/ballroom_Media-103810/track.npy,ballroom,1.0,1.0,1.0,1.0,0.9360134257781707,0.9423413584211243,1.0,1.0
ballroom/ballroom_Media-103908/track.npy,ballroom,1.0,1.0,1.0,1.0,0.9792941050323564,0.9681018586499957,1.0,1.0
ballroom/ballroom_Media-103911/track.npy,ballroom,0.6190476190476191,0.5,0.6190476190476191,0.5,0.7450209384846619,0.6589106930438132,0.7647058823529412,0.6666666666666666
ballroom/ballroom_Media-104004/track.npy,ballroom,0.975609756097561,0.0,0.975609756097561,0.0,0.9461828776905953,2.8583575641388426e-48,0.9876543209876543,0.0
ballroom/ballroom_Media-104206/track.npy,ballroom,0.9814814814814815,0.9285714285714286,0.9814814814814815,0.9285714285714286,0.9365010602464622,0.9181660255019308,0.9906542056074767,0.962962962962963
ballroom/ballroom_Media-104209/track.npy,ballroom,0.974025974025974,0.9615384615384616,0.974025974025974,0.9615384615384616,0.9492027344524014,0.9438368960386289,0.9868421052631579,0.9803921568627451
ballroom/ballroom_Media-104216/track.npy,ballroom,0.9880952380952381,0.9523809523809523,0.9880952380952381,0.9523809523809523,0.9696495038416517,0.9472854393815762,0.9940119760479043,0.975609756097561
ballroom/ballroom_Media-104308/track.npy,ballroom,1.0,1.0,1.0,1.0,0.9795180504233764,0.9790541486021115,1.0,1.0
ballroom/ballroom_Media-104317/track.npy,ballroom,0.9886363636363636,1.0,0.9886363636363636,1.0,0.9509493507314489,0.9464350138070359,0.9942857142857142,1.0
ballroom/ballroom_Media-104507/track.npy,ballroom,0.9736842105263158,1.0,0.9736842105263158,1.0,0.9335513457713543,0.9232371714843208,0.9933774834437086,1.0
ballroom/ballroom_Media-104807/track.npy,ballroom,0.9821428571428571,1.0,0.9821428571428571,1.0,0.9626697323971228,0.9660928313242989,0.9909909909909909,1.0
ballroom/ballroom_Media-104901/track.npy,ballroom,1.0,1.0,1.0,1.0,0.92449367559829,0.9591401948344506,1.0,1.0
ballroom/ballroom_Media-104908/track.npy,ballroom,0.9733333333333334,0.96,0.9733333333333334,0.96,0.9466978317525818,0.9544461916191394,0.9864864864864865,0.9795918367346939
ballroom/ballroom_Media-104918/track.npy,ballroom,1.0,1.0,1.0,1.0,0.9350184527082285,0.9472799621087633,1.0,1.0
ballroom/ballroom_Media-105002/track.npy,ballroom,1.0,1.0,1.0,1.0,0.8842040475212878,0.9271618981223472,1.0,1.0
ballroom/ballroom_Media-105005/track.npy,ballroom,1.0,1.0,1.0,1.0,0.9248847205047807,0.9228820769378442,1.0,1.0
ballroom/ballroom_Media-105011/track.npy,ballroom,0.9868421052631579,0.9615384615384616,0.9868421052631579,0.9615384615384616,0.9529925276305435,0.9450182712806013,0.9933774834437086,0.9803921568627451
ballroom/ballroom_Media-105103/track.npy,ballroom,0.9722222222222222,0.9166666666666666,0.9722222222222222,0.9166666666666666,0.8211867306176992,0.7905089058742768,0.9859154929577464,0.9565217391304348
ballroom/ballroom_Media-105210/track.npy,ballroom,1.0,1.0,1.0,1.0,0.9283684551909106,0.9382808937431776,1.0,1.0
ballroom/ballroom_Media-105304/track.npy,ballroom,0.9722222222222222,0.9166666666666666,0.9722222222222222,0.9166666666666666,0.8875127198049552,0.861068521493771,0.9859154929577464,0.9565217391304348
ballroom/ballroom_Media-105313/track.npy,ballroom,0.9880952380952381,0.9523809523809523,0.9880952380952381,0.9523809523809523,0.9099856656545166,0.8557296714565654,0.9940119760479043,0.975609756097561
ballroom/ballroom_Media-105317/track.npy,ballroom,0.9814814814814815,1.0,0.9814814814814815,1.0,0.8947907483064854,0.9037318605598977,0.9906542056074767,1.0
ballroom/ballroom_Media-105402/track.npy,ballroom,0.9761904761904762,1.0,0.9761904761904762,1.0,0.9525503627831818,0.9752671168673365,0.9879518072289156,1.0
ballroom/ballroom_Media-105411/track.npy,ballroom,1.0,1.0,1.0,1.0,0.9384239153951562,0.9779733475701299,1.0,1.0
ballroom/ballroom_Media-105415/track.npy,ballroom,0.9726027397260274,0.5555555555555556,0.9726027397260274,0.5555555555555556,0.9527544090432669,0.6757114986638564,0.9861111111111112,0.7058823529411765
ballroom/ballroom_Media-105502/track.npy,ballroom,0.972972972972973,1.0,0.972972972972973,1.0,0.7672066579989656,0.828547654955092,0.9589041095890412,1.0
ballroom/ballroom_Media-105509/track.npy,ballroom,0.9594594594594594,1.0,0.9594594594594594,1.0,0.9424218644594683,0.957388538439009,0.9864864864864865,1.0
ballroom/ballroom_Media-105607/track.npy,ballroom,0.9761904761904762,1.0,0.9761904761904762,1.0,0.9712625645223582,0.9837284165069655,0.9879518072289156,1.0
ballroom/ballroom_Media-105706/track.npy,ballroom,0.9464285714285714,0.9285714285714286,0.9464285714285714,0.9285714285714286,0.9479832437974327,0.9303152683116869,0.9724770642201834,0.962962962962963
ballroom/ballroom_Media-105715/track.npy,ballroom,0.9659090909090909,1.0,0.9659090909090909,1.0,0.9158145716048076,0.909217016638504,0.9826589595375723,1.0
ballroom/ballroom_Media-105717/track.npy,ballroom,0.9550561797752809,0.9565217391304348,0.9550561797752809,0.9565217391304348,0.8894401850935845,0.8783835839681727,0.9770114942528736,0.9777777777777777
ballroom/ballroom_Media-105805/track.npy,ballroom,1.0,0.9230769230769231,1.0,0.9230769230769231,0.9211015677880686,0.9207698285670614,1.0,0.9600000000000001
ballroom/ballroom_Media-105904/track.npy,ballroom,1.0,1.0,1.0,1.0,0.9723452578214697,0.9745887408661101,1.0,1.0
ballroom/ballroom_Media-106107/track.npy,ballroom,0.9534883720930233,0.9090909090909091,0.9534883720930233,0.9090909090909091,0.9418514955608922,0.9173604344717076,0.9761904761904763,0.9523809523809523
ballroom/ballroom_Media-106109/track.npy,ballroom,0.9772727272727273,1.0,0.9772727272727273,1.0,0.9630085767989103,0.9771460399035341,0.9885057471264368,1.0
ballroom/ballroom_Media-106116/track.npy,ballroom,0.9594594594594594,1.0,0.9594594594594594,1.0,0.9620866719497974,0.9773153192013102,0.9793103448275862,1.0
ballroom/ballroom_Media-106117/track.npy,ballroom,0.95,1.0,0.95,1.0,0.8526967232906235,0.8403177093667378,0.9743589743589743,1.0
beatles/beatles_01_Please_Please_Me_02_Misery/track.npy,beatles,0.9681818181818181,0.9818181818181818,0.9681818181818181,0.9818181818181818,0.9415781948337834,0.944634101094389,0.9794050343249429,0.9908256880733944
beatles/beatles_01_Please_Please_Me_07_Please_Please_Me/track.npy,beatles,0.99609375,0.9846153846153847,0.99609375,0.9846153846153847,0.9402338170852859,0.9344663865303017,0.9980430528375733,0.9922480620155039
beatles/beatles_02_With_the_Beatles_11_I_Wanna_Be_Your_Man/track.npy,beatles,0.4563380281690141,0.4945054945054945,0.3560606060606061,0.2898550724637681,0.7501805484737984,0.7341799395000894,0.8009049773755655,0.7652173913043478
beatles/beatles_03_A_Hard_Days_Night_02_I_Should_Have_Known_Better/track.npy,beatles,0.9970149253731343,1.0,0.9970149253731343,1.0,0.9762141931739841,0.9773710994200518,0.9985052316890882,1.0
beatles/beatles_03_A_Hard_Days_Night_05_And_I_Love_Her/track.npy,beatles,1.0,1.0,1.0,1.0,0.9751039013004447,0.977133988849302,1.0,1.0
beatles/beatles_04_Beatles_for_Sale_03_Babys_In_Black/track.npy,beatles,0.8380281690140845,0.631578947368421,0.8380281690140845,0.631578947368421,0.3281420976795046,0.20711429255268643,0.7158671586715867,0.4722222222222222
beatles/beatles_04_Beatles_for_Sale_06_Mr_Moonlight/track.npy,beatles,0.9903225806451613,0.9871794871794872,0.9903225806451613,0.9871794871794872,0.722530074700789,0.7340232306109961,0.9870967741935484,0.9806451612903225
beatles/beatles_05_Help_05_Another_Girl/track.npy,beatles,0.9770773638968482,0.9418604651162791,0.0029154518950437317,0.0,0.6707439195665612,0.6375608865963283,0.6640926640926641,0.6356589147286822
beatles/beatles_05_Help_12_Ive_Just_Seen_a_Face/track.npy,beatles,0.7842323651452282,0.9344262295081968,0.7842323651452282,0.9344262295081968,0.7318731449678267,0.745874866010974,0.8601694915254237,0.8739495798319327
beatles/beatles_06_Rubber_Soul_02_Norwegian_Wood_(This_Bird_Has_Flown)/track.npy,beatles,0.9941520467836257,0.543859649122807,0.9941520467836257,0.543859649122807,0.9017378765566378,0.770956453728773,0.9956076134699854,0.8613861386138614
beatles/beatles_07_Revolver_01_Taxman/track.npy,beatles,0.9940298507462687,1.0,0.9940298507462687,1.0,0.9262183501104853,0.9335448354501491,0.997005988023952,1.0
beatles/beatles_07_Revolver_05_Here_There_And_Everywhere/track.npy,beatles,0.9615384615384616,0.9347826086956522,0.9615384615384616,0.9347826086956522,0.9314110306888084,0.9267397309048432,0.978021978021978,0.9777777777777777
beatles/beatles_08_Sgt_Peppers_Lonely_Hearts_Club_Band_08_Within_You_Without_You/track.npy,beatles,0.6970740103270223,0.42142857142857143,0.6970740103270223,0.42142857142857143,0.6977905718094006,0.4880009094576439,0.7469026548672566,0.5151515151515151
beatles/beatles_08_Sgt_Peppers_Lonely_Hearts_Club_Band_10_Lovely_Rita/track.npy,beatles,1.0,1.0,1.0,1.0,0.9625459104134325,0.9531135540607827,1.0,1.0
beatles/beatles_09_Magical_Mystery_Tour_08_Strawberry_Fields_Forever/track.npy,beatles,0.8944591029023746,0.5288461538461539,0.8944591029023746,0.5288461538461539,0.741678320606933,0.5655249611458896,0.9013333333333333,0.7
beatles/beatles_10_CD1_The_Beatles_07_While_My_Guitar_Gently_Weeps/track.npy,beatles,0.8519924098671727,0.9015151515151515,0.8519924098671727,0.9015151515151515,0.914965145085824,0.9140315537399896,0.961576354679803,0.9689922480620156
beatles/beatles_10_CD1_The_Beatles_12_Piggies/track.npy,beatles,0.9819277108433735,0.4819277108433735,0.9819277108433735,0.3333333333333333,0.9055567260620317,0.7390605802184544,0.9909365558912386,0.8
beatles/beatles_10_CD1_The_Beatles_17_Julia/track.npy,beatles,0.665158371040724,0.8913043478260869,0.665158371040724,0.8913043478260869,0.8455572739086151,0.9117401741825456,0.9059405940594059,0.9720670391061452
beatles/beatles_10_CD2_The_Beatles_02_Yer_Blues/track.npy,beatles,0.9258555133079848,0.6423841059602649,0.9258555133079848,0.6423841059602649,0.8638208100364724,0.7576559930455701,0.9356388088376562,0.815068493150685
beatles/beatles_11_Abbey_Road_04_Oh_Darling/track.npy,beatles,0.0,0.5847457627118644,0.0,0.0,0.47823800571436825,0.6778850858316581,0.4960212201591512,0.5575757575757576
beatles/beatles_11_Abbey_Road_06_I_Want_You/track.npy,beatles,0.7926455566905005,0.47381546134663344,0.7926455566905005,0.18681318681318682,0.9097892738210684,0.7051805655967012,0.9359658484525081,0.6877637130801688
beatles/beatles_12_Let_It_Be_07_Maggie_Mae/track.npy,beatles,0.978021978021978,0.9130434782608695,0.0,0.0,0.7869363861629539,0.7661516194260196,0.6617647058823529,0.6470588235294118
candombe/csic.1995_ansina1_01/track.npy,candombe,1.0,1.0,1.0,1.0,0.9770274694126118,0.97209352474203,1.0,1.0
candombe/csic.1995_cuareim_02/track.npy,candombe,0.9974683544303797,1.0,0.9974683544303797,1.0,0.9841763561081782,0.9840855949289321,0.999366687777074,1.0
candombe/proyecto.1992_lobo_06/track.npy,candombe,0.9811827956989247,0.989247311827957,0.9811827956989247,0.989247311827957,0.9732955206112676,0.9772347314097386,0.991891891891892,0.9945945945945946
candombe/zavala.muniz.2014_52/track.npy,candombe,1.0,1.0,1.0,1.0,0.9804291552222969,0.9827291090796991,1.0,1.0
candombe/zavala.muniz.2014_55/track.npy,candombe,1.0,1.0,1.0,1.0,0.9692890835843094,0.9723692834211426,1.0,1.0
filosax/filosax_04/track.npy,filosax,0.9984894259818731,0.9940119760479041,0.9984894259818731,0.9940119760479041,0.9324656426079773,0.9206783534513103,0.999244142101285,0.996996996996997
filosax/filosax_05/track.npy,filosax,0.9947826086956522,1.0,0.9947826086956522,1.0,0.9421151652620128,0.9450118505021372,0.997384481255449,1.0
filosax/filosax_09/track.npy,filosax,0.9921372408863474,0.9886039886039886,0.9921372408863474,0.9886039886039886,0.9472437028434452,0.9358216012204837,0.9967753493371552,0.9957081545064378
filosax/filosax_13/track.npy,filosax,0.924613987284287,0.9347826086956522,0.924613987284287,0.9347826086956522,0.9077213443955325,0.8883103291918428,0.9782709200184928,0.9618874773139746
filosax/filosax_20/track.npy,filosax,0.9960732984293194,0.9947916666666666,0.9960732984293194,0.9947916666666666,0.8214776508224583,0.8276406396517689,0.993455497382199,0.9921671018276764
filosax/filosax_26/track.npy,filosax,0.9932356257046223,0.9910313901345291,0.9932356257046223,0.9910313901345291,0.9414491459799724,0.9291990880053577,0.9966101694915255,0.9954954954954954
groove_midi/drummer10_session1_9_jazz-swing_110_beat_4-4/track.npy,groove_midi,0.9933110367892977,0.821917808219178,0.9933110367892977,0.02702702702702703,0.6036933556698364,0.2747564077188879,0.9932885906040269,0.0958904109589041
groove_midi/drummer1_eval_session_8_rock-groove8_65_beat_4-4/track.npy,groove_midi,1.0,1.0,1.0,1.0,0.9298924077362375,0.9048389251227948,1.0,1.0
groove_midi/drummer1_eval_session_9_soul-groove9_105_beat_4-4/track.npy,groove_midi,1.0,1.0,1.0,1.0,0.9482284418074316,0.9316471671763484,1.0,1.0
groove_midi/drummer1_session1_176_afrocuban_105_beat_4-4/track.npy,groove_midi,0.7597911227154047,0.631578947368421,0.7597911227154047,0.631578947368421,0.7856219807417625,0.6949430458639727,0.8355437665782494,0.742857142857143
groove_midi/drummer1_session1_78_jazz-fast_290_beat_4-4/track.npy,groove_midi,0.3286290322580645,0.46987951807228917,0.3286290322580645,0.08870967741935484,0.655785780737569,0.5006822962978388,0.7389277389277391,0.5217391304347826
groove_midi/drummer1_session2_161_afrocuban-rhumba_110_beat_4-4/track.npy,groove_midi,0.662621359223301,0.7735849056603774,0.662621359223301,0.7735849056603774,0.6052977073888124,0.5968645391738603,0.6674816625916871,0.6570048309178744
groove_midi/drummer1_session2_32_punk_140_beat_4-4/track.npy,groove_midi,0.9941176470588236,1.0,0.9941176470588236,1.0,0.8915372237361328,0.8967657215229077,0.9985272459499264,1.0
groove_midi/drummer1_session3_15_funk_117_beat_4-4/track.npy,groove_midi,0.996309963099631,0.5217391304347826,0.996309963099631,0.5217391304347826,0.9362037806333677,0.5316706146734376,0.996309963099631,0.5693430656934305
groove_midi/drummer1_session3_16_funk_117_beat_4-4/track.npy,groove_midi,0.8430232558139535,0.7317073170731707,0.8430232558139535,0.7317073170731707,0.9087681742237234,0.810227634148842,0.9518072289156626,0.8395061728395061
groove_midi/drummer1_session3_3_rock-rockabilly_200_beat_4-4/track.npy,groove_midi,0.9941634241245136,0.9922480620155039,0.0,0.0,0.7962923656950694,0.8019950644579397,0.6645035691109669,0.6649350649350649
groove_midi/drummer1_session3_5_jazz-linear_128_beat_4-4/track.npy,groove_midi,0.6282420749279539,0.2972972972972973,0.16759776536312848,0.1,0.7065820164460115,0.4513299624374097,0.7189265536723164,0.46842105263157885
groove_midi/drummer3_session2_25_hiphop_92_beat_4-4/track.npy,groove_midi,0.9811320754716981,0.9285714285714286,0.9811320754716981,0.9285714285714286,0.8380778255799742,0.8139281655348315,0.9904761904761905,0.962962962962963
groove_midi/drummer3_session2_37_rock_92_beat_4-4/track.npy,groove_midi,0.9393939393939394,1.0,0.9393939393939394,1.0,0.8940450408678177,0.894671270686892,0.9846153846153847,1.0
groove_midi/drummer3_session2_5_rock_100_beat_4-4/track.npy,groove_midi,1.0,1.0,1.0,1.0,0.8022230489716476,0.8361840141414085,0.9830508474576272,1.0
groove_midi/drummer4_session1_1_rock_87_beat_4-4/track.npy,groove_midi,0.9736842105263158,1.0,0.9736842105263158,0.0,0.8922379673399031,0.45235951357505744,0.9933774834437086,0.0
groove_midi/drummer4_session1_2_jazz_158_beat_4-4/track.npy,groove_midi,0.9915966386554622,0.896551724137931,0.9915966386554622,0.896551724137931,0.7053325266248697,0.6109150488719406,0.9957805907172996,0.912280701754386
groove_midi/drummer5_eval_session_1_funk-groove1_138_beat_4-4/track.npy,groove_midi,0.9811320754716981,0.9285714285714286,0.9811320754716981,0.9285714285714286,0.7901777944565974,0.803257127533967,0.9904761904761905,0.962962962962963
groove_midi/drummer5_session1_14_latin-brazilian-songo_112_beat_4-4/track.npy,groove_midi,0.9960732984293194,0.9895287958115183,0.9960732984293194,0.9895287958115183,0.9449548318714558,0.9440321055237266,0.9980353634577603,0.9947643979057592
groove_midi/drummer5_session1_1_latin-brazilian-bossa_127_beat_4-4/track.npy,groove_midi,0.669374492282697,0.8098159509202454,0.669374492282697,0.8098159509202454,0.6834912002089643,0.6695211206733551,0.7378719934773746,0.7215189873417721
groove_midi/drummer5_session1_2_latin-brazilian-bossa_127_beat_4-4/track.npy,groove_midi,0.9891640866873065,0.9968944099378882,0.9891640866873065,0.9968944099378882,0.9285591903591375,0.9303030329693612,0.9953416149068324,0.9953343701399688
groove_midi/drummer5_session2_21_latin-brazilian-ijexa_108_beat_4-4/track.npy,groove_midi,0.9833333333333333,0.9333333333333333,0.9833333333333333,0.0,0.9576143025836233,0.46623305936875736,0.9915966386554621,0.0
groove_midi/drummer5_session2_24_latin-brazilian-songo_120_beat_4-4/track.npy,groove_midi,0.9136690647482014,0.9295774647887324,0.9136690647482014,0.9295774647887324,0.869511394023047,0.8644536073409312,0.9239130434782609,0.906474820143885
groove_midi/drummer6_session1_3_rock_80_beat_6-8/track.npy,groove_midi,1.0,0.0,1.0,0.0,0.8210038182457811,0.8220942427652378,1.0,0.6666666666666666
groove_midi/drummer6_session1_4_rock_80_beat_6-8/track.npy,groove_midi,1.0,0.0,1.0,0.0,0.8941399592193523,0.35402373833568945,1.0,0.4166666666666667
groove_midi/drummer6_session1_5_rock_60_beat_6-8/track.npy,groove_midi,0.0,0.0,0.0,0.0,0.4205974198719838,0.2930735237914197,0.4973544973544974,0.2978723404255319
groove_midi/drummer6_session2_1_rock_95_beat_4-4/track.npy,groove_midi,0.9860627177700348,0.9027777777777778,0.9860627177700348,0.9027777777777778,0.8377456346945183,0.7820788909656113,0.993006993006993,0.9166666666666666
groove_midi/drummer6_session2_2_rock_95_beat_4-4/track.npy,groove_midi,0.8947368421052632,0.963302752293578,0.011627906976744186,0.018691588785046728,0.6619092861171694,0.6731230073097099,0.6440677966101694,0.6419753086419753
groove_midi/drummer7_eval_session_1_funk-groove1_138_beat_4-4/track.npy,groove_midi,0.9811320754716981,0.9285714285714286,0.9811320754716981,0.9285714285714286,0.9303579927823316,0.9122522146758295,0.9904761904761905,0.962962962962963
groove_midi/drummer7_session2_112_jazz-fusion_96_beat_4-4/track.npy,groove_midi,1.0,1.0,1.0,1.0,0.9470195241363503,0.934475311324561,1.0,1.0
groove_midi/drummer7_session2_123_hiphop_140_beat_4-4/track.npy,groove_midi,1.0,1.0,0.0,0.0,0.762632619122412,0.7726797173554483,0.6684782608695652,0.6666666666666666
groove_midi/drummer7_session2_79_funk_100_beat_4-4/track.npy,groove_midi,1.0,1.0,1.0,1.0,0.9841614506451651,0.9831798294315447,1.0,1.0
groove_midi/drummer7_session3_38_hiphop_67_beat_4-4/track.npy,groove_midi,1.0,1.0,1.0,1.0,0.921987331396721,0.909859898874905,1.0,1.0
groove_midi/drummer7_session3_47_funk_112_beat_4-4/track.npy,groove_midi,0.9941520467836257,1.0,0.9941520467836257,1.0,0.9397844964109556,0.9382140663902105,0.9970674486803519,1.0
groove_midi/drummer8_session1_12_latin_118_beat_4-4/track.npy,groove_midi,0.9759450171821306,1.0,0.9759450171821306,1.0,0.8876851428891822,0.9159768859686702,0.9861591695501729,0.9861111111111112
groove_midi/drummer8_session1_13_latin_118_beat_4-4/track.npy,groove_midi,0.769811320754717,0.9846153846153847,0.769811320754717,0.9846153846153847,0.781669887580078,0.868559020793667,0.8804554079696396,0.9846153846153847
groove_midi/drummer8_session1_17_afrobeat_90_beat_4-4/track.npy,groove_midi,0.9908675799086758,1.0,0.9908675799086758,1.0,0.964419244247108,0.9705308076837124,0.9954128440366972,1.0
groove_midi/drummer8_session1_20_rock-shuffle_112_beat_4-4/track.npy,groove_midi,0.9964285714285714,1.0,0.9964285714285714,1.0,0.9331331258160285,0.9420611877925579,0.998211091234347,1.0
groove_midi/drummer8_session1_4_hiphop_90_beat_4-4/track.npy,groove_midi,1.0,1.0,1.0,1.0,0.9413171914545678,0.9386419379115137,1.0,1.0
groove_midi/drummer8_session1_8_funk_96_beat_4-4/track.npy,groove_midi,0.9959839357429718,0.9841269841269841,0.9959839357429718,0.9841269841269841,0.9639025964100717,0.9539619627366238,0.9979879275653923,0.9919999999999999
groove_midi/drummer9_session1_18_rock_120_beat_4-4/track.npy,groove_midi,0.9714285714285714,1.0,0.9714285714285714,1.0,0.7217933335494453,0.7551025090235532,0.9855072463768115,1.0
groove_midi/drummer9_session1_20_rock_120_beat_4-4/track.npy,groove_midi,0.9966101694915255,1.0,0.9966101694915255,1.0,0.885862262123645,0.8945140488622798,0.99830220713073,1.0
groove_midi/drummer9_session1_24_rock_90_beat_4-4/track.npy,groove_midi,0.9896907216494846,0.96,0.9896907216494846,0.96,0.911539051464204,0.8960135590544401,0.9948186528497409,0.9795918367346939
guitarset/00_Funk2-119-G_comp_mix/track.npy,guitarset,0.8928571428571429,1.0,0.8928571428571429,1.0,0.9315359645771002,0.9664388351565937,0.9636363636363636,1.0
guitarset/00_Jazz1-130-D_comp_mix/track.npy,guitarset,0.9736842105263158,0.4444444444444444,0.9736842105263158,0.4444444444444444,0.9094920766198907,0.4496974709892584,0.9866666666666666,0.47058823529411764
guitarset/00_Rock1-130-A_comp_mix/track.npy,guitarset,1.0,1.0,1.0,1.0,0.9185580046852214,0.8633890013411162,1.0,1.0
guitarset/00_SS3-98-C_comp_mix/track.npy,guitarset,0.9821428571428571,0.9285714285714286,0.9821428571428571,0.9285714285714286,0.9581509088605397,0.9262540931412532,0.9909909909909909,0.962962962962963
guitarset/01_BN1-129-Eb_comp_mix/track.npy,guitarset,1.0,1.0,1.0,1.0,0.9646559905192397,0.9620368953418755,1.0,1.0
guitarset/01_BN1-147-Gb_comp_mix/track.npy,guitarset,1.0,1.0,1.0,1.0,0.9778272316115141,0.9783307590048412,1.0,1.0
guitarset/01_Funk3-98-A_comp_mix/track.npy,guitarset,1.0,1.0,1.0,1.0,0.9718755531854663,0.9505905707557003,1.0,1.0
guitarset/01_SS1-68-E_comp_mix/track.npy,guitarset,0.9534883720930233,0.8,0.9534883720930233,0.8,0.8724661750634014,0.7340091714863728,0.988235294117647,0.888888888888889
guitarset/02_BN1-129-Eb_comp_mix/track.npy,guitarset,1.0,1.0,1.0,1.0,0.9403860717008662,0.9339525132712316,1.0,1.0
guitarset/02_BN3-154-E_comp_mix/track.npy,guitarset,1.0,1.0,1.0,1.0,0.9662893871492514,0.9519156443945107,1.0,1.0
guitarset/02_Funk1-114-Ab_comp_mix/track.npy,guitarset,1.0,1.0,1.0,1.0,0.951584366059419,0.9516878907871708,1.0,1.0
guitarset/02_Funk1-97-C_comp_mix/track.npy,guitarset,1.0,1.0,1.0,1.0,0.954899156694058,0.9433893415173793,1.0,1.0
guitarset/03_Funk3-112-C#_comp_mix/track.npy,guitarset,0.8245614035087719,1.0,0.8245614035087719,1.0,0.8510834802209158,0.8738978945690239,0.9009009009009009,0.9230769230769231
guitarset/03_Rock1-90-C#_comp_mix/track.npy,guitarset,0.41025641025641024,0.6,0.325,0.6,0.4165902302495327,0.3410284489992431,0.4155844155844156,0.4210526315789474
guitarset/03_SS2-88-F_comp_mix/track.npy,guitarset,1.0,1.0,1.0,1.0,0.926759059953035,0.9430059270434563,1.0,1.0
guitarset/04_BN3-119-G_comp_mix/track.npy,guitarset,0.9818181818181818,0.9285714285714286,0.9818181818181818,0.9285714285714286,0.9617309587955023,0.9355021964805829,0.9908256880733944,0.962962962962963
guitarset/04_Funk1-114-Ab_comp_mix/track.npy,guitarset,1.0,1.0,1.0,1.0,0.9633966540994482,0.944743812664336,1.0,1.0
guitarset/04_Jazz1-130-D_comp_mix/track.npy,guitarset,1.0,1.0,1.0,1.0,0.9626730805559826,0.9522013380551226,1.0,1.0
guitarset/04_Rock2-142-D_comp_mix/track.npy,guitarset,1.0,1.0,1.0,1.0,0.9594895393289495,0.9502743365296472,1.0,1.0
guitarset/04_SS3-84-Bb_comp_mix/track.npy,guitarset,0.864406779661017,0.9333333333333333,0.864406779661017,0.9333333333333333,0.7948021110562163,0.8065249344612642,0.9310344827586206,0.896551724137931
guitarset/05_Funk3-98-A_comp_mix/track.npy,guitarset,0.9272727272727272,0.8461538461538461,0.9272727272727272,0.8461538461538461,0.9219577571316356,0.9008090803373114,0.9724770642201834,0.9600000000000001
guitarset/05_Rock3-117-Bb_comp_mix/track.npy,guitarset,0.9818181818181818,0.9285714285714286,0.9818181818181818,0.9285714285714286,0.9318256417666634,0.9182055897068807,0.9908256880733944,0.962962962962963
guitarset/05_Rock3-148-C_comp_mix/track.npy,guitarset,0.9622641509433962,1.0,0.9622641509433962,1.0,0.9520751283950207,0.9813712605086207,0.9807692307692307,1.0
hainsworth/hainsworth_008/track.npy,hainsworth,0.9900990099009901,0.6,0.9900990099009901,0.6,0.9118782763022123,0.5568473955738116,0.9950248756218906,0.6122448979591836
hainsworth/hainsworth_013/track.npy,hainsworth,0.7288135593220338,0.7586206896551724,0.7288135593220338,0.11538461538461539,0.6450038307309183,0.4797562774530562,0.8135593220338985,0.5853658536585367
hainsworth/hainsworth_015/track.npy,hainsworth,1.0,1.0,1.0,1.0,0.9631505121789499,0.9462383982137226,1.0,1.0
hainsworth/hainsworth_020/track.npy,hainsworth,1.0,1.0,1.0,1.0,0.9565259124127072,0.9506461282101791,1.0,1.0
hainsworth/hainsworth_022/track.npy,hainsworth,0.5604395604395604,0.6086956521739131,0.2777777777777778,0.0,0.7938068511353424,0.6412824854331542,0.7796610169491525,0.4666666666666666
hainsworth/hainsworth_048/track.npy,hainsworth,1.0,1.0,1.0,1.0,0.9760070753598531,0.9893927378275814,1.0,1.0
hainsworth/hainsworth_066/track.npy,hainsworth,1.0,1.0,1.0,1.0,0.9789962922487775,0.9808891453766811,1.0,1.0
hainsworth/hainsworth_071/track.npy,hainsworth,1.0,0.7307692307692307,1.0,0.7307692307692307,0.9716553158659964,0.7786453619058413,1.0,0.8076923076923077
hainsworth/hainsworth_072/track.npy,hainsworth,1.0,1.0,1.0,1.0,0.9785991132545334,0.9786858462032436,1.0,1.0
hainsworth/hainsworth_077/track.npy,hainsworth,1.0,0.3939393939393939,1.0,0.2916666666666667,0.9170261715007266,0.6690104874525322,1.0,0.6829268292682927
hainsworth/hainsworth_086/track.npy,hainsworth,1.0,1.0,1.0,1.0,0.943235964095363,0.9335500232351479,1.0,1.0
hainsworth/hainsworth_090/track.npy,hainsworth,1.0,0.8125,1.0,0.8125,0.9738073560921375,0.9190197179588212,1.0,0.9508196721311475
hainsworth/hainsworth_091/track.npy,hainsworth,1.0,0.5333333333333333,1.0,0.3333333333333333,0.9474276056783506,0.5149780642438011,1.0,0.4137931034482759
hainsworth/hainsworth_097/track.npy,hainsworth,0.9659090909090909,1.0,0.9659090909090909,1.0,0.8944734953118982,0.9064327429334526,0.9826589595375723,1.0
hainsworth/hainsworth_102/track.npy,hainsworth,1.0,1.0,1.0,1.0,0.9581883558103327,0.962850014568832,1.0,1.0
hainsworth/hainsworth_125/track.npy,hainsworth,0.7352941176470589,0.26666666666666666,0.7352941176470589,0.26666666666666666,0.5018098667979035,0.2838472655146665,0.682170542635659,0.3448275862068965
hainsworth/hainsworth_126/track.npy,hainsworth,0.703125,0.2,0.703125,0.045454545454545456,0.5148313640030625,0.12051300445091453,0.6896551724137931,0.1142857142857143
hainsworth/hainsworth_131/track.npy,hainsworth,0.358974358974359,1.0,0.3541666666666667,1.0,0.41769196151852733,0.4792381187515888,0.5747126436781609,0.5833333333333334
hainsworth/hainsworth_137/track.npy,hainsworth,0.7058823529411765,0.45,0.7058823529411765,0.45,0.8846605168682096,0.7870310222991762,0.9182389937106918,0.8205128205128205
hainsworth/hainsworth_147/track.npy,hainsworth,1.0,1.0,1.0,1.0,0.9530095065774672,0.9368418377805735,1.0,1.0
hainsworth/hainsworth_152/track.npy,hainsworth,0.42857142857142855,1.0,0.0,0.0,0.3700740572010134,6.972391799990807e-06,0.2777777777777778,0.0
hainsworth/hainsworth_169/track.npy,hainsworth,1.0,0.8,1.0,0.8,0.9846613606002195,0.9286120678780816,1.0,0.9333333333333333
hainsworth/hainsworth_172/track.npy,hainsworth,1.0,1.0,1.0,1.0,0.9617055885703066,0.9764866914403861,1.0,1.0
hainsworth/hainsworth_173/track.npy,hainsworth,1.0,1.0,1.0,1.0,0.9755913196835204,0.9628401766034669,1.0,1.0
hainsworth/hainsworth_195/track.npy,hainsworth,0.7162162162162162,1.0,0.7162162162162162,1.0,0.8317052865608271,0.849781157440499,0.927536231884058,1.0
hainsworth/hainsworth_209/track.npy,hainsworth,0.9418604651162791,0.68,0.0,0.14634146341463414,0.7467321235933446,0.7348262084265994,0.6558704453441295,0.6969696969696971
hainsworth/hainsworth_213/track.npy,hainsworth,1.0,1.0,1.0,1.0,0.9714808547483128,0.9714650971619128,1.0,1.0
hainsworth/hainsworth_226/track.npy,hainsworth,0.9876543209876543,1.0,0.9876543209876543,1.0,0.9617302447813197,0.9748853404312424,0.9937888198757764,1.0
harmonix/0008_america/track.npy,harmonix,0.9950124688279302,1.0,0.9950124688279302,1.0,0.9168934614436679,0.8970285684692619,0.9925187032418953,0.99
harmonix/0010_andjusticeforall/track.npy,harmonix,0.9110546378653113,0.5324324324324324,0.9110546378653113,0.5324324324324324,0.8536370523580884,0.6042905557055331,0.9625564880568109,0.6979472140762463
harmonix/0013_athingaboutyou/track.npy,harmonix,0.9636118598382749,0.8695652173913043,0.9636118598382749,0.8695652173913043,0.9259809543311901,0.8721478705187059,0.9782312925170068,0.9252077562326869
harmonix/0035_boyfriend/track.npy,harmonix,0.9925093632958801,0.0,0.9925093632958801,0.0,0.9393441521964276,5.88210898413631e-49,0.9962406015037594,0.0
harmonix/0039_bulletproof/track.npy,harmonix,1.0,1.0,1.0,1.0,0.9085812810123134,0.9121813206035215,1.0,1.0
harmonix/0041_calabria/track.npy,harmonix,1.0,0.9603960396039604,1.0,0.9603960396039604,0.9799366752919314,0.9644428323580694,1.0,0.9849246231155778
harmonix/0043_callmemaybe/track.npy,harmonix,0.9865591397849462,0.989247311827957,0.9865591397849462,0.989247311827957,0.9346460822572388,0.9357859913733485,0.9905787348586811,0.989247311827957
harmonix/0061_dabutt/track.npy,harmonix,0.9818181818181818,0.9895833333333334,0.9818181818181818,0.9895833333333334,0.9594503710068425,0.9641066770161467,0.9908256880733944,0.9947643979057591
harmonix/0067_deep/track.npy,harmonix,0.9624819624819625,0.4434782608695652,0.9624819624819625,0.004329004329004329,0.9175725167948091,0.5830248527359082,0.9817384952520087,0.6127167630057804
harmonix/0068_devilsisland/track.npy,harmonix,0.9189842805320435,0.7990430622009569,0.9189842805320435,0.7990430622009569,0.9219016380669428,0.8328709630066308,0.9784615384615384,0.8861386138613861
harmonix/0072_discoinferno/track.npy,harmonix,0.4594594594594595,0.7580645161290323,0.4594594594594595,0.7580645161290323,0.3242084160340974,0.2659675747301786,0.42342342342342343,0.35897435897435903
harmonix/0079_dontyouwantme/track.npy,harmonix,0.9955947136563876,0.9912280701754386,0.9955947136563876,0.9912280701754386,0.9519606713567356,0.9644187256186029,0.9966923925027563,0.9955947136563876
harmonix/0092_fergalicious/track.npy,harmonix,0.9967689822294022,0.9871794871794872,0.9967689822294022,0.9871794871794872,0.9798831422180387,0.9751845544504097,0.9983818770226538,0.9935483870967742
harmonix/0093_fireburning/track.npy,harmonix,0.9964539007092199,0.9861111111111112,0.9964539007092199,0.9861111111111112,0.9402391894845453,0.9348216399434874,0.9982238010657194,0.993006993006993
harmonix/0096_fivemagics/track.npy,harmonix,0.801354401805869,0.6926829268292682,0.801354401805869,0.6926829268292682,0.8141444414795191,0.7101072723621548,0.8775981524249422,0.7536945812807883
harmonix/0098_floods/track.npy,harmonix,0.5743651753325272,0.3163265306122449,0.5743651753325272,0.3163265306122449,0.7437981193533323,0.38093297014389366,0.7819453273998729,0.39897698209718674
harmonix/0100_futureperfecttense/track.npy,harmonix,0.5890688259109311,0.4626865671641791,0.06889564336372847,0.4626865671641791,0.6477829788397786,0.49272472408970264,0.653061224489796,0.5220883534136546
harmonix/0113_giveituptome/track.npy,harmonix,1.0,0.4426229508196721,1.0,0.39344262295081966,0.9483046998618987,0.5604044489020438,1.0,0.4999999999999999
harmonix/0114_givemeeverything/track.npy,harmonix,1.0,1.0,1.0,1.0,0.9386002660034133,0.9388516526937352,1.0,1.0
harmonix/0128_homecoming/track.npy,harmonix,0.6999238385376999,0.745928338762215,0.6999238385376999,0.745928338762215,0.8274681391687756,0.8302117595867098,0.8655357881671494,0.8698630136986302
harmonix/0137_iknowyouwantme/track.npy,harmonix,0.996309963099631,1.0,0.996309963099631,1.0,0.9801328019370139,0.9834971607659775,0.9981515711645101,1.0
harmonix/0139_imcomingout/track.npy,harmonix,0.9965753424657534,0.6845637583892618,0.9965753424657534,0.6845637583892618,0.9739727248814022,0.7280054219029682,0.9974293059125964,0.7457627118644069
harmonix/0197_nothinonyou/track.npy,harmonix,0.9929328621908127,1.0,0.9929328621908127,1.0,0.9387466979262189,0.9425075908735453,0.9964664310954063,1.0
harmonix/0234_roundandround/track.npy,harmonix,0.9970238095238095,0.9882352941176471,0.9970238095238095,0.9882352941176471,0.9700525576109108,0.966846559363009,0.9985096870342772,0.9940828402366864
harmonix/0238_sambadejaneiro/track.npy,harmonix,0.9584487534626038,0.9111111111111111,0.9584487534626038,0.9111111111111111,0.9100541727811615,0.8655184583378704,0.9859943977591037,0.9438202247191012
harmonix/0246_scenario/track.npy,harmonix,0.9951923076923077,0.9252336448598131,0.9951923076923077,0.9252336448598131,0.966992427241322,0.9491750664116478,0.9963898916967511,0.9809523809523809
harmonix/0251_sexychick/track.npy,harmonix,1.0,1.0,1.0,1.0,0.9599152257937027,0.9607818516035512,1.0,1.0
harmonix/0255_sleepwalker/track.npy,harmonix,0.7978620019436345,0.8835341365461847,0.7978620019436345,0.8835341365461847,0.8324450414053876,0.8362958315374187,0.8993089832181639,0.9079754601226994
harmonix/0279_thebreaks/track.npy,harmonix,0.9988412514484357,1.0,0.9988412514484357,1.0,0.9293136972498208,0.933410648970083,0.9994202898550725,1.0
harmonix/0292_timeslikethese/track.npy,harmonix,0.9046728971962616,0.5454545454545454,0.9046728971962616,0.5454545454545454,0.9217419930086455,0.8028538469072725,0.9499509322865555,0.8296943231441047
harmonix/0295_toxic/track.npy,harmonix,0.9978401727861771,0.9913793103448276,0.9978401727861771,0.9913793103448276,0.9726850497444856,0.9640456619560044,0.9989189189189189,0.9956709956709957
harmonix/0298_turnmeon/track.npy,harmonix,0.9959677419354839,0.7692307692307693,0.9959677419354839,0.1076923076923077,0.9624674513673762,0.49100878388585945,0.997979797979798,0.15873015873015875
harmonix/0308_whatislove/track.npy,harmonix,1.0,1.0,1.0,1.0,0.9551479811442581,0.9567603174143632,1.0,1.0
harmonix/0337_alwayssomethingthere/track.npy,harmonix,0.7958833619210978,0.8904109589041096,0.7958833619210978,0.8904109589041096,0.818506819478811,0.8295063996502111,0.9237749546279492,0.9130434782608695
harmonix/0345_beinlovetonight/track.npy,harmonix,0.9947916666666666,1.0,0.9947916666666666,1.0,0.9838125107028013,0.9855258672266345,0.9973890339425587,1.0
harmonix/0349_blow/track.npy,harmonix,0.9952038369304557,1.0,0.9952038369304557,1.0,0.9736164848286676,0.9751915369328308,0.9975961538461539,1.0
harmonix/0350_blowme/track.npy,harmonix,0.9906103286384976,1.0,0.9906103286384976,1.0,0.9773695553097274,0.981342453348997,0.9952941176470589,1.0
harmonix/0351_blowup/track.npy,harmonix,1.0,1.0,1.0,1.0,0.8470889861725711,0.8424094827943531,1.0,1.0
harmonix/0353_bottomsup/track.npy,harmonix,0.9862068965517241,1.0,0.0,0.0,0.786464796478654,0.7795947605193125,0.6635730858468677,0.6697674418604651
harmonix/0363_darkside/track.npy,harmonix,0.9833333333333333,0.9809523809523809,0.9833333333333333,0.9809523809523809,0.9613239826289,0.9596997074492613,0.9797377830750893,0.9760765550239234
harmonix/0372_drinkinmyhand/track.npy,harmonix,0.9970059880239521,1.0,0.9970059880239521,1.0,0.9157778927969578,0.9091021928501997,0.9985007496251874,1.0
harmonix/0377_eatdirt/track.npy,harmonix,0.8683602771362586,0.9166666666666666,0.8683602771362586,0.9166666666666666,0.9235991637484344,0.9309881584780119,0.9641148325358853,0.9716981132075472
harmonix/0382_fatherofmine/track.npy,harmonix,0.9972222222222222,1.0,0.9972222222222222,1.0,0.9565700460313938,0.9531391232254285,0.9986091794158554,1.0
harmonix/0385_fiveoclock/track.npy,harmonix,0.993006993006993,1.0,0.993006993006993,1.0,0.9322018777283668,0.9259174487495204,0.9964912280701755,1.0
harmonix/0393_giveyourheartabreak/track.npy,harmonix,1.0,1.0,1.0,1.0,0.9586912901922263,0.957422283596241,1.0,1.0
harmonix/0395_gold/track.npy,harmonix,0.9963768115942029,0.9855072463768116,0.9963768115942029,0.9855072463768116,0.980644971809646,0.9694841775687243,0.9981851179673321,0.9927007299270074
harmonix/0401_hello/track.npy,harmonix,0.9235181644359465,0.8931297709923665,0.9235181644359465,0.8931297709923665,0.9275826453446474,0.923074439235893,0.977648202137998,0.9725490196078431
harmonix/0403_heybaby/track.npy,harmonix,0.9952830188679245,0.9174311926605505,0.9952830188679245,0.9174311926605505,0.9717088066064243,0.9544723693554485,0.9976359338061466,0.9767441860465116
harmonix/0428_kingofanything/track.npy,harmonix,0.9022556390977443,0.9693877551020408,0.9022556390977443,0.9693877551020408,0.5570500078543917,0.5460688560678038,0.9654289372599233,0.9637305699481866
harmonix/0431_letitrain/track.npy,harmonix,0.9858657243816255,0.9859154929577465,0.9858657243816255,0.9859154929577465,0.9562406401625407,0.9546775358696288,0.9928825622775801,0.9929078014184397
harmonix/0439_lovethewayyoulie/track.npy,harmonix,0.972972972972973,0.989247311827957,0.972972972972973,0.989247311827957,0.5203039675024621,0.46430394339949477,0.9201623815967523,0.918918918918919
harmonix/0445_memories/track.npy,harmonix,0.997716894977169,0.990909090909091,0.997716894977169,0.990909090909091,0.74255231346781,0.757746115418366,0.9988571428571429,0.995433789954338
harmonix/0447_mindyourmanners/track.npy,harmonix,0.9965635738831615,1.0,0.9965635738831615,1.0,0.959036050239003,0.9527845275636417,0.9982788296041308,1.0
harmonix/0455_nevertearusapart/track.npy,harmonix,0.7872727272727272,0.8152173913043478,0.7872727272727272,0.8152173913043478,0.8146185500582949,0.8306318950231592,0.9110047846889953,0.9333333333333332
harmonix/0467_onthefloor/track.npy,harmonix,1.0,1.0,1.0,1.0,0.9386958753253253,0.9415474738429653,1.0,1.0
harmonix/0479_pricetag/track.npy,harmonix,0.9962406015037594,1.0,0.9962406015037594,1.0,0.9252869431204073,0.8989961588336156,0.9981167608286252,1.0
harmonix/0481_reallove/track.npy,harmonix,0.9634408602150538,0.7304347826086957,0.9634408602150538,0.7304347826086957,0.9209053407650479,0.7019176465987866,0.9813800657174152,0.7488986784140969
harmonix/0491_skyscraper/track.npy,harmonix,0.997275204359673,1.0,0.997275204359673,1.0,0.9677625487602762,0.9687091793977406,0.9986357435197818,1.0
harmonix/0493_somebodysheartbreak/track.npy,harmonix,0.7859531772575251,0.8356164383561644,0.7859531772575251,0.8356164383561644,0.9117429648257018,0.9267401420299541,0.9434628975265017,0.9571428571428571
harmonix/0500_stay/track.npy,harmonix,1.0,1.0,1.0,1.0,0.9397434825525319,0.9373815352706122,1.0,1.0
harmonix/0513_thetime/track.npy,harmonix,0.9847328244274809,0.8625954198473282,0.9847328244274809,0.8625954198473282,0.9693310471721844,0.8478544056096452,0.9923224568138195,0.8735632183908046
harmonix/0515_thisafternoon/track.npy,harmonix,0.5653206650831354,0.6082474226804123,0.5653206650831354,0.6082474226804123,0.8505190551348926,0.8166057414385105,0.874331550802139,0.8361581920903955
harmonix/0516_thisorthat/track.npy,harmonix,1.0,1.0,1.0,1.0,0.9713211253744274,0.9743420462917545,1.0,1.0
harmonix/0541_youdroppedabombonme/track.npy,harmonix,0.9759519038076152,0.9838709677419355,0.9759519038076152,0.9838709677419355,0.884545503090726,0.8826181550032403,0.9878296146044625,0.991869918699187
harmonix/0545_youkeepmehangingon/track.npy,harmonix,1.0,1.0,1.0,1.0,0.9424359128361344,0.94065218853107,1.0,1.0
harmonix/0546_18days/track.npy,harmonix,0.5261437908496732,0.5194805194805194,0.5261437908496732,0.5194805194805194,0.7540272904084642,0.7613716403602682,0.8645640074211502,0.8676470588235293
harmonix/0575_badromanceskrillexremix/track.npy,harmonix,0.9943714821763602,1.0,0.9943714821763602,1.0,0.9766582998072642,0.9787163291797996,0.9971777986829726,1.0
harmonix/0581_beautifulcarlyrae/track.npy,harmonix,0.9908536585365854,0.75,0.9908536585365854,0.75,0.9178819339980704,0.7807439956017059,0.9938837920489296,0.8414634146341463
harmonix/0586_bed/track.npy,harmonix,0.9831223628691983,0.47761194029850745,0.0,0.19658119658119658,0.7815098128537398,0.6944557760170055,0.6638176638176637,0.717391304347826
harmonix/0589_bestieverhad/track.npy,harmonix,0.967741935483871,0.9764705882352941,0.967741935483871,0.9764705882352941,0.900510196976767,0.9149197868941309,0.9836065573770492,0.988095238095238
harmonix/0597_boomboomguetta/track.npy,harmonix,1.0,1.0,1.0,1.0,0.9557023833171685,0.9512208514882851,1.0,1.0
harmonix/0602_breaktheice/track.npy,harmonix,0.7010869565217391,0.6881720430107527,0.7010869565217391,0.6881720430107527,0.7024182097904624,0.6650200194209717,0.7421555252387448,0.7027027027027027
harmonix/0607_cantholdus/track.npy,harmonix,0.99836867862969,0.7232704402515723,0.99836867862969,0.7232704402515723,0.9453165495697459,0.7581666335853723,0.9991836734693879,0.8012820512820513
harmonix/0639_dieinyourarms/track.npy,harmonix,0.996969696969697,1.0,0.996969696969697,1.0,0.9779024135798666,0.9822498281480013,0.9984825493171471,1.0
harmonix/0647_dontthinkidontthinkaboutit/track.npy,harmonix,0.9854368932038835,0.9807692307692307,0.9854368932038835,0.9807692307692307,0.9778231116155583,0.9749157641774594,0.9927007299270073,0.9902912621359222
harmonix/0653_dynamite/track.npy,harmonix,0.9958448753462604,0.9888888888888889,0.9958448753462604,0.9888888888888889,0.9799241965946078,0.9823558595175724,0.9979181124219293,0.9972144846796658
harmonix/0654_dynamitemixinmarc/track.npy,harmonix,0.9973958333333334,1.0,0.9973958333333334,1.0,0.9609768974914701,0.9618532205861658,0.998696219035202,1.0
harmonix/0655_earthquakey/track.npy,harmonix,0.9526411657559198,0.8759124087591241,0.9526411657559198,0.8759124087591241,0.9224309453237407,0.8079670059669454,0.9508196721311475,0.8321167883211679
harmonix/0658_evacuatethedancefloor/track.npy,harmonix,0.9976359338061466,1.0,0.9976359338061466,1.0,0.9813454673782287,0.9812527581245258,0.9988165680473373,1.0
harmonix/0665_fall/track.npy,harmonix,1.0,1.0,1.0,1.0,0.9111781730466441,0.9294268980215054,1.0,1.0
harmonix/0709_hangingon/track.npy,harmonix,0.9162995594713657,0.9824561403508771,0.9162995594713657,0.9824561403508771,0.6994407022650408,0.6878873039028883,0.9644444444444444,0.9734513274336283
harmonix/0716_heroheroine/track.npy,harmonix,0.7477477477477478,0.6546762589928058,0.1348747591522158,0.19834710743801653,0.7823331804989175,0.7898241445523118,0.6976160602258469,0.7329842931937173
harmonix/0723_hotelroomservice/track.npy,harmonix,0.9913606911447084,0.8632478632478633,0.9913606911447084,0.8632478632478633,0.9550525490182503,0.8666052018539542,0.9956616052060737,0.9051724137931034
harmonix/0736_igotafeeling/track.npy,harmonix,1.0,0.9761904761904762,1.0,0.9761904761904762,0.9505894448919291,0.9409357453688961,1.0,0.9880478087649401
harmonix/0738_ihearnoises/track.npy,harmonix,0.9977678571428571,1.0,0.9977678571428571,1.0,0.9687810471491021,0.9716056084781848,0.9988826815642458,1.0
harmonix/0743_iminloveiwannadoit/track.npy,harmonix,0.974721941354904,0.8380566801619433,0.974721941354904,0.8380566801619433,0.938249706880379,0.8510072170565663,0.9877551020408163,0.8958333333333334
harmonix/0747_imreal/track.npy,harmonix,0.9883720930232558,0.813953488372093,0.9883720930232558,0.813953488372093,0.9680657100820619,0.8576380258207905,0.9941690962099125,0.872093023255814
harmonix/0748_imyours/track.npy,harmonix,0.4879725085910653,0.5205479452054794,0.4879725085910653,0.5205479452054794,0.8014211550860089,0.8162287860858635,0.8424124513618677,0.8571428571428571
harmonix/0775_knockyoudownbimbojones/track.npy,harmonix,0.9947275922671354,1.0,0.9947275922671354,1.0,0.6989707446994377,0.7141361368903036,0.9973568281938325,1.0
harmonix/0782_lifeafteryou/track.npy,harmonix,0.9916317991631799,0.6391752577319587,0.9916317991631799,0.6391752577319587,0.8194178741277218,0.7869775860836431,0.995798319327731,0.8977272727272727
harmonix/0805_lovetheysay/track.npy,harmonix,0.9875776397515528,1.0,0.9875776397515528,1.0,0.9400526607960366,0.935564737833562,0.99375,1.0
harmonix/0813_missindependent/track.npy,harmonix,0.9747634069400631,0.5348837209302325,0.0,0.1337579617834395,0.7884605418256299,0.6873328868866584,0.6595970307529162,0.6995884773662552
harmonix/0818_mrsaxobeatext/track.npy,harmonix,0.9811676082862524,0.8721804511278195,0.9811676082862524,0.8721804511278195,0.9730713769252481,0.8915729803824545,0.9904942965779467,0.9049429657794676
harmonix/0840_obsessed/track.npy,harmonix,0.967741935483871,0.9764705882352941,0.967741935483871,0.9764705882352941,0.9680297551577275,0.9747273521343514,0.9836065573770492,0.988095238095238
harmonix/0856_paperbackhead/track.npy,harmonix,0.979933110367893,0.9864864864864865,0.979933110367893,0.9864864864864865,0.9535541935967137,0.9505804443220206,0.9898648648648649,0.9931972789115647
harmonix/0859_picturesofyou/track.npy,harmonix,0.9967213114754099,1.0,0.9967213114754099,1.0,0.9783822543965377,0.9805488369793216,0.9983579638752053,1.0
harmonix/0864_pleasedontleavememain/track.npy,harmonix,0.9842209072978304,0.984251968503937,0.9842209072978304,0.984251968503937,0.9538487771529852,0.9591149949149897,0.992047713717694,0.9920634920634921
harmonix/0873_readyornot/track.npy,harmonix,1.0,1.0,1.0,1.0,0.9824077990857163,0.9802889547937109,1.0,1.0
harmonix/0877_releasemenow/track.npy,harmonix,0.9978947368421053,0.9915966386554622,0.9978947368421053,0.9915966386554622,0.7907355202970552,0.9034810085942407,0.9947312961011593,0.9957805907172996
harmonix/0886_rudeboy/track.npy,harmonix,0.9968152866242038,1.0,0.9968152866242038,1.0,0.9522646648212965,0.9566563954736781,0.9984051036682616,1.0
harmonix/0888_russianroulettejump/track.npy,harmonix,0.9940298507462687,0.9880952380952381,0.9940298507462687,0.9880952380952381,0.9061967613699312,0.897743848142331,0.997005988023952,0.9940119760479043
harmonix/0897_sentimentaltune/track.npy,harmonix,0.9962476547842402,0.9924812030075187,0.9962476547842402,0.9924812030075187,0.9776392442445792,0.9774026447746079,0.9981203007518797,0.9962264150943396
harmonix/0899_sexycani/track.npy,harmonix,0.9895470383275261,1.0,0.9895470383275261,1.0,0.9778602170181097,0.9758756237819213,0.9947460595446586,1.0
harmonix/0902_shakeitradiomix/track.npy,harmonix,0.9747126436781609,0.9727272727272728,0.9747126436781609,0.9727272727272728,0.9341903184203193,0.9170020094115077,0.9872537659327927,0.9861751152073733
harmonix/0909_sofineed/track.npy,harmonix,0.7574316290130797,0.6767676767676768,0.7574316290130797,0.6767676767676768,0.8581663549138425,0.6727053964555544,0.900562851782364,0.7010309278350515
harmonix/0918_starstrukk/track.npy,harmonix,1.0,1.0,1.0,1.0,0.9757973630261892,0.9767338622524679,1.0,1.0
harmonix/0925_sweetdisposition/track.npy,harmonix,0.9578313253012049,0.976,0.9578313253012049,0.976,0.9172221814126085,0.920015977164774,0.9847715736040609,0.9878542510121457
harmonix/0933_teardropsonmyguitar/track.npy,harmonix,1.0,1.0,1.0,1.0,0.9434557282211065,0.9315649169087078,1.0,1.0
harmonix/0943_thetheayer/track.npy,harmonix,1.0,0.958041958041958,1.0,0.958041958041958,0.9789599593015327,0.9531355575490754,1.0,0.971830985915493
harmonix/0970_whataboutnow/track.npy,harmonix,0.9813664596273292,0.9753086419753086,0.9813664596273292,0.9753086419753086,0.9717757907174925,0.9694635457188714,0.9921752738654147,0.9875
harmonix/0974_whateveryoulike/track.npy,harmonix,0.9925373134328358,0.9411764705882353,0.9925373134328358,0.9411764705882353,0.9681195269498238,0.950709722935588,0.9962546816479401,0.9777777777777777
harmonix/0979_whenlovetakesover/track.npy,harmonix,0.9669211195928753,0.9191919191919192,0.9669211195928753,0.9191919191919192,0.9472923450986225,0.8807836153713802,0.9782886334610472,0.9137055837563451
harmonix/0982_whoknewdos/track.npy,harmonix,0.9913978494623656,1.0,0.9913978494623656,1.0,0.9459939476908208,0.952874521045668,0.9956803455723542,1.0
harmonix/0994_youbelongwithme/track.npy,harmonix,0.9936305732484076,1.0,0.9936305732484076,1.0,0.8136560776119592,0.813612529679416,0.9946751863684771,0.9914529914529915
hjdb/hjdb_A21/track.npy,hjdb,1.0,1.0,1.0,1.0,0.9808626615905152,0.9845656955709035,1.0,1.0
hjdb/hjdb_A_New_Dawn/track.npy,hjdb,0.9877300613496932,0.6097560975609756,0.9877300613496932,0.6097560975609756,0.9776200319485228,0.6592922046255318,0.9969230769230769,0.6666666666666667
hjdb/hjdb_Breaking_Free/track.npy,hjdb,1.0,1.0,1.0,1.0,0.9818464166281431,0.9795808043845202,1.0,1.0
hjdb/hjdb_Breaking_Free_2/track.npy,hjdb,1.0,1.0,1.0,1.0,0.9794863809215485,0.9790877652799937,1.0,1.0
hjdb/hjdb_Cant_Stop_Thinking_About/track.npy,hjdb,1.0,1.0,1.0,1.0,0.9816966278504545,0.9851070735175282,1.0,1.0
hjdb/hjdb_Chasin_A_Dream/track.npy,hjdb,1.0,1.0,1.0,1.0,0.9745378895830935,0.9766472272229964,1.0,1.0
hjdb/hjdb_Demons_Theme/track.npy,hjdb,0.9932432432432432,1.0,0.9932432432432432,1.0,0.9527412395468243,0.9538487736093754,0.9966101694915254,1.0
hjdb/hjdb_Divine_Rhythm/track.npy,hjdb,1.0,1.0,1.0,1.0,0.9841660429885793,0.9833902677954084,1.0,1.0
hjdb/hjdb_Drummer_Of_Doom/track.npy,hjdb,0.9833333333333333,0.9375,0.9833333333333333,0.9375,0.9730204696541688,0.9589937326286978,0.9915966386554621,0.967741935483871
hjdb/hjdb_Freeaneazy/track.npy,hjdb,1.0,1.0,1.0,1.0,0.9807716459131572,0.9806070702474383,1.0,1.0
hjdb/hjdb_Going_Out_For_Da_Loot/track.npy,hjdb,0.4888888888888889,0.4166666666666667,0.4888888888888889,0.29411764705882354,0.8412913216603098,0.6587905002042436,0.8559322033898306,0.6551724137931034
hjdb/hjdb_Here_Comes_The_Drumz_(Drumz_VIP_Mix)/track.npy,hjdb,1.0,1.0,1.0,1.0,0.9607546452413526,0.9700054284153173,1.0,1.0
hjdb/hjdb_Ill_Take_You_(Original_Mix)/track.npy,hjdb,0.08571428571428572,0.5471698113207547,0.08571428571428572,0.5471698113207547,0.5110127475613371,0.5262427630049906,0.6728395061728395,0.6585365853658537
hjdb/hjdb_Im_Gonna_Get_You/track.npy,hjdb,1.0,1.0,1.0,1.0,0.9822463986472217,0.9868062431353427,1.0,1.0
hjdb/hjdb_Keep_The_Fires_Burning/track.npy,hjdb,1.0,1.0,1.0,1.0,0.9868136009946965,0.9891565811477635,1.0,1.0
hjdb/hjdb_Lords_Of_The_Null_Lines_(Foul_Play_Remix)/track.npy,hjdb,1.0,1.0,1.0,1.0,0.9782378232880758,0.978452448420933,1.0,1.0
hjdb/hjdb_Manic_Stampede/track.npy,hjdb,1.0,1.0,1.0,1.0,0.968344383777101,0.9689284622184305,1.0,1.0
hjdb/hjdb_Open_Your_Mind/track.npy,hjdb,0.8780487804878049,0.05,0.0,0.05,0.7273261890534901,0.25779756207524246,0.5950413223140496,0.14814814814814817
hjdb/hjdb_Original_Badboy/track.npy,hjdb,1.0,1.0,1.0,1.0,0.9785972586859704,0.9849663695944242,1.0,1.0
hjdb/hjdb_Promised_Land/track.npy,hjdb,0.9802631578947368,0.9459459459459459,0.9802631578947368,0.9459459459459459,0.9691943277532755,0.9677063427728114,0.9933774834437086,0.9863013698630138
hjdb/hjdb_Showtime/track.npy,hjdb,0.9795918367346939,1.0,0.9795918367346939,1.0,0.9643368315722993,0.9895209639830095,0.9896907216494846,1.0
hjdb/hjdb_Star_Eyes/track.npy,hjdb,1.0,1.0,1.0,1.0,0.9637680922922484,0.9733454564764759,1.0,1.0
hjdb/hjdb_Terrorist_(Grooverider_Remix)/track.npy,hjdb,1.0,1.0,1.0,1.0,0.9778428351233743,0.976698767901388,1.0,1.0
hjdb/hjdb_Terrorist_(PA_Mix)/track.npy,hjdb,1.0,1.0,1.0,1.0,0.982088467015078,0.9844527247196788,1.0,1.0
hjdb/hjdb_Terrorist_(original)/track.npy,hjdb,1.0,1.0,1.0,1.0,0.9507376635182853,0.9390255692243831,1.0,1.0
hjdb/hjdb_Volume_1/track.npy,hjdb,1.0,1.0,1.0,1.0,0.97711624664952,0.9703583460916207,1.0,1.0
hjdb/hjdb_Wots_My_Code_(Ray_Keith_Final_Plate)/track.npy,hjdb,1.0,1.0,1.0,1.0,0.9668095192861905,0.958055867936391,1.0,1.0
hjdb/hjdb_Yaaah/track.npy,hjdb,0.9967213114754099,0.987012987012987,0.9967213114754099,0.987012987012987,0.9781954020426027,0.9727534869674821,0.9983579638752053,0.9934640522875817
hjdb/hjdb_You_Dont_Know/track.npy,hjdb,1.0,1.0,1.0,1.0,0.9808384381333598,0.9820717319313857,1.0,1.0
jaah/jaah_004-dexter_gordon_quartet-bikini/track.npy,jaah,0.9575596816976127,0.8190954773869347,0.9575596816976127,0.8190954773869347,0.9234412405750013,0.8328844519830478,0.9853917662682602,0.8940568475452196
jaah/jaah_012-stan_getz_jj_johnson-blues_in_the_closet/track.npy,jaah,0.9903892359442575,0.9751908396946565,0.9903892359442575,0.9751908396946565,0.9189979966362956,0.907592284539766,0.9937530033637674,0.9875598086124402
jaah/jaah_024-duke_ellington_his_orchestra-diminuendo_in_blue_and_crescendo_in_blue/track.npy,jaah,0.9876543209876543,0.8377483443708609,0.9876543209876543,0.8377483443708609,0.9698106967172464,0.9126499175891192,0.9946808510638299,0.9401709401709402
jaah/jaah_032-charlie_parker_quintet-embraceable_you/track.npy,jaah,0.8825910931174089,0.5373134328358209,0.8825910931174089,0.5373134328358209,0.8366032237948091,0.6482226389130176,0.9623430962343097,0.768
jaah/jaah_048-louis_armstrong_and_his_hot_five-hotter_than_that/track.npy,jaah,0.9313099041533547,0.9490445859872612,0.9313099041533547,0.9490445859872612,0.9154902771743079,0.9067079235865118,0.9534510433386837,0.9419354838709678
jaah/jaah_065-new_orleans_feetwarmers-maple_leaf_rag/track.npy,jaah,0.8103448275862069,0.7712765957446809,0.8103448275862069,0.7712765957446809,0.901776184634614,0.7760772427966826,0.9494109494109494,0.8131868131868133
jaah/jaah_066-anthony_braxton_muhal_richard_abrams-maple_leaf_rag/track.npy,jaah,0.40613496932515336,0.8388625592417062,0.17321688500727803,0.8388625592417062,0.5059859770384154,0.6051610068532375,0.6301369863013698,0.8289156626506023
jaah/jaah_067-dick_hyman-maple_leaf_rag/track.npy,jaah,0.7071651090342679,0.8489208633093526,0.7071651090342679,0.8489208633093526,0.6851043687130062,0.6907376531465795,0.9033333333333333,0.9044117647058822
jaah/jaah_070-thelonious_monk_quartet-misterioso/track.npy,jaah,0.8095238095238095,0.13385826771653545,0.8095238095238095,0.09090909090909091,0.7606326403554149,0.24067517499692764,0.9146110056925995,0.26153846153846155
jaah/jaah_073-john_coltrane_quartet-my_favorite_things_part_1_single_version/track.npy,jaah,0.9722863741339491,0.6,0.9722863741339491,0.6,0.9284674252033683,0.808286816259381,0.9871944121071012,0.8735632183908046
jaah/jaah_074-duke_ellington_his_orchestra-the_new_east_st_louis_toodleoo/track.npy,jaah,0.9857142857142858,0.8857142857142857,0.9857142857142858,0.8857142857142857,0.9480474662230304,0.9024832416066848,0.9928057553956835,0.9402985074626866
jaah/jaah_079-jimmie_lunceford_and_his_orchestra-organ_grinders_swing/track.npy,jaah,0.9966101694915255,0.9726027397260274,0.9966101694915255,0.9726027397260274,0.8907513052146748,0.8802676888774251,0.9932203389830508,0.9726027397260274
jaah/jaah_092-lennie_tristano-subconscious_lee/track.npy,jaah,0.972768532526475,0.8273809523809523,0.972768532526475,0.8273809523809523,0.9648395898668471,0.866448420555681,0.9901290812452543,0.888888888888889
jaah/jaah_106-wes_montgomery-west_coast_blues_abridged/track.npy,jaah,0.995049504950495,0.45724907063197023,0.995049504950495,0.45724907063197023,0.9681056939799808,0.6813641226377694,0.9975216852540273,0.703030303030303
rwc/rwc_classical_CD1_05/track.npy,rwc_classical,0.3884533143264433,0.39473684210526316,0.3884533143264433,0.39473684210526316,0.5748068156599314,0.5595740840790179,0.7145969498910676,0.6932006633499171
rwc/rwc_classical_CD2_03/track.npy,rwc_classical,0.32446264073694986,0.12416107382550336,0.32446264073694986,0.0802675585284281,0.31073620987521205,0.1972012489032931,0.4258404746209624,0.28077753779697623
rwc/rwc_classical_CD3_06/track.npy,rwc_classical,0.48590021691973967,0.2770448548812665,0.48590021691973967,0.24553571428571427,0.6715541479285684,0.5531250649652135,0.7796234772978958,0.5942028985507247
rwc/rwc_classical_CD4_09/track.npy,rwc_classical,0.89937106918239,0.5094339622641509,0.89937106918239,0.5094339622641509,0.8246694895784474,0.6245670218804891,0.9612903225806452,0.7010309278350515
rwc/rwc_classical_CD4_12/track.npy,rwc_classical,0.8260869565217391,0.29411764705882354,0.0546875,0.15625,0.7269739974309661,0.5230124118593604,0.6802030456852792,0.5306122448979592
rwc/rwc_classical_CD5_02/track.npy,rwc_classical,0.7839262187088274,0.39285714285714285,0.7839262187088274,0.1761006289308176,0.8415830605698995,0.6141596919659128,0.9238294898672257,0.6303501945525292
rwc/rwc_classical_CD6_05/track.npy,rwc_classical,0.8315412186379928,0.5662650602409639,0.8315412186379928,0.5662650602409639,0.7041195263266667,0.6062819386660606,0.8654545454545455,0.763157894736842
rwc/rwc_classical_CD6_12/track.npy,rwc_classical,0.5606557377049181,0.5816326530612245,0.5606557377049181,0.5816326530612245,0.643623313356151,0.6766781143280083,0.781651376146789,0.8089887640449438
rwc/rwc_jazz_CD1_02/track.npy,rwc_jazz,0.7867867867867868,0.4,0.7867867867867868,0.21428571428571427,0.7825682806099252,0.6049079240449697,0.8748068006182379,0.6631578947368421
rwc/rwc_jazz_CD1_10/track.npy,rwc_jazz,0.7808219178082192,0.8429752066115702,0.7808219178082192,0.8429752066115702,0.719951434803802,0.7182101370761664,0.8296703296703297,0.8319327731092436
rwc/rwc_jazz_CD2_02/track.npy,rwc_jazz,0.9448818897637795,0.3983739837398374,0.9448818897637795,0.3983739837398374,0.7552006084718579,0.5574142581606125,0.9067017082785808,0.663594470046083
rwc/rwc_jazz_CD3_08/track.npy,rwc_jazz,0.9370860927152318,0.9375,0.9370860927152318,0.9375,0.8888431423662908,0.8746542637909615,0.976271186440678,0.975609756097561
rwc/rwc_jazz_CD4_13/track.npy,rwc_jazz,0.9931972789115646,1.0,0.9931972789115646,1.0,0.8455256884944435,0.8464672184132807,0.9897843359818388,0.9818181818181818
rwc/rwc_jazz_CD4_15/track.npy,rwc_jazz,0.8127035830618893,0.8300653594771242,0.8127035830618893,0.8300653594771242,0.8565257375585746,0.868041158656495,0.9496157130657558,0.9488054607508533
rwc/rwc_popular_CD1_02/track.npy,rwc_popular,0.9971751412429378,1.0,0.9971751412429378,1.0,0.9880352608033123,0.9886451537727624,0.9985855728429986,1.0
rwc/rwc_popular_CD1_04/track.npy,rwc_popular,0.9909638554216867,1.0,0.9909638554216867,1.0,0.9713649922588885,0.9707017578823629,0.9954614220877459,1.0
rwc/rwc_popular_CD1_09/track.npy,rwc_popular,0.8264705882352941,0.8023255813953488,0.8264705882352941,0.8023255813953488,0.9070878526981051,0.8854197117941532,0.9538461538461539,0.9447852760736196
rwc/rwc_popular_CD2_05/track.npy,rwc_popular,0.9737470167064439,0.9714285714285714,0.9737470167064439,0.9714285714285714,0.9679173115064654,0.9685936868881883,0.9856115107913669,0.985645933014354
rwc/rwc_popular_CD2_06/track.npy,rwc_popular,0.9977578475336323,0.9821428571428571,0.9977578475336323,0.9821428571428571,0.9744204679312743,0.9680341775301724,0.9977578475336323,0.9910714285714286
rwc/rwc_popular_CD2_13/track.npy,rwc_popular,0.9971590909090909,0.9886363636363636,0.9971590909090909,0.9886363636363636,0.9787932976599408,0.9709088275861589,0.9985775248933144,0.9942857142857142
rwc/rwc_popular_CD2_16/track.npy,rwc_popular,1.0,1.0,1.0,1.0,0.9839929159860071,0.9831624545595948,1.0,1.0
rwc/rwc_popular_CD3_12/track.npy,rwc_popular,0.9836065573770492,0.975609756097561,0.9836065573770492,0.975609756097561,0.9733658024366205,0.9783569405803164,0.9877049180327869,0.9918032786885246
rwc/rwc_popular_CD3_16/track.npy,rwc_popular,0.9973333333333333,0.9893617021276596,0.9973333333333333,0.9893617021276596,0.9735963630967353,0.9717594220655813,0.9986648865153538,0.9946524064171123
rwc/rwc_popular_CD4_11/track.npy,rwc_popular,0.9873015873015873,0.9871794871794872,0.9873015873015873,0.9871794871794872,0.961622261591269,0.9773794355825909,0.9904153354632589,0.9935483870967742
rwc/rwc_popular_CD5_11/track.npy,rwc_popular,0.9819819819819819,0.9879518072289156,0.9819819819819819,0.9879518072289156,0.8989534767468362,0.91556342365447,0.9924585218702866,0.993939393939394
rwc/rwc_popular_CD5_14/track.npy,rwc_popular,0.9807692307692307,0.9625,0.9807692307692307,0.9625,0.9004505318996072,0.8930396167459412,0.9935691318327974,0.9873417721518987
rwc/rwc_popular_CD6_09/track.npy,rwc_popular,0.99581589958159,0.9916666666666667,0.99581589958159,0.9916666666666667,0.9777770429584788,0.9786248552079709,0.9979035639412999,0.99581589958159
rwc/rwc_royalty-free_CD1_08/track.npy,rwc_royalty-free,0.9764705882352941,0.96875,0.9764705882352941,0.96875,0.7612432573462992,0.7549200744019661,0.988095238095238,0.9841269841269841
rwc/rwc_royalty-free_CD1_15/track.npy,rwc_royalty-free,0.9682539682539683,0.9090909090909091,0.9682539682539683,0.9090909090909091,0.6680498586546324,0.6803310411394445,0.8492063492063493,0.8372093023255814
simac/simac_A_vida_me_fez_assim_03-candeeiro/track.npy,simac,1.0,0.0,1.0,0.0,0.9710462083808238,0.0,1.0,0.0
simac/simac_A_vida_me_fez_assim_08-Pedro_e_Tereza/track.npy,simac,0.9615384615384616,0.0,0.9615384615384616,0.0,0.9527105628303301,0.0,0.9803921568627451,0.0
simac/simac_A_vida_me_fez_assim_10-Sorri/track.npy,simac,0.9259259259259259,0.0,0.9259259259259259,0.0,0.8612805076236231,0.0,0.9433962264150944,0.0
simac/simac_Amber_05-Glitch/track.npy,simac,0.0,0.0,0.0,0.0,0.2745740607992863,0.0,0.0,0.0
simac/simac_Amber_06-Piezo/track.npy,simac,0.8888888888888888,0.0,0.8888888888888888,0.0,0.900699609867622,0.0,0.9577464788732395,0.0
simac/simac_As_Time_Goes_By_12-i_could_write_a_book/track.npy,simac,0.8709677419354839,0.0,0.8709677419354839,0.0,0.8485364156422148,0.0,0.9152542372881356,0.0
simac/simac_As_time_goes_by_disk_2_13-Experiment/track.npy,simac,0.9666666666666667,0.0,0.9666666666666667,0.0,0.9083438100401211,0.0,0.983050847457627,0.0
simac/simac_As_time_goes_by_disk_2_14-Isntit_romantic/track.npy,simac,0.7777777777777778,0.0,0.7777777777777778,0.0,0.771991683893261,0.0,0.8750000000000001,0.0
simac/simac_As_time_goes_by_disk_3_01-One/track.npy,simac,0.6,0.0,0.21875,0.0,0.7147755366124988,0.0,0.7307692307692308,0.0
simac/simac_BACH_WTC_02-Prelude_and_Fugue_No._1_in_C_major_BWV_870_-_2._Fuga/track.npy,simac,0.96,0.0,0.96,0.0,0.9223497707520852,0.0,0.9795918367346939,0.0
simac/simac_Bach_Bach_-_Cello_suite_1_G_-_03_Courante/track.npy,simac,0.6296296296296297,0.0,0.6296296296296297,0.0,0.6479386728826927,0.0,0.72,0.0
simac/simac_Bach_Bach_-_Cello_suite_2_d_-_01_Prelude/track.npy,simac,0.2857142857142857,0.0,0.2857142857142857,0.0,0.3913689609109926,0.0,0.5384615384615384,0.0
simac/simac_Bach_The_Well-Tempered_Clavier_II_(Disc_1)_14-Prelude_and_Fugue_No._7_in_E-flat_major_BWV_876_-_2._Fuga/track.npy,simac,0.9565217391304348,0.0,0.9565217391304348,0.0,0.9250609553650011,0.0,0.9777777777777777,0.0
simac/simac_Beethoven_The_String_Quartets_-_CD_3_08-IV_Finale-_Presto/track.npy,simac,0.8695652173913043,0.0,0.0,0.0,0.5724452393657592,0.0,0.6031746031746033,0.0
simac/simac_Bela_Bartok_02-The_Miraculous_Mandarin_2_1st_Decoy_Game/track.npy,simac,0.7692307692307693,0.0,0.7692307692307693,0.0,0.6260343748367689,0.0,0.7391304347826088,0.0
simac/simac_Bela_Bartok_11-Music_for_Strings_Percussion_and_Celesta_III_Adagio/track.npy,simac,0.72,0.0,0.72,0.0,0.5300058805163292,0.0,0.8444444444444444,0.0
simac/simac_Bernstein_conducts_Stravinsky_08-Dance_of_the_earth/track.npy,simac,0.8636363636363636,0.0,0.0,0.0,0.3539163320377997,0.0,0.0,0.0
simac/simac_Bernstein_conducts_Stravinsky_10-Mystical_circles_of_the_young_girls/track.npy,simac,0.4,0.0,0.30434782608695654,0.0,0.42153910047913357,0.0,0.6111111111111112,0.0
simac/simac_Bernstein_conducts_Stravinsky_19-Waltz_ballerina_and_the_moor/track.npy,simac,0.0,0.0,0.0,0.0,0.3667347858435159,0.0,0.4799999999999999,0.0
simac/simac_Bernstein_conducts_Stravinsky_22-The_bear_and_the_peasant/track.npy,simac,0.11764705882352941,0.0,0.11764705882352941,0.0,0.07505679424780543,0.0,0.1,0.0
simac/simac_Bernstein_conducts_Stravinsky_24-Danse_of_the_coachmen_and_grooms/track.npy,simac,0.5806451612903226,0.0,0.5806451612903226,0.0,0.5386644661565427,0.0,0.7,0.0
simac/simac_Cafe_Zimmermann_06-Suite_en_ut_majeur_BWV_1066_-_Ouverture/track.npy,simac,0.6176470588235294,0.0,0.11764705882352941,0.0,0.46429134046028153,0.0,0.5490196078431372,0.0
simac/simac_Cafe_Zimmermann_15-Concerto_pour_hautbois_&_violon_en_ut_mineur_BWV_1060_-_Allegro/track.npy,simac,0.9090909090909091,0.0,0.9090909090909091,0.0,0.9072002753250452,0.0,0.9523809523809523,0.0
simac/simac_Clandestino_-_esperando_la_ultima_ola_04-Je_ne_t_aime_plus/track.npy,simac,1.0,0.0,1.0,0.0,0.8704218018871487,0.0,0.9473684210526315,0.0
simac/simac_Clandestino_-_esperando_la_ultima_ola_06-Lagrimas_de_oro/track.npy,simac,0.96,0.0,0.96,0.0,0.9343569277987162,0.0,0.9795918367346939,0.0
simac/simac_DGG_419_047-2_08-Toccata_Adagio_u._Fuge_C-dur_BWV_564_-_II_Adagio/track.npy,simac,0.7692307692307693,0.0,0.7692307692307693,0.0,0.533406200643494,0.0,0.7500000000000001,0.0
simac/simac_DGG_419_047-2_10-Triosonate_Nr._1_Es-Dur_BWV_525_-_I_(Allegro)/track.npy,simac,1.0,0.0,1.0,0.0,0.7673688380108031,0.0,1.0,0.0
simac/simac_DGG_419_047-2_12-Triosonate_Nr._1_Es-Dur_BWV_525_-_III_Allegro/track.npy,simac,0.9583333333333334,0.0,0.9583333333333334,0.0,0.7141718501551413,0.0,0.9361702127659574,0.0
simac/simac_Ella_&_Louis_11-Oh_Johnny/track.npy,simac,0.9230769230769231,0.0,0.9230769230769231,0.0,0.7352066678310399,0.0,0.8799999999999999,0.0
simac/simac_Ella_&_Louis_15-Billy/track.npy,simac,0.9230769230769231,0.0,0.9230769230769231,0.0,0.8013029526610893,0.0,0.9600000000000001,0.0
simac/simac_Fado_08-AudioTrack_08/track.npy,simac,0.875,0.0,0.875,0.0,0.3819745999413179,0.0,0.5625,0.0
simac/simac_Family_Tree_-_Greatest_Hits_As_Chosen_By_Bjork_01-Venus_As_A_Boy/track.npy,simac,0.8461538461538461,0.0,0.0,0.0,0.7447484398536607,0.0,0.6071428571428571,0.0
simac/simac_Family_Tree_-_Greatest_Hits_As_Chosen_By_Bjork_05-Joga/track.npy,simac,0.43243243243243246,0.0,0.26666666666666666,0.0,0.5888415197101581,0.0,0.653061224489796,0.0
simac/simac_Ludwid_van_Beethoven_05-Quartet_in_C-sharp_major_Op._131_I._Adagio_ma_non_troppo_e_molto_espressivo_-_attacca/track.npy,simac,0.8888888888888888,0.0,0.8888888888888888,0.0,0.5029989285415575,0.0,0.5714285714285715,0.0
simac/simac_Niandra_LaDes_and_Usually_Just_a_T-Shirt_04-Big_Takeover/track.npy,simac,0.9444444444444444,0.0,0.0,0.0,0.7292534026959381,0.0,0.6415094339622641,0.0
simac/simac_Niandra_LaDes_and_Usually_Just_a_T-Shirt_08-Been_Insane/track.npy,simac,0.9545454545454546,0.0,0.9545454545454546,0.0,0.8098524172357766,0.0,0.9767441860465117,0.0
simac/simac_Niandra_LaDes_and_Usually_Just_a_T-Shirt_09-Skin_Blues/track.npy,simac,0.34210526315789475,0.0,0.34210526315789475,0.0,0.6164546639180116,0.0,0.7419354838709677,0.0
simac/simac_Niandra_LaDes_and_Usually_Just_a_T-Shirt_10-Your_Pussys_Glued_to_a_Building_on_Fire/track.npy,simac,0.8421052631578947,0.0,0.8421052631578947,0.0,0.7789698801533407,0.0,0.8888888888888888,0.0
simac/simac_Niandra_LaDes_and_Usually_Just_a_T-Shirt_12-Ten_to_Butter_Blood_Voodoo/track.npy,simac,0.7674418604651163,0.0,0.09523809523809523,0.0,0.6730834044082477,0.0,0.65625,0.0
simac/simac_Papakonstantinou_05-AudioTrack_05/track.npy,simac,0.9259259259259259,0.0,0.9259259259259259,0.0,0.9076964680681048,0.0,0.9615384615384615,0.0
simac/simac_Papakonstantinou_17-AudioTrack_17/track.npy,simac,0.9375,0.0,0.9375,0.0,0.7853458031577137,0.0,0.967741935483871,0.0
simac/simac_Primer_Aliento_04-Varsovia_en_llamas/track.npy,simac,1.0,0.0,1.0,0.0,0.9788226367655127,0.0,1.0,0.0
simac/simac_Primer_Aliento_16-Kraken/track.npy,simac,1.0,0.0,1.0,0.0,0.9676788992762306,0.0,1.0,0.0
simac/simac_R.A.F.I_13-Real_Areas_For_Investigation/track.npy,simac,0.5384615384615384,0.0,0.5384615384615384,0.0,0.640088364416794,0.0,0.7199999999999999,0.0
simac/simac_Samba_na_Madrugada_05-Momento_de_Fraqueza/track.npy,simac,0.9615384615384616,0.0,0.9615384615384616,0.0,0.8390960255990141,0.0,0.9803921568627451,0.0
simac/simac_Samba_na_Madrugada_11-Alo_Alo/track.npy,simac,0.06666666666666667,0.0,0.06666666666666667,0.0,0.018763428671891607,0.0,0.0,0.0
simac/simac_Santana_03-La_Puesta_De_Sol/track.npy,simac,1.0,0.0,1.0,0.0,0.9433942222225308,0.0,1.0,0.0
simac/simac_So_Cartola_12-Divina_Dama/track.npy,simac,1.0,0.0,1.0,0.0,0.9435462442158918,0.0,1.0,0.0
simac/simac_Songs_Afrocuba_-_Mezquinidad/track.npy,simac,0.20512820512820512,0.0,0.20512820512820512,0.0,0.6051020118442324,0.0,0.6349206349206349,0.0
simac/simac_Tales_Of_Mystery_And_Imagination_02-The_Raven/track.npy,simac,0.5652173913043478,0.0,0.5652173913043478,0.0,0.1650313243124557,0.0,0.18604651162790697,0.0
simac/simac_Tanto_Tempo_01-Samba_da_Bencao/track.npy,simac,0.9090909090909091,0.0,0.9090909090909091,0.0,0.7778085938399419,0.0,0.9523809523809523,0.0
simac/simac_Tanto_Tempo_11-Close_Your_Eyes/track.npy,simac,0.9629629629629629,0.0,0.9629629629629629,0.0,0.9552460538761149,0.0,0.9811320754716981,0.0
simac/simac_The_Art_of_Spanish_Guitar_02-Lauro_Dos_Valses_Venezolanos_-_Uno/track.npy,simac,0.85,0.0,0.85,0.0,0.8239595724511215,0.0,0.9189189189189189,0.0
simac/simac_The_Crackdown_03-Talking_Time/track.npy,simac,0.8709677419354839,0.0,0.8709677419354839,0.0,0.8986968331244751,0.0,0.9310344827586207,0.0
simac/simac_The_Crackdown_04-Animation/track.npy,simac,1.0,0.0,1.0,0.0,0.9787407273240243,0.0,1.0,0.0
simac/simac_Tomatito_Tomatito-01.Barrio_negro/track.npy,simac,0.13157894736842105,0.0,0.13157894736842105,0.0,0.15564883723920933,0.0,0.17647058823529413,0.0
simac/simac_VOL.3_Musiques_pour_guitare_et_violoncelle_09-M._de_Falla_7_chansons_populaires_espagnoles_(extraits)_-_El_pano_moruno/track.npy,simac,0.09090909090909091,0.0,0.09090909090909091,0.0,0.4052505355535031,0.0,0.41025641025641024,0.0
simac/simac_Xatzidakis_17-AudioTrack_17/track.npy,simac,1.0,0.0,1.0,0.0,0.8452325818202081,0.0,1.0,0.0
simac/simac_aire_06-Arrengao/track.npy,simac,0.9069767441860465,0.0,0.9069767441860465,0.0,0.851966541042079,0.0,0.963855421686747,0.0
simac/simac_blues_roots_cryin_blues/track.npy,simac,0.8,0.0,0.8,0.0,0.6841759894430844,0.0,0.8108108108108107,0.0
simac/simac_greek_Mavili_-_Afto_t_agori/track.npy,simac,0.7142857142857143,0.0,0.7142857142857143,0.0,0.7627510954923293,0.0,0.8333333333333333,0.0
simac/simac_more_greek_03_Virginouda/track.npy,simac,0.0,0.0,0.0,0.0,0.3988326532313554,0.0,0.3783783783783784,0.0
simac/simac_more_greek_08_Kapoios_peftei.../track.npy,simac,0.9166666666666666,0.0,0.9166666666666666,0.0,0.9276250206213688,0.0,0.9565217391304348,0.0
simac/simac_more_greek_Giannakopoulou_-_Marina/track.npy,simac,0.8333333333333334,0.0,0.0,0.0,0.6975981140898219,0.0,0.6470588235294118,0.0
simac/simac_more_greek_Ksylouris_-_Xilia_myria_kymata/track.npy,simac,1.0,0.0,1.0,0.0,0.9266318340128555,0.0,1.0,0.0
simac/simac_more_greek_Makedonas_-_Savvatovrado_stin_Kaisariani/track.npy,simac,0.4166666666666667,0.0,0.2,0.0,0.542480248217446,0.0,0.625,0.0
simac/simac_more_greek_Mosxoliou_-_Eipa_na_svisw_ta_palia/track.npy,simac,0.9411764705882353,0.0,0.9411764705882353,0.0,0.7750283440407308,0.0,0.9696969696969697,0.0
simac/simac_more_greek_Mpellou_-_De_les_kouventa/track.npy,simac,0.9375,0.0,0.9375,0.0,0.8388168554993457,0.0,0.967741935483871,0.0
simac/simac_more_greek_Mpellou_-_O_kosmos_einai_san_mpakses/track.npy,simac,0.8823529411764706,0.0,0.8823529411764706,0.0,0.8283338386724225,0.0,0.9375,0.0
simac/simac_more_greek_Mpi8ikwtsis_-_Brexei_sti_ftwxogeitonia/track.npy,simac,0.8888888888888888,0.0,0.8888888888888888,0.0,0.8255737759101618,0.0,0.9142857142857143,0.0
simac/simac_more_greek_Mpi8ikwtsis_-_Kokotas_-_Stou_O8wna_ta_xronia/track.npy,simac,1.0,0.0,1.0,0.0,0.7017586019482935,0.0,0.9230769230769231,0.0
simac/simac_more_greek_Mpi8ikwtsis_-_Mia_Kyriaki/track.npy,simac,0.8235294117647058,0.0,0.8235294117647058,0.0,0.7035182572777776,0.0,0.8387096774193549,0.0
simac/simac_more_greek_NinouTsitsanis_-_Synnefiasmeni_Kyriaki/track.npy,simac,1.0,0.0,1.0,0.0,0.8310265128639716,0.0,1.0,0.0
simac/simac_more_greek_Ntalaras_-_Ta_matoklada_sou_lampoun/track.npy,simac,0.7058823529411765,0.0,0.7058823529411765,0.0,0.8320023590449177,0.0,0.9090909090909091,0.0
simac/simac_more_greek_Panou_Dionysiou_Tsitsanis_-_Axaristi/track.npy,simac,0.75,0.0,0.15789473684210525,0.0,0.6634881962040462,0.0,0.7096774193548387,0.0
smc/smc_006/track.npy,smc,0.5277777777777778,0.0,0.5277777777777778,0.0,0.786773818803217,0.0,0.8387096774193548,0.0
smc/smc_018/track.npy,smc,0.25,0.0,0.22448979591836735,0.0,0.2650808187218566,0.0,0.3146067415730337,0.0
smc/smc_026/track.npy,smc,0.8181818181818182,0.0,0.8181818181818182,0.0,0.5102056061145936,0.0,0.7096774193548386,0.0
smc/smc_027/track.npy,smc,0.6428571428571429,0.0,0.6428571428571429,0.0,0.5231924034799931,0.0,0.7341772151898734,0.0
smc/smc_065/track.npy,smc,1.0,0.0,1.0,0.0,0.7578543666716072,0.0,1.0,0.0
smc/smc_068/track.npy,smc,0.9454545454545454,0.0,0.9454545454545454,0.0,0.6330718208251012,0.0,0.8703703703703703,0.0
smc/smc_082/track.npy,smc,0.8524590163934426,0.0,0.8524590163934426,0.0,0.7903566110659223,0.0,0.9491525423728813,0.0
smc/smc_089/track.npy,smc,0.5714285714285714,0.0,0.24,0.0,0.42945069818202203,0.0,0.5411764705882354,0.0
smc/smc_104/track.npy,smc,0.2564102564102564,0.0,0.2564102564102564,0.0,0.3822935078742144,0.0,0.5263157894736842,0.0
smc/smc_106/track.npy,smc,0.5833333333333334,0.0,0.027777777777777776,0.0,0.3855610517054979,0.0,0.4259259259259259,0.0
smc/smc_111/track.npy,smc,0.15384615384615385,0.0,0.10416666666666667,0.0,0.4610810369492798,0.0,0.48648648648648646,0.0
smc/smc_118/track.npy,smc,0.15384615384615385,0.0,0.13043478260869565,0.0,0.292368843609525,0.0,0.4050632911392405,0.0
smc/smc_130/track.npy,smc,0.10810810810810811,0.0,0.10810810810810811,0.0,0.35561779867278964,0.0,0.4193548387096775,0.0
smc/smc_142/track.npy,smc,0.4186046511627907,0.0,0.4186046511627907,0.0,0.3048983664221918,0.0,0.4225352112676056,0.0
smc/smc_157/track.npy,smc,0.7272727272727273,0.0,0.7272727272727273,0.0,0.3920870624960144,0.0,0.5747126436781609,0.0
smc/smc_167/track.npy,smc,0.3333333333333333,0.0,0.3333333333333333,0.0,0.2973775616326181,0.0,0.37837837837837834,0.0
smc/smc_169/track.npy,smc,0.08247422680412371,0.0,0.08247422680412371,0.0,0.45067691191645814,0.0,0.5038167938931297,0.0
smc/smc_174/track.npy,smc,0.15217391304347827,0.0,0.15217391304347827,0.0,0.2799398200686026,0.0,0.29629629629629634,0.0
smc/smc_198/track.npy,smc,0.5373134328358209,0.0,0.5373134328358209,0.0,0.5756004647585614,0.0,0.6837606837606838,0.0
smc/smc_219/track.npy,smc,0.7959183673469388,0.0,0.7959183673469388,0.0,0.6605319016995564,0.0,0.7956989247311828,0.0
smc/smc_243/track.npy,smc,0.7407407407407407,0.0,0.7407407407407407,0.0,0.6381913472798229,0.0,0.7755102040816326,0.0
smc/smc_248/track.npy,smc,0.3076923076923077,0.0,0.0,0.0,0.3093514105320766,0.0,0.37142857142857144,0.0
smc/smc_251/track.npy,smc,0.7857142857142857,0.0,0.7857142857142857,0.0,0.6465810271435085,0.0,0.8208955223880597,0.0
smc/smc_256/track.npy,smc,0.8888888888888888,0.0,0.0,0.0,0.6253922909985092,0.0,0.6415094339622641,0.0
smc/smc_261/track.npy,smc,0.5,0.0,0.5,0.0,0.3985124688907714,0.0,0.5070422535211268,0.0
smc/smc_271/track.npy,smc,1.0,0.0,1.0,0.0,0.9712149422338641,0.0,1.0,0.0
smc/smc_276/track.npy,smc,1.0,0.0,0.0,0.0,0.7703138411663519,0.0,0.6666666666666666,0.0
tapcorrect/005_youtube_RB-RcX5DS5A/track.npy,tapcorrect,0.9967532467532467,1.0,0.9967532467532467,1.0,0.9589587595839569,0.9656755506090051,0.9983739837398374,1.0
tapcorrect/013_youtube_6iGpdkgr57g/track.npy,tapcorrect,0.9894291754756871,0.9831932773109243,0.9894291754756871,0.9831932773109243,0.9672623777096233,0.9674681097189305,0.992576882290562,0.9915254237288135
tapcorrect/016_youtube_eelfrHtmk68/track.npy,tapcorrect,0.9617834394904459,0.9620253164556962,0.9617834394904459,0.9620253164556962,0.8836229389467143,0.8713318136614596,0.9681528662420382,0.9554140127388535
tapcorrect/028_youtube_StFfXP4eAgU/track.npy,tapcorrect,0.9966996699669967,1.0,0.9966996699669967,1.0,0.9554094728069867,0.9645849157229758,0.9983471074380166,1.0
tapcorrect/033_youtube_0Jj9rOwkfLM/track.npy,tapcorrect,0.8445040214477212,0.7444444444444445,0.8445040214477212,0.7444444444444445,0.9345960829685378,0.8783661463500201,0.9555555555555555,0.8926553672316384
tapcorrect/035_youtube_NCnT_grZvLE/track.npy,tapcorrect,0.9921568627450981,0.9047619047619048,0.9921568627450981,0.9047619047619048,0.9310927250205394,0.912220603849511,0.9881889763779527,0.96
tapcorrect/044_youtube_BwKPJJxSnOE/track.npy,tapcorrect,0.993920972644377,0.9537037037037037,0.993920972644377,0.018518518518518517,0.9580795063940969,0.8028761925141594,0.9969512195121951,0.6666666666666666
tapcorrect/072_youtube_sABVieMgwlA/track.npy,tapcorrect,0.9952038369304557,0.9811320754716981,0.9952038369304557,0.9811320754716981,0.9668618520794392,0.9679847516397583,0.9976019184652278,0.9952606635071091
tapcorrect/078_youtube_DL_uU76w5eQ/track.npy,tapcorrect,0.8333333333333334,0.6885245901639344,0.8333333333333334,0.6885245901639344,0.6036995778765853,0.5453260919225994,0.9466666666666667,0.8965517241379309
tapcorrect/079_youtube_aEW001GcS9s/track.npy,tapcorrect,0.9728506787330317,0.6842105263157895,0.9728506787330317,0.6842105263157895,0.9418201740422066,0.7866829550836989,0.990909090909091,0.8141592920353982
tapcorrect/080_youtube_9z1A1R8RQZs/track.npy,tapcorrect,0.9512195121951219,1.0,0.9512195121951219,1.0,0.8122776035065067,0.8234147626787361,0.9629629629629629,1.0
tapcorrect/091_youtube_NCtzkaL2t_Y/track.npy,tapcorrect,0.950381679389313,0.9393939393939394,0.950381679389313,0.9393939393939394,0.9171826401972164,0.9307607042180519,0.9750479846449136,0.9846153846153847
tapcorrect/095_youtube_zO6D_BAuYCI/track.npy,tapcorrect,0.8899755501222494,0.912621359223301,0.8899755501222494,0.912621359223301,0.9228038370339122,0.9179599588051605,0.9589041095890409,0.9556650246305418
asap/Bach_Fugue_bwv_854_LuA01M/track.npy,asap,0.8476190476190476,0.19230769230769232,0.8476190476190476,0.19230769230769232,0.9136489130921681,0.41586623008216905,0.9326923076923078,0.41666666666666663
asap/Bach_Fugue_bwv_854_MiyashitaM01M/track.npy,asap,0.5263157894736842,0.27586206896551724,0.5263157894736842,0.0,0.8422784431819382,0.3227046222148413,0.8559322033898306,0.18181818181818185
asap/Bach_Fugue_bwv_854_Ozaki01M/track.npy,asap,1.0,0.48,1.0,0.19230769230769232,0.9787584684612461,0.43189246937105036,1.0,0.28571428571428575
asap/Bach_Fugue_bwv_854_Richardson01M/track.npy,asap,0.9611650485436893,0.07692307692307693,0.9611650485436893,0.07692307692307693,0.9609246135676548,0.35096172266766884,0.9853658536585367,0.3589743589743589
asap/Bach_Fugue_bwv_854_WangA01M/track.npy,asap,0.6310679611650486,0.07692307692307693,0.6310679611650486,0.0,0.8029915008756486,0.1776436620851071,0.8241758241758242,0.12121212121212123
asap/Bach_Fugue_bwv_856_LuoJ01M/track.npy,asap,0.045,0.35294117647058826,0.045,0.05970149253731343,0.52905185479316,0.5769366037717613,0.5401459854014599,0.5894736842105264
asap/Bach_Fugue_bwv_870_ChenW01M/track.npy,asap,0.9681528662420382,0.5128205128205128,0.9681528662420382,0.01282051282051282,0.9736769841515881,0.6349240491900274,0.9904153354632588,0.6434782608695652
asap/Bach_Fugue_bwv_870_LeeE01M/track.npy,asap,1.0,0.675,1.0,0.02564102564102564,0.9795505810862507,0.6745686080636355,1.0,0.6779661016949152
asap/Bach_Fugue_bwv_870_MaximovI01M/track.npy,asap,0.9935897435897436,0.7,0.9935897435897436,0.02564102564102564,0.9729967023979887,0.6928959254010914,0.9967845659163987,0.6779661016949152
asap/Bach_Prelude_bwv_854_LuA01M/track.npy,asap,0.9204545454545454,0.3181818181818182,0.9204545454545454,0.3181818181818182,0.920377641478215,0.5298906105695773,0.9485714285714286,0.5454545454545454
asap/Bach_Prelude_bwv_854_MiyashitaM01M/track.npy,asap,0.9310344827586207,0.2727272727272727,0.9310344827586207,0.2727272727272727,0.9559700681727487,0.5358949674154169,0.9824561403508771,0.5116279069767442
asap/Bach_Prelude_bwv_854_Ozaki01M/track.npy,asap,0.3776223776223776,0.5116279069767442,0.3776223776223776,0.06060606060606061,0.7294741314683414,0.6157087316302507,0.7445887445887446,0.5818181818181818
asap/Bach_Prelude_bwv_854_Richardson01M/track.npy,asap,0.8977272727272727,0.3023255813953488,0.8977272727272727,0.21428571428571427,0.9477915809487257,0.6274335492508406,0.9659090909090909,0.64
asap/Bach_Prelude_bwv_854_WangA01M/track.npy,asap,0.9310344827586207,0.34782608695652173,0.9310344827586207,0.17391304347826086,0.9337159396325216,0.46564709213730504,0.9651162790697674,0.4444444444444445
asap/Bach_Prelude_bwv_862_Song04M/track.npy,asap,0.921875,0.7954545454545454,0.921875,0.7954545454545454,0.9441835302846014,0.8610380793702849,0.9721115537848606,0.8941176470588236
asap/Bach_Prelude_bwv_865_Rizikov01M/track.npy,asap,0.24342105263157895,0.11538461538461539,0.24342105263157895,0.11538461538461539,0.6558639682949176,0.6022565137764087,0.6666666666666666,0.6153846153846155
asap/Bach_Prelude_bwv_865_Teo01M/track.npy,asap,0.18333333333333332,0.20454545454545456,0.18333333333333332,0.20454545454545456,0.6179354152599142,0.5437444610182002,0.6256410256410256,0.5507246376811594
asap/Bach_Prelude_bwv_865_ZhangE01M/track.npy,asap,0.5,0.08333333333333333,0.5,0.08333333333333333,0.7875166280464598,0.40756649612211804,0.8023255813953488,0.4193548387096774
asap/Bach_Prelude_bwv_892_Hou01M/track.npy,asap,0.9710982658959537,0.5454545454545454,0.9710982658959537,0.5454545454545454,0.9725484516644768,0.6693997810319438,0.991304347826087,0.6829268292682926
asap/Bach_Prelude_bwv_892_KabuliL01M/track.npy,asap,1.0,0.5098039215686274,1.0,0.5098039215686274,0.9778478972813852,0.7162660838147114,1.0,0.736842105263158
asap/Bach_Prelude_bwv_893_Kleisen04M/track.npy,asap,0.5,0.19047619047619047,0.5,0.19047619047619047,0.6515718475786015,0.39320440040245613,0.6584362139917695,0.3956043956043956
asap/Bach_Prelude_bwv_893_Levitsky04M/track.npy,asap,0.7535211267605634,0.31746031746031744,0.7535211267605634,0.31746031746031744,0.8905405370480446,0.5983794121744345,0.9104477611940299,0.6078431372549019
asap/Bach_Prelude_bwv_893_Wong01M/track.npy,asap,0.348993288590604,0.15625,0.348993288590604,0.046875,0.6050604626112311,0.30534252662437367,0.6159420289855072,0.2682926829268293
asap/Beethoven_Piano_Sonatas_10-1_Hou02M/track.npy,asap,0.7048346055979644,0.2867647058823529,0.7048346055979644,0.27918781725888325,0.759968435189621,0.6289322439925862,0.7984395318595578,0.6546546546546547
asap/Beethoven_Piano_Sonatas_11-1_LiC03M/track.npy,asap,0.8571428571428571,0.5447570332480819,0.8571428571428571,0.2532894736842105,0.9287583084699097,0.7703566115190982,0.9574885546108567,0.7480000000000001
asap/Beethoven_Piano_Sonatas_11-1_LiYZ03M/track.npy,asap,0.9209183673469388,0.6696428571428571,0.9209183673469388,0.6696428571428571,0.9483907052206932,0.8629131873407945,0.9721322099805573,0.8857142857142859
asap/Beethoven_Piano_Sonatas_11-1_MaximovI02M/track.npy,asap,0.7266922094508301,0.3631713554987212,0.7266922094508301,0.3492647058823529,0.874559657393053,0.7225055929664903,0.9008425145819832,0.7435897435897435
asap/Beethoven_Piano_Sonatas_11-1_ZhaoK02M/track.npy,asap,0.80970625798212,0.4194373401534527,0.80970625798212,0.3655913978494624,0.9071969238258649,0.7752637345844569,0.9260700389105058,0.7873684210526316
asap/Beethoven_Piano_Sonatas_22-2_KOLESO04M/track.npy,asap,0.5793814432989691,0.4444444444444444,0.5793814432989691,0.14285714285714285,0.7896305716121691,0.5549889542375924,0.8103254769921437,0.5502958579881656
asap/Beethoven_Piano_Sonatas_31-2_ADIG05M/track.npy,asap,0.39864864864864863,0.13513513513513514,0.39864864864864863,0.03153153153153153,0.7597783698986067,0.3526464156584299,0.784676354029062,0.3551401869158879
asap/Beethoven_Piano_Sonatas_32-1_DupreeF03M/track.npy,asap,0.6146993318485523,0.3132530120481928,0.6146993318485523,0.06948640483383686,0.8026716253852604,0.39837675761050484,0.8287037037037037,0.38218923933209653
asap/Beethoven_Piano_Sonatas_32-1_HouY04M/track.npy,asap,0.36867239732569246,0.3132530120481928,0.36867239732569246,0.0729483282674772,0.6885970392197591,0.41061100505687226,0.7196162046908317,0.4022346368715084
asap/Beethoven_Piano_Sonatas_32-1_Jussow06M/track.npy,asap,0.5305907172995781,0.3421686746987952,0.5305907172995781,0.06179775280898876,0.7329906013428065,0.4089237253813384,0.7671541057367829,0.39361702127659576
asap/Chopin_Etudes_op_10_4_Richardson_2013_03M/track.npy,asap,0.9655172413793104,0.9620253164556962,0.9655172413793104,0.9620253164556962,0.9359930099864527,0.9082667474533923,0.9826224328593997,0.9743589743589742
asap/Chopin_Etudes_op_25_12_BorickC04M/track.npy,asap,0.5,0.7816091954022989,0.5,0.7816091954022989,0.6078696282715339,0.7556522146877527,0.7198748043818467,0.8502994011976048
asap/Chopin_Etudes_op_25_12_HouKimberly03M/track.npy,asap,0.6036585365853658,0.8148148148148148,0.6036585365853658,0.8148148148148148,0.6753885550059077,0.8153948993378816,0.7851622874806801,0.8695652173913043
asap/Chopin_Etudes_op_25_12_LuA04M/track.npy,asap,0.721875,0.8,0.721875,0.8,0.7494388978441267,0.8247080554871786,0.8394276629570747,0.8848484848484848
asap/Haydn_Keyboard_Sonatas_31-1_Song05M/track.npy,asap,0.5207920792079208,0.46923076923076923,0.189873417721519,0.046153846153846156,0.6987222227348406,0.4694512239030807,0.6697530864197531,0.46632124352331605
asap/Liszt_Concert_Etude_S145_2_Lu03M/track.npy,asap,0.6853333333333333,0.18902439024390244,0.6853333333333333,0.18902439024390244,0.8037716427357683,0.4665447266530712,0.8375838926174496,0.4782608695652174
asap/Liszt_Concert_Etude_S145_2_Tario06M/track.npy,asap,0.6873315363881402,0.15384615384615385,0.6873315363881402,0.1524390243902439,0.787121939235397,0.4575952302379662,0.846153846153846,0.48507462686567165
asap/Liszt_Gran_Etudes_de_Paganini_2_La_campanella_BuiJL03M/track.npy,asap,0.05063291139240506,0.33451957295373663,0.05063291139240506,0.18396226415094338,0.4104248420967836,0.4822693400216384,0.4415322580645162,0.5155807365439095
asap/Liszt_Gran_Etudes_de_Paganini_2_La_campanella_LeungR04M/track.npy,asap,0.0843558282208589,0.27598566308243727,0.0843558282208589,0.16230366492146597,0.4721220363221322,0.48185086790177745,0.5064377682403434,0.5196374622356495
asap/Liszt_Gran_Etudes_de_Paganini_2_La_campanella_Levitsky06M/track.npy,asap,0.03988183161004431,0.28825622775800713,0.03988183161004431,0.24352331606217617,0.42322803899153827,0.4985243796546881,0.4467640918580376,0.5269461077844312
asap/Liszt_Gran_Etudes_de_Paganini_2_La_campanella_Lin07M/track.npy,asap,0.02972972972972973,0.36917562724014336,0.025675675675675677,0.13274336283185842,0.42394647211837266,0.48303519648627347,0.4450980392156863,0.46994535519125685
asap/Liszt_Gran_Etudes_de_Paganini_2_La_campanella_LiuC05M/track.npy,asap,0.09554140127388536,0.2897727272727273,0.09554140127388536,0.2897727272727273,0.45396516673407267,0.5124779193477322,0.47136563876651977,0.5316455696202532
asap/Liszt_Gran_Etudes_de_Paganini_2_La_campanella_LiuY03M/track.npy,asap,0.14680851063829786,0.3048780487804878,0.14680851063829786,0.3048780487804878,0.4661269144241585,0.44644418487749576,0.5226666666666667,0.5197368421052632
asap/Liszt_Gran_Etudes_de_Paganini_2_La_campanella_MunA08M/track.npy,asap,0.09908536585365854,0.2704626334519573,0.09908536585365854,0.2513089005235602,0.45410609244774836,0.5202424198987408,0.48879402347918893,0.5481927710843374
asap/Liszt_Gran_Etudes_de_Paganini_2_La_campanella_VuV06M/track.npy,asap,0.03498542274052478,0.3118279569892473,0.03498542274052478,0.16990291262135923,0.39742353961031374,0.42792167387813707,0.4161490683229814,0.4277456647398844
asap/Liszt_Gran_Etudes_de_Paganini_2_La_campanella_Yang05M/track.npy,asap,0.11237785016286644,0.36,0.11237785016286644,0.36,0.4680568541903872,0.5539914750576104,0.4899777282850779,0.5804416403785488
asap/Liszt_Gran_Etudes_de_Paganini_2_La_campanella_ZhangH07M/track.npy,asap,0.04712041884816754,0.3010752688172043,0.009162303664921465,0.20187793427230047,0.3983319444733488,0.46193208246328044,0.42337164750957856,0.48158640226628896
ballroom/ballroom_Albums-Ballroom_Classics4-20/track.npy,ballroom,1.0,1.0,1.0,1.0,0.9632019664655741,0.9637393173531247,1.0,1.0
ballroom/ballroom_Albums-Ballroom_Magic-16/track.npy,ballroom,1.0,1.0,1.0,1.0,0.9734491609527525,0.9772046802365251,1.0,1.0
ballroom/ballroom_Albums-Ballroom_Magic-17/track.npy,ballroom,1.0,1.0,1.0,1.0,0.9750357244260872,0.9826390346295678,1.0,1.0
ballroom/ballroom_Albums-Cafe_Paradiso-06/track.npy,ballroom,1.0,1.0,1.0,1.0,0.962582603446442,0.9671490282942119,1.0,1.0
ballroom/ballroom_Albums-Chrisanne2-04/track.npy,ballroom,0.9824561403508771,1.0,0.9824561403508771,1.0,0.9561734415589872,0.9436277710746773,0.9911504424778761,1.0
ballroom/ballroom_Albums-Chrisanne3-04/track.npy,ballroom,0.543859649122807,0.9285714285714286,0.543859649122807,0.9285714285714286,0.6077609722895146,0.43706407767969685,0.6017699115044247,0.4444444444444445
ballroom/ballroom_Albums-Commitments-08/track.npy,ballroom,0.9436619718309859,0.9411764705882353,0.9436619718309859,0.9411764705882353,0.9539833800320755,0.9508641111927563,0.9710144927536231,0.9696969696969697
ballroom/ballroom_Albums-Commitments-10/track.npy,ballroom,1.0,1.0,1.0,1.0,0.9745893105380278,0.9845766857181999,1.0,1.0
ballroom/ballroom_Albums-Commitments-11/track.npy,ballroom,1.0,1.0,1.0,1.0,0.9565159963378023,0.9778934941044368,1.0,1.0
ballroom/ballroom_Albums-Latin_Jam-03/track.npy,ballroom,0.9772727272727273,0.9090909090909091,0.9772727272727273,0.9090909090909091,0.9759301636334778,0.9408479786852834,0.9885057471264368,0.9523809523809523
ballroom/ballroom_Albums-Latin_Jam3-03/track.npy,ballroom,0.9807692307692307,1.0,0.9807692307692307,1.0,0.9693022535094961,0.9745202020176726,0.9902912621359222,1.0
ballroom/ballroom_Albums-Latin_Jam3-11/track.npy,ballroom,0.9864864864864865,0.9473684210526315,0.9864864864864865,0.9473684210526315,0.9695513559493835,0.9522799327051121,0.9931972789115647,0.972972972972973
ballroom/ballroom_Albums-Latin_Jam4-03/track.npy,ballroom,1.0,1.0,1.0,1.0,0.9676303303605237,0.9814509681497323,1.0,1.0
ballroom/ballroom_Albums-Latin_Jam4-06/track.npy,ballroom,1.0,1.0,1.0,1.0,0.9738939242015009,0.9758041950136431,1.0,1.0
ballroom/ballroom_Albums-Latin_Jam4-07/track.npy,ballroom,1.0,1.0,1.0,1.0,0.987471428656412,0.9911084084802926,1.0,1.0
ballroom/ballroom_Albums-Latin_Jam4-10/track.npy,ballroom,1.0,1.0,1.0,1.0,0.9777980175939718,0.981975395473229,1.0,1.0
ballroom/ballroom_Albums-Latin_Jam5-11/track.npy,ballroom,1.0,1.0,1.0,1.0,0.9873678371756782,0.9898697358807833,1.0,1.0
ballroom/ballroom_Albums-Latino_Latino-03/track.npy,ballroom,1.0,1.0,1.0,1.0,0.9577353393458443,0.9718932212647406,1.0,1.0
ballroom/ballroom_Albums-Latino_Latino-09/track.npy,ballroom,1.0,1.0,1.0,1.0,0.9729121441289899,0.9784351812885279,1.0,1.0
ballroom/ballroom_Albums-Latino_Latino-10/track.npy,ballroom,0.9166666666666666,0.9166666666666666,0.9166666666666666,0.9166666666666666,0.9408622125392123,0.9285088181582523,0.968421052631579,0.9565217391304348
ballroom/ballroom_Albums-Macumba-05/track.npy,ballroom,1.0,1.0,1.0,1.0,0.9571218067508758,0.9506622754116004,1.0,1.0
ballroom/ballroom_Albums-Macumba-10/track.npy,ballroom,0.975,1.0,0.975,1.0,0.923656927080737,0.9383666694040003,0.9873417721518987,1.0
ballroom/ballroom_Albums-Macumba-12/track.npy,ballroom,1.0,1.0,1.0,1.0,0.962440734528091,0.9706197395160425,1.0,1.0
ballroom/ballroom_Albums-Pais_Tropical-02/track.npy,ballroom,1.0,1.0,1.0,1.0,0.9830403981780155,0.9904361228974263,1.0,1.0
ballroom/ballroom_Albums-Pais_Tropical-06/track.npy,ballroom,1.0,1.0,1.0,1.0,0.9801157838294157,0.9826074727764333,1.0,1.0
ballroom/ballroom_Albums-StrictlyDancing_Tango-07/track.npy,ballroom,1.0,0.6666666666666666,1.0,0.23076923076923078,0.9693530736947613,0.4656765391428247,1.0,0.24000000000000002
ballroom/ballroom_Albums-StrictlyDancing_Tango-12/track.npy,ballroom,0.9803921568627451,1.0,0.9803921568627451,1.0,0.9369079422498428,0.9672774518842819,0.99009900990099,1.0
ballroom/ballroom_Media-100608/track.npy,ballroom,1.0,1.0,1.0,1.0,0.9700259934106922,0.9849923585537177,1.0,1.0
ballroom/ballroom_Media-100609/track.npy,ballroom,1.0,1.0,1.0,1.0,0.9212739066267347,0.9516891416842083,1.0,1.0
ballroom/ballroom_Media-100614/track.npy,ballroom,1.0,1.0,1.0,1.0,0.9686777601955447,0.96014208295969,1.0,1.0
ballroom/ballroom_Media-103308/track.npy,ballroom,0.9726027397260274,0.96,0.9726027397260274,0.96,0.9157563786596223,0.9002936610183473,0.9793103448275863,0.9795918367346939
ballroom/ballroom_Media-103505/track.npy,ballroom,1.0,1.0,1.0,1.0,0.9451741944322402,0.9764535725243112,1.0,1.0
ballroom/ballroom_Media-103602/track.npy,ballroom,1.0,1.0,1.0,1.0,0.9546283849840712,0.9248119226219735,1.0,1.0
ballroom/ballroom_Media-103603/track.npy,ballroom,1.0,1.0,1.0,1.0,0.975405967960192,0.9819736213782897,1.0,1.0
ballroom/ballroom_Media-103709/track.npy,ballroom,1.0,1.0,1.0,1.0,0.9142563199032344,0.9027816444099377,1.0,1.0
ballroom/ballroom_Media-103713/track.npy,ballroom,1.0,1.0,1.0,1.0,0.9769922026300866,0.9775930924232102,1.0,1.0
ballroom/ballroom_Media-103716/track.npy,ballroom,1.0,1.0,1.0,1.0,0.978192803843506,0.9854736480830807,1.0,1.0
ballroom/ballroom_Media-103901/track.npy,ballroom,0.5945945945945946,0.6,0.5945945945945946,0.6,0.732083633548066,0.7317466868385104,0.7457627118644068,0.7499999999999999
ballroom/ballroom_Media-103903/track.npy,ballroom,1.0,1.0,1.0,1.0,0.9448973694304381,0.9643192183586232,1.0,1.0
ballroom/ballroom_Media-103912/track.npy,ballroom,1.0,1.0,1.0,1.0,0.9206564389992867,0.9411145100644064,1.0,1.0
ballroom/ballroom_Media-103913/track.npy,ballroom,1.0,1.0,1.0,1.0,0.935266659171129,0.9704511637043097,0.9761904761904762,1.0
ballroom/ballroom_Media-103914/track.npy,ballroom,0.975609756097561,1.0,0.975609756097561,1.0,0.8699856385521109,0.8985986416139807,0.9629629629629629,1.0
ballroom/ballroom_Media-103920/track.npy,ballroom,1.0,1.0,1.0,1.0,0.9787501339793998,0.9718887939906519,1.0,1.0
ballroom/ballroom_Media-104001/track.npy,ballroom,1.0,1.0,1.0,1.0,0.9844016811768238,0.9908376540376537,1.0,1.0
ballroom/ballroom_Media-104002/track.npy,ballroom,1.0,1.0,1.0,1.0,0.9740849807324536,0.9790552035055737,1.0,1.0
ballroom/ballroom_Media-104107/track.npy,ballroom,1.0,1.0,1.0,1.0,0.9808840127130719,0.979205495440155,1.0,1.0
ballroom/ballroom_Media-104111/track.npy,ballroom,1.0,1.0,1.0,1.0,0.9723464147652966,0.9526917196561328,1.0,1.0
ballroom/ballroom_Media-104117/track.npy,ballroom,0.9726027397260274,1.0,0.9726027397260274,1.0,0.966681232277244,0.9729984505845491,0.9861111111111112,1.0
ballroom/ballroom_Media-104208/track.npy,ballroom,1.0,1.0,1.0,1.0,0.9633377575618463,0.9747732814938307,1.0,1.0
ballroom/ballroom_Media-104211/track.npy,ballroom,0.9866666666666667,1.0,0.9866666666666667,1.0,0.9380366093122435,0.9487321768930954,0.9932885906040269,1.0
ballroom/ballroom_Media-104217/track.npy,ballroom,0.9767441860465116,1.0,0.9767441860465116,1.0,0.9652973952348695,0.971098775656792,0.9941520467836257,1.0
ballroom/ballroom_Media-104218/track.npy,ballroom,0.8372093023255814,1.0,0.8372093023255814,1.0,0.8403430656144019,0.8458632062307248,0.888888888888889,0.8571428571428571
ballroom/ballroom_Media-104301/track.npy,ballroom,0.9722222222222222,0.9166666666666666,0.9722222222222222,0.9166666666666666,0.7060816848673571,0.7359216330125313,0.9014084507042254,0.8695652173913043
ballroom/ballroom_Media-104306/track.npy,ballroom,1.0,1.0,1.0,1.0,0.9511404722320758,0.9678320229258135,1.0,1.0
ballroom/ballroom_Media-104405/track.npy,ballroom,0.9814814814814815,0.7142857142857143,0.9814814814814815,0.7142857142857143,0.9413712642815035,0.8495608222981376,0.9906542056074767,0.888888888888889
ballroom/ballroom_Media-104504/track.npy,ballroom,0.972972972972973,1.0,0.972972972972973,1.0,0.8121633846256109,0.7937455895156157,0.9315068493150684,0.9166666666666666
ballroom/ballroom_Media-104514/track.npy,ballroom,0.9886363636363636,1.0,0.9886363636363636,1.0,0.9683588347536074,0.981593325344019,0.9942857142857142,1.0
ballroom/ballroom_Media-104601/track.npy,ballroom,1.0,1.0,1.0,1.0,0.829857155082991,0.8393115144351646,0.9714285714285714,1.0
ballroom/ballroom_Media-104602/track.npy,ballroom,0.9722222222222222,1.0,0.9722222222222222,1.0,0.8638074402421699,0.8885190602241558,0.9859154929577464,1.0
ballroom/ballroom_Media-104618/track.npy,ballroom,0.9555555555555556,1.0,0.0,0.0,0.7296187838633807,0.7562774924866962,0.6615384615384614,0.6666666666666666
ballroom/ballroom_Media-104703/track.npy,ballroom,0.9714285714285714,1.0,0.9714285714285714,1.0,0.8767952245284579,0.9282157291951253,0.9714285714285714,1.0
ballroom/ballroom_Media-104708/track.npy,ballroom,0.9622641509433962,1.0,0.9622641509433962,1.0,0.8822402281004322,0.9155122418399504,0.9904761904761905,1.0
ballroom/ballroom_Media-104801/track.npy,ballroom,0.9459459459459459,1.0,0.9459459459459459,1.0,0.7490378032694263,0.8430093241908624,0.8767123287671232,0.9166666666666666
ballroom/ballroom_Media-104811/track.npy,ballroom,0.9736842105263158,1.0,0.9736842105263158,1.0,0.86782244134597,0.9096734865768384,0.9801324503311258,1.0
ballroom/ballroom_Media-104903/track.npy,ballroom,0.9722222222222222,1.0,0.9722222222222222,1.0,0.7097831731229696,0.7339335132658841,0.9295774647887323,1.0
ballroom/ballroom_Media-104906/track.npy,ballroom,0.9814814814814815,0.9285714285714286,0.9814814814814815,0.9285714285714286,0.9346507328065197,0.9085046363454601,0.9906542056074767,0.962962962962963
ballroom/ballroom_Media-104917/track.npy,ballroom,0.7764705882352941,1.0,0.7764705882352941,1.0,0.7019301318618335,0.7463736782370051,0.9411764705882353,0.9523809523809523
ballroom/ballroom_Media-105105/track.npy,ballroom,0.9722222222222222,0.9166666666666666,0.9722222222222222,0.9166666666666666,0.9089450011541403,0.8640225296671169,0.9859154929577464,0.9565217391304348
ballroom/ballroom_Media-105111/track.npy,ballroom,0.9459459459459459,1.0,0.9459459459459459,1.0,0.8289182595790044,0.8367603749319236,0.979591836734694,1.0
ballroom/ballroom_Media-105121/track.npy,ballroom,0.8604651162790697,1.0,0.8604651162790697,1.0,0.7381416280291919,0.7709392390454887,0.935672514619883,0.9090909090909091
ballroom/ballroom_Media-105318/track.npy,ballroom,0.9868421052631579,0.9615384615384616,0.9868421052631579,0.9615384615384616,0.874633821763834,0.8503858910332921,0.9933774834437086,0.9803921568627451
ballroom/ballroom_Media-105408/track.npy,ballroom,0.41025641025641024,0.9,0.225,0.9,0.4495099122713808,0.42327560818608595,0.3896103896103896,0.5
ballroom/ballroom_Media-105418/track.npy,ballroom,0.96875,1.0,0.96875,1.0,0.9138686654772656,0.9716448753540968,0.9841269841269841,1.0
ballroom/ballroom_Media-105603/track.npy,ballroom,0.9811320754716981,1.0,0.9811320754716981,1.0,0.9617917532992758,0.9793171845256331,0.9904761904761905,1.0
ballroom/ballroom_Media-105703/track.npy,ballroom,0.9473684210526315,1.0,0.9473684210526315,1.0,0.9513816411188137,0.9832034289089094,0.972972972972973,1.0
ballroom/ballroom_Media-105709/track.npy,ballroom,0.9736842105263158,1.0,0.9736842105263158,1.0,0.9260450323442054,0.9396893615992191,0.9866666666666666,1.0
ballroom/ballroom_Media-105716/track.npy,ballroom,0.9761904761904762,0.9545454545454546,0.9761904761904762,0.9545454545454546,0.9512980917866257,0.9526378631828257,0.9820359281437125,0.9767441860465117
ballroom/ballroom_Media-105801/track.npy,ballroom,1.0,1.0,1.0,1.0,0.9047804130984134,0.8889121361447141,1.0,1.0
ballroom/ballroom_Media-105808/track.npy,ballroom,0.9814814814814815,0.9285714285714286,0.9814814814814815,0.9285714285714286,0.9546367796457439,0.9222111634207067,0.9906542056074767,0.962962962962963
ballroom/ballroom_Media-105901/track.npy,ballroom,1.0,1.0,1.0,1.0,0.8848821222957761,0.8890840712515908,1.0,1.0
ballroom/ballroom_Media-105902/track.npy,ballroom,1.0,1.0,1.0,1.0,0.8433952400336396,0.8351172640871097,1.0,1.0
ballroom/ballroom_Media-105903/track.npy,ballroom,1.0,0.5,1.0,0.5,0.7874997638164661,0.4837674896305178,1.0,0.6666666666666666
ballroom/ballroom_Media-106005/track.npy,ballroom,0.9629629629629629,1.0,0.9629629629629629,1.0,0.9302192821296512,0.9567198256201431,0.9811320754716981,1.0
ballroom/ballroom_Media-106008/track.npy,ballroom,0.9811320754716981,1.0,0.9811320754716981,1.0,0.973547502716012,0.9707131100434275,0.9904761904761905,1.0
ballroom/ballroom_Media-106009/track.npy,ballroom,0.9473684210526315,1.0,0.9473684210526315,1.0,0.9550188421510739,0.9879712492412855,0.972972972972973,1.0
ballroom/ballroom_Media-106114/track.npy,ballroom,0.958904109589041,0.9444444444444444,0.958904109589041,0.9444444444444444,0.9592779050830752,0.9530604448769058,0.9790209790209791,0.9714285714285714
beatles/beatles_01_Please_Please_Me_01_I_Saw_Her_Standing_There/track.npy,beatles,0.997737556561086,0.990990990990991,0.997737556561086,0.990990990990991,0.958972165182529,0.9498271214301286,0.997737556561086,0.9954751131221719
beatles/beatles_01_Please_Please_Me_04_Chains/track.npy,beatles,0.9966101694915255,0.9864864864864865,0.9966101694915255,0.9864864864864865,0.9720633551564652,0.9733137554773076,0.99830220713073,0.9931972789115647
beatles/beatles_02_With_the_Beatles_09_Hold_Me_Tight/track.npy,beatles,0.9937106918238994,0.9375,0.9937106918238994,0.9375,0.9564278153004785,0.916988544329396,0.9968553459119497,0.9620253164556962
beatles/beatles_03_A_Hard_Days_Night_06_Tell_Me_Why/track.npy,beatles,0.9934640522875817,0.987012987012987,0.9934640522875817,0.987012987012987,0.9662534477680145,0.966705910982208,0.9983633387888707,0.9934640522875817
beatles/beatles_03_A_Hard_Days_Night_08_Any_Time_At_All/track.npy,beatles,0.9965397923875432,0.9863013698630136,0.9965397923875432,0.9863013698630136,0.9785082439258692,0.9749140797155752,0.9982668977469671,0.993103448275862
beatles/beatles_04_Beatles_for_Sale_01_No_Reply/track.npy,beatles,0.9850187265917603,0.9850746268656716,0.9850187265917603,0.9850746268656716,0.6370792023955902,0.6315329373609976,0.9849056603773584,0.9924812030075187
beatles/beatles_04_Beatles_for_Sale_08_Eight_Days_a_Week/track.npy,beatles,1.0,1.0,1.0,1.0,0.6551062740437219,0.684919588848896,1.0,1.0
beatles/beatles_05_Help_06_Youre_Going_To_Lose_That_Girl/track.npy,beatles,1.0,1.0,1.0,1.0,0.7751281205902407,0.7943080954239805,1.0,1.0
beatles/beatles_06_Rubber_Soul_01_Drive_My_Car/track.npy,beatles,0.9721254355400697,0.9861111111111112,0.9721254355400697,0.9861111111111112,0.8990295958939585,0.8992345694595714,0.9859154929577465,0.993006993006993
beatles/beatles_06_Rubber_Soul_07_Michelle/track.npy,beatles,1.0,1.0,1.0,1.0,0.9448496496685076,0.9243416319158634,1.0,1.0
beatles/beatles_07_Revolver_06_Yellow_Submarine/track.npy,beatles,0.9855595667870036,0.8714285714285714,0.9855595667870036,0.8714285714285714,0.9011292224759726,0.8185739242132971,0.9909255898366605,0.8920863309352518
beatles/beatles_07_Revolver_11_Doctor_Robert/track.npy,beatles,0.9825581395348837,0.9883720930232558,0.9825581395348837,0.9883720930232558,0.9687151297185751,0.9704401757703692,0.9927007299270073,0.9941520467836257
beatles/beatles_08_Sgt_Peppers_Lonely_Hearts_Club_Band_01_Sgt_Peppers_Lonely_Hearts_Club_Band/track.npy,beatles,0.9832402234636871,1.0,0.9832402234636871,1.0,0.7706790168229701,0.7878689041109972,0.9859154929577464,1.0
beatles/beatles_08_Sgt_Peppers_Lonely_Hearts_Club_Band_09_When_Im_Sixty-Four/track.npy,beatles,0.8370786516853933,1.0,0.8370786516853933,1.0,0.819805157186318,0.8269372563436286,0.9547445255474453,1.0
beatles/beatles_09_Magical_Mystery_Tour_03_Flying/track.npy,beatles,0.9366197183098591,0.9444444444444444,0.9366197183098591,0.9444444444444444,0.8532921387237945,0.8526450416788297,0.9672727272727273,0.9714285714285714
beatles/beatles_10_CD1_The_Beatles_08_Happiness_is_a_Warm_Gun/track.npy,beatles,0.6208053691275168,0.3956043956043956,0.6208053691275168,0.3956043956043956,0.8110378936186046,0.6879097961454306,0.8763636363636365,0.7466666666666667
beatles/beatles_10_CD1_The_Beatles_11_Black_Bird/track.npy,beatles,0.9849246231155779,0.4909090909090909,0.9849246231155779,0.2,0.8839755452176915,0.6503883867107458,0.9722921914357683,0.68
beatles/beatles_10_CD2_The_Beatles_04_Everybodys_Got_Something_To_Hide_Except_Me_and_My_Monkey/track.npy,beatles,0.9635036496350365,0.8714285714285714,0.9635036496350365,0.8714285714285714,0.9354154290015313,0.9138516089712206,0.9724770642201834,0.9411764705882354
beatles/beatles_10_CD2_The_Beatles_09_Honey_Pie/track.npy,beatles,0.8805970149253731,0.8588235294117647,0.8805970149253731,0.02531645569620253,0.7940748838726539,0.7413040149224421,0.9240121580547113,0.6255144032921811
beatles/beatles_11_Abbey_Road_08_Because/track.npy,beatles,0.8899521531100478,0.9444444444444444,0.8899521531100478,0.9444444444444444,0.8597825383656221,0.8575397822198306,0.9556650246305418,0.9433962264150944
beatles/beatles_11_Abbey_Road_09_You_Never_Give_Me_Your_Money/track.npy,beatles,0.9178470254957507,0.9659090909090909,0.9178470254957507,0.9659090909090909,0.8890022042489959,0.9272130160614439,0.9680232558139535,0.9826589595375723
beatles/beatles_12_Let_It_Be_06_Let_It_Be/track.npy,beatles,1.0,0.38636363636363635,1.0,0.38636363636363635,0.8920085175230287,0.6828233930303298,0.9963369963369964,0.7435897435897436
candombe/csic.1995_ansina1_03/track.npy,candombe,0.993993993993994,1.0,0.993993993993994,1.0,0.9677394276923996,0.9646911690752419,0.9984962406015038,1.0
candombe/csic.1995_cuareim_05/track.npy,candombe,1.0,1.0,1.0,1.0,0.9743406172147278,0.9793643107411897,1.0,1.0
candombe/proyecto.1992_magarinos_02/track.npy,candombe,0.9987212276214834,0.9948849104859335,0.9987212276214834,0.9948849104859335,0.9714282811365238,0.9737291224308876,0.9993606138107417,0.998719590268886
candombe/zavala.muniz.2014_50/track.npy,candombe,0.9941690962099126,0.9885057471264368,0.9941690962099126,0.9885057471264368,0.9680066075598663,0.9674257415931449,0.9956204379562044,0.9942196531791908
candombe/zavala.muniz.2014_51/track.npy,candombe,1.0,1.0,1.0,1.0,0.9777905603521417,0.9828452948362152,1.0,1.0
filosax/filosax_07/track.npy,filosax,0.9970149253731343,0.9281437125748503,0.9970149253731343,0.9281437125748503,0.9464411159337749,0.9062717946755925,0.9985074626865672,0.9575757575757576
filosax/filosax_14/track.npy,filosax,0.9935576234788833,1.0,0.9935576234788833,1.0,0.9461886167751756,0.9356665327060106,0.9974937343358395,0.997134670487106
filosax/filosax_18/track.npy,filosax,0.9818875119161106,0.9132075471698113,0.9818875119161106,0.9132075471698113,0.9386546031833498,0.8889494848314391,0.9908609908609909,0.9521988527724666
filosax/filosax_34/track.npy,filosax,0.9969278033794163,0.9939024390243902,0.9969278033794163,0.9939024390243902,0.9076070923988419,0.9062182529780041,0.9969230769230769,0.9969418960244648
filosax/filosax_40/track.npy,filosax,0.9898785425101214,0.9126984126984127,0.9898785425101214,0.9126984126984127,0.9582643376245972,0.8911963148643128,0.9949341438703141,0.936
filosax/filosax_46/track.npy,filosax,0.9905172413793103,0.9965635738831615,0.9905172413793103,0.9965635738831615,0.9334039929102353,0.9192351248911785,0.9961156668105309,0.9982788296041308
groove_midi/drummer10_session1_6_jazz-swing_215_beat_4-4/track.npy,groove_midi,0.9682539682539683,1.0,0.9682539682539683,1.0,0.7694151150886572,0.74371898795836,1.0,1.0
groove_midi/drummer1_eval_session_2_funk-groove2_105_beat_4-4/track.npy,groove_midi,0.9821428571428571,0.9285714285714286,0.9821428571428571,0.9285714285714286,0.9563899655479604,0.9343928661048624,0.9909909909909909,0.962962962962963
groove_midi/drummer1_eval_session_7_pop-groove7_138_beat_4-4/track.npy,groove_midi,1.0,1.0,1.0,1.0,0.8306375962215923,0.8270516479366479,1.0,1.0
groove_midi/drummer1_session1_100_neworleans-secondline_94_beat_4-4/track.npy,groove_midi,0.8590909090909091,0.7692307692307693,0.8590909090909091,0.7692307692307693,0.9110025933374983,0.8071537607180663,0.96,0.8461538461538461
groove_midi/drummer1_session1_145_latin-brazilian-baiao_95_beat_4-4/track.npy,groove_midi,0.975609756097561,0.9090909090909091,0.975609756097561,0.9090909090909091,0.9367072788547863,0.8808906951694331,0.9876543209876543,0.9523809523809523
groove_midi/drummer1_session1_239_funk-purdieshuffle_130_beat_4-4/track.npy,groove_midi,0.9927184466019418,0.9902912621359223,0.9927184466019418,0.9902912621359223,0.9246583147335624,0.9102202719153666,0.9963459196102314,0.9951219512195122
groove_midi/drummer1_session1_28_latin-samba_116_beat_4-4/track.npy,groove_midi,0.9953379953379954,0.6261682242990654,0.9953379953379954,0.6261682242990654,0.8803074897012548,0.6963588321339652,0.9976635514018692,0.7437185929648241
groove_midi/drummer1_session1_50_jazz_125_beat_4-4/track.npy,groove_midi,0.9871794871794872,0.7121212121212122,0.9871794871794872,0.7121212121212122,0.9342904286039605,0.8179249267044377,0.9914529914529915,0.8640000000000001
groove_midi/drummer1_session2_180_rock_50_beat_4-4/track.npy,groove_midi,0.23668639053254437,0.8369565217391305,0.23668639053254437,0.0,0.6355066876625736,0.6964869236552819,0.6897880539499037,0.5985401459854015
groove_midi/drummer1_session2_2_latin-chacarera_118_beat_4-4/track.npy,groove_midi,0.19363395225464192,0.031914893617021274,0.19363395225464192,0.031914893617021274,0.6291637896103721,0.11708722787794557,0.652931854199683,0.11464968152866241
groove_midi/drummer1_session2_6_rock_102_beat_3-4/track.npy,groove_midi,0.8023255813953488,0.3364485981308411,0.8023255813953488,0.3364485981308411,0.8015531784602178,0.5279780451993069,0.9049773755656109,0.6043956043956042
groove_midi/drummer1_session3_18_rock_128_beat_4-4/track.npy,groove_midi,0.9897610921501706,1.0,0.9897610921501706,1.0,0.926489540666435,0.9359425357054746,0.9948542024013721,1.0
groove_midi/drummer1_session3_2_jazz-swing_185_beat_4-4/track.npy,groove_midi,0.7746478873239436,0.6228070175438597,0.12698412698412698,0.20634920634920634,0.7940255821466835,0.77851838155925,0.7208121827411168,0.7458745874587459
groove_midi/drummer3_session1_15_jazz_120_beat_4-4/track.npy,groove_midi,0.9814814814814815,0.9285714285714286,0.9814814814814815,0.9285714285714286,0.9502362744898029,0.9482541448196075,0.9814814814814815,0.962962962962963
groove_midi/drummer3_session1_9_rock_105_beat_4-4/track.npy,groove_midi,1.0,1.0,1.0,1.0,0.9049716491753772,0.8884030798867795,1.0,1.0
groove_midi/drummer3_session2_22_rock_92_beat_4-4/track.npy,groove_midi,0.9705882352941176,1.0,0.9705882352941176,1.0,0.9428593859363463,0.9505094566733193,0.9850746268656716,1.0
groove_midi/drummer5_eval_session_3_soul-groove3_86_beat_4-4/track.npy,groove_midi,0.9824561403508771,0.9333333333333333,0.9824561403508771,0.9333333333333333,0.9553434547446911,0.9501754949291411,0.9911504424778761,0.9655172413793104
groove_midi/drummer5_session1_4_latin-brazilian-samba_89_beat_4-4/track.npy,groove_midi,1.0,0.8939393939393939,1.0,0.8939393939393939,0.9164592766445058,0.8529810885865232,1.0,0.9393939393939394
groove_midi/drummer5_session2_12_rock_105_beat_4-4/track.npy,groove_midi,0.9954337899543378,1.0,0.9954337899543378,1.0,0.9191125991192566,0.9089899913409304,0.9977116704805492,1.0
groove_midi/drummer5_session2_14_rock_140_beat_4-4/track.npy,groove_midi,0.9902912621359223,0.9807692307692307,0.9902912621359223,0.9807692307692307,0.9397995369659403,0.9511375350310435,0.9951219512195122,0.9902912621359222
groove_midi/drummer5_session2_1_latin-venezuelan-sangueo_101_beat_4-4/track.npy,groove_midi,1.0,1.0,1.0,1.0,0.9332072442985087,0.9360819791983087,1.0,1.0
groove_midi/drummer5_session2_6_neworleans-secondline_99_beat_4-4/track.npy,groove_midi,0.9954545454545455,1.0,0.9954545454545455,1.0,0.9445398065631267,0.9412332264938879,0.9988623435722412,1.0
groove_midi/drummer6_session1_1_rock_70_beat_6-8/track.npy,groove_midi,0.8846153846153846,0.0,0.8846153846153846,0.0,0.8616267865778602,0.43618110830782686,0.9600000000000001,0.4444444444444445
groove_midi/drummer7_eval_session_3_soul-groove3_86_beat_4-4/track.npy,groove_midi,1.0,1.0,1.0,1.0,0.9234675577594115,0.9141795690031077,1.0,1.0
groove_midi/drummer7_eval_session_6_hiphop-groove6_87_beat_4-4/track.npy,groove_midi,0.9824561403508771,0.9333333333333333,0.9824561403508771,0.9333333333333333,0.9614868385020028,0.9342494079089813,0.9911504424778761,0.9655172413793104
groove_midi/drummer7_session1_16_hiphop_100_beat_4-4/track.npy,groove_midi,0.9696969696969697,1.0,0.9696969696969697,1.0,0.9524710550142493,0.9593931360207795,0.9846153846153847,1.0
groove_midi/drummer7_session1_1_rock_86_beat_4-4/track.npy,groove_midi,0.9936908517350158,0.9873417721518988,0.9936908517350158,0.0,0.8580663862610571,0.43459965574204223,0.9936708860759493,0.0
groove_midi/drummer7_session2_104_pop_132_beat_4-4/track.npy,groove_midi,0.979381443298969,0.9583333333333334,0.979381443298969,0.0,0.9436986646403399,0.4703479409006657,0.9895833333333333,0.0
groove_midi/drummer7_session2_14_rock_95_beat_4-4/track.npy,groove_midi,0.9811320754716981,0.35714285714285715,0.9811320754716981,0.35714285714285715,0.9511193278838069,0.6143363458589431,0.9904761904761905,0.5925925925925927
groove_midi/drummer7_session2_27_rock_75_beat_4-4/track.npy,groove_midi,0.9924242424242424,1.0,0.9924242424242424,1.0,0.9022836204470882,0.9138317008246932,0.9809885931558935,0.9696969696969697
groove_midi/drummer7_session2_45_rock_135_beat_4-4/track.npy,groove_midi,1.0,1.0,1.0,1.0,0.9329911711233816,0.9195083273721744,1.0,1.0
groove_midi/drummer7_session2_46_rock_135_beat_4-4/track.npy,groove_midi,0.9827586206896551,1.0,0.9827586206896551,1.0,0.9360913089981704,0.9642028852541419,0.9913043478260869,1.0
groove_midi/drummer7_session2_80_country_78_beat_4-4/track.npy,groove_midi,0.978494623655914,0.4725274725274725,0.978494623655914,0.35294117647058826,0.9117516543755487,0.759263682384983,0.9891304347826088,0.8070175438596492
groove_midi/drummer7_session2_87_hiphop_75_beat_4-4/track.npy,groove_midi,0.9884393063583815,1.0,0.9884393063583815,1.0,0.8475134060481947,0.8564527994401346,0.9971014492753623,1.0
groove_midi/drummer7_session3_108_rock_95_beat_4-4/track.npy,groove_midi,1.0,0.32098765432098764,1.0,0.11538461538461539,0.9654513704481755,0.5725602236067099,1.0,0.40860215053763443
groove_midi/drummer7_session3_117_rock_95_beat_4-4/track.npy,groove_midi,1.0,1.0,1.0,1.0,0.9030897954465263,0.9324610268283996,1.0,1.0
groove_midi/drummer7_session3_129_rock_93_beat_4-4/track.npy,groove_midi,1.0,0.8947368421052632,1.0,0.8947368421052632,0.9407931947801449,0.9112966126396669,1.0,0.972972972972973
groove_midi/drummer7_session3_24_hiphop_67_beat_4-4/track.npy,groove_midi,0.9902912621359223,0.9615384615384616,0.9902912621359223,0.9615384615384616,0.9192781146607353,0.8989550965292477,0.9951219512195122,0.9803921568627451
groove_midi/drummer8_eval_session_4_soul-groove4_80_beat_4-4/track.npy,groove_midi,1.0,1.0,1.0,1.0,0.9622537500273968,0.9498618214874064,1.0,1.0
groove_midi/drummer8_eval_session_8_rock-groove8_65_beat_4-4/track.npy,groove_midi,0.9830508474576272,0.9333333333333333,0.9830508474576272,0.9333333333333333,0.938529276392255,0.9328038690513052,0.9914529914529915,0.9655172413793104
groove_midi/drummer8_session1_14_hiphop_94_beat_4-4/track.npy,groove_midi,0.992,0.9841269841269841,0.992,0.9841269841269841,0.9616776843325666,0.9588692384020545,0.9959839357429718,0.9919999999999999
groove_midi/drummer8_session1_6_funk_80_beat_4-4/track.npy,groove_midi,0.9954128440366973,0.9818181818181818,0.9954128440366973,0.9818181818181818,0.9348582397519851,0.9266987529560146,0.9977011494252873,0.9908256880733944
guitarset/00_BN2-131-B_comp_mix/track.npy,guitarset,0.7272727272727273,0.9230769230769231,0.7272727272727273,0.9230769230769231,0.8116349868085737,0.9069174331753339,0.8703703703703703,0.9600000000000001
guitarset/00_Rock3-117-Bb_comp_mix/track.npy,guitarset,0.9074074074074074,1.0,0.9074074074074074,1.0,0.8886710587667979,0.889954492349795,0.9333333333333333,0.9230769230769231
guitarset/00_SS2-107-Ab_comp_mix/track.npy,guitarset,0.9821428571428571,0.9285714285714286,0.9821428571428571,0.9285714285714286,0.9412330385998057,0.915547022899822,0.9909909909909909,0.962962962962963
guitarset/01_Funk1-114-Ab_comp_mix/track.npy,guitarset,0.7619047619047619,0.9,0.7619047619047619,0.9,0.8557184352874876,0.9243317907447328,0.9,0.9473684210526316
guitarset/01_Funk2-108-Eb_comp_mix/track.npy,guitarset,0.9821428571428571,0.9285714285714286,0.9821428571428571,0.9285714285714286,0.9497655614858107,0.9245594244685359,0.9909909909909909,0.962962962962963
guitarset/01_Jazz3-137-Eb_comp_mix/track.npy,guitarset,1.0,1.0,1.0,1.0,0.9593510946801584,0.9535178631920602,1.0,1.0
guitarset/02_Jazz2-187-F#_comp_mix/track.npy,guitarset,1.0,1.0,1.0,1.0,0.9589384217460145,0.9306736087714439,1.0,1.0
guitarset/02_Jazz3-137-Eb_comp_mix/track.npy,guitarset,1.0,1.0,1.0,1.0,0.9738859797626384,0.9553488391974978,1.0,1.0
guitarset/02_Rock3-117-Bb_comp_mix/track.npy,guitarset,1.0,1.0,1.0,1.0,0.8741100752154473,0.8876176519404699,1.0,1.0
guitarset/02_SS1-68-E_comp_mix/track.npy,guitarset,1.0,0.8,1.0,0.8,0.5928957980850411,0.5806722338435862,0.8333333333333334,0.6666666666666665
guitarset/03_BN1-129-Eb_comp_mix/track.npy,guitarset,1.0,1.0,1.0,1.0,0.975841709083572,0.976282595488366,1.0,1.0
guitarset/03_Funk2-108-Eb_comp_mix/track.npy,guitarset,0.9818181818181818,0.9285714285714286,0.9818181818181818,0.9285714285714286,0.9572357504950567,0.9465150274792881,0.9818181818181818,0.962962962962963
guitarset/03_Jazz2-110-Bb_comp_mix/track.npy,guitarset,0.7931034482758621,1.0,0.7931034482758621,1.0,0.7401869293698252,0.6845558039247517,0.875,0.8461538461538461
guitarset/03_Rock2-85-F_comp_mix/track.npy,guitarset,0.9824561403508771,0.9333333333333333,0.9824561403508771,0.9333333333333333,0.6716190566870475,0.6843994452467576,0.9734513274336283,0.9655172413793104
guitarset/03_SS1-68-E_comp_mix/track.npy,guitarset,0.7021276595744681,0.3684210526315789,0.7021276595744681,0.26666666666666666,0.8168952352389837,0.6174134762433369,0.898876404494382,0.64
guitarset/04_SS2-88-F_comp_mix/track.npy,guitarset,0.9824561403508771,1.0,0.9824561403508771,1.0,0.9250573377160985,0.9188904733485247,0.9911504424778761,1.0
guitarset/05_BN2-131-B_comp_mix/track.npy,guitarset,1.0,1.0,1.0,1.0,0.7177352514571429,0.7119105236478299,1.0,1.0
guitarset/05_BN3-154-E_comp_mix/track.npy,guitarset,1.0,1.0,1.0,1.0,0.9543777298706793,0.9409358527329325,1.0,1.0
guitarset/05_Funk1-114-Ab_comp_mix/track.npy,guitarset,0.6842105263157895,0.6666666666666666,0.6842105263157895,0.6666666666666666,0.7762603346622825,0.7359151590196951,0.7945205479452055,0.75
guitarset/05_Jazz2-110-Bb_comp_mix/track.npy,guitarset,0.9818181818181818,1.0,0.9818181818181818,1.0,0.8191604646405065,0.8638410547286136,0.9908256880733944,1.0
guitarset/05_Rock1-90-C#_comp_mix/track.npy,guitarset,0.975609756097561,0.9090909090909091,0.975609756097561,0.9090909090909091,0.8899052798132349,0.8805611309432203,0.9876543209876543,0.9523809523809523
guitarset/05_Rock2-85-F_comp_mix/track.npy,guitarset,0.9824561403508771,0.9333333333333333,0.9824561403508771,0.9333333333333333,0.8545041112266961,0.8390636774216922,0.9911504424778761,0.9655172413793104
guitarset/05_SS2-107-Ab_comp_mix/track.npy,guitarset,1.0,1.0,1.0,1.0,0.8650040291888962,0.8847203086642638,1.0,1.0
hainsworth/hainsworth_011/track.npy,hainsworth,1.0,0.6875,1.0,0.6875,0.9658517289760946,0.8123529741448847,1.0,0.8387096774193549
hainsworth/hainsworth_025/track.npy,hainsworth,0.9857142857142858,0.9473684210526315,0.9857142857142858,0.9473684210526315,0.9550362287791573,0.9425727367736767,0.9928057553956835,0.972972972972973
hainsworth/hainsworth_042/track.npy,hainsworth,1.0,1.0,1.0,1.0,0.9859230878779178,0.9898018549940928,1.0,1.0
hainsworth/hainsworth_056/track.npy,hainsworth,0.43414634146341463,0.3076923076923077,0.3945578231292517,0.3076923076923077,0.8079970247550645,0.4255702661327827,0.824,0.4375
hainsworth/hainsworth_073/track.npy,hainsworth,0.9389312977099237,0.9393939393939394,0.031496062992125984,0.0,0.7464219787497721,0.692111317922676,0.6839378238341969,0.653061224489796
hainsworth/hainsworth_075/track.npy,hainsworth,0.9692307692307692,0.047619047619047616,0.015748031496062992,0.0,0.7538116661352994,0.24311793977415436,0.6770833333333334,0.2333333333333333
hainsworth/hainsworth_084/track.npy,hainsworth,1.0,0.34615384615384615,1.0,0.34615384615384615,0.9706312250305248,0.7061791623959133,1.0,0.6808510638297872
hainsworth/hainsworth_088/track.npy,hainsworth,1.0,1.0,1.0,1.0,0.9642271243150417,0.9768148943733126,1.0,1.0
hainsworth/hainsworth_089/track.npy,hainsworth,1.0,1.0,1.0,1.0,0.9708507891574337,0.9713123170354072,1.0,1.0
hainsworth/hainsworth_112/track.npy,hainsworth,0.9760956175298805,0.9838709677419355,0.00398406374501992,0.0,0.7997443160141491,0.7989110248596807,0.6648936170212766,0.6666666666666666
hainsworth/hainsworth_114/track.npy,hainsworth,1.0,1.0,1.0,1.0,0.9793882186157654,0.9790257099111478,1.0,1.0
hainsworth/hainsworth_115/track.npy,hainsworth,1.0,1.0,1.0,1.0,0.9755814597895973,0.9816958861267068,1.0,1.0
hainsworth/hainsworth_120/track.npy,hainsworth,0.9885057471264368,1.0,0.9885057471264368,1.0,0.9419132974587028,0.9442269319893091,0.9971181556195965,1.0
hainsworth/hainsworth_123/track.npy,hainsworth,0.8701298701298701,0.3333333333333333,0.8701298701298701,0.14285714285714285,0.6392103656000866,0.4477015470740811,0.8356164383561644,0.4736842105263158
hainsworth/hainsworth_128/track.npy,hainsworth,0.8253968253968254,0.125,0.8253968253968254,0.125,0.5578738956510583,0.3874214160749999,0.7258064516129032,0.4375
hainsworth/hainsworth_141/track.npy,hainsworth,0.6363636363636364,0.7692307692307693,0.6363636363636364,0.7692307692307693,0.7140306224506078,0.8189978896368452,0.8085106382978723,0.9166666666666666
hainsworth/hainsworth_154/track.npy,hainsworth,1.0,1.0,1.0,1.0,0.9677523273149411,0.9653075613270801,1.0,1.0
hainsworth/hainsworth_182/track.npy,hainsworth,1.0,1.0,1.0,1.0,0.9759713386588109,0.9757122960205712,1.0,1.0
hainsworth/hainsworth_191/track.npy,hainsworth,1.0,1.0,1.0,1.0,0.9644245431993383,0.9635116265136571,1.0,1.0
hainsworth/hainsworth_193/track.npy,hainsworth,0.5454545454545454,0.5714285714285714,0.5454545454545454,0.0,0.605525876407797,0.3108620844314641,0.8050314465408807,0.1111111111111111
hainsworth/hainsworth_200/track.npy,hainsworth,0.9726027397260274,0.8,0.9726027397260274,0.8,0.917193128062542,0.8816047475530351,0.958904109589041,0.9473684210526316
hainsworth/hainsworth_207/track.npy,hainsworth,0.6140350877192983,0.9473684210526315,0.6140350877192983,0.0,0.6655938924689223,0.5443841532688809,0.8133971291866028,0.5614035087719298
hainsworth/hainsworth_230/track.npy,hainsworth,0.9705882352941176,0.92,0.9705882352941176,0.92,0.928088078179999,0.9244713067781647,0.99009900990099,0.9795918367346939
hainsworth/hainsworth_232/track.npy,hainsworth,1.0,0.37037037037037035,1.0,0.37037037037037035,0.9738915746871848,0.47901103399227885,1.0,0.5
hainsworth/hainsworth_234/track.npy,hainsworth,1.0,1.0,1.0,1.0,0.9679492650251987,0.968177751126514,1.0,1.0
hainsworth/hainsworth_238/track.npy,hainsworth,1.0,1.0,1.0,1.0,0.980639857549333,0.9799983165258994,1.0,1.0
hainsworth/hainsworth_239/track.npy,hainsworth,1.0,1.0,1.0,1.0,0.9854544838885614,0.9863438392827869,1.0,1.0
hainsworth/hainsworth_244/track.npy,hainsworth,1.0,1.0,1.0,0.0,0.9428537192933657,0.7977091233380642,1.0,0.6829268292682926
harmonix/0004_abc/track.npy,harmonix,0.8434163701067615,0.8732394366197183,0.8434163701067615,0.8732394366197183,0.7985957929521985,0.7676401014438066,0.8868613138686131,0.8345323741007195
harmonix/0009_americanmusic/track.npy,harmonix,0.9194214876033058,0.9421487603305785,0.9194214876033058,0.9421487603305785,0.8275595250197775,0.8258077995662721,0.9400630914826498,0.9456066945606695
harmonix/0032_boomboompow/track.npy,harmonix,0.9975609756097561,1.0,0.9975609756097561,1.0,0.9600596038873063,0.9482499157749177,0.9987789987789988,1.0
harmonix/0038_bringmetolife/track.npy,harmonix,0.9972527472527473,0.9782608695652174,0.9972527472527473,0.9782608695652174,0.9705828989061254,0.9672993687246073,0.9986244841815681,0.994535519125683
harmonix/0052_collector/track.npy,harmonix,0.9951338199513382,0.29473684210526313,0.9951338199513382,0.29473684210526313,0.9679501699041411,0.4976281063663459,0.9987819732034106,0.5108695652173912
harmonix/0063_daysgoby/track.npy,harmonix,0.9432314410480349,0.9298245614035088,0.9432314410480349,0.9298245614035088,0.8529137871240208,0.8407378270981801,0.9845474613686535,0.9734513274336283
harmonix/0069_digginmedown/track.npy,harmonix,0.8956386292834891,0.7232704402515723,0.8956386292834891,0.7232704402515723,0.8198410331146248,0.6885110925416477,0.9390048154093098,0.7935483870967743
harmonix/0083_dragthewaters/track.npy,harmonix,0.8831385642737897,0.4144736842105263,0.8831385642737897,0.4144736842105263,0.8504775380872664,0.4636263266376304,0.929481733220051,0.49645390070921985
harmonix/0087_evacuate/track.npy,harmonix,0.9957264957264957,1.0,0.9957264957264957,1.0,0.8784445013766453,0.8830788977060616,0.9978586723768736,1.0
harmonix/0094_fireflies/track.npy,harmonix,0.9781931464174455,0.9753086419753086,0.9781931464174455,0.9753086419753086,0.9645997173033031,0.962009044069104,0.988976377952756,0.9875
harmonix/0107_getlow/track.npy,harmonix,0.8905982905982905,0.9583333333333334,0.8905982905982905,0.9583333333333334,0.8271515058318347,0.8481405929655058,0.967515364354697,0.9752650176678445
harmonix/0118_grenade/track.npy,harmonix,0.995850622406639,1.0,0.995850622406639,1.0,0.9164408783943747,0.9152573376059627,0.997920997920998,1.0
harmonix/0127_hollabackgirl/track.npy,harmonix,1.0,1.0,1.0,1.0,0.9196885635554258,0.9393471640736414,1.0,1.0
harmonix/0152_kingofrock/track.npy,harmonix,0.9940476190476191,0.728,0.9940476190476191,0.12698412698412698,0.9327870035430582,0.4546478206884599,0.9980119284294234,0.1626016260162602
harmonix/0153_lalaland/track.npy,harmonix,0.6621359223300971,0.5968992248062015,0.16027088036117382,0.23076923076923078,0.7722928163308203,0.767644910624389,0.7189728958630528,0.7337278106508875
harmonix/0155_lapdance/track.npy,harmonix,0.9953703703703703,1.0,0.9953703703703703,1.0,0.9324564592022601,0.9274954415005793,0.9976798143851509,1.0
harmonix/0157_leanwitit/track.npy,harmonix,1.0,1.0,1.0,1.0,0.9682558673443765,0.9761651668797127,1.0,1.0
harmonix/0162_lobotomy/track.npy,harmonix,0.7495682210708118,0.47692307692307695,0.7495682210708118,0.47692307692307695,0.7782860095434289,0.44694659183370344,0.9015356820234869,0.5230769230769231
harmonix/0168_maneater/track.npy,harmonix,1.0,1.0,1.0,1.0,0.9648713840472192,0.9577640045553328,1.0,1.0
harmonix/0171_marchofthepigs/track.npy,harmonix,0.6283422459893048,0.4782608695652174,0.10369318181818182,0.4782608695652174,0.6892923347415914,0.48372041690383694,0.6883116883116883,0.509090909090909
harmonix/0178_mountainman/track.npy,harmonix,0.7111913357400722,0.5882352941176471,0.7111913357400722,0.5882352941176471,0.8369609301625294,0.7842011118258132,0.9080459770114943,0.84375
harmonix/0182_mycurse/track.npy,harmonix,0.9728183118741058,0.6115702479338843,0.9728183118741058,0.09954751131221719,0.9568198721738558,0.7117752221168622,0.9777777777777777,0.6900584795321637
harmonix/0190_newfang/track.npy,harmonix,0.46234309623430964,0.6310679611650486,0.46234309623430964,0.6310679611650486,0.7495108921081844,0.661096222675518,0.8351383874849578,0.75
harmonix/0198_nowthatwefoundlove/track.npy,harmonix,1.0,1.0,1.0,1.0,0.8718596576612764,0.8823274504920502,1.0,1.0
harmonix/0201_oh/track.npy,harmonix,1.0,1.0,1.0,1.0,0.7820834736831163,0.7910349102091946,1.0,1.0
harmonix/0204_onlyamemory/track.npy,harmonix,1.0,1.0,1.0,1.0,0.8815819113128087,0.8907115549018126,1.0,1.0
harmonix/0217_pokerface/track.npy,harmonix,1.0,1.0,1.0,1.0,0.9379428575543945,0.9294031641169793,1.0,1.0
harmonix/0222_realgoodlooking/track.npy,harmonix,0.7812971342383107,0.8323353293413174,0.7812971342383107,0.8323353293413174,0.8549398869576853,0.8633173683940297,0.9236883942766295,0.9345794392523364
harmonix/0235_rudeboy/track.npy,harmonix,1.0,1.0,1.0,1.0,0.8508319561402186,0.8691516357255105,1.0,1.0
harmonix/0241_satellite/track.npy,harmonix,1.0,0.703125,1.0,0.703125,0.955960489797395,0.7691646342452569,1.0,0.8095238095238094
harmonix/0257_somebodytolove/track.npy,harmonix,1.0,1.0,1.0,1.0,0.9176891406509973,0.9154077556370898,1.0,1.0
harmonix/0267_superfreak/track.npy,harmonix,0.993103448275862,0.8727272727272727,0.993103448275862,0.8727272727272727,0.9624293176100749,0.8482104000540563,0.996547756041427,0.8767123287671234
harmonix/0282_thegreatsatan/track.npy,harmonix,0.7614314115308151,0.675,0.12524850894632206,0.675,0.4689696205229046,0.08969790972091488,0.17426545086119552,0.10878661087866108
harmonix/0309_whatsmyname/track.npy,harmonix,1.0,1.0,1.0,1.0,0.8891995668439144,0.9071359888136473,1.0,1.0
harmonix/0314_whoomp/track.npy,harmonix,0.9925925925925926,1.0,0.9925925925925926,1.0,0.9581839657452532,0.9511392231215874,0.996282527881041,1.0
harmonix/0316_wildones/track.npy,harmonix,0.9457142857142857,0.9770114942528736,0.9457142857142857,0.9770114942528736,0.7933921627038942,0.7794957047872615,0.9670014347202295,0.9595375722543352
harmonix/0326_yougotittherightstuff/track.npy,harmonix,0.996742671009772,1.0,0.996742671009772,1.0,0.897015851085176,0.9029299042976691,0.99836867862969,1.0
harmonix/0331_againstallodds/track.npy,harmonix,0.8406593406593407,0.8461538461538461,0.8406593406593407,0.8461538461538461,0.8935228613166726,0.9123893156658943,0.9502133712660028,0.9540229885057472
harmonix/0332_alejandro/track.npy,harmonix,0.9387254901960784,0.7029702970297029,0.9387254901960784,0.7029702970297029,0.9201269063744201,0.6985932992048572,0.9592088998763907,0.7263681592039801
harmonix/0342_bangpop/track.npy,harmonix,0.9936908517350158,1.0,0.9936908517350158,1.0,0.9255324320847133,0.9197962669211801,0.9968354430379747,1.0
harmonix/0360_coolerthanme/track.npy,harmonix,0.984375,0.9821428571428571,0.984375,0.9821428571428571,0.9490214113638963,0.9508333202574631,0.9921259842519685,0.9909909909909909
harmonix/0367_dontdreamitsover/track.npy,harmonix,0.9738562091503268,0.7051282051282052,0.9738562091503268,0.7051282051282052,0.8403817732265766,0.6205558011897554,0.9867549668874172,0.7532467532467534
harmonix/0370_downonme/track.npy,harmonix,0.9724137931034482,0.9726027397260274,0.9724137931034482,0.9726027397260274,0.9499695425697724,0.9374124290071033,0.9860627177700348,0.9726027397260274
harmonix/0378_effinperfect/track.npy,harmonix,0.9870550161812298,1.0,0.9870550161812298,1.0,0.9599005249088052,0.9656719474854358,0.9935064935064936,1.0
harmonix/0384_finally/track.npy,harmonix,0.9892933618843683,0.7543859649122807,0.9892933618843683,0.034782608695652174,0.8253154610219029,0.404401235027239,0.9946178686759958,0.11555555555555555
harmonix/0397_goodlife/track.npy,harmonix,0.9746835443037974,0.9897959183673469,0.9746835443037974,0.9897959183673469,0.9375673538408766,0.9427920097549836,0.9871794871794872,0.9948717948717948
harmonix/0408_icanonlyimagine/track.npy,harmonix,0.9544419134396356,0.954954954954955,0.9544419134396356,0.954954954954955,0.8779856276227144,0.870852534080344,0.9804822043628013,0.9680365296803655
harmonix/0410_idontwantthisnighttoend/track.npy,harmonix,0.9947916666666666,1.0,0.9947916666666666,1.0,0.9428365789244287,0.9500362680226377,0.9973958333333334,1.0
harmonix/0411_ifihadyou/track.npy,harmonix,0.9916317991631799,0.9916666666666667,0.9916317991631799,0.9916666666666667,0.5461107347136346,0.5531673726131293,0.995798319327731,0.99581589958159
harmonix/0414_illbe/track.npy,harmonix,0.9746192893401016,0.9215686274509803,0.9746192893401016,0.9215686274509803,0.8180768049134621,0.8253696642506406,0.9854576561163387,0.9748743718592965
harmonix/0416_impossible/track.npy,harmonix,0.9938837920489296,1.0,0.9938837920489296,1.0,0.9139104631745982,0.9202606317224605,0.9969325153374233,1.0
harmonix/0419_itgirl/track.npy,harmonix,0.9818840579710145,0.9857142857142858,0.9818840579710145,0.9857142857142858,0.9644853017075373,0.9653974342093834,0.9908925318761385,0.9928057553956835
harmonix/0441_lovingyoutonight/track.npy,harmonix,1.0,1.0,1.0,1.0,0.968292501497631,0.9701765544469299,1.0,1.0
harmonix/0456_nohands/track.npy,harmonix,0.9929078014184397,0.9859154929577465,0.9929078014184397,0.9859154929577465,0.8912663169395664,0.9000159273454561,0.9964412811387899,0.9929078014184397
harmonix/0459_notoveryou/track.npy,harmonix,0.39944903581267216,0.4959349593495935,0.39944903581267216,0.29591836734693877,0.7194738170940721,0.7266762234761759,0.7442622950819672,0.7124999999999999
harmonix/0460_numb/track.npy,harmonix,0.9662162162162162,0.9454545454545454,0.9662162162162162,0.9454545454545454,0.964338555737046,0.9313042064522085,0.9819004524886877,0.9454545454545454
harmonix/0463_onemorenight/track.npy,harmonix,0.9909638554216867,1.0,0.9909638554216867,1.0,0.9074767537565482,0.9195355772608937,0.9954614220877459,1.0
harmonix/0473_payphone/track.npy,harmonix,0.9848866498740554,0.9797979797979798,0.9848866498740554,0.0,0.9296122395225002,0.4590363111282182,0.9923857868020305,0.0
harmonix/0475_poisonedwithlove/track.npy,harmonix,0.8330522765598651,0.898989898989899,0.8330522765598651,0.898989898989899,0.9038185143510657,0.9230358785517254,0.9418907198612315,0.9484536082474226
harmonix/0476_pontoon/track.npy,harmonix,0.9968944099378882,0.9878048780487805,0.9968944099378882,0.9878048780487805,0.9725534210551768,0.9665070197827561,0.9984447900466563,0.9938650306748467
harmonix/0484_rockthatbody/track.npy,harmonix,1.0,0.9836065573770492,1.0,0.9836065573770492,0.9528794338111954,0.9484023957127161,1.0,0.9958847736625513
harmonix/0487_secrets/track.npy,harmonix,0.4821092278719397,0.46616541353383456,0.350253807106599,0.3673469387755102,0.7984342755221916,0.7979257461543292,0.8060606060606061,0.8121212121212121
harmonix/0495_someonelikeyou/track.npy,harmonix,0.6632825719120136,0.6486486486486487,0.6632825719120136,0.6486486486486487,0.7938971604495997,0.7863264565423965,0.8822463768115941,0.8832116788321167
harmonix/0496_sparksfly/track.npy,harmonix,0.9745222929936306,0.9915254237288136,0.9745222929936306,0.9915254237288136,0.9009015603289686,0.911890769988178,0.9787685774946921,0.978723404255319
harmonix/0499_starbuckssmile/track.npy,harmonix,0.8617886178861789,0.9120879120879121,0.8617886178861789,0.9120879120879121,0.8422645724579985,0.8599700665568184,0.9472182596291013,0.9540229885057472
harmonix/0502_stronger/track.npy,harmonix,1.0,0.9512195121951219,1.0,0.9512195121951219,0.8766288838374523,0.8332337025919806,1.0,0.9634146341463414
harmonix/0504_suspiciousminds/track.npy,harmonix,0.9824945295404814,0.9826086956521739,0.9824945295404814,0.9826086956521739,0.958920567589685,0.966400222746729,0.9934065934065934,0.9956331877729258
harmonix/0519_titanium/track.npy,harmonix,0.9906103286384976,0.9906542056074766,0.9906103286384976,0.9906542056074766,0.9481732429859188,0.9489712605925361,0.9952830188679246,0.9953051643192489
harmonix/0529_werwhower/track.npy,harmonix,0.9776674937965261,0.9900990099009901,0.9776674937965261,0.9900990099009901,0.9601560634553392,0.9624962383034392,0.9925187032418953,0.9950248756218906
harmonix/0533_whosays/track.npy,harmonix,1.0,1.0,1.0,1.0,0.7780679563905956,0.7687508941101641,1.0,1.0
harmonix/0534_wideawake/track.npy,harmonix,0.9964788732394366,0.9861111111111112,0.9964788732394366,0.9861111111111112,0.9612788828993337,0.9541437734983441,0.998236331569665,0.993006993006993
harmonix/0564_americanboybenny/track.npy,harmonix,0.9253731343283582,0.924812030075188,0.9253731343283582,0.924812030075188,0.919570797520784,0.9001803035665653,0.9448082319925163,0.9283018867924527
harmonix/0565_americanhoney/track.npy,harmonix,1.0,1.0,1.0,1.0,0.9525772354762808,0.9522518640875098,1.0,1.0
harmonix/0568_apologize/track.npy,harmonix,0.9881305637982196,0.9404761904761905,0.0029940119760479044,0.0,0.8071300201420624,0.7935057217040614,0.6640159045725647,0.6559999999999999
harmonix/0578_bealright/track.npy,harmonix,0.9625,0.9625,0.9625,0.9625,0.9238866568523599,0.9182228530423808,0.9778481012658228,0.9746835443037976
harmonix/0583_beautifulgirls/track.npy,harmonix,0.9978813559322034,1.0,0.9978813559322034,1.0,0.9575345444542419,0.9537905569317758,0.9978813559322034,1.0
harmonix/0588_believe/track.npy,harmonix,0.4283121597096189,0.5681818181818182,0.39285714285714285,0.5681818181818182,0.8005861633337167,0.8411338106271222,0.81437125748503,0.8662420382165604
harmonix/0596_bonbon/track.npy,harmonix,0.9932735426008968,0.9910714285714286,0.9932735426008968,0.9910714285714286,0.9698722109243484,0.9558165282317115,0.9966329966329966,0.9955156950672646
harmonix/0630_crushcrushcrush/track.npy,harmonix,0.992462311557789,0.99,0.992462311557789,0.99,0.9767983807008622,0.9745153625205669,0.9962168978562421,0.9949748743718593
harmonix/0636_daynnitecrookersremix/track.npy,harmonix,0.9970674486803519,1.0,0.9970674486803519,1.0,0.8972602646198857,0.901177572583489,0.9985315712187959,1.0
harmonix/0640_disturbia2/track.npy,harmonix,0.9978947368421053,1.0,0.9978947368421053,1.0,0.9884986975605439,0.9889713153934498,0.9989462592202318,1.0
harmonix/0642_dontconfess/track.npy,harmonix,0.878727634194831,0.76,0.06092436974789916,0.13513513513513514,0.7101505243032431,0.706752728657669,0.6758241758241759,0.7126436781609196
harmonix/0649_down/track.npy,harmonix,0.9820627802690582,0.9821428571428571,0.9820627802690582,0.9821428571428571,0.8973141198651614,0.8921823574386939,0.9909502262443438,0.9909909909909909
harmonix/0650_downlilwayne/track.npy,harmonix,0.9757174392935982,0.9823008849557522,0.9757174392935982,0.9823008849557522,0.9702607497546766,0.9710377689370508,0.9877094972067039,0.9910714285714286
harmonix/0651_doyouremember/track.npy,harmonix,0.9929245283018868,0.9906542056074766,0.9929245283018868,0.9906542056074766,0.9564696462002572,0.9544663071762947,0.9964580873671781,0.9953051643192489
harmonix/0668_fallinganthem/track.npy,harmonix,0.9981818181818182,1.0,0.9981818181818182,1.0,0.9827411049666369,0.9843172272381354,0.9990900818926297,1.0
harmonix/0676_figure8/track.npy,harmonix,0.4623376623376623,0.4639175257731959,0.4623376623376623,0.4639175257731959,0.7443863627347296,0.75515275973531,0.8378378378378379,0.8333333333333333
harmonix/0681_flashinglights/track.npy,harmonix,0.9971098265895953,0.9655172413793104,0.9971098265895953,0.9655172413793104,0.9547235963683267,0.9446704449170419,0.9956584659913169,0.9826589595375722
harmonix/0686_fortheloveofadaughter/track.npy,harmonix,0.9493087557603687,0.990909090909091,0.9493087557603687,0.990909090909091,0.8850613566477467,0.8937402336997923,0.9527104959630911,0.949771689497717
harmonix/0696_goodgirlsgobad/track.npy,harmonix,0.9973614775725593,0.9894736842105263,0.9973614775725593,0.9894736842105263,0.987009545544019,0.9831875473045674,0.9986789960369881,0.9947089947089947
harmonix/0710_hardjeezy/track.npy,harmonix,1.0,1.0,1.0,1.0,0.9773408466272024,0.9794790688702659,1.0,1.0
harmonix/0717_heysoulsister/track.npy,harmonix,1.0,1.0,1.0,1.0,0.9748318208756039,0.9642302488696477,1.0,1.0
harmonix/0733_ifihadyou/track.npy,harmonix,0.9957627118644068,1.0,0.9957627118644068,1.0,0.974917724746625,0.9771595451818444,0.9978768577494692,1.0
harmonix/0752_inmyhead/track.npy,harmonix,0.9799426934097422,1.0,0.9799426934097422,1.0,0.9767319109877469,0.9885458173468823,0.9927849927849928,1.0
harmonix/0758_itgetsbetter/track.npy,harmonix,0.9948979591836735,1.0,0.9948979591836735,1.0,0.9355515599342764,0.9348986011519026,0.9974468085106383,1.0
harmonix/0759_itgirljasonnevins/track.npy,harmonix,1.0,1.0,1.0,1.0,0.716883951551684,0.7238338376479444,1.0,1.0
harmonix/0766_justdance/track.npy,harmonix,0.9913606911447084,0.9913793103448276,0.9913606911447084,0.9913793103448276,0.9840239596972848,0.9844552538367516,0.9956616052060737,0.9956709956709957
harmonix/0777_lebump/track.npy,harmonix,0.8630434782608696,0.4636363636363636,0.8630434782608696,0.4636363636363636,0.7391795582809447,0.44521810066202655,0.9215469613259669,0.5497630331753554
harmonix/0800_lovesexmagicjason/track.npy,harmonix,0.9951100244498777,1.0,0.9951100244498777,1.0,0.9808206062521834,0.9835343834720552,0.9987760097919216,1.0
harmonix/0827_needyounow/track.npy,harmonix,0.9826732673267327,0.9900990099009901,0.9826732673267327,0.9900990099009901,0.947568919695079,0.948947501638563,0.9912609238451935,0.9950248756218906
harmonix/0868_puton/track.npy,harmonix,0.8132911392405063,0.7974683544303798,0.09965034965034965,0.11188811188811189,0.7595489000224576,0.7565513507989049,0.7072072072072072,0.7117117117117117
harmonix/0875_redbelt/track.npy,harmonix,1.0,1.0,1.0,1.0,0.8737602370136516,0.867568570951324,1.0,1.0
harmonix/0890_samemistakes/track.npy,harmonix,0.9935897435897436,1.0,0.9935897435897436,1.0,0.9846714889715096,0.987946495983722,0.9967845659163987,1.0
harmonix/0895_scarymonsters/track.npy,harmonix,1.0,0.782608695652174,1.0,0.782608695652174,0.8166294080939964,0.7294145600886575,1.0,0.8955223880597014
harmonix/0914_soobviousnow/track.npy,harmonix,0.9810606060606061,0.9770992366412213,0.9810606060606061,0.9770992366412213,0.9296752214536674,0.9194417580938984,0.9895138226882746,0.9847328244274809
harmonix/0927_swing/track.npy,harmonix,0.9849624060150376,1.0,0.9849624060150376,1.0,0.9779910943223353,0.9744111574350413,0.9905838041431262,0.9850746268656716
harmonix/0931_takeyouthere/track.npy,harmonix,0.9954545454545455,0.990909090909091,0.9954545454545455,0.990909090909091,0.9636333108055971,0.9641044799272843,0.9965870307167236,0.995433789954338
harmonix/0932_tattoo/track.npy,harmonix,0.9808917197452229,0.9873417721518988,0.9808917197452229,0.9873417721518988,0.8686111874162084,0.8754677744294128,0.9792000000000001,0.980891719745223
harmonix/0951_thunder/track.npy,harmonix,0.9854545454545455,0.9855072463768116,0.9854545454545455,0.9855072463768116,0.9363436847118963,0.929687546792575,0.9926739926739927,0.9927007299270074
harmonix/0955_tinylittlebows/track.npy,harmonix,0.9948051948051948,1.0,0.9948051948051948,1.0,0.9808049993503878,0.9835769441440183,0.9973958333333334,1.0
harmonix/0958_turnmeup/track.npy,harmonix,0.991130820399113,0.9911504424778761,0.991130820399113,0.9911504424778761,0.9809227498421434,0.9835661396724601,0.9955456570155902,0.9955555555555555
harmonix/0959_turnthisclubaround/track.npy,harmonix,1.0,1.0,1.0,1.0,0.8808719576993063,0.8810285749447536,1.0,1.0
harmonix/0991_worryaboutyounow/track.npy,harmonix,1.0,0.582089552238806,1.0,0.3880597014925373,0.905963690260491,0.472985881737383,1.0,0.39097744360902253
harmonix/0999_yourheartisamuscle/track.npy,harmonix,1.0,0.8470588235294118,1.0,0.8470588235294118,0.977691383891375,0.9292204885285652,1.0,0.9454545454545454
hjdb/hjdb_Anastacia/track.npy,hjdb,1.0,1.0,1.0,1.0,0.9756074816721109,0.981818521779589,1.0,1.0
hjdb/hjdb_Another_Direction/track.npy,hjdb,1.0,1.0,1.0,1.0,0.9792899742362334,0.9789487132870054,1.0,1.0
hjdb/hjdb_Bodymotion/track.npy,hjdb,1.0,1.0,1.0,1.0,0.9599698644975029,0.9743354344645668,1.0,1.0
hjdb/hjdb_Casanova_(Down_To_Earth_Remix)/track.npy,hjdb,1.0,1.0,1.0,1.0,0.987572434890255,0.9795402533073138,1.0,1.0
hjdb/hjdb_Charly/track.npy,hjdb,0.9940119760479041,1.0,0.9940119760479041,1.0,0.9632264507696022,0.9688578429080822,0.996996996996997,1.0
hjdb/hjdb_Dance_The_Dream/track.npy,hjdb,1.0,0.7619047619047619,1.0,0.7619047619047619,0.9795831753979117,0.8626754713849325,1.0,0.8780487804878048
hjdb/hjdb_Darkcore/track.npy,hjdb,0.9879518072289156,1.0,0.9879518072289156,1.0,0.9499842004939167,0.9722374751266136,0.9879518072289156,1.0
hjdb/hjdb_Dont_Need_Your_Love/track.npy,hjdb,0.9795918367346939,1.0,0.9795918367346939,1.0,0.9682770389551618,0.9614903860094448,0.9896907216494846,1.0
hjdb/hjdb_Fireball/track.npy,hjdb,1.0,1.0,1.0,1.0,0.9841975298596517,0.993359423646884,1.0,1.0
hjdb/hjdb_Fires_Burning/track.npy,hjdb,1.0,0.9358974358974359,1.0,0.9358974358974359,0.9823752338231165,0.9374634264300207,1.0,0.9548387096774195
hjdb/hjdb_Flammable/track.npy,hjdb,1.0,1.0,1.0,1.0,0.9810404076143513,0.9758196574799667,1.0,1.0
hjdb/hjdb_Flammable_(Tango_Remix)/track.npy,hjdb,0.9938650306748467,0.975609756097561,0.9938650306748467,0.975609756097561,0.9652630441170553,0.9660885756045715,0.9969230769230769,0.9876543209876543
hjdb/hjdb_Gangsta/track.npy,hjdb,0.9876543209876543,1.0,0.9876543209876543,1.0,0.9612330600717802,0.9756371720016241,0.9937888198757764,1.0
hjdb/hjdb_Hands_Of_Time/track.npy,hjdb,1.0,1.0,1.0,1.0,0.9821585779795048,0.9821560219720644,1.0,1.0
hjdb/hjdb_Hold_it_Down/track.npy,hjdb,0.936,0.9838709677419355,0.936,0.9838709677419355,0.916736605927801,0.934892904165881,0.97165991902834,0.975609756097561
hjdb/hjdb_Into_Da_Future_(Massive_Mix)/track.npy,hjdb,1.0,1.0,1.0,1.0,0.9825372784705224,0.9768594083675047,1.0,1.0
hjdb/hjdb_Jeopardy_(DJ_Spice_Mix)/track.npy,hjdb,1.0,1.0,1.0,1.0,0.9650259096269963,0.9624840138159176,1.0,1.0
hjdb/hjdb_Jump_Mk_II/track.npy,hjdb,0.990909090909091,0.9642857142857143,0.990909090909091,0.9642857142857143,0.9658108782465502,0.9563964922759403,0.995433789954338,0.9818181818181818
hjdb/hjdb_Just_A_Dream/track.npy,hjdb,0.9848484848484849,1.0,0.9848484848484849,1.0,0.9028862568835312,0.916863566045053,0.9961977186311787,1.0
hjdb/hjdb_Moments_So_Dark/track.npy,hjdb,1.0,1.0,1.0,1.0,0.9756820377878381,0.9710712587590922,1.0,1.0
hjdb/hjdb_Project_1_(Remix)/track.npy,hjdb,0.990909090909091,1.0,0.990909090909091,1.0,0.9757408648699489,0.9817733705939553,0.995433789954338,1.0
hjdb/hjdb_Skanka/track.npy,hjdb,0.5263157894736842,0.46153846153846156,0.1724137931034483,0.07142857142857142,0.43840446618276163,0.16621953142982254,0.2545454545454545,0.16666666666666666
hjdb/hjdb_Stay_Calm_(Foul_Play_Remix)/track.npy,hjdb,1.0,1.0,1.0,1.0,0.9804522702908753,0.9820426537417728,1.0,1.0
hjdb/hjdb_Sub_Dub/track.npy,hjdb,1.0,1.0,1.0,1.0,0.9823517329950645,0.9885298556999613,1.0,1.0
hjdb/hjdb_Take_Me_To_The_Top/track.npy,hjdb,1.0,1.0,1.0,1.0,0.9489423855762482,0.9540640942087588,1.0,1.0
hjdb/hjdb_The_Deep/track.npy,hjdb,1.0,1.0,1.0,1.0,0.9755996919660673,0.9732403440808689,1.0,1.0
hjdb/hjdb_The_Element_(Highnoon)/track.npy,hjdb,1.0,1.0,1.0,1.0,0.9632699043717601,0.9658523974311367,1.0,1.0
hjdb/hjdb_This_Is_A_Trip/track.npy,hjdb,0.9478260869565217,0.9333333333333333,0.9478260869565217,0.9333333333333333,0.9411453102812107,0.9275329996741334,0.9736842105263158,0.9655172413793104
hjdb/hjdb_Warpdrive/track.npy,hjdb,1.0,0.3684210526315789,1.0,0.14285714285714285,0.9805114923156593,0.2091927708657176,1.0,0.2127659574468085
jaah/jaah_005-duke_ellington_and_his_orchestra-black_and_tan_fantasy/track.npy,jaah,0.9178082191780822,0.9204545454545454,0.9178082191780822,0.9204545454545454,0.8865036187178743,0.8742277204199699,0.9720670391061452,0.96
jaah/jaah_013-the_benny_goodman_trio-body_and_soul/track.npy,jaah,0.9808306709265175,0.8717948717948718,0.9808306709265175,0.8717948717948718,0.9405852614776676,0.9038212462533548,0.9871794871794871,0.9419354838709677
jaah/jaah_014-coleman_hawkins_and_his_orchestra-body_and_soul/track.npy,jaah,0.9477611940298507,0.6119402985074627,0.9477611940298507,0.6119402985074627,0.783759383780499,0.5998573129217106,0.9625468164794008,0.7014925373134329
jaah/jaah_015-miles_davis_nonet-boplicity/track.npy,jaah,0.9896103896103896,0.7604166666666666,0.9896103896103896,0.7604166666666666,0.8609207358827542,0.7082188513470267,0.9882659713168187,0.8210526315789474
jaah/jaah_028-king_olivers_creole_jazz_band-dippermouth_blues/track.npy,jaah,0.9954853273137697,0.9636363636363636,0.9954853273137697,0.9636363636363636,0.9021539627241683,0.8931986080441688,0.9977375565610859,0.981651376146789
jaah/jaah_029-the_modern_jazz_quartet-django/track.npy,jaah,0.9316860465116279,0.6744186046511628,0.9316860465116279,0.6744186046511628,0.7994948585067112,0.5548988422412132,0.96759941089838,0.7138643067846607
jaah/jaah_041-jelly_roll_mortons_red_hot_peppers-grandpas_spells/track.npy,jaah,0.9931506849315068,0.9863013698630136,0.9931506849315068,0.9863013698630136,0.9742251711595317,0.9753375497031986,0.9982847341337907,0.9965635738831615
jaah/jaah_049-the_chocolate_dandies-i_cant_believe_that_youre_in_love_with_me/track.npy,jaah,0.9931740614334471,0.8995433789954338,0.9931740614334471,0.8995433789954338,0.9724158972825816,0.9360089823495396,0.9982925441092771,0.9579439252336449
jaah/jaah_060-tadd_dameron_sextet-lady_bird/track.npy,jaah,0.8739495798319328,1.0,0.8739495798319328,1.0,0.6586373539703868,0.6139951341929358,0.9453781512605042,0.9327731092436976
jaah/jaah_071-art_blakey_the_jazz_messengers-moanin/track.npy,jaah,0.9764507989907485,0.7909967845659164,0.9764507989907485,0.7909967845659164,0.8465472605028133,0.7637777828535067,0.984421052631579,0.8980263157894737
jaah/jaah_080-charlie_parker_allstars-parkers_mood/track.npy,jaah,0.9417040358744395,0.44642857142857145,0.9417040358744395,0.44642857142857145,0.8049602109712864,0.5591811935109104,0.9082568807339448,0.6363636363636364
jaah/jaah_093-miles_davis_gil_evans-summertime/track.npy,jaah,0.9876923076923076,0.9878048780487805,0.9876923076923076,0.9878048780487805,0.7398942671861966,0.7305502194532666,0.963076923076923,0.9815950920245398
jaah/jaah_099-horace_silver_the_jazz_messengers-the_preacher/track.npy,jaah,0.9960526315789474,0.9109947643979057,0.9960526315789474,0.9109947643979057,0.9719407142299381,0.9369107761365811,0.998022412656559,0.963157894736842
jaah/jaah_107-louis_armstrong_and_his_hot_five-west_end_blues/track.npy,jaah,0.8721804511278195,0.8142857142857143,0.8721804511278195,0.8142857142857143,0.727804365930583,0.7169340613485194,0.8901960784313725,0.8702290076335878
rwc/rwc_classical_CD3_02/track.npy,rwc_classical,0.8795811518324608,0.8467432950191571,0.8795811518324608,0.8467432950191571,0.8177324437152812,0.8007905490129585,0.9436170212765956,0.9188118811881187
rwc/rwc_classical_CD3_05/track.npy,rwc_classical,0.5278538812785388,0.9343065693430657,0.29988193624557263,0.9343065693430657,0.6834213629587603,0.8002086095227179,0.7598566308243727,0.9416058394160584
rwc/rwc_classical_CD4_04/track.npy,rwc_classical,0.6833333333333333,0.5390625,0.6833333333333333,0.5390625,0.78181980475422,0.6560245240574657,0.9048473967684021,0.7591836734693878
rwc/rwc_classical_CD5_10/track.npy,rwc_classical,0.9605263157894737,0.974025974025974,0.9605263157894737,0.974025974025974,0.8761551010174126,0.9616858771433928,0.9601769911504425,0.9934640522875817
rwc/rwc_classical_CD6_03/track.npy,rwc_classical,0.1662531017369727,0.14,0.1662531017369727,0.11940298507462686,0.2489936894926193,0.2456704954104928,0.33108108108108103,0.3247232472324723
rwc/rwc_classical_CD6_06/track.npy,rwc_classical,0.37575757575757573,0.3333333333333333,0.37575757575757573,0.3333333333333333,0.3634164030434969,0.1569462443126535,0.507645259938838,0.30588235294117644
rwc/rwc_classical_CD6_07/track.npy,rwc_classical,0.85,0.8679245283018868,0.85,0.0392156862745098,0.3864774073765025,0.2663865055055587,0.5893416927899686,0.358974358974359
rwc/rwc_classical_CD6_09/track.npy,rwc_classical,0.7428571428571429,0.5,0.12365591397849462,0.0,0.5507050899801029,0.508723340794544,0.7010309278350515,0.5354330708661417
rwc/rwc_jazz_CD2_06/track.npy,rwc_jazz,0.8722466960352423,0.801762114537445,0.8722466960352423,0.801762114537445,0.7921482452345565,0.7705433222911958,0.9217002237136465,0.9057471264367817
rwc/rwc_jazz_CD3_03/track.npy,rwc_jazz,0.5746753246753247,0.9836065573770492,0.5746753246753247,0.9836065573770492,0.7755718659565871,0.8646459717426707,0.8706739526411658,0.9834710743801653
rwc/rwc_jazz_CD3_04/track.npy,rwc_jazz,0.9810725552050473,0.9811320754716981,0.9810725552050473,0.9811320754716981,0.9041766143541737,0.888703161398933,0.9840764331210191,0.9777777777777779
rwc/rwc_jazz_CD4_01/track.npy,rwc_jazz,0.9636752136752137,1.0,0.9636752136752137,1.0,0.793394622958051,0.8021636228295155,0.9551282051282052,0.9551282051282052
rwc/rwc_jazz_CD4_09/track.npy,rwc_jazz,0.08496732026143791,0.02631578947368421,0.08496732026143791,0.012987012987012988,0.2086424114636101,0.08545339609722925,0.22372881355932203,0.08421052631578947
rwc/rwc_jazz_CD4_10/track.npy,rwc_jazz,0.9865168539325843,0.7931034482758621,0.9865168539325843,0.7931034482758621,0.9104912686853309,0.7900184248537627,0.9932279909706546,0.8634361233480176
rwc/rwc_popular_CD1_03/track.npy,rwc_popular,0.9849397590361446,0.9879518072289156,0.9849397590361446,0.9879518072289156,0.961342446044689,0.9560134493540874,0.992412746585736,0.993939393939394
rwc/rwc_popular_CD1_16/track.npy,rwc_popular,0.9942418426103646,1.0,0.9942418426103646,1.0,0.9769897126121395,0.9773953491004216,0.9961538461538462,1.0
rwc/rwc_popular_CD3_11/track.npy,rwc_popular,0.5832012678288431,0.7183098591549296,0.5832012678288431,0.7183098591549296,0.6437011809460198,0.6218168337265417,0.8522039757994814,0.8071428571428572
rwc/rwc_popular_CD3_15/track.npy,rwc_popular,0.9967213114754099,1.0,0.9967213114754099,1.0,0.928426814728365,0.9320008389139847,0.9983579638752053,1.0
rwc/rwc_popular_CD4_15/track.npy,rwc_popular,0.9899396378269618,0.9919354838709677,0.9899396378269618,0.9919354838709677,0.9555502130138592,0.9406248344965477,0.994954591321897,0.9959514170040485
rwc/rwc_popular_CD5_01/track.npy,rwc_popular,0.9681978798586572,0.9577464788732394,0.9681978798586572,0.9577464788732394,0.9005882467628902,0.9418740198201365,0.9766606822262118,0.9787234042553192
rwc/rwc_popular_CD5_02/track.npy,rwc_popular,0.9948717948717949,0.93,0.9948717948717949,0.93,0.954548087582237,0.9435656480418041,0.9974358974358974,0.9746192893401014
rwc/rwc_popular_CD5_13/track.npy,rwc_popular,0.9311926605504587,0.926605504587156,0.9311926605504587,0.926605504587156,0.8162148443169991,0.8184592785011124,0.9671361502347419,0.957345971563981
rwc/rwc_popular_CD6_05/track.npy,rwc_popular,0.9953271028037384,0.99375,0.0,0.0,0.8089327784484037,0.8052196811765193,0.6652806652806652,0.6666666666666666
rwc/rwc_popular_CD6_07/track.npy,rwc_popular,0.9901960784313726,1.0,0.9901960784313726,1.0,0.9429530526750188,0.9491987043265245,0.9914110429447853,0.9901960784313726
rwc/rwc_popular_CD7_02/track.npy,rwc_popular,0.9957805907172996,1.0,0.9957805907172996,1.0,0.9748791642760853,0.9769969197955195,0.9978858350951374,1.0
rwc/rwc_popular_CD7_07/track.npy,rwc_popular,0.9972826086956522,1.0,0.9972826086956522,1.0,0.9640943877572558,0.9692586531642802,0.998639455782313,1.0
rwc/rwc_popular_CD7_10/track.npy,rwc_popular,0.9973190348525469,0.9893617021276596,0.9973190348525469,0.9893617021276596,0.9160381726644232,0.9053181148087815,0.9986577181208054,0.9946524064171123
rwc/rwc_royalty-free_CD1_12/track.npy,rwc_royalty-free,0.6762402088772846,0.5263157894736842,0.6762402088772846,0.5263157894736842,0.713894546657633,0.6088765243507144,0.9172510518934082,0.8571428571428571
simac/simac_A_vida_me_fez_assim_02-Viver/track.npy,simac,0.8888888888888888,0.0,0.8888888888888888,0.0,0.8684515770606646,0.0,0.9411764705882353,0.0
simac/simac_Alfagamabetizado_03-Covered_Saints/track.npy,simac,0.95,0.0,0.95,0.0,0.946642034182307,0.0,0.9743589743589743,0.0
simac/simac_Alfagamabetizado_11-Quixabeira/track.npy,simac,0.8181818181818182,0.0,0.8181818181818182,0.0,0.7762569015920834,0.0,0.9374999999999999,0.0
simac/simac_Alfagamabetizado_13-Mares_de_Ti/track.npy,simac,1.0,0.0,1.0,0.0,0.9529571396559028,0.0,1.0,0.0
simac/simac_Alfagamabetizado_14-Zanza/track.npy,simac,1.0,0.0,1.0,0.0,0.9700066876078529,0.0,1.0,0.0
simac/simac_Alfagamabetizado_15-A_Namorada/track.npy,simac,1.0,0.0,1.0,0.0,0.9596765987045679,0.0,1.0,0.0
simac/simac_As_Time_Goes_By_02-manhattan/track.npy,simac,0.8846153846153846,0.0,0.8846153846153846,0.0,0.6959587017697267,0.0,0.9387755102040816,0.0
simac/simac_As_Time_Goes_By_09-this_funny_world/track.npy,simac,0.9,0.0,0.9,0.0,0.7632523343590621,0.0,0.8947368421052632,0.0
simac/simac_As_Time_Goes_By_11-spring_is_here/track.npy,simac,0.9444444444444444,0.0,0.9444444444444444,0.0,0.6550548616473868,0.0,0.8571428571428571,0.0
simac/simac_As_time_goes_by_disk_2_01-The_lady_is_a_tramp/track.npy,simac,0.5,0.0,0.5,0.0,0.6540126419294251,0.0,0.7540983606557378,0.0
simac/simac_As_time_goes_by_disk_2_06-You_took_advantage_on_me/track.npy,simac,0.967741935483871,0.0,0.967741935483871,0.0,0.8838141335929297,0.0,0.9836065573770492,0.0
simac/simac_As_time_goes_by_disk_3_02-I_wish_I_were_in_love_again/track.npy,simac,0.775,0.0,0.025,0.0,0.6104663619500051,0.0,0.5862068965517241,0.0
simac/simac_Bach_The_Well-Tempered_Clavier_II_(Disc_1)_15-Prelude_and_Fugue_No._8_in_D-sharp_minor_BWV_877_-_1._Praeludium/track.npy,simac,0.9230769230769231,0.0,0.9230769230769231,0.0,0.941877229693385,0.0,0.9600000000000001,0.0
simac/simac_Bach_The_Well-Tempered_Clavier_II_(Disc_2)_01-Prelude_and_Fugue_No._13_F-sharp_major_BWV_882_-_1._Praeludium/track.npy,simac,0.896551724137931,0.0,0.896551724137931,0.0,0.8797271167488684,0.0,0.9454545454545454,0.0
simac/simac_Bach_The_Well-Tempered_Clavier_II_(Disc_2)_02-Prelude_and_Fugue_No._13_F-sharp_major_BWV_882_-_2._Fuga/track.npy,simac,0.7307692307692307,0.0,0.7307692307692307,0.0,0.8843876893951995,0.0,0.9019607843137256,0.0
simac/simac_Bach_The_Well-Tempered_Clavier_II_(Disc_2)_15-Prelude_and_Fugue_No._20_A_minor_BWV_889_-_1._Praeludium/track.npy,simac,1.0,0.0,0.0,0.0,0.7659966422320028,0.0,0.6818181818181819,0.0
simac/simac_Bach_The_Well-Tempered_Clavier_II_(Disc_2)_18-Prelude_and_Fugue_No._21_B-flat_major_BWV_890_-_2._Fuga/track.npy,simac,1.0,0.0,0.0,0.0,0.8019832241352572,0.0,0.6666666666666666,0.0
simac/simac_Bach_The_Well-Tempered_Clavier_II_(Disc_2)_22-Prelude_and_Fugue_No._23_B_major_BWV_892_-_2._Fuga/track.npy,simac,0.9655172413793104,0.0,0.9655172413793104,0.0,0.9596530785123363,0.0,0.9824561403508771,0.0
simac/simac_Beethoven_-_The_String_Quartets_#1_03-F_major_op._18_no._1_-_Scherzo._Allegro_molto/track.npy,simac,0.48148148148148145,0.0,0.48148148148148145,0.0,0.68250512117274,0.0,0.7346938775510203,0.0
simac/simac_Beethoven_-_The_String_Quartets_#1_12-D_major_op._18_no._3_-_Presto/track.npy,simac,0.8571428571428571,0.0,0.8571428571428571,0.0,0.6491307723783748,0.0,0.9,0.0
simac/simac_Beethoven_The_String_Quartets_-_CD_3_01-String_Quartet_No_7_Op_59_No_1_-_I_Allegro/track.npy,simac,0.95,0.0,0.95,0.0,0.76947411779693,0.0,0.9743589743589743,0.0
simac/simac_Bernstein_conducts_Stravinsky_04-Spring_round_dances/track.npy,simac,0.7368421052631579,0.0,0.7368421052631579,0.0,0.4748337297902881,0.0,0.7058823529411765,0.0
simac/simac_Bernstein_conducts_Stravinsky_16-Legerdemain_scene-_Russian_danse/track.npy,simac,0.4375,0.0,0.4375,0.0,0.5238118399244323,0.0,0.625,0.0
simac/simac_Classic_Pergolesi_-_Stabat_Mater_01/track.npy,simac,0.8095238095238095,0.0,0.05,0.0,0.4951627347277334,0.0,0.5806451612903226,0.0
simac/simac_Concert_06-2._Allegro/track.npy,simac,1.0,0.0,1.0,0.0,0.9489956745387135,0.0,1.0,0.0
simac/simac_Concert_12-4._Allegro/track.npy,simac,0.8666666666666667,0.0,0.0,0.0,0.6535358218768372,0.0,0.5777777777777778,0.0
simac/simac_Concert_13-Concero_en_Sol_Mineur_pour_flute_a_bec_violons_et_basse_continue._Allegro/track.npy,simac,0.9285714285714286,0.0,0.9285714285714286,0.0,0.8733572886950474,0.0,0.962962962962963,0.0
simac/simac_Concert_22-2._Allegro/track.npy,simac,0.918918918918919,0.0,0.918918918918919,0.0,0.9110318861426162,0.0,0.9577464788732395,0.0
simac/simac_DGG_419_047-2_06-Fantasie_u._Fuge_g-moll_BWV_542_-_II_Fuge/track.npy,simac,1.0,0.0,0.0,0.0,0.4192579596459115,0.0,0.0,0.0
simac/simac_Ella_&_Louis_01-Its_Only_A_Paper_Moon/track.npy,simac,0.8823529411764706,0.0,0.8823529411764706,0.0,0.8736468824001195,0.0,0.9375,0.0
simac/simac_Eventail_05-Fandango/track.npy,simac,0.6052631578947368,0.0,0.05263157894736842,0.0,0.5690695319615284,0.0,0.49122807017543857,0.0
simac/simac_Fado_03-AudioTrack_03/track.npy,simac,0.92,0.0,0.0,0.0,0.6312186520878533,0.0,0.631578947368421,0.0
simac/simac_Fado_07-AudioTrack_07/track.npy,simac,0.8823529411764706,0.0,0.8823529411764706,0.0,0.5516658841156549,0.0,0.7272727272727272,0.0
simac/simac_Family_Tree_-_Greatest_Hits_As_Chosen_By_Bjork_08-All_Is_Full_Of_Love/track.npy,simac,1.0,0.0,1.0,0.0,0.9692326355618205,0.0,1.0,0.0
simac/simac_Family_Tree_-_Greatest_Hits_As_Chosen_By_Bjork_10-I_ve_Seen_It_All/track.npy,simac,0.8181818181818182,0.0,0.8181818181818182,0.0,0.7285521752533928,0.0,0.9,0.0
simac/simac_Family_Tree_-_Greatest_Hits_As_Chosen_By_Bjork_12-It_s_Not_Up_To_You/track.npy,simac,0.8333333333333334,0.0,0.8333333333333334,0.0,0.8616423532583504,0.0,0.9090909090909091,0.0
simac/simac_Gold_-_Greatest_Hits_11-Chiquitita/track.npy,simac,0.88,0.0,0.88,0.0,0.6255528358288481,0.0,0.8085106382978724,0.0
simac/simac_Gold_-_Greatest_Hits_19-Waterloo/track.npy,simac,1.0,0.0,1.0,0.0,0.9623352185894545,0.0,1.0,0.0
simac/simac_Kocani_Orkester_Trubaci_-_Nikol/track.npy,simac,0.9310344827586207,0.0,0.9310344827586207,0.0,0.9215358492818394,0.0,0.9642857142857143,0.0
simac/simac_Ludwid_van_Beethoven_10-VI._Adagio_quasi_un_poco_andante_-_attacca/track.npy,simac,0.6923076923076923,0.0,0.0,0.0,0.16759347522543844,0.0,0.17647058823529413,0.0
simac/simac_Niandra_LaDes_and_Usually_Just_a_T-Shirt_11-Blood_on_My_Neck_From_Success/track.npy,simac,0.6666666666666666,0.0,0.6666666666666666,0.0,0.760070928258735,0.0,0.8717948717948718,0.0
simac/simac_Niandra_LaDes_and_Usually_Just_a_T-Shirt_20-Usually_Just_a_T-Shirt_Untitled_8/track.npy,simac,0.8571428571428571,0.0,0.8571428571428571,0.0,0.7829802971640131,0.0,0.9275362318840579,0.0
simac/simac_Papakonstantinou_04-AudioTrack_04/track.npy,simac,1.0,0.0,1.0,0.0,0.8570237003613296,0.0,1.0,0.0
simac/simac_Primer_Aliento_02-Nuclear_si_por_supuesto_/track.npy,simac,1.0,0.0,1.0,0.0,0.9800163003821852,0.0,1.0,0.0
simac/simac_Primer_Aliento_10-Ondina/track.npy,simac,1.0,0.0,1.0,0.0,0.9196570385654323,0.0,1.0,0.0
simac/simac_Primer_Aliento_15-El_laberinto_del_nuevo_Minotauro/track.npy,simac,0.9230769230769231,0.0,0.9230769230769231,0.0,0.9162308503970038,0.0,0.9600000000000001,0.0
simac/simac_R.A.F.I_05-Free_Satpal_Ram/track.npy,simac,0.9285714285714286,0.0,0.9285714285714286,0.0,0.9480671737107228,0.0,0.962962962962963,0.0
simac/simac_R.A.F.I_12-Culture_Move/track.npy,simac,0.7073170731707317,0.0,0.17142857142857143,0.0,0.8196500045352397,0.0,0.7499999999999999,0.0
simac/simac_Samba_na_Madrugada_03-14_Anos/track.npy,simac,0.96,0.0,0.96,0.0,0.9213668374152263,0.0,0.9795918367346939,0.0
simac/simac_Selling_England_By_The_Pound_01-Dancing_with_the_Moonlit_Knight/track.npy,simac,0.8636363636363636,0.0,0.8636363636363636,0.0,0.7820677917566435,0.0,0.8292682926829269,0.0
simac/simac_So_Cartola_02-Alvorada_Ao_Amanhecer/track.npy,simac,0.96,0.0,0.96,0.0,0.8907748621946325,0.0,0.9795918367346939,0.0
simac/simac_So_Cartola_13-Velho_Estacio/track.npy,simac,0.68,0.0,0.11538461538461539,0.0,0.3861937352871666,0.0,0.16326530612244897,0.0
simac/simac_So_Cartola_14-Ciume_Doentio/track.npy,simac,0.875,0.0,0.875,0.0,0.7544507668007768,0.0,0.9361702127659574,0.0
simac/simac_Tales_Of_Mystery_And_Imagination_07-The_Fall_Of_The_House_Of_Usher_II_Arrival/track.npy,simac,0.9473684210526315,0.0,0.9473684210526315,0.0,0.9293359045567516,0.0,0.972972972972973,0.0
simac/simac_The_Crackdown_07-Why_Kill_Time_When_You_Can_Kill_Yourself_/track.npy,simac,0.9487179487179487,0.0,0.0,0.0,0.7900796857010014,0.0,0.6551724137931034,0.0
simac/simac_The_Crackdown_08-Haiti/track.npy,simac,1.0,0.0,1.0,0.0,0.9511824630234853,0.0,1.0,0.0
simac/simac_Tomatito_Tomatito-05.A_mi_tao_El_Nino_Miguel/track.npy,simac,0.42105263157894735,0.0,0.42105263157894735,0.0,0.44309927307488,0.0,0.45714285714285713,0.0
simac/simac_VOL.3_Musiques_pour_guitare_et_violoncelle_01-M._Baumann_Duo_pour_guitare_et_violoncelle_op.62_-_1._Prelude_(Lento_rubato)/track.npy,simac,0.8333333333333334,0.0,0.8333333333333334,0.0,0.7414626199219078,0.0,0.9142857142857143,0.0
simac/simac_Xatzidakis_01-AudioTrack_01/track.npy,simac,0.56,0.0,0.56,0.0,0.5993335467146644,0.0,0.8085106382978724,0.0
simac/simac_Xatzidakis_03-AudioTrack_03/track.npy,simac,0.9210526315789473,0.0,0.9210526315789473,0.0,0.7665429266352483,0.0,0.958904109589041,0.0
simac/simac_Xatzidakis_15-AudioTrack_15/track.npy,simac,0.8888888888888888,0.0,0.8888888888888888,0.0,0.739971390768347,0.0,0.9433962264150944,0.0
simac/simac_greek_Asteriadi_-_Mia_giorti/track.npy,simac,0.3333333333333333,0.0,0.3333333333333333,0.0,0.5276145194971652,0.0,0.5806451612903226,0.0
simac/simac_greek_Gkoles_-_Zwi_mou_farmakw8ikes/track.npy,simac,0.8571428571428571,0.0,0.8571428571428571,0.0,0.7713469981579811,0.0,0.923076923076923,0.0
simac/simac_greek_To_pasoumi_-_Smyrni/track.npy,simac,0.8695652173913043,0.0,0.8695652173913043,0.0,0.7763216934467323,0.0,0.9302325581395349,0.0
simac/simac_more_greek_Gkoles_-_H_tsigkouna/track.npy,simac,0.76,0.0,0.76,0.0,0.8646761776303803,0.0,0.9166666666666666,0.0
simac/simac_more_greek_Gkoles_-_Keravnoi_ki_astropelekia/track.npy,simac,1.0,0.0,1.0,0.0,0.9533579251127998,0.0,1.0,0.0
simac/simac_more_greek_Gkoles_-_Ksaveriwtissa/track.npy,simac,0.96,0.0,0.96,0.0,0.8189980518030617,0.0,0.9795918367346939,0.0
simac/simac_more_greek_Gkoles_-_Rimakse_to_spitiko_mas/track.npy,simac,0.9473684210526315,0.0,0.9473684210526315,0.0,0.8298616538479682,0.0,0.9473684210526315,0.0
simac/simac_more_greek_Glykeria_-_Odos_Aristotelous/track.npy,simac,0.88,0.0,0.88,0.0,0.7992739250698628,0.0,0.9361702127659575,0.0
simac/simac_more_greek_Marinella_-_Kane_ligaki_ypomoni/track.npy,simac,0.8666666666666667,0.0,0.8666666666666667,0.0,0.7241585702284858,0.0,0.9655172413793104,0.0
simac/simac_more_greek_Mitropanos_-_8essaloniki/track.npy,simac,0.90625,0.0,0.90625,0.0,0.8353669361394308,0.0,0.9354838709677419,0.0
simac/simac_more_greek_Mitsias_-_Apopse_f8inopwriase/track.npy,simac,0.8823529411764706,0.0,0.8823529411764706,0.0,0.6985118677186766,0.0,0.8749999999999999,0.0
simac/simac_more_greek_Mosxoliou_Gkika_-_Pira_ap_to_xeri_sou_nero/track.npy,simac,0.84,0.0,0.84,0.0,0.7497308305412989,0.0,0.9130434782608696,0.0
simac/simac_more_greek_Mpellou_-_Liga_psixoula_agapis_sou_gyrevw/track.npy,simac,0.5,0.0,0.5,0.0,0.6086680622310779,0.0,0.7692307692307693,0.0
simac/simac_selected_ambient_works_8592_schottkey_7th_path/track.npy,simac,0.9166666666666666,0.0,0.9166666666666666,0.0,0.8998630313325562,0.0,0.9565217391304348,0.0
smc/smc_001/track.npy,smc,0.8214285714285714,0.0,0.8214285714285714,0.0,0.4998189814986584,0.0,0.5283018867924528,0.0
smc/smc_003/track.npy,smc,0.6233766233766234,0.0,0.012987012987012988,0.0,0.505223329401108,0.0,0.5043478260869565,0.0
smc/smc_012/track.npy,smc,0.43137254901960786,0.0,0.43137254901960786,0.0,0.3748227362150731,0.0,0.5306122448979591,0.0
smc/smc_019/track.npy,smc,0.875,0.0,0.875,0.0,0.6197594405396462,0.0,0.8936170212765957,0.0
smc/smc_035/track.npy,smc,0.9714285714285714,0.0,0.9714285714285714,0.0,0.5315840839917421,0.0,0.8115942028985507,0.0
smc/smc_047/track.npy,smc,0.8461538461538461,0.0,0.0392156862745098,0.0,0.41402680465885466,0.0,0.49350649350649345,0.0
smc/smc_048/track.npy,smc,0.7142857142857143,0.0,0.7142857142857143,0.0,0.48124215603369125,0.0,0.6341463414634146,0.0
smc/smc_051/track.npy,smc,1.0,0.0,1.0,0.0,0.5640516732053316,0.0,0.7297297297297297,0.0
smc/smc_057/track.npy,smc,0.2571428571428571,0.0,0.2571428571428571,0.0,0.1996870470642424,0.0,0.34615384615384615,0.0
smc/smc_069/track.npy,smc,0.8958333333333334,0.0,0.8958333333333334,0.0,0.6928547229964748,0.0,0.8631578947368421,0.0
smc/smc_084/track.npy,smc,0.0,0.0,0.0,0.0,0.02953711263922774,0.0,0.07692307692307693,0.0
smc/smc_085/track.npy,smc,0.5625,0.0,0.5625,0.0,0.1933578849853912,0.0,0.19354838709677422,0.0
smc/smc_086/track.npy,smc,0.7804878048780488,0.0,0.7804878048780488,0.0,0.7381178881925032,0.0,0.8641975308641976,0.0
smc/smc_096/track.npy,smc,0.9538461538461539,0.0,0.9538461538461539,0.0,0.711053586415753,0.0,0.9606299212598426,0.0
smc/smc_113/track.npy,smc,0.0,0.0,0.0,0.0,0.40780185669173247,0.0,0.5432098765432098,0.0
smc/smc_143/track.npy,smc,0.8301886792452831,0.0,0.8301886792452831,0.0,0.43356913986610784,0.0,0.5904761904761905,0.0
smc/smc_178/track.npy,smc,0.5238095238095238,0.0,0.5238095238095238,0.0,0.41622449369399117,0.0,0.6285714285714286,0.0
smc/smc_199/track.npy,smc,0.175,0.0,0.175,0.0,0.2658173692210204,0.0,0.3243243243243243,0.0
smc/smc_202/track.npy,smc,0.06451612903225806,0.0,0.0,0.0,0.027626282968259933,0.0,0.04878048780487805,0.0
smc/smc_213/track.npy,smc,0.2631578947368421,0.0,0.2631578947368421,0.0,0.3656817378180042,0.0,0.4516129032258065,0.0
smc/smc_223/track.npy,smc,0.6060606060606061,0.0,0.6060606060606061,0.0,0.6062214893936668,0.0,0.7272727272727273,0.0
smc/smc_232/track.npy,smc,0.453125,0.0,0.453125,0.0,0.5279698370611742,0.0,0.7358490566037736,0.0
smc/smc_244/track.npy,smc,0.4375,0.0,0.0,0.0,0.20660344830127053,0.0,0.25806451612903225,0.0
smc/smc_252/track.npy,smc,1.0,0.0,1.0,0.0,0.6833352673048028,0.0,0.9074074074074074,0.0
smc/smc_255/track.npy,smc,0.6756756756756757,0.0,0.6756756756756757,0.0,0.6991813620075491,0.0,0.7671232876712328,0.0
smc/smc_264/track.npy,smc,0.5862068965517241,0.0,0.0,0.0,0.36139322608952695,0.0,0.46511627906976755,0.0
smc/smc_283/track.npy,smc,1.0,0.0,1.0,0.0,0.8928154642107939,0.0,1.0,0.0
tapcorrect/006_youtube_I3gHugP6bPE/track.npy,tapcorrect,0.9887892376681614,0.4429530201342282,0.9887892376681614,0.4429530201342282,0.9271568779127387,0.8057112891387879,0.9865470852017937,0.8404669260700389
tapcorrect/010_youtube_80tX5MLX8QY/track.npy,tapcorrect,0.9974683544303797,0.98,0.9974683544303797,0.98,0.9338100135558276,0.9257334199963713,0.9949367088607595,0.9849246231155778
tapcorrect/012_youtube_Va0vs1fhhNI/track.npy,tapcorrect,0.9908466819221968,0.9907407407407407,0.0,0.0,0.8094382740092267,0.8088417138280577,0.6656441717791411,0.6666666666666666
tapcorrect/030_youtube_U8EDgciZZFc/track.npy,tapcorrect,0.8135283363802559,0.7737226277372263,0.8135283363802559,0.7737226277372263,0.8100686034772466,0.7944442220247623,0.850423330197554,0.835820895522388
tapcorrect/037_youtube_VYCOg-yglNM/track.npy,tapcorrect,0.9808917197452229,0.7142857142857143,0.9808917197452229,0.7142857142857143,0.9560477896423375,0.8931969690908823,0.9920127795527156,0.9183673469387754
tapcorrect/042_youtube_uBMtdaRhDMY/track.npy,tapcorrect,1.0,0.6956521739130435,1.0,0.6956521739130435,0.9543917540550948,0.827727330193742,1.0,0.8571428571428571
tapcorrect/049_youtube_rSktfVJc_IM/track.npy,tapcorrect,0.9973118279569892,1.0,0.9973118279569892,1.0,0.9548200244893883,0.944724923080615,0.9986541049798116,1.0
tapcorrect/055_youtube_LzLt9X4hoIE/track.npy,tapcorrect,0.8904899135446686,0.9080459770114943,0.8904899135446686,0.9080459770114943,0.8843370811248317,0.9070338234215319,0.9230769230769231,0.9302325581395349
tapcorrect/066_youtube_H4BB9eGUEaE/track.npy,tapcorrect,0.9792387543252595,0.7567567567567568,0.9792387543252595,0.7567567567567568,0.9666396543243481,0.8135615271409388,0.994782608695652,0.8333333333333334
tapcorrect/074_youtube_aBqT2qWxDL8/track.npy,tapcorrect,0.9829545454545454,0.9555555555555556,0.9829545454545454,0.9555555555555556,0.8103291993056784,0.8189863004844004,0.9857142857142857,0.983050847457627
tapcorrect/085_youtube_KEl7WjfbnSA/track.npy,tapcorrect,0.9651162790697675,0.8448275862068966,0.9651162790697675,0.8448275862068966,0.8725583905862577,0.8640003896812363,0.9766081871345028,0.9369369369369369
tapcorrect/093_youtube_C1lbOgBtE3w/track.npy,tapcorrect,0.9880382775119617,0.8214285714285714,0.9880382775119617,0.8214285714285714,0.9302832591714694,0.8849563349607441,0.9819927971188476,0.9259259259259259
tapcorrect/098_youtube_MsduHmjQlgI/track.npy,tapcorrect,0.9744136460554371,0.7966101694915254,0.9744136460554371,0.7966101694915254,0.9507224956665153,0.814949267804896,0.9818569903948773,0.8362068965517241
asap/Bach_Fugue_bwv_865_Teo01M/track.npy,asap,0.9648093841642229,0.48520710059171596,0.9648093841642229,0.203125,0.9448829376944631,0.70259874139222,0.9705882352941176,0.647887323943662
asap/Bach_Fugue_bwv_865_ZhangE01M/track.npy,asap,0.9650145772594753,0.6390532544378699,0.9650145772594753,0.050359712230215826,0.9619591029462247,0.6964541471069754,0.9853372434017595,0.6160714285714286
asap/Bach_Fugue_bwv_874_BianF01/track.npy,asap,0.3884297520661157,0.042105263157894736,0.01652892561983471,0.0,0.03765669772049817,0.007027831961976937,0.027522935779816515,0.0
asap/Bach_Fugue_bwv_874_Kurz01M/track.npy,asap,0.8860103626943006,0.6105263157894737,0.04891304347826087,0.046511627906976744,0.793041025504025,0.6237282909064739,0.6832740213523131,0.5223880597014925
asap/Bach_Fugue_bwv_874_WongWY01M/track.npy,asap,0.8393782383419689,0.4631578947368421,0.03825136612021858,0.171875,0.7275861500883685,0.6181313712727645,0.6499999999999999,0.6071428571428571
asap/Bach_Fugue_bwv_884_LiA01M/track.npy,asap,0.935,0.8484848484848485,0.935,0.8484848484848485,0.939509078873393,0.8736238204616803,0.9674185463659147,0.900763358778626
asap/Bach_Prelude_bwv_846_Shi05M/track.npy,asap,0.4090909090909091,0.5076923076923077,0.4090909090909091,0.2830188679245283,0.475621134431763,0.392829455824136,0.49027237354085607,0.37209302325581395
asap/Bach_Prelude_bwv_863_LeeN01M/track.npy,asap,0.028037383177570093,0.5185185185185185,0.0,0.5185185185185185,0.4768920194145251,0.7887009201870682,0.48648648648648646,0.8085106382978724
asap/Bach_Prelude_bwv_863_Shychko01M/track.npy,asap,0.022727272727272728,0.14814814814814814,0.022727272727272728,0.14814814814814814,0.42484577460240924,0.40738140645090626,0.4507042253521127,0.4444444444444444
asap/Bach_Prelude_bwv_863_TongB01M/track.npy,asap,0.2235294117647059,0.37037037037037035,0.2235294117647059,0.37037037037037035,0.7129544922132459,0.5665020004003077,0.748201438848921,0.5957446808510639
asap/Bach_Prelude_bwv_873_Lisiecki13M/track.npy,asap,0.034210526315789476,0.017699115044247787,0.034210526315789476,0.0,0.3902000108163705,0.34328268445272087,0.4071428571428571,0.3583815028901734
asap/Beethoven_Piano_Sonatas_18-1_ChenGuang03M/track.npy,asap,0.8186666666666667,0.472,0.8186666666666667,0.472,0.863629720802334,0.695459650069004,0.8980418636056718,0.7169811320754716
asap/Beethoven_Piano_Sonatas_18-1_KOLESO06M/track.npy,asap,0.8026666666666666,0.588,0.8026666666666666,0.588,0.8575564132379833,0.7397700004254512,0.9044673539518899,0.7791666666666666
asap/Beethoven_Piano_Sonatas_18-1_LeungR02M/track.npy,asap,0.8088235294117647,0.556,0.8088235294117647,0.556,0.870559864174217,0.7410170392935974,0.8958333333333333,0.7634854771784233
asap/Beethoven_Piano_Sonatas_18-1_Levitsky05M/track.npy,asap,0.8122503328894807,0.4860557768924303,0.8122503328894807,0.4860557768924303,0.8549183092233392,0.6916532110099235,0.8938471940500339,0.7245762711864406
asap/Beethoven_Piano_Sonatas_18-1_ZhangH05M/track.npy,asap,0.776,0.328,0.776,0.328,0.8619591400451526,0.5870937610066275,0.8944793850454228,0.6136865342163357
asap/Beethoven_Piano_Sonatas_18-4_ChenGuang06M/track.npy,asap,0.775990099009901,0.25742574257425743,0.775990099009901,0.25742574257425743,0.8658465025293257,0.6630080125591051,0.8949713558243158,0.6787878787878788
asap/Beethoven_Piano_Sonatas_18-4_KOLESO06M/track.npy,asap,0.8207663782447466,0.336322869955157,0.8207663782447466,0.13580246913580246,0.8705566892588176,0.6072886756952021,0.9043478260869565,0.6242038216560509
asap/Beethoven_Piano_Sonatas_24-1_no_2_repeat_Cui06M/track.npy,asap,0.9671532846715328,0.7659574468085106,0.9671532846715328,0.7659574468085106,0.9459055678276931,0.8202376296745076,0.9844179651695693,0.8602150537634409
asap/Beethoven_Piano_Sonatas_24-1_no_2_repeat_DeTurck06M/track.npy,asap,0.9779411764705882,0.7666666666666667,0.9779411764705882,0.7666666666666667,0.9508659139534488,0.8837886800690142,0.990791896869245,0.9198606271777003
asap/Beethoven_Piano_Sonatas_26-3_HONG05M/track.npy,asap,0.8406169665809768,0.6910994764397905,0.8406169665809768,0.6910994764397905,0.8750025218377223,0.7745231701755205,0.9105058365758754,0.8021108179419524
asap/Beethoven_Piano_Sonatas_26-3_Zhdanov05M/track.npy,asap,0.6629392971246006,0.5740072202166066,0.6629392971246006,0.5740072202166066,0.8252209531045858,0.755674308981218,0.8573913043478261,0.7829313543599258
asap/Chopin_Etudes_op_10_5_LiA03M/track.npy,asap,0.5210526315789473,0.475,0.5210526315789473,0.475,0.7811442552650294,0.7816068300140037,0.8057142857142857,0.8108108108108107
asap/Chopin_Etudes_op_10_5_LiC02M/track.npy,asap,0.5270935960591133,0.4625,0.5270935960591133,0.4625,0.7657380809069435,0.7693629843169055,0.8044077134986227,0.8055555555555555
asap/Chopin_Etudes_op_10_5_ZhangW03M/track.npy,asap,0.3893805309734513,0.5375,0.3893805309734513,0.5375,0.7105681236604638,0.7955099787588154,0.7616580310880829,0.8356164383561645
asap/Chopin_Etudes_op_10_8_KyykhynenT09M/track.npy,asap,0.8315217391304348,0.366120218579235,0.8315217391304348,0.2421875,0.8430955774405556,0.5661286885904754,0.8967391304347826,0.6181818181818182
asap/Chopin_Etudes_op_10_8_Lou03M/track.npy,asap,0.7324324324324324,0.44036697247706424,0.7324324324324324,0.44036697247706424,0.7750001221368762,0.574403543340119,0.8152173913043478,0.6169154228855721
asap/Chopin_Etudes_op_10_8_LuEric03M/track.npy,asap,0.7068493150684931,0.6304347826086957,0.7068493150684931,0.6304347826086957,0.8034433385413743,0.6046826006184358,0.884180790960452,0.6927374301675977
asap/Chopin_Etudes_op_10_8_MiyashitaM05M/track.npy,asap,0.8169398907103825,0.8617021276595744,0.8169398907103825,0.8617021276595744,0.8311710133773291,0.7156865922337405,0.8661202185792349,0.7419354838709676
asap/Chopin_Etudes_op_10_8_Rizikov03M/track.npy,asap,0.8567639257294429,0.5978260869565217,0.8567639257294429,0.5978260869565217,0.8801170666438675,0.5436585516769007,0.9152086137281292,0.5681818181818181
asap/Chopin_Etudes_op_10_8_Tetzloff07M/track.npy,asap,0.680327868852459,0.5978260869565217,0.680327868852459,0.5978260869565217,0.7829435726571614,0.6366491197498559,0.8510028653295127,0.6740331491712707
asap/Chopin_Etudes_op_10_8_Zhou03M/track.npy,asap,0.8097826086956522,0.7717391304347826,0.8097826086956522,0.7717391304347826,0.827549795097628,0.7056264765031423,0.88283378746594,0.7428571428571429
asap/Chopin_Etudes_op_25_11_Richardson_2013_08M/track.npy,asap,0.9071618037135278,0.9157894736842105,0.9071618037135278,0.9157894736842105,0.8960903584891803,0.9007683830231235,0.9546666666666667,0.9518716577540107
asap/Chopin_Scherzos_20_Kurz04M/track.npy,asap,0.08831448572967152,0.2645161290322581,0.08831448572967152,0.07269789983844911,0.5035686159623419,0.47450254859853513,0.5351787773933102,0.4689966178128524
asap/Chopin_Scherzos_20_Wong04M/track.npy,asap,0.06971677559912855,0.3588957055214724,0.05119825708061002,0.119281045751634,0.462583438484324,0.5245115862502451,0.500394011032309,0.5266524520255864
asap/Chopin_Scherzos_20_ZhangYunling04M/track.npy,asap,0.06256742179072276,0.31715210355987056,0.06256742179072276,0.0889967637540453,0.4853026578624122,0.5278674993378882,0.5120622568093386,0.48190045248868774
asap/Liszt_Ballade_2_GarritsonL04M/track.npy,asap,0.3318544809228039,0.2698412698412698,0.3318544809228039,0.2698412698412698,0.5489909398535743,0.4251876030175144,0.6196623634558094,0.47398843930635837
asap/Liszt_Ballade_2_Jin07M/track.npy,asap,0.4072759538598048,0.3885350318471338,0.4072759538598048,0.3885350318471338,0.6209303934216663,0.47152569616085965,0.6672862453531597,0.5215999999999998
asap/Liszt_Ballade_2_Min06M/track.npy,asap,0.30967169476486245,0.3352941176470588,0.30967169476486245,0.3352941176470588,0.5641156401596684,0.47179189531450905,0.6145833333333333,0.5321100917431192
asap/Rachmaninoff_Preludes_op_23_4_ChenGuang12M/track.npy,asap,0.48,0.48717948717948717,0.48,0.48717948717948717,0.7047971344220187,0.6383456261840501,0.7465437788018433,0.6928104575163399
asap/Rachmaninoff_Preludes_op_23_4_WuuE07M/track.npy,asap,0.2698961937716263,0.4117647058823529,0.2698961937716263,0.4117647058823529,0.6156378705454615,0.5163484038482142,0.6471734892787524,0.5499999999999999
asap/Schubert_Impromptu_op.90_D.899_1_Duepree08M/track.npy,asap,0.8680641183723797,0.7751196172248804,0.8680641183723797,0.7751196172248804,0.893647228910248,0.8475070471089549,0.9337500000000001,0.883495145631068
asap/Schubert_Impromptu_op.90_D.899_1_Jin05M/track.npy,asap,0.7866831072749692,0.5738396624472574,0.7866831072749692,0.5738396624472574,0.8799886333536933,0.7822440354986041,0.9144694533762059,0.8181818181818182
asap/Schubert_Impromptu_op.90_D.899_1_Teo06M/track.npy,asap,0.5992601726263872,0.7241379310344828,0.5992601726263872,0.7241379310344828,0.80807119972145,0.8140996105059987,0.8527988942639945,0.8790123456790124
asap/Schubert_Impromptu_op.90_D.899_3_Hou06M/track.npy,asap,0.30227272727272725,0.5688622754491018,0.30227272727272725,0.14285714285714285,0.6582997177738096,0.6484742821849724,0.6881443298969072,0.6820276497695852
asap/Schubert_Impromptu_op.90_D.899_3_JeonH06M/track.npy,asap,0.2907608695652174,0.33727810650887574,0.2907608695652174,0.2777777777777778,0.6067669550009389,0.5437583616168956,0.7007092198581562,0.6635071090047393
asap/Schubert_Impromptu_op.90_D.899_3_Ko08M/track.npy,asap,0.5768194070080862,0.5384615384615384,0.5768194070080862,0.23529411764705882,0.6491281035417569,0.6111500792713935,0.7401129943502823,0.7149321266968326
asap/Schubert_Impromptu_op.90_D.899_3_Kociuban10M/track.npy,asap,0.43684992570579495,0.6331360946745562,0.2633663366336634,0.2,0.6495341942275787,0.6327355999174564,0.7125890736342042,0.7200000000000001
asap/Schubert_Impromptu_op.90_D.899_3_LeeSH08M/track.npy,asap,0.5431754874651811,0.40828402366863903,0.5431754874651811,0.30952380952380953,0.6971785659269136,0.668481252104142,0.7672413793103449,0.7203791469194313
asap/Schubert_Impromptu_op.90_D.899_3_Mizumoto07M/track.npy,asap,0.5565476190476191,0.330188679245283,0.5565476190476191,0.330188679245283,0.602290732937427,0.4093709385092588,0.7049180327868851,0.5368421052631579
asap/Schubert_Impromptu_op.90_D.899_3_Woo10M/track.npy,asap,0.6785714285714286,0.37362637362637363,0.6785714285714286,0.37362637362637363,0.75397076377648,0.6320797387091011,0.8493589743589742,0.7199999999999999
asap/Schubert_Impromptu_op.90_D.899_3_WuuE10M/track.npy,asap,0.4715909090909091,0.4666666666666667,0.4715909090909091,0.4666666666666667,0.5628326197414195,0.3728371499875338,0.6686046511627907,0.5291005291005291
asap/Schubert_Impromptu_op.90_D.899_3_ZhangW07M/track.npy,asap,0.5044510385756676,0.3786407766990291,0.5044510385756676,0.3786407766990291,0.5547344976485187,0.3413097329961081,0.6666666666666667,0.5
asap/Schubert_Impromptu_op.90_D.899_3_ZhaoK10M/track.npy,asap,0.7540983606557377,0.9101796407185628,0.043548387096774194,0.01818181818181818,0.6673044833568158,0.6515061126256976,0.6464435146443515,0.6586345381526104
asap/Schubert_Moment_musical_no_3_Tetzloff09M/track.npy,asap,0.8783783783783784,0.33783783783783783,0.8783783783783784,0.33783783783783783,0.9095798479559584,0.7281825717186132,0.9550173010380624,0.7680000000000001
asap/Schumann_Arabeske_Min09M/track.npy,asap,0.4274028629856851,0.23265306122448978,0.4274028629856851,0.23265306122448978,0.6487577732855548,0.46646392195006137,0.7268571428571429,0.5162907268170426
asap/Schumann_Arabeske_ParkS15M/track.npy,asap,0.5857142857142857,0.2653061224489796,0.5857142857142857,0.2653061224489796,0.6648330424842142,0.4878225911754403,0.7588357588357589,0.5330396475770925
ballroom/ballroom_Albums-Ballroom_Classics4-06/track.npy,ballroom,0.9814814814814815,1.0,0.9814814814814815,1.0,0.9215930586998896,0.9644845830118995,0.9906542056074767,1.0
ballroom/ballroom_Albums-Ballroom_Classics4-08/track.npy,ballroom,1.0,1.0,1.0,1.0,0.9319658295855637,0.9320894473236111,1.0,1.0
ballroom/ballroom_Albums-Ballroom_Classics4-14/track.npy,ballroom,0.9726027397260274,1.0,0.9726027397260274,1.0,0.9038038696060474,0.9265776839041879,0.993103448275862,1.0
ballroom/ballroom_Albums-Ballroom_Magic-02/track.npy,ballroom,1.0,1.0,1.0,1.0,0.9010573950824214,0.9606808664425385,0.9444444444444444,1.0
ballroom/ballroom_Albums-Ballroom_Magic-05/track.npy,ballroom,1.0,1.0,1.0,1.0,0.8223248887653454,0.8691383803039977,1.0,1.0
ballroom/ballroom_Albums-Cafe_Paradiso-01/track.npy,ballroom,1.0,1.0,1.0,1.0,0.9382902865943477,0.947277149316345,1.0,1.0
ballroom/ballroom_Albums-Cafe_Paradiso-10/track.npy,ballroom,0.975,1.0,0.975,1.0,0.895146567328886,0.9051998451675207,0.975,1.0
ballroom/ballroom_Albums-Cafe_Paradiso-14/track.npy,ballroom,1.0,1.0,1.0,1.0,0.9739598121865168,0.9904022381138352,1.0,1.0
ballroom/ballroom_Albums-Chrisanne1-02/track.npy,ballroom,0.9142857142857143,0.8333333333333334,0.9142857142857143,0.8333333333333334,0.9087364761622052,0.9038444883534826,0.9411764705882354,0.9565217391304348
ballroom/ballroom_Albums-Chrisanne2-01/track.npy,ballroom,0.8571428571428571,0.75,0.8571428571428571,0.75,0.5582026533796945,0.5773955096186006,0.8529411764705883,0.8181818181818182
ballroom/ballroom_Albums-Chrisanne2-11/track.npy,ballroom,0.9880952380952381,0.9523809523809523,0.9880952380952381,0.9523809523809523,0.9159353011220515,0.8794259392224714,0.9940119760479043,0.975609756097561
ballroom/ballroom_Albums-Fire-13/track.npy,ballroom,1.0,1.0,1.0,1.0,0.9196693710439371,0.9458186918473963,1.0,1.0
ballroom/ballroom_Albums-I_Like_It2-01/track.npy,ballroom,1.0,1.0,1.0,1.0,0.9801077846796328,0.9765560866247124,1.0,1.0
ballroom/ballroom_Albums-Latin_Jam-06/track.npy,ballroom,1.0,1.0,1.0,1.0,0.9474539918676341,0.9641216119417806,1.0,1.0
ballroom/ballroom_Albums-Latin_Jam2-01/track.npy,ballroom,1.0,1.0,1.0,1.0,0.9824130008498253,0.978916775793941,1.0,1.0
ballroom/ballroom_Albums-Latin_Jam2-03/track.npy,ballroom,1.0,1.0,1.0,1.0,0.9721920185634211,0.9784912672789495,1.0,1.0
ballroom/ballroom_Albums-Latin_Jam2-04/track.npy,ballroom,1.0,1.0,1.0,1.0,0.9759274067177008,0.9752163939642099,1.0,1.0
ballroom/ballroom_Albums-Latin_Jam2-09/track.npy,ballroom,1.0,1.0,1.0,1.0,0.9585115122344688,0.9681185294853716,1.0,1.0
ballroom/ballroom_Albums-Latin_Jam3-12/track.npy,ballroom,1.0,1.0,1.0,1.0,0.9871693476767496,0.989562443623787,1.0,1.0
ballroom/ballroom_Albums-Latin_Jam5-01/track.npy,ballroom,1.0,1.0,1.0,1.0,0.9725858849674831,0.9815467783081481,1.0,1.0
ballroom/ballroom_Albums-Latin_Jam5-08/track.npy,ballroom,0.9767441860465116,1.0,0.9767441860465116,1.0,0.965901903306663,0.984168209671186,0.988235294117647,1.0
ballroom/ballroom_Albums-Latin_Jam5-12/track.npy,ballroom,1.0,1.0,1.0,1.0,0.9753785438207553,0.9804699064166845,1.0,1.0
ballroom/ballroom_Albums-Latino_Latino-06/track.npy,ballroom,1.0,1.0,1.0,1.0,0.9809385682808668,0.9678011000872394,1.0,1.0
ballroom/ballroom_Albums-Mambo_Kings-10/track.npy,ballroom,1.0,1.0,1.0,1.0,0.9742819603908116,0.9763813988694416,1.0,1.0
ballroom/ballroom_Albums-Secret_Garden-02/track.npy,ballroom,1.0,1.0,1.0,1.0,0.6507339206396502,0.6637198903997082,0.9444444444444444,1.0
ballroom/ballroom_Albums-Step_By_Step-01/track.npy,ballroom,1.0,1.0,1.0,1.0,0.8918050346617628,0.8825607656903832,1.0,1.0
ballroom/ballroom_Albums-Step_By_Step-05/track.npy,ballroom,1.0,1.0,1.0,1.0,0.9475204084055707,0.9369830315981295,1.0,1.0
ballroom/ballroom_Albums-Step_By_Step-10/track.npy,ballroom,0.9868421052631579,0.44,0.9868421052631579,0.44,0.9660967398180494,0.8080482478417185,0.9933774834437086,0.8372093023255813
ballroom/ballroom_Albums-StrictlyDancing_Tango-03/track.npy,ballroom,1.0,1.0,1.0,1.0,0.9758307796685591,0.9790386858499848,1.0,1.0
ballroom/ballroom_Albums-StrictlyDancing_Tango-04/track.npy,ballroom,1.0,1.0,1.0,1.0,0.9625969540593636,0.9608898775298177,1.0,1.0
ballroom/ballroom_Media-100602/track.npy,ballroom,0.972972972972973,1.0,0.972972972972973,1.0,0.8569115190005516,0.8741940881982667,0.972972972972973,1.0
ballroom/ballroom_Media-100607/track.npy,ballroom,1.0,1.0,1.0,1.0,0.9193599521139509,0.9393974225340419,1.0,1.0
ballroom/ballroom_Media-100616/track.npy,ballroom,1.0,1.0,1.0,1.0,0.969484802708805,0.9694227418512349,1.0,1.0
ballroom/ballroom_Media-103301/track.npy,ballroom,1.0,1.0,1.0,1.0,0.9077970367067416,0.957647469533702,1.0,1.0
ballroom/ballroom_Media-103412/track.npy,ballroom,1.0,1.0,1.0,1.0,0.9706549675914375,0.9719588526583808,1.0,1.0
ballroom/ballroom_Media-103417/track.npy,ballroom,1.0,1.0,1.0,1.0,0.9618879023315255,0.9773267706182969,1.0,1.0
ballroom/ballroom_Media-103501/track.npy,ballroom,0.9523809523809523,1.0,0.9523809523809523,1.0,0.9300650448979666,0.9823324549009855,0.975609756097561,1.0
ballroom/ballroom_Media-103517/track.npy,ballroom,0.9864864864864865,0.9473684210526315,0.9864864864864865,0.9473684210526315,0.9706822374852496,0.9578889246621543,0.9931972789115647,0.972972972972973
ballroom/ballroom_Media-103604/track.npy,ballroom,0.9807692307692307,1.0,0.9807692307692307,1.0,0.9686015032571677,0.9709136856733909,0.9902912621359222,1.0
ballroom/ballroom_Media-103608/track.npy,ballroom,1.0,1.0,1.0,1.0,0.9687575091931664,0.9508050634593281,1.0,1.0
ballroom/ballroom_Media-103614/track.npy,ballroom,0.9861111111111112,1.0,0.9861111111111112,1.0,0.9452926753433942,0.9488317912596194,0.993006993006993,1.0
ballroom/ballroom_Media-103615/track.npy,ballroom,0.9696969696969697,1.0,0.9696969696969697,1.0,0.814193465439733,0.8507200456927264,0.923076923076923,1.0
ballroom/ballroom_Media-103712/track.npy,ballroom,1.0,1.0,1.0,1.0,0.959959856196526,0.9768271401430226,1.0,1.0
ballroom/ballroom_Media-103807/track.npy,ballroom,1.0,1.0,1.0,1.0,0.9557084593942584,0.9728804412920464,1.0,1.0
ballroom/ballroom_Media-103809/track.npy,ballroom,1.0,1.0,1.0,1.0,0.933724363528794,0.9369402204796256,1.0,1.0
ballroom/ballroom_Media-103919/track.npy,ballroom,1.0,1.0,1.0,1.0,0.9771019976907637,0.9806693150994953,1.0,1.0
ballroom/ballroom_Media-104008/track.npy,ballroom,0.7948717948717948,0.8,0.7948717948717948,0.8,0.837908564671493,0.8838479691318237,0.8857142857142858,0.888888888888889
ballroom/ballroom_Media-104011/track.npy,ballroom,0.9791666666666666,1.0,0.9791666666666666,1.0,0.9639550415809217,0.968955550077227,0.9894736842105264,1.0
ballroom/ballroom_Media-104012/track.npy,ballroom,0.9807692307692307,1.0,0.9807692307692307,1.0,0.9563554765687153,0.9412012185167953,0.9902912621359222,1.0
ballroom/ballroom_Media-104015/track.npy,ballroom,1.0,0.8235294117647058,1.0,0.8235294117647058,0.9728629757901759,0.8912528719207387,1.0,0.9090909090909091
ballroom/ballroom_Media-104016/track.npy,ballroom,0.9861111111111112,1.0,0.9861111111111112,1.0,0.970408112779985,0.9787942630246772,0.993006993006993,1.0
ballroom/ballroom_Media-104101/track.npy,ballroom,1.0,1.0,1.0,1.0,0.9795819414094338,0.9840113483381149,1.0,1.0
ballroom/ballroom_Media-104102/track.npy,ballroom,1.0,1.0,1.0,1.0,0.9844313194118142,0.9911129373894025,1.0,1.0
ballroom/ballroom_Media-104104/track.npy,ballroom,1.0,1.0,1.0,1.0,0.9738111378236984,0.978607702289678,1.0,1.0
ballroom/ballroom_Media-104108/track.npy,ballroom,0.9811320754716981,1.0,0.9811320754716981,1.0,0.9753259175995819,0.9861292765709628,0.9904761904761905,1.0
ballroom/ballroom_Media-104109/track.npy,ballroom,0.9622641509433962,1.0,0.9622641509433962,1.0,0.9552878339920378,0.970463373233702,0.9807692307692307,1.0
ballroom/ballroom_Media-104113/track.npy,ballroom,1.0,0.2631578947368421,1.0,0.25,0.9252657586506758,0.6205372411513312,1.0,0.5454545454545454
ballroom/ballroom_Media-104408/track.npy,ballroom,0.9868421052631579,0.9615384615384616,0.9868421052631579,0.9615384615384616,0.9440902570124782,0.9377723527869225,0.9933774834437086,0.9803921568627451
ballroom/ballroom_Media-104409/track.npy,ballroom,0.9615384615384616,1.0,0.9615384615384616,0.0,0.9353001217344071,0.7766287835765296,0.9870129870129869,0.6666666666666666
ballroom/ballroom_Media-104506/track.npy,ballroom,0.9814814814814815,0.9285714285714286,0.9814814814814815,0.9285714285714286,0.9600035402942351,0.9436223056502407,0.9906542056074767,0.962962962962963
ballroom/ballroom_Media-104609/track.npy,ballroom,0.987012987012987,1.0,0.987012987012987,1.0,0.9564657946669342,0.9751091269741067,0.9934640522875817,1.0
ballroom/ballroom_Media-104615/track.npy,ballroom,0.9770114942528736,0.8181818181818182,0.9770114942528736,0.09523809523809523,0.9173992714722897,0.7585748484107663,0.9883720930232558,0.6875000000000001
ballroom/ballroom_Media-104616/track.npy,ballroom,0.9882352941176471,1.0,0.9882352941176471,1.0,0.8649520233705317,0.8635159332641567,1.0,1.0
ballroom/ballroom_Media-104802/track.npy,ballroom,1.0,1.0,1.0,1.0,0.909428967903541,0.9136554532681123,1.0,1.0
ballroom/ballroom_Media-104815/track.npy,ballroom,0.9885057471264368,1.0,0.9885057471264368,1.0,0.9611252488022414,0.9730247260507442,0.9942196531791908,1.0
ballroom/ballroom_Media-104915/track.npy,ballroom,0.9534883720930233,1.0,0.9534883720930233,1.0,0.9129852863425657,0.9241814105494672,0.9824561403508771,1.0
ballroom/ballroom_Media-104916/track.npy,ballroom,0.9655172413793104,1.0,0.9655172413793104,1.0,0.8570349698048859,0.9023285658466411,0.9824561403508771,1.0
ballroom/ballroom_Media-105001/track.npy,ballroom,1.0,1.0,1.0,1.0,0.8391559823850425,0.9225189456201089,1.0,1.0
ballroom/ballroom_Media-105018/track.npy,ballroom,1.0,1.0,1.0,1.0,0.9602470888256311,0.9647718639952994,1.0,1.0
ballroom/ballroom_Media-105106/track.npy,ballroom,0.9722222222222222,1.0,0.9722222222222222,1.0,0.8313490659800877,0.8738974726247687,0.9859154929577464,1.0
ballroom/ballroom_Media-105209/track.npy,ballroom,0.7647058823529411,0.4444444444444444,0.17647058823529413,0.4444444444444444,0.3767622923044065,0.2309055907481001,0.17647058823529413,0.2857142857142857
ballroom/ballroom_Media-105213/track.npy,ballroom,1.0,1.0,1.0,1.0,0.7858408101403717,0.7890446984146171,0.9473684210526315,1.0
ballroom/ballroom_Media-105301/track.npy,ballroom,0.972972972972973,1.0,0.972972972972973,1.0,0.932031704779633,0.964290347856705,0.9863013698630138,1.0
ballroom/ballroom_Media-105307/track.npy,ballroom,0.9866666666666667,1.0,0.9866666666666667,1.0,0.8821636067118718,0.9010258184109174,0.9932885906040269,1.0
ballroom/ballroom_Media-105308/track.npy,ballroom,0.9866666666666667,1.0,0.9866666666666667,1.0,0.9186741815269803,0.9639781434278367,0.9932885906040269,1.0
ballroom/ballroom_Media-105412/track.npy,ballroom,0.9761904761904762,1.0,0.9761904761904762,1.0,0.8222027934450448,0.8379390535989476,0.9879518072289156,1.0
ballroom/ballroom_Media-105505/track.npy,ballroom,0.9814814814814815,1.0,0.9814814814814815,1.0,0.9402462308522768,0.9453846839692931,0.9906542056074767,1.0
ballroom/ballroom_Media-105506/track.npy,ballroom,0.9636363636363636,0.9285714285714286,0.9636363636363636,0.9285714285714286,0.8125761268639392,0.7966632145293061,0.9814814814814815,0.962962962962963
ballroom/ballroom_Media-105602/track.npy,ballroom,0.9807692307692307,1.0,0.9807692307692307,1.0,0.9660688170327234,0.973655330808466,0.9902912621359222,1.0
ballroom/ballroom_Media-105604/track.npy,ballroom,0.9622641509433962,1.0,0.9622641509433962,1.0,0.9637730288366332,0.9699371408540169,0.9807692307692307,1.0
ballroom/ballroom_Media-105707/track.npy,ballroom,0.9636363636363636,0.9285714285714286,0.9636363636363636,0.9285714285714286,0.9331645123185311,0.9460748183203413,0.9814814814814815,0.962962962962963
ballroom/ballroom_Media-105710/track.npy,ballroom,0.961038961038961,0.9615384615384616,0.961038961038961,0.9615384615384616,0.9190082748073964,0.9260700905055086,0.9801324503311257,0.9803921568627451
ballroom/ballroom_Media-105906/track.npy,ballroom,1.0,1.0,1.0,1.0,0.9059034903371089,0.860600054466578,1.0,1.0
ballroom/ballroom_Media-105911/track.npy,ballroom,0.9176470588235294,0.9047619047619048,0.9176470588235294,0.9047619047619048,0.8624677135306624,0.8811035374527084,0.9585798816568047,0.975609756097561
ballroom/ballroom_Media-105912/track.npy,ballroom,0.9882352941176471,1.0,0.9882352941176471,1.0,0.9559161801330623,0.9606877344453038,0.9940828402366864,1.0
ballroom/ballroom_Media-106115/track.npy,ballroom,0.9466666666666667,1.0,0.9466666666666667,1.0,0.9513576613166079,0.9774077591322806,0.9726027397260273,1.0
beatles/beatles_01_Please_Please_Me_03_Anna_(Go_To_Him)/track.npy,beatles,0.9869281045751634,1.0,0.9869281045751634,1.0,0.927168618585456,0.9216106831443718,0.9918166939443536,0.987012987012987
beatles/beatles_02_With_the_Beatles_05_Little_Child/track.npy,beatles,0.9649805447470817,0.9692307692307692,0.9649805447470817,0.9692307692307692,0.9503637217256546,0.9342842840218858,0.9802371541501975,0.96875
beatles/beatles_02_With_the_Beatles_08_Roll_Over_Beethoven/track.npy,beatles,1.0,1.0,1.0,1.0,0.97166797861381,0.9622841370865557,1.0,1.0
beatles/beatles_03_A_Hard_Days_Night_03_If_I_Fell/track.npy,beatles,1.0,1.0,1.0,1.0,0.9723335264831071,0.9630046532102678,1.0,1.0
beatles/beatles_03_A_Hard_Days_Night_04_Im_Happy_Just_To_Dance_With_You/track.npy,beatles,0.9831932773109243,0.9833333333333333,0.9831932773109243,0.9833333333333333,0.9574961116545415,0.9536076412054544,0.9915254237288135,0.9915966386554621
beatles/beatles_04_Beatles_for_Sale_07_Kansas_City-_Hey_Hey_Hey_Hey/track.npy,beatles,0.970873786407767,0.9615384615384616,0.970873786407767,0.9615384615384616,0.7346009040397959,0.7414154423211662,0.9852216748768473,0.9803921568627451
beatles/beatles_04_Beatles_for_Sale_13_What_Youre_Doing/track.npy,beatles,0.9870967741935484,0.9871794871794872,0.9870967741935484,0.9871794871794872,0.6544089658555483,0.6758866496191338,0.9935064935064934,0.9935483870967742
beatles/beatles_05_Help_04_I_Need_You/track.npy,beatles,1.0,0.9875,1.0,0.9875,0.8649548002781541,0.8476087450398695,1.0,0.9937106918238994
beatles/beatles_06_Rubber_Soul_05_Think_For_Yourself/track.npy,beatles,0.9965034965034965,1.0,0.9965034965034965,1.0,0.8864246397838715,0.8754657815724246,0.9982486865148862,1.0
beatles/beatles_06_Rubber_Soul_11_In_My_Life/track.npy,beatles,1.0,1.0,1.0,1.0,0.8960531999404716,0.8878656370070789,1.0,1.0
beatles/beatles_07_Revolver_04_Love_You_To/track.npy,beatles,0.8776119402985074,0.4186046511627907,0.8776119402985074,0.4186046511627907,0.8478276321870498,0.43079969462741236,0.896969696969697,0.4615384615384615
beatles/beatles_07_Revolver_13_Got_To_Get_You_Into_My_Life/track.npy,beatles,0.9905660377358491,0.9125,0.9905660377358491,0.9125,0.9246026936458069,0.8788976659377673,0.9952606635071091,0.929936305732484
beatles/beatles_08_Sgt_Peppers_Lonely_Hearts_Club_Band_13_A_Day_In_The_Life/track.npy,beatles,0.5052631578947369,0.3872832369942196,0.5052631578947369,0.275,0.6663936003072245,0.6112661452298638,0.7312883435582822,0.6280193236714976
beatles/beatles_09_Magical_Mystery_Tour_05_Your_Mother_Should_Know/track.npy,beatles,0.9963235294117647,0.9130434782608695,0.9963235294117647,0.9130434782608695,0.8209829035661893,0.784806424215842,0.998158379373849,0.9489051094890512
beatles/beatles_09_Magical_Mystery_Tour_09_Penny_Lane/track.npy,beatles,0.990506329113924,1.0,0.990506329113924,1.0,0.7091237912610158,0.7203228843162988,0.9952305246422893,1.0
beatles/beatles_10_CD1_The_Beatles_14_Dont_Pass_Me_By/track.npy,beatles,0.9968152866242038,0.8518518518518519,0.9968152866242038,0.8518518518518519,0.92608340663621,0.8567324560659286,0.9984051036682616,0.9426751592356688
beatles/beatles_10_CD2_The_Beatles_05_Sexy_Sadie/track.npy,beatles,0.5596026490066225,0.7878787878787878,0.5596026490066225,0.7878787878787878,0.8413453629155577,0.9037386474667349,0.8752327746741154,0.944
beatles/beatles_10_CD2_The_Beatles_07_Long_Long_Long/track.npy,beatles,0.9694656488549618,0.9655172413793104,0.9694656488549618,0.9655172413793104,0.9408575594846952,0.946626135762756,0.9806949806949806,0.9826589595375722
beatles/beatles_11_Abbey_Road_05_Octopuss_Garden/track.npy,beatles,0.9959839357429718,1.0,0.9959839357429718,0.0,0.9555191112274737,0.792965160465276,0.9979879275653923,0.6666666666666666
beatles/beatles_11_Abbey_Road_07_Here_Comes_The_Sun/track.npy,beatles,0.7971698113207547,0.7232142857142857,0.7971698113207547,0.7232142857142857,0.8990969571035564,0.8626525810577644,0.9452736318407959,0.8985507246376812
beatles/beatles_12_Let_It_Be_08_Ive_Got_A_Feeling/track.npy,beatles,0.9893238434163701,1.0,0.9893238434163701,1.0,0.8628893312037277,0.8583898674194818,0.9946332737030411,1.0
candombe/csic.1995_ansina1_05/track.npy,candombe,0.9968253968253968,1.0,0.9968253968253968,1.0,0.9822483004717744,0.9834320472303294,0.9984126984126984,1.0
candombe/csic.1995_cuareim_04/track.npy,candombe,0.9972789115646259,1.0,0.9972789115646259,1.0,0.9783345766836864,0.9806395647032286,0.998639455782313,1.0
candombe/proyecto.1992_pelado_05/track.npy,candombe,0.9933035714285714,1.0,0.9933035714285714,1.0,0.9542089037833559,0.9691656760921417,0.994413407821229,1.0
candombe/zavala.muniz.2014_45/track.npy,candombe,1.0,1.0,1.0,1.0,0.9384324911692842,0.9403777195895683,1.0,1.0
filosax/filosax_10/track.npy,filosax,0.9863481228668942,0.9547511312217195,0.9863481228668942,0.9547511312217195,0.9175657895241259,0.8853749853226744,0.9914627205463858,0.961451247165533
filosax/filosax_16/track.npy,filosax,0.9981006647673314,0.9924242424242424,0.9981006647673314,0.9924242424242424,0.9644035334036655,0.9583603318021899,0.9995249406175772,0.9981024667931689
filosax/filosax_17/track.npy,filosax,0.9851485148514851,0.9943342776203966,0.9851485148514851,0.9943342776203966,0.9371143955924562,0.9398117908814686,0.9928977272727273,0.9943181818181818
filosax/filosax_30/track.npy,filosax,0.9793594306049822,0.9914529914529915,0.9793594306049822,0.9914529914529915,0.9338851797139573,0.923150817306672,0.9949964260185846,0.9957081545064378
filosax/filosax_33/track.npy,filosax,0.9976377952755906,0.9905660377358491,0.9976377952755906,0.9905660377358491,0.9365686373039668,0.9323719756401302,0.9984251968503937,0.9952755905511811
filosax/filosax_47/track.npy,filosax,0.9900426742532006,0.9971590909090909,0.9900426742532006,0.9971590909090909,0.9197990180024966,0.910871118074043,0.9989320042719829,0.9985775248933144
groove_midi/drummer1_session1_101_dance-disco_120_beat_4-4/track.npy,groove_midi,0.9975369458128078,1.0,0.9975369458128078,1.0,0.9237801720002501,0.9159811366944465,0.9987669543773119,1.0
groove_midi/drummer1_session1_146_latin-brazilian-baiao_95_beat_4-4/track.npy,groove_midi,0.9668674698795181,0.9518072289156626,0.9668674698795181,0.9518072289156626,0.8800578649364377,0.906154283277891,0.9698795180722891,0.975609756097561
groove_midi/drummer1_session1_49_jazz_125_beat_4-4/track.npy,groove_midi,0.9786324786324786,1.0,0.9786324786324786,1.0,0.9388579121837108,0.95181615313817,0.9892008639308855,1.0
groove_midi/drummer1_session1_4_jazz-funk_116_beat_4-4/track.npy,groove_midi,0.9928057553956835,0.9714285714285714,0.9928057553956835,0.9714285714285714,0.9485241158746106,0.931836885500639,0.996389891696751,0.9855072463768115
groove_midi/drummer1_session2_7_jazz-march_88_beat_4-4/track.npy,groove_midi,0.7283950617283951,0.37333333333333335,0.7283950617283951,0.37333333333333335,0.8441758162104838,0.4704605591463187,0.9144736842105263,0.5205479452054794
groove_midi/drummer1_session2_8_jazz-march_176_beat_4-4/track.npy,groove_midi,0.8227272727272728,0.5,0.08888888888888889,0.019801980198019802,0.7797352893986849,0.5837320324066259,0.704,0.5093167701863354
groove_midi/drummer1_session2_90_funk-rock_92_beat_4-4/track.npy,groove_midi,1.0,0.9772727272727273,1.0,0.0,0.9486741175397274,0.4745967161640762,1.0,0.0
groove_midi/drummer1_session3_7_dance-disco_120_beat_4-4/track.npy,groove_midi,0.9813084112149533,1.0,0.9813084112149533,1.0,0.9404640827571727,0.9465525327983118,0.9953051643192489,1.0
groove_midi/drummer3_session1_14_rock_120_beat_4-4/track.npy,groove_midi,0.9743589743589743,0.125,0.9743589743589743,0.0,0.9135998387905059,7.660608455640862e-32,0.9870129870129869,0.0
groove_midi/drummer3_session1_1_rock_105_beat_4-4/track.npy,groove_midi,0.9916666666666667,0.9666666666666667,0.9916666666666667,0.9666666666666667,0.8253853107936265,0.789545316312892,0.99581589958159,0.983050847457627
groove_midi/drummer3_session1_22_jazz_120_beat_4-4/track.npy,groove_midi,0.18681318681318682,0.20833333333333334,0.18681318681318682,0.20833333333333334,0.3321033213221027,0.3127848439889191,0.42603550295857984,0.4186046511627907
groove_midi/drummer3_session2_26_hiphop_92_beat_4-4/track.npy,groove_midi,1.0,1.0,1.0,1.0,0.8923477060886595,0.9193276268178052,1.0,1.0
groove_midi/drummer3_session2_6_rock_100_beat_4-4/track.npy,groove_midi,0.25806451612903225,1.0,0.25806451612903225,1.0,0.19768158073795486,0.25158378057922537,0.2711864406779661,0.42857142857142855
groove_midi/drummer5_eval_session_2_funk-groove2_105_beat_4-4/track.npy,groove_midi,0.9821428571428571,0.9285714285714286,0.9821428571428571,0.9285714285714286,0.9027019478244379,0.863379376124355,0.9909909909909909,0.962962962962963
groove_midi/drummer5_eval_session_6_hiphop-groove6_87_beat_4-4/track.npy,groove_midi,1.0,1.0,1.0,1.0,0.941565546533843,0.9179865010440871,1.0,1.0
groove_midi/drummer5_session1_3_latin-brazilian-samba_89_beat_4-4/track.npy,groove_midi,0.9964912280701754,0.8333333333333334,0.9964912280701754,0.8333333333333334,0.9403173209746173,0.8022183681116037,0.9982425307557118,0.8531468531468532
groove_midi/drummer5_session1_9_latin-dominican-merengue_130_beat_4-4/track.npy,groove_midi,0.9984756097560976,0.8658536585365854,0.9984756097560976,0.8658536585365854,0.9528252720985017,0.8777213315904309,0.9992372234935164,0.9201277955271566
groove_midi/drummer5_session2_20_latin-brazilian-ijexa_108_beat_4-4/track.npy,groove_midi,1.0,0.8333333333333334,1.0,0.0,0.9374884433950854,0.431920140546301,1.0,0.0
groove_midi/drummer5_session2_23_latin-brazilian-songo_120_beat_4-4/track.npy,groove_midi,0.8055555555555556,0.4666666666666667,0.8055555555555556,0.2,0.7510892781166576,0.4243488438601656,0.8435754189944135,0.33707865168539325
groove_midi/drummer5_session2_5_reggae_126_beat_4-4/track.npy,groove_midi,0.9842105263157894,0.010869565217391304,0.9842105263157894,0.0,0.9195452204091626,1.5463886727714793e-28,0.9920424403183024,0.0
groove_midi/drummer5_session2_9_neworleans-shuffle_104_beat_4-4/track.npy,groove_midi,0.9954128440366973,1.0,0.9954128440366973,1.0,0.8656568159988375,0.8857444581501425,0.9977011494252873,1.0
groove_midi/drummer7_eval_session_4_soul-groove4_80_beat_4-4/track.npy,groove_midi,1.0,1.0,1.0,1.0,0.8510849446923359,0.858465812596788,1.0,1.0
groove_midi/drummer7_session1_10_rock_93_beat_4-4/track.npy,groove_midi,1.0,0.9310344827586207,1.0,0.9310344827586207,0.8531879615533654,0.8251177199636571,1.0,0.9655172413793104
groove_midi/drummer7_session1_11_rock_93_beat_4-4/track.npy,groove_midi,0.9565217391304348,0.43478260869565216,0.9565217391304348,0.43478260869565216,0.8957698787527584,0.5021787824288364,0.9777777777777777,0.4444444444444445
groove_midi/drummer7_session1_17_hiphop_100_beat_4-4/track.npy,groove_midi,0.9477611940298507,0.358974358974359,0.9477611940298507,0.358974358974359,0.859062931915565,0.5601517078200101,0.9548872180451128,0.611111111111111
groove_midi/drummer7_session1_18_hiphop_100_beat_4-4/track.npy,groove_midi,0.9642857142857143,0.8571428571428571,0.9642857142857143,0.8571428571428571,0.9313809740280478,0.8506381577266483,0.9818181818181818,0.923076923076923
groove_midi/drummer7_session2_106_soul-motown_104_beat_4-4/track.npy,groove_midi,0.9928571428571429,0.9714285714285714,0.9928571428571429,0.9714285714285714,0.884124723168403,0.879358126663336,0.996415770609319,0.9855072463768115
groove_midi/drummer7_session2_108_soul-motown_104_beat_4-4/track.npy,groove_midi,0.9736842105263158,0.9473684210526315,0.9736842105263158,0.9473684210526315,0.8661516715703876,0.8705126699557176,0.9866666666666666,0.972972972972973
groove_midi/drummer7_session2_113_jazz-fusion_96_beat_4-4/track.npy,groove_midi,1.0,1.0,1.0,1.0,0.9543855544885126,0.9443849384877387,1.0,1.0
groove_midi/drummer7_session2_26_rock_118_beat_4-4/track.npy,groove_midi,0.9833333333333333,1.0,0.9833333333333333,1.0,0.8316808638711419,0.8398723550123541,0.9915966386554621,1.0
groove_midi/drummer7_session2_53_rock_135_beat_4-4/track.npy,groove_midi,1.0,1.0,1.0,1.0,0.8788721697705218,0.8816163939264067,1.0,1.0
groove_midi/drummer7_session2_54_soul-motown_148_beat_4-4/track.npy,groove_midi,0.016260162601626018,1.0,0.0,1.0,0.05405590339547055,0.03695984871425022,0.0,0.0
groove_midi/drummer7_session2_93_hiphop_75_beat_4-4/track.npy,groove_midi,0.9622641509433962,1.0,0.0,0.0,0.7593123735192406,0.8080031786206511,0.6582278481012659,0.7000000000000001
groove_midi/drummer7_session3_109_rock_95_beat_4-4/track.npy,groove_midi,0.9830508474576272,1.0,0.9830508474576272,0.0,0.922445174139495,0.4598759440585593,0.9914529914529915,0.0
groove_midi/drummer7_session3_1_rock_60_beat_4-4/track.npy,groove_midi,0.9866666666666667,0.9473684210526315,0.9866666666666667,0.9473684210526315,0.8923033591648762,0.8557743796199386,0.9866666666666668,0.972972972972973
groove_midi/drummer7_session3_92_hiphop_70_beat_4-4/track.npy,groove_midi,0.9873417721518988,1.0,0.9873417721518988,1.0,0.903533675693845,0.9174391656908597,0.9968253968253968,1.0
groove_midi/drummer8_eval_session_2_funk-groove2_105_beat_4-4/track.npy,groove_midi,0.9821428571428571,0.9285714285714286,0.9821428571428571,0.9285714285714286,0.9306385719427128,0.9225384455987918,0.9909909909909909,0.962962962962963
groove_midi/drummer8_eval_session_3_soul-groove3_86_beat_4-4/track.npy,groove_midi,1.0,1.0,1.0,1.0,0.9654476089752259,0.9524993176236,1.0,1.0
groove_midi/drummer8_session1_21_rock-shuffle_112_beat_4-4/track.npy,groove_midi,0.988,0.9841269841269841,0.988,0.9841269841269841,0.8716211472287124,0.8789169751484927,0.9919678714859438,0.9919999999999999
groove_midi/drummer8_session1_27_latin_122_beat_4-4/track.npy,groove_midi,0.9974293059125964,0.5979381443298969,0.9974293059125964,0.5979381443298969,0.9399098242527255,0.6315885525859527,0.9987129987129987,0.6853932584269663
groove_midi/drummer9_session1_1_rock_100_beat_4-4/track.npy,groove_midi,0.9722222222222222,0.5555555555555556,0.9722222222222222,0.5555555555555556,0.9255196792357361,0.5933050293788538,0.9859154929577464,0.5555555555555556
groove_midi/drummer9_session1_28_rock_90_beat_4-4/track.npy,groove_midi,0.9878048780487805,1.0,0.0,0.0,0.7625576400328883,0.7664655341480797,0.6666666666666666,0.6875000000000001
guitarset/00_BN1-129-Eb_comp_mix/track.npy,guitarset,1.0,0.6666666666666666,1.0,0.6666666666666666,0.9643030577975367,0.7589456755644388,1.0,0.8
guitarset/00_BN3-119-G_comp_mix/track.npy,guitarset,0.8333333333333334,0.8461538461538461,0.8333333333333334,0.8461538461538461,0.8583353251642784,0.8319167167780578,0.8867924528301887,0.8461538461538461
guitarset/00_Funk1-114-Ab_comp_mix/track.npy,guitarset,0.5348837209302325,0.46153846153846156,0.5348837209302325,0.46153846153846156,0.6544009398675205,0.5690558906685547,0.7160493827160495,0.6363636363636364
guitarset/00_Funk3-112-C#_comp_mix/track.npy,guitarset,1.0,1.0,1.0,1.0,0.9597398967846101,0.973569913821427,1.0,1.0
guitarset/00_Funk3-98-A_comp_mix/track.npy,guitarset,0.7796610169491526,0.7142857142857143,0.7796610169491526,0.7142857142857143,0.7441076711062479,0.6485229961282211,0.8421052631578948,0.7407407407407408
guitarset/00_SS2-88-F_comp_mix/track.npy,guitarset,0.9824561403508771,1.0,0.9824561403508771,1.0,0.866521030161544,0.8625447849392037,0.9911504424778761,1.0
guitarset/00_SS3-84-Bb_comp_mix/track.npy,guitarset,0.9649122807017544,0.9333333333333333,0.9649122807017544,0.9333333333333333,0.7511518992078985,0.7982507688140885,0.9649122807017544,0.9655172413793104
guitarset/01_BN2-131-B_comp_mix/track.npy,guitarset,1.0,1.0,1.0,1.0,0.9389707300372584,0.9490331376064568,1.0,1.0
guitarset/01_Funk3-112-C#_comp_mix/track.npy,guitarset,0.9074074074074074,0.7692307692307693,0.9074074074074074,0.7692307692307693,0.9136547597602914,0.9178509319061624,0.9532710280373832,0.9600000000000001
guitarset/01_Jazz2-110-Bb_comp_mix/track.npy,guitarset,1.0,1.0,1.0,1.0,0.9285770300320935,0.9350522717375029,1.0,1.0
guitarset/02_BN3-119-G_comp_mix/track.npy,guitarset,0.9818181818181818,0.9285714285714286,0.9818181818181818,0.9285714285714286,0.9647066399140609,0.9454105668673941,0.9908256880733944,0.962962962962963
guitarset/02_Funk3-112-C#_comp_mix/track.npy,guitarset,1.0,1.0,1.0,1.0,0.9485801279601893,0.9370984050425866,1.0,1.0
guitarset/03_BN3-154-E_comp_mix/track.npy,guitarset,1.0,1.0,1.0,1.0,0.928605029919954,0.9185016799429876,1.0,1.0
guitarset/03_Funk3-98-A_comp_mix/track.npy,guitarset,0.9821428571428571,0.9285714285714286,0.9821428571428571,0.9285714285714286,0.9382392445606592,0.9220069647497254,0.9909909909909909,0.962962962962963
guitarset/03_Rock3-117-Bb_comp_mix/track.npy,guitarset,1.0,1.0,1.0,1.0,0.9595176083442547,0.9538664871771998,1.0,1.0
guitarset/03_SS1-100-C#_comp_mix/track.npy,guitarset,0.9871794871794872,0.46153846153846156,0.0,0.46153846153846156,0.7992488804664502,0.7836775532860607,0.6666666666666666,0.8181818181818181
guitarset/04_BN2-166-Ab_comp_mix/track.npy,guitarset,1.0,1.0,1.0,1.0,0.8697384389008945,0.8589760000982891,1.0,1.0
guitarset/04_Funk2-108-Eb_comp_mix/track.npy,guitarset,1.0,1.0,1.0,1.0,0.9688798166619716,0.9772137404084469,1.0,1.0
guitarset/04_Jazz1-200-B_comp_mix/track.npy,guitarset,1.0,1.0,1.0,1.0,0.9341463468743456,0.9419461915046182,1.0,1.0
guitarset/04_Jazz3-137-Eb_comp_mix/track.npy,guitarset,0.9811320754716981,1.0,0.9811320754716981,1.0,0.9266511464659114,0.9314334752071095,0.9904761904761905,1.0
guitarset/04_Rock1-130-A_comp_mix/track.npy,guitarset,1.0,1.0,1.0,1.0,0.9654149335451594,0.9743305632892384,1.0,1.0
guitarset/04_Rock1-90-C#_comp_mix/track.npy,guitarset,0.975609756097561,0.9090909090909091,0.975609756097561,0.9090909090909091,0.8889205466267096,0.8006423007763788,0.9876543209876543,0.9523809523809523
guitarset/04_SS2-107-Ab_comp_mix/track.npy,guitarset,0.9821428571428571,1.0,0.9821428571428571,1.0,0.9112736527563627,0.9058255937718527,0.9909909909909909,1.0
hainsworth/hainsworth_007/track.npy,hainsworth,0.95,0.2727272727272727,0.95,0.0,0.7818938086554076,0.22053760073034862,0.9243697478991596,0.23999999999999996
hainsworth/hainsworth_010/track.npy,hainsworth,1.0,0.36666666666666664,1.0,0.36666666666666664,0.9045401550836075,0.5448476695893048,1.0,0.5818181818181818
hainsworth/hainsworth_036/track.npy,hainsworth,0.974025974025974,0.95,0.974025974025974,0.95,0.932281720651118,0.8948942307724405,0.987012987012987,0.9500000000000001
hainsworth/hainsworth_050/track.npy,hainsworth,1.0,0.9,1.0,0.9,0.9644027379386113,0.9361098921617986,1.0,0.9743589743589743
hainsworth/hainsworth_054/track.npy,hainsworth,0.9791666666666666,0.8333333333333334,0.9791666666666666,0.8333333333333334,0.938287442600942,0.8981159941910061,0.9842931937172775,0.9130434782608695
hainsworth/hainsworth_062/track.npy,hainsworth,0.9925373134328358,0.6666666666666666,0.9925373134328358,0.6666666666666666,0.939838191640843,0.8473627713019103,0.9962546816479401,0.888888888888889
hainsworth/hainsworth_068/track.npy,hainsworth,0.9891304347826086,0.9565217391304348,0.9891304347826086,0.9565217391304348,0.9743887430458948,0.9647044499128508,0.994535519125683,0.9777777777777777
hainsworth/hainsworth_113/track.npy,hainsworth,0.9948453608247423,1.0,0.9948453608247423,1.0,0.9518296775558934,0.94862208710097,0.9974160206718347,1.0
hainsworth/hainsworth_117/track.npy,hainsworth,1.0,1.0,1.0,1.0,0.9633426614789559,0.9656836323790742,1.0,1.0
hainsworth/hainsworth_118/track.npy,hainsworth,0.9944444444444445,1.0,0.9944444444444445,1.0,0.9658291365571676,0.9622578132267441,0.9972144846796658,1.0
hainsworth/hainsworth_140/track.npy,hainsworth,0.5428571428571428,1.0,0.5428571428571428,1.0,0.5542309246733088,0.7530226447243429,0.6865671641791045,0.875
hainsworth/hainsworth_150/track.npy,hainsworth,0.8360655737704918,0.6,0.8360655737704918,0.6,0.8785212214103869,0.7628160406849713,0.912280701754386,0.8
hainsworth/hainsworth_162/track.npy,hainsworth,0.974025974025974,0.8947368421052632,0.974025974025974,0.8947368421052632,0.9690796526256111,0.9455730543958786,0.9934640522875817,0.972972972972973
hainsworth/hainsworth_165/track.npy,hainsworth,1.0,1.0,1.0,1.0,0.9651984352710441,0.9530637804327876,1.0,1.0
hainsworth/hainsworth_174/track.npy,hainsworth,1.0,0.5,1.0,0.4230769230769231,0.9658659678117213,0.5513385895786431,1.0,0.47058823529411764
hainsworth/hainsworth_176/track.npy,hainsworth,1.0,1.0,1.0,1.0,0.9619812616193534,0.9563470749235794,1.0,1.0
hainsworth/hainsworth_180/track.npy,hainsworth,1.0,1.0,1.0,1.0,0.9837034201575039,0.9887137555919052,1.0,1.0
hainsworth/hainsworth_181/track.npy,hainsworth,1.0,1.0,1.0,1.0,0.9615955555854083,0.9586369155756748,1.0,1.0
hainsworth/hainsworth_185/track.npy,hainsworth,1.0,1.0,1.0,1.0,0.9785628419622087,0.9802594022647907,1.0,1.0
hainsworth/hainsworth_186/track.npy,hainsworth,1.0,1.0,1.0,1.0,0.9845091736402451,0.9793936939226027,1.0,1.0
hainsworth/hainsworth_189/track.npy,hainsworth,0.2689075630252101,0.2857142857142857,0.0,0.02857142857142857,0.5489429048231651,0.600271777332106,0.5398773006134969,0.5416666666666666
hainsworth/hainsworth_202/track.npy,hainsworth,0.46153846153846156,0.4444444444444444,0.36363636363636365,0.0,0.7018256005641581,0.5715477631814616,0.8027210884353742,0.6000000000000001
hainsworth/hainsworth_221/track.npy,hainsworth,0.8666666666666667,0.47058823529411764,0.8666666666666667,0.16666666666666666,0.660481216863457,0.3071850036357694,0.8689655172413793,0.3225806451612903
hainsworth/hainsworth_222/track.npy,hainsworth,1.0,0.6666666666666666,1.0,0.6666666666666666,0.9683322488302999,0.8215339216268657,1.0,0.8505747126436781
hainsworth/hainsworth_225/track.npy,hainsworth,0.28421052631578947,1.0,0.28421052631578947,1.0,0.28580443728378085,0.30434671333785757,0.32258064516129026,0.34782608695652173
hainsworth/hainsworth_228/track.npy,hainsworth,1.0,1.0,1.0,1.0,0.9736686082742004,0.9734105026055537,1.0,1.0
hainsworth/hainsworth_237/track.npy,hainsworth,1.0,0.8695652173913043,1.0,0.8695652173913043,0.9843589927270666,0.9416162172720306,1.0,0.9545454545454545
hainsworth/hainsworth_242/track.npy,hainsworth,1.0,0.1111111111111111,1.0,0.0,0.9317902719447193,1.2648972433127951e-32,1.0,0.0
harmonix/0005_again/track.npy,harmonix,0.9860788863109049,0.9722222222222222,0.9860788863109049,0.9722222222222222,0.9400825998674217,0.9415032099227297,0.9941656942823804,0.993006993006993
harmonix/0012_aroundtheworld/track.npy,harmonix,1.0,0.5945945945945946,1.0,0.5945945945945946,0.7612941278951677,0.45306627051300796,1.0,0.6164383561643835
harmonix/0014_babaoriley/track.npy,harmonix,0.8293075684380032,0.593939393939394,0.8293075684380032,0.593939393939394,0.8732746597834539,0.674981445037997,0.903954802259887,0.6978193146417446
harmonix/0015_babygotback/track.npy,harmonix,1.0,1.0,1.0,1.0,0.9725079088474348,0.979078323066885,1.0,1.0
harmonix/0020_becauseofyou/track.npy,harmonix,0.9770773638968482,0.9772727272727273,0.9770773638968482,0.9772727272727273,0.9679957917211831,0.9745970008672231,0.9884057971014493,0.9885057471264368
harmonix/0023_bewareoftheboys/track.npy,harmonix,0.5245901639344263,0.55,0.5245901639344263,0.55,0.5298166791999197,0.5422648571130637,0.5696465696465698,0.6470588235294117
harmonix/0028_blackmagic/track.npy,harmonix,0.48737373737373735,0.6358381502890174,0.48737373737373735,0.6358381502890174,0.5923072622203667,0.5070862858217846,0.6954703832752613,0.5903614457831325
harmonix/0053_commander/track.npy,harmonix,1.0,0.7741935483870968,1.0,0.7741935483870968,0.8760054837556205,0.7026549511467414,1.0,0.8064516129032258
harmonix/0054_conceited/track.npy,harmonix,0.9957264957264957,0.9833333333333333,0.9957264957264957,0.9833333333333333,0.8706783612132911,0.8745022608971696,0.9978586723768736,0.9915966386554621
harmonix/0074_djgotusfallininlove/track.npy,harmonix,1.0,1.0,1.0,1.0,0.7347592706576307,0.7233124066116308,1.0,1.0
harmonix/0088_everybody/track.npy,harmonix,1.0,1.0,1.0,1.0,0.9619411229480773,0.9581040613641348,1.0,1.0
harmonix/0090_fearofthedarklive/track.npy,harmonix,0.8345323741007195,0.7407407407407407,0.8345323741007195,0.7407407407407407,0.8774210475200394,0.8132222921545422,0.9139841688654354,0.8443496801705758
harmonix/0099_forgetyou/track.npy,harmonix,0.9150326797385621,0.9827586206896551,0.9150326797385621,0.9827586206896551,0.9032257701887885,0.9188324328650608,0.9355191256830601,0.9478260869565217
harmonix/0106_getitshawty/track.npy,harmonix,0.996415770609319,1.0,0.996415770609319,1.0,0.8563256501464359,0.8794747298290732,0.9982046678635548,1.0
harmonix/0109_geturfreakon/track.npy,harmonix,0.5369127516778524,0.45045045045045046,0.3023255813953488,0.38271604938271603,0.7796016201694491,0.7819110711590738,0.7887323943661972,0.8175182481751825
harmonix/0110_girlsandboys/track.npy,harmonix,1.0,1.0,1.0,1.0,0.8885091822936694,0.8951723524434797,1.0,1.0
harmonix/0111_girlsonfilm/track.npy,harmonix,0.9977876106194691,0.6842105263157895,0.9977876106194691,0.6842105263157895,0.9625642839962835,0.6708936424771997,0.9988925802879292,0.7048458149779735
harmonix/0117_goodmorningblackfriday/track.npy,harmonix,0.44398340248962653,0.6022304832713755,0.44398340248962653,0.6022304832713755,0.5608448985780091,0.5475486666534972,0.6732673267326733,0.6526717557251908
harmonix/0123_heavyduty/track.npy,harmonix,0.9373219373219374,0.7906976744186046,0.9373219373219374,0.7906976744186046,0.9162206957449268,0.846248739795868,0.9681159420289855,0.891566265060241
harmonix/0132_iceicebaby/track.npy,harmonix,1.0,1.0,1.0,1.0,0.8819983690216111,0.9026754526031769,1.0,1.0
harmonix/0133_ifeellove/track.npy,harmonix,0.9922879177377892,0.9896907216494846,0.9922879177377892,0.9896907216494846,0.9624655841310436,0.9635550128203193,0.9961290322580645,0.9948186528497409
harmonix/0176_megasus/track.npy,harmonix,0.9682242990654205,0.9097744360902256,0.9682242990654205,0.9097744360902256,0.8428515415609544,0.8189894771291233,0.985941893158388,0.9694656488549618
harmonix/0189_neversaynever/track.npy,harmonix,0.9971910112359551,0.9887640449438202,0.9971910112359551,0.9887640449438202,0.9333746205358491,0.962936806066322,0.9957805907172996,0.9943502824858756
harmonix/0195_nookie/track.npy,harmonix,0.817351598173516,0.8715596330275229,0.817351598173516,0.8715596330275229,0.7202199371903069,0.7588495371113932,0.9142156862745098,0.9313725490196079
harmonix/0209_paparazzi/track.npy,harmonix,0.9948453608247423,0.9896907216494846,0.9948453608247423,0.9896907216494846,0.9703276146447242,0.9576235486678287,0.9974160206718347,0.9948186528497409
harmonix/0212_peoplegotalotofnerve/track.npy,harmonix,0.9936908517350158,0.8765432098765432,0.9936908517350158,0.8765432098765432,0.8499497969666345,0.7786293944647371,0.9968454258675079,0.9433962264150944
harmonix/0214_planetrock/track.npy,harmonix,0.9987484355444305,1.0,0.9987484355444305,1.0,0.974709467981583,0.9740423533622715,0.9993738259236067,1.0
harmonix/0215_pointofknowreturn/track.npy,harmonix,0.7506112469437652,0.4392523364485981,0.7506112469437652,0.4392523364485981,0.687079004990407,0.5305102305640971,0.8917525773195877,0.7083333333333334
harmonix/0218_policyoftruth/track.npy,harmonix,0.910377358490566,0.5961538461538461,0.910377358490566,0.5961538461538461,0.7822025382049743,0.5307330869182941,0.9433359936153232,0.617363344051447
harmonix/0220_promiscuous/track.npy,harmonix,0.9966442953020134,1.0,0.9966442953020134,1.0,0.8492095893026818,0.8487572956908017,0.9983193277310924,1.0
harmonix/0245_sayhey/track.npy,harmonix,0.9971264367816092,0.9655172413793104,0.9971264367816092,0.9655172413793104,0.9786046106052494,0.972251230977382,0.9985611510791367,0.9883720930232558
harmonix/0268_supersonic/track.npy,harmonix,0.9848942598187311,0.9761904761904762,0.9848942598187311,0.9761904761904762,0.8896550589748948,0.8561667896336339,0.9833585476550681,0.9820359281437125
harmonix/0269_sweettalk/track.npy,harmonix,1.0,1.0,0.0,0.0,0.8070146172845957,0.8117241082057984,0.665871121718377,0.6698564593301435
harmonix/0270_takeovercontrol/track.npy,harmonix,0.9930875576036866,0.8807339449541285,0.9930875576036866,0.8807339449541285,0.9780280134306392,0.9159749719813924,0.997690531177829,0.9383886255924171
harmonix/0285_thekill/track.npy,harmonix,0.9637681159420289,0.9576271186440678,0.9637681159420289,0.9576271186440678,0.961545965356598,0.9641413747708301,0.9818181818181817,0.9871244635193133
harmonix/0296_transmaniaconmc/track.npy,harmonix,0.9891774891774892,0.8392857142857143,0.9891774891774892,0.8392857142857143,0.9225083104995927,0.8660135289546493,0.9924160346695557,0.9272727272727271
harmonix/0297_troublecomesrunning/track.npy,harmonix,0.9922178988326849,0.515625,0.9922178988326849,0.515625,0.8612575225476861,0.7628422954175522,0.9941520467836258,0.8521739130434782
harmonix/0305_wenospeakamericano/track.npy,harmonix,1.0,1.0,1.0,1.0,0.8627767963577369,0.8519444845212232,1.0,1.0
harmonix/0306_werunthis/track.npy,harmonix,1.0,1.0,1.0,1.0,0.9458890753734696,0.9288826868225045,1.0,1.0
harmonix/0323_yeah/track.npy,harmonix,0.908695652173913,0.9649122807017544,0.908695652173913,0.9649122807017544,0.9157608348111335,0.9058045459111137,0.9732142857142857,0.9821428571428572
harmonix/0335_allyourlife/track.npy,harmonix,0.6923076923076923,0.7076923076923077,0.1791044776119403,0.1282051282051282,0.7862709746441462,0.7557666800698681,0.7358490566037735,0.7142857142857143
harmonix/0336_alonewithyou/track.npy,harmonix,0.9886363636363636,0.9886363636363636,0.9886363636363636,0.9886363636363636,0.9593897765138664,0.9544063197057541,0.9942857142857142,0.9942857142857142
harmonix/0375_dynamite/track.npy,harmonix,0.992822966507177,0.9904761904761905,0.992822966507177,0.9904761904761905,0.9814435955360682,0.9794269052327779,0.9963985594237695,0.9952153110047847
harmonix/0380_everybodytalks/track.npy,harmonix,0.9932279909706546,0.9385964912280702,0.9932279909706546,0.9385964912280702,0.9630673593442195,0.948619244353086,0.9966101694915254,0.9821428571428572
harmonix/0386_footloose/track.npy,harmonix,0.9867330016583747,0.9933774834437086,0.9867330016583747,0.9933774834437086,0.784711262488571,0.7960137155585003,0.9991701244813278,0.9966777408637874
harmonix/0387_free/track.npy,harmonix,0.9892933618843683,0.9914529914529915,0.9892933618843683,0.9914529914529915,0.9771746931683423,0.976175588581293,0.9946178686759958,0.9957081545064378
harmonix/0391_givemeallyourluvin/track.npy,harmonix,0.6997885835095138,0.7226890756302521,0.6997885835095138,0.7226890756302521,0.9015278912312106,0.9008856129151027,0.9167616875712657,0.9181818181818181
harmonix/0402_herestous/track.npy,harmonix,0.9912280701754386,1.0,0.9912280701754386,1.0,0.959185902451711,0.9576098010927595,0.9955947136563876,1.0
harmonix/0407_humpinaround/track.npy,harmonix,0.997872340425532,1.0,0.997872340425532,1.0,0.523158700536163,0.5190608116428597,0.9989350372736955,1.0
harmonix/0432_letsgo/track.npy,harmonix,0.9847494553376906,0.991304347826087,0.9847494553376906,0.991304347826087,0.9784136221740194,0.980518073281848,0.9923329682365826,0.9956331877729258
harmonix/0434_lights/track.npy,harmonix,0.9951100244498777,1.0,0.9951100244498777,1.0,0.8075673516999587,0.7951125589266759,0.9975490196078431,1.0
harmonix/0444_maybe/track.npy,harmonix,0.9962121212121212,1.0,0.9962121212121212,1.0,0.9707941504113001,0.9729679513386275,0.9981024667931689,1.0
harmonix/0449_misery/track.npy,harmonix,0.9768115942028985,0.9883720930232558,0.9768115942028985,0.9883720930232558,0.9113143993243993,0.9087120072034104,0.9882697947214076,0.9941520467836257
harmonix/0477_poundthealarm/track.npy,harmonix,0.9926470588235294,0.9519230769230769,0.9926470588235294,0.9519230769230769,0.8630192752632437,0.8434026668397568,0.996309963099631,0.9805825242718447
harmonix/0480_raiseyourglass/track.npy,harmonix,0.9949622166246851,0.8080808080808081,0.9949622166246851,0.8080808080808081,0.9442869857450291,0.7935265731886022,0.9974747474747475,0.8410256410256411
harmonix/0482_redsolocup/track.npy,harmonix,0.925,0.9,0.925,0.9,0.8122265142067886,0.7947185988878198,0.9500454132606722,0.9338235294117646
harmonix/0485_rollinginthedeep/track.npy,harmonix,0.9948320413436692,1.0,0.9948320413436692,1.0,0.9788440247252996,0.980971467800961,0.9974093264248705,1.0
harmonix/0498_springsteen/track.npy,harmonix,0.9617977528089887,0.963963963963964,0.9617977528089887,0.963963963963964,0.9518605481984698,0.9520191534447674,0.9805269186712485,0.9816513761467891
harmonix/0501_stayawhile/track.npy,harmonix,0.8832335329341318,0.9411764705882353,0.8832335329341318,0.9411764705882353,0.9244090012197063,0.9217253527711964,0.9585253456221199,0.9575757575757576
harmonix/0528_werunthenight/track.npy,harmonix,1.0,1.0,1.0,1.0,0.9294626978575845,0.9241841313609201,1.0,1.0
harmonix/0537_writteninthestars/track.npy,harmonix,0.9901639344262295,1.0,0.9901639344262295,1.0,0.9035085185761962,0.9298429943443248,0.9950576606260296,1.0
harmonix/0544_yougottabe/track.npy,harmonix,0.9410187667560321,0.9468085106382979,0.9410187667560321,0.9468085106382979,0.7971708186151574,0.8130523916115097,0.9696969696969696,0.9726775956284154
harmonix/0550_aboutyounow/track.npy,harmonix,0.9980314960629921,1.0,0.9980314960629921,1.0,0.9521252523889594,0.9462787403560087,0.9990147783251232,1.0
harmonix/0557_alligator/track.npy,harmonix,0.9966329966329966,1.0,0.9966329966329966,1.0,0.9753866385190428,0.9726792865239068,0.9983136593591906,1.0
harmonix/0566_americanwoman/track.npy,harmonix,0.9776357827476039,0.8571428571428571,0.9776357827476039,0.8571428571428571,0.8944849910809319,0.8182615818472151,0.9886914378029079,0.9139072847682119
harmonix/0570_aslongasyouloveme/track.npy,harmonix,0.9921875,1.0,0.9921875,1.0,0.9507479800792241,0.9509715015363129,0.996078431372549,1.0
harmonix/0571_atlantis/track.npy,harmonix,0.5888157894736842,0.6351351351351351,0.5888157894736842,0.6351351351351351,0.8124642160790568,0.8261389041819199,0.8555956678700362,0.8613138686131387
harmonix/0574_badromanceappboyz/track.npy,harmonix,0.9939024390243902,1.0,0.9939024390243902,1.0,0.9791253311023741,0.9818380632298367,0.9969418960244648,1.0
harmonix/0579_beatitstudioversion/track.npy,harmonix,0.9708029197080292,0.36764705882352944,0.9708029197080292,0.35766423357664234,0.9673220339242969,0.5002645610238313,0.989010989010989,0.4426877470355731
harmonix/0580_beautiful/track.npy,harmonix,0.9930795847750865,1.0,0.9930795847750865,1.0,0.6252988761849636,0.6100397141090586,0.892361111111111,0.875
harmonix/0585_beautyandabeat/track.npy,harmonix,0.9978768577494692,1.0,0.9978768577494692,1.0,0.9182877100630423,0.9227321594457597,0.9989373007438895,1.0
harmonix/0590_betterintime/track.npy,harmonix,0.9775641025641025,0.9743589743589743,0.9775641025641025,0.9743589743589743,0.9713725409537532,0.9686875990887309,0.9886547811993517,0.9870129870129869
harmonix/0592_blameit/track.npy,harmonix,1.0,0.7846153846153846,1.0,0.7846153846153846,0.9568220733414398,0.7685195741963662,1.0,0.7953667953667953
harmonix/0595_blonde/track.npy,harmonix,1.0,0.9565217391304348,1.0,0.9565217391304348,0.9624288099246017,0.9505005531650259,1.0,0.9781021897810219
harmonix/0608_canttellmenothing/track.npy,harmonix,1.0,1.0,1.0,1.0,0.8464484788446087,0.8397605562453939,1.0,1.0
harmonix/0614_cinema/track.npy,harmonix,0.852359208523592,0.64375,0.852359208523592,0.64375,0.8702951046351064,0.6437945401630198,0.9068514241724404,0.6623794212218651
harmonix/0626_coolerthanme/track.npy,harmonix,0.9955156950672646,1.0,0.9955156950672646,1.0,0.9518546219497872,0.9549497187233923,0.9977528089887641,1.0
harmonix/0663_explosions/track.npy,harmonix,0.9035812672176309,0.9010989010989011,0.9035812672176309,0.9010989010989011,0.8864612589341833,0.8862844348342697,0.9428571428571427,0.937142857142857
harmonix/0680_fixaheart/track.npy,harmonix,0.6619718309859155,0.7272727272727273,0.6619718309859155,0.7272727272727273,0.8442761164313763,0.8634998290534697,0.8975332068311195,0.8994082840236687
harmonix/0700_gottabesomebody/track.npy,harmonix,0.9651416122004357,0.9912280701754386,0.9651416122004357,0.9912280701754386,0.9528915173346936,0.9622781009846102,0.986784140969163,0.9955947136563876
harmonix/0704_guitarstringweddingring/track.npy,harmonix,0.9385749385749386,0.6372549019607843,0.9385749385749386,0.6372549019607843,0.9130070297067825,0.7022286042462208,0.9421894218942188,0.7262569832402235
harmonix/0718_heytheredelilah/track.npy,harmonix,0.9947643979057592,1.0,0.9947643979057592,1.0,0.9674337478686685,0.9740401203548225,0.9973753280839895,1.0
harmonix/0727_howcomeyoudontwantme/track.npy,harmonix,0.9893617021276596,0.971830985915493,0.9893617021276596,0.971830985915493,0.9782789174145827,0.9776423653096623,0.9946714031971581,0.9929078014184397
harmonix/0735_ifuseeamy/track.npy,harmonix,0.9955357142857143,1.0,0.9955357142857143,1.0,0.9736139526203488,0.9751105639303876,0.9977628635346756,1.0
harmonix/0756_istillmissyou/track.npy,harmonix,0.9864864864864865,0.9864864864864865,0.9864864864864865,0.9864864864864865,0.9723926690105634,0.9798386019602625,0.9931972789115647,0.9931972789115647
harmonix/0764_iwish/track.npy,harmonix,0.9929245283018868,0.9905660377358491,0.9929245283018868,0.9905660377358491,0.9757942292184608,0.9705836939382907,0.9940968122786304,0.9905660377358491
harmonix/0776_krazy/track.npy,harmonix,1.0,1.0,1.0,1.0,0.9706971743386723,0.966693420763497,1.0,1.0
harmonix/0793_lovegame/track.npy,harmonix,1.0,1.0,1.0,1.0,0.8714629711222754,0.8544986803411609,1.0,1.0
harmonix/0794_lovegamedave/track.npy,harmonix,0.9976744186046511,0.9719626168224299,0.9976744186046511,0.9719626168224299,0.9782674801680674,0.966075635026661,0.9988358556461001,0.9859154929577464
harmonix/0802_lovestoned/track.npy,harmonix,0.990234375,0.9302325581395349,0.990234375,0.9302325581395349,0.9641729320272155,0.9283803163276767,0.9950932286555446,0.9609375
harmonix/0803_lovestory/track.npy,harmonix,0.9977678571428571,1.0,0.9977678571428571,1.0,0.9812952963703008,0.9806791325301653,0.9988826815642458,1.0
harmonix/0815_mondaymondaymonday/track.npy,harmonix,1.0,0.9361702127659575,1.0,0.9361702127659575,0.8254758639751617,0.804268116940756,0.9973333333333333,0.956989247311828
harmonix/0826_myohmy/track.npy,harmonix,0.7272727272727273,0.6633663366336634,0.7272727272727273,0.6633663366336634,0.8609965625866383,0.7900007271592672,0.9086161879895561,0.8404255319148937
harmonix/0833_northshore/track.npy,harmonix,0.9927884615384616,0.5384615384615384,0.9927884615384616,0.5384615384615384,0.9336346154443554,0.6976774602770117,0.9963811821471652,0.7500000000000001
harmonix/0857_paralyzer/track.npy,harmonix,0.9971671388101983,1.0,0.9971671388101983,1.0,0.9411141616916874,0.9561374878685822,0.9985815602836879,1.0
harmonix/0861_pingmebaby/track.npy,harmonix,0.9975550122249389,1.0,0.9975550122249389,1.0,0.981113044283957,0.9837311253250066,0.9987760097919216,1.0
harmonix/0870_ratedr/track.npy,harmonix,0.9980988593155894,1.0,0.9980988593155894,1.0,0.949281315003411,0.9479435546466075,0.9961977186311787,1.0
harmonix/0876_rehab/track.npy,harmonix,0.9690721649484536,0.9895833333333334,0.9690721649484536,0.9895833333333334,0.9450918747805988,0.9541569949169605,0.9882659713168187,0.9947643979057591
harmonix/0879_ridinsoloian/track.npy,harmonix,0.9845422116527943,0.4857142857142857,0.9845422116527943,0.4857142857142857,0.9588610761884836,0.5633150634642098,0.9874925550923168,0.5472636815920398
harmonix/0883_rocksatmywindow/track.npy,harmonix,0.6212389380530974,0.6170212765957447,0.23210412147505424,0.23478260869565218,0.8063279670262807,0.813284810953904,0.760752688172043,0.7634408602150538
harmonix/0905_shocktoyoursystem/track.npy,harmonix,0.9885386819484241,0.9886363636363636,0.9885386819484241,0.9886363636363636,0.9576714184785032,0.9624255628205296,0.9942363112391931,0.9942857142857142
harmonix/0912_somenights/track.npy,harmonix,0.9854166666666667,1.0,0.9854166666666667,1.0,0.9468146343099002,0.9557796347077417,0.9937238493723849,1.0
harmonix/0915_sosletthemusicplay/track.npy,harmonix,0.9944903581267218,0.989010989010989,0.9944903581267218,0.989010989010989,0.9585330193695888,0.9465880639168182,0.9972375690607734,0.994475138121547
harmonix/0917_spacemanties/track.npy,harmonix,0.8248520710059172,0.7783018867924528,0.8248520710059172,0.7783018867924528,0.7980441277820494,0.6917083920362324,0.8740920096852299,0.7729468599033816
harmonix/0926_sweetthing/track.npy,harmonix,0.9973190348525469,0.9893617021276596,0.9973190348525469,0.9893617021276596,0.7504019263295197,0.7401703275943052,0.9986577181208054,0.9946524064171123
harmonix/0929_takeovercontrolext/track.npy,harmonix,0.9109159347553325,0.975,0.9109159347553325,0.975,0.7783419441754471,0.7733022339268157,0.9237555135475741,0.9195979899497487
harmonix/0936_tequieroacoustic/track.npy,harmonix,0.8351254480286738,0.7428571428571429,0.8351254480286738,0.7428571428571429,0.845651725292927,0.8057179639604835,0.9044117647058824,0.8382352941176471
harmonix/0940_thehousethatbuiltme/track.npy,harmonix,0.48739495798319327,0.6644295302013423,0.2836438923395445,0.19047619047619047,0.7061681829964899,0.7156960810349333,0.7605633802816902,0.736318407960199
harmonix/0949_throwitinthebag/track.npy,harmonix,0.9938271604938271,1.0,0.9938271604938271,1.0,0.9165810770369989,0.9364899831988366,0.9969040247678018,1.0
harmonix/0956_tonightimgettingoveryou/track.npy,harmonix,0.9977477477477478,1.0,0.9977477477477478,1.0,0.9672972109376713,0.9728009264994693,0.9988726042841037,1.0
harmonix/0980_whenyouleave/track.npy,harmonix,0.9946164199192463,0.989247311827957,0.9946164199192463,0.989247311827957,0.9419164715120962,0.9436315154710644,0.9973045822102427,0.9973045822102425
harmonix/0983_whyamitheone/track.npy,harmonix,0.990625,0.6962025316455697,0.990625,0.6962025316455697,0.8615067792973357,0.5976020943835626,0.989010989010989,0.6962025316455697
harmonix/0987_withyou/track.npy,harmonix,0.9971671388101983,1.0,0.9971671388101983,1.0,0.6196014795310174,0.6065638967456196,0.9985815602836879,1.0
harmonix/1000_yourloveismydrug/track.npy,harmonix,0.9585635359116023,0.7474747474747475,0.9585635359116023,0.7474747474747475,0.9215027668813428,0.8422122449627107,0.9626556016597511,0.8783068783068783
hjdb/hjdb_All_Right_(All_Night_Mix)/track.npy,hjdb,1.0,1.0,1.0,1.0,0.9776201922517924,0.9757667182641634,1.0,1.0
hjdb/hjdb_Devotion/track.npy,hjdb,1.0,1.0,1.0,1.0,0.9880778443432076,0.9903624781239468,1.0,1.0
hjdb/hjdb_Dub_War_Chapter_1_(Raw_Mix)/track.npy,hjdb,1.0,1.0,1.0,1.0,0.9709923120074258,0.9665721673915073,1.0,1.0
hjdb/hjdb_Dub_War_Chapter_1_(The_Mix_Strikes_Back)/track.npy,hjdb,1.0,1.0,1.0,1.0,0.9818080836524904,0.9752893107965174,1.0,1.0
hjdb/hjdb_Dub_War_Chapter_2/track.npy,hjdb,1.0,1.0,1.0,1.0,0.9817751821707414,0.9818943258768786,1.0,1.0
hjdb/hjdb_Fuckin_Hardcore/track.npy,hjdb,1.0,1.0,1.0,1.0,0.9678424756425074,0.9652323111160414,1.0,1.0
hjdb/hjdb_Future_Followers/track.npy,hjdb,1.0,1.0,1.0,1.0,0.9783661231208785,0.987592449521298,1.0,1.0
hjdb/hjdb_Future_Followers_(Remix)/track.npy,hjdb,0.9879518072289156,1.0,0.9879518072289156,1.0,0.9626306763948927,0.977817839503993,0.993939393939394,1.0
hjdb/hjdb_Hey_DJ/track.npy,hjdb,1.0,1.0,1.0,1.0,0.9827012127761713,0.9727110675936708,1.0,1.0
hjdb/hjdb_In_Effect/track.npy,hjdb,1.0,1.0,1.0,1.0,0.9833542413657218,0.9891948638897148,1.0,1.0
hjdb/hjdb_Livin_In_A_Dream/track.npy,hjdb,0.9922480620155039,1.0,0.9922480620155039,1.0,0.9797793968624275,0.9869051022199286,0.9961089494163424,1.0
hjdb/hjdb_Merder_Style/track.npy,hjdb,0.9803921568627451,0.9230769230769231,0.9803921568627451,0.9230769230769231,0.9730895003505322,0.9313700322421077,0.99009900990099,0.9600000000000001
hjdb/hjdb_Method_To_My_Madness/track.npy,hjdb,0.9636363636363636,0.8666666666666667,0.9636363636363636,0.8666666666666667,0.9494972717008908,0.8901241808242729,0.9814814814814815,0.9285714285714286
hjdb/hjdb_Mystic_Stepper_(Feel_Better)/track.npy,hjdb,1.0,1.0,1.0,1.0,0.9699281290523707,0.9659300018040229,1.0,1.0
hjdb/hjdb_News_At_Ten/track.npy,hjdb,1.0,1.0,1.0,1.0,0.9822091626839032,0.9873883799399443,1.0,1.0
hjdb/hjdb_Obsession_(Musics_So_Wonderful)/track.npy,hjdb,1.0,1.0,1.0,1.0,0.9758123790116786,0.9840844902656165,1.0,1.0
hjdb/hjdb_Obsession_(The_Only_Remix)/track.npy,hjdb,1.0,1.0,1.0,1.0,0.981736712682133,0.9838769468206069,1.0,1.0
hjdb/hjdb_Obsessions/track.npy,hjdb,0.738255033557047,0.6111111111111112,0.738255033557047,0.6111111111111112,0.7801158717610913,0.6422231619993595,0.7986348122866895,0.6571428571428571
hjdb/hjdb_Pennywise/track.npy,hjdb,1.0,1.0,1.0,1.0,0.9455616203975122,0.9458948478366926,1.0,1.0
hjdb/hjdb_Rockin_Down_The_House/track.npy,hjdb,0.9858490566037735,0.9814814814814815,0.9858490566037735,0.9814814814814815,0.9491821428939982,0.9599383457453455,0.9928741092636578,0.9906542056074767
hjdb/hjdb_Something_I_Feel_(2_Bad_Mice_Remix)/track.npy,hjdb,1.0,1.0,1.0,1.0,0.9782105098445742,0.9769088435662141,1.0,1.0
hjdb/hjdb_Something_New_Pt1/track.npy,hjdb,1.0,1.0,1.0,1.0,0.9739296341705429,0.9731892056962671,1.0,1.0
hjdb/hjdb_Something_New_Pt2/track.npy,hjdb,1.0,1.0,1.0,1.0,0.9736060540050011,0.985973948109944,1.0,1.0
hjdb/hjdb_String_Of_Darkness/track.npy,hjdb,1.0,1.0,1.0,1.0,0.971466558007672,0.9670884838748728,1.0,1.0
hjdb/hjdb_Superpod/track.npy,hjdb,1.0,1.0,1.0,1.0,0.977622404234072,0.9813099246079681,1.0,1.0
hjdb/hjdb_The_R/track.npy,hjdb,1.0,1.0,1.0,1.0,0.9853944270306556,0.9886698690765026,1.0,1.0
hjdb/hjdb_Tibetan_Jungle/track.npy,hjdb,1.0,1.0,1.0,1.0,0.9845326715042877,0.9829415388401358,1.0,1.0
hjdb/hjdb_Tiger_Style/track.npy,hjdb,1.0,1.0,1.0,1.0,0.9692394477560536,0.9784001860803158,1.0,1.0
hjdb/hjdb_Unity/track.npy,hjdb,1.0,1.0,1.0,1.0,0.9812380260329544,0.9787199646368311,1.0,1.0
hjdb/hjdb_We_Are_Hardcore/track.npy,hjdb,1.0,1.0,1.0,1.0,0.9778618390913315,0.9883538589043518,1.0,1.0
jaah/jaah_006-jelly_roll_mortons_red_hot_peppers-black_bottom_stomp/track.npy,jaah,0.7509529860228716,0.8223350253807107,0.7509529860228716,0.8223350253807107,0.7894555308331495,0.7712624072909602,0.9425133689839572,0.9496021220159151
jaah/jaah_016-the_benny_goodman_sextet-breakfast_feud_composite_feat_charlie_christian/track.npy,jaah,0.9915966386554622,0.9915966386554622,0.9915966386554622,0.9915966386554622,0.964143417501163,0.9607788501463084,0.9978991596638656,0.9957805907172996
jaah/jaah_018-duke_ellington_his_orchestra-cotton_tail/track.npy,jaah,0.986449864498645,0.9263157894736842,0.986449864498645,0.9263157894736842,0.948647498307329,0.9222021524343118,0.9959349593495935,0.9625668449197862
jaah/jaah_019-ella_fitzgerald_duke_ellington_orchestra-cotton_tail/track.npy,jaah,0.9028846153846154,0.81640625,0.9028846153846154,0.81640625,0.8754926387635573,0.8001117382451842,0.9830179524502669,0.888015717092338
jaah/jaah_030-count_basie_his_orchestra-doggin_around/track.npy,jaah,0.9958100558659218,0.6633165829145728,0.9958100558659218,0.6633165829145728,0.9651310328686413,0.7715290919276134,0.9972067039106145,0.7936507936507937
jaah/jaah_042-clark_terrybob_brookmeyer_quintet-haig_haig/track.npy,jaah,0.9817880794701986,0.7483443708609272,0.9817880794701986,0.7483443708609272,0.9654986602201322,0.8221000142626462,0.9916805324459235,0.8442211055276382
jaah/jaah_050-dizzy_gillespie_sextet-i_cant_get_started/track.npy,jaah,0.9655172413793104,0.6046511627906976,0.9655172413793104,0.6046511627906976,0.8434381495397654,0.6269012402504409,0.9510086455331412,0.7380952380952381
jaah/jaah_056-bud_powell-indiana/track.npy,jaah,0.6549210206561361,0.587378640776699,0.6549210206561361,0.587378640776699,0.8458178488655902,0.7752766122188975,0.9190938511326862,0.8138297872340425
jaah/jaah_061-count_basie_and_the_kansas_city_7-lester_leaps_in/track.npy,jaah,0.988296488946684,0.9538461538461539,0.988296488946684,0.9538461538461539,0.9546877942725269,0.9471740306885614,0.9973924380704041,0.9844559585492229
jaah/jaah_072-bennie_moten_and_his_kansas_city_orchestra-moten_swing/track.npy,jaah,0.9139280125195618,0.7724550898203593,0.9139280125195618,0.7724550898203593,0.7859753926229328,0.7044267805602709,0.9882537196554424,0.8588957055214723
jaah/jaah_081-sonny_rollins-pentup_house/track.npy,jaah,0.8831011508176863,0.7869249394673123,0.8831011508176863,0.7869249394673123,0.8945625330574576,0.8158293065787945,0.9414649095923997,0.8585732165206509
jaah/jaah_094-louis_armstrong_his_orchestra-sweethearts_on_parade/track.npy,jaah,0.9926108374384236,1.0,0.9926108374384236,1.0,0.9414732957041608,0.9457341775234328,0.9876847290640394,1.0
jaah/jaah_100-fletcher_henderson_and_his_orchestra-the_stampede/track.npy,jaah,0.45557122708039494,0.8531073446327684,0.45557122708039494,0.8531073446327684,0.4933814706164884,0.47008812070987926,0.8101623147494706,0.7836257309941521
jaah/jaah_108-lionel_hampton_and_his_orchestra-when_lights_are_low/track.npy,jaah,0.9976019184652278,0.9134615384615384,0.9976019184652278,0.9134615384615384,0.871361524698259,0.8116910325338355,0.9987995198079231,0.9230769230769231
rwc/rwc_classical_CD1_04/track.npy,rwc_classical,0.4196078431372549,0.15294117647058825,0.4196078431372549,0.15294117647058825,0.27167129315200844,0.14700411521158696,0.37727272727272726,0.22145328719723184
rwc/rwc_classical_CD4_07/track.npy,rwc_classical,0.4776902887139108,0.4105263157894737,0.4776902887139108,0.005263157894736842,0.7283594432672776,0.5168484948846785,0.8389057750759878,0.5639097744360902
rwc/rwc_classical_CD4_11/track.npy,rwc_classical,0.9347826086956522,0.9836065573770492,0.9347826086956522,0.9836065573770492,0.771941595996842,0.7445895033093461,0.9615384615384616,0.9752066115702478
rwc/rwc_classical_CD4_13/track.npy,rwc_classical,0.6602564102564102,0.8208955223880597,0.6602564102564102,0.09836065573770492,0.6844486730828315,0.6395056775221126,0.896551724137931,0.7157894736842105
rwc/rwc_classical_CD4_15/track.npy,rwc_classical,0.7535211267605634,0.8571428571428571,0.7535211267605634,0.8571428571428571,0.6802834987662814,0.6648528105051777,0.8268551236749117,0.8000000000000002
rwc/rwc_classical_CD4_16/track.npy,rwc_classical,0.9083333333333333,0.8813559322033898,0.9083333333333333,0.0,0.7449495671760015,0.6026706249048812,0.9495798319327732,0.6067415730337079
rwc/rwc_classical_CD5_07/track.npy,rwc_classical,0.09090909090909091,0.4573643410852713,0.09090909090909091,0.28,0.5038116064813086,0.7210435449749304,0.5419664268585133,0.7393939393939394
rwc/rwc_classical_CD6_13/track.npy,rwc_classical,0.23799582463465555,0.2625,0.21551724137931033,0.2625,0.4655605014528066,0.42113092219910836,0.5782312925170068,0.5350318471337581
rwc/rwc_jazz_CD1_09/track.npy,rwc_jazz,0.4214876033057851,0.7798165137614679,0.4214876033057851,0.7798165137614679,0.5110284341796634,0.5459371452262571,0.6434782608695652,0.6985645933014354
rwc/rwc_jazz_CD1_14/track.npy,rwc_jazz,0.8827930174563591,0.9411764705882353,0.8827930174563591,0.9411764705882353,0.769923829159818,0.758572793508646,0.88,0.8564356435643564
rwc/rwc_jazz_CD1_15/track.npy,rwc_jazz,0.6341911764705882,0.7569060773480663,0.6341911764705882,0.7569060773480663,0.6134023539826923,0.6499439217824232,0.7547892720306513,0.7536231884057972
rwc/rwc_jazz_CD2_01/track.npy,rwc_jazz,0.9505376344086022,0.9125,0.9505376344086022,0.9125,0.8600676674630077,0.8420192920518285,0.9686486486486487,0.9531914893617022
rwc/rwc_jazz_CD2_08/track.npy,rwc_jazz,0.43434343434343436,0.9690721649484536,0.43434343434343436,0.9690721649484536,0.639196759790789,0.7734247569142843,0.7841634738186462,0.9558441558441559
rwc/rwc_jazz_CD2_10/track.npy,rwc_jazz,0.9358974358974359,0.8736263736263736,0.9358974358974359,0.8736263736263736,0.7324902071543937,0.7126516209194022,0.8981481481481481,0.8700564971751413
rwc/rwc_popular_CD1_08/track.npy,rwc_popular,0.974025974025974,0.9791666666666666,0.974025974025974,0.9791666666666666,0.8953559008455071,0.892046328722799,0.9868421052631579,0.9894736842105264
rwc/rwc_popular_CD1_10/track.npy,rwc_popular,0.9976076555023924,0.9904761904761905,0.9976076555023924,0.9904761904761905,0.9712273945663785,0.9657191772071178,0.9988023952095809,0.9952153110047847
rwc/rwc_popular_CD3_03/track.npy,rwc_popular,0.9922330097087378,0.9921875,0.9922330097087378,0.9921875,0.9505267036540312,0.9495365808207739,0.9951409135082604,0.996078431372549
rwc/rwc_popular_CD4_01/track.npy,rwc_popular,0.997737556561086,0.990990990990991,0.997737556561086,0.990990990990991,0.9689794660852313,0.9762182452221941,0.9988674971687429,0.9954751131221719
rwc/rwc_popular_CD4_07/track.npy,rwc_popular,0.986159169550173,0.9861111111111112,0.986159169550173,0.9861111111111112,0.9519135584826027,0.9562755775294387,0.9930555555555556,0.993006993006993
rwc/rwc_popular_CD5_03/track.npy,rwc_popular,0.9256198347107438,0.7142857142857143,0.9256198347107438,0.7142857142857143,0.9212396064603785,0.8867405354857576,0.9706293706293707,0.9119170984455958
rwc/rwc_popular_CD5_09/track.npy,rwc_popular,0.8466453674121406,0.9240506329113924,0.8466453674121406,0.9240506329113924,0.7385875794097122,0.7420572947215884,0.9078947368421052,0.923076923076923
rwc/rwc_popular_CD5_10/track.npy,rwc_popular,1.0,0.9722222222222222,1.0,0.9722222222222222,0.8885881591641365,0.8437583590923793,1.0,0.993006993006993
rwc/rwc_popular_CD6_03/track.npy,rwc_popular,0.5157232704402516,0.48360655737704916,0.311340206185567,0.48360655737704916,0.7912526258573194,0.8071234649953043,0.7895392278953923,0.8387096774193549
rwc/rwc_popular_CD6_06/track.npy,rwc_popular,1.0,1.0,1.0,1.0,0.9483316619369209,0.9389119589449768,1.0,1.0
rwc/rwc_popular_CD6_10/track.npy,rwc_popular,0.9928825622775801,1.0,0.9928825622775801,1.0,0.9523959596022369,0.9497046991703995,0.9955396966993756,1.0
rwc/rwc_popular_CD7_08/track.npy,rwc_popular,0.9944444444444445,1.0,0.9944444444444445,1.0,0.9735584962874033,0.9737172894519392,0.9958275382475661,1.0
rwc/rwc_royalty-free_CD1_09/track.npy,rwc_royalty-free,0.9917695473251029,0.9876543209876543,0.9917695473251029,0.9876543209876543,0.7365606992699237,0.7541863200358925,0.9958677685950413,0.9937888198757764
rwc/rwc_royalty-free_CD1_10/track.npy,rwc_royalty-free,0.6052631578947368,0.7575757575757576,0.6052631578947368,0.7575757575757576,0.6662262098619977,0.7071662268848568,0.8875,0.9354838709677419
simac/simac_A_vida_me_fez_assim_06-Peito_sangrando/track.npy,simac,0.9130434782608695,0.0,0.9130434782608695,0.0,0.9114460592651813,0.0,0.9545454545454545,0.0
simac/simac_A_vida_me_fez_assim_07-A_borboleta_e_o_passarinho/track.npy,simac,0.9,0.0,0.9,0.0,0.7688926221928342,0.0,0.8771929824561403,0.0
simac/simac_A_vida_me_fez_assim_09-Um_calo_de_estimacao/track.npy,simac,1.0,0.0,1.0,0.0,0.9359915894179176,0.0,1.0,0.0
simac/simac_Alfagamabetizado_02-Pandeiro-Deiro/track.npy,simac,0.7575757575757576,0.0,0.7575757575757576,0.0,0.8962869289377324,0.0,0.9206349206349207,0.0
simac/simac_Alfagamabetizado_16-Vanju_Concessa/track.npy,simac,0.9642857142857143,0.0,0.9642857142857143,0.0,0.9252718696441198,0.0,0.9818181818181818,0.0
simac/simac_Amber_08-Further/track.npy,simac,0.7586206896551724,0.0,0.0,0.0,0.4679459467271595,0.0,0.07017543859649124,0.0
simac/simac_As_time_goes_by_disk_3_06-Mr._Magic/track.npy,simac,0.8333333333333334,0.0,0.8333333333333334,0.0,0.7461033958115305,0.0,0.8636363636363635,0.0
simac/simac_As_time_goes_by_disk_3_10-Bridges/track.npy,simac,0.4375,0.0,0.38095238095238093,0.0,0.6350419080407044,0.0,0.8108108108108109,0.0
simac/simac_As_time_goes_by_disk_3_11-You_swell/track.npy,simac,0.9142857142857143,0.0,0.9142857142857143,0.0,0.8796427227333758,0.0,0.955223880597015,0.0
simac/simac_As_time_goes_by_disk_3_13-The_most_beautiful_girl_in_the_world/track.npy,simac,0.6857142857142857,0.0,0.6857142857142857,0.0,0.74650805179598,0.0,0.8955223880597014,0.0
simac/simac_BACH_WTC_01-Prelude_and_Fugue_No._1_in_C_major_BWV_870_-_1._Praeludium/track.npy,simac,0.9166666666666666,0.0,0.9166666666666666,0.0,0.9569665968532025,0.0,0.9787234042553191,0.0
simac/simac_Bach_The_Well-Tempered_Clavier_II_(Disc_1)_10-Prelude_and_Fugue_No._5_in_D_major_BWV_874_-_2._Fuga/track.npy,simac,0.95,0.0,0.95,0.0,0.950246840776472,0.0,0.9743589743589743,0.0
simac/simac_Bach_The_Well-Tempered_Clavier_II_(Disc_1)_22-Prelude_and_Fugue_No._11_in_F_major_BWV_880_-_2._Fuga/track.npy,simac,0.9393939393939394,0.0,0.03125,0.0,0.7996610523666815,0.0,0.6938775510204082,0.0
simac/simac_Bach_The_Well-Tempered_Clavier_II_(Disc_2)_09-Prelude_and_Fugue_No._17_A-flat_major_BWV_886_-_1._Praeludium/track.npy,simac,0.9130434782608695,0.0,0.9130434782608695,0.0,0.8721820171055693,0.0,0.9545454545454545,0.0
simac/simac_Beethoven_-_The_String_Quartets_#1_01-F_major_op._18_no._1_-_Allegro_con_brio/track.npy,simac,0.725,0.0,0.725,0.0,0.7692489670401064,0.0,0.8648648648648648,0.0
simac/simac_Beethoven_-_The_String_Quartets_#1_08-G_major_op._18_no._2_-_Allegro_molto_quasi_Presto/track.npy,simac,0.7777777777777778,0.0,0.0,0.0,0.6902420948977568,0.0,0.5625,0.0
simac/simac_Beethoven_-_The_String_Quartets_#1_09-D_major_op._18_no._3_-_Allegro/track.npy,simac,0.9230769230769231,0.0,0.9230769230769231,0.0,0.8135356604899505,0.0,0.9600000000000001,0.0
simac/simac_Bela_Bartok_07-The_Miraculous_Mandarin_7.1_Agitato_7.2_Molto_moderato/track.npy,simac,1.0,0.0,0.0,0.0,0.1456474371553228,0.0,0.0,0.0
simac/simac_Bernstein_conducts_Stravinsky_15-Petrouchka_scene_1_-_The_shrovetide_fair/track.npy,simac,0.5454545454545454,0.0,0.0,0.0,0.3753481679113933,0.0,0.10526315789473685,0.0
simac/simac_Cafe_Zimmermann_01-3e_Concert_Brandebourgeois_en_sol_majeur_BWV_1048_-_Allegro_-_Adagio/track.npy,simac,0.9,0.0,0.9,0.0,0.9124320339202899,0.0,0.9473684210526316,0.0
simac/simac_Cafe_Zimmermann_05-Concerto_pour_deux_violons_&_cordes_en_r_mineur_BWV_1043_-_Allegro/track.npy,simac,0.8709677419354839,0.0,0.8709677419354839,0.0,0.8879607255352536,0.0,0.9333333333333333,0.0
simac/simac_Concert_08-4._Allegro/track.npy,simac,0.8333333333333334,0.0,0.8333333333333334,0.0,0.8071231983300822,0.0,0.9090909090909091,0.0
simac/simac_Concert_15-3._Bourre/track.npy,simac,0.875,0.0,0.875,0.0,0.8007909150243003,0.0,0.9333333333333333,0.0
simac/simac_Concert_19-3._Largo_e_staccato/track.npy,simac,1.0,0.0,0.0,0.0,0.7694439911103779,0.0,0.6842105263157895,0.0
simac/simac_DGG_419_047-2_04-Praludium_u._Fuge_f-moll_BWV_534_-_II_Fuge/track.npy,simac,0.5,0.0,0.5,0.0,0.5209096162259014,0.0,0.7096774193548387,0.0
simac/simac_DGG_419_047-2_11-Triosonate_Nr._1_Es-Dur_BWV_525_-_II_Adagio/track.npy,simac,0.9047619047619048,0.0,0.9047619047619048,0.0,0.7718482038339946,0.0,0.8571428571428571,0.0
simac/simac_Ella_&_Louis_05-Youll_Have_To_Swing_It/track.npy,simac,0.9444444444444444,0.0,0.9444444444444444,0.0,0.536858710726538,0.0,0.7999999999999999,0.0
simac/simac_Ella_&_Louis_09-Oh_Lady_Be_Good/track.npy,simac,0.5294117647058824,0.0,0.20588235294117646,0.0,0.4212674218650001,0.0,0.30303030303030304,0.0
simac/simac_Eres_luz_12-Genios_(Rumba-Cancion)/track.npy,simac,0.8387096774193549,0.0,0.8387096774193549,0.0,0.811599015339295,0.0,0.9122807017543859,0.0
simac/simac_Eventail_10-Prld1/track.npy,simac,0.2222222222222222,0.0,0.2222222222222222,0.0,0.49069684984085155,0.0,0.5161290322580646,0.0
simac/simac_Fado_01-AudioTrack_01/track.npy,simac,0.5897435897435898,0.0,0.5897435897435898,0.0,0.6864435622045143,0.0,0.7812500000000001,0.0
simac/simac_Fado_04-AudioTrack_04/track.npy,simac,0.9333333333333333,0.0,0.9333333333333333,0.0,0.5098047543184286,0.0,0.7586206896551724,0.0
simac/simac_Family_Tree_-_Greatest_Hits_As_Chosen_By_Bjork_11-Pagan_Poetry/track.npy,simac,0.8095238095238095,0.0,0.8095238095238095,0.0,0.7140562658782695,0.0,0.8421052631578947,0.0
simac/simac_Gold_-_Greatest_Hits_03-Take_A_Chance_On_Me/track.npy,simac,1.0,0.0,1.0,0.0,0.9537805086345656,0.0,1.0,0.0
simac/simac_Ludwid_van_Beethoven_04-IV._Finale/track.npy,simac,0.75,0.0,0.75,0.0,0.8164188880360278,0.0,0.8421052631578947,0.0
simac/simac_Niandra_LaDes_and_Usually_Just_a_T-Shirt_05-Curtains/track.npy,simac,0.08333333333333333,0.0,0.0,0.0,0.2316404644342274,0.0,0.1935483870967742,0.0
simac/simac_Niandra_LaDes_and_Usually_Just_a_T-Shirt_15-Usually_Just_a_T-Shirt_Untitled_3/track.npy,simac,0.9117647058823529,0.0,0.9117647058823529,0.0,0.8277658839691857,0.0,0.955223880597015,0.0
simac/simac_Niandra_LaDes_and_Usually_Just_a_T-Shirt_21-Usually_Just_a_T-Shirt_Untitled_9/track.npy,simac,0.8695652173913043,0.0,0.8695652173913043,0.0,0.8470082230738326,0.0,0.9302325581395349,0.0
simac/simac_Papakonstantinou_03-AudioTrack_03/track.npy,simac,0.875,0.0,0.875,0.0,0.6744014730509236,0.0,0.7741935483870969,0.0
simac/simac_Papakonstantinou_09-AudioTrack_09/track.npy,simac,0.72,0.0,0.17391304347826086,0.0,0.7699399741065573,0.0,0.7222222222222222,0.0
simac/simac_Papakonstantinou_19-AudioTrack_19/track.npy,simac,0.3076923076923077,0.0,0.04,0.0,0.38433173658111386,0.0,0.3684210526315789,0.0
simac/simac_Primer_Aliento_14-Sintonia_de_la_moda_estandarizada/track.npy,simac,0.9666666666666667,0.0,0.9666666666666667,0.0,0.9290675920909456,0.0,0.983050847457627,0.0
simac/simac_Primer_Aliento_18-La_cicatriz_en_la_fabrica_roja/track.npy,simac,1.0,0.0,1.0,0.0,0.9022422725115279,0.0,1.0,0.0
simac/simac_R.A.F.I_10-Loot/track.npy,simac,1.0,0.0,1.0,0.0,0.9699443885194968,0.0,1.0,0.0
simac/simac_R.A.F.I_11-Dub_Mentality/track.npy,simac,0.9565217391304348,0.0,0.9565217391304348,0.0,0.9638301802364193,0.0,0.9777777777777777,0.0
simac/simac_Samba_na_Madrugada_01-Arvoredo/track.npy,simac,0.7241379310344828,0.0,0.7241379310344828,0.0,0.7507144446756827,0.0,0.8400000000000001,0.0
simac/simac_Samba_na_Madrugada_02-Maioria_sem_Nenhum/track.npy,simac,0.6363636363636364,0.0,0.6363636363636364,0.0,0.8151989687550553,0.0,0.8837209302325582,0.0
simac/simac_Selling_England_By_The_Pound_02-I_Know_What_I_Like_In_Your_Wardrobe_/track.npy,simac,0.875,0.0,0.875,0.0,0.7895220566064407,0.0,0.888888888888889,0.0
simac/simac_Songs_Alfredo_-_Ahora_somos_felices/track.npy,simac,0.9523809523809523,0.0,0.9523809523809523,0.0,0.9199363901407941,0.0,0.975609756097561,0.0
simac/simac_Tales_Of_Mystery_And_Imagination_04-The_Cask_Of_Amontillado/track.npy,simac,0.0,0.0,0.0,0.0,0.3549325388748089,0.0,0.41025641025641024,0.0
simac/simac_Tanto_Tempo_04-Sem_Contencao/track.npy,simac,0.9032258064516129,0.0,0.0,0.0,0.7743719843924853,0.0,0.6363636363636364,0.0
simac/simac_Tanto_Tempo_10-Samba_e_Amor/track.npy,simac,0.5925925925925926,0.0,0.0,0.0,0.43757543715829317,0.0,0.43902439024390244,0.0
simac/simac_The_Crackdown_01-24-24/track.npy,simac,0.9285714285714286,0.0,0.9285714285714286,0.0,0.9172519196545008,0.0,0.962962962962963,0.0
simac/simac_The_Crackdown_06-Just_Fascination/track.npy,simac,0.896551724137931,0.0,0.896551724137931,0.0,0.9042318526399133,0.0,0.9454545454545454,0.0
simac/simac_The_Crackdown_13-Moscow/track.npy,simac,0.8181818181818182,0.0,0.0,0.0,0.6368244412333597,0.0,0.5957446808510638,0.0
simac/simac_VOL.3_Musiques_pour_guitare_et_violoncelle_03-3._Berceuse_(Lento_molto)/track.npy,simac,0.7894736842105263,0.0,0.7894736842105263,0.0,0.8634910182463802,0.0,0.918918918918919,0.0
simac/simac_VOL.3_Musiques_pour_guitare_et_violoncelle_07-H._Villa-lobos_Bachianas_Brasileiras_No.5_(Aria)/track.npy,simac,0.8571428571428571,0.0,0.8571428571428571,0.0,0.8284198490152572,0.0,0.923076923076923,0.0
simac/simac_Xatzidakis_06-AudioTrack_06/track.npy,simac,0.0,0.0,0.0,0.0,0.33406489118781624,0.0,0.3673469387755102,0.0
simac/simac_Xatzidakis_09-AudioTrack_09/track.npy,simac,0.8888888888888888,0.0,0.8888888888888888,0.0,0.7758215255584137,0.0,0.8888888888888888,0.0
simac/simac_blues_roots_tensions/track.npy,simac,0.9032258064516129,0.0,0.9032258064516129,0.0,0.7262333704363341,0.0,0.8813559322033899,0.0
simac/simac_greek_07_Pikrodafni/track.npy,simac,0.8709677419354839,0.0,0.8709677419354839,0.0,0.866552757784249,0.0,0.9310344827586207,0.0
simac/simac_more_greek_05_Odysseas/track.npy,simac,0.8076923076923077,0.0,0.8076923076923077,0.0,0.7466739800886828,0.0,0.8400000000000001,0.0
simac/simac_more_greek_Anagnwstopoulos_-_Hr8a_ki_apopse_sta_skalopatia_sou/track.npy,simac,0.9473684210526315,0.0,0.9473684210526315,0.0,0.7770495920437223,0.0,0.8648648648648649,0.0
simac/simac_more_greek_Gkoles_-_O_pasatempos/track.npy,simac,0.84,0.0,0.84,0.0,0.8201518774637304,0.0,0.9130434782608696,0.0
simac/simac_more_greek_Glykeria_-_Den_les_kouventa/track.npy,simac,0.9375,0.0,0.9375,0.0,0.8682109985480148,0.0,0.967741935483871,0.0
simac/simac_more_greek_Kazantzidis_-_Oti_agapaw_egw_pe8ainei/track.npy,simac,0.9375,0.0,0.9375,0.0,0.7374857708461378,0.0,0.9375,0.0
simac/simac_more_greek_Mosxoliou_Gkika_-_Den_klaiw_gia_twra/track.npy,simac,0.03225806451612903,0.0,0.03225806451612903,0.0,0.4460503027502704,0.0,0.5777777777777778,0.0
simac/simac_more_greek_Mpellou_-_Antilaloune_ta_vouna/track.npy,simac,0.9375,0.0,0.9375,0.0,0.8195894754719405,0.0,0.967741935483871,0.0
simac/simac_more_greek_Mpellou_-_Min_klais/track.npy,simac,0.75,0.0,0.0,0.0,0.5084033114375666,0.0,0.48275862068965514,0.0
simac/simac_more_greek_Mpi8ikwtsis_-_Aspri_mera/track.npy,simac,0.8695652173913043,0.0,0.8695652173913043,0.0,0.8248332204320188,0.0,0.9302325581395349,0.0
simac/simac_more_greek_Mpi8ikwtsis_-_Mana_mou_kai_Panagia/track.npy,simac,0.9375,0.0,0.9375,0.0,0.7494678368502704,0.0,0.9032258064516129,0.0
simac/simac_more_greek_Poulopoulos_-_Kamaroula_mia_stalia/track.npy,simac,0.9375,0.0,0.9375,0.0,0.7670860436054342,0.0,0.967741935483871,0.0
simac/simac_more_greek_Smokovitis_-_Mi_mou_8ymwneis_matia_mou/track.npy,simac,0.9285714285714286,0.0,0.9285714285714286,0.0,0.7466308270430192,0.0,0.888888888888889,0.0
simac/simac_selected_ambient_works_8592_pulsewidth/track.npy,simac,0.9666666666666667,0.0,0.0,0.0,0.7308843701202554,0.0,0.6666666666666666,0.0
smc/smc_017/track.npy,smc,0.8181818181818182,0.0,0.8181818181818182,0.0,0.6381648046281388,0.0,0.8604651162790699,0.0
smc/smc_033/track.npy,smc,0.6226415094339622,0.0,0.6226415094339622,0.0,0.4211408770647698,0.0,0.588235294117647,0.0
smc/smc_038/track.npy,smc,0.7837837837837838,0.0,0.7837837837837838,0.0,0.6611342813254741,0.0,0.7671232876712328,0.0
smc/smc_056/track.npy,smc,0.1794871794871795,0.0,0.1411764705882353,0.0,0.29640683843851134,0.0,0.3472222222222222,0.0
smc/smc_059/track.npy,smc,0.006097560975609756,0.0,0.0,0.0,0.4322212824071758,0.0,0.3980582524271844,0.0
smc/smc_060/track.npy,smc,0.5853658536585366,0.0,0.5853658536585366,0.0,0.39897630194477285,0.0,0.5569620253164557,0.0
smc/smc_073/track.npy,smc,0.8444444444444444,0.0,0.8444444444444444,0.0,0.715180385049437,0.0,0.8604651162790697,0.0
smc/smc_075/track.npy,smc,0.5106382978723404,0.0,0.5106382978723404,0.0,0.40367412796300645,0.0,0.5679012345679013,0.0
smc/smc_095/track.npy,smc,0.6382978723404256,0.0,0.6382978723404256,0.0,0.5485329206370266,0.0,0.7272727272727273,0.0
smc/smc_098/track.npy,smc,0.6494845360824743,0.0,0.11627906976744186,0.0,0.5892522079674865,0.0,0.6814814814814815,0.0
smc/smc_114/track.npy,smc,0.5526315789473685,0.0,0.5526315789473685,0.0,0.5718921336321103,0.0,0.6451612903225806,0.0
smc/smc_121/track.npy,smc,0.4,0.0,0.4,0.0,0.24550527882001974,0.0,0.48648648648648646,0.0
smc/smc_124/track.npy,smc,0.7674418604651163,0.0,0.7674418604651163,0.0,0.30607550542776746,0.0,0.41975308641975306,0.0
smc/smc_137/track.npy,smc,0.47474747474747475,0.0,0.47474747474747475,0.0,0.5965296683494677,0.0,0.7816091954022988,0.0
smc/smc_139/track.npy,smc,0.9361702127659575,0.0,0.0,0.0,0.4434874414225767,0.0,0.4857142857142858,0.0
smc/smc_140/track.npy,smc,0.6333333333333333,0.0,0.6333333333333333,0.0,0.5132486569700853,0.0,0.689655172413793,0.0
smc/smc_147/track.npy,smc,0.08620689655172414,0.0,0.08620689655172414,0.0,0.34894789351681976,0.0,0.4536082474226804,0.0
smc/smc_166/track.npy,smc,0.9787234042553191,0.0,0.9787234042553191,0.0,0.7235808167728809,0.0,0.9032258064516129,0.0
smc/smc_172/track.npy,smc,0.25,0.0,0.25,0.0,0.24996704006484347,0.0,0.37037037037037035,0.0
smc/smc_206/track.npy,smc,0.5294117647058824,0.0,0.5294117647058824,0.0,0.6054117158553193,0.0,0.6666666666666667,0.0
smc/smc_207/track.npy,smc,0.9850746268656716,0.0,0.9850746268656716,0.0,0.7373186052431989,0.0,0.8955223880597015,0.0
smc/smc_214/track.npy,smc,0.3333333333333333,0.0,0.3333333333333333,0.0,0.2438031636421302,0.0,0.34146341463414637,0.0
smc/smc_225/track.npy,smc,0.012658227848101266,0.0,0.0,0.0,0.284996430240323,0.0,0.34615384615384615,0.0
smc/smc_254/track.npy,smc,0.21428571428571427,0.0,0.017543859649122806,0.0,0.18722822788331775,0.0,0.14814814814814814,0.0
smc/smc_258/track.npy,smc,0.15384615384615385,0.0,0.15384615384615385,0.0,0.1951744852272681,0.0,0.2631578947368421,0.0
smc/smc_263/track.npy,smc,0.5666666666666667,0.0,0.5666666666666667,0.0,0.5682773054007636,0.0,0.711864406779661,0.0
smc/smc_273/track.npy,smc,1.0,0.0,1.0,0.0,0.8303521488981226,0.0,1.0,0.0
tapcorrect/008_youtube_bg7RjxsghNY/track.npy,tapcorrect,0.9967948717948718,0.8625,0.9967948717948718,0.8625,0.9298278914562976,0.8669029957658279,0.9983948635634029,0.9240506329113924
tapcorrect/014_youtube_53FGAgfYVsw/track.npy,tapcorrect,0.44412607449856734,0.8192771084337349,0.44412607449856734,0.8192771084337349,0.7351559388616378,0.7206741232395439,0.7479935794542536,0.7417218543046358
tapcorrect/017_youtube_S6Nt1ssPLBA/track.npy,tapcorrect,0.9970414201183432,0.7411764705882353,0.9970414201183432,0.7411764705882353,0.978282726900599,0.8112606775559972,0.9985185185185186,0.8284023668639053
tapcorrect/020_youtube_0WrjMeHsfgM/track.npy,tapcorrect,0.9488636363636364,0.9629629629629629,0.9488636363636364,0.9629629629629629,0.94080567717168,0.9388111449338616,0.9761677788369876,0.9774436090225563
tapcorrect/027_youtube_iYYRH4apXDo/track.npy,tapcorrect,0.5503649635036496,0.5321637426900585,0.1809672386895476,0.23076923076923078,0.72568866644231,0.6944557404351573,0.6930894308943089,0.6899563318777292
tapcorrect/029_youtube_41TNDPn9x2Y/track.npy,tapcorrect,0.8612903225806452,0.8961038961038961,0.8612903225806452,0.8961038961038961,0.872276869263921,0.879501059785422,0.900163666121113,0.9019607843137255
tapcorrect/036_youtube__-xZYhm6QgQ/track.npy,tapcorrect,0.9972826086956522,0.978494623655914,0.0,0.010869565217391304,0.8018933599481308,0.8066181675058308,0.6666666666666666,0.6762589928057554
tapcorrect/045_youtube_SYUgGs9IStY/track.npy,tapcorrect,0.649890590809628,0.5794392523364486,0.20954907161803712,0.16,0.7948828624464221,0.6951810765858848,0.7524752475247525,0.6623376623376623
tapcorrect/051_youtube_InYVlCCEqFc/track.npy,tapcorrect,1.0,0.9824561403508771,1.0,0.9824561403508771,0.9613775027782385,0.9569300813582985,0.9978070175438597,0.9912280701754386
tapcorrect/064_youtube_Xlv1tm2h7pY/track.npy,tapcorrect,0.9692307692307692,0.8658536585365854,0.9692307692307692,0.8658536585365854,0.9350970859454161,0.8906582733068877,0.9891808346213292,0.9620253164556963
tapcorrect/075_youtube_p_6F5K_xP6Q/track.npy,tapcorrect,0.9473684210526315,0.9821428571428571,0.9473684210526315,0.9821428571428571,0.8943288045274899,0.9186740779958686,0.9611542730299667,0.9821428571428571
tapcorrect/083_youtube_HfUoCF3dmbU/track.npy,tapcorrect,0.9903846153846154,0.7272727272727273,0.9903846153846154,0.7272727272727273,0.9344549797087758,0.7760403123369937,0.9951690821256038,0.8411214953271028
tapcorrect/096_youtube_XAYhNHhxN0A/track.npy,tapcorrect,0.8318042813455657,0.8860759493670886,0.8318042813455657,0.8860759493670886,0.9043510340456238,0.8832670675140035,0.9337442218798152,0.9113924050632911
asap/Bach_Fugue_bwv_846_Shi05M/track.npy,asap,0.7410714285714286,0.3469387755102041,0.7410714285714286,0.03125,0.8769162739659645,0.3476464940060479,0.9065420560747663,0.3508771929824561
asap/Bach_Fugue_bwv_848_Denisova06M/track.npy,asap,0.9234449760765551,0.2912621359223301,0.9234449760765551,0.2463768115942029,0.9371650703074194,0.6101172766310365,0.9615384615384616,0.5454545454545455
asap/Bach_Fugue_bwv_848_Lee01M/track.npy,asap,0.9714285714285714,0.4444444444444444,0.9714285714285714,0.4444444444444444,0.9521109770341566,0.5837842672962155,0.985645933014354,0.5283018867924528
asap/Bach_Fugue_bwv_848_LeeSH01M/track.npy,asap,0.8199052132701422,0.19230769230769232,0.8199052132701422,0.07547169811320754,0.902462163689632,0.3424995882573347,0.9242053789731053,0.27586206896551724
asap/Bach_Fugue_bwv_848_Lin04M/track.npy,asap,0.9808612440191388,0.3620689655172414,0.9808612440191388,0.3448275862068966,0.9589781783233025,0.5435033989076082,0.9904306220095693,0.4727272727272727
asap/Bach_Fugue_bwv_848_Lou01M/track.npy,asap,0.9186602870813397,0.5384615384615384,0.9186602870813397,0.5384615384615384,0.9320924087475997,0.5871940361541649,0.953995157384988,0.6019417475728156
asap/Bach_Fugue_bwv_848_MiyashitaM01M/track.npy,asap,0.9285714285714286,0.3,0.9285714285714286,0.3,0.9391304552881885,0.6157998824352934,0.9617224880382775,0.5714285714285715
asap/Bach_Fugue_bwv_848_Mizumoto03M/track.npy,asap,0.919047619047619,0.36666666666666664,0.919047619047619,0.36666666666666664,0.929457535362379,0.5932268845684001,0.9609756097560974,0.5714285714285715
asap/Bach_Fugue_bwv_848_SunY01M/track.npy,asap,0.9090909090909091,0.375,0.9090909090909091,0.375,0.9038974386877038,0.639508923573034,0.9208633093525179,0.6206896551724138
asap/Bach_Fugue_bwv_848_Zhou01M/track.npy,asap,0.9095238095238095,0.5384615384615384,0.9095238095238095,0.5384615384615384,0.9439311097597318,0.578103306915218,0.961352657004831,0.5686274509803922
asap/Bach_Fugue_bwv_858_VuV01M/track.npy,asap,0.9318181818181818,0.4,0.9318181818181818,0.09090909090909091,0.9396836860672535,0.5865528791778074,0.9621212121212122,0.5194805194805195
asap/Bach_Fugue_bwv_858_Zhang01M/track.npy,asap,0.9541984732824428,0.7230769230769231,0.9541984732824428,0.0,0.9490877106117604,0.6724982591723432,0.9770992366412213,0.5977011494252873
asap/Bach_Fugue_bwv_887_LiYZ01M/track.npy,asap,0.11330935251798561,0.4555160142348754,0.11330935251798561,0.09950248756218906,0.5822033670106728,0.6033646596350233,0.5925925925925926,0.5263157894736842
asap/Bach_Prelude_bwv_858_VuV01M/track.npy,asap,0.48,0.25,0.3008849557522124,0.25,0.7725423433586629,0.42440305965455016,0.7553191489361702,0.39215686274509803
asap/Bach_Prelude_bwv_858_Zhang01M/track.npy,asap,0.9391304347826087,0.37142857142857144,0.9391304347826087,0.2571428571428571,0.9427040670910987,0.5257785490835709,0.9649122807017544,0.41269841269841273
asap/Bach_Prelude_bwv_870_ChenW01M/track.npy,asap,0.9398496240601504,0.5692307692307692,0.9398496240601504,0.08163265306122448,0.9634625423602071,0.6865177579725394,0.9847328244274809,0.6341463414634148
asap/Bach_Prelude_bwv_870_LeeE01M/track.npy,asap,0.9844961240310077,0.47692307692307695,0.9844961240310077,0.17307692307692307,0.9801153086753457,0.6241995335735772,0.9961089494163424,0.5882352941176471
asap/Bach_Prelude_bwv_870_MaximovI01M/track.npy,asap,0.8297872340425532,0.7846153846153846,0.8297872340425532,0.017543859649122806,0.9200204183887516,0.6936592935386415,0.9555555555555556,0.6444444444444445
asap/Bach_Prelude_bwv_876_SirajA01M/track.npy,asap,0.8925233644859814,0.1282051282051282,0.8925233644859814,0.1282051282051282,0.9254576363367407,0.4885037358962473,0.9403341288782816,0.4931506849315069
asap/Bach_Prelude_bwv_876_Song01M/track.npy,asap,0.9234449760765551,0.14705882352941177,0.9234449760765551,0.14705882352941177,0.9430487007641687,0.5522785956522427,0.961352657004831,0.5599999999999999
asap/Bach_Prelude_bwv_888_ZhaoK01M/track.npy,asap,0.9523809523809523,0.34210526315789475,0.9523809523809523,0.34210526315789475,0.9521178976515632,0.6674846094754647,0.9721115537848605,0.6376811594202899
asap/Bach_Prelude_bwv_889_Giesbrecht01M/track.npy,asap,0.6612903225806451,0.14754098360655737,0.6612903225806451,0.03225806451612903,0.7952662875001194,0.32637954359921073,0.8135593220338982,0.3050847457627119
asap/Bach_Prelude_bwv_889_LiuY01M/track.npy,asap,0.37681159420289856,0.06666666666666667,0.2536231884057971,0.03225806451612903,0.504910277905995,0.041994594156293245,0.4122137404580153,0.03636363636363637
asap/Bach_Prelude_bwv_889_MunA01M/track.npy,asap,0.6290322580645161,0.26229508196721313,0.6290322580645161,0.0967741935483871,0.7855429815160515,0.43326350547373516,0.7949790794979079,0.4067796610169491
asap/Bach_Prelude_bwv_889_Wang01M/track.npy,asap,0.5080645161290323,0.19672131147540983,0.5080645161290323,0.05714285714285714,0.7145808955077737,0.3732898190978616,0.7248908296943232,0.3333333333333333
asap/Bach_Prelude_bwv_889_YangY02M/track.npy,asap,0.37254901960784315,0.06451612903225806,0.37254901960784315,0.06451612903225806,0.6706150883682042,0.13777057408802684,0.6353790613718412,0.12765957446808507
asap/Bach_Prelude_bwv_889_ZhangW02M/track.npy,asap,0.29285714285714287,0.15151515151515152,0.29285714285714287,0.15151515151515152,0.5708271804847702,0.16650516186205305,0.532319391634981,0.15873015873015872
asap/Beethoven_Piano_Sonatas_17-3_KaszoS11M/track.npy,asap,0.26648160999306036,0.39197530864197533,0.26648160999306036,0.30145530145530147,0.5906798009234752,0.7008655143611525,0.6085889570552148,0.7229813664596272
asap/Beethoven_Piano_Sonatas_17-3_USHIKI05M/track.npy,asap,0.09670781893004116,0.373134328358209,0.09670781893004116,0.3065843621399177,0.514243058395759,0.6771837734225624,0.5269097222222222,0.6991473812423873
asap/Beethoven_Piano_Sonatas_21-2_YOO05M/track.npy,asap,0.058333333333333334,0.08,0.025,0.0,0.36714625582256555,0.1568946554463784,0.38857142857142857,0.15584415584415584
asap/Beethoven_Piano_Sonatas_3-2_MiyashitaM04M/track.npy,asap,0.25229357798165136,0.5217391304347826,0.034403669724770644,0.17692307692307693,0.5262692160272777,0.6159015851353866,0.4849498327759198,0.6350710900473933
asap/Beethoven_Piano_Sonatas_7-1_Hebert01M/track.npy,asap,0.7359882005899705,0.45294117647058824,0.7359882005899705,0.07964601769911504,0.8456043988772096,0.5399020536012225,0.8713178294573644,0.5338645418326693
asap/Beethoven_Piano_Sonatas_7-1_Larionova04M/track.npy,asap,0.7448377581120944,0.5941176470588235,0.7448377581120944,0.04129793510324484,0.8252337251481616,0.5778921873279759,0.8509984639016898,0.5381526104417671
asap/Beethoven_Piano_Sonatas_7-1_LeeS02M/track.npy,asap,0.7935103244837758,0.48314606741573035,0.7935103244837758,0.10914454277286136,0.8543281700430219,0.5952659465020993,0.8763358778625953,0.5996131528046421
asap/Beethoven_Piano_Sonatas_7-1_Wang02M/track.npy,asap,0.7104874446085672,0.47337278106508873,0.7104874446085672,0.08875739644970414,0.8095915782205269,0.5223070733140932,0.8334612432847277,0.5069306930693069
asap/Beethoven_Piano_Sonatas_7-1_WangY01M/track.npy,asap,0.6980854197349042,0.5344827586206896,0.6980854197349042,0.06784660766961652,0.8008055359203361,0.5564305231364246,0.82903981264637,0.5341130604288499
asap/Beethoven_Piano_Sonatas_7-1_ZhangE02M/track.npy,asap,0.7640117994100295,0.4885057471264368,0.7640117994100295,0.10029498525073746,0.8406807500096107,0.5455571430893295,0.8678380443086325,0.5458089668615985
asap/Beethoven_Piano_Sonatas_9-1_Tysman05M/track.npy,asap,0.6031496062992125,0.7610062893081762,0.6031496062992125,0.7610062893081762,0.826068066096927,0.825757238596692,0.8628127696289906,0.8692810457516341
asap/Chopin_Barcarolle_LeeSH05M/track.npy,asap,0.5066413662239089,0.5470085470085471,0.5066413662239089,0.038461538461538464,0.682048629660982,0.4409994055941343,0.7294832826747721,0.48137535816618904
asap/Chopin_Barcarolle_Na09M/track.npy,asap,0.6436058700209644,0.5021834061135371,0.6436058700209644,0.048034934497816595,0.7187136126347082,0.4418944377439137,0.7679144385026738,0.4664723032069971
asap/Chopin_Barcarolle_Ozel10M/track.npy,asap,0.6106870229007634,0.5450819672131147,0.6106870229007634,0.05327868852459016,0.6988320871077468,0.45383940773019293,0.7784552845528455,0.5236768802228412
asap/Chopin_Barcarolle_Park10M/track.npy,asap,0.5106761565836299,0.5238095238095238,0.5106761565836299,0.031746031746031744,0.6520508480912609,0.41896472251958217,0.7084148727984345,0.45776566757493187
asap/Chopin_Barcarolle_Rozanski07M/track.npy,asap,0.5048169556840078,0.45714285714285713,0.5048169556840078,0.0653061224489796,0.6534933586758982,0.4458223220587022,0.700715015321757,0.48888888888888893
asap/Chopin_Scherzos_39_Arciglione13M/track.npy,asap,0.04365904365904366,0.23052959501557632,0.028081123244929798,0.031201248049921998,0.4455713420012496,0.49927610187264015,0.4821428571428571,0.4672036823935558
asap/Chopin_Scherzos_39_Bult-ItoS05M/track.npy,asap,0.08320332813312532,0.4174454828660436,0.08320332813312532,0.10764430577223089,0.5172430080927538,0.6038448851621142,0.556118754525706,0.5723336853220697
asap/Liszt_Concert_Etude_S145_1_Kleisen06M/track.npy,asap,0.5634920634920635,0.3439153439153439,0.5634920634920635,0.1592356687898089,0.669236820311486,0.439213898147992,0.7154929577464789,0.48412698412698424
asap/Liszt_Concert_Etude_S145_1_Woo06M/track.npy,asap,0.36855036855036855,0.455026455026455,0.36855036855036855,0.0446927374301676,0.5762594732375376,0.41404880115332154,0.6173469387755102,0.4014598540145985
asap/Mozart_Piano_Sonatas_12-1_MunA03M/track.npy,asap,0.9185185185185185,0.7733333333333333,0.9185185185185185,0.7733333333333333,0.9213713786167881,0.84554432651058,0.9629629629629629,0.8792710706150343
asap/Mozart_Piano_Sonatas_12-1_WuuE02M/track.npy,asap,0.9437037037037037,0.6133333333333333,0.9437037037037037,0.6133333333333333,0.9446660398166689,0.8224649137480936,0.9702823179791976,0.8454106280193238
asap/Schubert_Impromptu_op.90_D.899_2_Denisova11M/track.npy,asap,0.28125,0.4028776978417266,0.28125,0.4028776978417266,0.6161507979889782,0.7123107506365839,0.6578171091445427,0.7641921397379912
asap/Schubert_Impromptu_op.90_D.899_2_FaB06M/track.npy,asap,0.6167664670658682,0.34050179211469533,0.6167664670658682,0.34050179211469533,0.8167334890033424,0.7270812619146082,0.8458445040214476,0.7548806941431669
asap/Schubert_Impromptu_op.90_D.899_2_HuNY06M/track.npy,asap,0.6606929510155317,0.5232974910394266,0.6606929510155317,0.5232974910394266,0.8414008199454833,0.7707636938787868,0.8656126482213439,0.7966101694915254
asap/Schubert_Impromptu_op.90_D.899_2_KaiRuiR05M/track.npy,asap,0.6431137724550898,0.40860215053763443,0.6431137724550898,0.40860215053763443,0.8350927324454617,0.7705384362318531,0.8624833110814419,0.7991452991452993
asap/Schubert_Impromptu_op.90_D.899_2_Levitsky09M/track.npy,asap,0.10419161676646707,0.26174496644295303,0.10419161676646707,0.1863799283154122,0.5403635754784955,0.6510065956442845,0.5634987384356602,0.6728971962616823
asap/Schubert_Impromptu_op.90_D.899_2_Nikiforov09M/track.npy,asap,0.22634730538922157,0.3146853146853147,0.22634730538922157,0.14695340501792115,0.6266289877360403,0.5985478763331612,0.6478646253021757,0.6208530805687204
asap/Schubert_Piano_Sonatas_664-1_BuiJL06M/track.npy,asap,0.4353932584269663,0.7372262773722628,0.3580952380952381,0.7372262773722628,0.759907364004859,0.8044400578147813,0.7945516458569807,0.8582089552238805
asap/Schubert_Piano_Sonatas_664-1_KabuliL10M/track.npy,asap,0.48554913294797686,0.6940298507462687,0.3142857142857143,0.6940298507462687,0.766421728643271,0.8135923562998816,0.7761194029850745,0.8528301886792453
asap/Schubert_Piano_Sonatas_664-1_Mo10M/track.npy,asap,0.4228571428571429,0.6666666666666666,0.4228571428571429,0.6666666666666666,0.7558442121422988,0.7793698398122583,0.8008849557522123,0.8273381294964028
asap/Schumann_Kreisleriana_1_no_first_repeat_JohannsonP02M/track.npy,asap,0.4918918918918919,0.28846153846153844,0.4918918918918919,0.28846153846153844,0.5669195104405764,0.389764251537133,0.6515580736543909,0.44897959183673475
ballroom/ballroom_Albums-Ballroom_Classics4-10/track.npy,ballroom,1.0,1.0,1.0,1.0,0.9595201858408396,0.9628680764825982,1.0,1.0
ballroom/ballroom_Albums-Ballroom_Classics4-12/track.npy,ballroom,1.0,1.0,1.0,1.0,0.9342723050091082,0.945340338366115,1.0,1.0
ballroom/ballroom_Albums-Ballroom_Magic-04/track.npy,ballroom,0.9722222222222222,0.9166666666666666,0.9722222222222222,0.9166666666666666,0.722167653796454,0.7484117091063258,0.8450704225352113,0.8695652173913043
ballroom/ballroom_Albums-Cafe_Paradiso-07/track.npy,ballroom,1.0,1.0,1.0,1.0,0.9690260621544945,0.9778067546145259,1.0,1.0
ballroom/ballroom_Albums-Cafe_Paradiso-15/track.npy,ballroom,0.9861111111111112,1.0,0.9861111111111112,1.0,0.9564462931527511,0.9327085284321102,0.993006993006993,1.0
ballroom/ballroom_Albums-Chrisanne1-06/track.npy,ballroom,0.9622641509433962,1.0,0.9622641509433962,1.0,0.8823825068966517,0.9469022785288199,0.9433962264150944,1.0
ballroom/ballroom_Albums-Chrisanne2-02/track.npy,ballroom,1.0,0.75,1.0,0.75,0.9516596248195195,0.8677675228780416,1.0,0.9090909090909091
ballroom/ballroom_Albums-Chrisanne2-07/track.npy,ballroom,1.0,1.0,1.0,1.0,0.9547555315373604,0.976653758217484,1.0,1.0
ballroom/ballroom_Albums-Chrisanne3-14/track.npy,ballroom,0.9761904761904762,1.0,0.9761904761904762,1.0,0.8839211571900563,0.8888735318224571,1.0,1.0
ballroom/ballroom_Albums-Fire-02/track.npy,ballroom,1.0,1.0,1.0,1.0,0.9278644055973196,0.914977297173097,1.0,1.0
ballroom/ballroom_Albums-Fire-03/track.npy,ballroom,1.0,1.0,1.0,1.0,0.9473890536927563,0.9281221711364832,1.0,1.0
ballroom/ballroom_Albums-Fire-07/track.npy,ballroom,0.9315068493150684,0.9444444444444444,0.9315068493150684,0.9444444444444444,0.9264280372784796,0.9392774002933704,0.9645390070921985,0.9714285714285714
ballroom/ballroom_Albums-Fire-10/track.npy,ballroom,0.9534883720930233,0.9166666666666666,0.9534883720930233,0.9166666666666666,0.9056794335282219,0.8757796125429848,0.9761904761904763,0.9565217391304348
ballroom/ballroom_Albums-GloriaEstefan_MiTierra-04/track.npy,ballroom,0.98,1.0,0.98,1.0,0.9346297271822634,0.964051578697357,0.9696969696969697,1.0
ballroom/ballroom_Albums-GloriaEstefan_MiTierra-06/track.npy,ballroom,1.0,1.0,1.0,1.0,0.970109203408778,0.9592353877925852,1.0,1.0
ballroom/ballroom_Albums-Latin_Jam-12/track.npy,ballroom,0.9864864864864865,0.9,0.9864864864864865,0.9,0.9634994486816097,0.9083056502883168,0.9931972789115647,0.9743589743589743
ballroom/ballroom_Albums-Latin_Jam2-06/track.npy,ballroom,1.0,1.0,1.0,1.0,0.9857034704356541,0.9771007778444437,1.0,1.0
ballroom/ballroom_Albums-Latin_Jam2-12/track.npy,ballroom,0.9726027397260274,1.0,0.9726027397260274,1.0,0.9635969620670716,0.9735627358145487,0.993103448275862,1.0
ballroom/ballroom_Albums-Latin_Jam3-05/track.npy,ballroom,1.0,1.0,1.0,1.0,0.9754620431614685,0.9881898769170739,1.0,1.0
ballroom/ballroom_Albums-Latin_Jam4-01/track.npy,ballroom,1.0,1.0,1.0,1.0,0.98201416215416,0.9798086925723793,1.0,1.0
ballroom/ballroom_Albums-Latin_Jam4-08/track.npy,ballroom,0.9772727272727273,1.0,0.9772727272727273,1.0,0.9513633556578951,0.992686423437291,0.9885057471264368,1.0
ballroom/ballroom_Albums-Macumba-03/track.npy,ballroom,0.9807692307692307,1.0,0.9807692307692307,1.0,0.9707976342609281,0.984927483498483,0.9902912621359222,1.0
ballroom/ballroom_Albums-Macumba-16/track.npy,ballroom,1.0,1.0,1.0,1.0,0.9770764807571398,0.9861178315849294,1.0,1.0
ballroom/ballroom_Albums-Pais_Tropical-12/track.npy,ballroom,1.0,1.0,1.0,1.0,0.944322041470254,0.9273702144328718,1.0,1.0
ballroom/ballroom_Albums-Pais_Tropical-14/track.npy,ballroom,0.9859154929577465,0.9444444444444444,0.9859154929577465,0.9444444444444444,0.9713798631166835,0.9605306888758905,0.9929078014184397,0.9714285714285714
ballroom/ballroom_Albums-Secret_Garden-05/track.npy,ballroom,0.875,1.0,0.875,1.0,0.7547136554481544,0.7693911088212575,0.8387096774193549,0.9
ballroom/ballroom_Albums-Step_By_Step-03/track.npy,ballroom,1.0,1.0,1.0,1.0,0.8893922987422404,0.9484616615964899,1.0,1.0
ballroom/ballroom_Albums-Step_By_Step-06/track.npy,ballroom,1.0,1.0,1.0,1.0,0.905270978166193,0.839654519483979,1.0,1.0
ballroom/ballroom_Albums-Step_By_Step-18/track.npy,ballroom,0.9883720930232558,1.0,0.9883720930232558,1.0,0.9384178903894014,0.9196740074037184,0.9941520467836257,1.0
ballroom/ballroom_Albums-StrictlyDancing_Tango-15/track.npy,ballroom,0.9818181818181818,0.9285714285714286,0.9818181818181818,0.9285714285714286,0.8723364547500462,0.8464035371384719,0.9908256880733944,0.962962962962963
ballroom/ballroom_Media-100601/track.npy,ballroom,0.972972972972973,1.0,0.972972972972973,1.0,0.9227358664432607,0.9371286654695683,0.9863013698630138,1.0
ballroom/ballroom_Media-100610/track.npy,ballroom,1.0,1.0,1.0,1.0,0.9418192105172881,0.9449150416454082,1.0,1.0
ballroom/ballroom_Media-103306/track.npy,ballroom,0.9814814814814815,1.0,0.9814814814814815,1.0,0.9087378893499758,0.9341432421448103,0.9906542056074767,1.0
ballroom/ballroom_Media-103401/track.npy,ballroom,1.0,1.0,1.0,1.0,0.9651667831823133,0.9748704166347868,1.0,1.0
ballroom/ballroom_Media-103406/track.npy,ballroom,1.0,1.0,1.0,1.0,0.9830658769667712,0.9689327975736158,1.0,1.0
ballroom/ballroom_Media-103409/track.npy,ballroom,0.9807692307692307,0.9230769230769231,0.9807692307692307,0.9230769230769231,0.9700326113656451,0.9389199251670215,0.9902912621359222,0.9600000000000001
ballroom/ballroom_Media-103410/track.npy,ballroom,0.9423076923076923,0.9230769230769231,0.9423076923076923,0.9230769230769231,0.9505958331587617,0.9350754284304367,0.9702970297029703,0.9600000000000001
ballroom/ballroom_Media-103514/track.npy,ballroom,1.0,1.0,1.0,1.0,0.9729205845232344,0.9654310119639433,1.0,1.0
ballroom/ballroom_Media-103606/track.npy,ballroom,0.6410256410256411,0.5,0.6410256410256411,0.5,0.7798086134292651,0.8117643536238962,0.8,0.8235294117647058
ballroom/ballroom_Media-103613/track.npy,ballroom,0.9863013698630136,1.0,0.9863013698630136,1.0,0.9642159050796391,0.9675002337212043,0.993103448275862,1.0
ballroom/ballroom_Media-103703/track.npy,ballroom,1.0,1.0,1.0,1.0,0.9683642684913023,0.9735691252075512,1.0,1.0
ballroom/ballroom_Media-103715/track.npy,ballroom,1.0,0.8666666666666667,0.0,0.0,0.7717662489437428,0.7739736488008652,0.6744186046511628,0.6363636363636364
ballroom/ballroom_Media-103718/track.npy,ballroom,0.9245283018867925,0.7692307692307693,0.9245283018867925,0.7692307692307693,0.9362165053671873,0.8886804755796369,0.9607843137254902,0.9166666666666666
ballroom/ballroom_Media-103804/track.npy,ballroom,0.9795918367346939,1.0,0.9795918367346939,1.0,0.9676217304546002,0.9565510159323342,0.9896907216494846,1.0
ballroom/ballroom_Media-103808/track.npy,ballroom,1.0,1.0,1.0,1.0,0.9744025155207062,0.990137465134293,1.0,1.0
ballroom/ballroom_Media-103811/track.npy,ballroom,1.0,1.0,1.0,1.0,0.9487276739463084,0.9590633093808376,1.0,1.0
ballroom/ballroom_Media-103818/track.npy,ballroom,1.0,1.0,1.0,1.0,0.9841928843364902,0.9861121029690866,1.0,1.0
ballroom/ballroom_Media-103907/track.npy,ballroom,1.0,1.0,1.0,1.0,0.9738803516394636,0.9842997715086206,1.0,1.0
ballroom/ballroom_Media-104103/track.npy,ballroom,1.0,1.0,1.0,1.0,0.9451129454768106,0.9629164411682001,1.0,1.0
ballroom/ballroom_Media-104105/track.npy,ballroom,1.0,0.08333333333333333,1.0,0.0,0.9582099971627474,0.2656426176961604,1.0,0.2727272727272727
ballroom/ballroom_Media-104204/track.npy,ballroom,1.0,1.0,1.0,1.0,0.9742215383095001,0.990202039376522,1.0,1.0
ballroom/ballroom_Media-104207/track.npy,ballroom,0.9636363636363636,0.9285714285714286,0.9636363636363636,0.9285714285714286,0.944180336276201,0.9306374213939984,0.9814814814814815,0.962962962962963
ballroom/ballroom_Media-104403/track.npy,ballroom,0.972972972972973,0.9230769230769231,0.972972972972973,0.9230769230769231,0.9437945287796835,0.9050703050839943,0.9863013698630138,0.9600000000000001
ballroom/ballroom_Media-104406/track.npy,ballroom,1.0,1.0,1.0,1.0,0.96471355720405,0.9559461670658445,1.0,1.0
ballroom/ballroom_Media-104415/track.npy,ballroom,0.9545454545454546,0.5714285714285714,0.9545454545454546,0.5714285714285714,0.9522282653158343,0.8378186090913426,0.9770114942528736,0.8648648648648648
ballroom/ballroom_Media-104508/track.npy,ballroom,1.0,1.0,1.0,1.0,0.9724222372230581,0.9695621283478825,1.0,1.0
ballroom/ballroom_Media-104604/track.npy,ballroom,0.972972972972973,1.0,0.972972972972973,1.0,0.8925410172475944,0.902296076945805,0.9589041095890412,1.0
ballroom/ballroom_Media-104606/track.npy,ballroom,0.9818181818181818,1.0,0.9818181818181818,1.0,0.8946260778105358,0.8739592501409392,0.9908256880733944,1.0
ballroom/ballroom_Media-104607/track.npy,ballroom,1.0,1.0,1.0,1.0,0.9509466431624163,0.9521698682744,1.0,1.0
ballroom/ballroom_Media-104617/track.npy,ballroom,0.9883720930232558,1.0,0.9883720930232558,1.0,0.9036370869871596,0.9080102247094799,0.9883720930232558,1.0
ballroom/ballroom_Media-104704/track.npy,ballroom,0.8787878787878788,1.0,0.8787878787878788,1.0,0.7084836263443233,0.8033184456080545,0.7878787878787878,0.9090909090909091
ballroom/ballroom_Media-104717/track.npy,ballroom,1.0,1.0,1.0,1.0,0.9389893873727716,0.9347460200797394,1.0,1.0
ballroom/ballroom_Media-104803/track.npy,ballroom,1.0,1.0,1.0,1.0,0.9129883828929093,0.9633921898349332,1.0,1.0
ballroom/ballroom_Media-104804/track.npy,ballroom,1.0,1.0,1.0,1.0,0.8782499418213002,0.9253762532949502,1.0,1.0
ballroom/ballroom_Media-104808/track.npy,ballroom,0.9636363636363636,0.8571428571428571,0.9636363636363636,0.8571428571428571,0.8667519652263859,0.8769746533128489,0.9818181818181818,0.962962962962963
ballroom/ballroom_Media-104810/track.npy,ballroom,1.0,1.0,1.0,1.0,0.863891257686063,0.8941592416885611,1.0,1.0
ballroom/ballroom_Media-104816/track.npy,ballroom,0.8604651162790697,0.9047619047619048,0.8604651162790697,0.9047619047619048,0.8939989319163587,0.9075798714761258,0.9249999999999999,0.9500000000000001
ballroom/ballroom_Media-104907/track.npy,ballroom,0.9811320754716981,1.0,0.9811320754716981,1.0,0.7034108384999325,0.7158871586483629,0.9523809523809524,0.9230769230769231
ballroom/ballroom_Media-105004/track.npy,ballroom,0.8529411764705882,1.0,0.8529411764705882,1.0,0.6537223678894528,0.6385244126625961,0.7761194029850745,0.7272727272727273
ballroom/ballroom_Media-105101/track.npy,ballroom,0.75,0.9166666666666666,0.75,0.9166666666666666,0.4720420594833714,0.5050412140655302,0.676056338028169,0.6956521739130435
ballroom/ballroom_Media-105110/track.npy,ballroom,0.9444444444444444,1.0,0.9444444444444444,1.0,0.8714195224416066,0.8872493340508957,0.965034965034965,0.9583333333333334
ballroom/ballroom_Media-105207/track.npy,ballroom,1.0,1.0,1.0,1.0,0.9736293795128953,0.9811011544607834,1.0,1.0
ballroom/ballroom_Media-105305/track.npy,ballroom,0.9811320754716981,1.0,0.9811320754716981,1.0,0.9125562986432486,0.9520501596702149,0.9904761904761905,1.0
ballroom/ballroom_Media-105316/track.npy,ballroom,0.9714285714285714,0.9166666666666666,0.9714285714285714,0.9166666666666666,0.9435111918016594,0.9256185111976909,0.9855072463768115,0.9565217391304348
ballroom/ballroom_Media-105406/track.npy,ballroom,1.0,1.0,1.0,1.0,0.9723283929190107,0.9747956540835682,1.0,1.0
ballroom/ballroom_Media-105601/track.npy,ballroom,0.9807692307692307,1.0,0.9807692307692307,1.0,0.971076759924452,0.9842162011653207,0.9902912621359222,1.0
ballroom/ballroom_Media-105609/track.npy,ballroom,1.0,1.0,1.0,1.0,0.9726284562142353,0.9685427067908374,1.0,1.0
ballroom/ballroom_Media-105820/track.npy,ballroom,0.9882352941176471,1.0,0.9882352941176471,1.0,0.9505901164635197,0.9727431703564665,0.9940828402366864,1.0
ballroom/ballroom_Media-105905/track.npy,ballroom,1.0,1.0,1.0,1.0,0.9637189350379097,0.9750686108438404,1.0,1.0
ballroom/ballroom_Media-105913/track.npy,ballroom,0.9883720930232558,0.9523809523809523,0.9883720930232558,0.0,0.9432869672638775,0.4688120535834575,0.9941520467836257,0.0
ballroom/ballroom_Media-105914/track.npy,ballroom,0.9878048780487805,1.0,0.9878048780487805,1.0,0.9388777385991527,0.941845283823807,0.9938650306748467,1.0
ballroom/ballroom_Media-106002/track.npy,ballroom,0.9545454545454546,1.0,0.9545454545454546,1.0,0.9360318547255576,0.9731052956070007,0.9767441860465117,1.0
ballroom/ballroom_Media-106004/track.npy,ballroom,0.9555555555555556,1.0,0.9555555555555556,1.0,0.9594414388039104,0.9893291097288461,0.9772727272727273,1.0
ballroom/ballroom_Media-106110/track.npy,ballroom,0.9523809523809523,0.9090909090909091,0.9523809523809523,0.9090909090909091,0.907298564975668,0.8937484787634179,0.975609756097561,0.9523809523809523
ballroom/ballroom_Media-106113/track.npy,ballroom,0.85,0.9,0.85,0.9,0.8936564101431234,0.9040127663607574,0.9189189189189189,0.9473684210526316
ballroom/ballroom_Media-106119/track.npy,ballroom,0.9210526315789473,1.0,0.9210526315789473,1.0,0.9136799585438238,0.9439838763017655,0.958904109589041,1.0
beatles/beatles_01_Please_Please_Me_13_Theres_A_Place/track.npy,beatles,0.9958847736625515,0.9836065573770492,0.9958847736625515,0.9836065573770492,0.9538404233044402,0.9471176660001589,0.9958847736625515,0.9836065573770492
beatles/beatles_02_With_the_Beatles_03_All_My_Loving/track.npy,beatles,0.9585987261146497,0.9746835443037974,0.9585987261146497,0.9746835443037974,0.9464778804639506,0.9469857570085517,0.9790660225442834,0.9743589743589742
beatles/beatles_02_With_the_Beatles_04_Dont_Bother_Me/track.npy,beatles,1.0,0.66,0.0,0.020202020202020204,0.7920302158830342,0.6544197254006254,0.6666666666666666,0.6438356164383562
beatles/beatles_03_A_Hard_Days_Night_09_Ill_Cry_Instead/track.npy,beatles,0.8848484848484849,0.9285714285714286,0.8848484848484849,0.9285714285714286,0.9170671823286922,0.9137513628732119,0.9625000000000001,0.962962962962963
beatles/beatles_03_A_Hard_Days_Night_10_Things_We_Said_Today/track.npy,beatles,0.9941176470588236,1.0,0.9941176470588236,1.0,0.971451843380676,0.9739203611095151,0.9970501474926253,1.0
beatles/beatles_04_Beatles_for_Sale_05_Ill_Follow_the_Sun/track.npy,beatles,0.9688888888888889,1.0,0.9688888888888889,1.0,0.6436346885323495,0.668546340865397,0.9842696629213483,1.0
beatles/beatles_05_Help_03_Youve_Got_To_Hide_Your_Love_Away/track.npy,beatles,0.9673024523160763,1.0,0.9673024523160763,1.0,0.8498653956447505,0.8524981453922259,0.9945355191256832,1.0
beatles/beatles_05_Help_07_Ticket_To_Ride/track.npy,beatles,0.9839142091152815,0.9893617021276596,0.9839142091152815,0.9893617021276596,0.7892004006083019,0.8128793473376441,0.9919354838709676,0.9946524064171123
beatles/beatles_06_Rubber_Soul_06_The_Word/track.npy,beatles,0.9274447949526814,0.9375,0.9274447949526814,0.9375,0.7820075557033918,0.7848406027579479,0.9537480063795853,0.9681528662420381
beatles/beatles_06_Rubber_Soul_09_Girl/track.npy,beatles,0.9655172413793104,0.9827586206896551,0.9655172413793104,0.9827586206896551,0.8795183409033167,0.8763582339579752,0.982532751091703,0.9913043478260869
beatles/beatles_07_Revolver_10_For_No_One/track.npy,beatles,0.9545454545454546,0.9487179487179487,0.0,0.0,0.7419532836452069,0.7238509809894061,0.654867256637168,0.6491228070175438
beatles/beatles_07_Revolver_14_Tomorrow_Never_Knows/track.npy,beatles,0.9777158774373259,0.9777777777777777,0.9777158774373259,0.9777777777777777,0.9013585980336941,0.9094333344037255,0.9887323943661972,0.9887640449438202
beatles/beatles_08_Sgt_Peppers_Lonely_Hearts_Club_Band_06_Shes_Leaving_Home/track.npy,beatles,0.864367816091954,0.47586206896551725,0.864367816091954,0.47586206896551725,0.6787076502873216,0.5241719204867187,0.9050410316529895,0.7258687258687259
beatles/beatles_09_Magical_Mystery_Tour_02_The_Fool_On_The_Hill/track.npy,beatles,0.9951690821256038,0.9807692307692307,0.9951690821256038,0.9807692307692307,0.7903328746494189,0.8065725107659854,0.9806763285024155,0.970873786407767
beatles/beatles_09_Magical_Mystery_Tour_11_All_You_Need_Is_Love/track.npy,beatles,0.97911227154047,0.40963855421686746,0.97911227154047,0.40963855421686746,0.8015203443987423,0.4868135433076549,0.9894459102902375,0.5911949685534591
beatles/beatles_10_CD1_The_Beatles_04_Ob-La-Di_Ob-La-Da/track.npy,beatles,0.9881656804733728,0.4358974358974359,0.9881656804733728,0.4358974358974359,0.9320404752164665,0.772867213561317,0.9970326409495549,0.835820895522388
beatles/beatles_10_CD1_The_Beatles_06_The_Continuing_Story_of_Bungalow_Bill/track.npy,beatles,0.9411764705882353,0.41025641025641024,0.9411764705882353,0.41025641025641024,0.8494004077174314,0.5670432183788527,0.9702276707530648,0.6580645161290323
beatles/beatles_10_CD2_The_Beatles_03_Mother_Natures_Son/track.npy,beatles,0.9464285714285714,0.32432432432432434,0.9464285714285714,0.32432432432432434,0.8565020036067711,0.6821758702328257,0.972972972972973,0.7759562841530054
beatles/beatles_11_Abbey_Road_01_Come_Together/track.npy,beatles,0.7532808398950132,0.9111111111111111,0.7532808398950132,0.9111111111111111,0.8539866996162995,0.8118048660038494,0.8867403314917127,0.8409090909090908
beatles/beatles_11_Abbey_Road_11_Mean_Mr_Mustard/track.npy,beatles,1.0,0.8846153846153846,1.0,0.8846153846153846,0.9502858290943649,0.8815871750844384,1.0,0.9230769230769231
beatles/beatles_11_Abbey_Road_17_Her_Majesty/track.npy,beatles,0.9375,0.9375,0.9375,0.9375,0.9219821687589536,0.9297301531433436,0.9523809523809523,0.967741935483871
beatles/beatles_12_Let_It_Be_03_Across_the_Universe/track.npy,beatles,0.8360655737704918,0.42857142857142855,0.06148282097649186,0.050724637681159424,0.758517572613514,0.614798373446876,0.6806526806526806,0.6634615384615384
candombe/csic.1995_ansina1_02/track.npy,candombe,1.0,1.0,1.0,1.0,0.9755120027419176,0.9753058145336332,1.0,1.0
candombe/csic.1995_cuareim_03/track.npy,candombe,0.9966159052453468,0.9864864864864865,0.9966159052453468,0.9864864864864865,0.9809774912829604,0.9799754074059603,0.9983079526226735,0.9966101694915254
candombe/proyecto.1992_pelado_01/track.npy,candombe,1.0,1.0,1.0,1.0,0.9725486028986662,0.972969808956111,1.0,1.0
candombe/zavala.muniz.2014_54/track.npy,candombe,1.0,1.0,1.0,1.0,0.9748509503788835,0.9778946246562219,1.0,1.0
filosax/filosax_01/track.npy,filosax,0.8326530612244898,0.9731182795698925,0.8326530612244898,0.9731182795698925,0.9118600136003772,0.93602867322078,0.9505649717514124,0.9837837837837837
filosax/filosax_06/track.npy,filosax,0.984144960362401,0.9863636363636363,0.984144960362401,0.9863636363636363,0.9373890893263048,0.9304868981123076,0.9914432401597263,0.9931350114416476
filosax/filosax_12/track.npy,filosax,0.9916067146282974,0.9903846153846154,0.9916067146282974,0.9903846153846154,0.9348534397490901,0.9263756613269882,0.9951865222623346,0.9927710843373494
filosax/filosax_31/track.npy,filosax,0.9927184466019418,0.977491961414791,0.9927184466019418,0.977491961414791,0.9621165826208086,0.9564079918040598,0.9963577498988264,0.9919224555735057
filosax/filosax_32/track.npy,filosax,0.991304347826087,0.9942196531791907,0.991304347826087,0.9942196531791907,0.9406338127708198,0.9273010926671033,0.9949238578680203,0.9942196531791907
filosax/filosax_35/track.npy,filosax,0.9950433705080545,0.941747572815534,0.9950433705080545,0.941747572815534,0.9492043436425845,0.9298987632642158,0.9987593052109182,0.9828009828009829
groove_midi/drummer10_session1_2_jazz-swing_215_beat_4-4/track.npy,groove_midi,0.9805194805194806,0.8961038961038961,0.9805194805194806,0.8961038961038961,0.8803605457549022,0.8184462244217979,0.9983739837398374,0.9333333333333333
groove_midi/drummer1_eval_session_4_soul-groove4_80_beat_4-4/track.npy,groove_midi,1.0,1.0,1.0,1.0,0.9836786668511167,0.9843392323199754,1.0,1.0
groove_midi/drummer1_session1_201_reggae-slow_64_beat_4-4/track.npy,groove_midi,0.6960352422907489,0.41025641025641024,0.16923076923076924,0.41025641025641024,0.7591595772694574,0.5780616455535939,0.731391585760518,0.6268656716417911
groove_midi/drummer1_session1_202_rock-halftime_140_beat_4-4/track.npy,groove_midi,0.5552147239263804,0.620253164556962,0.2851485148514851,0.23622047244094488,0.7866746104284867,0.7801865142585482,0.782190132370638,0.7669902912621359
groove_midi/drummer1_session1_47_jazz_102_beat_4-4/track.npy,groove_midi,1.0,1.0,1.0,1.0,0.9129668760331757,0.908118049323949,0.9966555183946488,0.9864864864864865
groove_midi/drummer1_session1_77_jazz-mediumfast_180_beat_4-4/track.npy,groove_midi,0.8228438228438228,0.6574074074074074,0.8228438228438228,0.6574074074074074,0.8755045338701506,0.7731606062041263,0.9536585365853658,0.8383838383838385
groove_midi/drummer1_session2_110_rock-prog_190_beat_4-4/track.npy,groove_midi,0.6839080459770115,0.5,0.034722222222222224,0.1111111111111111,0.5372129740124905,0.4851712990742957,0.6277056277056277,0.6491228070175439
groove_midi/drummer1_session2_62_punk_144_beat_4-4/track.npy,groove_midi,0.9936974789915967,1.0,0.9936974789915967,1.0,0.9516017269240504,0.9496647109711174,0.9968387776606955,1.0
groove_midi/drummer1_session2_9_jazz-march_120_beat_4-4/track.npy,groove_midi,0.7868852459016393,0.8135593220338984,0.7868852459016393,0.8135593220338984,0.7617997229560426,0.798310549470645,0.8132780082987552,0.875
groove_midi/drummer1_session3_13_rock_115_beat_4-4/track.npy,groove_midi,0.9947916666666666,0.9652777777777778,0.9947916666666666,0.9652777777777778,0.9107108865995942,0.8956159496288185,0.9982608695652174,0.9824561403508771
groove_midi/drummer1_session3_4_jazz-linear_182_beat_4-4/track.npy,groove_midi,0.41995841995842,0.5714285714285714,0.23,0.055,0.576059259285119,0.48657002641842856,0.6604215456674473,0.4852459016393442
groove_midi/drummer1_session3_6_dance-disco_120_beat_4-4/track.npy,groove_midi,0.995475113122172,0.9818181818181818,0.995475113122172,0.9818181818181818,0.9524434606639439,0.9407384301189173,0.997737556561086,0.990909090909091
groove_midi/drummer3_session1_18_rock_120_beat_4-4/track.npy,groove_midi,1.0,1.0,1.0,1.0,0.9121809633960155,0.9103087210378171,1.0,1.0
groove_midi/drummer3_session2_1_rock_100_beat_4-4/track.npy,groove_midi,1.0,1.0,1.0,1.0,0.9089530433299294,0.9257840877741061,1.0,1.0
groove_midi/drummer3_session2_43_rock_110_beat_4-4/track.npy,groove_midi,0.9342105263157895,0.9,0.9342105263157895,0.9,0.9060003687100406,0.8778365706670035,0.9659863945578232,0.9473684210526316
groove_midi/drummer4_session1_3_jazz-klezmer_152_beat_4-4/track.npy,groove_midi,0.4880952380952381,0.5714285714285714,0.4880952380952381,0.5714285714285714,0.401699814613395,0.37543391983596197,0.5868263473053893,0.5365853658536585
groove_midi/drummer5_eval_session_4_soul-groove4_80_beat_4-4/track.npy,groove_midi,1.0,1.0,1.0,1.0,0.969791608928343,0.9719836058646952,1.0,1.0
groove_midi/drummer5_eval_session_8_rock-groove8_65_beat_4-4/track.npy,groove_midi,1.0,1.0,1.0,1.0,0.7866876167136179,0.7364452330241588,1.0,1.0
groove_midi/drummer5_session1_10_latin-brazilian-sambareggae_96_beat_4-4/track.npy,groove_midi,0.9868421052631579,0.9473684210526315,0.9868421052631579,0.9473684210526315,0.9465132707323047,0.9413837297917538,0.9933774834437086,0.972972972972973
groove_midi/drummer5_session1_19_middleeastern_126_beat_4-4/track.npy,groove_midi,0.44529750479846447,0.6695652173913044,0.44529750479846447,0.11206896551724138,0.63901446150376,0.275378749644616,0.6348884381338742,0.16450216450216448
groove_midi/drummer5_session2_11_soul_96_beat_4-4/track.npy,groove_midi,0.9951219512195122,0.9807692307692307,0.9951219512195122,0.9807692307692307,0.9588318627057274,0.959619460126242,0.9975550122249389,0.9902912621359222
groove_midi/drummer5_session2_16_latin-ando_125_beat_3-4/track.npy,groove_midi,0.9415384615384615,0.056074766355140186,0.9415384615384615,0.037037037037037035,0.9169321383432585,0.2703399531284274,0.9598765432098764,0.2828282828282828
groove_midi/drummer5_session2_3_latin-brazilian_101_beat_4-4/track.npy,groove_midi,0.9879518072289156,0.5952380952380952,0.9879518072289156,0.5952380952380952,0.8715022095078134,0.5988541222645825,0.993939393939394,0.6987951807228916
groove_midi/drummer5_session2_8_neworleans-chacha_124_beat_4-4/track.npy,groove_midi,0.5587044534412956,0.7017543859649122,0.5587044534412956,0.7017543859649122,0.6427439133233068,0.7379940346664201,0.6722689075630253,0.7766990291262136
groove_midi/drummer6_session1_2_rock_70_beat_6-8/track.npy,groove_midi,0.828125,0.0,0.828125,0.0,0.7661475625823397,0.1469203982289372,0.8571428571428571,0.13333333333333333
groove_midi/drummer6_session2_3_rock_88_beat_4-4/track.npy,groove_midi,0.9826989619377162,0.9305555555555556,0.9826989619377162,0.9305555555555556,0.8475407258606625,0.8424595454670809,0.9844020797227037,0.979020979020979
groove_midi/drummer6_session3_1_rock_90_beat_4-4/track.npy,groove_midi,0.9868421052631579,0.9473684210526315,0.9868421052631579,0.0,0.8326961949033528,0.40239289732484546,0.9933774834437086,0.0
groove_midi/drummer6_session3_2_rock_100_beat_4-4/track.npy,groove_midi,0.9914529914529915,1.0,0.9914529914529915,1.0,0.8919814411500461,0.8811987110442904,0.9957081545064378,1.0
groove_midi/drummer7_session1_12_funk_102_beat_4-4/track.npy,groove_midi,0.9047619047619048,0.9523809523809523,0.9047619047619048,0.0,0.7565465954726404,0.3616998165011642,0.8571428571428571,0.0
groove_midi/drummer7_session2_101_pop_142_beat_4-4/track.npy,groove_midi,0.9882352941176471,0.9545454545454546,0.9882352941176471,0.9545454545454546,0.8602258654746345,0.8287913423227679,0.9940828402366864,0.9767441860465117
groove_midi/drummer7_session2_115_jazz-fusion_96_beat_4-4/track.npy,groove_midi,1.0,1.0,1.0,1.0,0.9316654689718354,0.9207212215152727,1.0,1.0
groove_midi/drummer7_session2_33_rock_75_beat_4-4/track.npy,groove_midi,0.9666666666666667,0.875,0.9666666666666667,0.875,0.6817739925214492,0.6927678356907795,0.9491525423728815,0.9333333333333333
groove_midi/drummer7_session2_72_funk_100_beat_4-4/track.npy,groove_midi,0.9827586206896551,0.8809523809523809,0.9827586206896551,0.8809523809523809,0.9541907575339362,0.8875953283550333,0.9913043478260869,0.9285714285714286
groove_midi/drummer7_session3_159_soul_98_beat_4-4/track.npy,groove_midi,0.975,0.9,0.975,0.9,0.8955216337772908,0.8787674218255211,0.9873417721518987,0.9473684210526316
groove_midi/drummer7_session3_46_rock-indie_63_beat_4-4/track.npy,groove_midi,0.9508196721311475,0.9333333333333333,0.9508196721311475,0.9333333333333333,0.8963187295441158,0.8922570281442838,0.9747899159663865,0.9655172413793104
groove_midi/drummer7_session3_67_neworleans-funk_93_beat_4-4/track.npy,groove_midi,0.9838709677419355,0.9565217391304348,0.9838709677419355,0.9565217391304348,0.9054089184805018,0.8976812692737918,0.9945945945945946,0.989010989010989
groove_midi/drummer8_eval_session_10_soul-groove10_102_beat_4-4/track.npy,groove_midi,1.0,1.0,1.0,1.0,0.935819396609485,0.9464060349758804,1.0,1.0
groove_midi/drummer8_eval_session_9_soul-groove9_105_beat_4-4/track.npy,groove_midi,1.0,1.0,1.0,1.0,0.8975254649697768,0.9351700347264764,1.0,1.0
groove_midi/drummer8_session1_26_afrobeat_94_beat_4-4/track.npy,groove_midi,0.8592964824120602,0.8657718120805369,0.0693950177935943,0.0,0.7592524512796828,0.7140977917301158,0.6875725900116145,0.5990783410138248
groove_midi/drummer8_session1_2_funk_95_beat_4-4/track.npy,groove_midi,1.0,1.0,1.0,1.0,0.9488349602884162,0.9448247818786688,1.0,1.0
groove_midi/drummer8_session1_7_funk_80_beat_4-4/track.npy,groove_midi,0.9901477832512315,0.9803921568627451,0.9901477832512315,0.9803921568627451,0.869492363198746,0.8714443625552571,0.995049504950495,0.99009900990099
groove_midi/drummer9_session1_13_rock_120_beat_4-4/track.npy,groove_midi,0.8,0.75,0.8,0.75,0.7114929038453743,0.6506089878011326,0.8176100628930818,0.7727272727272727
guitarset/00_Rock3-148-C_comp_mix/track.npy,guitarset,0.9807692307692307,1.0,0.9807692307692307,1.0,0.9050487734475142,0.8395810231916855,0.9902912621359222,1.0
guitarset/00_SS1-68-E_comp_mix/track.npy,guitarset,0.875,0.9,0.875,0.9,0.7719084048234934,0.7904057392332184,0.9333333333333333,0.9473684210526316
guitarset/01_BN2-166-Ab_comp_mix/track.npy,guitarset,1.0,1.0,1.0,1.0,0.9325754562016949,0.9390074028564426,1.0,1.0
guitarset/01_Funk2-119-G_comp_mix/track.npy,guitarset,0.9818181818181818,0.9285714285714286,0.9818181818181818,0.9285714285714286,0.9668887021116187,0.9361136290253768,0.9908256880733944,0.962962962962963
guitarset/01_Jazz1-200-B_comp_mix/track.npy,guitarset,1.0,1.0,1.0,1.0,0.978889286326862,0.9796276400923695,1.0,1.0
guitarset/01_Jazz3-150-C_comp_mix/track.npy,guitarset,0.9807692307692307,1.0,0.9807692307692307,1.0,0.9598875377447214,0.9810945020945304,0.9902912621359222,1.0
guitarset/02_BN1-147-Gb_comp_mix/track.npy,guitarset,1.0,0.75,1.0,0.75,0.8900789485380532,0.7805546267885572,1.0,0.9333333333333333
guitarset/02_Jazz1-200-B_comp_mix/track.npy,guitarset,1.0,1.0,1.0,1.0,0.9175300819028374,0.9275985912664159,1.0,1.0
guitarset/02_Rock1-90-C#_comp_mix/track.npy,guitarset,0.975609756097561,0.9090909090909091,0.975609756097561,0.9090909090909091,0.9392613665961574,0.9122156624408229,0.9876543209876543,0.9523809523809523
guitarset/02_Rock2-85-F_comp_mix/track.npy,guitarset,1.0,1.0,1.0,1.0,0.9439030332132863,0.9471500656621706,1.0,1.0
guitarset/02_SS1-100-C#_comp_mix/track.npy,guitarset,1.0,1.0,1.0,1.0,0.8480236112302105,0.8310414312633049,1.0,1.0
guitarset/02_SS2-107-Ab_comp_mix/track.npy,guitarset,0.9821428571428571,0.9285714285714286,0.9821428571428571,0.9285714285714286,0.9403010600630244,0.909811680541668,0.9909909909909909,0.962962962962963
guitarset/03_BN3-119-G_comp_mix/track.npy,guitarset,0.9818181818181818,0.9285714285714286,0.9818181818181818,0.9285714285714286,0.91458306487869,0.8866416336432202,0.9908256880733944,0.962962962962963
guitarset/03_Rock1-130-A_comp_mix/track.npy,guitarset,1.0,1.0,1.0,1.0,0.9527307599326401,0.9417170578826308,1.0,1.0
guitarset/04_Funk1-97-C_comp_mix/track.npy,guitarset,0.875,1.0,0.875,1.0,0.7608863577543366,0.7526231678715286,0.9113924050632911,0.8888888888888888
guitarset/04_Jazz2-187-F#_comp_mix/track.npy,guitarset,0.9795918367346939,1.0,0.9795918367346939,1.0,0.890741980873715,0.8786504113475448,0.9896907216494846,1.0
guitarset/04_Jazz3-150-C_comp_mix/track.npy,guitarset,0.9807692307692307,1.0,0.9807692307692307,1.0,0.919854275801702,0.9282556675850065,0.9902912621359222,1.0
guitarset/04_Rock2-85-F_comp_mix/track.npy,guitarset,0.9824561403508771,0.9333333333333333,0.9824561403508771,0.9333333333333333,0.802325439977864,0.7515922793256029,0.9911504424778761,0.9655172413793104
guitarset/04_SS1-100-C#_comp_mix/track.npy,guitarset,1.0,1.0,1.0,1.0,0.9477541634076624,0.925785226588397,1.0,1.0
guitarset/05_Jazz3-137-Eb_comp_mix/track.npy,guitarset,1.0,1.0,1.0,1.0,0.7828034052784835,0.7896136054650029,1.0,1.0
guitarset/05_Rock1-130-A_comp_mix/track.npy,guitarset,1.0,1.0,1.0,1.0,0.8469051294796432,0.8111415399308997,1.0,1.0
guitarset/05_SS1-68-E_comp_mix/track.npy,guitarset,0.2125,0.9090909090909091,0.2125,0.9090909090909091,0.5668724384227488,0.7426744423331046,0.6885245901639345,0.9523809523809523
hainsworth/hainsworth_002/track.npy,hainsworth,0.5882352941176471,1.0,0.3431372549019608,1.0,0.49312374128803005,0.3560086653111472,0.3823529411764706,0.38461538461538464
hainsworth/hainsworth_019/track.npy,hainsworth,1.0,1.0,1.0,1.0,0.9755961376924673,0.9844401752174695,1.0,1.0
hainsworth/hainsworth_035/track.npy,hainsworth,0.883495145631068,0.6153846153846154,0.883495145631068,0.6153846153846154,0.8265664508460925,0.6829279676796826,0.9365853658536586,0.8
hainsworth/hainsworth_038/track.npy,hainsworth,0.9834710743801653,1.0,0.9834710743801653,1.0,0.9767384634412162,0.9781402451704897,0.995850622406639,1.0
hainsworth/hainsworth_041/track.npy,hainsworth,1.0,1.0,1.0,1.0,0.9854384687809282,0.9824897002105771,1.0,1.0
hainsworth/hainsworth_043/track.npy,hainsworth,1.0,1.0,1.0,1.0,0.9644763915989498,0.9710007592021861,1.0,1.0
hainsworth/hainsworth_045/track.npy,hainsworth,1.0,1.0,1.0,1.0,0.9811835267944221,0.9842070628761916,1.0,1.0
hainsworth/hainsworth_051/track.npy,hainsworth,1.0,1.0,1.0,1.0,0.9816640073446901,0.9873132986881457,1.0,1.0
hainsworth/hainsworth_053/track.npy,hainsworth,1.0,0.6060606060606061,1.0,0.6060606060606061,0.9451816481838509,0.6387825571163529,1.0,0.6666666666666666
hainsworth/hainsworth_065/track.npy,hainsworth,1.0,0.5652173913043478,1.0,0.5652173913043478,0.9596745542120377,0.6709399125024565,1.0,0.6976744186046512
hainsworth/hainsworth_067/track.npy,hainsworth,1.0,1.0,1.0,1.0,0.9771180522143614,0.9800171131524418,1.0,1.0
hainsworth/hainsworth_080/track.npy,hainsworth,0.9901960784313726,1.0,0.9901960784313726,1.0,0.6833541943199357,0.6819405667182619,0.935960591133005,0.88
hainsworth/hainsworth_081/track.npy,hainsworth,1.0,1.0,1.0,1.0,0.9660642211155644,0.9731534197876633,1.0,1.0
hainsworth/hainsworth_092/track.npy,hainsworth,1.0,1.0,1.0,1.0,0.9642021722596839,0.9729376806022754,1.0,1.0
hainsworth/hainsworth_104/track.npy,hainsworth,0.97165991902834,1.0,0.97165991902834,1.0,0.8870215250286068,0.9050117946599925,1.0,1.0
hainsworth/hainsworth_139/track.npy,hainsworth,0.96,0.8888888888888888,0.96,0.8888888888888888,0.9393605609931369,0.9248117878040607,0.9798657718120806,0.9714285714285714
hainsworth/hainsworth_161/track.npy,hainsworth,1.0,1.0,1.0,1.0,0.9826988944012993,0.9812087973646894,1.0,1.0
hainsworth/hainsworth_170/track.npy,hainsworth,1.0,1.0,1.0,1.0,0.9835510382575418,0.984831902760185,1.0,1.0
hainsworth/hainsworth_175/track.npy,hainsworth,1.0,1.0,1.0,1.0,0.9813302552742028,0.9721398253521943,1.0,1.0
hainsworth/hainsworth_188/track.npy,hainsworth,0.631578947368421,0.4222222222222222,0.631578947368421,0.21875,0.8056128817472382,0.62901745164299,0.888888888888889,0.6545454545454547
hainsworth/hainsworth_194/track.npy,hainsworth,0.5,0.5833333333333334,0.5,0.36,0.7884601458979649,0.4806709673262707,0.8571428571428571,0.4081632653061225
hainsworth/hainsworth_215/track.npy,hainsworth,1.0,1.0,1.0,1.0,0.9731580901963428,0.9532697645214757,1.0,1.0
hainsworth/hainsworth_216/track.npy,hainsworth,1.0,1.0,1.0,1.0,0.9701868881985642,0.9640457881398763,1.0,1.0
hainsworth/hainsworth_218/track.npy,hainsworth,0.7752808988764045,0.05555555555555555,0.7752808988764045,0.0,0.6580772541388814,0.1563646574731557,0.7975460122699387,0.05555555555555555
hainsworth/hainsworth_219/track.npy,hainsworth,0.90625,0.36363636363636365,0.90625,0.36363636363636365,0.8019525300339118,0.29814038192921893,0.9289617486338797,0.36363636363636365
hainsworth/hainsworth_224/track.npy,hainsworth,1.0,1.0,1.0,1.0,0.8486035943199566,0.9300510051823369,1.0,1.0
hainsworth/hainsworth_235/track.npy,hainsworth,0.9918032786885246,1.0,0.9918032786885246,1.0,0.9773546981965603,0.9788759364815981,0.9958847736625513,1.0
hainsworth/hainsworth_245/track.npy,hainsworth,0.7450980392156863,0.16666666666666666,0.08247422680412371,0.16666666666666666,0.7606840149056878,0.4230297482817652,0.6756756756756755,0.380952380952381
harmonix/0001_12step/track.npy,harmonix,1.0,1.0,1.0,1.0,0.9126030162458824,0.9162340447015037,1.0,1.0
harmonix/0022_betteroffalone/track.npy,harmonix,0.7865612648221344,0.926829268292683,0.7865612648221344,0.926829268292683,0.8639199134458425,0.8579982309618956,0.8861788617886179,0.8806584362139918
harmonix/0024_billionaire/track.npy,harmonix,0.9828178694158075,0.972972972972973,0.9828178694158075,0.972972972972973,0.952345426063881,0.9475242750476804,0.9810671256454389,0.979591836734694
harmonix/0048_chingaling/track.npy,harmonix,0.9318181818181818,0.948051948051948,0.9318181818181818,0.948051948051948,0.8927229352611764,0.8938344596243113,0.9648241206030149,0.9733333333333333
harmonix/0056_control/track.npy,harmonix,0.8888888888888888,0.8405797101449275,0.8888888888888888,0.8405797101449275,0.9092480616266875,0.8828737783295214,0.9411764705882353,0.9133858267716535
harmonix/0057_crankthat/track.npy,harmonix,1.0,1.0,0.0,0.0,0.8105829241176348,0.8052753128233683,0.6681715575620767,0.6666666666666666
harmonix/0062_dance/track.npy,harmonix,0.9523809523809523,0.9880952380952381,0.9523809523809523,0.9880952380952381,0.9256501406796271,0.9273005937877868,0.9699699699699699,0.9820359281437125
harmonix/0070_dipitlow/track.npy,harmonix,0.6023622047244095,0.6060606060606061,0.6023622047244095,0.6060606060606061,0.7450120031473183,0.7083760924940555,0.87527352297593,0.8376068376068376
harmonix/0082_dragosteadintei/track.npy,harmonix,0.9843400447427293,0.9821428571428571,0.9843400447427293,0.9821428571428571,0.8957112936896948,0.8861621327952338,0.992108229988726,0.9909909909909909
harmonix/0105_getdownonit/track.npy,harmonix,0.9929411764705882,0.5981308411214953,0.9929411764705882,0.5981308411214953,0.9816753251677832,0.7663833966593341,0.9976415094339623,0.78125
harmonix/0134_igotmine/track.npy,harmonix,0.9393939393939394,0.8933333333333333,0.003367003367003367,0.020134228187919462,0.7658986085318314,0.7658085124839473,0.6431818181818183,0.6454545454545454
harmonix/0135_igottafeeling/track.npy,harmonix,0.9973333333333333,1.0,0.9973333333333333,1.0,0.9481986002248743,0.9486742098276959,0.9986648865153538,1.0
harmonix/0136_igotyoudancing/track.npy,harmonix,1.0,1.0,1.0,1.0,0.9629005572911592,0.9656804799355574,1.0,1.0
harmonix/0143_informer/track.npy,harmonix,0.990521327014218,1.0,0.990521327014218,1.0,0.9305227308835279,0.9322998392878735,0.9952380952380951,1.0
harmonix/0144_ishotthesheriff/track.npy,harmonix,0.39751552795031053,0.3546511627906977,0.29839883551673946,0.3546511627906977,0.7186184946823317,0.6755962049230076,0.7350427350427351,0.6989619377162629
harmonix/0145_iwantyouback/track.npy,harmonix,0.9071428571428571,0.631578947368421,0.9071428571428571,0.631578947368421,0.9023584846586011,0.8121992351375291,0.933572710951526,0.8435374149659864
harmonix/0148_jesusofsuburbia/track.npy,harmonix,0.5465346534653466,0.3216216216216216,0.5465346534653466,0.3216216216216216,0.8003601450740156,0.6637473938492375,0.8559822747415066,0.7066052227342549
harmonix/0165_lucretia/track.npy,harmonix,0.5918803418803419,0.536,0.5918803418803419,0.536,0.8405484960044242,0.776243916474929,0.8703923900118906,0.8036529680365296
harmonix/0167_makesomenoise/track.npy,harmonix,0.996996996996997,1.0,0.996996996996997,1.0,0.9488637806953354,0.9492442824140155,0.9984962406015038,1.0
harmonix/0172_marrythenight/track.npy,harmonix,0.9875776397515528,0.8395061728395061,0.9875776397515528,0.8395061728395061,0.9376453888770552,0.9169132530185393,0.9953343701399688,0.9615384615384615
harmonix/0177_milkshake/track.npy,harmonix,1.0,1.0,1.0,1.0,0.913601650342637,0.9093192108065583,1.0,1.0
harmonix/0181_mrsaxobeat/track.npy,harmonix,0.9949367088607595,1.0,0.9949367088607595,1.0,0.9633170120185538,0.9681821533506931,0.9974683544303797,1.0
harmonix/0200_oceansize/track.npy,harmonix,0.8206388206388207,0.83,0.8206388206388207,0.83,0.8923289441493204,0.8489747765337649,0.9279393173198482,0.8673469387755102
harmonix/0208_opp/track.npy,harmonix,0.9883720930232558,0.35772357723577236,0.9883720930232558,0.35772357723577236,0.9552145240658408,0.5643269177607718,0.9941520467836257,0.5826086956521739
harmonix/0216_poison/track.npy,harmonix,0.9921568627450981,1.0,0.9921568627450981,1.0,0.9738745487406711,0.9845273358958555,0.9960629921259843,1.0
harmonix/0227_replay/track.npy,harmonix,1.0,1.0,1.0,1.0,0.9693797351134448,0.9644204437517163,1.0,1.0
harmonix/0231_rightthurr/track.npy,harmonix,0.9954954954954955,1.0,0.9954954954954955,1.0,0.9292518876538773,0.9502192421117496,0.9977426636568849,1.0
harmonix/0237_run/track.npy,harmonix,0.989159891598916,1.0,0.989159891598916,1.0,0.8720859410761718,0.9084431765472682,0.9918478260869565,1.0
harmonix/0276_texasflood/track.npy,harmonix,0.9670691547749726,0.9306930693069307,0.9670691547749726,0.013559322033898305,0.9365102638108617,0.7581870488472795,0.9833702882483369,0.6487695749440716
harmonix/0284_thehustle/track.npy,harmonix,1.0,1.0,1.0,1.0,0.9486088105679846,0.9594925987573425,1.0,1.0
harmonix/0286_theragelive/track.npy,harmonix,0.7036144578313253,0.6428571428571429,0.7036144578313253,0.6428571428571429,0.7644745002894304,0.6763516071911143,0.9090909090909092,0.8556149732620321
harmonix/0293_tomsawyer2/track.npy,harmonix,0.40514075887392903,0.4146341463414634,0.38782608695652177,0.4146341463414634,0.7041066332057347,0.5451344153614007,0.8008130081300813,0.62882096069869
harmonix/0304_weaponofchoice/track.npy,harmonix,0.6639839034205232,0.5256410256410257,0.2014388489208633,0.5256410256410257,0.7357928716015308,0.7691837074667174,0.7477477477477478,0.8510638297872339
harmonix/0310_whineup/track.npy,harmonix,1.0,1.0,1.0,1.0,0.9818405725090285,0.9781665619490535,1.0,1.0
harmonix/0312_whitefalconfuzz/track.npy,harmonix,1.0,0.8271604938271605,1.0,0.8271604938271605,0.839343543938977,0.6989244732753641,0.9936908517350158,0.8679245283018868
harmonix/0319_withoutyou/track.npy,harmonix,0.9959758551307847,1.0,0.9959758551307847,1.0,0.9556328768665463,0.9527525352095249,0.9979838709677419,1.0
harmonix/0322_wordup/track.npy,harmonix,0.9917864476386037,0.9918032786885246,0.9917864476386037,0.9918032786885246,0.9553932301203202,0.9562230408425878,0.9958762886597937,0.9958847736625513
harmonix/0325_ymca/track.npy,harmonix,1.0,1.0,1.0,1.0,0.9494672694974664,0.9348416621832141,1.0,1.0
harmonix/0328_youmakemefeeldc/track.npy,harmonix,0.9969418960244648,1.0,0.9969418960244648,1.0,0.9309001042242395,0.9352855362351039,0.9984686064318529,1.0
harmonix/0329_youreajerk/track.npy,harmonix,1.0,1.0,1.0,1.0,0.9528649521218854,0.9606764594234808,1.0,1.0
harmonix/0338_animal/track.npy,harmonix,0.997979797979798,1.0,0.997979797979798,1.0,0.8261029878821946,0.8103162351501869,0.9989888776541962,1.0
harmonix/0340_backintime/track.npy,harmonix,0.9976359338061466,1.0,0.9976359338061466,1.0,0.9813825820710357,0.9817558582283371,0.9988165680473373,1.0
harmonix/0352_boogiewonderland/track.npy,harmonix,0.9951612903225806,0.9935483870967742,0.9951612903225806,0.9935483870967742,0.8493865769848599,0.8783499136052323,0.9967689822294021,0.9967637540453074
harmonix/0355_brokenhearted/track.npy,harmonix,0.9977220956719818,0.990909090909091,0.9977220956719818,0.990909090909091,0.8253790968878598,0.8029338385403346,0.9988597491448118,0.995433789954338
harmonix/0358_children/track.npy,harmonix,1.0,1.0,1.0,1.0,0.5640304764841226,0.5846321194728091,1.0,1.0
harmonix/0361_countrymustbecountrywide/track.npy,harmonix,0.9911111111111112,0.8947368421052632,0.9911111111111112,0.8947368421052632,0.9703090720324384,0.9270976097680586,0.9977728285077951,0.954954954954955
harmonix/0369_dontyouworrychild/track.npy,harmonix,0.8858447488584474,0.9074074074074074,0.8858447488584474,0.9074074074074074,0.8968215751791315,0.9098494974720108,0.9216589861751152,0.9339622641509433
harmonix/0371_downunder/track.npy,harmonix,0.9707446808510638,0.9787234042553191,0.9707446808510638,0.9787234042553191,0.8775714846734344,0.8659142176193297,0.9851551956815114,0.989247311827957
harmonix/0373_driveby/track.npy,harmonix,0.9946236559139785,1.0,0.9946236559139785,1.0,0.9738252472202581,0.9744478089955159,0.9973045822102425,1.0
harmonix/0392_givemeyourhand/track.npy,harmonix,0.9849785407725322,0.9913793103448276,0.9849785407725322,0.9913793103448276,0.9598763720747769,0.9616499307667826,0.9924324324324324,0.9956709956709957
harmonix/0400_heatofthemoment/track.npy,harmonix,0.9105367793240556,0.6341463414634146,0.9105367793240556,0.6341463414634146,0.7963837816988597,0.6377378310123055,0.9172482552342972,0.7219917012448133
harmonix/0404_holditagainstme/track.npy,harmonix,0.9918367346938776,1.0,0.9918367346938776,1.0,0.9728439396213271,0.9753139799613255,0.9959016393442623,1.0
harmonix/0405_home/track.npy,harmonix,1.0,1.0,1.0,1.0,0.3992152924448924,0.40780642148947477,0.9704545454545455,0.9727272727272728
harmonix/0420_itsrainingmen/track.npy,harmonix,0.9764957264957265,0.9243697478991597,0.9764957264957265,0.9243697478991597,0.8422203845062469,0.8339208450012399,0.988108108108108,0.9743589743589743
harmonix/0422_itwillrain/track.npy,harmonix,0.7495854063018242,0.7748344370860927,0.14366729678638943,0.09774436090225563,0.8130670975248494,0.7983684207984888,0.7268351383874849,0.6889952153110048
harmonix/0446_midnightcity/track.npy,harmonix,0.9584352078239609,0.9607843137254902,0.9584352078239609,0.9607843137254902,0.964344353359144,0.9649157304703191,0.978776529338327,0.98
harmonix/0450_more/track.npy,harmonix,0.9753363228699552,0.972972972972973,0.9753363228699552,0.972972972972973,0.9588452869714313,0.9534303719465587,0.9898305084745762,0.9864253393665158
harmonix/0458_notorious/track.npy,harmonix,0.9975728155339806,1.0,0.9975728155339806,1.0,0.9481131082260684,0.9460700328837185,0.9987849331713243,1.0
harmonix/0474_pleasedontgo/track.npy,harmonix,0.9973474801061007,0.9479166666666666,0.9973474801061007,0.9479166666666666,0.9788304583213063,0.9597687586324012,0.99867197875166,0.9789473684210526
harmonix/0494_somebodythatiusedtoknow/track.npy,harmonix,0.9941176470588236,0.9296875,0.9941176470588236,0.9296875,0.9795543753790862,0.927774385579632,0.9980353634577603,0.9448818897637795
harmonix/0497_speakers/track.npy,harmonix,0.8034351145038168,0.9444444444444444,0.8034351145038168,0.9444444444444444,0.9189506216311772,0.9359966189517236,0.9332003988035892,0.951219512195122
harmonix/0521_tooclose/track.npy,harmonix,0.96484375,0.9767441860465116,0.96484375,0.9767441860465116,0.9018248015788228,0.9061619288651419,0.9861932938856015,0.988235294117647
harmonix/0524_undoit/track.npy,harmonix,0.9910313901345291,0.9464285714285714,0.9910313901345291,0.9464285714285714,0.9239480739620927,0.9014605879233455,0.9954954954954954,0.972972972972973
harmonix/0530_whatthehell/track.npy,harmonix,0.99812382739212,1.0,0.99812382739212,1.0,0.9690638679452267,0.9703069002578465,0.9990610328638497,1.0
harmonix/0538_you/track.npy,harmonix,0.9790794979079498,1.0,0.9790794979079498,1.0,0.952117922732749,0.9469532146754409,0.9915966386554622,1.0
harmonix/0569_arrow/track.npy,harmonix,0.8927738927738927,0.9158878504672897,0.8927738927738927,0.9158878504672897,0.9435012975533315,0.9084185571959027,0.9618138424821003,0.9282296650717703
harmonix/0577_battlefieldmainversion/track.npy,harmonix,0.5670391061452514,0.611764705882353,0.5670391061452514,0.611764705882353,0.732423167136584,0.7401108272958173,0.8675078864353313,0.8831168831168831
harmonix/0603_breaktheicejasonnevinsmix/track.npy,harmonix,0.9980842911877394,0.7692307692307693,0.9980842911877394,0.7692307692307693,0.9478235675956511,0.7605261732120787,0.9990412272291467,0.8125
harmonix/0616_citygirl/track.npy,harmonix,0.8013468013468014,0.8108108108108109,0.8013468013468014,0.8108108108108109,0.8532992528991695,0.8254225705998407,0.9397163120567377,0.9361702127659575
harmonix/0625_complicated/track.npy,harmonix,0.9867549668874173,0.9868421052631579,0.9867549668874173,0.9868421052631579,0.9617646848965313,0.9502519506810838,0.9933333333333334,0.9933774834437086
harmonix/0643_dontrush/track.npy,harmonix,0.9693251533742331,0.9753086419753086,0.9693251533742331,0.9753086419753086,0.9428443256033026,0.9415002851277231,0.9844236760124611,0.9875
harmonix/0644_dontsayaword/track.npy,harmonix,0.8826666666666667,0.8404255319148937,0.8826666666666667,0.8404255319148937,0.8757571523378528,0.8369019989703338,0.9397260273972602,0.9162011173184357
harmonix/0662_everytimewetouch/track.npy,harmonix,1.0,1.0,1.0,1.0,0.9208396159679196,0.9242411067431096,0.998371335504886,1.0
harmonix/0666_fallin/track.npy,harmonix,0.05733558178752108,0.6206896551724138,0.05733558178752108,0.21212121212121213,0.4814706880492334,0.7368781671601923,0.5315203955500618,0.7388535031847133
harmonix/0673_feelsliketonight/track.npy,harmonix,0.9959016393442623,1.0,0.9959016393442623,1.0,0.9834983930495041,0.9820922792314414,0.997946611909651,1.0
harmonix/0678_fireflies/track.npy,harmonix,0.990506329113924,1.0,0.990506329113924,1.0,0.9785781240863279,0.9803764157166576,0.9952305246422893,1.0
harmonix/0679_firsttime/track.npy,harmonix,0.9951923076923077,1.0,0.9951923076923077,1.0,0.9646636375481902,0.960235347746734,0.9975903614457832,1.0
harmonix/0689_gettinoveryou/track.npy,harmonix,0.9737226277372263,0.9883720930232558,0.9737226277372263,0.9883720930232558,0.9403011818590502,0.9367586417054293,0.9860601614086574,0.9883040935672515
harmonix/0695_goodbyegoodbye/track.npy,harmonix,0.9932735426008968,0.7946428571428571,0.9932735426008968,0.7946428571428571,0.9734581892210663,0.8286581881577468,0.995505617977528,0.8482142857142857
harmonix/0698_goodtime/track.npy,harmonix,0.9733656174334141,0.9711538461538461,0.9733656174334141,0.9711538461538461,0.9512121032389933,0.9516732882039003,0.9865030674846627,0.9853658536585366
harmonix/0715_hellodadalife/track.npy,harmonix,0.9216783216783216,0.8034682080924855,0.9216783216783216,0.8034682080924855,0.9128810670017409,0.8081981035170355,0.9715909090909091,0.8579881656804734
harmonix/0719_hipsdontlie/track.npy,harmonix,0.9856733524355301,1.0,0.9856733524355301,1.0,0.9078716172826876,0.8956263173107234,0.98989898989899,0.9883720930232558
harmonix/0728_howyouremindme/track.npy,harmonix,0.9701986754966887,0.9736842105263158,0.9701986754966887,0.9736842105263158,0.8663889568751257,0.8507901000075373,0.9848739495798319,0.9866666666666666
harmonix/0734_iftodaywasyourlastday/track.npy,harmonix,0.9829059829059829,0.9775280898876404,0.9829059829059829,0.9775280898876404,0.9775741686898326,0.9728033746487199,0.9913793103448275,0.9886363636363636
harmonix/0737_ihatethispart/track.npy,harmonix,0.7852193995381063,0.9065420560747663,0.7852193995381063,0.9065420560747663,0.8302178501182579,0.8278517389868728,0.9113001215066828,0.9019607843137255
harmonix/0741_iknowyoucare/track.npy,harmonix,0.9258241758241759,0.5555555555555556,0.9258241758241759,0.5555555555555556,0.8973659387274957,0.600772437065594,0.9668508287292817,0.6363636363636364
harmonix/0753_inreallife/track.npy,harmonix,0.9867256637168141,0.9821428571428571,0.9867256637168141,0.9821428571428571,0.9268599499450504,0.9252501551032095,0.9933184855233852,0.9909909909909909
harmonix/0773_kissmethruthephone/track.npy,harmonix,0.9871244635193133,0.9655172413793104,0.9871244635193133,0.9655172413793104,0.9783507001823042,0.9733138962806965,0.9935205183585313,0.9913043478260869
harmonix/0780_letmebereal/track.npy,harmonix,0.9973262032085561,1.0,0.9973262032085561,1.0,0.9351356953308001,0.9362783080697603,0.998661311914324,1.0
harmonix/0785_littleliesnow/track.npy,harmonix,0.9935275080906149,1.0,0.9935275080906149,1.0,0.9265049932483683,0.933120175124385,0.9967532467532468,1.0
harmonix/0808_makethemoney/track.npy,harmonix,0.9811912225705329,0.810126582278481,0.9811912225705329,0.810126582278481,0.9255085883480426,0.8030193725760285,0.990506329113924,0.8333333333333334
harmonix/0810_memoriesextended/track.npy,harmonix,0.9985272459499264,1.0,0.9985272459499264,1.0,0.9776145151720249,0.9827440274241273,0.9992630803242447,1.0
harmonix/0811_miami2ibiza/track.npy,harmonix,0.9862637362637363,0.9340659340659341,0.9862637362637363,0.9340659340659341,0.9523912041728124,0.9224310347719225,0.9931224209078404,0.9777777777777779
harmonix/0819_myblood/track.npy,harmonix,0.8901734104046243,0.8604651162790697,0.8901734104046243,0.8604651162790697,0.8836340533356104,0.814994776122657,0.9554896142433235,0.8928571428571429
harmonix/0825_myloveislikeastar/track.npy,harmonix,0.9795081967213115,0.9836065573770492,0.9795081967213115,0.9836065573770492,0.9389613434468479,0.9295946826350968,0.989648033126294,0.9917355371900827
harmonix/0830_nightwatch/track.npy,harmonix,0.801980198019802,0.5142857142857142,0.801980198019802,0.5142857142857142,0.8250086959742444,0.5988734767819346,0.8471760797342193,0.6153846153846153
harmonix/0834_nosurprise/track.npy,harmonix,0.9751381215469613,0.9340659340659341,0.9751381215469613,0.9340659340659341,0.9506883902043258,0.9166497515580354,0.9874125874125874,0.9555555555555557
harmonix/0843_omgalmighty/track.npy,harmonix,0.9892215568862276,0.9857142857142858,0.9892215568862276,0.9857142857142858,0.9596001167054856,0.9632494872067194,0.9945815773630344,0.9928057553956835
harmonix/0854_overmyheadcablecar/track.npy,harmonix,0.9683972911963883,0.972972972972973,0.9683972911963883,0.972972972972973,0.9461110001646927,0.9436801351510838,0.9839816933638443,0.9863013698630138
harmonix/0880_righthere/track.npy,harmonix,0.9933554817275747,1.0,0.9933554817275747,1.0,0.957099347560426,0.9522940692995012,0.9966777408637874,1.0
harmonix/0884_rockstar/track.npy,harmonix,1.0,1.0,1.0,1.0,0.952624175279084,0.9577072653632752,1.0,1.0
harmonix/0891_savetheworld/track.npy,harmonix,0.9221967963386728,0.981651376146789,0.9221967963386728,0.981651376146789,0.8562746183867831,0.860049504904045,0.9455388180764773,0.9444444444444445
harmonix/0903_shakethatbubblenow/track.npy,harmonix,0.9555555555555556,0.9620253164556962,0.9555555555555556,0.9620253164556962,0.9570595622578869,0.9528141560628699,0.9772727272727273,0.9806451612903226
harmonix/0904_shewolf/track.npy,harmonix,0.9945652173913043,0.7604166666666666,0.9945652173913043,0.7604166666666666,0.9618972058174597,0.8039855349352945,0.9972752043596731,0.823529411764706
harmonix/0906_shutupanddrive/track.npy,harmonix,0.9891067538126361,0.9130434782608695,0.9891067538126361,0.9130434782608695,0.9803495826766592,0.9308208910615694,0.9945235487404162,0.9432314410480349
harmonix/0907_skyscraper/track.npy,harmonix,0.997275204359673,1.0,0.997275204359673,1.0,0.9472172694339368,0.9379618113627625,0.9986357435197818,1.0
harmonix/0921_stronger/track.npy,harmonix,0.9761336515513126,0.9807692307692307,0.9761336515513126,0.9807692307692307,0.9465949091189085,0.9556927194754802,0.9832535885167464,0.9903846153846154
harmonix/0923_sunandmoon/track.npy,harmonix,0.9749276759884281,0.6731517509727627,0.9749276759884281,0.6731517509727627,0.8821060511871948,0.6429016864753977,0.9883833494675701,0.7233201581027668
harmonix/0945_thewayiareradio/track.npy,harmonix,0.9700598802395209,0.9759036144578314,0.9700598802395209,0.9759036144578314,0.9561308242668167,0.9604285144599934,0.9848024316109423,0.9878048780487805
harmonix/0960_umbrella/track.npy,harmonix,0.971830985915493,0.9775280898876404,0.971830985915493,0.9775280898876404,0.9190807566394291,0.9154616678678038,0.9857142857142858,0.9886363636363636
harmonix/0962_usagainsttheworldjason/track.npy,harmonix,0.9751724137931035,1.0,0.9751724137931035,1.0,0.7768140333585757,0.7806964001204043,0.966183574879227,0.9558011049723757
harmonix/0981_whenyouregone/track.npy,harmonix,0.9962825278810409,0.8955223880597015,0.9962825278810409,0.8955223880597015,0.8754867789895643,0.7797301646069774,0.9962825278810409,0.9253731343283582
harmonix/0989_womanizer/track.npy,harmonix,1.0,1.0,1.0,1.0,0.9770979995205087,0.9806430595718634,1.0,1.0
harmonix/1001_yourloveismydrugdave/track.npy,harmonix,0.9850427350427351,0.9914529914529915,0.9850427350427351,0.9914529914529915,0.958246417933739,0.9586232394948896,0.992465016146394,0.9957081545064378
hjdb/hjdb_2_Bad_Mice_Take_You/track.npy,hjdb,1.0,1.0,1.0,1.0,0.9778972396755475,0.9840448600640572,1.0,1.0
hjdb/hjdb_Alright_With_Me/track.npy,hjdb,1.0,1.0,1.0,1.0,0.9619134417885536,0.9768102765697189,1.0,1.0
hjdb/hjdb_Bouncing/track.npy,hjdb,1.0,1.0,1.0,1.0,0.9825057705090885,0.9776020849580614,1.0,1.0
hjdb/hjdb_Captain_Of_This_Ship/track.npy,hjdb,1.0,1.0,1.0,1.0,0.9832418733790812,0.9892472954427298,1.0,1.0
hjdb/hjdb_Champion_Sound/track.npy,hjdb,0.9951456310679612,1.0,0.9951456310679612,1.0,0.9760016465427372,0.9667748683555979,0.9975669099756691,1.0
hjdb/hjdb_Champion_Sound_(Doc_Scott_Remix)/track.npy,hjdb,1.0,1.0,1.0,1.0,0.9790464967547238,0.9756584120181662,1.0,1.0
hjdb/hjdb_Cold_Fresh_Air_(Remix)/track.npy,hjdb,1.0,0.9523809523809523,1.0,0.9523809523809523,0.9785937747586223,0.9479802653794169,1.0,0.975609756097561
hjdb/hjdb_Deep_Cover/track.npy,hjdb,0.9856115107913669,0.9714285714285714,0.9856115107913669,0.9714285714285714,0.9680340667957511,0.9559629387610024,0.9927536231884058,0.9855072463768115
hjdb/hjdb_Deep_Love/track.npy,hjdb,0.975609756097561,0.9523809523809523,0.975609756097561,0.9523809523809523,0.9731424003803383,0.9565352280145584,0.9876543209876543,0.975609756097561
hjdb/hjdb_Digable_Bass/track.npy,hjdb,1.0,0.0,1.0,0.0,0.9802672687056674,0.08159505062514266,1.0,0.07272727272727272
hjdb/hjdb_Do_It_Together_(The_Baggys_Mix)/track.npy,hjdb,1.0,1.0,1.0,1.0,0.9808314808119133,0.9734984049875728,1.0,1.0
hjdb/hjdb_Factor_5/track.npy,hjdb,0.9791666666666666,0.9230769230769231,0.9791666666666666,0.9230769230769231,0.9563242074610376,0.9428173165166858,0.9894736842105264,0.9600000000000001
hjdb/hjdb_Give_A_Little_Love_(Remix)/track.npy,hjdb,1.0,1.0,1.0,1.0,0.9792000472782626,0.9688971409586941,1.0,1.0
hjdb/hjdb_Gonna_Be_Alright/track.npy,hjdb,1.0,1.0,1.0,1.0,0.9810456901262553,0.9752371353614591,1.0,1.0
hjdb/hjdb_Hardcore_Junglism/track.npy,hjdb,1.0,1.0,1.0,1.0,0.9784101679298971,0.9796129063220417,1.0,1.0
hjdb/hjdb_I_Need_Your_Lovin/track.npy,hjdb,1.0,1.0,1.0,1.0,0.9885298339086176,0.9908274881049443,1.0,1.0
hjdb/hjdb_Incredible_Bass_(Remix)/track.npy,hjdb,0.987012987012987,0.95,0.987012987012987,0.95,0.9689760851526826,0.9507411801766642,0.987012987012987,0.9743589743589743
hjdb/hjdb_Last_Action_Hero/track.npy,hjdb,1.0,1.0,1.0,1.0,0.9791774113960807,0.9812359579573134,1.0,1.0
hjdb/hjdb_My_Own_(Hixxy_and_UFO_Remix)/track.npy,hjdb,1.0,1.0,1.0,1.0,0.9718108522801016,0.9674869059389362,1.0,1.0
hjdb/hjdb_On_My_Own_(Rmx)/track.npy,hjdb,1.0,1.0,1.0,1.0,0.9857979998941778,0.9833265105044481,1.0,1.0
hjdb/hjdb_Rhythm/track.npy,hjdb,1.0,1.0,1.0,1.0,0.9732975564892387,0.9808892568546658,1.0,1.0
hjdb/hjdb_Rock_To_The_Groove/track.npy,hjdb,1.0,1.0,1.0,1.0,0.9778769947046244,0.981083927975477,1.0,1.0
hjdb/hjdb_Ruff/track.npy,hjdb,1.0,1.0,1.0,1.0,0.9814830398136154,0.9840688896922543,1.0,1.0
hjdb/hjdb_Ruff_(Remix)/track.npy,hjdb,1.0,0.6538461538461539,1.0,0.6538461538461539,0.9740256162703976,0.8318318294215025,1.0,0.875
hjdb/hjdb_Ruff_Beats/track.npy,hjdb,1.0,1.0,1.0,1.0,0.9744446738589365,0.9832908493824973,1.0,1.0
hjdb/hjdb_Screw_Face/track.npy,hjdb,1.0,1.0,1.0,1.0,0.9780346106344487,0.9877814300392151,1.0,1.0
hjdb/hjdb_So_Good/track.npy,hjdb,0.9932432432432432,1.0,0.9932432432432432,1.0,0.9790202393812609,0.9848151531605159,0.9966101694915254,1.0
hjdb/hjdb_Storm_Trooper/track.npy,hjdb,1.0,1.0,1.0,1.0,0.9837012863012606,0.9878589710675536,1.0,1.0
hjdb/hjdb_The_Core/track.npy,hjdb,1.0,1.0,1.0,1.0,0.9757607805165152,0.9770145333927907,1.0,1.0
hjdb/hjdb_Trip_II_The_Moon/track.npy,hjdb,1.0,1.0,1.0,1.0,0.9794220334989623,0.9818039549095219,1.0,1.0
jaah/jaah_007-bessie_smith_james_p_johnson-black_water_blues/track.npy,jaah,0.9294117647058824,0.36904761904761907,0.9294117647058824,0.36904761904761907,0.8038026421515901,0.451381269467257,0.9349112426035503,0.5131578947368421
jaah/jaah_010-duke_ellington_his_orchestra-blue_serge/track.npy,jaah,0.9814814814814815,0.835820895522388,0.9814814814814815,0.835820895522388,0.92103141951077,0.7990951018436734,0.9906542056074767,0.8721804511278195
jaah/jaah_017-duke_ellington_his_orchestra-concerto_for_cootie/track.npy,jaah,0.9811912225705329,1.0,0.9811912225705329,1.0,0.949660755029342,0.9562771534727977,0.9921259842519685,1.0
jaah/jaah_036-woody_herman_and_his_orchestra-four_brothers/track.npy,jaah,0.9708879184861717,0.936046511627907,0.9708879184861717,0.936046511627907,0.9431454271244626,0.904598230181116,0.9890270665691295,0.9532163742690059
jaah/jaah_044-chick_webb_and_his_orchestra-harlem_congo/track.npy,jaah,0.9033760186263097,0.8029556650246306,0.9033760186263097,0.8029556650246306,0.9268568451262994,0.8769686383719109,0.9677033492822966,0.9104859335038363
jaah/jaah_051-the_benny_goodman_sextet-i_found_a_new_baby_feat_charlie_christian_count_basie/track.npy,jaah,1.0,0.815068493150685,1.0,0.815068493150685,0.9754942165665437,0.7993807904958582,1.0,0.821917808219178
jaah/jaah_058-jelly_roll_morton-king_porter_stomp/track.npy,jaah,0.9941520467836257,0.9609375,0.9941520467836257,0.9609375,0.9787610218098103,0.9574683470324414,0.9970731707317074,0.9765625
jaah/jaah_062-original_dixieland_jazz_band-livery_stable_blues/track.npy,jaah,0.8176229508196722,0.8688524590163934,0.8176229508196722,0.8688524590163934,0.7821823699104187,0.8111746335745882,0.943436499466382,0.9579831932773109
jaah/jaah_075-bud_powell_trio-night_in_tunisia/track.npy,jaah,0.9847560975609756,0.9573170731707317,0.9847560975609756,0.9573170731707317,0.9614226418663188,0.9408808006267708,0.99079754601227,0.9693251533742332
jaah/jaah_082-louis_armstrong_and_his_hot_five-potato_head_blues/track.npy,jaah,0.9561904761904761,0.9375,0.9561904761904761,0.9375,0.9090507757941835,0.9227906960849249,0.9894128970163619,0.9802371541501976
jaah/jaah_095-louis_armstrong_and_his_orchestra-swing_that_music/track.npy,jaah,0.7335984095427436,0.8947368421052632,0.13318025258323765,0.05504587155963303,0.671435131472063,0.6684239827449394,0.7292576419213974,0.6867469879518072
jaah/jaah_101-billie_holiday-these_foolish_things/track.npy,jaah,0.8944954128440367,0.5303030303030303,0.8944954128440367,0.5303030303030303,0.8130990654493777,0.6461956118131412,0.9194312796208531,0.7521367521367521
jaah/jaah_109-cannonball_adderley-work_song/track.npy,jaah,0.9676258992805755,0.9423076923076923,0.9676258992805755,0.9423076923076923,0.7678151316323301,0.7317708632527584,0.9819277108433734,0.9685230024213075
jaah/jaah_112-ella_fitzgerald-youd_be_so_nice_to_come_home_to/track.npy,jaah,0.9459459459459459,1.0,0.9459459459459459,1.0,0.9513071358193013,0.9696997853572552,0.9820864067439411,1.0
rwc/rwc_classical_CD2_01/track.npy,rwc_classical,0.3877551020408163,0.43458980044345896,0.3877551020408163,0.25903614457831325,0.6707251800983632,0.6291484028300256,0.7790861987753179,0.6845878136200718
rwc/rwc_classical_CD2_05/track.npy,rwc_classical,0.9001148105625718,0.31724137931034485,0.9001148105625718,0.31724137931034485,0.7737710897560174,0.493760858078427,0.9191390343222804,0.5873015873015872
rwc/rwc_classical_CD4_14/track.npy,rwc_classical,0.7226890756302521,0.6078431372549019,0.7226890756302521,0.06818181818181818,0.7610153115509871,0.5178054277396191,0.9147982062780269,0.5714285714285714
rwc/rwc_classical_CD5_03/track.npy,rwc_classical,0.7880485527544351,0.8388278388278388,0.7880485527544351,0.8388278388278388,0.7031569649181721,0.7127108381545313,0.8492890995260662,0.8721804511278195
rwc/rwc_classical_CD5_06/track.npy,rwc_classical,0.33663366336633666,0.27906976744186046,0.33663366336633666,0.27906976744186046,0.6098617877209627,0.4139251215077541,0.6779661016949152,0.46913580246913583
rwc/rwc_classical_CD6_01/track.npy,rwc_classical,0.5037037037037037,0.28125,0.5037037037037037,0.28125,0.6324055904327295,0.3960800396876399,0.7883817427385891,0.49572649572649563
rwc/rwc_classical_CD6_02/track.npy,rwc_classical,0.35877862595419846,0.28735632183908044,0.05343511450381679,0.28735632183908044,0.47343408067336934,0.4660081558773019,0.6118251928020565,0.5815602836879432
rwc/rwc_classical_CD6_15/track.npy,rwc_classical,0.183739837398374,0.4155844155844156,0.183739837398374,0.1510791366906475,0.3566477098995292,0.33994584217634777,0.4862486248624862,0.45370370370370366
rwc/rwc_jazz_CD2_03/track.npy,rwc_jazz,0.31710709318497915,0.6063829787234043,0.31710709318497915,0.6063829787234043,0.5132535256872868,0.6199995364567846,0.5985401459854015,0.6974063400576369
rwc/rwc_jazz_CD2_04/track.npy,rwc_jazz,0.8308026030368764,0.8528138528138528,0.8308026030368764,0.8528138528138528,0.8178475125132991,0.8058799408484193,0.9348314606741573,0.9306487695749441
rwc/rwc_jazz_CD2_09/track.npy,rwc_jazz,0.6935933147632312,0.5523255813953488,0.6935933147632312,0.5523255813953488,0.696787626447241,0.6466113346065504,0.811965811965812,0.7378640776699029
rwc/rwc_jazz_CD3_07/track.npy,rwc_jazz,0.9626168224299065,0.8674698795180723,0.9626168224299065,0.8674698795180723,0.8403880698111001,0.8203514617444058,0.956386292834891,0.9390243902439024
rwc/rwc_jazz_CD3_10/track.npy,rwc_jazz,0.9542203147353362,0.9913419913419913,0.9542203147353362,0.9913419913419913,0.8665242241894923,0.8721011713255662,0.9761732851985558,0.991304347826087
rwc/rwc_jazz_CD4_02/track.npy,rwc_jazz,0.6577946768060836,0.9545454545454546,0.6577946768060836,0.9545454545454546,0.78422744179369,0.8416103351874787,0.8851774530271398,0.963302752293578
rwc/rwc_popular_CD1_13/track.npy,rwc_popular,0.9944289693593314,1.0,0.9944289693593314,1.0,0.9728559593438652,0.9759980944572807,0.9972067039106145,1.0
rwc/rwc_popular_CD2_01/track.npy,rwc_popular,0.9972602739726028,0.9891304347826086,0.9972602739726028,0.9891304347826086,0.9770167540859118,0.9689758049446131,0.9972602739726028,0.994535519125683
rwc/rwc_popular_CD2_10/track.npy,rwc_popular,0.9980276134122288,1.0,0.9980276134122288,1.0,0.969461302577075,0.9632850703167393,0.9980276134122288,1.0
rwc/rwc_popular_CD3_01/track.npy,rwc_popular,0.98,0.983739837398374,0.98,0.983739837398374,0.9638502885606315,0.9617750873568678,0.9909547738693467,0.9877551020408164
rwc/rwc_popular_CD3_05/track.npy,rwc_popular,0.9329529243937232,0.41714285714285715,0.9329529243937232,0.41714285714285715,0.8632907180726153,0.41399533163903435,0.9562724014336917,0.4385964912280702
rwc/rwc_popular_CD3_13/track.npy,rwc_popular,1.0,1.0,1.0,1.0,0.976995743432039,0.9792093027774185,1.0,1.0
rwc/rwc_popular_CD4_04/track.npy,rwc_popular,0.9939271255060729,1.0,0.9939271255060729,1.0,0.979887100135234,0.9827321691566043,0.9949341438703141,1.0
rwc/rwc_popular_CD4_06/track.npy,rwc_popular,0.9887133182844243,1.0,0.9887133182844243,1.0,0.9694677131884104,0.9727497426562143,0.9943246311010215,1.0
rwc/rwc_popular_CD4_13/track.npy,rwc_popular,0.9945054945054945,0.9197080291970803,0.9945054945054945,0.9197080291970803,0.9651346594276721,0.9198849543425321,0.9972451790633609,0.9450549450549451
rwc/rwc_popular_CD5_07/track.npy,rwc_popular,0.9921507064364207,1.0,0.9921507064364207,1.0,0.9128653103256182,0.933966046432815,0.9897879025923018,0.9937106918238994
rwc/rwc_popular_CD5_08/track.npy,rwc_popular,0.972972972972973,0.46153846153846156,0.972972972972973,0.46153846153846156,0.8125677343275421,0.45034505817512394,0.9632495164410058,0.48062015503875966
rwc/rwc_popular_CD6_08/track.npy,rwc_popular,0.99375,0.9416666666666667,0.99375,0.9416666666666667,0.9527580891814637,0.9291140332676899,0.9968652037617556,0.9707112970711297
rwc/rwc_royalty-free_CD1_01/track.npy,rwc_royalty-free,0.9705882352941176,0.9830508474576272,0.9705882352941176,0.9830508474576272,0.8732903699044167,0.8733057681510847,0.9850746268656716,0.9914529914529915
rwc/rwc_royalty-free_CD1_07/track.npy,rwc_royalty-free,0.979381443298969,0.9791666666666666,0.979381443298969,0.9791666666666666,0.889946111928159,0.9047575206509102,0.9895833333333333,0.9894736842105264
simac/simac_A_vida_me_fez_assim_04-O_passar_dos_anos/track.npy,simac,0.9583333333333334,0.0,0.9583333333333334,0.0,0.9361971003223418,0.0,0.9787234042553191,0.0
simac/simac_A_vida_me_fez_assim_14-Embala_eu_Samba_de_roda/track.npy,simac,0.8888888888888888,0.0,0.8888888888888888,0.0,0.8483863549516856,0.0,0.9411764705882353,0.0
simac/simac_Alfagamabetizado_05-Argila/track.npy,simac,0.75,0.0,0.75,0.0,0.7263754939911623,0.0,0.8205128205128205,0.0
simac/simac_Alfagamabetizado_10-Frases_Ventias/track.npy,simac,0.9473684210526315,0.0,0.9473684210526315,0.0,0.8900578251686893,0.0,0.972972972972973,0.0
simac/simac_As_Time_Goes_By_03-blue_moon/track.npy,simac,0.7931034482758621,0.0,0.7931034482758621,0.0,0.6596801536114374,0.0,0.8461538461538461,0.0
simac/simac_As_Time_Goes_By_10-i_used_to_be_colourblind/track.npy,simac,0.8333333333333334,0.0,0.8333333333333334,0.0,0.4852485528968844,0.0,0.606060606060606,0.0
simac/simac_As_time_goes_by_disk_2_04-Life_is_beautiful/track.npy,simac,0.9230769230769231,0.0,0.0,0.0,0.6831091236485223,0.0,0.6486486486486487,0.0
simac/simac_As_time_goes_by_disk_2_08-My_romance/track.npy,simac,0.8260869565217391,0.0,0.8260869565217391,0.0,0.7847534910000501,0.0,0.9047619047619047,0.0
simac/simac_BACH_WTC_03-Prelude_and_Fugue_No._2_in_C_minor_BWV_871_-_1._Praeludium/track.npy,simac,0.9375,0.0,0.9375,0.0,0.947712044274874,0.0,0.967741935483871,0.0
simac/simac_BACH_WTC_05-Prelude_and_Fugue_No._3_in_C-sharp_major_BWV_872_-_1._Praeludium/track.npy,simac,0.9090909090909091,0.0,0.9090909090909091,0.0,0.9193330403536102,0.0,0.9523809523809523,0.0
simac/simac_Bach_Bach_-_BWV_639_-_Ich_ruf_zu_dir_Herr_Jesu_Christ/track.npy,simac,0.26666666666666666,0.0,0.26666666666666666,0.0,0.3003274531930156,0.0,0.43478260869565216,0.0
simac/simac_Bach_The_Well-Tempered_Clavier_II_(Disc_1)_16-Prelude_and_Fugue_No._8_in_D-sharp_minor_BWV_877_-_2._Fuga/track.npy,simac,0.9166666666666666,0.0,0.9166666666666666,0.0,0.9395060562954948,0.0,0.9565217391304348,0.0
simac/simac_Bach_The_Well-Tempered_Clavier_II_(Disc_1)_23-Prelude_and_Fugue_No._12_in_F_minor_BWV_881_-_1._Praeludium/track.npy,simac,0.9655172413793104,0.0,0.9655172413793104,0.0,0.8365824595548994,0.0,0.9824561403508771,0.0
simac/simac_Bach_The_Well-Tempered_Clavier_II_(Disc_2)_08-Prelude_and_Fugue_No._16_G_minor_BWV_885_-_2._Fuga/track.npy,simac,0.8666666666666667,0.0,0.8666666666666667,0.0,0.9247920293897242,0.0,0.9473684210526316,0.0
simac/simac_Bach_The_Well-Tempered_Clavier_II_(Disc_2)_10-Prelude_and_Fugue_No._17_A-flats_major_BWV_886_-_2._Fuga/track.npy,simac,0.9,0.0,0.9,0.0,0.8701960457774959,0.0,0.9310344827586207,0.0
simac/simac_Beethoven_The_String_Quartets_-_CD_3_07-III_Allegretto_-_Maggiore_(Theme_russe)/track.npy,simac,0.8157894736842105,0.0,0.8157894736842105,0.0,0.7354970232450546,0.0,0.8493150684931505,0.0
simac/simac_Bernstein_conducts_Stravinsky_02-The_augurs_of_spring/track.npy,simac,0.8571428571428571,0.0,0.8571428571428571,0.0,0.636637835616752,0.0,0.888888888888889,0.0
simac/simac_Bernstein_conducts_Stravinsky_05-Games_of_the_rival_tribes/track.npy,simac,0.56,0.0,0.56,0.0,0.7059234487879341,0.0,0.7999999999999999,0.0
simac/simac_Bernstein_conducts_Stravinsky_25-The_masqueraders/track.npy,simac,0.1282051282051282,0.0,0.0,0.0,0.32525799843967407,0.0,0.30303030303030304,0.0
simac/simac_Cafe_Zimmermann_09-Suite_en_ut_majeur_BWV_1066_-_Forlane/track.npy,simac,0.9583333333333334,0.0,0.9583333333333334,0.0,0.9301095297195505,0.0,0.9787234042553191,0.0
simac/simac_Cafe_Zimmermann_11-Suite_en_ut_majeur_BWV_1066_-_Bourres_I_&_II/track.npy,simac,1.0,0.0,1.0,0.0,0.9055023380913059,0.0,1.0,0.0
simac/simac_Chopin_Piano_Concerto_No._1_etc_03-III_Rondo_(Vivace)/track.npy,simac,0.8787878787878788,0.0,0.8787878787878788,0.0,0.7663417698169958,0.0,0.8709677419354839,0.0
simac/simac_Classic_Track_04/track.npy,simac,0.34782608695652173,0.0,0.34782608695652173,0.0,0.3163966413577378,0.0,0.411764705882353,0.0
simac/simac_Concert_02-2._Vivace/track.npy,simac,0.8823529411764706,0.0,0.8823529411764706,0.0,0.7330220370503508,0.0,0.9375,0.0
simac/simac_Concert_24-4._Presto/track.npy,simac,0.8636363636363636,0.0,0.8636363636363636,0.0,0.8694932043542681,0.0,0.9268292682926829,0.0
simac/simac_Ella_&_Louis_10-Cow_Cow_Boogie/track.npy,simac,0.8333333333333334,0.0,0.8333333333333334,0.0,0.7231578434239941,0.0,0.8620689655172413,0.0
simac/simac_Ella_&_Louis_12-Lover_Come_Back_To_Me/track.npy,simac,0.38235294117647056,0.0,0.14285714285714285,0.0,0.3928305654784956,0.0,0.3174603174603175,0.0
simac/simac_Eventail_14-Prld5/track.npy,simac,0.1,0.0,0.0,0.0,0.4945255161171314,0.0,0.5333333333333333,0.0
simac/simac_Fado_02-AudioTrack_02/track.npy,simac,0.8529411764705882,0.0,0.8529411764705882,0.0,0.6577823688713696,0.0,0.888888888888889,0.0
simac/simac_Family_Tree_-_Greatest_Hits_As_Chosen_By_Bjork_02-Hyperballad/track.npy,simac,0.9444444444444444,0.0,0.9444444444444444,0.0,0.8925093231272057,0.0,0.9714285714285714,0.0
simac/simac_Family_Tree_-_Greatest_Hits_As_Chosen_By_Bjork_03-You_ve_Been_Flirting_Again/track.npy,simac,0.8666666666666667,0.0,0.0,0.0,0.5590675287089266,0.0,0.5853658536585367,0.0
simac/simac_Fight_To_Win_01-Do_your_best/track.npy,simac,0.9615384615384616,0.0,0.9615384615384616,0.0,0.9422249318957674,0.0,0.9615384615384616,0.0
simac/simac_Gold_-_Greatest_Hits_04-Mamma_Mia/track.npy,simac,0.5,0.0,0.5,0.0,0.8042458236262148,0.0,0.8333333333333333,0.0
simac/simac_Gold_-_Greatest_Hits_12-Fernando/track.npy,simac,0.8620689655172413,0.0,0.8620689655172413,0.0,0.7615895691222276,0.0,0.888888888888889,0.0
simac/simac_Gold_-_Greatest_Hits_13-Voulez_Vous/track.npy,simac,0.9696969696969697,0.0,0.9696969696969697,0.0,0.9538399396179441,0.0,0.9846153846153847,0.0
simac/simac_Ludwid_van_Beethoven_08-IV._Andante_ma_non_troppo_e_molto_cantabile_-_Andante_moderato_e_lusinghiero/track.npy,simac,0.76,0.0,0.76,0.0,0.6345509834156686,0.0,0.782608695652174,0.0
simac/simac_Niandra_LaDes_and_Usually_Just_a_T-Shirt_03-Head_(Beach_Arab)/track.npy,simac,0.95,0.0,0.95,0.0,0.840035930596573,0.0,0.9230769230769231,0.0
simac/simac_Niandra_LaDes_and_Usually_Just_a_T-Shirt_07-Mascara/track.npy,simac,0.0,0.0,0.0,0.0,0.46638503165969836,0.0,0.5,0.0
simac/simac_Papakonstantinou_12-AudioTrack_12/track.npy,simac,0.875,0.0,0.875,0.0,0.7266366277678097,0.0,0.8666666666666666,0.0
simac/simac_Papakonstantinou_14-AudioTrack_14/track.npy,simac,0.7368421052631579,0.0,0.7368421052631579,0.0,0.728085422864759,0.0,0.8571428571428572,0.0
simac/simac_Primer_Aliento_12-Cita_en_el_asteroide_Eden/track.npy,simac,0.9375,0.0,0.9375,0.0,0.9188473259785871,0.0,0.967741935483871,0.0
simac/simac_Primer_Aliento_13-Obsesion/track.npy,simac,0.95,0.0,0.95,0.0,0.9413423841194748,0.0,0.9743589743589743,0.0
simac/simac_Primer_Aliento_19-El_nacimiento_de_la_industria/track.npy,simac,0.9487179487179487,0.0,0.9487179487179487,0.0,0.954756486631253,0.0,0.9736842105263158,0.0
simac/simac_R.A.F.I_03-Black_White/track.npy,simac,0.9523809523809523,0.0,0.9523809523809523,0.0,0.9677868759288475,0.0,0.975609756097561,0.0
simac/simac_R.A.F.I_06-Modern_Apprentice/track.npy,simac,0.9487179487179487,0.0,0.0,0.0,0.7354273583310453,0.0,0.6551724137931034,0.0
simac/simac_Samba_na_Madrugada_07-Perfeito_Amor/track.npy,simac,0.7894736842105263,0.0,0.7894736842105263,0.0,0.8220172691623028,0.0,0.8888888888888888,0.0
simac/simac_So_Cartola_08-Amor_Proibido/track.npy,simac,0.4090909090909091,0.0,0.0,0.0,0.3334746667221835,0.0,0.3508771929824561,0.0
simac/simac_So_Cartola_20-As_Rosas_Nao_Falam/track.npy,simac,0.6923076923076923,0.0,0.0,0.0,0.4174967180905787,0.0,0.03921568627450981,0.0
simac/simac_Songs_Pastora_-_Lola/track.npy,simac,1.0,0.0,1.0,0.0,0.9472088938079366,0.0,1.0,0.0
simac/simac_Tanto_Tempo_05-Mais_Feliz/track.npy,simac,0.45,0.0,0.0,0.0,0.3856730079744604,0.0,0.24390243902439024,0.0
simac/simac_Tanto_Tempo_09-Bananeira/track.npy,simac,0.9259259259259259,0.0,0.9259259259259259,0.0,0.9000343020276895,0.0,0.9615384615384615,0.0
simac/simac_The_Crackdown_05-Over_and_Over/track.npy,simac,0.4878048780487805,0.0,0.4878048780487805,0.0,0.7391542233682322,0.0,0.7692307692307694,0.0
simac/simac_Tomatito_Tomatito-06.Caminillo_viejo/track.npy,simac,0.8076923076923077,0.0,0.8076923076923077,0.0,0.7980493194783113,0.0,0.875,0.0
simac/simac_VOL.3_Musiques_pour_guitare_et_violoncelle_11-Nana/track.npy,simac,0.8076923076923077,0.0,0.8076923076923077,0.0,0.8377359184741258,0.0,0.9199999999999999,0.0
simac/simac_Xatzidakis_10-AudioTrack_10/track.npy,simac,0.4375,0.0,0.4375,0.0,0.5882562815582959,0.0,0.6666666666666666,0.0
simac/simac_blues_roots_my_jelly_roll_soul/track.npy,simac,0.7837837837837838,0.0,0.0,0.0,0.5750031461818197,0.0,0.5769230769230769,0.0
simac/simac_greek_01_H_mikri_Rallou/track.npy,simac,0.6785714285714286,0.0,0.6785714285714286,0.0,0.7127490585434665,0.0,0.8085106382978724,0.0
simac/simac_more_greek_03_Efriksen_i_gi/track.npy,simac,0.9,0.0,0.9,0.0,0.7062061055162803,0.0,0.8947368421052632,0.0
simac/simac_more_greek_08_Hlios/track.npy,simac,0.0,0.0,0.0,0.0,0.31823445610905887,0.0,0.391304347826087,0.0
simac/simac_more_greek_Ksylouris_-_Evale_o_8eos_simadi/track.npy,simac,1.0,0.0,0.0,0.0,0.6404079597379759,0.0,0.6666666666666666,0.0
simac/simac_more_greek_Ksylouris_-_Filentem/track.npy,simac,0.90625,0.0,0.0,0.0,0.702945976591081,0.0,0.6382978723404256,0.0
simac/simac_more_greek_Marinella_-_Omorfi_poli/track.npy,simac,0.8125,0.0,0.8125,0.0,0.635669964617256,0.0,0.7586206896551724,0.0
simac/simac_more_greek_Mosxoliou_-_Xwrismos/track.npy,simac,0.8461538461538461,0.0,0.8461538461538461,0.0,0.8811751131681906,0.0,0.9166666666666666,0.0
simac/simac_more_greek_Mpellou_-_Kane_ligaki_ypomoni/track.npy,simac,0.85,0.0,0.85,0.0,0.6842671883191668,0.0,0.9189189189189189,0.0
simac/simac_more_greek_Mpellou_-_Ksimerwnei_kai_vradiazei/track.npy,simac,0.8620689655172413,0.0,0.8620689655172413,0.0,0.8525884710614626,0.0,0.9259259259259259,0.0
simac/simac_more_greek_Mpellou_-_To_minore_tis_avgis/track.npy,simac,0.6538461538461539,0.0,0.0,0.0,0.4050415626238941,0.0,0.39999999999999997,0.0
simac/simac_more_greek_Mpellou_-_Zeimpekiko/track.npy,simac,1.0,0.0,1.0,0.0,0.870066504023949,0.0,0.9444444444444444,0.0
simac/simac_more_greek_Mpi8ikwtsis_-_Paei_o_kairos/track.npy,simac,0.8421052631578947,0.0,0.8421052631578947,0.0,0.6639014038766318,0.0,0.7999999999999999,0.0
simac/simac_more_greek_Mpi8ikwtsis_Xiwtis_-_Myrtia/track.npy,simac,0.8461538461538461,0.0,0.8461538461538461,0.0,0.7899804911767233,0.0,0.9166666666666666,0.0
simac/simac_more_greek_Ninou_-_Apopse_kaneis_mpam/track.npy,simac,0.9473684210526315,0.0,0.9473684210526315,0.0,0.7960640737620749,0.0,0.972972972972973,0.0
simac/simac_more_greek_Smokovitis_-_Prwino_tsigaro/track.npy,simac,0.8571428571428571,0.0,0.03571428571428571,0.0,0.6802600036057629,0.0,0.5714285714285714,0.0
simac/simac_selected_ambient_works_8592_actium/track.npy,simac,1.0,0.0,1.0,0.0,0.9278354495608403,0.0,1.0,0.0
simac/simac_selected_ambient_works_8592_ptolemy/track.npy,simac,0.9666666666666667,0.0,0.9666666666666667,0.0,0.7044609437026678,0.0,0.9666666666666667,0.0
simac/simac_selected_ambient_works_8592_we_are_the_music_makers/track.npy,simac,0.9019607843137255,0.0,0.04081632653061224,0.0,0.766754017895454,0.0,0.6933333333333334,0.0
smc/smc_002/track.npy,smc,0.0,0.0,0.0,0.0,0.33834541916190297,0.0,0.43870967741935485,0.0
smc/smc_009/track.npy,smc,0.0,0.0,0.0,0.0,0.2932484003802654,0.0,0.42748091603053434,0.0
smc/smc_016/track.npy,smc,0.8478260869565217,0.0,0.8478260869565217,0.0,0.6642592104490339,0.0,0.8045977011494252,0.0
smc/smc_030/track.npy,smc,0.603448275862069,0.0,0.603448275862069,0.0,0.6769652821713336,0.0,0.8186046511627907,0.0
smc/smc_052/track.npy,smc,0.7049180327868853,0.0,0.7049180327868853,0.0,0.4700484272092609,0.0,0.6491228070175438,0.0
smc/smc_058/track.npy,smc,0.4444444444444444,0.0,0.4444444444444444,0.0,0.33266419517498214,0.0,0.42622950819672134,0.0
smc/smc_072/track.npy,smc,0.926829268292683,0.0,0.926829268292683,0.0,0.7119765895439057,0.0,0.9249999999999999,0.0
smc/smc_074/track.npy,smc,0.0,0.0,0.0,0.0,0.36880552978836206,0.0,0.5070422535211268,0.0
smc/smc_087/track.npy,smc,0.7073170731707317,0.0,0.024390243902439025,0.0,0.5165726262950934,0.0,0.6010928961748634,0.0
smc/smc_105/track.npy,smc,0.16216216216216217,0.0,0.0,0.0,0.1369890979350185,0.0,0.16981132075471697,0.0
smc/smc_126/track.npy,smc,0.9487179487179487,0.0,0.9487179487179487,0.0,0.7122998417968028,0.0,0.8831168831168831,0.0
smc/smc_127/track.npy,smc,0.1935483870967742,0.0,0.1935483870967742,0.0,0.30008265242560805,0.0,0.4482758620689655,0.0
smc/smc_149/track.npy,smc,0.37623762376237624,0.0,0.0,0.0,0.36336356728799496,0.0,0.40277777777777773,0.0
smc/smc_175/track.npy,smc,0.4444444444444444,0.0,0.4444444444444444,0.0,0.15535264076973682,0.0,0.1818181818181818,0.0
smc/smc_203/track.npy,smc,0.1794871794871795,0.0,0.1794871794871795,0.0,0.18274921346363288,0.0,0.273972602739726,0.0
smc/smc_209/track.npy,smc,0.5,0.0,0.5,0.0,0.251826016146225,0.0,0.35616438356164376,0.0
smc/smc_220/track.npy,smc,0.9333333333333333,0.0,0.9333333333333333,0.0,0.6575869237891682,0.0,0.896551724137931,0.0
smc/smc_222/track.npy,smc,0.6923076923076923,0.0,0.6923076923076923,0.0,0.41927042050292457,0.0,0.5490196078431373,0.0
smc/smc_227/track.npy,smc,0.45,0.0,0.45,0.0,0.27756142537823797,0.0,0.3846153846153846,0.0
smc/smc_229/track.npy,smc,0.9772727272727273,0.0,0.9772727272727273,0.0,0.670351547341601,0.0,0.8735632183908046,0.0
smc/smc_242/track.npy,smc,0.7547169811320755,0.0,0.7547169811320755,0.0,0.5599493668764319,0.0,0.7346938775510203,0.0
smc/smc_253/track.npy,smc,0.7,0.0,0.7,0.0,0.5161095135086,0.0,0.6582278481012659,0.0
smc/smc_259/track.npy,smc,0.6363636363636364,0.0,0.6363636363636364,0.0,0.46125832771215663,0.0,0.576271186440678,0.0
smc/smc_262/track.npy,smc,0.5714285714285714,0.0,0.5714285714285714,0.0,0.6684281759608626,0.0,0.8073394495412843,0.0
smc/smc_279/track.npy,smc,1.0,0.0,1.0,0.0,0.9453417872656522,0.0,1.0,0.0
smc/smc_281/track.npy,smc,1.0,0.0,1.0,0.0,0.8830967612843573,0.0,1.0,0.0
smc/smc_288/track.npy,smc,0.9666666666666667,0.0,0.9666666666666667,0.0,0.8872101734163543,0.0,0.957983193277311,0.0
tapcorrect/004_youtube_IwOfCgkyEj0/track.npy,tapcorrect,0.9929577464788732,0.9859154929577465,0.9929577464788732,0.9859154929577465,0.969363172994113,0.9668038554212925,0.9973568281938325,0.9964664310954063
tapcorrect/007_youtube_9QnUOrTsxXA/track.npy,tapcorrect,0.9722991689750693,0.9545454545454546,0.9722991689750693,0.9545454545454546,0.9541408686618937,0.9403733865638192,0.9859550561797753,0.9659090909090909
tapcorrect/009_youtube_hRFLv29K__o/track.npy,tapcorrect,0.9957081545064378,0.9482758620689655,0.9957081545064378,0.9482758620689655,0.9796644889341038,0.9404115660949292,0.9978494623655914,0.9568965517241379
tapcorrect/018_youtube_wVyggTKDcOE/track.npy,tapcorrect,0.9859550561797753,1.0,0.9859550561797753,1.0,0.8599394093110481,0.9369068106156249,0.9676511954992968,1.0
tapcorrect/026_youtube__X6DCz3pkYA/track.npy,tapcorrect,0.9936467598475223,0.9949238578680203,0.9936467598475223,0.9949238578680203,0.9526583506300709,0.962830597447415,0.9968132568514978,0.9974554707379135
tapcorrect/038_youtube_eVTXPUF4Oz4/track.npy,tapcorrect,0.9774647887323944,0.9775280898876404,0.9774647887323944,0.9775280898876404,0.9588450681692353,0.9603035432557973,0.9858757062146892,0.983050847457627
tapcorrect/040_youtube_1zrxnqejwCk/track.npy,tapcorrect,0.9868613138686131,1.0,0.9868613138686131,1.0,0.8632778809890576,0.9204499181179093,0.9956076134699854,1.0
tapcorrect/056_youtube_alYFdNGVL1E/track.npy,tapcorrect,0.5469798657718121,0.6764705882352942,0.5469798657718121,0.6764705882352942,0.8228844422885341,0.8382244067763222,0.8593155893536121,0.888888888888889
tapcorrect/058_youtube_c5dwksSbD34/track.npy,tapcorrect,0.9381188118811881,0.9179487179487179,0.0037128712871287127,0.9179487179487179,0.7667354078452,0.8978058833899558,0.6511240632805995,0.9460154241645243
tapcorrect/067_youtube_MbmFqUtK2aw/track.npy,tapcorrect,0.5077605321507761,1.0,0.5077605321507761,1.0,0.7336220387296338,0.9561638360704265,0.7647058823529411,1.0
tapcorrect/081_youtube_pSdUOTuQzWQ/track.npy,tapcorrect,0.4375,0.860655737704918,0.3385939741750359,0.860655737704918,0.7560944677332989,0.8904913045046818,0.7838070628768303,0.9456066945606694
tapcorrect/090_youtube_2tmc8rJgxUI/track.npy,tapcorrect,0.7964376590330788,0.9456521739130435,0.7964376590330788,0.9456521739130435,0.9171687837887025,0.9415162166110895,0.942281879194631,0.9666666666666666
tapcorrect/102_youtube_4aiWPx8RU7I/track.npy,tapcorrect,0.6147540983606558,0.6880733944954128,0.6147540983606558,0.6880733944954128,0.6854090950159561,0.5995625137200363,0.8693693693693695,0.7850467289719626
asap/Bach_Fugue_bwv_867_HuNY01M/track.npy,asap,0.6527777777777778,0.05555555555555555,0.6527777777777778,0.0,0.8765117168351977,0.19478284822471154,0.9007633587786259,0.17283950617283952
asap/Bach_Fugue_bwv_867_Sham01M/track.npy,asap,0.8206896551724138,0.1388888888888889,0.8206896551724138,0.0136986301369863,0.9287579611545144,0.3341633117692912,0.9496402877697843,0.32258064516129037
asap/Bach_Fugue_bwv_885_Guo01M/track.npy,asap,0.5818815331010453,0.14634146341463414,0.5818815331010453,0.14634146341463414,0.8259999854603809,0.3499867111702944,0.8393194706994328,0.3558282208588957
asap/Bach_Fugue_bwv_885_Huang04M/track.npy,asap,0.9047619047619048,0.2345679012345679,0.9047619047619048,0.2345679012345679,0.947627130607659,0.536545335631677,0.9737373737373739,0.5503355704697986
asap/Bach_Fugue_bwv_885_JeonH01M/track.npy,asap,0.14583333333333334,0.19753086419753085,0.12033195020746888,0.19753086419753085,0.3908077138624773,0.05382183771341,0.3427230046948357,0.04477611940298508
asap/Bach_Fugue_bwv_885_SINKEV06/track.npy,asap,0.17454545454545456,0.16149068322981366,0.17454545454545456,0.023255813953488372,0.08253632261367787,0.04827617640461414,0.10852713178294573,0.08383233532934133
asap/Bach_Fugue_bwv_892_Hou01M/track.npy,asap,0.9359605911330049,0.13725490196078433,0.9359605911330049,0.11764705882352941,0.9430647972001127,0.4861166831273014,0.975,0.5
asap/Bach_Fugue_bwv_892_KabuliL01M/track.npy,asap,0.9852941176470589,0.2549019607843137,0.9852941176470589,0.0392156862745098,0.9700727469018041,0.47880344401163155,0.9926289926289927,0.45454545454545453
asap/Bach_Prelude_bwv_874_BianF01M/track.npy,asap,0.9772727272727273,0.616822429906542,0.9772727272727273,0.09523809523809523,0.9569288920477919,0.723671331883005,0.9931350114416476,0.6666666666666667
asap/Bach_Prelude_bwv_874_WongWY01M/track.npy,asap,0.5439739413680782,0.43859649122807015,0.5439739413680782,0.043859649122807015,0.7966208777891249,0.5731933028856143,0.8228571428571428,0.5357142857142857
asap/Bach_Prelude_bwv_875_Ahfat01M/track.npy,asap,0.6298342541436464,0.7142857142857143,0.6298342541436464,0.7142857142857143,0.8206697290079653,0.8335737962692008,0.8352272727272728,0.8500000000000001
asap/Bach_Prelude_bwv_875_CaoJ01M/track.npy,asap,0.9022988505747126,0.8793103448275862,0.9022988505747126,0.8793103448275862,0.915812502586455,0.9040818566909239,0.9364161849710984,0.9217391304347825
asap/Bach_Prelude_bwv_875_HONG04M/track.npy,asap,0.8571428571428571,0.7241379310344828,0.8571428571428571,0.7241379310344828,0.9097580682793129,0.8497041595944719,0.9337175792507205,0.8727272727272727
asap/Beethoven_Piano_Sonatas_12-1_Kleisen05M/track.npy,asap,0.7511520737327189,0.18055555555555555,0.7511520737327189,0.18055555555555555,0.857807292915338,0.38427776636478356,0.8921417565485362,0.4
asap/Beethoven_Piano_Sonatas_21-3_KimSY04M/track.npy,asap,0.865491651205937,0.47896440129449835,0.865491651205937,0.14471243042671614,0.8878384953177606,0.6163004943896726,0.926829268292683,0.6391509433962264
asap/Beethoven_Piano_Sonatas_21-3_Sekino05M/track.npy,asap,0.6827458256029685,0.386986301369863,0.6827458256029685,0.14471243042671614,0.8163921561255959,0.5789527926440071,0.8583529411764705,0.6040914560770156
asap/Beethoven_Piano_Sonatas_21-3_YOO05M/track.npy,asap,0.7511606313834726,0.43973941368078173,0.7511606313834726,0.10760667903525047,0.8145475216794641,0.5592821844603186,0.8591817316841104,0.5791962174940898
asap/Beethoven_Piano_Sonatas_26-2_LEE_K05M/track.npy,asap,0.38461538461538464,0.06976744186046512,0.023668639053254437,0.06976744186046512,0.4675539307094142,0.33809288115835723,0.46215139442231074,0.380952380952381
asap/Beethoven_Piano_Sonatas_28-1_KimHJ02M/track.npy,asap,0.6037735849056604,0.3,0.6037735849056604,0.3,0.7073842715072208,0.5250966871027258,0.7330097087378641,0.5411764705882354
asap/Beethoven_Piano_Sonatas_28-1_KyykhynenT06M/track.npy,asap,0.6731707317073171,0.21,0.6731707317073171,0.21,0.7148400399760785,0.4891520270133265,0.7506172839506172,0.5128205128205129
asap/Beethoven_Piano_Sonatas_28-1_WangY04M/track.npy,asap,0.6059113300492611,0.22,0.6059113300492611,0.22,0.716908320143181,0.45239494568026395,0.7593052109181141,0.4750000000000001
asap/Beethoven_Piano_Sonatas_31-1_ADIG05M/track.npy,asap,0.5212298682284041,0.04245283018867924,0.13374805598755832,0.04245283018867924,0.6624531122360076,0.4470700846852995,0.6416243654822334,0.47852760736196315
asap/Beethoven_Piano_Sonatas_31-1_AbdelmoulaJS03M/track.npy,asap,0.5563689604685212,0.11578947368421053,0.13448275862068965,0.11578947368421053,0.6785780924590892,0.47381564231983175,0.6616052060737527,0.4934210526315789
asap/Beethoven_Piano_Sonatas_31-1_Ahfat02M/track.npy,asap,0.5929721815519766,0.08854166666666667,0.09317803660565724,0.08854166666666667,0.6668972014020427,0.439729268802541,0.6426299045599152,0.46405228758169936
asap/Beethoven_Piano_Sonatas_31-1_BrendleA03M/track.npy,asap,0.5329428989751098,0.2037037037037037,0.11149228130360206,0.2037037037037037,0.636109795033388,0.501616604433228,0.6205405405405405,0.5289855072463768
asap/Beethoven_Piano_Sonatas_31-1_HuangSW08M/track.npy,asap,0.6222547584187409,0.08187134502923976,0.12152777777777778,0.08187134502923976,0.6733134707806683,0.364178931638772,0.6688453159041394,0.3929824561403508
asap/Beethoven_Piano_Sonatas_31-1_LeungM03M/track.npy,asap,0.6266471449487555,0.1276595744680851,0.09061488673139159,0.1276595744680851,0.6834326141198064,0.4843142136290166,0.6395833333333334,0.509933774834437
asap/Beethoven_Piano_Sonatas_31-1_Na06M/track.npy,asap,0.5739385065885798,0.15028901734104047,0.10801963993453355,0.15028901734104047,0.6768386073194352,0.4762859082801641,0.6442812172088143,0.5017421602787456
asap/Beethoven_Piano_Sonatas_31-1_Zuber04M/track.npy,asap,0.46412884333821375,0.11894273127753303,0.087248322147651,0.06878306878306878,0.5887113499811932,0.425102633821327,0.5863539445628998,0.4818481848184818
asap/Chopin_Ballades_1_BuiJL04M/track.npy,asap,0.28483920367534454,0.35361216730038025,0.28483920367534454,0.35361216730038025,0.5841363217806375,0.6024234331118512,0.619047619047619,0.6502057613168725
asap/Chopin_Ballades_1_JIA06M/track.npy,asap,0.18493150684931506,0.39543726235741444,0.18493150684931506,0.39543726235741444,0.5524853043954728,0.6017752192924677,0.591304347826087,0.6446601941747573
asap/Chopin_Ballades_1_KimSuyeon04M/track.npy,asap,0.2815384615384615,0.44106463878326996,0.2815384615384615,0.44106463878326996,0.5922154413612373,0.6209835031475409,0.6337702390131073,0.6666666666666666
asap/Chopin_Ballades_1_Mo07M/track.npy,asap,0.22121604139715395,0.40808823529411764,0.22121604139715395,0.40808823529411764,0.5564324673856893,0.588014959330146,0.6118143459915611,0.6542056074766356
asap/Chopin_Ballades_1_MunA19M/track.npy,asap,0.21246819338422393,0.2684563758389262,0.21246819338422393,0.2684563758389262,0.5675581913631478,0.5702095100506771,0.6103351955307262,0.6178571428571429
asap/Chopin_Ballades_1_Richardson13M/track.npy,asap,0.1679790026246719,0.3263157894736842,0.1679790026246719,0.3263157894736842,0.5738149843311292,0.6128251482392048,0.5995747696669028,0.635036496350365
asap/Chopin_Ballades_1_Sladek04M/track.npy,asap,0.3055555555555556,0.29770992366412213,0.3055555555555556,0.29770992366412213,0.5843671029498816,0.560872215583285,0.6088303640588691,0.5838264299802762
asap/Chopin_Ballades_1_Zhou06M/track.npy,asap,0.25237449118046135,0.3688212927756654,0.25237449118046135,0.3688212927756654,0.5987770542363509,0.5828210738614685,0.6301369863013699,0.6201550387596899
asap/Chopin_Ballades_4_ChenC04M/track.npy,asap,0.31108144192256343,0.2791666666666667,0.31108144192256343,0.2791666666666667,0.6224425292935146,0.46329641918537245,0.6639544344995931,0.5042372881355932
asap/Chopin_Ballades_4_Kociuban07M/track.npy,asap,0.3762811127379209,0.2863070539419087,0.3762811127379209,0.2863070539419087,0.6328174493704652,0.4824672674613246,0.6890034364261168,0.5355648535564853
asap/Chopin_Ballades_4_Levitsky18M/track.npy,asap,0.3561253561253561,0.2791666666666667,0.3561253561253561,0.2791666666666667,0.639133147733301,0.5085732625372831,0.676818950930626,0.5369978858350952
asap/Chopin_Ballades_4_LuEric04M/track.npy,asap,0.32083333333333336,0.21774193548387097,0.32083333333333336,0.21774193548387097,0.6111196869144114,0.4725627273297816,0.6633333333333333,0.5122950819672131
asap/Chopin_Ballades_4_MiyashitaM04M/track.npy,asap,0.43729903536977494,0.22083333333333333,0.43729903536977494,0.22083333333333333,0.6648185552351508,0.42877915756575563,0.7132486388384756,0.4656319290465632
asap/Chopin_Ballades_4_Mizumoto02M/track.npy,asap,0.362339514978602,0.25,0.362339514978602,0.25,0.6154708838251556,0.4199343660385006,0.6604572396274344,0.4662309368191721
asap/Chopin_Ballades_4_Nikiforov13M/track.npy,asap,0.2334963325183374,0.2150313152400835,0.2334963325183374,0.18613138686131386,0.5638391293189235,0.44512007464492,0.6101694915254237,0.48638132295719844
asap/Chopin_Etudes_op_25_10_Guo02M/track.npy,asap,0.6873385012919897,0.2672413793103448,0.6873385012919897,0.2672413793103448,0.7710881150614517,0.41589549536693576,0.8306878306878307,0.4869565217391304
asap/Chopin_Etudes_op_25_10_Ozel05M/track.npy,asap,0.717948717948718,0.2112676056338028,0.717948717948718,0.2112676056338028,0.7786096937805321,0.5063235665316901,0.832020997375328,0.5405405405405406
asap/Chopin_Etudes_op_25_10_WangA03M/track.npy,asap,0.45103092783505155,0.3620689655172414,0.45103092783505155,0.3620689655172414,0.6892293194338054,0.5602997291915258,0.7183098591549294,0.5849056603773585
asap/Haydn_Keyboard_Sonatas_48-1_GarritsonL02M/track.npy,asap,0.478584729981378,0.3247422680412371,0.478584729981378,0.3247422680412371,0.7122429196967467,0.6129319334194244,0.7652859960552268,0.6572237960339943
asap/Haydn_Keyboard_Sonatas_48-1_PrjevalskayaM02M/track.npy,asap,0.5506445672191529,0.4506172839506173,0.5506445672191529,0.4506172839506173,0.6876682624264149,0.6152968014808752,0.7713444553483808,0.6666666666666667
asap/Liszt_Gran_Etudes_de_Paganini_6_Theme_and_Variations_repeat_KanM09M/track.npy,asap,0.5028248587570622,0.4383561643835616,0.5028248587570622,0.4383561643835616,0.7365708999858448,0.6556572373039182,0.7835051546391754,0.6973365617433415
asap/Schubert_Impromptu_op.90_D.899_3_LEE_K04M/track.npy,asap,0.8888888888888888,0.9418604651162791,0.8888888888888888,0.9418604651162791,0.7087532506229217,0.6526349047055005,0.8541973490427099,0.8771929824561403
asap/Schubert_Piano_Sonatas_664-3_KabuliL12M/track.npy,asap,0.34182908545727136,0.5858823529411765,0.34182908545727136,0.17002881844380405,0.7290861622306791,0.7295331396232859,0.7490842490842491,0.6821428571428572
asap/Schubert_Wanderer_fantasie_Larionova05M/track.npy,asap,0.5414614121510674,0.334841628959276,0.5414614121510674,0.334841628959276,0.7311343003903192,0.6287052024689042,0.7635009310986964,0.652908067542214
asap/Schubert_Wanderer_fantasie_SunY10M/track.npy,asap,0.6431211498973306,0.37089201877934275,0.6431211498973306,0.37089201877934275,0.7867726786310401,0.6873056165846264,0.818294701986755,0.7109125717932355
asap/Schumann_Kreisleriana_1_ParkJH04M/track.npy,asap,0.38876889848812096,0.17857142857142858,0.2711864406779661,0.17857142857142858,0.7046786682313273,0.392778998798086,0.7098976109215017,0.40625
asap/Schumann_Kreisleriana_1_Yarden09M/track.npy,asap,0.35927152317880795,0.23376623376623376,0.016556291390728478,0.06280193236714976,0.5185751012153176,0.3215394840343954,0.44922341696535245,0.33436532507739936
asap/Schumann_Toccata_WangY07M/track.npy,asap,0.5855338691159586,0.6180371352785146,0.5855338691159586,0.6180371352785146,0.7499443284793552,0.6606894262346521,0.7795566502463055,0.6853333333333333
asap/Schumann_Toccata_no_repeat_DupreeF13M/track.npy,asap,0.6963350785340314,0.48028673835125446,0.6963350785340314,0.48028673835125446,0.7424963718433868,0.5915152708597963,0.7646017699115045,0.607843137254902
asap/Scriabin_Sonatas_5_ChernovA06M/track.npy,asap,0.22816032887975335,0.11333333333333333,0.22816032887975335,0.09297052154195011,0.45852063817024535,0.25964668993037926,0.49427168576104746,0.2753036437246964
asap/Scriabin_Sonatas_5_FaB05M/track.npy,asap,0.18712273641851107,0.1953125,0.18712273641851107,0.08888888888888889,0.4220196270590594,0.2847091078446209,0.45345016429353774,0.2946175637393768
asap/Scriabin_Sonatas_5_GarritsonL06M/track.npy,asap,0.22032193158953722,0.11764705882352941,0.22032193158953722,0.06888888888888889,0.44964663703348723,0.24703644853958623,0.4823962165002627,0.2686980609418283
asap/Scriabin_Sonatas_5_Ko07M/track.npy,asap,0.2854251012145749,0.16906474820143885,0.2854251012145749,0.07349665924276169,0.4918720258082657,0.30467706666876,0.5225420966865834,0.32187070151306735
asap/Scriabin_Sonatas_5_Na07M/track.npy,asap,0.3148893360160966,0.13924050632911392,0.3148893360160966,0.09111111111111111,0.5097587046345229,0.2697403677167108,0.538337801608579,0.28720626631853785
asap/Scriabin_Sonatas_5_Yeletskiy07M/track.npy,asap,0.3033367037411527,0.16161616161616163,0.3033367037411527,0.12946428571428573,0.512613336583932,0.34421298755359875,0.5483214649033571,0.36241610738255037
ballroom/ballroom_Albums-AnaBelen_Veneo-02/track.npy,ballroom,0.9285714285714286,0.9090909090909091,0.9285714285714286,0.9090909090909091,0.8873257201341018,0.8763006472757583,0.963855421686747,0.9523809523809523
ballroom/ballroom_Albums-Ballroom_Classics4-03/track.npy,ballroom,1.0,1.0,1.0,1.0,0.7683794611607713,0.847104504832119,0.9166666666666666,0.9166666666666666
ballroom/ballroom_Albums-Ballroom_Classics4-04/track.npy,ballroom,0.972972972972973,1.0,0.972972972972973,1.0,0.8921479760515783,0.9026796196956838,0.9863013698630138,1.0
ballroom/ballroom_Albums-Ballroom_Classics4-13/track.npy,ballroom,0.8767123287671232,1.0,0.8767123287671232,1.0,0.7616856078127568,0.7875439926765337,0.9103448275862068,0.9166666666666666
ballroom/ballroom_Albums-Ballroom_Magic-01/track.npy,ballroom,0.9714285714285714,1.0,0.9714285714285714,1.0,0.8753308325255603,0.9145920706973076,0.9855072463768115,1.0
ballroom/ballroom_Albums-Ballroom_Magic-06/track.npy,ballroom,1.0,1.0,1.0,1.0,0.9712074785741199,0.9841443365556776,1.0,1.0
ballroom/ballroom_Albums-Ballroom_Magic-07/track.npy,ballroom,1.0,1.0,1.0,1.0,0.8705958081671036,0.8768410009539725,1.0,1.0
ballroom/ballroom_Albums-Cafe_Paradiso-04/track.npy,ballroom,1.0,1.0,1.0,1.0,0.9765169506788465,0.9628877130839889,1.0,1.0
ballroom/ballroom_Albums-Cafe_Paradiso-09/track.npy,ballroom,1.0,1.0,1.0,1.0,0.9368729636595343,0.9879934022796496,0.9714285714285714,1.0
ballroom/ballroom_Albums-Chrisanne1-05/track.npy,ballroom,0.9814814814814815,1.0,0.9814814814814815,1.0,0.9413831772703468,0.9059374618708933,0.9814814814814815,0.9285714285714286
ballroom/ballroom_Albums-Chrisanne1-13/track.npy,ballroom,1.0,1.0,1.0,1.0,0.969744781367057,0.9782330841590745,1.0,1.0
ballroom/ballroom_Albums-Chrisanne3-07/track.npy,ballroom,0.9726027397260274,0.96,0.9726027397260274,0.96,0.8707651920986365,0.8563572380952489,0.9861111111111112,0.9795918367346939
ballroom/ballroom_Albums-Fire-01/track.npy,ballroom,0.9807692307692307,1.0,0.9807692307692307,1.0,0.9430281136658102,0.9421584854200032,0.9902912621359222,1.0
ballroom/ballroom_Albums-Fire-08/track.npy,ballroom,0.9811320754716981,1.0,0.9811320754716981,1.0,0.9692117983087581,0.9856604594898766,0.9904761904761905,1.0
ballroom/ballroom_Albums-Latin_Jam2-08/track.npy,ballroom,1.0,1.0,1.0,1.0,0.9781986913894267,0.9831495032128341,1.0,1.0
ballroom/ballroom_Albums-Latin_Jam3-04/track.npy,ballroom,1.0,1.0,1.0,1.0,0.9809179197017444,0.9791995618185491,1.0,1.0
ballroom/ballroom_Albums-Latin_Jam3-07/track.npy,ballroom,0.9772727272727273,1.0,0.9772727272727273,1.0,0.9226250667331914,0.9286767135712837,0.9885057471264368,1.0
ballroom/ballroom_Albums-Latin_Jam3-08/track.npy,ballroom,1.0,1.0,1.0,1.0,0.9696062617984582,0.9595196178712702,1.0,1.0
ballroom/ballroom_Albums-Latin_Jam4-12/track.npy,ballroom,1.0,1.0,1.0,1.0,0.9769603412712959,0.979195973013999,1.0,1.0
ballroom/ballroom_Albums-Macumba-01/track.npy,ballroom,1.0,1.0,1.0,1.0,0.9803363081339665,0.9867315062664469,1.0,1.0
ballroom/ballroom_Albums-Macumba-02/track.npy,ballroom,1.0,1.0,1.0,1.0,0.956113491900904,0.9839319833534621,1.0,1.0
ballroom/ballroom_Albums-Pais_Tropical-01/track.npy,ballroom,0.9534883720930233,0.9166666666666666,0.9534883720930233,0.9166666666666666,0.919169587145983,0.9133471408541046,0.9761904761904763,0.9565217391304348
ballroom/ballroom_Albums-Pais_Tropical-04/track.npy,ballroom,0.9761904761904762,0.9090909090909091,0.9761904761904762,0.9090909090909091,0.9611718184670435,0.9257567246912062,0.9879518072289156,0.9523809523809523
ballroom/ballroom_Albums-Pais_Tropical-16/track.npy,ballroom,0.9861111111111112,0.7894736842105263,0.9861111111111112,0.10526315789473684,0.9784033975696819,0.49488499770037764,0.993006993006993,0.10810810810810811
ballroom/ballroom_Albums-Step_By_Step-07/track.npy,ballroom,1.0,1.0,1.0,1.0,0.9444433188058629,0.95667916296107,1.0,1.0
ballroom/ballroom_Albums-StrictlyDancing_Tango-01/track.npy,ballroom,1.0,1.0,1.0,1.0,0.9472682139304928,0.9405648754578788,1.0,1.0
ballroom/ballroom_Albums-StrictlyDancing_Tango-09/track.npy,ballroom,0.9811320754716981,1.0,0.9811320754716981,1.0,0.952404840388215,0.9811227549498536,0.9904761904761905,1.0
ballroom/ballroom_Albums-StrictlyDancing_Tango-14/track.npy,ballroom,1.0,1.0,1.0,1.0,0.9336558564537375,0.9520941074623344,1.0,1.0
ballroom/ballroom_Media-103402/track.npy,ballroom,1.0,1.0,1.0,1.0,0.9755184184172816,0.9626794455320355,1.0,1.0
ballroom/ballroom_Media-103512/track.npy,ballroom,1.0,1.0,1.0,1.0,0.9701279940613701,0.9646201816360074,1.0,1.0
ballroom/ballroom_Media-103610/track.npy,ballroom,0.9148936170212766,0.9090909090909091,0.9148936170212766,0.9090909090909091,0.9188680391406094,0.9139638736610023,0.9555555555555556,0.9523809523809523
ballroom/ballroom_Media-103714/track.npy,ballroom,0.7808219178082192,0.5555555555555556,0.7808219178082192,0.5555555555555556,0.916847253450234,0.8623025448816161,0.9343065693430657,0.8750000000000001
ballroom/ballroom_Media-103717/track.npy,ballroom,0.96875,1.0,0.96875,1.0,0.6921449779963073,0.6763896935017268,0.9841269841269841,1.0
ballroom/ballroom_Media-103816/track.npy,ballroom,1.0,1.0,1.0,1.0,0.9727455267265211,0.9764964319150042,1.0,1.0
ballroom/ballroom_Media-103819/track.npy,ballroom,1.0,1.0,1.0,1.0,0.9674163049766987,0.9490590994599909,1.0,1.0
ballroom/ballroom_Media-103904/track.npy,ballroom,1.0,0.9,1.0,0.0,0.9720475095606971,0.4524068814237485,1.0,0.0
ballroom/ballroom_Media-103906/track.npy,ballroom,1.0,1.0,1.0,1.0,0.9842586417289791,0.9808127920754447,1.0,1.0
ballroom/ballroom_Media-103909/track.npy,ballroom,1.0,1.0,1.0,1.0,0.9812591468267071,0.9813090548427383,1.0,1.0
ballroom/ballroom_Media-103918/track.npy,ballroom,1.0,1.0,1.0,1.0,0.9733029210833564,0.9832374389182487,1.0,1.0
ballroom/ballroom_Media-104110/track.npy,ballroom,1.0,1.0,1.0,1.0,0.9691608992783864,0.962916645998145,1.0,1.0
ballroom/ballroom_Media-104115/track.npy,ballroom,0.975609756097561,1.0,0.975609756097561,1.0,0.9413460778222488,0.9349165119831501,0.9876543209876543,1.0
ballroom/ballroom_Media-104116/track.npy,ballroom,0.9824561403508771,0.9333333333333333,0.9824561403508771,0.9333333333333333,0.9640541684598096,0.9434025576610602,0.9911504424778761,0.9655172413793104
ballroom/ballroom_Media-104119/track.npy,ballroom,0.972972972972973,0.7,0.972972972972973,0.7,0.9615259096028839,0.8264413464231327,0.9863013698630138,0.8421052631578948
ballroom/ballroom_Media-104205/track.npy,ballroom,1.0,1.0,1.0,1.0,0.9537614682996501,0.9467609003078362,1.0,1.0
ballroom/ballroom_Media-104302/track.npy,ballroom,0.9655172413793104,1.0,0.9655172413793104,1.0,0.961385681497314,0.983872877023097,0.9824561403508771,1.0
ballroom/ballroom_Media-104304/track.npy,ballroom,0.9803921568627451,0.7692307692307693,0.9803921568627451,0.7692307692307693,0.9464472417111182,0.8371983784658897,0.99009900990099,0.8799999999999999
ballroom/ballroom_Media-104309/track.npy,ballroom,0.9868421052631579,0.9615384615384616,0.9868421052631579,0.9615384615384616,0.9347173938054701,0.9388973731528856,0.9933774834437086,0.9803921568627451
ballroom/ballroom_Media-104316/track.npy,ballroom,0.9885057471264368,0.9545454545454546,0.9885057471264368,0.9545454545454546,0.9663577704097457,0.9501394095780559,0.9942196531791908,0.9767441860465117
ballroom/ballroom_Media-104402/track.npy,ballroom,1.0,1.0,1.0,1.0,0.8728704740024129,0.9295118510127223,1.0,1.0
ballroom/ballroom_Media-104503/track.npy,ballroom,0.972972972972973,1.0,0.972972972972973,1.0,0.8969158028985545,0.9082523752915707,0.9863013698630138,1.0
ballroom/ballroom_Media-104608/track.npy,ballroom,0.9864864864864865,1.0,0.9864864864864865,1.0,0.9344714487876014,0.9478856266896274,0.9931972789115647,1.0
ballroom/ballroom_Media-104718/track.npy,ballroom,0.9438202247191011,0.9545454545454546,0.9438202247191011,0.9545454545454546,0.9003183449122965,0.8982496030683418,0.9659090909090908,0.9767441860465117
ballroom/ballroom_Media-105003/track.npy,ballroom,0.8571428571428571,1.0,0.8571428571428571,1.0,0.6557203816619386,0.7252281720148166,0.8000000000000002,0.9090909090909091
ballroom/ballroom_Media-105006/track.npy,ballroom,0.71875,0.8888888888888888,0.71875,0.8888888888888888,0.7351184158754268,0.8065626931398575,0.8363636363636363,0.9411764705882353
ballroom/ballroom_Media-105010/track.npy,ballroom,0.9868421052631579,0.9615384615384616,0.9868421052631579,0.9615384615384616,0.9282362607589884,0.9372966595760713,0.9933774834437086,0.9803921568627451
ballroom/ballroom_Media-105104/track.npy,ballroom,0.972972972972973,1.0,0.972972972972973,1.0,0.9363336443901935,0.9020203979184213,0.9863013698630138,1.0
ballroom/ballroom_Media-105120/track.npy,ballroom,0.9767441860465116,1.0,0.9767441860465116,1.0,0.9388749772177581,0.9531309318707398,0.9941520467836257,1.0
ballroom/ballroom_Media-105303/track.npy,ballroom,1.0,1.0,1.0,1.0,0.8999081621786763,0.9514295401061745,1.0,1.0
ballroom/ballroom_Media-105306/track.npy,ballroom,0.9433962264150944,0.9230769230769231,0.9433962264150944,0.9230769230769231,0.9235660658643534,0.8869290819007393,0.9615384615384616,0.9600000000000001
ballroom/ballroom_Media-105309/track.npy,ballroom,0.9866666666666667,1.0,0.9866666666666667,1.0,0.9597578698567607,0.9721180762779713,0.9932885906040269,1.0
ballroom/ballroom_Media-105314/track.npy,ballroom,0.9176470588235294,0.9523809523809523,0.9176470588235294,0.9523809523809523,0.9121258407418059,0.915860502946689,0.988095238095238,0.975609756097561
ballroom/ballroom_Media-105315/track.npy,ballroom,0.9770114942528736,1.0,0.9770114942528736,1.0,0.9691377743194279,0.9910210427530473,0.9883720930232558,1.0
ballroom/ballroom_Media-105410/track.npy,ballroom,0.9743589743589743,1.0,0.9743589743589743,1.0,0.9381394393775588,0.9758374219172754,0.9743589743589743,1.0
ballroom/ballroom_Media-105413/track.npy,ballroom,0.9705882352941176,0.9411764705882353,0.9705882352941176,0.9411764705882353,0.9588894810239774,0.9297675357436277,0.9850746268656716,0.9696969696969697
ballroom/ballroom_Media-105416/track.npy,ballroom,0.972972972972973,0.9,0.972972972972973,0.9,0.9494001134850275,0.887027249567995,0.9863013698630138,0.9473684210526316
ballroom/ballroom_Media-105504/track.npy,ballroom,1.0,1.0,1.0,1.0,0.8459488597917191,0.8321493426224479,0.9444444444444444,0.9166666666666666
ballroom/ballroom_Media-105510/track.npy,ballroom,0.972972972972973,0.96,0.972972972972973,0.96,0.9392898406423918,0.9391796121991259,0.9863013698630138,0.9795918367346939
ballroom/ballroom_Media-105511/track.npy,ballroom,0.9736842105263158,0.9615384615384616,0.9736842105263158,0.9615384615384616,0.9099465977898686,0.904611831996468,0.9866666666666666,0.9803921568627451
ballroom/ballroom_Media-105517/track.npy,ballroom,0.9764705882352941,0.9523809523809523,0.9764705882352941,0.9523809523809523,0.9552713468294608,0.9488453824634985,0.988095238095238,0.975609756097561
ballroom/ballroom_Media-105518/track.npy,ballroom,0.9764705882352941,1.0,0.9764705882352941,1.0,0.9461358025867312,0.9620802506364566,0.988095238095238,1.0
ballroom/ballroom_Media-105606/track.npy,ballroom,0.9767441860465116,1.0,0.9767441860465116,1.0,0.9609720956178934,0.9657032764771123,0.988235294117647,1.0
ballroom/ballroom_Media-105611/track.npy,ballroom,0.9772727272727273,0.9090909090909091,0.9772727272727273,0.9090909090909091,0.9749254557236996,0.9348038907247158,0.9885057471264368,0.9523809523809523
ballroom/ballroom_Media-105615/track.npy,ballroom,1.0,1.0,1.0,1.0,0.9559143737453877,0.9656021632302131,1.0,1.0
ballroom/ballroom_Media-105701/track.npy,ballroom,0.918918918918919,1.0,0.918918918918919,1.0,0.9169415564542238,0.9301434446766186,0.972972972972973,1.0
ballroom/ballroom_Media-105708/track.npy,ballroom,0.9605263157894737,0.96,0.9605263157894737,0.96,0.9519881601910574,0.9534101219624895,0.9798657718120806,0.9795918367346939
ballroom/ballroom_Media-105802/track.npy,ballroom,1.0,1.0,1.0,1.0,0.9570791308173567,0.961634495630796,1.0,1.0
ballroom/ballroom_Media-105807/track.npy,ballroom,0.9814814814814815,0.9285714285714286,0.9814814814814815,0.9285714285714286,0.9050098819926632,0.880920498387705,0.9906542056074767,0.962962962962963
ballroom/ballroom_Media-105816/track.npy,ballroom,0.9882352941176471,1.0,0.9882352941176471,1.0,0.9745572161585274,0.9819015784467592,0.9940828402366864,1.0
ballroom/ballroom_Media-105818/track.npy,ballroom,1.0,1.0,1.0,1.0,0.9717258255476484,0.9680483919703601,1.0,1.0
ballroom/ballroom_Media-106007/track.npy,ballroom,0.9629629629629629,1.0,0.9629629629629629,1.0,0.968489597864527,0.9926501932270907,0.9811320754716981,1.0
ballroom/ballroom_Media-106012/track.npy,ballroom,0.9534883720930233,0.9090909090909091,0.9534883720930233,0.9090909090909091,0.9349264880535338,0.8837920456062953,0.9761904761904763,0.9523809523809523
ballroom/ballroom_Media-106103/track.npy,ballroom,0.9629629629629629,1.0,0.9629629629629629,1.0,0.9311182443989793,0.9477872952936277,0.9811320754716981,1.0
ballroom/ballroom_Media-106104/track.npy,ballroom,0.9629629629629629,0.9285714285714286,0.9629629629629629,0.9285714285714286,0.9612656927902165,0.9455986059544562,0.9811320754716981,0.962962962962963
ballroom/ballroom_Media-106105/track.npy,ballroom,0.9622641509433962,1.0,0.9622641509433962,1.0,0.9564897657398478,0.9873178200272578,0.9807692307692307,1.0
ballroom/ballroom_Media-106118/track.npy,ballroom,0.9344262295081968,0.6666666666666666,0.03333333333333333,0.23076923076923078,0.8121394312598262,0.8294418065257962,0.6813186813186815,0.761904761904762
beatles/beatles_01_Please_Please_Me_08_Love_Me_Do/track.npy,beatles,0.7292307692307692,0.7317073170731707,0.7292307692307692,0.7317073170731707,0.8786389011631617,0.8625120527478842,0.922824302134647,0.9102564102564101
beatles/beatles_01_Please_Please_Me_10_Baby_Its_You/track.npy,beatles,0.9927797833935018,0.9855072463768116,0.9927797833935018,0.9855072463768116,0.8192203389025412,0.8604750839205817,0.9927536231884057,0.9927007299270074
beatles/beatles_02_With_the_Beatles_12_Devil_In_Her_Heart/track.npy,beatles,1.0,1.0,1.0,1.0,0.9640886351882815,0.9594354208157425,1.0,1.0
beatles/beatles_02_With_the_Beatles_13_Not_A_Second_Time/track.npy,beatles,0.9919678714859438,1.0,0.9919678714859438,1.0,0.9719099110536938,0.9758972302098249,0.995967741935484,1.0
beatles/beatles_03_A_Hard_Days_Night_11_When_I_Get_Home/track.npy,beatles,0.9962406015037594,1.0,0.9962406015037594,1.0,0.9443389175398857,0.9522651651423956,0.9981167608286252,1.0
beatles/beatles_03_A_Hard_Days_Night_12_You_Cant_Do_That/track.npy,beatles,0.9808917197452229,0.9746835443037974,0.9808917197452229,0.9746835443037974,0.9612782340258256,0.9530741823118677,0.9903536977491961,0.9871794871794872
beatles/beatles_04_Beatles_for_Sale_12_I_Dont_Want_to_Spoil_the_Party/track.npy,beatles,1.0,0.9333333333333333,1.0,0.9333333333333333,0.7545508222460318,0.7492684345482169,1.0,0.983050847457627
beatles/beatles_05_Help_02_The_Night_Before/track.npy,beatles,0.6078431372549019,1.0,0.6078431372549019,1.0,0.7105130099210908,0.7886634852532076,0.891304347826087,1.0
beatles/beatles_05_Help_10_You_Like_Me_Too_Much/track.npy,beatles,0.9716981132075472,0.6792452830188679,0.002364066193853428,0.6792452830188679,0.7432260330694916,0.8038208877674086,0.6614173228346457,0.9025641025641026
beatles/beatles_06_Rubber_Soul_10_Im_Looking_Through_You/track.npy,beatles,0.9898734177215189,0.9797979797979798,0.0,0.0,0.7541434597527192,0.7588972914698415,0.6632825719120136,0.6621621621621622
beatles/beatles_06_Rubber_Soul_13_If_I_Needed_Someone/track.npy,beatles,0.9964285714285714,1.0,0.9964285714285714,1.0,0.9685944696196366,0.969331060274802,0.998211091234347,1.0
beatles/beatles_07_Revolver_03_Im_Only_Sleeping/track.npy,beatles,0.962457337883959,0.9594594594594594,0.962457337883959,0.9594594594594594,0.8507730140108627,0.8233995568402926,0.9773913043478261,0.9793103448275862
beatles/beatles_07_Revolver_08_Good_Day_Sunshine/track.npy,beatles,0.9621848739495799,0.8166666666666667,0.9621848739495799,0.8166666666666667,0.8970661948875541,0.832612035472656,0.9808102345415779,0.9152542372881356
beatles/beatles_08_Sgt_Peppers_Lonely_Hearts_Club_Band_07_Being_For_The_Benefit_Of_Mr_Kite/track.npy,beatles,0.946843853820598,0.8888888888888888,0.946843853820598,0.8888888888888888,0.818843967986415,0.8250457369368306,0.9713322091062394,0.95
beatles/beatles_09_Magical_Mystery_Tour_06_I_Am_The_Walrus/track.npy,beatles,0.9974160206718347,1.0,0.9974160206718347,1.0,0.9045811779069193,0.9137425229102908,0.9857697283311773,1.0
beatles/beatles_09_Magical_Mystery_Tour_07_Hello_Goodbye/track.npy,beatles,0.996969696969697,0.6842105263157895,0.996969696969697,0.6842105263157895,0.8964381304795037,0.7979180142375893,0.9984825493171471,0.8777777777777777
beatles/beatles_10_CD1_The_Beatles_16_I_Will/track.npy,beatles,0.9879518072289156,0.4642857142857143,0.9879518072289156,0.4642857142857143,0.9600282584208919,0.8076294810654852,0.9969788519637462,0.836734693877551
beatles/beatles_10_CD2_The_Beatles_01_Birthday/track.npy,beatles,0.997134670487106,0.9545454545454546,0.997134670487106,0.9545454545454546,0.9078720569569878,0.8848570605981338,0.9985652797704447,0.9770114942528736
beatles/beatles_10_CD2_The_Beatles_13_Good_Night/track.npy,beatles,0.964824120603015,0.44329896907216493,0.964824120603015,0.2638888888888889,0.6535458073344783,0.5059513455170153,0.8578680203045685,0.6446280991735536
beatles/beatles_11_Abbey_Road_12_Polythene_Pam/track.npy,beatles,0.6203208556149733,0.5869565217391305,0.6203208556149733,0.5869565217391305,0.840555076639219,0.8569822633715237,0.8908554572271387,0.891566265060241
beatles/beatles_11_Abbey_Road_15_Carry_That_Weight/track.npy,beatles,1.0,1.0,1.0,1.0,0.9237075556505578,0.9050929713336338,1.0,1.0
beatles/beatles_12_Let_It_Be_11_For_You_Blue/track.npy,beatles,0.9967213114754099,1.0,0.9967213114754099,1.0,0.9299950412858505,0.9407056797215023,0.9983579638752053,1.0
beatles/beatles_12_Let_It_Be_12_Get_Back/track.npy,beatles,0.9741100323624595,0.8095238095238095,0.9741100323624595,0.8095238095238095,0.8682756728055003,0.8109112442497726,0.9756888168557536,0.906832298136646
candombe/csic.1995_ansina2_01/track.npy,candombe,1.0,1.0,1.0,1.0,0.9742771084050224,0.9748301649623861,1.0,1.0
candombe/csic.1995_cuareim_01/track.npy,candombe,0.9962073324905183,0.99,0.9962073324905183,0.99,0.9804166390682739,0.9771395023721404,0.9981024667931688,0.9949748743718593
candombe/zavala.muniz.2014_41/track.npy,candombe,0.9941002949852508,1.0,0.9941002949852508,1.0,0.967769384787827,0.9658510371546615,0.9970501474926253,1.0
candombe/zavala.muniz.2014_47/track.npy,candombe,1.0,1.0,1.0,1.0,0.9569706315829133,0.9629669724666572,1.0,1.0
filosax/filosax_02/track.npy,filosax,0.9943502824858758,0.9943502824858758,0.9943502824858758,0.9943502824858758,0.949496174799145,0.9392577304762261,0.9978768577494692,0.9971671388101983
filosax/filosax_03/track.npy,filosax,0.9960552268244576,0.9645669291338582,0.9960552268244576,0.9645669291338582,0.9166892237945847,0.8843155570647305,0.9985199802664035,0.9822485207100592
filosax/filosax_22/track.npy,filosax,0.9922945205479452,0.976271186440678,0.9922945205479452,0.976271186440678,0.9550093593235193,0.9383663618060892,0.9965694682675814,0.9863481228668943
filosax/filosax_36/track.npy,filosax,0.9984214680347278,0.9968454258675079,0.9984214680347278,0.9968454258675079,0.9535234208368454,0.9484716156396873,0.9992101105845181,0.9984202211690364
filosax/filosax_37/track.npy,filosax,0.9901840490797545,0.970873786407767,0.9901840490797545,0.970873786407767,0.9164138629615757,0.902552495598356,0.9950678175092478,0.9901960784313726
filosax/filosax_45/track.npy,filosax,0.9973787680209698,0.864321608040201,0.9973787680209698,0.864321608040201,0.9215133496905457,0.8431183434656541,0.9986876640419947,0.923076923076923
groove_midi/drummer10_session1_10_jazz-swing_110_beat_4-4/track.npy,groove_midi,0.9936102236421726,0.4935064935064935,0.9936102236421726,0.2692307692307692,0.9192587514135556,0.4353906638272941,0.9967948717948718,0.3586206896551724
groove_midi/drummer10_session1_4_jazz-swing_215_beat_4-4/track.npy,groove_midi,0.993006993006993,0.9722222222222222,0.993006993006993,0.9722222222222222,0.916824082624809,0.927995511728127,0.9964912280701755,0.9859154929577464
groove_midi/drummer1_eval_session_3_soul-groove3_86_beat_4-4/track.npy,groove_midi,1.0,1.0,1.0,1.0,0.9729039802824377,0.9729979199101155,1.0,1.0
groove_midi/drummer1_session1_184_reggae_78_beat_4-4/track.npy,groove_midi,0.9862068965517241,0.6944444444444444,0.9862068965517241,0.6944444444444444,0.903482902940949,0.7331504267183796,0.9930555555555556,0.7941176470588235
groove_midi/drummer1_session1_1_funk_80_beat_4-4/track.npy,groove_midi,0.9553571428571429,0.9310344827586207,0.9553571428571429,0.9310344827586207,0.8266330109512992,0.8350627574222055,0.9864253393665159,0.9642857142857143
groove_midi/drummer1_session1_2_funk_80_beat_4-4/track.npy,groove_midi,0.990909090909091,0.9642857142857143,0.990909090909091,0.9642857142857143,0.8825183531984595,0.8933432929322775,0.995433789954338,0.9818181818181818
groove_midi/drummer1_session1_48_jazz_93_beat_4-4/track.npy,groove_midi,1.0,1.0,1.0,1.0,0.8902260138604131,0.8799933868168812,1.0,1.0
groove_midi/drummer1_session1_52_jazz_125_beat_4-4/track.npy,groove_midi,0.9956709956709957,1.0,0.9956709956709957,1.0,0.871857910318773,0.8640265595134844,0.9978308026030369,1.0
groove_midi/drummer1_session1_80_dance-breakbeat_170_beat_4-4/track.npy,groove_midi,0.8885245901639345,0.9866666666666667,0.8885245901639345,0.9866666666666667,0.8752033143213304,0.8835994079430486,0.9315525876460768,0.9395973154362416
groove_midi/drummer1_session2_35_punk_128_beat_4-4/track.npy,groove_midi,0.9911894273127754,0.9655172413793104,0.9911894273127754,0.9655172413793104,0.9494997878770117,0.9383564056513278,0.9955752212389382,0.9824561403508771
groove_midi/drummer3_session1_11_rock_120_beat_4-4/track.npy,groove_midi,1.0,1.0,1.0,1.0,0.7596586423946153,0.7448972448446174,1.0,1.0
groove_midi/drummer3_session1_35_rock_120_beat_4-4/track.npy,groove_midi,0.9743589743589743,0.95,0.9743589743589743,0.95,0.8699879261523195,0.8842706850706449,0.9806451612903225,0.9743589743589743
groove_midi/drummer3_session1_4_rock_105_beat_4-4/track.npy,groove_midi,1.0,1.0,1.0,1.0,0.9012462537283894,0.9141932727315565,1.0,1.0
groove_midi/drummer3_session1_8_jazz_105_beat_4-4/track.npy,groove_midi,0.6962962962962963,0.8666666666666667,0.6962962962962963,0.8666666666666667,0.6734783915634099,0.6938448942859976,0.859375,0.912280701754386
groove_midi/drummer4_session1_5_latin-brazilian_184_beat_4-4/track.npy,groove_midi,0.9811320754716981,0.46153846153846156,0.0,0.0,0.7124893077071554,0.4045990270938226,0.6666666666666666,0.3684210526315789
groove_midi/drummer5_eval_session_10_soul-groove10_102_beat_4-4/track.npy,groove_midi,1.0,1.0,1.0,1.0,0.9600827944254069,0.9680603560328263,1.0,1.0
groove_midi/drummer5_session1_13_afrocuban-calypso_124_beat_4-4/track.npy,groove_midi,0.997179125528914,0.9943820224719101,0.997179125528914,0.9943820224719101,0.9544841257416504,0.9488609211185329,0.998589562764457,0.9971830985915493
groove_midi/drummer5_session1_18_afrocuban_128_beat_4-4/track.npy,groove_midi,0.8138613861386138,0.9426229508196722,0.8138613861386138,0.9426229508196722,0.8134710950377702,0.853939387780077,0.8997955010224948,0.9416666666666667
groove_midi/drummer5_session1_7_latin-brazilian-maracatu_96_beat_4-4/track.npy,groove_midi,0.8492822966507177,0.96,0.8492822966507177,0.96,0.7914719259390474,0.8036060989006388,0.9346485819975339,0.9547738693467336
groove_midi/drummer5_session2_4_reggae_141_beat_4-4/track.npy,groove_midi,0.8544303797468354,0.6557377049180327,0.8544303797468354,0.03278688524590164,0.8384067439033167,0.449160661641016,0.9617486338797815,0.18257261410788383
groove_midi/drummer7_eval_session_10_soul-groove10_102_beat_4-4/track.npy,groove_midi,1.0,1.0,1.0,1.0,0.9572548838042314,0.9537885771179658,1.0,1.0
groove_midi/drummer7_eval_session_8_rock-groove8_65_beat_4-4/track.npy,groove_midi,0.9830508474576272,0.9333333333333333,0.9830508474576272,0.9333333333333333,0.8518657792159122,0.8122733476686664,0.9743589743589743,0.9655172413793104
groove_midi/drummer7_session1_14_jazz_100_beat_4-4/track.npy,groove_midi,0.989010989010989,0.3870967741935484,0.989010989010989,0.06451612903225806,0.8775835361030143,0.5254653445029808,0.994475138121547,0.3773584905660377
groove_midi/drummer7_session1_38_hiphop_100_beat_4-4/track.npy,groove_midi,1.0,0.0,1.0,0.0,0.9169039832099508,4.5667763257501766e-46,1.0,0.0
groove_midi/drummer7_session1_7_rock_93_beat_4-4/track.npy,groove_midi,0.975609756097561,0.42857142857142855,0.975609756097561,0.42857142857142855,0.8385992946014885,0.706269557898342,0.9876543209876543,0.8333333333333333
groove_midi/drummer7_session2_100_pop_142_beat_4-4/track.npy,groove_midi,0.9814814814814815,1.0,0.9814814814814815,1.0,0.7937569235911054,0.7913463563964446,0.9906542056074767,1.0
groove_midi/drummer7_session2_1_rock_120_beat_4-4/track.npy,groove_midi,0.9754098360655737,1.0,0.9754098360655737,1.0,0.884099487039852,0.8922139936726333,0.9875518672199171,1.0
groove_midi/drummer7_session2_29_rock_75_beat_4-4/track.npy,groove_midi,0.9705882352941176,1.0,0.9705882352941176,1.0,0.8167021376969442,0.8000823197807739,0.9253731343283583,0.8888888888888888
groove_midi/drummer7_session2_8_rock_95_beat_4-4/track.npy,groove_midi,0.9939393939393939,1.0,0.9939393939393939,1.0,0.9071318748398415,0.9213743516040425,0.9969604863221885,1.0
groove_midi/drummer7_session2_96_pop_142_beat_4-4/track.npy,groove_midi,1.0,1.0,1.0,1.0,0.9408267311432115,0.9409221428350053,1.0,1.0
groove_midi/drummer7_session3_131_soul_105_beat_4-4/track.npy,groove_midi,0.9791666666666666,0.9166666666666666,0.9791666666666666,0.9166666666666666,0.8012157654874711,0.7554245756780926,0.9894736842105264,0.9565217391304348
groove_midi/drummer7_session3_65_funk_112_beat_4-4/track.npy,groove_midi,0.993006993006993,0.9722222222222222,0.993006993006993,0.9722222222222222,0.9537273388874447,0.9358866753541248,0.9964912280701755,0.9859154929577464
groove_midi/drummer7_session3_91_neworleans-funk_93_beat_4-4/track.npy,groove_midi,1.0,1.0,1.0,1.0,0.8774458333497882,0.8545088056343694,1.0,1.0
groove_midi/drummer8_eval_session_6_hiphop-groove6_87_beat_4-4/track.npy,groove_midi,1.0,1.0,1.0,1.0,0.837608573418741,0.856215112658519,1.0,1.0
groove_midi/drummer8_eval_session_7_pop-groove7_138_beat_4-4/track.npy,groove_midi,1.0,1.0,1.0,1.0,0.9564729944813888,0.9598874426901993,1.0,1.0
groove_midi/drummer8_session1_18_funk_108_beat_4-4/track.npy,groove_midi,0.9962962962962963,0.6119402985074627,0.9962962962962963,0.3582089552238806,0.9446413414608192,0.4823584888612431,0.9981447124304267,0.35820895522388063
groove_midi/drummer8_session1_19_funk_108_beat_4-4/track.npy,groove_midi,0.9066265060240963,0.9879518072289156,0.9066265060240963,0.9879518072289156,0.8986048470410439,0.914318042671429,0.9515151515151515,0.9696969696969697
groove_midi/drummer8_session1_22_funk_115_beat_4-4/track.npy,groove_midi,0.5010615711252654,0.8220338983050848,0.5010615711252654,0.8220338983050848,0.6130039713836214,0.6809946340554104,0.6666666666666666,0.7433628318584071
groove_midi/drummer8_session1_5_hiphop_90_beat_4-4/track.npy,groove_midi,0.9945945945945946,0.9787234042553191,0.9945945945945946,0.9787234042553191,0.9573509930978676,0.9517068782660497,0.997289972899729,0.989247311827957
groove_midi/drummer8_session1_9_funk_96_beat_4-4/track.npy,groove_midi,0.987012987012987,0.9743589743589743,0.987012987012987,0.9743589743589743,0.958233333016353,0.9522650021110356,0.9934640522875817,0.9870129870129869
groove_midi/drummer9_session1_25_rock_90_beat_4-4/track.npy,groove_midi,0.8979591836734694,0.9230769230769231,0.8979591836734694,0.9230769230769231,0.8189545208784033,0.7165334735616016,0.9484536082474228,0.8799999999999999
groove_midi/drummer9_session1_2_rock_100_beat_4-4/track.npy,groove_midi,1.0,0.625,1.0,0.625,0.9759950646178549,0.6256259406631842,1.0,0.6451612903225806
guitarset/00_BN2-166-Ab_comp_mix/track.npy,guitarset,0.98,0.0,0.98,0.0,0.9126766255324972,2.6391702269605627e-17,0.98989898989899,0.0
guitarset/00_BN3-154-E_comp_mix/track.npy,guitarset,1.0,1.0,1.0,1.0,0.9258539774527512,0.904711543915116,1.0,1.0
guitarset/00_Funk1-97-C_comp_mix/track.npy,guitarset,0.9743589743589743,0.8888888888888888,0.9743589743589743,0.8888888888888888,0.9305511169307885,0.9126496126672486,0.9870129870129869,0.9411764705882353
guitarset/01_BN3-119-G_comp_mix/track.npy,guitarset,1.0,0.5384615384615384,1.0,0.5384615384615384,0.9438569283924729,0.671562758311249,1.0,0.7272727272727274
guitarset/01_BN3-154-E_comp_mix/track.npy,guitarset,1.0,1.0,1.0,1.0,0.9796333127762711,0.9894561605524109,1.0,1.0
guitarset/01_Rock1-90-C#_comp_mix/track.npy,guitarset,0.975609756097561,0.9090909090909091,0.975609756097561,0.9090909090909091,0.9382356335919989,0.8809283243685864,0.9876543209876543,0.9523809523809523
guitarset/01_Rock3-148-C_comp_mix/track.npy,guitarset,1.0,1.0,1.0,1.0,0.9466016610173147,0.9544856382817938,1.0,1.0
guitarset/02_BN2-131-B_comp_mix/track.npy,guitarset,1.0,1.0,1.0,1.0,0.9673297672114852,0.9764026269878718,1.0,1.0
guitarset/02_Jazz3-150-C_comp_mix/track.npy,guitarset,1.0,1.0,1.0,1.0,0.9028869818015611,0.8544739656428865,1.0,1.0
guitarset/02_Rock2-142-D_comp_mix/track.npy,guitarset,1.0,1.0,1.0,1.0,0.8375142934093354,0.8557591455318561,1.0,1.0
guitarset/02_Rock3-148-C_comp_mix/track.npy,guitarset,1.0,1.0,1.0,1.0,0.8784176340432079,0.8972644093378571,1.0,1.0
guitarset/02_SS3-98-C_comp_mix/track.npy,guitarset,0.9821428571428571,0.9285714285714286,0.9821428571428571,0.9285714285714286,0.959095172334221,0.925414955923406,0.9909909909909909,0.962962962962963
guitarset/03_BN1-147-Gb_comp_mix/track.npy,guitarset,1.0,1.0,1.0,1.0,0.9575039815044369,0.943702844327393,1.0,1.0
guitarset/03_Jazz2-187-F#_comp_mix/track.npy,guitarset,0.8269230769230769,0.8333333333333334,0.8269230769230769,0.8333333333333334,0.8244880760361321,0.712398430408414,0.9600000000000001,0.9166666666666666
guitarset/03_Rock2-142-D_comp_mix/track.npy,guitarset,1.0,1.0,1.0,1.0,0.9189522068353345,0.926911904527501,1.0,1.0
guitarset/03_SS3-98-C_comp_mix/track.npy,guitarset,0.9821428571428571,0.9285714285714286,0.9821428571428571,0.9285714285714286,0.9382629039625464,0.8858758948658284,0.9909909909909909,0.962962962962963
guitarset/04_BN2-131-B_comp_mix/track.npy,guitarset,0.9433962264150944,1.0,0.9433962264150944,1.0,0.8793960693176778,0.9568945439281327,0.9433962264150944,1.0
guitarset/05_Funk2-108-Eb_comp_mix/track.npy,guitarset,0.7818181818181819,1.0,0.7818181818181819,1.0,0.7915131968443286,0.8490023042484597,0.8703703703703703,0.9230769230769231
guitarset/05_Jazz1-130-D_comp_mix/track.npy,guitarset,1.0,0.5294117647058824,1.0,0.06666666666666667,0.7811061810867944,0.5371802619006009,1.0,0.5833333333333334
guitarset/05_Jazz1-200-B_comp_mix/track.npy,guitarset,1.0,1.0,1.0,1.0,0.9465806483064616,0.9166533103432355,1.0,1.0
guitarset/05_Jazz3-150-C_comp_mix/track.npy,guitarset,0.9607843137254902,1.0,0.9607843137254902,1.0,0.889654310378235,0.9324585068063289,0.99009900990099,1.0
guitarset/05_SS3-84-Bb_comp_mix/track.npy,guitarset,1.0,1.0,1.0,1.0,0.8434797665467374,0.8150429979003818,1.0,1.0
hainsworth/hainsworth_001/track.npy,hainsworth,1.0,0.8181818181818182,1.0,0.8181818181818182,0.976966440705427,0.9171119448954054,1.0,0.9302325581395349
hainsworth/hainsworth_016/track.npy,hainsworth,0.4838709677419355,1.0,0.34782608695652173,0.0,0.7997673374000123,0.7978460879180506,0.8051948051948052,0.6666666666666666
hainsworth/hainsworth_046/track.npy,hainsworth,0.9885057471264368,1.0,0.9885057471264368,1.0,0.9381978392674194,0.9586792713620763,0.9885057471264368,1.0
hainsworth/hainsworth_060/track.npy,hainsworth,1.0,0.7346938775510204,1.0,0.11904761904761904,0.9536515630319436,0.7675770088610824,1.0,0.7164179104477612
hainsworth/hainsworth_070/track.npy,hainsworth,0.7456140350877193,0.4857142857142857,0.7456140350877193,0.4857142857142857,0.7407299403038157,0.6578407669949804,0.8847926267281107,0.7868852459016394
hainsworth/hainsworth_074/track.npy,hainsworth,0.4888888888888889,0.9705882352941176,0.3465346534653465,0.0,0.806982460503747,0.8068061244098701,0.8047337278106509,0.6666666666666666
hainsworth/hainsworth_078/track.npy,hainsworth,1.0,0.42857142857142855,1.0,0.42857142857142855,0.9216668644789697,0.4068446729340987,1.0,0.4642857142857143
hainsworth/hainsworth_087/track.npy,hainsworth,1.0,1.0,1.0,1.0,0.9752312239622678,0.9642075685801043,1.0,1.0
hainsworth/hainsworth_094/track.npy,hainsworth,1.0,0.75,1.0,0.75,0.9165748125699122,0.7692002217191339,1.0,0.8387096774193549
hainsworth/hainsworth_095/track.npy,hainsworth,1.0,0.92,1.0,0.92,0.9748359921409265,0.9510613984824688,1.0,0.9795918367346939
hainsworth/hainsworth_098/track.npy,hainsworth,1.0,1.0,1.0,1.0,0.9754084076744558,0.9734275683333352,1.0,1.0
hainsworth/hainsworth_103/track.npy,hainsworth,0.7164179104477612,0.45454545454545453,0.7164179104477612,0.1111111111111111,0.7548167976254526,0.5884050481505613,0.8208955223880597,0.5714285714285715
hainsworth/hainsworth_119/track.npy,hainsworth,1.0,0.8461538461538461,1.0,0.8461538461538461,0.9596699093384695,0.9050303378416138,1.0,0.9333333333333333
hainsworth/hainsworth_127/track.npy,hainsworth,0.6428571428571429,0.07142857142857142,0.6428571428571429,0.07142857142857142,0.5408102609282547,0.3615780147451467,0.6666666666666666,0.46153846153846156
hainsworth/hainsworth_133/track.npy,hainsworth,0.38,0.0,0.38,0.0,0.38262439176902785,0.18020616717357255,0.5128205128205129,0.2608695652173913
hainsworth/hainsworth_134/track.npy,hainsworth,0.2549019607843137,0.24,0.1650485436893204,0.24,0.35727299760654263,0.311030647995474,0.45333333333333337,0.4
hainsworth/hainsworth_146/track.npy,hainsworth,1.0,1.0,1.0,1.0,0.9800010107472071,0.9827129769956257,1.0,1.0
hainsworth/hainsworth_148/track.npy,hainsworth,1.0,0.68,1.0,0.68,0.9609567932558479,0.8094120523424386,1.0,0.8372093023255813
hainsworth/hainsworth_157/track.npy,hainsworth,1.0,0.9230769230769231,1.0,0.9230769230769231,0.980804208409243,0.9282120360471948,1.0,0.9411764705882353
hainsworth/hainsworth_160/track.npy,hainsworth,1.0,1.0,1.0,1.0,0.9636272698181229,0.95742150329501,1.0,1.0
hainsworth/hainsworth_164/track.npy,hainsworth,1.0,1.0,1.0,1.0,0.9695823262088007,0.9831964548356321,1.0,1.0
hainsworth/hainsworth_168/track.npy,hainsworth,1.0,1.0,1.0,1.0,0.9765769990910411,0.9783790493378299,1.0,1.0
hainsworth/hainsworth_205/track.npy,hainsworth,0.0,0.6896551724137931,0.0,0.08,0.22354721285366086,0.3962329393267099,0.3783783783783784,0.5
hainsworth/hainsworth_208/track.npy,hainsworth,0.7445255474452555,0.9705882352941176,0.14049586776859505,0.0,0.770292178509377,0.7307156867310605,0.7263157894736841,0.6666666666666666
hainsworth/hainsworth_217/track.npy,hainsworth,1.0,1.0,1.0,1.0,0.9733104749070803,0.9566006404986294,1.0,1.0
hainsworth/hainsworth_229/track.npy,hainsworth,1.0,1.0,1.0,1.0,0.9801343733286777,0.979758375310104,1.0,1.0
hainsworth/hainsworth_233/track.npy,hainsworth,1.0,1.0,1.0,1.0,0.983408031422226,0.982156234842057,1.0,1.0
hainsworth/hainsworth_241/track.npy,hainsworth,0.9813084112149533,0.02,0.0,0.0,0.7687585681211084,0.4438202567087333,0.6625,0.38095238095238093
harmonix/0011_areyouexperienced/track.npy,harmonix,0.9191616766467066,0.25301204819277107,0.9191616766467066,0.13095238095238096,0.8857485761484764,0.38634124154464716,0.9489489489489489,0.3221476510067114
harmonix/0021_better/track.npy,harmonix,0.9495798319327731,0.8067226890756303,0.9495798319327731,0.8067226890756303,0.8833529778521164,0.7696890624209651,0.9516806722689075,0.8340425531914895
harmonix/0036_breakingthegirl/track.npy,harmonix,0.7967289719626168,0.6736842105263158,0.7967289719626168,0.13865546218487396,0.8510677509713254,0.7230164761226967,0.9190505173463177,0.7034120734908137
harmonix/0046_castlesmadeofsand/track.npy,harmonix,0.7556390977443609,0.515625,0.7556390977443609,0.515625,0.7312942570477872,0.5132275714417928,0.8418972332015809,0.608
harmonix/0047_chinacatsunflower/track.npy,harmonix,0.9885714285714285,0.6947368421052632,0.9885714285714285,0.6947368421052632,0.8583818205988427,0.7163166098721507,0.9899856938483547,0.858695652173913
harmonix/0059_cupidshuffle/track.npy,harmonix,0.4797047970479705,0.9640287769784173,0.4797047970479705,0.9640287769784173,0.3426856128727149,0.33178459386707715,0.4539534883720931,0.4542124542124542
harmonix/0066_decentdaysandnights/track.npy,harmonix,0.9781021897810219,0.5047619047619047,0.9781021897810219,0.5047619047619047,0.9117222470937544,0.6400557956277738,0.9902439024390245,0.7064676616915423
harmonix/0122_heardemall/track.npy,harmonix,0.5311653116531165,0.8490566037735849,0.10247349823321555,0.8490566037735849,0.675603913878345,0.634328641522486,0.5427350427350428,0.66
harmonix/0130_hotstuff/track.npy,harmonix,1.0,1.0,1.0,1.0,0.9552616253041355,0.9567179791109555,1.0,1.0
harmonix/0138_ilikeit/track.npy,harmonix,1.0,1.0,1.0,1.0,0.9449522164774968,0.9307713790757436,1.0,1.0
harmonix/0141_indaclub/track.npy,harmonix,1.0,0.9285714285714286,1.0,0.9285714285714286,0.6728083288025157,0.6575100434700726,1.0,0.9818181818181818
harmonix/0142_indestructible/track.npy,harmonix,0.9909365558912386,0.2620689655172414,0.9909365558912386,0.23076923076923078,0.9281271861259028,0.5606840984186157,0.996969696969697,0.548780487804878
harmonix/0150_justdance/track.npy,harmonix,1.0,1.0,1.0,1.0,0.9508964749720058,0.9606706882655827,1.0,1.0
harmonix/0166_macarena/track.npy,harmonix,1.0,0.7741935483870968,1.0,0.7741935483870968,0.8455790911133072,0.6674950722014843,1.0,0.8064516129032258
harmonix/0169_manicdepression/track.npy,harmonix,0.9485714285714286,0.24,0.9485714285714286,0.24,0.9097539578290563,0.4901444973776954,0.9698736637512149,0.5238095238095238
harmonix/0170_manyshadesofblack/track.npy,harmonix,0.011658031088082901,0.9703703703703703,0.011658031088082901,0.014814814814814815,0.46544710395009353,0.7527294336722083,0.5062320230105465,0.6600985221674877
harmonix/0173_massiveattack/track.npy,harmonix,0.8016997167138811,0.6067415730337079,0.0,0.05263157894736842,0.672310995173571,0.535768122863437,0.5748987854251012,0.4793388429752066
harmonix/0174_maythisbelove/track.npy,harmonix,0.9078014184397163,0.9428571428571428,0.9078014184397163,0.9428571428571428,0.8968029966496414,0.9205369367727888,0.9465930018416207,0.9558823529411765
harmonix/0175_meddle/track.npy,harmonix,0.9944903581267218,1.0,0.0027548209366391185,0.0,0.806478171980607,0.8167041285132578,0.6678899082568807,0.6715328467153284
harmonix/0186_nearlylostyou/track.npy,harmonix,0.6056910569105691,0.4634146341463415,0.6056910569105691,0.4634146341463415,0.8001141704045648,0.5102524027133343,0.8868778280542986,0.5754716981132075
harmonix/0219_pondereplay/track.npy,harmonix,0.8190255220417634,0.5514018691588785,0.09898477157360407,0.2891566265060241,0.7996112764902696,0.7990910721033094,0.7081967213114755,0.7883211678832116
harmonix/0223_reallove/track.npy,harmonix,1.0,0.8064516129032258,1.0,0.03225806451612903,0.8803226634178519,0.4383590565133412,1.0,0.0967741935483871
harmonix/0236_rumpshaker/track.npy,harmonix,1.0,1.0,1.0,1.0,0.9211756910280351,0.9249299168808329,1.0,1.0
harmonix/0239_sandm/track.npy,harmonix,0.9938080495356038,1.0,0.9938080495356038,1.0,0.9406888249855059,0.9442308518674201,0.9968944099378882,1.0
harmonix/0244_sayaah/track.npy,harmonix,0.9800995024875622,0.9607843137254902,0.9800995024875622,0.9607843137254902,0.750822770870436,0.7707394959497053,0.995,0.9803921568627451
harmonix/0249_sensualseduction/track.npy,harmonix,0.970276008492569,0.9661016949152542,0.970276008492569,0.9661016949152542,0.9513185655668143,0.9399448203421098,0.9785867237687366,0.9743589743589743
harmonix/0266_straightup/track.npy,harmonix,1.0,1.0,1.0,1.0,0.8761439299012675,0.8731670961369515,1.0,1.0
harmonix/0272_teachmehowtojerk/track.npy,harmonix,0.9958677685950413,1.0,0.9958677685950413,1.0,0.976787945485034,0.9838723389890812,0.9979296066252588,1.0
harmonix/0273_technologic/track.npy,harmonix,1.0,0.868421052631579,1.0,0.868421052631579,0.9341199624916827,0.8754911521698222,1.0,0.9466666666666667
harmonix/0277_thashiznit/track.npy,harmonix,0.9234338747099768,0.7222222222222222,0.0,0.013953488372093023,0.7613937761115364,0.682618055673311,0.6324921135646688,0.6134185303514377
harmonix/0294_tonighttonight/track.npy,harmonix,0.984375,1.0,0.984375,1.0,0.9646214508392309,0.9510332467188125,0.9921507064364208,1.0
harmonix/0302_venus/track.npy,harmonix,1.0,1.0,1.0,1.0,0.9801008928615085,0.9796765344012605,1.0,1.0
harmonix/0311_whipmyhair/track.npy,harmonix,1.0,1.0,1.0,1.0,0.9057194155400571,0.9166290693288726,1.0,1.0
harmonix/0330_50waystosaygoodbye/track.npy,harmonix,1.0,1.0,1.0,1.0,0.9353060661191454,0.9401573817615547,1.0,1.0
harmonix/0334_alltherightplaces/track.npy,harmonix,1.0,0.8933333333333333,1.0,0.8933333333333333,0.9623704507966586,0.8948939715931636,1.0,0.9395973154362416
harmonix/0344_beautifullife/track.npy,harmonix,0.8500986193293886,0.9365079365079365,0.8500986193293886,0.9365079365079365,0.8057213819445432,0.8157686850342067,0.9590163934426229,0.9672131147540983
harmonix/0348_blackout/track.npy,harmonix,0.9951923076923077,1.0,0.9951923076923077,1.0,0.9582318702956328,0.9630937830134827,0.9975903614457832,1.0
harmonix/0354_brandnewday/track.npy,harmonix,0.9718670076726342,0.9693877551020408,0.9718670076726342,0.9693877551020408,0.9442146638174623,0.9487626404011177,0.9845758354755785,0.9846153846153847
harmonix/0376_earthquake/track.npy,harmonix,0.9082278481012658,0.8481012658227848,0.0015822784810126582,0.0,0.6956095225841978,0.670958498572829,0.6168623265741728,0.5887445887445887
harmonix/0399_gotmygirls/track.npy,harmonix,0.9942363112391931,0.8791208791208791,0.9942363112391931,0.8791208791208791,0.8768131205443622,0.8370878220105825,0.9971098265895955,0.9550561797752809
harmonix/0415_illbewaiting/track.npy,harmonix,0.9971751412429378,1.0,0.9971751412429378,1.0,0.9675039866733167,0.9671532620344626,0.9985855728429986,1.0
harmonix/0425_justakiss/track.npy,harmonix,1.0,1.0,1.0,1.0,0.9769109022710434,0.9788587770168979,1.0,1.0
harmonix/0451_mrknowitall/track.npy,harmonix,0.9916434540389972,1.0,0.9916434540389972,1.0,0.9516300241933564,0.9451599642371118,0.9972067039106145,1.0
harmonix/0453_mygirl/track.npy,harmonix,0.9652777777777778,0.9722222222222222,0.9652777777777778,0.9722222222222222,0.9580829276658149,0.9641928012104501,0.9823321554770319,0.9859154929577464
harmonix/0454_myohmy/track.npy,harmonix,0.9908256880733946,1.0,0.9908256880733946,1.0,0.9804477681241336,0.9830082346261615,0.9953917050691244,1.0
harmonix/0465_onething/track.npy,harmonix,0.9974874371859297,1.0,0.9974874371859297,1.0,0.9681038234741064,0.9686413180712742,0.9987421383647799,1.0
harmonix/0466_onthedarkside/track.npy,harmonix,0.39211136890951276,0.6296296296296297,0.39211136890951276,0.6296296296296297,0.40399071274545556,0.38864297592344976,0.7411167512690355,0.7208121827411168
harmonix/0470_ours/track.npy,harmonix,0.8793969849246231,0.86,0.8793969849246231,0.86,0.9090391242838379,0.8921058456755767,0.9672413793103448,0.9517241379310346
harmonix/0472_partofme/track.npy,harmonix,0.9932584269662922,1.0,0.9932584269662922,1.0,0.5624355637886956,0.5617496264606304,0.9966178128523112,1.0
harmonix/0488_september/track.npy,harmonix,0.8671328671328671,0.9411764705882353,0.8671328671328671,0.9411764705882353,0.9078389589445177,0.9235205854017607,0.9620253164556961,0.9777777777777777
harmonix/0489_shakeyourbody/track.npy,harmonix,0.9976415094339622,0.9056603773584906,0.9976415094339622,0.9056603773584906,0.8860805071544761,0.8642851340702195,0.998819362455726,0.9565217391304348
harmonix/0503_stucklikeglue/track.npy,harmonix,0.87518573551263,0.844311377245509,0.06645569620253164,0.08387096774193549,0.814124077052244,0.8129772516827909,0.695562435500516,0.7029288702928871
harmonix/0514_thetimeofmylife/track.npy,harmonix,0.9720558882235529,0.9758064516129032,0.9720558882235529,0.9758064516129032,0.8578713573161063,0.8617740409670299,0.974924774322969,0.967741935483871
harmonix/0520_tonight/track.npy,harmonix,0.9978768577494692,0.9915254237288136,0.9978768577494692,0.9915254237288136,0.9653990339578523,0.9632260795271135,0.9989373007438895,0.9957446808510638
harmonix/0531_whenwestandtogether/track.npy,harmonix,1.0,0.9722222222222222,1.0,0.9722222222222222,0.9614626633671659,0.9494897630427511,1.0,0.993006993006993
harmonix/0539_youandi/track.npy,harmonix,0.6636636636636637,0.632183908045977,0.10526315789473684,0.11290322580645161,0.27490963483238146,0.2804616515196636,0.6118500604594921,0.5876777251184834
harmonix/0554_allalright/track.npy,harmonix,0.5920398009950248,0.7218543046357616,0.25308641975308643,0.1590909090909091,0.7837375297571257,0.7815051861272032,0.766497461928934,0.7307692307692308
harmonix/0562_alreadygone/track.npy,harmonix,0.9969879518072289,0.9880952380952381,0.9969879518072289,0.9880952380952381,0.9189524338982896,0.9119876243650148,0.9984917043740573,0.9940119760479043
harmonix/0567_anythingcouldhappen/track.npy,harmonix,0.9810924369747899,0.865546218487395,0.9810924369747899,0.865546218487395,0.9629297333588925,0.8558929443006427,0.9936708860759494,0.8776371308016878
harmonix/0604_bustitbabypart2/track.npy,harmonix,0.6611111111111111,0.7441860465116279,0.19696969696969696,0.13513513513513514,0.7787574354057878,0.7771398671148178,0.7463312368972745,0.717948717948718
harmonix/0629_crush/track.npy,harmonix,0.9816849816849816,0.9558823529411765,0.9816849816849816,0.9558823529411765,0.955502280187808,0.9433833118652653,0.9907578558225507,0.9777777777777777
harmonix/0637_daynniteremix/track.npy,harmonix,0.9981308411214953,1.0,0.9981308411214953,1.0,0.8088860687064339,0.8091071666396266,0.9990645463049579,1.0
harmonix/0645_dontstopthemusic/track.npy,harmonix,0.9829545454545454,0.7611940298507462,0.9829545454545454,0.7611940298507462,0.9281007936081774,0.7799198003227722,0.9914204003813155,0.8377358490566038
harmonix/0659_everybody/track.npy,harmonix,0.9860335195530726,0.9888888888888889,0.9860335195530726,0.9888888888888889,0.972967720159333,0.979530177599147,0.9929676511954993,0.9944134078212291
harmonix/0670_fearless/track.npy,harmonix,0.9973821989528796,1.0,0.9973821989528796,1.0,0.9709421035162484,0.9744152742538402,0.998689384010485,1.0
harmonix/0671_feedback/track.npy,harmonix,0.9975550122249389,1.0,0.9975550122249389,1.0,0.9615735544836547,0.9640337272240762,0.9987760097919216,1.0
harmonix/0672_feelitinmybones/track.npy,harmonix,0.9966254218222722,1.0,0.9966254218222722,1.0,0.9559408051943473,0.9558164644789614,0.9988751406074241,1.0
harmonix/0685_forgottolaugh/track.npy,harmonix,1.0,0.9710144927536232,1.0,0.9710144927536232,0.9732719997644987,0.9687201735860662,1.0,0.9855072463768116
harmonix/0687_getouttamyway/track.npy,harmonix,0.9957983193277311,0.6455026455026455,0.9957983193277311,0.19047619047619047,0.5011463274106606,0.2503223077610563,0.9978947368421053,0.27792915531335144
harmonix/0688_getthepartystarted/track.npy,harmonix,0.9949622166246851,1.0,0.9949622166246851,1.0,0.974695135618305,0.974820211782831,0.9974747474747475,1.0
harmonix/0690_givemeeverything/track.npy,harmonix,0.9981060606060606,1.0,0.9981060606060606,1.0,0.9739261549351754,0.9773876715256489,0.9990521327014218,1.0
harmonix/0702_greenlight/track.npy,harmonix,0.9691780821917808,0.9726027397260274,0.9691780821917808,0.9726027397260274,0.9703373199330928,0.9722456595286979,0.984375,0.9861111111111112
harmonix/0706_halcyon/track.npy,harmonix,0.910025706940874,0.9270833333333334,0.910025706940874,0.9270833333333334,0.6647253203631006,0.6589042472393253,0.8516129032258064,0.8645833333333333
harmonix/0707_halfwaygone/track.npy,harmonix,0.9973890339425587,1.0,0.9973890339425587,1.0,0.9704208495876852,0.9700989390996279,0.9986928104575163,1.0
harmonix/0724_hotmessdj/track.npy,harmonix,0.9967213114754099,1.0,0.9967213114754099,1.0,0.7131826664434079,0.709319914698534,0.9983579638752053,1.0
harmonix/0725_hotncold/track.npy,harmonix,0.9956140350877193,1.0,0.9956140350877193,1.0,0.8793735178827767,0.8593615187958856,0.9978021978021978,1.0
harmonix/0730_hurtssogood/track.npy,harmonix,0.9974293059125964,0.6,0.9974293059125964,0.6,0.9719822866367516,0.6797219775431538,0.9987129987129987,0.702970297029703
harmonix/0740_ikissedagirljasonnevins/track.npy,harmonix,0.9977973568281938,1.0,0.9977973568281938,1.0,0.9569425721997706,0.9573198583718847,0.9988974641675854,1.0
harmonix/0746_imnotyourhero/track.npy,harmonix,0.9933184855233853,1.0,0.9933184855233853,1.0,0.9625647059156438,0.9629538782909679,0.9966555183946487,1.0
harmonix/0762_iwantitthatway/track.npy,harmonix,0.9850299401197605,0.9879518072289156,0.9850299401197605,0.9879518072289156,0.9305729816922974,0.933762818023519,0.9865067466266867,0.993939393939394
harmonix/0763_iwasafool/track.npy,harmonix,0.9757785467128027,0.9861111111111112,0.9757785467128027,0.9861111111111112,0.9701450690243316,0.9781881446501413,0.9877408056042032,0.993006993006993
harmonix/0779_letitrockfilthy/track.npy,harmonix,0.9978902953586498,0.7372881355932204,0.9978902953586498,0.7372881355932204,0.9713457608890302,0.7574586798177183,0.9989440337909187,0.7777777777777778
harmonix/0781_lettinggoduttylove/track.npy,harmonix,0.8927536231884058,0.9069767441860465,0.8927536231884058,0.9069767441860465,0.8531772958240751,0.861708307232549,0.9067055393586007,0.9349112426035502
harmonix/0783_lighton/track.npy,harmonix,0.9914163090128756,0.8421052631578947,0.9914163090128756,0.8421052631578947,0.979066539988213,0.913005958417214,0.9978494623655914,0.9298245614035088
harmonix/0787_liveyourlife/track.npy,harmonix,0.9894459102902374,0.9893617021276596,0.9894459102902374,0.9893617021276596,0.9492596661494412,0.949998562620041,0.9960369881109643,0.9893617021276596
harmonix/0791_lollipop/track.npy,harmonix,0.7891566265060241,0.8292682926829268,0.7891566265060241,0.8292682926829268,0.8705889091744274,0.884378164607593,0.9428571428571428,0.9554140127388536
harmonix/0807_makemebetter/track.npy,harmonix,1.0,1.0,1.0,1.0,0.9643734000981935,0.9729422927473205,1.0,1.0
harmonix/0831_noair/track.npy,harmonix,0.9881656804733728,0.9540229885057471,0.9881656804733728,0.9540229885057471,0.9146456222534399,0.9183820988325919,0.9940652818991098,0.9824561403508771
harmonix/0835_notetogod/track.npy,harmonix,0.7258771929824561,0.6140350877192983,0.7258771929824561,0.6140350877192983,0.6619054807544923,0.6386703864280792,0.9023809523809523,0.8627450980392156
harmonix/0837_nottonight/track.npy,harmonix,0.9953271028037384,0.8545454545454545,0.9953271028037384,0.8545454545454545,0.9553245405834978,0.9024677581113815,0.9976580796252927,0.9444444444444444
harmonix/0842_obsessionstatic/track.npy,harmonix,0.9955947136563876,0.9912280701754386,0.9955947136563876,0.9912280701754386,0.9547113599156467,0.9533237347870295,0.9977924944812362,0.9955947136563876
harmonix/0849_onlyyou/track.npy,harmonix,1.0,0.7934782608695652,1.0,0.7934782608695652,0.9800648580930893,0.8533139778729713,1.0,0.8700564971751413
harmonix/0850_onlyyoucanlovemethisway/track.npy,harmonix,0.9930313588850174,0.9722222222222222,0.9930313588850174,0.9722222222222222,0.9036494245622013,0.9086509388517618,0.9965034965034965,0.9861111111111112
harmonix/0855_overyou/track.npy,harmonix,0.9961240310077519,0.9846153846153847,0.9961240310077519,0.9846153846153847,0.938752716714516,0.9401498662748607,0.9980582524271845,0.9922480620155039
harmonix/0860_pieceofme/track.npy,harmonix,1.0,1.0,1.0,1.0,0.9571773110027472,0.9600014106442455,1.0,1.0
harmonix/0866_pokerfacedave/track.npy,harmonix,1.0,1.0,1.0,1.0,0.5086356962462616,0.5210942462011003,0.987027027027027,0.9826839826839827
harmonix/0878_replay/track.npy,harmonix,1.0,1.0,1.0,1.0,0.9694772324151151,0.9521704405963426,1.0,1.0
harmonix/0881_rightround/track.npy,harmonix,0.9926289926289926,1.0,0.9926289926289926,1.0,0.9467929019184337,0.9330500935148289,0.991389913899139,0.9901960784313726
harmonix/0889_samelove/track.npy,harmonix,0.755656108597285,0.8198198198198198,0.755656108597285,0.8198198198198198,0.5797149212257033,0.5696083306665828,0.7907514450867053,0.7942583732057418
harmonix/0908_sober/track.npy,harmonix,0.986449864498645,0.978494623655914,0.986449864498645,0.978494623655914,0.937828421071575,0.9237810552766356,0.9931787175989086,0.9891304347826088
harmonix/0910_solo/track.npy,harmonix,0.9513888888888888,1.0,0.9513888888888888,1.0,0.6139337708795831,0.624111291166458,0.9789227166276346,0.9905660377358491
harmonix/0913_somuchlove/track.npy,harmonix,0.9896157840083074,0.42292490118577075,0.9896157840083074,0.42292490118577075,0.9700001952837395,0.6057197113252119,0.9937434827945776,0.5465587044534412
harmonix/0924_sunisup/track.npy,harmonix,1.0,0.6513761467889908,1.0,0.6513761467889908,0.8990907424866096,0.6629739569274578,1.0,0.732394366197183
harmonix/0939_thecure/track.npy,harmonix,0.9977777777777778,1.0,0.9977777777777778,1.0,0.914820374336916,0.9122957478992108,0.9988876529477196,1.0
harmonix/0946_thinkingofyou/track.npy,harmonix,0.5158730158730159,0.45263157894736844,0.5158730158730159,0.45263157894736844,0.7000596803958258,0.661535344641459,0.8528528528528528,0.8121212121212121
harmonix/0947_thiskiss/track.npy,harmonix,0.9936440677966102,1.0,0.9936440677966102,1.0,0.9532400621461407,0.9535983811881248,0.9968119022316684,1.0
harmonix/0950_throwyourhandsup/track.npy,harmonix,0.9977324263038548,0.8545454545454545,0.9977324263038548,0.8545454545454545,0.947032778324546,0.8860048225646984,0.9977324263038548,0.9266055045871558
harmonix/0953_tilltheworldends2/track.npy,harmonix,0.996,1.0,0.996,1.0,0.9493072360286973,0.9511157612440898,0.99,0.992
harmonix/0961_unfaithfulfemme/track.npy,harmonix,0.9956140350877193,1.0,0.9956140350877193,1.0,0.950851654210384,0.9543020181926909,0.9978021978021978,1.0
harmonix/0964_wakingupinvegas/track.npy,harmonix,0.9105882352941177,0.7788461538461539,0.9105882352941177,0.7788461538461539,0.895322989480475,0.8413217355672148,0.9474940334128878,0.8866995073891625
harmonix/0965_wakingupinvegascalvin/track.npy,harmonix,0.9779661016949153,0.9863945578231292,0.9779661016949153,0.9863945578231292,0.933362196208579,0.9344859060388192,0.9812286689419795,0.9761092150170648
harmonix/0966_wakingupinvegascalvinh/track.npy,harmonix,0.9764957264957265,0.9829059829059829,0.9764957264957265,0.9829059829059829,0.9552636201464169,0.9653578767745304,0.9892703862660944,0.9957081545064378
harmonix/0967_walkingonadream/track.npy,harmonix,0.9988304093567252,0.985981308411215,0.9988304093567252,0.985981308411215,0.9579174553502331,0.9487944389016019,0.9994148624926857,0.9906542056074766
harmonix/0969_webelongtogether/track.npy,harmonix,0.9601769911504425,0.9473684210526315,0.9601769911504425,0.9473684210526315,0.9175418142730809,0.9084641856369509,0.9820627802690582,0.9821428571428572
hjdb/hjdb_Being_With_You/track.npy,hjdb,1.0,1.0,1.0,1.0,0.979250571619614,0.9854254669310355,1.0,1.0
hjdb/hjdb_Being_With_You_(Foul_Play_Remix)/track.npy,hjdb,0.9916666666666667,1.0,0.9916666666666667,1.0,0.9828096142307765,0.9853574154699825,0.9958333333333333,1.0
hjdb/hjdb_Being_With_You_1/track.npy,hjdb,0.9951690821256038,1.0,0.9951690821256038,1.0,0.98231521461897,0.9860261199179877,0.9975786924939467,1.0
hjdb/hjdb_Bombscare/track.npy,hjdb,1.0,1.0,1.0,1.0,0.9833104511997379,0.9670516389324629,1.0,1.0
hjdb/hjdb_Breakage4/track.npy,hjdb,1.0,1.0,1.0,1.0,0.9791641349808777,0.9770363446738559,1.0,1.0
hjdb/hjdb_Cant_Stop_The_Rush_(93_Remix)/track.npy,hjdb,0.9910714285714286,1.0,0.9910714285714286,1.0,0.9709731913233153,0.9743277732650574,0.9955156950672646,1.0
hjdb/hjdb_Dance_With_Power_(Original_Mix)/track.npy,hjdb,1.0,1.0,1.0,1.0,0.9722872322577473,0.9672623398400694,1.0,1.0
hjdb/hjdb_Deep_Space/track.npy,hjdb,1.0,1.0,1.0,1.0,0.9344567662624355,0.9253199862928858,1.0,1.0
hjdb/hjdb_Dis_Generation/track.npy,hjdb,0.9823008849557522,1.0,0.9823008849557522,1.0,0.9634635946033089,0.9607850725551977,0.9955555555555555,1.0
hjdb/hjdb_Do_It_Now/track.npy,hjdb,1.0,1.0,1.0,1.0,0.9794830016279228,0.970293567334677,1.0,1.0
hjdb/hjdb_Drum_Programme_(Remix)/track.npy,hjdb,1.0,1.0,1.0,1.0,0.9804789140134865,0.9634393468965798,1.0,1.0
hjdb/hjdb_Even_Further_Intrigue/track.npy,hjdb,1.0,1.0,1.0,1.0,0.9786678237045286,0.9735371645812847,1.0,1.0
hjdb/hjdb_Further_Intrigue/track.npy,hjdb,1.0,1.0,1.0,1.0,0.9764816151131452,0.9866229440172326,1.0,1.0
hjdb/hjdb_Gotta_Release/track.npy,hjdb,1.0,1.0,1.0,1.0,0.9685389496841527,0.9752962341567663,1.0,1.0
hjdb/hjdb_Imagine_The_Future/track.npy,hjdb,0.9669421487603306,1.0,0.9669421487603306,1.0,0.9477192623008996,0.9523601118241385,0.9875518672199171,1.0
hjdb/hjdb_Johnny_(Dance_Conspiracy_Mix)/track.npy,hjdb,0.9813084112149533,1.0,0.9813084112149533,1.0,0.9766581243323287,0.9805579441778316,0.9953051643192489,1.0
hjdb/hjdb_Light_Years/track.npy,hjdb,0.6363636363636364,0.4482758620689655,0.6363636363636364,0.4482758620689655,0.6526419218152374,0.5969991383218847,0.6744186046511628,0.5882352941176471
hjdb/hjdb_Music_In_Search_Of_Light/track.npy,hjdb,1.0,1.0,1.0,1.0,0.9775284145209735,0.9793613084969218,1.0,1.0
hjdb/hjdb_Music_Takes_You/track.npy,hjdb,1.0,1.0,1.0,1.0,0.9743019252439306,0.9677381643148952,1.0,1.0
hjdb/hjdb_Oblivion/track.npy,hjdb,0.9210526315789473,1.0,0.9210526315789473,1.0,0.9259893989851029,0.9796940699860427,0.9536423841059603,1.0
hjdb/hjdb_Renegade_Snares_(Foul_Play_Remix)/track.npy,hjdb,0.9912280701754386,1.0,0.9912280701754386,1.0,0.9775305749419301,0.9786274035468817,0.9978021978021978,1.0
hjdb/hjdb_Renegade_Snares_(VIP_Remix)/track.npy,hjdb,1.0,1.0,1.0,1.0,0.9860268343720259,0.9893054183985884,1.0,1.0
hjdb/hjdb_Serious_Sounds/track.npy,hjdb,0.9957983193277311,1.0,0.9957983193277311,1.0,0.9819239799610749,0.9876017558695188,0.9978947368421053,1.0
hjdb/hjdb_Spliffhead/track.npy,hjdb,1.0,1.0,1.0,1.0,0.9806840248889117,0.9693805840099684,1.0,1.0
hjdb/hjdb_Terminator/track.npy,hjdb,1.0,1.0,1.0,1.0,0.9688019221998094,0.9776234165155134,1.0,1.0
hjdb/hjdb_Terminator_2/track.npy,hjdb,1.0,1.0,1.0,1.0,0.9829643107763845,0.9779315992189457,1.0,1.0
hjdb/hjdb_The_Warning_(Remix)/track.npy,hjdb,1.0,0.8620689655172413,1.0,0.8620689655172413,0.9820997268205295,0.9062207125356758,1.0,0.9285714285714286
hjdb/hjdb_Total_Xstacy_(Remix)/track.npy,hjdb,1.0,1.0,1.0,1.0,0.9790303719220486,0.9803032135613675,1.0,1.0
hjdb/hjdb_Wait_4_The_Bass/track.npy,hjdb,1.0,1.0,1.0,1.0,0.9808784659550914,0.9711857350974189,1.0,1.0
hjdb/hjdb_Wind_It_Up_(Rewound)/track.npy,hjdb,0.6122448979591837,0.5454545454545454,0.3,0.0,0.4770609123024864,0.10834808832930688,0.3232323232323232,0.09523809523809525
jaah/jaah_000-tito_puente-airegin/track.npy,jaah,0.42887029288702927,0.3542600896860987,0.42887029288702927,0.17045454545454544,0.48751698393783954,0.3952172673976485,0.5285868392664509,0.3958333333333333
jaah/jaah_008-sonny_rollins-blue_7/track.npy,jaah,0.9966755319148937,0.800531914893617,0.9966755319148937,0.800531914893617,0.9598252663684379,0.8321612143928702,0.9976720984369803,0.8648648648648649
jaah/jaah_020-charlie_parker-crazeology_take_4/track.npy,jaah,0.8140703517587939,0.7121951219512195,0.8140703517587939,0.7121951219512195,0.8674398431865189,0.7703015165594299,0.9402597402597404,0.8439897698209718
jaah/jaah_031-duke_ellington_his_orchestra-east_st_louis_toodleoo/track.npy,jaah,0.8546637744034707,0.8,0.8546637744034707,0.8,0.8875190400287902,0.8395173337760395,0.9516310461192351,0.9041095890410958
jaah/jaah_033-the_boswell_sisters-everybody_loves_my_baby/track.npy,jaah,0.6303571428571428,0.6571428571428571,0.6303571428571428,0.6571428571428571,0.8092668683331365,0.8000079777129274,0.8968779564806056,0.8615384615384616
jaah/jaah_037-jimmie_noones_apex_club_orchestra-four_or_five_times/track.npy,jaah,0.9796954314720813,0.5346534653465347,0.9796954314720813,0.5346534653465347,0.959037209840729,0.6259442738336572,0.9859872611464969,0.6432160804020101
jaah/jaah_052-don_byas_slam_stewart-i_got_rhythm/track.npy,jaah,0.7508698677800975,0.22625698324022347,0.7508698677800975,0.12813370473537605,0.8108412803302587,0.26406381899547876,0.9652235628105039,0.24027072758037224
jaah/jaah_063-bessie_smith-lost_your_head_blues/track.npy,jaah,0.9801587301587301,0.9032258064516129,0.9801587301587301,0.9032258064516129,0.9218165846132114,0.9214930321250803,0.9900199600798402,0.9752066115702479
jaah/jaah_083-frankie_trumbauer_and_his_orchestra-riverboat_shuffle/track.npy,jaah,0.9937791601866252,1.0,0.9937791601866252,1.0,0.9738220296353989,0.978596604482008,0.9976653696498056,1.0
jaah/jaah_086-dizzy_gillespie_his_all_stars-shaw_nuff/track.npy,jaah,0.8716049382716049,0.7881773399014779,0.8716049382716049,0.7881773399014779,0.8674634006580538,0.7350293872368693,0.9708978328173375,0.8098765432098766
jaah/jaah_096-eddie_condons_hot_shots-thats_a_serious_thing/track.npy,jaah,1.0,0.8571428571428571,1.0,0.8571428571428571,0.9541509521303424,0.859012953819727,1.0,0.8950276243093923
jaah/jaah_102-lucky_thompson_trio-tricroism/track.npy,jaah,0.8696883852691218,0.5767195767195767,0.8696883852691218,0.5767195767195767,0.7494859542052553,0.5442013784790725,0.9062499999999999,0.6465753424657534
jaah/jaah_110-sarah_vaughan-wrap_your_troubles_in_dreams/track.npy,jaah,0.9866666666666667,0.9733333333333334,0.9866666666666667,0.9733333333333334,0.932258637106638,0.937610596892355,0.9849246231155778,0.9798657718120806
jaah/jaah_111-fletcher_henderson_and_his_orchestra-wrappin_it_up/track.npy,jaah,0.9962616822429906,0.9555555555555556,0.9962616822429906,0.9555555555555556,0.9701319683284659,0.9571151055691686,0.9971936389148736,0.9814126394052044
rwc/rwc_classical_CD1_03/track.npy,rwc_classical,0.6014598540145986,0.2990353697749196,0.15755627009646303,0.03376205787781351,0.6323228959391866,0.44914918924208447,0.6573354069466045,0.5201380897583429
rwc/rwc_classical_CD2_04/track.npy,rwc_classical,0.6538461538461539,0.6876513317191283,0.6538461538461539,0.6876513317191283,0.7020318840952686,0.6868984578748975,0.84933708316593,0.8316326530612245
rwc/rwc_classical_CD4_01/track.npy,rwc_classical,0.40105540897097625,0.3848396501457726,0.40105540897097625,0.3848396501457726,0.690724029260805,0.5183991949004456,0.7933634992458521,0.5964912280701753
rwc/rwc_classical_CD4_03/track.npy,rwc_classical,0.39150401836969,0.7848101265822784,0.3790951638065523,0.7848101265822784,0.6321941941052893,0.7408778265424121,0.7539461467038069,0.8761061946902654
rwc/rwc_classical_CD5_01/track.npy,rwc_classical,0.5949612403100775,0.49318801089918257,0.5949612403100775,0.07356948228882834,0.7533581606121208,0.5517318725677612,0.8366141732283465,0.5577981651376147
rwc/rwc_classical_CD5_08/track.npy,rwc_classical,0.480859010270775,0.08430232558139535,0.18843683083511778,0.08430232558139535,0.6620560624941012,0.4798542738192118,0.693877551020408,0.5325670498084291
rwc/rwc_classical_CD6_11/track.npy,rwc_classical,0.5105263157894737,0.7368421052631579,0.5105263157894737,0.7368421052631579,0.5256125851772304,0.5117717320123082,0.7743902439024389,0.7777777777777778
rwc/rwc_jazz_CD1_04/track.npy,rwc_jazz,0.5633074935400517,0.39790575916230364,0.015503875968992248,0.2127659574468085,0.5040818862313923,0.49389808271680513,0.4801381692573403,0.5232067510548524
rwc/rwc_jazz_CD1_07/track.npy,rwc_jazz,0.6425855513307985,0.4939759036144578,0.6425855513307985,0.4939759036144578,0.5138644637915675,0.42931874458536035,0.640625,0.5503355704697986
rwc/rwc_jazz_CD2_07/track.npy,rwc_jazz,0.9521410579345088,0.5565217391304348,0.9521410579345088,0.5565217391304348,0.7299280286332949,0.6048441298703399,0.9026548672566372,0.7417840375586854
rwc/rwc_jazz_CD3_01/track.npy,rwc_jazz,0.96996996996997,0.9337349397590361,0.96996996996997,0.9337349397590361,0.8553190643023376,0.8391120621908795,0.9654135338345866,0.9512195121951219
rwc/rwc_jazz_CD3_09/track.npy,rwc_jazz,0.5832414553472988,0.749003984063745,0.2530949105914718,0.749003984063745,0.7239429372976296,0.7758477675865657,0.7552921253175274,0.8828451882845189
rwc/rwc_jazz_CD4_08/track.npy,rwc_jazz,0.9914089347079038,0.9795918367346939,0.9914089347079038,0.9795918367346939,0.9245306891816973,0.9203342637917992,0.9939603106125972,0.9863013698630136
rwc/rwc_jazz_CD4_11/track.npy,rwc_jazz,0.9959349593495935,1.0,0.9959349593495935,1.0,0.926245417464712,0.9305072194545115,0.9989827060020345,1.0
rwc/rwc_popular_CD1_07/track.npy,rwc_popular,0.9541595925297114,0.9591836734693877,0.9541595925297114,0.9591836734693877,0.9603215211217271,0.9590416595281804,0.9748482220294884,0.9724137931034483
rwc/rwc_popular_CD1_11/track.npy,rwc_popular,0.9897172236503856,0.9595959595959596,0.9897172236503856,0.9595959595959596,0.9785728737637104,0.9709941998635594,0.9948320413436693,0.989795918367347
rwc/rwc_popular_CD2_04/track.npy,rwc_popular,0.9921568627450981,1.0,0.9921568627450981,1.0,0.9805315094666242,0.9872362662023653,0.9970501474926253,1.0
rwc/rwc_popular_CD2_09/track.npy,rwc_popular,0.9392523364485982,0.9905660377358491,0.9392523364485982,0.9905660377358491,0.9405478918730615,0.9417280719518001,0.9541715628672152,0.957345971563981
rwc/rwc_popular_CD2_12/track.npy,rwc_popular,0.9522727272727273,1.0,0.9522727272727273,1.0,0.8252206191760556,0.8367940063035274,0.9657534246575342,0.963302752293578
rwc/rwc_popular_CD3_07/track.npy,rwc_popular,0.967551622418879,0.8241758241758241,0.967551622418879,0.8241758241758241,0.8619766501061477,0.8392341800718736,0.9806259314456036,0.9318181818181819
rwc/rwc_popular_CD4_03/track.npy,rwc_popular,0.9917763157894737,0.993421052631579,0.9917763157894737,0.993421052631579,0.9555818821420257,0.9494968779584415,0.9958779884583677,0.993421052631579
rwc/rwc_popular_CD4_08/track.npy,rwc_popular,0.9946808510638298,1.0,0.9946808510638298,1.0,0.9032999996508285,0.915602542049769,0.9986684420772304,1.0
rwc/rwc_popular_CD5_04/track.npy,rwc_popular,0.9862068965517241,0.908256880733945,0.9862068965517241,0.908256880733945,0.9265209739121542,0.8339361240400849,0.9746543778801843,0.8940092165898618
rwc/rwc_popular_CD6_04/track.npy,rwc_popular,0.9838969404186796,0.9871794871794872,0.9838969404186796,0.9871794871794872,0.9538144453494833,0.9476792490343393,0.9927007299270074,0.9935483870967742
rwc/rwc_popular_CD7_04/track.npy,rwc_popular,1.0,1.0,1.0,1.0,0.9774270020088844,0.9796992723066327,1.0,1.0
rwc/rwc_popular_CD7_05/track.npy,rwc_popular,0.8741721854304636,0.75,0.013266998341625208,0.019867549668874173,0.705399222551526,0.6644129326232835,0.6238738738738739,0.5844748858447489
rwc/rwc_royalty-free_CD1_05/track.npy,rwc_royalty-free,0.9693486590038314,0.9846153846153847,0.9693486590038314,0.9846153846153847,0.8796394820170899,0.9103866863670516,0.9827255278310941,0.9922480620155039
rwc/rwc_royalty-free_CD1_11/track.npy,rwc_royalty-free,0.9958847736625515,0.9836065573770492,0.9958847736625515,0.9836065573770492,0.8333118711746614,0.8223508770427477,0.9979381443298969,0.9917355371900827
simac/simac_A_vida_me_fez_assim_05-Ja_era_(Palavra)/track.npy,simac,0.9666666666666667,0.0,0.9666666666666667,0.0,0.9381225680407311,0.0,0.983050847457627,0.0
simac/simac_A_vida_me_fez_assim_11-Quantas_lagrimas/track.npy,simac,0.9615384615384616,0.0,0.9615384615384616,0.0,0.9507166571539041,0.0,0.9803921568627451,0.0
simac/simac_A_vida_me_fez_assim_13-Ana_agua_do_rio_A_vida_me_fez_assim/track.npy,simac,0.9230769230769231,0.0,0.9230769230769231,0.0,0.846619472671414,0.0,0.9600000000000001,0.0
simac/simac_Albedo_0.39_04-Main_Sequence/track.npy,simac,0.2962962962962963,0.0,0.2962962962962963,0.0,0.4746209780746122,0.0,0.6086956521739131,0.0
simac/simac_Alfagamabetizado_04-Cumplicidade_de_Armario/track.npy,simac,0.9130434782608695,0.0,0.9130434782608695,0.0,0.8396913505112955,0.0,0.9545454545454545,0.0
simac/simac_Amber_01-Foil/track.npy,simac,0.4262295081967213,0.0,0.35555555555555557,0.0,0.7834370163032669,0.0,0.7894736842105263,0.0
simac/simac_As_Time_Goes_By_06-therell_be_some_changes_made/track.npy,simac,0.8,0.0,0.8,0.0,0.6694129230349847,0.0,0.8214285714285715,0.0
simac/simac_As_time_goes_by_disk_2_11-Mountain_greenery/track.npy,simac,0.78125,0.0,0.78125,0.0,0.6790321849422296,0.0,0.870967741935484,0.0
simac/simac_As_time_goes_by_disk_3_07-Lover/track.npy,simac,0.8181818181818182,0.0,0.8181818181818182,0.0,0.7934812514825744,0.0,0.9,0.0
simac/simac_As_time_goes_by_disk_3_09-All_mine/track.npy,simac,0.8275862068965517,0.0,0.8275862068965517,0.0,0.8205466194546079,0.0,0.9056603773584906,0.0
simac/simac_As_time_goes_by_disk_3_12-My_heart_stood_still/track.npy,simac,0.8064516129032258,0.0,0.8064516129032258,0.0,0.7226780841895402,0.0,0.8928571428571428,0.0
simac/simac_BACH_WTC_04-Prelude_and_Fugue_No._2_in_C_minor_BWV_871_-_2._Fuga/track.npy,simac,0.5384615384615384,0.0,0.5384615384615384,0.0,0.8396249541155416,0.0,0.8695652173913044,0.0
simac/simac_Bach_The_Well-Tempered_Clavier_II_(Disc_1)_11-Prelude_and_Fugue_No._6_in_D_minor_BWV_875_-_1._Praeludium/track.npy,simac,1.0,0.0,1.0,0.0,0.9542648384396593,0.0,1.0,0.0
simac/simac_Bach_The_Well-Tempered_Clavier_II_(Disc_2)_05-Prelude_and_Fugue_No._15_G_major_BWV_884_-_1._Praeludium/track.npy,simac,0.4634146341463415,0.0,0.06060606060606061,0.0,0.4957941595895783,0.0,0.4444444444444444,0.0
simac/simac_Bach_The_Well-Tempered_Clavier_II_(Disc_2)_19-Prelude_and_Fugue_No._22_B-flat_minor_BWV_891_-_1._Praeludium/track.npy,simac,0.9629629629629629,0.0,0.9629629629629629,0.0,0.9474354094537067,0.0,0.9811320754716981,0.0
simac/simac_Bach_The_Well-Tempered_Clavier_II_(Disc_2)_21-Prelude_and_Fugue_No._23_B_major_BWV_892_-_1._Praeludium/track.npy,simac,0.9032258064516129,0.0,0.9032258064516129,0.0,0.9181383651607191,0.0,0.9491525423728813,0.0
simac/simac_Beethoven_-_The_String_Quartets_#1_05-G_major_op._18_no._2_-_Allegro/track.npy,simac,0.9230769230769231,0.0,0.9230769230769231,0.0,0.8767397864125711,0.0,0.9600000000000001,0.0
simac/simac_Beethoven_-_The_String_Quartets_#1_07-G_major_op._18_no._2_-_Scherzo._Allegro/track.npy,simac,0.925,0.0,0.925,0.0,0.8046006125204579,0.0,0.9230769230769231,0.0
simac/simac_Bela_Bartok_05-The_Miraculous_Mandarin_5.1_Maestoso_5.2_Allegro/track.npy,simac,0.3333333333333333,0.0,0.3333333333333333,0.0,0.45785455806750697,0.0,0.5,0.0
simac/simac_Bernstein_conducts_Stravinsky_01-Introduction_Part_1-_The_adoration_of_the_earth_/track.npy,simac,0.08333333333333333,0.0,0.07692307692307693,0.0,0.3690476514325946,0.0,0.5599999999999999,0.0
simac/simac_Bernstein_conducts_Stravinsky_06-Procession_of_the_wise_elder/track.npy,simac,0.38461538461538464,0.0,0.38461538461538464,0.0,0.6004046300807784,0.0,0.744186046511628,0.0
simac/simac_Bernstein_conducts_Stravinsky_11-Glorfication_of_the_chosen_victim/track.npy,simac,0.0,0.0,0.0,0.0,0.10260494705350948,0.0,0.09999999999999999,0.0
simac/simac_Bernstein_conducts_Stravinsky_21-Danse_of_the_nursemaids/track.npy,simac,0.896551724137931,0.0,0.0,0.0,0.7087286816751854,0.0,0.6363636363636364,0.0
simac/simac_Cafe_Zimmermann_02-3e_Concert_Brandebourgeois_en_sol_majeur_BWV_1048_-_Allegro/track.npy,simac,0.03333333333333333,0.0,0.0,0.0,0.5421388875063725,0.0,0.5542168674698795,0.0
simac/simac_Cafe_Zimmermann_08-Suite_en_ut_majeur_BWV_1066_-_OuvertureGavottes_I_&_II/track.npy,simac,0.875,0.0,0.875,0.0,0.8808132236165893,0.0,0.9333333333333333,0.0
simac/simac_Clandestino_-_esperando_la_ultima_ola_01-Clandestino/track.npy,simac,0.8367346938775511,0.0,0.0,0.0,0.6571062161172425,0.0,0.6,0.0
simac/simac_Concert_16-4._Menuet/track.npy,simac,0.8285714285714286,0.0,0.8285714285714286,0.0,0.8803507544153842,0.0,0.909090909090909,0.0
simac/simac_DGG_419_047-2_03-Praludium_u._Fuge_f-moll_BWV_534_-_I_Praludium/track.npy,simac,0.9285714285714286,0.0,0.9285714285714286,0.0,0.6778888064194661,0.0,0.8148148148148148,0.0
simac/simac_Ella_&_Louis_08-Flying_Home/track.npy,simac,0.8181818181818182,0.0,0.8181818181818182,0.0,0.740429336713624,0.0,0.9,0.0
simac/simac_Ella_&_Louis_16-If_You_Ever_Change_Your_Mind/track.npy,simac,0.9310344827586207,0.0,0.9310344827586207,0.0,0.6294496614671626,0.0,0.8571428571428572,0.0
simac/simac_Fado_11-AudioTrack_11/track.npy,simac,0.5833333333333334,0.0,0.5833333333333334,0.0,0.4515227989475664,0.0,0.5333333333333333,0.0
simac/simac_Family_Tree_-_Greatest_Hits_As_Chosen_By_Bjork_04-Isobel/track.npy,simac,1.0,0.0,1.0,0.0,0.9734134010944784,0.0,1.0,0.0
simac/simac_Family_Tree_-_Greatest_Hits_As_Chosen_By_Bjork_06-Unravel/track.npy,simac,1.0,0.0,1.0,0.0,0.7415672090002915,0.0,0.9230769230769231,0.0
simac/simac_Fight_To_Win_03-Traitors_of_Africa/track.npy,simac,0.8181818181818182,0.0,0.8181818181818182,0.0,0.8224061159084849,0.0,0.8615384615384615,0.0
simac/simac_Gold_-_Greatest_Hits_01-Dancing_Queen/track.npy,simac,0.9615384615384616,0.0,0.9615384615384616,0.0,0.8904034359095871,0.0,0.9803921568627451,0.0
simac/simac_Gold_-_Greatest_Hits_05-Lay_All_Your_Love_On_Me/track.npy,simac,1.0,0.0,1.0,0.0,0.8919587241939113,0.0,1.0,0.0
simac/simac_Gold_-_Greatest_Hits_08-The_Winner_Takes_It_All/track.npy,simac,1.0,0.0,0.0,0.0,0.649405364559716,0.0,0.5957446808510638,0.0
simac/simac_Niandra_LaDes_and_Usually_Just_a_T-Shirt_01-As_Can_Be/track.npy,simac,1.0,0.0,1.0,0.0,0.930094252655926,0.0,1.0,0.0
simac/simac_Papakonstantinou_02-AudioTrack_02/track.npy,simac,0.90625,0.0,0.0,0.0,0.6308628624072281,0.0,0.5957446808510638,0.0
simac/simac_Papakonstantinou_10-AudioTrack_10/track.npy,simac,0.875,0.0,0.875,0.0,0.8005633325074639,0.0,0.888888888888889,0.0
simac/simac_Papakonstantinou_21-AudioTrack_21/track.npy,simac,0.9444444444444444,0.0,0.9444444444444444,0.0,0.8756854326186659,0.0,0.9714285714285714,0.0
simac/simac_Primer_Aliento_03-El_retorno_de_Godzilla/track.npy,simac,0.9259259259259259,0.0,0.9259259259259259,0.0,0.9275354257599628,0.0,0.9615384615384615,0.0
simac/simac_Primer_Aliento_07-Telepatia/track.npy,simac,0.9117647058823529,0.0,0.9117647058823529,0.0,0.9279688544998128,0.0,0.9538461538461539,0.0
simac/simac_R.A.F.I_07-Operation_Eagle_Lie/track.npy,simac,0.4,0.0,0.4,0.0,0.5403355452277326,0.0,0.5714285714285715,0.0
simac/simac_Santana_01-Jingo/track.npy,simac,0.967741935483871,0.0,0.967741935483871,0.0,0.9181292195406129,0.0,0.9836065573770492,0.0
simac/simac_So_Cartola_11-O_Que_e_Feito_de_Voce_/track.npy,simac,0.8260869565217391,0.0,0.0,0.0,0.38176321418943837,0.0,0.0,0.0
simac/simac_So_Cartola_19-Injuria_O_Sol_Nascera/track.npy,simac,0.8888888888888888,0.0,0.0,0.0,0.365781208455305,0.0,0.0,0.0
simac/simac_Songs_Alejandro_(Alex_Benson)_-_Golondrina/track.npy,simac,1.0,0.0,1.0,0.0,0.9774649882893202,0.0,1.0,0.0
simac/simac_Songs_Caracas_Latin_Brothers_-_Los_hombres_tambien_lo_mueven/track.npy,simac,0.9428571428571428,0.0,0.9428571428571428,0.0,0.9425335575426246,0.0,0.9705882352941176,0.0
simac/simac_Tales_Of_Mystery_And_Imagination_03-The_Tell-tale_Heart/track.npy,simac,0.7941176470588235,0.0,0.0,0.0,0.6210999837209439,0.0,0.5833333333333334,0.0
simac/simac_Tanto_Tempo_06-Alguem/track.npy,simac,0.8611111111111112,0.0,0.0,0.0,0.7275099427918967,0.0,0.6153846153846153,0.0
simac/simac_Tanto_Tempo_07-So_Nice_Summer_Samba_/track.npy,simac,0.9642857142857143,0.0,0.0,0.0,0.7847318959602283,0.0,0.6666666666666666,0.0
simac/simac_The_Art_of_Spanish_Guitar_01-Tarrega_Recuerdos_de_la_Alhambra/track.npy,simac,0.6666666666666666,0.0,0.6666666666666666,0.0,0.652128941898505,0.0,0.7555555555555556,0.0
simac/simac_The_Art_of_Spanish_Guitar_05-Sojo_Cancion/track.npy,simac,0.6470588235294118,0.0,0.6470588235294118,0.0,0.5315457787567774,0.0,0.6666666666666667,0.0
simac/simac_The_Crackdown_02-In_the_Shadows/track.npy,simac,0.9565217391304348,0.0,0.9565217391304348,0.0,0.9182885400000796,0.0,0.9777777777777777,0.0
simac/simac_Tomatito_Tomatito-04.Armonias_del_Romane/track.npy,simac,0.5161290322580645,0.0,0.5161290322580645,0.0,0.3232287917711051,0.0,0.5423728813559322,0.0
simac/simac_VOL.3_Musiques_pour_guitare_et_violoncelle_06-E._Granados_Intermezzo_(de_Goyescas_)/track.npy,simac,0.7894736842105263,0.0,0.0,0.0,0.6723961203998721,0.0,0.6060606060606061,0.0
simac/simac_Xatzidakis_02-AudioTrack_02/track.npy,simac,0.7142857142857143,0.0,0.7142857142857143,0.0,0.5840394951468938,0.0,0.8,0.0
simac/simac_Xatzidakis_13-AudioTrack_13/track.npy,simac,0.8823529411764706,0.0,0.8823529411764706,0.0,0.6107383987390943,0.0,0.6875,0.0
simac/simac_aire_01-Aire/track.npy,simac,0.0,0.0,0.0,0.0,0.37881136927764525,0.0,0.409090909090909,0.0
simac/simac_greek_12_evzwnakia/track.npy,simac,0.8,0.0,0.8,0.0,0.8798697071713305,0.0,0.9285714285714286,0.0
simac/simac_greek_Mpellou_-_Nyxtwse_xwris_feggari/track.npy,simac,0.8421052631578947,0.0,0.8421052631578947,0.0,0.7179552140725968,0.0,0.7999999999999999,0.0
simac/simac_greek_Paisa_sti_vrysi_-_Velvento/track.npy,simac,0.9310344827586207,0.0,0.9310344827586207,0.0,0.8763045080890723,0.0,0.9642857142857143,0.0
simac/simac_more_greek_Gkoles_-_Kori_paraxaidemeni/track.npy,simac,0.9473684210526315,0.0,0.9473684210526315,0.0,0.9089085058903829,0.0,0.972972972972973,0.0
simac/simac_more_greek_Ksylouris_-_Erwtiko_tragoudi_(Palikarou_palikarou)/track.npy,simac,1.0,0.0,1.0,0.0,0.8631737850433225,0.0,1.0,0.0
simac/simac_more_greek_Makedonas_-_Ena_deilino/track.npy,simac,1.0,0.0,1.0,0.0,0.914447635362593,0.0,1.0,0.0
simac/simac_more_greek_Marinella_-_Agapi_pou_gines_dikopo_maxairi/track.npy,simac,0.8333333333333334,0.0,0.8333333333333334,0.0,0.4504445051410175,0.0,0.606060606060606,0.0
simac/simac_more_greek_Mpellou_-_Kapoio_vrady_t_oneiro_mou/track.npy,simac,0.8125,0.0,0.8125,0.0,0.62050509390924,0.0,0.8275862068965517,0.0
simac/simac_more_greek_Mpellou_-_To_teleftaio_gramma_sou/track.npy,simac,1.0,0.0,1.0,0.0,0.7816910092600196,0.0,1.0,0.0
simac/simac_more_greek_Mpellou_-_Xwrisame_ena_deilino/track.npy,simac,0.85,0.0,0.85,0.0,0.7722280806995483,0.0,0.8717948717948718,0.0
simac/simac_more_greek_Mpi8ikwtsis_-_Gwnia_gwnia/track.npy,simac,1.0,0.0,1.0,0.0,0.7659280690726502,0.0,0.8666666666666667,0.0
simac/simac_more_greek_Mpi8ikwtsis_-_H_kyra/track.npy,simac,1.0,0.0,1.0,0.0,0.650360560022308,0.0,0.9285714285714286,0.0
simac/simac_more_greek_Mpi8ikwtsis_-_Matia_vourkwmena/track.npy,simac,0.45454545454545453,0.0,0.45454545454545453,0.0,0.611135434550759,0.0,0.7368421052631579,0.0
simac/simac_selected_ambient_works_8592_delphium/track.npy,simac,0.5405405405405406,0.0,0.5405405405405406,0.0,0.8055239480572762,0.0,0.8181818181818181,0.0
smc/smc_004/track.npy,smc,0.3939393939393939,0.0,0.3939393939393939,0.0,0.5633799614509408,0.0,0.6181818181818182,0.0
smc/smc_007/track.npy,smc,0.5666666666666667,0.0,0.5666666666666667,0.0,0.33631035312158775,0.0,0.5172413793103449,0.0
smc/smc_013/track.npy,smc,0.9285714285714286,0.0,0.9285714285714286,0.0,0.7037241098746878,0.0,0.8468468468468467,0.0
smc/smc_021/track.npy,smc,0.5849056603773585,0.0,0.5849056603773585,0.0,0.4016706384963015,0.0,0.56,0.0
smc/smc_032/track.npy,smc,0.42592592592592593,0.0,0.42592592592592593,0.0,0.47206285811256826,0.0,0.6190476190476191,0.0
smc/smc_034/track.npy,smc,0.8372093023255814,0.0,0.8372093023255814,0.0,0.709834860164812,0.0,0.85,0.0
smc/smc_037/track.npy,smc,0.7647058823529411,0.0,0.029411764705882353,0.0,0.5222741322121904,0.0,0.627450980392157,0.0
smc/smc_041/track.npy,smc,0.7560975609756098,0.0,0.7560975609756098,0.0,0.7040503229738526,0.0,0.8571428571428571,0.0
smc/smc_043/track.npy,smc,0.6538461538461539,0.0,0.6538461538461539,0.0,0.6562443698245569,0.0,0.7450980392156863,0.0
smc/smc_063/track.npy,smc,0.7547169811320755,0.0,0.7547169811320755,0.0,0.5355604587027638,0.0,0.7307692307692308,0.0
smc/smc_066/track.npy,smc,0.4074074074074074,0.0,0.4074074074074074,0.0,0.3626493280978675,0.0,0.45454545454545453,0.0
smc/smc_076/track.npy,smc,0.2,0.0,0.0851063829787234,0.0,0.2908985273628286,0.0,0.36585365853658536,0.0
smc/smc_100/track.npy,smc,0.2916666666666667,0.0,0.2916666666666667,0.0,0.35005439858312815,0.0,0.42352941176470593,0.0
smc/smc_109/track.npy,smc,0.013333333333333334,0.0,0.0,0.0,0.24923534858265042,0.0,0.32692307692307687,0.0
smc/smc_117/track.npy,smc,0.2857142857142857,0.0,0.2857142857142857,0.0,0.4594197840534124,0.0,0.5862068965517241,0.0
smc/smc_173/track.npy,smc,0.7962962962962963,0.0,0.0,0.0,0.548105303648825,0.0,0.5384615384615385,0.0
smc/smc_176/track.npy,smc,0.0,0.0,0.0,0.0,0.1788433037896238,0.0,0.2857142857142857,0.0
smc/smc_181/track.npy,smc,0.0,0.0,0.0,0.0,0.22973318280703028,0.0,0.33587786259541985,0.0
smc/smc_194/track.npy,smc,0.0,0.0,0.0,0.0,0.0,0.0,0.0,0.0
smc/smc_204/track.npy,smc,0.05555555555555555,0.0,0.05555555555555555,0.0,0.18416856735038836,0.0,0.20779220779220778,0.0
smc/smc_216/track.npy,smc,0.3333333333333333,0.0,0.3333333333333333,0.0,0.4000457183621974,0.0,0.6071428571428571,0.0
smc/smc_217/track.npy,smc,0.8055555555555556,0.0,0.8055555555555556,0.0,0.5661441506067142,0.0,0.8059701492537312,0.0
smc/smc_266/track.npy,smc,0.3939393939393939,0.0,0.3939393939393939,0.0,0.4025039643128928,0.0,0.5245901639344263,0.0
smc/smc_269/track.npy,smc,0.8387096774193549,0.0,0.8387096774193549,0.0,0.5698335004980367,0.0,0.8387096774193549,0.0
smc/smc_275/track.npy,smc,0.0,0.0,0.0,0.0,0.4335292031936338,0.0,0.4946236559139785,0.0
smc/smc_277/track.npy,smc,0.2222222222222222,0.0,0.0,0.0,0.5102413765293923,0.0,0.47692307692307695,0.0
smc/smc_282/track.npy,smc,0.9636363636363636,0.0,0.9636363636363636,0.0,0.8769570863682368,0.0,0.9818181818181818,0.0
tapcorrect/043_youtube_CWEqbuJ6DlQ/track.npy,tapcorrect,0.17253521126760563,0.5957446808510638,0.17253521126760563,0.21739130434782608,0.5673914582140275,0.778129396328648,0.5823627287853577,0.7311827956989247
tapcorrect/048_youtube_B_e7QbWc5mI/track.npy,tapcorrect,0.84375,0.7654320987654321,0.84375,0.7654320987654321,0.8960636131524705,0.8535102882432248,0.9324699352451434,0.8910891089108911
tapcorrect/050_youtube_vx2u5uUu3DE/track.npy,tapcorrect,0.9527896995708155,0.9487179487179487,0.9527896995708155,0.9487179487179487,0.9514321469847807,0.9510639492428639,0.9769484083424809,0.9781659388646288
tapcorrect/052_youtube_LjffPO71TJs/track.npy,tapcorrect,0.8294243070362474,0.8851063829787233,0.8294243070362474,0.8851063829787233,0.8253205568135061,0.8251150536245409,0.9082177161152615,0.9017094017094016
tapcorrect/059_youtube_-tJYN-eG1zk/track.npy,tapcorrect,0.9939393939393939,0.34146341463414637,0.9939393939393939,0.34146341463414637,0.9455489041555982,0.603276449487578,0.9969604863221885,0.6451612903225806
tapcorrect/060_youtube_FY9v147BZuE/track.npy,tapcorrect,0.45272206303724927,0.7887323943661971,0.45272206303724927,0.7887323943661971,0.8137361998350346,0.9098742209788578,0.840531561461794,0.9402985074626865
tapcorrect/063_youtube_uFEK4fpYOS4/track.npy,tapcorrect,0.9879518072289156,0.9452054794520548,0.9879518072289156,0.9452054794520548,0.9635517932732205,0.9518804866079258,0.9913644214162349,0.975609756097561
tapcorrect/070_youtube_m-M1AtrxztU/track.npy,tapcorrect,0.9916839916839917,0.7520661157024794,0.9916839916839917,0.7520661157024794,0.9565268317535764,0.8097801554166661,0.9937629937629938,0.8340425531914893
tapcorrect/071_youtube_WBQ03PXMpqY/track.npy,tapcorrect,0.7551020408163265,0.9777777777777777,0.7551020408163265,0.9777777777777777,0.8825823095639054,0.9616532080312228,0.9347826086956522,0.9925373134328358
tapcorrect/082_youtube_M84S81FL5FY/track.npy,tapcorrect,1.0,0.78125,1.0,0.78125,0.9676915513842409,0.8783163518157598,1.0,0.9021739130434783
tapcorrect/092_youtube_oh2LWWORoiM/track.npy,tapcorrect,0.9861878453038674,0.967032967032967,0.9861878453038674,0.967032967032967,0.9275454044717829,0.9285053178203554,0.9834254143646409,0.9834254143646408
tapcorrect/100_youtube_QinABEXzutY/track.npy,tapcorrect,0.8015873015873016,0.57,0.8015873015873016,0.57,0.8416862516572348,0.6852005096517084,0.8805369127516778,0.7253886010362695
asap/Bach_Fugue_bwv_857_Bult-ItoS02M/track.npy,asap,0.9594594594594594,0.4774774774774775,0.9594594594594594,0.06329113924050633,0.9521916976788917,0.5569515409559942,0.9818181818181818,0.5333333333333333
asap/Bach_Fugue_bwv_857_Lisiecki04M/track.npy,asap,0.9820627802690582,0.4144144144144144,0.9820627802690582,0.12658227848101267,0.9700179648765818,0.5625314051523673,0.9954954954954954,0.5333333333333333
asap/Bach_Fugue_bwv_857_ToA01M/track.npy,asap,0.9776785714285714,0.44144144144144143,0.9776785714285714,0.08433734939759036,0.9737954813385855,0.5598823674147058,0.9888143176733781,0.5035971223021584
asap/Bach_Fugue_bwv_857_WangA01M/track.npy,asap,0.9865470852017937,0.5225225225225225,0.9865470852017937,0.03529411764705882,0.9677467189386426,0.5710377035644716,0.9887640449438202,0.49645390070921985
asap/Bach_Fugue_bwv_857_YuP01M/track.npy,asap,0.9775784753363229,0.40540540540540543,0.9775784753363229,0.10126582278481013,0.9608312067337573,0.5248259375672792,0.9865470852017937,0.4888888888888889
asap/Bach_Fugue_bwv_875_Ahfat01M/track.npy,asap,0.5688073394495413,0.23076923076923078,0.5688073394495413,0.23076923076923078,0.6792461917682314,0.4471838991839213,0.6981132075471699,0.46153846153846156
asap/Bach_Fugue_bwv_875_CaoJ01M/track.npy,asap,0.8773584905660378,0.16,0.8773584905660378,0.16,0.9447120409503648,0.5163587670710189,0.9615384615384616,0.5217391304347826
asap/Bach_Fugue_bwv_876_SirajA01M/track.npy,asap,0.5595238095238095,0.3076923076923077,0.2781954887218045,0.29850746268656714,0.8046483896931484,0.7178335956010894,0.7741935483870968,0.7358490566037735
asap/Bach_Fugue_bwv_876_Song01M/track.npy,asap,0.8854961832061069,0.4444444444444444,0.8854961832061069,0.13636363636363635,0.9553448138837526,0.6948856379375156,0.9725490196078431,0.7058823529411764
asap/Bach_Fugue_bwv_883_GuoE01M/track.npy,asap,0.8198529411764706,0.34074074074074073,0.8198529411764706,0.056818181818181816,0.9208279865070362,0.5009545019013576,0.9439071566731142,0.4487179487179487
asap/Bach_Fugue_bwv_883_Herbert02/track.npy,asap,0.19047619047619047,0.08148148148148149,0.19047619047619047,0.010416666666666666,0.009034493550609151,0.0016707241003742742,0.007339449541284403,0.0
asap/Bach_Fugue_bwv_883_KaiRuiR03/track.npy,asap,0.7084870848708487,0.10416666666666667,0.03308823529411765,0.09375,0.16280111386662005,0.00031382868074500707,0.014760147601476014,0.0
asap/Bach_Fugue_bwv_883_Khmara04/track.npy,asap,0.1323529411764706,0.08888888888888889,0.0,0.0707070707070707,0.004514788865674192,2.9084711338786745e-11,0.0038986354775828462,0.0
asap/Bach_Fugue_bwv_883_LuM01M/track.npy,asap,1.0,0.37037037037037035,1.0,0.08602150537634409,0.9653838176165265,0.4965112201011137,0.992619926199262,0.4472049689440994
asap/Bach_Fugue_bwv_889_Giesbrecht01M/track.npy,asap,0.4647887323943662,0.8823529411764706,0.4647887323943662,0.0,0.8266299949472352,0.7325107803199871,0.8455284552845529,0.6133333333333333
asap/Bach_Fugue_bwv_889_LiuY01M/track.npy,asap,0.4068965517241379,0.9423076923076923,0.4068965517241379,0.0,0.7958822794715195,0.7475132373803917,0.8192771084337348,0.6410256410256411
asap/Bach_Fugue_bwv_889_MunA01M/track.npy,asap,0.45454545454545453,0.9215686274509803,0.45454545454545453,0.0,0.8229806560469306,0.7792449515411591,0.8387096774193549,0.631578947368421
asap/Bach_Fugue_bwv_889_Wang01M/track.npy,asap,0.4788732394366197,0.9038461538461539,0.4788732394366197,0.0,0.8098550788463588,0.7522474218941194,0.834008097165992,0.6410256410256411
asap/Bach_Fugue_bwv_889_YangY02M/track.npy,asap,0.9904306220095693,0.373134328358209,0.0,0.0,0.7961734748142177,0.5366851967861417,0.6687898089171974,0.4731182795698925
asap/Bach_Fugue_bwv_889_ZhangW02M/track.npy,asap,0.6666666666666666,0.8518518518518519,0.1896551724137931,0.0,0.7883770002336161,0.7129903099148869,0.7338129496402878,0.6
asap/Bach_Prelude_bwv_856_LuoJ01M/track.npy,asap,0.0,0.3829787234042553,0.0,0.02127659574468085,0.4833740037895545,0.6026220904999358,0.49624060150375937,0.5079365079365079
asap/Bach_Prelude_bwv_857_Bult-ItoS02M/track.npy,asap,1.0,0.4878048780487805,1.0,0.06896551724137931,0.9802993217236001,0.5486519094874649,1.0,0.56
asap/Bach_Prelude_bwv_857_Lan01M/track.npy,asap,1.0,0.8780487804878049,1.0,0.0,0.9786966090842323,0.6961043476055524,1.0,0.6129032258064516
asap/Bach_Prelude_bwv_857_Lisiecki04M/track.npy,asap,0.8658536585365854,0.5609756097560976,0.8658536585365854,0.03225806451612903,0.9235499808320604,0.551962636693641,0.9500000000000001,0.5384615384615384
asap/Bach_Prelude_bwv_857_ToA01M/track.npy,asap,0.963855421686747,0.9024390243902439,0.963855421686747,0.0,0.9458876817998859,0.6322194938617146,0.9818181818181818,0.6229508196721311
asap/Bach_Prelude_bwv_857_WangA01M/track.npy,asap,0.9634146341463414,0.6097560975609756,0.9634146341463414,0.02631578947368421,0.9274683300241559,0.5972349718860532,0.9634146341463414,0.5423728813559322
asap/Bach_Prelude_bwv_857_YuP01M/track.npy,asap,1.0,0.8048780487804879,1.0,0.0,0.9717224765417863,0.6560598670248032,1.0,0.6206896551724138
asap/Beethoven_Piano_Sonatas_16-1_BuiJL02M/track.npy,asap,0.780564263322884,0.36363636363636365,0.780564263322884,0.36363636363636365,0.8674658050151939,0.7373213658726068,0.9113100081366965,0.768361581920904
asap/Beethoven_Piano_Sonatas_16-1_Khmara05M/track.npy,asap,0.7774294670846394,0.3541666666666667,0.7774294670846394,0.31347962382445144,0.8449809435180047,0.6815361633516994,0.8859934853420195,0.7084148727984345
asap/Beethoven_Piano_Sonatas_16-1_LeeSH02M/track.npy,asap,0.7621283255086072,0.36363636363636365,0.7621283255086072,0.36363636363636365,0.8045008002180712,0.6789996567587464,0.8488278092158447,0.7083333333333333
asap/Beethoven_Piano_Sonatas_16-1_LuoJ03M/track.npy,asap,0.8503937007874016,0.2712765957446808,0.8503937007874016,0.24921135646687698,0.8957088981806915,0.6900174312436557,0.9469387755102041,0.7287128712871288
asap/Beethoven_Piano_Sonatas_16-1_Woo05M/track.npy,asap,0.7460815047021944,0.4739583333333333,0.7460815047021944,0.2507836990595611,0.8207045567094532,0.6863391705272185,0.8723404255319149,0.6849315068493151
asap/Beethoven_Piano_Sonatas_24-1_Lisiecki05M/track.npy,asap,0.8754623921085081,0.7414634146341463,0.8754623921085081,0.7414634146341463,0.8508529312832036,0.7918924857912435,0.9348230912476724,0.875
asap/Beethoven_Piano_Sonatas_24-1_no_repeat_Lou02M/track.npy,asap,0.9164619164619164,0.8411214953271028,0.9164619164619164,0.8411214953271028,0.9337911565131087,0.9125854300306753,0.9702233250620347,0.9478672985781991
asap/Beethoven_Piano_Sonatas_24-2_Lisiecki05M/track.npy,asap,0.6147308781869688,0.42391304347826086,0.6147308781869688,0.0847457627118644,0.6984923194753399,0.4876253633417582,0.7478260869565218,0.5130111524163569
asap/Beethoven_Piano_Sonatas_27-1_GiacomelliN04M/track.npy,asap,0.3582295988934993,0.2697095435684647,0.3582295988934993,0.2697095435684647,0.6589725403718896,0.5704794326730056,0.6862910008410429,0.5944700460829493
asap/Beethoven_Piano_Sonatas_27-1_Ko05M/track.npy,asap,0.2268326417704011,0.1456953642384106,0.2268326417704011,0.1037344398340249,0.6144386013146615,0.4704826458372219,0.6416819012797075,0.4897959183673469
asap/Beethoven_Piano_Sonatas_27-1_MiyashitaM02M/track.npy,asap,0.6210235131396957,0.36099585062240663,0.6210235131396957,0.36099585062240663,0.7901862434532578,0.5700719081849235,0.8224582701062216,0.591111111111111
asap/Beethoven_Piano_Sonatas_5-1_Colafelice02M/track.npy,asap,0.11017964071856287,0.3269230769230769,0.11017964071856287,0.13261648745519714,0.5517790017747032,0.5950838952913042,0.5735785953177257,0.6160919540229884
asap/Beethoven_Piano_Sonatas_5-1_SunD02M/track.npy,asap,0.3858173076923077,0.33093525179856115,0.3858173076923077,0.33093525179856115,0.7184029203789929,0.6953854256076475,0.7442550037064491,0.7248908296943231
asap/Beethoven_Piano_Sonatas_8-1_Na06M/track.npy,asap,0.7633802816901408,0.35064935064935066,0.7633802816901408,0.35064935064935066,0.8641803525305228,0.685024295329389,0.896399706098457,0.7056672760511884
asap/Chopin_Etudes_op_10_2_Hebert03M/track.npy,asap,0.9888888888888889,0.8367346938775511,0.9888888888888889,0.8367346938775511,0.9618503836984051,0.9314646651819065,0.9944444444444445,0.9574468085106383
asap/Chopin_Etudes_op_10_2_JeonH02M/track.npy,asap,1.0,0.6923076923076923,1.0,0.6923076923076923,0.9790009467108762,0.8831869748583159,1.0,0.8979591836734695
asap/Chopin_Etudes_op_25_11_Richardson_2015_03M/track.npy,asap,0.9212598425196851,0.898989898989899,0.9212598425196851,0.898989898989899,0.9020198174723367,0.9093232039391933,0.9525065963060685,0.9484536082474226
asap/Chopin_Scherzos_31_ChenW04M/track.npy,asap,0.03103448275862069,0.3281653746770026,0.02199223803363519,0.05304010349288486,0.4184181149500527,0.4729265151361385,0.4516547696301103,0.5128660159716061
asap/Chopin_Scherzos_31_HuNY08M/track.npy,asap,0.029335634167385678,0.3281653746770026,0.02242345838723588,0.03492884864165589,0.4440424466949399,0.5067001737898872,0.4803325871442278,0.5490909090909091
asap/Chopin_Scherzos_31_Jussow11M/track.npy,asap,0.024200518582541054,0.22797927461139897,0.02159827213822894,0.023316062176165803,0.43428116133069733,0.43990818168856277,0.4646924829157175,0.46546830652790916
asap/Chopin_Scherzos_31_LeeN04M/track.npy,asap,0.030224525043177894,0.3471502590673575,0.030224525043177894,0.019430051813471502,0.45165624150666667,0.4442037618241737,0.47312520115867396,0.46567717996289426
asap/Chopin_Scherzos_31_LinTami06M/track.npy,asap,0.01639344262295082,0.26356589147286824,0.001725625539257981,0.0129366106080207,0.41161160129293933,0.44464587869278427,0.4344941956882255,0.47328244274809156
asap/Chopin_Scherzos_31_LuoJ12M/track.npy,asap,0.014667817083692839,0.34366925064599485,0.001725625539257981,0.01164294954721863,0.39970236366548934,0.4799915244233445,0.42814271423807937,0.5149812734082397
asap/Chopin_Scherzos_31_SunD04M/track.npy,asap,0.014693171996542784,0.23834196891191708,0.0034557235421166306,0.009067357512953367,0.41554669667992117,0.4704569325217939,0.4380634390651085,0.49761677788369874
asap/Chopin_Scherzos_31_TongB04M/track.npy,asap,0.015530629853321829,0.3023255813953488,0.003451251078515962,0.00517464424320828,0.3865029103622185,0.41121344014551575,0.4276228419654715,0.455672068636797
asap/Chopin_Scherzos_31_TuanS05M/track.npy,asap,0.009490940465918895,0.32299741602067183,0.0025884383088869713,0.02328589909443726,0.41399693452941133,0.4786985443117749,0.4470665355621109,0.5164835164835165
asap/Chopin_Scherzos_31_ZhangW04M/track.npy,asap,0.01639344262295082,0.2971576227390181,0.0056082830025884385,0.014230271668822769,0.4085156127498353,0.4602832169927056,0.44415243101182655,0.49953917050691243
asap/Chopin_Sonata_2_4th_KaszoS16M/track.npy,asap,0.4965986394557823,0.273972602739726,0.0034129692832764505,0.273972602739726,0.43286325181446184,0.30964302500952356,0.47393364928909965,0.35460992907801414
asap/Haydn_Keyboard_Sonatas_50-1_no_repeat_GalantM02M/track.npy,asap,0.948073701842546,0.864406779661017,0.948073701842546,0.046263345195729534,0.9367535470446218,0.7497606245683421,0.978114478114478,0.6666666666666667
asap/Haydn_Keyboard_Sonatas_50-1_no_repeat_HamSY02M/track.npy,asap,0.7669902912621359,0.6745762711864407,0.7669902912621359,0.11567164179104478,0.8570712309220031,0.6975314086451234,0.891645988420182,0.6490384615384615
asap/Haydn_Keyboard_Sonatas_50-1_no_repeat_Huang05M/track.npy,asap,0.8777219430485762,0.5665529010238908,0.8777219430485762,0.13360323886639677,0.8903034807105293,0.6544749345031262,0.9267059814658803,0.6040609137055838
asap/Haydn_Keyboard_Sonatas_50-1_no_repeat_JeonH03M/track.npy,asap,0.5445682451253482,0.8135593220338984,0.5445682451253482,0.006825938566552901,0.7776253373326968,0.6584003215451568,0.8189457601222307,0.5804988662131519
asap/Haydn_Keyboard_Sonatas_50-1_no_repeat_KARYAG06M/track.npy,asap,0.8392857142857143,0.7508532423208191,0.8392857142857143,0.08582089552238806,0.9062689364195222,0.7348147816067574,0.9435215946843853,0.6698795180722892
asap/Haydn_Keyboard_Sonatas_50-1_no_repeat_Shi07M/track.npy,asap,0.6558345642540621,0.7728813559322034,0.6558345642540621,0.05017921146953405,0.8284640753775983,0.6825954534670453,0.862776025236593,0.6135831381733021
asap/Haydn_Keyboard_Sonatas_50-1_no_repeat_YoungS02M/track.npy,asap,0.5467032967032966,0.823728813559322,0.5467032967032966,0.006779661016949152,0.8020399359667147,0.6774935850349407,0.8324488248673237,0.5869074492099322
asap/Liszt_Gran_Etudes_de_Paganini_6_Theme_and_Variations_WangA07M/track.npy,asap,0.6420824295010846,0.627906976744186,0.6420824295010846,0.627906976744186,0.7660954731462595,0.7091017015463199,0.8139013452914798,0.7677261613691932
asap/Schubert_Piano_Sonatas_894-2_Yeletskiy08M/track.npy,asap,0.4357262103505843,0.645,0.4357262103505843,0.645,0.6625015396431235,0.6776844449517174,0.7464114832535885,0.7839195979899497
asap/Schubert_Piano_Sonatas_894-2_no_repeat_CHEN11M/track.npy,asap,0.5767790262172284,0.6230366492146597,0.5767790262172284,0.6230366492146597,0.7681329971436885,0.78355202369899,0.8179959100204498,0.8346883468834688
asap/Schubert_Piano_Sonatas_894-2_no_repeat_Lee10M/track.npy,asap,0.7116104868913857,0.6542553191489362,0.7116104868913857,0.6542553191489362,0.8450218631140617,0.785652762826083,0.876984126984127,0.825136612021858
asap/Schubert_Piano_Sonatas_894-2_no_repeat_SINKEV12M/track.npy,asap,0.5580524344569289,0.6595744680851063,0.5580524344569289,0.6595744680851063,0.7164439637557914,0.6951905268384607,0.7921406411582212,0.7978142076502731
asap/Scriabin_Etudes_op_8_11_Shi08M/track.npy,asap,0.4772727272727273,0.125,0.4772727272727273,0.125,0.7197286729454119,0.46971240276232423,0.7687687687687689,0.49600000000000005
ballroom/ballroom_Albums-AnaBelen_Veneo-01/track.npy,ballroom,1.0,1.0,1.0,1.0,0.9699038221476879,0.9781609823177609,1.0,1.0
ballroom/ballroom_Albums-Ballroom_Classics4-01/track.npy,ballroom,1.0,1.0,1.0,1.0,0.42467037008807146,0.6354819339303828,0.6388888888888888,1.0
ballroom/ballroom_Albums-Ballroom_Classics4-11/track.npy,ballroom,0.9863013698630136,1.0,0.9863013698630136,1.0,0.9561576389561001,0.9740255533080268,0.993103448275862,1.0
ballroom/ballroom_Albums-Ballroom_Classics4-19/track.npy,ballroom,1.0,1.0,1.0,1.0,0.9298131741515488,0.9315909474849825,1.0,1.0
ballroom/ballroom_Albums-Ballroom_Magic-08/track.npy,ballroom,1.0,1.0,1.0,1.0,0.9740182524321036,0.972014057879192,1.0,1.0
ballroom/ballroom_Albums-Ballroom_Magic-10/track.npy,ballroom,0.9733333333333334,1.0,0.9733333333333334,1.0,0.9599901640864956,0.9731146903659165,0.9932885906040269,1.0
ballroom/ballroom_Albums-Cafe_Paradiso-12/track.npy,ballroom,0.9523809523809523,0.9090909090909091,0.9523809523809523,0.9090909090909091,0.9345031170934667,0.9246914945759401,0.975609756097561,0.9523809523809523
ballroom/ballroom_Albums-Chrisanne3-05/track.npy,ballroom,0.8181818181818182,1.0,0.8181818181818182,1.0,0.779809642683912,0.7930716348661107,0.8363636363636363,0.8461538461538461
ballroom/ballroom_Albums-Chrisanne3-15/track.npy,ballroom,0.8953488372093024,0.9047619047619048,0.8953488372093024,0.9047619047619048,0.8969223365203215,0.8409218822289691,0.9642857142857143,0.9268292682926829
ballroom/ballroom_Albums-Fire-14/track.npy,ballroom,0.9811320754716981,0.9285714285714286,0.9811320754716981,0.9285714285714286,0.9740355735193081,0.94371989760489,0.9904761904761905,0.962962962962963
ballroom/ballroom_Albums-Fire-15/track.npy,ballroom,1.0,1.0,1.0,1.0,0.9751716405977923,0.9882500590567294,1.0,1.0
ballroom/ballroom_Albums-GloriaEstefan_MiTierra-01/track.npy,ballroom,1.0,1.0,1.0,1.0,0.9568855555166996,0.9417361472034348,1.0,1.0
ballroom/ballroom_Albums-Latin_Jam-02/track.npy,ballroom,1.0,1.0,1.0,1.0,0.9884960008310316,0.9881769054098635,1.0,1.0
ballroom/ballroom_Albums-Latin_Jam4-11/track.npy,ballroom,0.9814814814814815,1.0,0.9814814814814815,1.0,0.9675297928333724,0.9695499716879058,0.9906542056074767,1.0
ballroom/ballroom_Albums-Latin_Jam5-02/track.npy,ballroom,1.0,1.0,1.0,1.0,0.9762322576860415,0.964949028613222,1.0,1.0
ballroom/ballroom_Albums-Latin_Jam5-03/track.npy,ballroom,1.0,1.0,1.0,1.0,0.9290523886138473,0.9584954670347501,1.0,1.0
ballroom/ballroom_Albums-Latin_Jam5-04/track.npy,ballroom,1.0,1.0,1.0,1.0,0.9567853292707404,0.954632699206188,1.0,1.0
ballroom/ballroom_Albums-Latin_Jam5-10/track.npy,ballroom,1.0,1.0,1.0,1.0,0.9651462064808163,0.953032941006471,1.0,1.0
ballroom/ballroom_Albums-Latino_Latino-01/track.npy,ballroom,1.0,1.0,1.0,1.0,0.9752659357393518,0.9867312612138492,1.0,1.0
ballroom/ballroom_Albums-Macumba-08/track.npy,ballroom,1.0,1.0,1.0,1.0,0.9800355340520042,0.9856810024764993,1.0,1.0
ballroom/ballroom_Albums-Macumba-09/track.npy,ballroom,1.0,1.0,1.0,1.0,0.9840847486478033,0.9801502091926958,1.0,1.0
ballroom/ballroom_Albums-Macumba-15/track.npy,ballroom,1.0,1.0,1.0,1.0,0.967751188967392,0.9648597213037134,1.0,1.0
ballroom/ballroom_Albums-Pais_Tropical-05/track.npy,ballroom,1.0,1.0,1.0,1.0,0.9852121563711833,0.9814733945954041,1.0,1.0
ballroom/ballroom_Albums-Pais_Tropical-09/track.npy,ballroom,1.0,1.0,1.0,1.0,0.9857182073272776,0.9792679515603535,1.0,1.0
ballroom/ballroom_Albums-Secret_Garden-01/track.npy,ballroom,0.8285714285714286,0.7272727272727273,0.8285714285714286,0.7272727272727273,0.6737288322074805,0.6550190728274334,0.7941176470588236,0.761904761904762
ballroom/ballroom_Albums-StrictlyDancing_Tango-02/track.npy,ballroom,1.0,1.0,1.0,1.0,0.9716160024850004,0.9784860961777678,1.0,1.0
ballroom/ballroom_Albums-StrictlyDancing_Tango-13/track.npy,ballroom,1.0,1.0,1.0,1.0,0.9830973001194547,0.9718848198718869,1.0,1.0
ballroom/ballroom_Media-103314/track.npy,ballroom,1.0,1.0,1.0,1.0,0.978574087790981,0.9764850355337138,1.0,1.0
ballroom/ballroom_Media-103413/track.npy,ballroom,0.9807692307692307,1.0,0.9807692307692307,1.0,0.9696894008122035,0.9814556921574302,0.9902912621359222,1.0
ballroom/ballroom_Media-103503/track.npy,ballroom,1.0,1.0,1.0,1.0,0.9833465707766155,0.9907480482244704,1.0,1.0
ballroom/ballroom_Media-103510/track.npy,ballroom,1.0,1.0,1.0,1.0,0.972343033431662,0.98557756186936,1.0,1.0
ballroom/ballroom_Media-103607/track.npy,ballroom,0.9772727272727273,1.0,0.9772727272727273,1.0,0.9308578894325489,0.9426431507771892,0.9885057471264368,1.0
ballroom/ballroom_Media-103612/track.npy,ballroom,1.0,1.0,1.0,1.0,0.9305028831284824,0.9130257902111253,1.0,1.0
ballroom/ballroom_Media-103616/track.npy,ballroom,0.9166666666666666,0.8888888888888888,0.9166666666666666,0.8888888888888888,0.7893601791657462,0.7482223836795662,0.9565217391304348,0.9411764705882353
ballroom/ballroom_Media-103617/track.npy,ballroom,1.0,1.0,1.0,1.0,0.9827473599842717,0.9853619110505204,1.0,1.0
ballroom/ballroom_Media-103619/track.npy,ballroom,0.9818181818181818,0.6470588235294118,0.9818181818181818,0.6470588235294118,0.9237422516061179,0.8652960113442509,0.9908256880733944,0.9032258064516129
ballroom/ballroom_Media-103702/track.npy,ballroom,1.0,1.0,1.0,1.0,0.9753038164903766,0.9841572688447163,1.0,1.0
ballroom/ballroom_Media-103708/track.npy,ballroom,1.0,1.0,1.0,1.0,0.9609483900380152,0.9868969191846038,1.0,1.0
ballroom/ballroom_Media-103803/track.npy,ballroom,0.9807692307692307,1.0,0.9807692307692307,1.0,0.9646617364891944,0.9478290247753942,0.9902912621359222,1.0
ballroom/ballroom_Media-103812/track.npy,ballroom,0.9761904761904762,0.9090909090909091,0.9761904761904762,0.9090909090909091,0.9736401403778483,0.9456809137005012,0.9879518072289156,0.9523809523809523
ballroom/ballroom_Media-103813/track.npy,ballroom,0.9863013698630136,0.9473684210526315,0.9863013698630136,0.9473684210526315,0.9683942779113897,0.9435631612576704,0.993103448275862,0.972972972972973
ballroom/ballroom_Media-104003/track.npy,ballroom,1.0,1.0,1.0,1.0,0.9668604284345645,0.9644801294545632,1.0,1.0
ballroom/ballroom_Media-104005/track.npy,ballroom,0.975609756097561,0.9090909090909091,0.975609756097561,0.9090909090909091,0.9064152681519984,0.8576223083314279,0.9876543209876543,0.9523809523809523
ballroom/ballroom_Media-104006/track.npy,ballroom,1.0,1.0,1.0,1.0,0.9431265170959277,0.9854284380906269,1.0,1.0
ballroom/ballroom_Media-104009/track.npy,ballroom,0.9791666666666666,1.0,0.9791666666666666,1.0,0.9310045555978669,0.9425763544612541,0.9791666666666666,1.0
ballroom/ballroom_Media-104106/track.npy,ballroom,1.0,1.0,1.0,1.0,0.9728701529049635,0.9793426126897095,1.0,1.0
ballroom/ballroom_Media-104201/track.npy,ballroom,0.972972972972973,1.0,0.972972972972973,1.0,0.9252521911538201,0.9721396372203647,0.9863013698630138,1.0
ballroom/ballroom_Media-104202/track.npy,ballroom,0.972972972972973,1.0,0.972972972972973,1.0,0.8619774163055278,0.8755805050456051,0.9863013698630138,1.0
ballroom/ballroom_Media-104212/track.npy,ballroom,0.9868421052631579,0.9615384615384616,0.9868421052631579,0.9615384615384616,0.9624171303776707,0.9473514107951517,0.9933774834437086,0.9803921568627451
ballroom/ballroom_Media-104219/track.npy,ballroom,0.9883720930232558,0.9545454545454546,0.9883720930232558,0.9545454545454546,0.9569300639765375,0.9583854405840679,0.9941520467836257,0.9767441860465117
ballroom/ballroom_Media-104305/track.npy,ballroom,0.9814814814814815,0.9285714285714286,0.9814814814814815,0.9285714285714286,0.9604808833273848,0.9351708299198657,0.9906542056074767,0.962962962962963
ballroom/ballroom_Media-104314/track.npy,ballroom,0.9886363636363636,0.9545454545454546,0.9886363636363636,0.9545454545454546,0.9441854963916865,0.9240207736379963,0.9942857142857142,0.9767441860465117
ballroom/ballroom_Media-104315/track.npy,ballroom,0.9659090909090909,0.47619047619047616,0.9659090909090909,0.42857142857142855,0.8358639747316475,0.46613971583039093,0.9942857142857142,0.42857142857142855
ballroom/ballroom_Media-104407/track.npy,ballroom,0.987012987012987,1.0,0.987012987012987,1.0,0.9648128504236152,0.9660320070736741,0.9934640522875817,1.0
ballroom/ballroom_Media-104501/track.npy,ballroom,1.0,1.0,1.0,1.0,0.8391876303114747,0.8850479308209062,1.0,1.0
ballroom/ballroom_Media-104505/track.npy,ballroom,0.9814814814814815,0.9285714285714286,0.9814814814814815,0.9285714285714286,0.9442326456684319,0.9187558439506139,0.9906542056074767,0.962962962962963
ballroom/ballroom_Media-104515/track.npy,ballroom,0.9885057471264368,0.9545454545454546,0.9885057471264368,0.9545454545454546,0.9656818143057486,0.9394235228080688,0.9942196531791908,0.9767441860465117
ballroom/ballroom_Media-104603/track.npy,ballroom,0.972972972972973,1.0,0.972972972972973,1.0,0.8567438408529956,0.918415411846193,0.9863013698630138,1.0
ballroom/ballroom_Media-104605/track.npy,ballroom,0.9818181818181818,1.0,0.9818181818181818,1.0,0.9224054431174185,0.9170256735600232,0.9908256880733944,1.0
ballroom/ballroom_Media-104702/track.npy,ballroom,1.0,1.0,1.0,1.0,0.8732069684561318,0.9058431255441765,1.0,1.0
ballroom/ballroom_Media-104809/track.npy,ballroom,0.9868421052631579,0.9615384615384616,0.9868421052631579,0.9615384615384616,0.8944480823751911,0.8779285095747915,0.9933774834437086,0.9803921568627451
ballroom/ballroom_Media-104902/track.npy,ballroom,0.9722222222222222,1.0,0.9722222222222222,1.0,0.8121970833804173,0.8472596988396907,0.9722222222222222,1.0
ballroom/ballroom_Media-105008/track.npy,ballroom,1.0,1.0,1.0,1.0,0.9460862287837788,0.935236243834297,1.0,1.0
ballroom/ballroom_Media-105009/track.npy,ballroom,1.0,1.0,1.0,1.0,0.9555838150854192,0.9734237274061842,1.0,1.0
ballroom/ballroom_Media-105016/track.npy,ballroom,0.9882352941176471,0.9545454545454546,0.9882352941176471,0.9545454545454546,0.9669275748875223,0.9436347185953969,0.9940828402366864,0.9767441860465117
ballroom/ballroom_Media-105017/track.npy,ballroom,0.9655172413793104,1.0,0.9655172413793104,1.0,0.9005899003084441,0.9230097768004759,0.9883720930232558,1.0
ballroom/ballroom_Media-105020/track.npy,ballroom,0.9425287356321839,1.0,0.9425287356321839,1.0,0.9240273730162788,0.9310402630789647,0.9826589595375722,0.9523809523809523
ballroom/ballroom_Media-105102/track.npy,ballroom,1.0,1.0,1.0,1.0,0.8565327131603937,0.8706980321780352,1.0,1.0
ballroom/ballroom_Media-105109/track.npy,ballroom,0.9818181818181818,1.0,0.9818181818181818,1.0,0.9494787636126694,0.9548310587207818,0.9908256880733944,1.0
ballroom/ballroom_Media-105212/track.npy,ballroom,1.0,1.0,1.0,1.0,0.8350206535018362,0.8204173603013005,1.0,1.0
ballroom/ballroom_Media-105214/track.npy,ballroom,0.9393939393939394,1.0,0.9393939393939394,1.0,0.7957791268457649,0.8437749728034958,0.9393939393939394,1.0
ballroom/ballroom_Media-105302/track.npy,ballroom,0.34285714285714286,0.8181818181818182,0.34285714285714286,0.8181818181818182,0.1877797697947879,0.1718768321518229,0.1875,0.19999999999999998
ballroom/ballroom_Media-105403/track.npy,ballroom,1.0,1.0,1.0,1.0,0.9566627915945576,0.9646030137955109,1.0,1.0
ballroom/ballroom_Media-105405/track.npy,ballroom,1.0,1.0,1.0,1.0,0.9807016066139366,0.9803704100408894,1.0,1.0
ballroom/ballroom_Media-105409/track.npy,ballroom,1.0,1.0,1.0,1.0,0.9605576678286124,0.9618360659422143,1.0,1.0
ballroom/ballroom_Media-105417/track.npy,ballroom,0.9791666666666666,0.9166666666666666,0.9791666666666666,0.9166666666666666,0.9699826699620687,0.9199687833258495,0.9894736842105264,0.9565217391304348
ballroom/ballroom_Media-105420/track.npy,ballroom,0.9811320754716981,0.9285714285714286,0.9811320754716981,0.9285714285714286,0.937286514925952,0.9073698687128847,0.9904761904761905,0.962962962962963
ballroom/ballroom_Media-105803/track.npy,ballroom,1.0,1.0,1.0,1.0,0.7866318544187298,0.8309664462715826,1.0,1.0
ballroom/ballroom_Media-105804/track.npy,ballroom,1.0,1.0,1.0,1.0,0.9336069515851643,0.9611353660292723,1.0,1.0
ballroom/ballroom_Media-105809/track.npy,ballroom,1.0,1.0,1.0,1.0,0.9445249393789562,0.9609264130285868,1.0,1.0
ballroom/ballroom_Media-105812/track.npy,ballroom,0.958904109589041,0.96,0.958904109589041,0.96,0.7840321372828684,0.7857102117038621,0.9655172413793104,0.9795918367346939
ballroom/ballroom_Media-105907/track.npy,ballroom,0.972972972972973,1.0,0.972972972972973,1.0,0.8514904675199327,0.8317081009916808,0.9931972789115647,1.0
ballroom/ballroom_Media-106001/track.npy,ballroom,0.9767441860465116,0.5,0.9767441860465116,0.36363636363636365,0.960897881117877,0.5102110067727181,0.988235294117647,0.380952380952381
ballroom/ballroom_Media-106016/track.npy,ballroom,0.9866666666666667,1.0,0.9866666666666667,1.0,0.9709724567402773,0.9729880799776959,0.9932885906040269,1.0
ballroom/ballroom_Media-106108/track.npy,ballroom,0.9545454545454546,1.0,0.9545454545454546,1.0,0.9269916233930401,0.9638826156331494,0.9767441860465117,1.0
beatles/beatles_01_Please_Please_Me_06_Ask_Me_Why/track.npy,beatles,0.9933333333333333,0.96,0.9933333333333333,0.96,0.9383830682211491,0.9336237210281609,0.9949916527545909,0.9866666666666668
beatles/beatles_01_Please_Please_Me_12_A_Taste_Of_Honey/track.npy,beatles,0.9057591623036649,0.85,0.9057591623036649,0.85,0.8468945513093223,0.8631969151710793,0.9081364829396327,0.9137931034482758
beatles/beatles_02_With_the_Beatles_01_It_Wont_Be_Long/track.npy,beatles,0.9628252788104089,0.9701492537313433,0.9628252788104089,0.9701492537313433,0.9397229910523389,0.9475731306850401,0.9643527204502814,0.9774436090225564
beatles/beatles_02_With_the_Beatles_02_All_Ive_Got_To_Do/track.npy,beatles,0.991304347826087,0.9827586206896551,0.991304347826087,0.9827586206896551,0.9665862989929466,0.9593594011273205,0.9956331877729258,0.9913043478260869
beatles/beatles_03_A_Hard_Days_Night_13_Ill_Be_Back/track.npy,beatles,0.9891696750902527,0.9014084507042254,0.9891696750902527,0.9014084507042254,0.9544726699458844,0.9182057794332934,0.9945750452079566,0.9571428571428571
beatles/beatles_04_Beatles_for_Sale_04_Rock_and_Roll_Music/track.npy,beatles,0.9975,1.0,0.9975,1.0,0.6973997956515959,0.6906433189430524,0.9987484355444306,1.0
beatles/beatles_04_Beatles_for_Sale_09_Words_of_Love/track.npy,beatles,0.9523809523809523,0.9841269841269841,0.9523809523809523,0.9841269841269841,0.4783646986590814,0.4840741186142387,0.7695390781563126,0.8160000000000001
beatles/beatles_05_Help_01_Help/track.npy,beatles,0.9805825242718447,0.8888888888888888,0.9805825242718447,0.8888888888888888,0.8490879078086959,0.8027728244926771,0.9901960784313726,0.9622641509433962
beatles/beatles_05_Help_14_Dizzy_Miss_Lizzy/track.npy,beatles,0.9919786096256684,0.9468085106382979,0.9919786096256684,0.9468085106382979,0.7611795605389328,0.7522658849063667,0.9933065595716197,0.9732620320855615
beatles/beatles_06_Rubber_Soul_03_You_Wont_See_Me/track.npy,beatles,0.9838274932614556,0.967741935483871,0.9838274932614556,0.967741935483871,0.9168729216244107,0.9019981130576962,0.9905277401894452,0.9837837837837837
beatles/beatles_06_Rubber_Soul_04_Nowhere_Man/track.npy,beatles,0.9837662337662337,1.0,0.9837662337662337,1.0,0.9461656066405894,0.9403788941449835,0.9837662337662337,0.987012987012987
beatles/beatles_07_Revolver_09_And_Your_Bird_Can_Sing/track.npy,beatles,0.9758064516129032,0.9838709677419355,0.9758064516129032,0.9838709677419355,0.8636885145481489,0.8679862949699297,0.9877551020408163,0.991869918699187
beatles/beatles_08_Sgt_Peppers_Lonely_Hearts_Club_Band_05_Fixing_A_Hole/track.npy,beatles,0.9892086330935251,0.9857142857142858,0.9892086330935251,0.9857142857142858,0.9040047454640425,0.8698962673846686,0.9945750452079565,0.9928057553956835
beatles/beatles_08_Sgt_Peppers_Lonely_Hearts_Club_Band_11_Good_Morning_Good_Morning/track.npy,beatles,0.9066666666666666,0.4444444444444444,0.9066666666666666,0.4444444444444444,0.8792749871123314,0.5880609554958612,0.9523809523809524,0.6308724832214765
beatles/beatles_09_Magical_Mystery_Tour_04_Blue_Jay_Way/track.npy,beatles,0.9327217125382263,0.7142857142857143,0.9327217125382263,0.7142857142857143,0.8599457697565985,0.6615479493507321,0.9431643625192012,0.736196319018405
beatles/beatles_10_CD1_The_Beatles_05_Wild_Honey_Pie/track.npy,beatles,0.9859154929577465,0.5,0.9859154929577465,0.5,0.8001288816682658,0.4786450799681,0.9787234042553192,0.7027027027027027
beatles/beatles_10_CD1_The_Beatles_10_Im_So_Tired/track.npy,beatles,0.9926470588235294,0.8055555555555556,0.9926470588235294,0.8055555555555556,0.8834955572508741,0.7911383492459606,0.996309963099631,0.9142857142857143
beatles/beatles_10_CD1_The_Beatles_13_Rocky_Raccoon/track.npy,beatles,0.90625,0.5747126436781609,0.90625,0.5747126436781609,0.8924843140414895,0.8071197012678636,0.9732620320855615,0.8774193548387098
beatles/beatles_10_CD2_The_Beatles_06_Helter_Skelter/track.npy,beatles,0.9570200573065902,0.8588235294117647,0.9570200573065902,0.8588235294117647,0.8563760662008061,0.8058096301491103,0.9636098981077146,0.9101796407185628
beatles/beatles_11_Abbey_Road_10_Sun_King/track.npy,beatles,0.9943502824858758,1.0,0.9943502824858758,1.0,0.9294050993302835,0.9325912060244306,0.9774011299435028,0.9772727272727273
beatles/beatles_11_Abbey_Road_13_She_Came_In_Through_The_Bathroom_Window/track.npy,beatles,0.9798657718120806,0.972972972972973,0.9798657718120806,0.972972972972973,0.9534026989223745,0.9564698397397753,0.9898305084745762,0.9863013698630138
beatles/beatles_12_Let_It_Be_02_Dig_a_Pony/track.npy,beatles,0.9579439252336449,0.8661971830985915,0.9579439252336449,0.8661971830985915,0.8163152688568461,0.7725588503696319,0.9574468085106382,0.9169675090252708
beatles/beatles_12_Let_It_Be_09_One_After_909/track.npy,beatles,0.9853249475890985,0.9833333333333333,0.0021008403361344537,0.0,0.6947515330534972,0.6855152782539196,0.6657342657342658,0.6555555555555556
candombe/csic.1995_ansina2_02/track.npy,candombe,0.998546511627907,0.9942196531791907,0.998546511627907,0.9942196531791907,0.9769050313613302,0.9806871043233372,0.9992727272727273,0.9971014492753623
candombe/proyecto.1992_gimenez_06/track.npy,candombe,0.9976133651551312,1.0,0.9976133651551312,1.0,0.9280315052545968,0.9505541099340586,0.998805256869773,1.0
candombe/zavala.muniz.2014_42/track.npy,candombe,1.0,1.0,1.0,1.0,0.9668832288101801,0.9651442244997962,1.0,1.0
candombe/zavala.muniz.2014_46/track.npy,candombe,1.0,1.0,1.0,1.0,0.9720106445310588,0.9719329247060334,1.0,1.0
filosax/filosax_11/track.npy,filosax,0.8865979381443299,0.9345238095238095,0.8865979381443299,0.9345238095238095,0.8588583892173455,0.8824068802111227,0.925240562546262,0.9642857142857143
filosax/filosax_19/track.npy,filosax,0.9926470588235294,1.0,0.9926470588235294,1.0,0.9250655311882139,0.914598837749351,0.9985283296541575,1.0
filosax/filosax_23/track.npy,filosax,0.9963369963369964,0.9963503649635036,0.9963369963369964,0.9963503649635036,0.9524945789432201,0.9412303499747685,0.9986244841815681,0.9981718464351006
filosax/filosax_24/track.npy,filosax,0.9896907216494846,0.9759450171821306,0.9896907216494846,0.9759450171821306,0.877358426769596,0.8446271160596722,0.996560619088564,0.979381443298969
filosax/filosax_42/track.npy,filosax,0.9941944847605225,0.953757225433526,0.9941944847605225,0.953757225433526,0.874646927156006,0.8371536218712857,0.9970887918486171,0.9681159420289854
filosax/filosax_48/track.npy,filosax,0.9911788291900562,0.9935897435897436,0.9911788291900562,0.9935897435897436,0.947401033408556,0.9402318876021024,0.9963840899959823,0.9983948635634029
groove_midi/drummer10_session1_1_jazz-swing_124_beat_4-4/track.npy,groove_midi,0.9756838905775076,0.8292682926829268,0.9756838905775076,0.8292682926829268,0.8376393582194506,0.7166047769373867,0.9876923076923076,0.8588957055214724
groove_midi/drummer1_eval_session_10_soul-groove10_102_beat_4-4/track.npy,groove_midi,1.0,1.0,1.0,1.0,0.9008957650484354,0.8951714837769853,1.0,1.0
groove_midi/drummer1_eval_session_6_hiphop-groove6_87_beat_4-4/track.npy,groove_midi,1.0,1.0,1.0,1.0,0.9305711229777468,0.914138734627051,1.0,1.0
groove_midi/drummer1_session1_3_funk_80_beat_4-4/track.npy,groove_midi,0.5365853658536586,0.7045454545454546,0.5365853658536586,0.7045454545454546,0.6248363483679006,0.5662389305229484,0.8618784530386739,0.7951807228915662
groove_midi/drummer1_session1_51_rock-shuffle_125_beat_4-4/track.npy,groove_midi,0.9744318181818182,0.9418604651162791,0.9744318181818182,0.9418604651162791,0.9269651094623966,0.9049011156385842,0.987087517934003,0.9764705882352942
groove_midi/drummer1_session1_75_jazz_125_beat_4-4/track.npy,groove_midi,0.559322033898305,0.43333333333333335,0.559322033898305,0.43333333333333335,0.6151536480608422,0.4397188720575803,0.7487179487179486,0.5
groove_midi/drummer1_session1_82_neworleans-funk_84_beat_4-4/track.npy,groove_midi,0.9947089947089947,0.8,0.9947089947089947,0.8,0.901662107258356,0.8404051505116318,0.9947089947089947,0.9183673469387755
groove_midi/drummer1_session2_111_rock-prog_110_beat_5-4/track.npy,groove_midi,0.29577464788732394,0.5555555555555556,0.29577464788732394,0.02631578947368421,0.502496785966194,0.5901662057754358,0.568595041322314,0.5714285714285714
groove_midi/drummer1_session2_112_afrocuban-bembe_122_beat_4-4/track.npy,groove_midi,0.8629807692307693,0.6699029126213593,0.8629807692307693,0.6699029126213593,0.8188198281223448,0.6922515791200459,0.8958837772397094,0.75
groove_midi/drummer1_session2_3_latin-chacarera_118_beat_4-4/track.npy,groove_midi,0.5053191489361702,0.34782608695652173,0.5053191489361702,0.34782608695652173,0.5929373833714066,0.3862200394327413,0.64343163538874,0.43373493975903615
groove_midi/drummer1_session2_5_jazz_200_beat_3-4/track.npy,groove_midi,0.58994708994709,0.5694444444444444,0.58994708994709,0.0873015873015873,0.8513209730029073,0.6659503892029837,0.8852941176470588,0.6060606060606061
groove_midi/drummer1_session3_1_rock-prog_125_beat_4-4/track.npy,groove_midi,0.9900662251655629,0.9867549668874173,0.9900662251655629,0.9867549668874173,0.9022335540570454,0.900572946817843,0.9950166112956811,0.9966777408637874
groove_midi/drummer3_session1_13_rock_120_beat_4-4/track.npy,groove_midi,1.0,1.0,1.0,1.0,0.9252342796621554,0.9386281159160704,1.0,1.0
groove_midi/drummer3_session2_10_rock_100_beat_4-4/track.npy,groove_midi,0.9642857142857143,0.8571428571428571,0.9642857142857143,0.8571428571428571,0.837463377880036,0.7738246350761036,0.9818181818181818,0.923076923076923
groove_midi/drummer5_eval_session_5_funk-groove5_84_beat_4-4/track.npy,groove_midi,0.9824561403508771,0.6666666666666666,0.9824561403508771,0.6666666666666666,0.8921496120089815,0.7458446131685469,0.9911504424778761,0.8275862068965518
groove_midi/drummer5_session1_12_latin-brazilian-sambareggae_96_beat_4-4/track.npy,groove_midi,0.9945054945054945,1.0,0.9945054945054945,1.0,0.9584542369300975,0.9625191667340194,0.9972451790633609,1.0
groove_midi/drummer5_session1_15_funk_100_beat_4-4/track.npy,groove_midi,0.9938650306748467,0.943089430894309,0.9938650306748467,0.943089430894309,0.9353137644452548,0.9165308556923148,0.9969293756397134,0.9795918367346939
groove_midi/drummer5_session2_13_rock_140_beat_4-4/track.npy,groove_midi,0.975609756097561,0.967741935483871,0.975609756097561,0.967741935483871,0.9291852534240602,0.9356845806494437,0.9876543209876543,0.9836065573770492
groove_midi/drummer5_session2_18_latin-brazilian-samba_93_beat_4-4/track.npy,groove_midi,0.987012987012987,0.95,0.987012987012987,0.95,0.8261019708661305,0.8052586243055021,0.9934640522875817,0.9743589743589743
groove_midi/drummer5_session2_19_latin-brazilian-ijexa_108_beat_4-4/track.npy,groove_midi,0.9936708860759493,1.0,0.0,1.0,0.4144452123526852,2.6363723088575948e-11,0.0,0.0
groove_midi/drummer6_session3_6_rock_88_beat_4-4/track.npy,groove_midi,0.9958677685950413,1.0,0.9958677685950413,1.0,0.8520634105689624,0.8484176938074941,0.9979296066252588,1.0
groove_midi/drummer7_eval_session_9_soul-groove9_105_beat_4-4/track.npy,groove_midi,0.9821428571428571,0.9285714285714286,0.9821428571428571,0.9285714285714286,0.9586391110629994,0.9310729195504849,0.9909909909909909,0.962962962962963
groove_midi/drummer7_session1_13_funk_102_beat_4-4/track.npy,groove_midi,0.9746835443037974,0.8947368421052632,0.9746835443037974,0.0,0.7971029220320064,0.3939724452194138,0.9840255591054313,0.02631578947368421
groove_midi/drummer7_session1_15_jazz_112_beat_4-4/track.npy,groove_midi,0.9746835443037974,0.825,0.9746835443037974,0.825,0.8834849808502307,0.7873032169810016,0.9871794871794872,0.8717948717948718
groove_midi/drummer7_session1_22_hiphop_100_beat_4-4/track.npy,groove_midi,0.96,1.0,0.96,1.0,0.9369059945059106,0.9449411607528283,0.9795918367346939,1.0
groove_midi/drummer7_session1_8_rock_93_beat_4-4/track.npy,groove_midi,0.9880952380952381,0.984375,0.9880952380952381,0.984375,0.8147373678831374,0.8132523558317739,0.9761904761904762,0.9921259842519685
groove_midi/drummer7_session1_9_rock_93_beat_4-4/track.npy,groove_midi,0.9865771812080537,0.972972972972973,0.9865771812080537,0.0,0.8331560212651318,0.41364243790234223,0.9864864864864865,0.0
groove_midi/drummer7_session2_37_rock_112_beat_4-4/track.npy,groove_midi,0.9959677419354839,0.796875,0.9959677419354839,0.796875,0.8817479156546234,0.7974572311243133,0.997979797979798,0.9047619047619047
groove_midi/drummer7_session2_64_rock_145_beat_4-4/track.npy,groove_midi,0.989010989010989,1.0,0.989010989010989,1.0,0.9222773538093801,0.9279676595217684,0.994475138121547,1.0
groove_midi/drummer7_session2_97_pop_142_beat_4-4/track.npy,groove_midi,0.8857142857142857,0.7647058823529411,0.05970149253731343,0.7647058823529411,0.7691118180556062,0.8892872561563057,0.6862745098039216,0.9375
groove_midi/drummer7_session3_11_pop-soft_83_beat_4-4/track.npy,groove_midi,0.9946236559139785,0.8,0.9946236559139785,0.06521739130434782,0.8081961385144614,0.3946247621414768,0.9973045822102425,0.11111111111111112
groove_midi/drummer7_session3_120_rock_93_beat_4-4/track.npy,groove_midi,0.9568345323741008,0.9210526315789473,0.9568345323741008,0.9210526315789473,0.8692749893838847,0.8597444068390904,0.9782608695652174,0.958904109589041
groove_midi/drummer7_session3_132_soul_105_beat_4-4/track.npy,groove_midi,0.9945652173913043,0.9782608695652174,0.9945652173913043,0.9782608695652174,0.8214873216890138,0.8201216140606774,0.9972752043596731,0.989010989010989
groove_midi/drummer7_session3_133_soul_105_beat_4-4/track.npy,groove_midi,0.99,0.96,0.99,0.96,0.7815231200265496,0.7731151041739812,0.9949748743718593,0.9795918367346939
groove_midi/drummer7_session3_22_pop-soft_83_beat_4-4/track.npy,groove_midi,0.9838709677419355,0.4666666666666667,0.9838709677419355,0.4666666666666667,0.8280366538642617,0.4974881787615453,0.991869918699187,0.5714285714285715
groove_midi/drummer8_eval_session_5_funk-groove5_84_beat_4-4/track.npy,groove_midi,0.9827586206896551,0.9333333333333333,0.9827586206896551,0.9333333333333333,0.9226146797930678,0.9312618200480229,0.9913043478260869,0.9655172413793104
groove_midi/drummer8_session1_10_neworleans-funk_82_beat_4-4/track.npy,groove_midi,0.9950738916256158,1.0,0.9950738916256158,1.0,0.9311042813198959,0.9158157222971124,0.9975308641975309,1.0
groove_midi/drummer8_session1_15_hiphop_94_beat_4-4/track.npy,groove_midi,0.9858156028368794,0.9859154929577465,0.9858156028368794,0.9859154929577465,0.9367965505975743,0.9258255091335993,0.99288256227758,0.9929078014184397
groove_midi/drummer8_session1_23_hiphop_70_beat_4-4/track.npy,groove_midi,0.9908256880733946,1.0,0.9908256880733946,1.0,0.9184606041587414,0.9248338073675682,0.9977011494252873,1.0
groove_midi/drummer8_session1_24_funk-latin_100_beat_4-4/track.npy,groove_midi,0.9904761904761905,0.9629629629629629,0.9904761904761905,0.9629629629629629,0.9383451310835662,0.9194602211604769,0.9952153110047847,0.9811320754716981
groove_midi/drummer9_session1_14_rock_120_beat_4-4/track.npy,groove_midi,0.995575221238938,0.9824561403508771,0.995575221238938,0.9824561403508771,0.9211538552917131,0.9144524009031035,0.995575221238938,0.9911504424778761
groove_midi/drummer9_session1_23_rock_120_beat_4-4/track.npy,groove_midi,0.9734513274336283,1.0,0.9734513274336283,1.0,0.898040902214576,0.9134387631780466,0.9821428571428571,1.0
guitarset/00_Funk2-108-Eb_comp_mix/track.npy,guitarset,0.875,1.0,0.875,1.0,0.8498291097609896,0.8474633062417293,0.918918918918919,0.9230769230769231
guitarset/00_Jazz1-200-B_comp_mix/track.npy,guitarset,1.0,1.0,1.0,1.0,0.9797787628189846,0.9796080555336578,1.0,1.0
guitarset/00_Jazz3-150-C_comp_mix/track.npy,guitarset,1.0,1.0,1.0,1.0,0.9398684987545024,0.9402586309084261,1.0,1.0
guitarset/00_Rock2-85-F_comp_mix/track.npy,guitarset,0.9824561403508771,0.9333333333333333,0.9824561403508771,0.9333333333333333,0.9488837348322561,0.9241089694659697,0.9911504424778761,0.9655172413793104
guitarset/01_Rock1-130-A_comp_mix/track.npy,guitarset,0.5405405405405406,0.5555555555555556,0.5405405405405406,0.5555555555555556,0.7590569854268492,0.7444172404674415,0.7692307692307693,0.75
guitarset/01_Rock2-142-D_comp_mix/track.npy,guitarset,1.0,1.0,1.0,1.0,0.939766417379744,0.9460100353147344,1.0,1.0
guitarset/01_SS1-100-C#_comp_mix/track.npy,guitarset,1.0,1.0,1.0,1.0,0.9645624477898898,0.9662392269832042,1.0,1.0
guitarset/01_SS2-88-F_comp_mix/track.npy,guitarset,0.04054054054054054,0.36363636363636365,0.0,0.0,0.3621663283875248,9.869919312574337e-07,0.41538461538461535,0.0
guitarset/01_SS3-84-Bb_comp_mix/track.npy,guitarset,0.9827586206896551,0.9333333333333333,0.9827586206896551,0.9333333333333333,0.8625173857450055,0.8423840460390224,0.9913043478260869,0.9655172413793104
guitarset/01_SS3-98-C_comp_mix/track.npy,guitarset,0.9821428571428571,0.9285714285714286,0.9821428571428571,0.9285714285714286,0.9087594960868925,0.8714600560775879,0.9909909909909909,0.962962962962963
guitarset/02_BN2-166-Ab_comp_mix/track.npy,guitarset,1.0,1.0,1.0,1.0,0.8828868796154856,0.8766281652434565,1.0,1.0
guitarset/02_Jazz1-130-D_comp_mix/track.npy,guitarset,0.9459459459459459,1.0,0.9459459459459459,1.0,0.8293130188055654,0.8722155381759794,0.9863013698630138,1.0
guitarset/02_SS3-84-Bb_comp_mix/track.npy,guitarset,0.9655172413793104,0.9333333333333333,0.9655172413793104,0.9333333333333333,0.798840090922961,0.8222227394112727,0.9739130434782608,0.9655172413793104
guitarset/03_Jazz3-150-C_comp_mix/track.npy,guitarset,0.9807692307692307,1.0,0.9807692307692307,1.0,0.9264171321616897,0.9301129451992179,0.9902912621359222,1.0
guitarset/04_Funk3-98-A_comp_mix/track.npy,guitarset,1.0,1.0,1.0,1.0,0.9504635208506295,0.9468038113267074,1.0,1.0
guitarset/04_Jazz2-110-Bb_comp_mix/track.npy,guitarset,0.8909090909090909,0.7692307692307693,0.8909090909090909,0.7692307692307693,0.6978729625719391,0.728910970476277,0.8807339449541284,0.9230769230769231
guitarset/05_BN1-129-Eb_comp_mix/track.npy,guitarset,0.9736842105263158,1.0,0.9736842105263158,1.0,0.8661337992343029,0.8605562125304855,0.9866666666666666,1.0
guitarset/05_BN3-119-G_comp_mix/track.npy,guitarset,0.9818181818181818,0.9285714285714286,0.9818181818181818,0.9285714285714286,0.7154931507896976,0.6691374444200475,0.9908256880733944,0.962962962962963
guitarset/05_Funk3-112-C#_comp_mix/track.npy,guitarset,0.9642857142857143,0.9285714285714286,0.9642857142857143,0.9285714285714286,0.9473327418992633,0.9413260645850899,0.9818181818181818,0.962962962962963
guitarset/05_Jazz2-187-F#_comp_mix/track.npy,guitarset,0.94,0.9230769230769231,0.94,0.9230769230769231,0.8091548309236821,0.8343934865053284,0.9795918367346939,0.9600000000000001
guitarset/05_SS1-100-C#_comp_mix/track.npy,guitarset,0.09090909090909091,1.0,0.02564102564102564,1.0,0.35551132335204383,0.9183526287649644,0.3278688524590163,1.0
guitarset/05_SS2-88-F_comp_mix/track.npy,guitarset,0.9824561403508771,0.9333333333333333,0.9824561403508771,0.9333333333333333,0.9261666737811636,0.896592479850898,0.9911504424778761,0.9655172413793104
hainsworth/hainsworth_006/track.npy,hainsworth,0.5528455284552846,0.5483870967741935,0.20388349514563106,0.5483870967741935,0.6606953452109561,0.7021542990957227,0.7393939393939394,0.8363636363636364
hainsworth/hainsworth_024/track.npy,hainsworth,0.7787610619469026,0.8275862068965517,0.04504504504504504,0.037037037037037035,0.7141363276317927,0.729687909532138,0.6428571428571428,0.6666666666666667
hainsworth/hainsworth_039/track.npy,hainsworth,1.0,1.0,1.0,1.0,0.9787969561371958,0.9700515408132296,1.0,1.0
hainsworth/hainsworth_047/track.npy,hainsworth,1.0,1.0,1.0,1.0,0.9798901811727377,0.9775603449684008,1.0,1.0
hainsworth/hainsworth_058/track.npy,hainsworth,0.9852941176470589,0.8235294117647058,0.9852941176470589,0.8235294117647058,0.8989058974572092,0.7532134946097723,0.9925925925925926,0.8235294117647058
hainsworth/hainsworth_069/track.npy,hainsworth,1.0,1.0,1.0,1.0,0.9723957634216411,0.9589479308006015,1.0,1.0
hainsworth/hainsworth_079/track.npy,hainsworth,0.9915254237288136,0.9032258064516129,0.9915254237288136,0.9032258064516129,0.9318572161635132,0.9074625308595511,0.9957446808510638,0.9666666666666666
hainsworth/hainsworth_099/track.npy,hainsworth,1.0,1.0,1.0,1.0,0.8389050562208171,0.8792545288934819,1.0,1.0
hainsworth/hainsworth_108/track.npy,hainsworth,1.0,1.0,1.0,1.0,0.9615864813648778,0.9702108318424322,1.0,1.0
hainsworth/hainsworth_110/track.npy,hainsworth,0.9918032786885246,1.0,0.9918032786885246,1.0,0.9684174659972041,0.9610413148600248,0.9958847736625513,1.0
hainsworth/hainsworth_124/track.npy,hainsworth,0.7938144329896907,0.375,0.7938144329896907,0.375,0.6622954668256854,0.3696218764557635,0.8602150537634409,0.5185185185185185
hainsworth/hainsworth_130/track.npy,hainsworth,0.8367346938775511,0.5,0.8367346938775511,0.5,0.5976533467060764,0.5047222971407047,0.7628865979381444,0.7142857142857143
hainsworth/hainsworth_144/track.npy,hainsworth,0.8974358974358975,0.95,0.0,0.95,0.16364181357958482,5.0727564251380134e-05,0.0,0.0
hainsworth/hainsworth_151/track.npy,hainsworth,1.0,1.0,1.0,1.0,0.9807798475193223,0.9833803504413746,1.0,1.0
hainsworth/hainsworth_153/track.npy,hainsworth,1.0,1.0,1.0,1.0,0.9200562685680066,0.9091119678598059,1.0,1.0
hainsworth/hainsworth_156/track.npy,hainsworth,1.0,1.0,1.0,1.0,0.9504105964034509,0.9565361752393385,1.0,1.0
hainsworth/hainsworth_159/track.npy,hainsworth,1.0,1.0,1.0,1.0,0.98158245734829,0.9868486399361748,1.0,1.0
hainsworth/hainsworth_163/track.npy,hainsworth,1.0,1.0,1.0,1.0,0.9782220456106074,0.9793558192935213,1.0,1.0
hainsworth/hainsworth_177/track.npy,hainsworth,1.0,1.0,1.0,1.0,0.9735444611785411,0.9678396889810768,1.0,1.0
hainsworth/hainsworth_178/track.npy,hainsworth,0.8888888888888888,1.0,0.8888888888888888,1.0,0.9170653971596634,0.9266555901580312,0.9714285714285714,1.0
hainsworth/hainsworth_184/track.npy,hainsworth,1.0,1.0,1.0,1.0,0.9672807300826918,0.9606884916378391,1.0,1.0
hainsworth/hainsworth_197/track.npy,hainsworth,1.0,1.0,0.0,1.0,0.7960086916458691,0.9509183246152642,0.6666666666666666,1.0
hainsworth/hainsworth_210/track.npy,hainsworth,0.5669291338582677,0.5714285714285714,0.5669291338582677,0.5714285714285714,0.8082447857675394,0.7223672818047251,0.8722466960352423,0.7777777777777778
hainsworth/hainsworth_212/track.npy,hainsworth,1.0,1.0,1.0,1.0,0.9792273380277687,0.978089141516288,1.0,1.0
hainsworth/hainsworth_227/track.npy,hainsworth,0.8852459016393442,0.9,0.8852459016393442,0.9,0.9561017054181346,0.9505190510564197,0.9704641350210971,0.9655172413793104
hainsworth/hainsworth_231/track.npy,hainsworth,0.9910714285714286,1.0,0.9910714285714286,1.0,0.9770004028066919,0.9866793688426351,0.9955156950672646,1.0
hainsworth/hainsworth_243/track.npy,hainsworth,0.7681159420289855,0.45161290322580644,0.13114754098360656,0.1935483870967742,0.7196077074220152,0.41791952169047053,0.7225130890052355,0.32786885245901637
harmonix/0006_aint2proud2beg/track.npy,harmonix,1.0,1.0,1.0,1.0,0.9406367996269926,0.9391841418451634,1.0,1.0
harmonix/0018_bassdownlow/track.npy,harmonix,1.0,1.0,1.0,1.0,0.8947479883243334,0.9012780693722027,1.0,1.0
harmonix/0037_breakyourheart/track.npy,harmonix,0.9956140350877193,1.0,0.9956140350877193,1.0,0.71947582801209,0.7283256825097757,0.9978021978021978,1.0
harmonix/0042_callme/track.npy,harmonix,0.9932432432432432,0.9866666666666667,0.9932432432432432,0.9866666666666667,0.9422644722644445,0.938337385419654,0.9966216216216216,0.9932885906040269
harmonix/0045_cantgetyououtofmyhead/track.npy,harmonix,1.0,1.0,1.0,1.0,0.8200017239858883,0.8083673484397019,1.0,1.0
harmonix/0050_clubcanthandleme/track.npy,harmonix,1.0,1.0,1.0,1.0,0.9355755261711829,0.9250369344734537,1.0,1.0
harmonix/0058_criticalacclaim/track.npy,harmonix,0.971976401179941,0.7177914110429447,0.971976401179941,0.7177914110429447,0.9474707060815097,0.7770419920813645,0.9881305637982195,0.802469135802469
harmonix/0075_dontcha/track.npy,harmonix,0.9962121212121212,1.0,0.9962121212121212,1.0,0.9470837090699518,0.947816478855275,0.9981024667931689,1.0
harmonix/0078_donttouchme/track.npy,harmonix,0.9923664122137404,0.98989898989899,0.9923664122137404,0.98989898989899,0.965942970288814,0.9685665249928502,0.9961685823754789,0.9949238578680203
harmonix/0101_galang/track.npy,harmonix,1.0,0.6428571428571429,1.0,0.21428571428571427,0.9692460473367815,0.4814604787820274,1.0,0.2702702702702703
harmonix/0112_giveitup/track.npy,harmonix,0.9556313993174061,1.0,0.9556313993174061,1.0,0.5967873752810556,0.5997245293968493,0.9351535836177475,0.9594594594594594
harmonix/0115_gonnamakeyousweat/track.npy,harmonix,1.0,1.0,1.0,1.0,0.9671203516332885,0.9659745405436286,1.0,1.0
harmonix/0131_iamthebest/track.npy,harmonix,0.9933110367892977,0.9605263157894737,0.9933110367892977,0.9605263157894737,0.9496130612513588,0.9248827144323376,0.998324958123953,0.9801324503311258
harmonix/0149_johnnyguitar/track.npy,harmonix,0.9821882951653944,0.8947368421052632,0.9821882951653944,0.8947368421052632,0.9264107898929348,0.8894515100664119,0.9910141206675225,0.9523809523809523
harmonix/0156_lastnight/track.npy,harmonix,1.0,0.5238095238095238,1.0,0.390625,0.8867671242958635,0.47496655091343576,1.0,0.42857142857142855
harmonix/0160_likeag6/track.npy,harmonix,1.0,1.0,1.0,1.0,0.8521351741052149,0.8475433490282526,1.0,1.0
harmonix/0179_moveslikejagger/track.npy,harmonix,0.9947916666666666,1.0,0.9947916666666666,1.0,0.9612185875197555,0.9569092545465874,0.9973958333333334,1.0
harmonix/0183_mynameisjonas/track.npy,harmonix,0.8867313915857605,0.6694915254237288,0.8867313915857605,0.6694915254237288,0.8495934457872568,0.7852199667751304,0.9538714991762768,0.8755760368663595
harmonix/0199_numberofthebeast2/track.npy,harmonix,0.8004509582863585,0.5952380952380952,0.8004509582863585,0.5952380952380952,0.7801582803007966,0.564308737608089,0.9072046109510087,0.6440677966101694
harmonix/0242_satisfaction/track.npy,harmonix,0.9924242424242424,0.40625,0.9924242424242424,0.35384615384615387,0.9492600428405085,0.5069783753632541,0.9961977186311787,0.4444444444444444
harmonix/0248_screamingfor/track.npy,harmonix,0.796923076923077,0.868,0.796923076923077,0.868,0.7719655404514689,0.7350793700343229,0.9364583333333333,0.8924949290060852
harmonix/0264_stereolove/track.npy,harmonix,0.9844660194174757,0.9694656488549618,0.9844660194174757,0.9694656488549618,0.9619354237129035,0.9617374747713027,0.9892682926829268,0.9844961240310077
harmonix/0271_teachmehowtodougie/track.npy,harmonix,1.0,1.0,1.0,1.0,0.9616870795850907,0.9477287147459794,1.0,1.0
harmonix/0278_thatsthahomie/track.npy,harmonix,0.5215782983970407,0.4714285714285714,0.2957074721780604,0.4714285714285714,0.7816069093793647,0.7933130530245008,0.7748792270531402,0.8264462809917354
harmonix/0280_thedayitriedtolive/track.npy,harmonix,0.7300150829562594,0.22377622377622378,0.7300150829562594,0.22377622377622378,0.8056168521353506,0.5649952226654993,0.907481898632341,0.6578947368421052
harmonix/0281_theedgeofglory/track.npy,harmonix,0.9945504087193461,0.9891304347826086,0.9945504087193461,0.9891304347826086,0.9587463928244627,0.9595596129852811,0.9959072305593452,0.9891304347826086
harmonix/0288_thewayiare/track.npy,harmonix,0.9786324786324786,0.9830508474576272,0.9786324786324786,0.9830508474576272,0.889137522712887,0.9047334902398879,0.9892008639308855,0.9914529914529915
harmonix/0290_thisishowwedoit/track.npy,harmonix,1.0,1.0,1.0,1.0,0.9361390643660873,0.9603899242374987,1.0,1.0
harmonix/0307_whatdoesntkillyou/track.npy,harmonix,0.9863760217983651,1.0,0.9863760217983651,1.0,0.9152148706335915,0.9182280826565692,0.9945205479452055,1.0
harmonix/0318_windup/track.npy,harmonix,1.0,0.9113924050632911,1.0,0.9113924050632911,0.8642129314739526,0.8105234286583568,1.0,0.9299363057324842
harmonix/0333_allday/track.npy,harmonix,0.7448275862068966,0.8378378378378378,0.7448275862068966,0.8378378378378378,0.8069296576235901,0.7987898761392533,0.926470588235294,0.9130434782608695
harmonix/0339_aslongasyouloveme/track.npy,harmonix,0.9844961240310077,1.0,0.9844961240310077,1.0,0.9265877472953042,0.9259910669721418,0.98828125,0.9841269841269841
harmonix/0368_dontwakemeup/track.npy,harmonix,0.9950980392156863,1.0,0.9950980392156863,1.0,0.9508310511246021,0.9456232222642232,0.9975429975429976,1.0
harmonix/0398_goodtime/track.npy,harmonix,0.9827586206896551,0.9900990099009901,0.9827586206896551,0.9900990099009901,0.9307539836649518,0.9355343525430457,0.9900744416873448,0.9950248756218906
harmonix/0409_idontlikeyou/track.npy,harmonix,0.9943074003795066,0.9618320610687023,0.9943074003795066,0.9618320610687023,0.9438207702955277,0.9310203066372623,0.9971455756422455,0.9769230769230769
harmonix/0424_justadream/track.npy,harmonix,0.9799426934097422,0.9886363636363636,0.9799426934097422,0.9886363636363636,0.9056081959637441,0.9064955902798636,0.9913544668587897,0.9828571428571428
harmonix/0427_justthewayyouare/track.npy,harmonix,0.9894736842105263,0.9894736842105263,0.9894736842105263,0.9894736842105263,0.9569339134430302,0.9605984300691182,0.9947089947089947,0.9947089947089947
harmonix/0429_kissinu/track.npy,harmonix,0.9772727272727273,0.9885057471264368,0.9772727272727273,0.9885057471264368,0.9647319455450157,0.9700241618047595,0.9885057471264368,0.9942196531791908
harmonix/0435_lookatmenow/track.npy,harmonix,0.9731800766283525,0.9090909090909091,0.9731800766283525,0.9090909090909091,0.9258110897048144,0.9068767287798439,0.9692307692307693,0.9393939393939394
harmonix/0437_lovelikewoe/track.npy,harmonix,0.996551724137931,1.0,0.996551724137931,1.0,0.9769988002515656,0.9796243316394037,0.9982728842832469,1.0
harmonix/0442_lullaby/track.npy,harmonix,0.9971098265895953,0.9318181818181818,0.9971098265895953,0.9318181818181818,0.9510240622061735,0.9199152890244727,0.9985528219971056,0.9714285714285714
harmonix/0443_magic/track.npy,harmonix,0.5175097276264592,0.5542168674698795,0.5175097276264592,0.2868217054263566,0.8534486667869071,0.8216861288692017,0.8618784530386739,0.7830188679245284
harmonix/0448_mine/track.npy,harmonix,0.9931506849315068,1.0,0.9931506849315068,1.0,0.951475980162292,0.9473046267317288,0.9965714285714286,1.0
harmonix/0457_nothing/track.npy,harmonix,0.9735294117647059,0.9647058823529412,0.9735294117647059,0.9647058823529412,0.8951525541873866,0.8880485930994039,0.9852941176470589,0.988095238095238
harmonix/0461_obsession/track.npy,harmonix,1.0,1.0,1.0,1.0,0.9793702190146079,0.9790441373032756,1.0,1.0
harmonix/0469_ordinaryworld/track.npy,harmonix,0.975,0.975,0.0,0.0,0.7440536597008318,0.7380404318621404,0.6610169491525423,0.6610169491525423
harmonix/0492_sm/track.npy,harmonix,0.998019801980198,0.9921259842519685,0.998019801980198,0.9921259842519685,0.963472595692916,0.9596667056807127,0.9990089197224975,0.9960474308300395
harmonix/0511_theonlyexception/track.npy,harmonix,0.9794168096054888,0.5691056910569106,0.9794168096054888,0.5691056910569106,0.8205583694047263,0.7497664410537063,0.9870801033591732,0.8687782805429864
harmonix/0522_turnupthemusic/track.npy,harmonix,0.9663157894736842,0.8728813559322034,0.9663157894736842,0.8728813559322034,0.9162985292084568,0.866017871616975,0.9777777777777776,0.9276595744680851
harmonix/0523_ucanttouchthis/track.npy,harmonix,0.985480943738657,0.9927007299270073,0.985480943738657,0.9927007299270073,0.9562441611961143,0.9676410304926872,0.9926873857404023,0.9963369963369962
harmonix/0540_youandme/track.npy,harmonix,0.9933993399339934,1.0,0.9933993399339934,1.0,0.945474705029082,0.9438246243542961,0.9966887417218543,1.0
harmonix/0547_1901boflexdpassionpitremix/track.npy,harmonix,0.9595505617977528,0.9375,0.9595505617977528,0.9375,0.8985394941969804,0.8770555414382212,0.9717514124293786,0.9464285714285714
harmonix/0549_515/track.npy,harmonix,0.9901960784313726,1.0,0.9901960784313726,1.0,0.9537166786014215,0.9534152779185859,0.9918166939443536,0.9868421052631579
harmonix/0553_alivefeatthegoodnatured/track.npy,harmonix,1.0,1.0,1.0,1.0,0.9148862141745473,0.9154053816894382,1.0,1.0
harmonix/0556_allaroundtheworld/track.npy,harmonix,0.9940711462450593,1.0,0.9940711462450593,1.0,0.6817006329758034,0.6828220616696687,0.9970267591674926,1.0
harmonix/0560_almostlovenow/track.npy,harmonix,0.9898648648648649,1.0,0.9898648648648649,1.0,0.9709451271453339,0.9731680537155459,0.9949066213921902,1.0
harmonix/0572_awake/track.npy,harmonix,0.9777777777777777,0.989010989010989,0.9777777777777777,0.989010989010989,0.9429676966234177,0.9539993591480125,0.9790794979079498,0.9834254143646408
harmonix/0576_barbrastreisand/track.npy,harmonix,0.8532934131736527,0.9567901234567902,0.8532934131736527,0.9567901234567902,0.9386198261714863,0.9571083993190516,0.9611197511664076,0.9779179810725552
harmonix/0593_blameitradioedit/track.npy,harmonix,0.9892761394101877,0.9893617021276596,0.9892761394101877,0.9893617021276596,0.9723063974730944,0.9677001157667562,0.9946091644204852,0.9946524064171123
harmonix/0599_boyfriend/track.npy,harmonix,1.0,0.0,1.0,0.0,0.9661152409102717,3.7657400251648983e-50,1.0,0.0
harmonix/0609_carryon/track.npy,harmonix,0.844,0.9669421487603306,0.844,0.9669421487603306,0.8842418111232857,0.9435340566405872,0.9185336048879837,0.9833333333333334
harmonix/0613_celebrationbennybenassi/track.npy,harmonix,0.8674698795180723,0.7142857142857143,0.8674698795180723,0.7142857142857143,0.8511795923113641,0.6255772176212423,0.8831951770911831,0.6467065868263473
harmonix/0620_closertands/track.npy,harmonix,0.9912854030501089,0.7876106194690266,0.9912854030501089,0.7876106194690266,0.9742849088336748,0.8115575674726021,0.9956331877729258,0.8303571428571428
harmonix/0631_curiosity/track.npy,harmonix,0.9557109557109557,0.9252336448598131,0.9557109557109557,0.9252336448598131,0.9344179076767725,0.9089408828234599,0.9557109557109557,0.9282296650717703
harmonix/0632_cyclone/track.npy,harmonix,0.9928571428571429,1.0,0.9928571428571429,1.0,0.9745916934236036,0.9802540266667945,0.996415770609319,1.0
harmonix/0635_daynnite/track.npy,harmonix,0.9087136929460581,0.7619047619047619,0.9087136929460581,0.7619047619047619,0.8613096175711249,0.766652526919524,0.957983193277311,0.8688524590163935
harmonix/0652_drovemewild/track.npy,harmonix,1.0,0.9661016949152542,1.0,0.9661016949152542,0.9849317703690319,0.9564561151687674,1.0,0.9745762711864406
harmonix/0669_fastforwardffwd/track.npy,harmonix,1.0,1.0,1.0,1.0,0.982005498896195,0.9820169335860912,1.0,1.0
harmonix/0674_feelsocloseextendedmix/track.npy,harmonix,1.0,1.0,1.0,1.0,0.9293003166789824,0.909330463492805,1.0,1.0
harmonix/0682_forever/track.npy,harmonix,0.977818853974122,0.9851851851851852,0.977818853974122,0.9851851851851852,0.9616766558882457,0.9630210732714393,0.9887850467289719,0.9925373134328358
harmonix/0691_givesyouhell/track.npy,harmonix,0.9910979228486647,1.0,0.9910979228486647,1.0,0.9674090424128042,0.9689058911282006,0.9955423476968797,1.0
harmonix/0697_goodlife/track.npy,harmonix,0.9774266365688488,0.9819819819819819,0.9774266365688488,0.9819819819819819,0.9521823731604729,0.9602059217609709,0.9885844748858448,0.9909090909090909
harmonix/0705_haditall/track.npy,harmonix,0.9905660377358491,0.9090909090909091,0.9905660377358491,0.9090909090909091,0.9707290033085126,0.9226902764711865,0.9976359338061466,0.9629629629629629
harmonix/0708_haloradioedit/track.npy,harmonix,0.9965635738831615,1.0,0.9965635738831615,1.0,0.9712052538680305,0.9717308764013847,0.9982788296041308,1.0
harmonix/0711_heartheartheartbreak/track.npy,harmonix,1.0,1.0,1.0,1.0,0.9657305002893998,0.9640350645108252,1.0,1.0
harmonix/0713_heartofgoldnow/track.npy,harmonix,0.9977324263038548,0.8108108108108109,0.9977324263038548,0.8108108108108109,0.9706731251754371,0.8120919598162792,0.9988649262202043,0.8325791855203618
harmonix/0714_hell/track.npy,harmonix,0.9981515711645101,0.9703703703703703,0.9981515711645101,0.9703703703703703,0.9213534436383005,0.8999069142202729,0.9990749306197965,0.9851851851851852
harmonix/0721_holdup/track.npy,harmonix,0.9774647887323944,0.9886363636363636,0.9774647887323944,0.9886363636363636,0.9676428118956589,0.9703691161414112,0.9886039886039886,0.9942857142857142
harmonix/0739_ikissedagirl/track.npy,harmonix,0.9946808510638298,1.0,0.9946808510638298,1.0,0.9816963672973277,0.9848471611764517,0.9973333333333333,1.0
harmonix/0742_iknowyouwantme/track.npy,harmonix,0.955026455026455,0.968421052631579,0.955026455026455,0.968421052631579,0.8829639741148702,0.8796477047525768,0.9811827956989247,0.983957219251337
harmonix/0744_immabe/track.npy,harmonix,0.9770992366412213,0.98989898989899,0.9770992366412213,0.98989898989899,0.9119020733980687,0.9031660441179465,0.9642857142857143,0.9441624365482234
harmonix/0751_inlovewithagirl/track.npy,harmonix,0.9925650557620818,0.9552238805970149,0.9925650557620818,0.9552238805970149,0.9531397123749905,0.9371315852268918,0.9981378026070763,0.9850746268656716
harmonix/0760_iwannarock/track.npy,harmonix,1.0,1.0,1.0,1.0,0.9826291157120284,0.9855213298195843,1.0,1.0
harmonix/0761_iwant/track.npy,harmonix,0.9971590909090909,1.0,0.9971590909090909,1.0,0.9625149701939903,0.9589122071385551,0.9985775248933144,1.0
harmonix/0768_keepsgettinbetter/track.npy,harmonix,0.9893617021276596,0.8936170212765957,0.9893617021276596,0.8936170212765957,0.961118171323737,0.878081045483329,0.9946524064171123,0.9090909090909091
harmonix/0784_lightweight/track.npy,harmonix,0.654421768707483,0.5772357723577236,0.654421768707483,0.5772357723577236,0.7040023486837599,0.6163537061262693,0.8936761640027798,0.7950819672131147
harmonix/0797_loveisgone/track.npy,harmonix,1.0,1.0,1.0,1.0,0.95079085754341,0.9493157070123748,1.0,1.0
harmonix/0799_lovesexmagic/track.npy,harmonix,0.9973821989528796,0.9895833333333334,0.9973821989528796,0.9895833333333334,0.9732677729878149,0.963186432781254,0.9973821989528796,0.9947643979057591
harmonix/0806_mad/track.npy,harmonix,0.7266666666666667,0.4806201550387597,0.7266666666666667,0.3541666666666667,0.9055792807361469,0.8088973753329405,0.923076923076923,0.8074534161490683
harmonix/0812_miserybimbo/track.npy,harmonix,0.9869513641755635,0.9857142857142858,0.9869513641755635,0.9857142857142858,0.9327941129306081,0.9312453496945983,0.9934562760261748,0.9928400954653939
harmonix/0814_mistake/track.npy,harmonix,0.989010989010989,1.0,0.0,0.0,0.8168065251816605,0.8213423391218413,0.6642066420664207,0.6699507389162561
harmonix/0817_morethanthis/track.npy,harmonix,0.9706959706959707,0.9428571428571428,0.9706959706959707,0.9428571428571428,0.9348380389552298,0.9245963451155896,0.978021978021978,0.9710144927536232
harmonix/0820_mychickbad/track.npy,harmonix,1.0,1.0,1.0,1.0,0.9712768645333243,0.9693935143883216,1.0,1.0
harmonix/0841_obsessedcahill/track.npy,harmonix,0.9890710382513661,0.9621621621621622,0.9890710382513661,0.0,0.9737552612937295,0.4851351846131186,0.9945130315500686,0.010899182561307902
harmonix/0844_ondirecting/track.npy,harmonix,0.9894179894179894,0.9789473684210527,0.9894179894179894,0.9789473684210527,0.9386660689693709,0.9313219426203009,0.9946808510638299,0.9893617021276596
harmonix/0846_onelove/track.npy,harmonix,0.9224652087475149,0.9672131147540983,0.9224652087475149,0.9672131147540983,0.944889933696243,0.9630343797377102,0.9660842754367934,0.9833333333333333
harmonix/0848_onething/track.npy,harmonix,0.9949874686716792,0.99,0.9949874686716792,0.99,0.5645636553346247,0.5703313531582909,0.9974874371859296,0.9949748743718593
harmonix/0853_outonthetown/track.npy,harmonix,0.9960629921259843,0.9921259842519685,0.9960629921259843,0.9921259842519685,0.9637740698811191,0.9612628656066909,0.9980276134122288,0.9960474308300395
harmonix/0865_pocketfulofsunshine/track.npy,harmonix,0.8720238095238095,0.9404761904761905,0.8720238095238095,0.9404761904761905,0.7614852218091135,0.7432131327549234,0.9233128834355829,0.9325153374233128
harmonix/0872_readyfortheweekend/track.npy,harmonix,0.9958762886597938,1.0,0.9958762886597938,1.0,0.9842079053439163,0.9860697236530072,0.9989680082559339,1.0
harmonix/0874_realize/track.npy,harmonix,0.8653061224489796,0.8211382113821138,0.8653061224489796,0.8211382113821138,0.9241152315598371,0.9068880254889765,0.95864262990456,0.944206008583691
harmonix/0892_saveyoutonight/track.npy,harmonix,0.9952038369304557,1.0,0.9952038369304557,1.0,0.6877157402050103,0.6981577445972802,0.9951923076923077,1.0
harmonix/0893_say/track.npy,harmonix,0.8449367088607594,0.7368421052631579,0.8449367088607594,0.7368421052631579,0.8042335831047999,0.7300845114533727,0.8737864077669903,0.7919463087248322
harmonix/0900_sexychickakon/track.npy,harmonix,1.0,1.0,1.0,1.0,0.9775268860444773,0.9780637099896293,1.0,1.0
harmonix/0916_sowhat/track.npy,harmonix,0.997716894977169,0.990909090909091,0.997716894977169,0.990909090909091,0.6876917713791485,0.7057737811671747,0.9988571428571429,0.995433789954338
harmonix/0922_suffocate/track.npy,harmonix,0.9767981438515081,0.9433962264150944,0.9767981438515081,0.9433962264150944,0.9545486551030343,0.943158040534454,0.984830805134189,0.9714285714285713
harmonix/0938_thebusiness/track.npy,harmonix,0.8821138211382114,0.9016393442622951,0.006109979633401222,0.0,0.7441337688525818,0.7352814218027983,0.6475409836065573,0.6153846153846154
harmonix/0948_thislove/track.npy,harmonix,0.9651898734177216,0.9746835443037974,0.9651898734177216,0.9746835443037974,0.9500317906182276,0.9508703032027495,0.9822866344605475,0.9871794871794872
harmonix/0952_tiktok/track.npy,harmonix,0.9896103896103896,1.0,0.9896103896103896,1.0,0.9257872881695933,0.9319874523964162,0.9947916666666666,1.0
harmonix/0968_walltowall/track.npy,harmonix,0.9794721407624634,0.9882352941176471,0.9794721407624634,0.9882352941176471,0.9713827937725362,0.9808105871811977,0.9896296296296296,0.9940828402366864
harmonix/0972_whatchasay/track.npy,harmonix,0.8649706457925636,0.8503937007874016,0.07053941908713693,0.08403361344537816,0.7121344133288381,0.7165075911752282,0.6910569105691058,0.6994535519125683
harmonix/0973_whateverittakes/track.npy,harmonix,0.9918032786885246,0.9836065573770492,0.9918032786885246,0.9836065573770492,0.9277129101458284,0.9269751272243012,0.9958847736625513,0.9917355371900827
harmonix/0978_whenigrowup/track.npy,harmonix,0.9751693002257337,0.38181818181818183,0.9751693002257337,0.38181818181818183,0.9658898957151862,0.43226514881313577,0.9886621315192744,0.4444444444444444
harmonix/0986_winner/track.npy,harmonix,0.8797814207650273,0.9662921348314607,0.8797814207650273,0.9662921348314607,0.8718272656124322,0.8786605351124687,0.929264909847434,0.9378531073446328
hjdb/hjdb_Come_Back_2_Me/track.npy,hjdb,1.0,1.0,1.0,1.0,0.9665484587762185,0.9585646623762336,1.0,1.0
hjdb/hjdb_Dance_Factor/track.npy,hjdb,1.0,1.0,1.0,1.0,0.9798696965999846,0.9734282419240441,1.0,1.0
hjdb/hjdb_Drowning_In_Her/track.npy,hjdb,0.32592592592592595,0.39285714285714285,0.32592592592592595,0.39285714285714285,0.641733059619741,0.4994031402574764,0.563265306122449,0.5098039215686274
hjdb/hjdb_Ecstatic_House/track.npy,hjdb,0.7831325301204819,0.7894736842105263,0.7831325301204819,0.0,0.8271864745378091,0.3604147217146282,0.8414634146341464,0.0
hjdb/hjdb_Essence_Ep/track.npy,hjdb,1.0,1.0,1.0,1.0,0.9750662860354821,0.9831611911388541,1.0,1.0
hjdb/hjdb_Exodus_(When_The_Lion_Awakes)/track.npy,hjdb,1.0,1.0,1.0,1.0,0.9651096582722021,0.9681892116740952,1.0,1.0
hjdb/hjdb_Fearless_Wonder_(Remix)/track.npy,hjdb,0.9929078014184397,1.0,0.9929078014184397,1.0,0.9713920993564151,0.9779817566204414,0.9964412811387899,1.0
hjdb/hjdb_Final_Conflict/track.npy,hjdb,1.0,1.0,1.0,1.0,0.9710899310674158,0.9744945776800825,1.0,1.0
hjdb/hjdb_Future_Funk/track.npy,hjdb,0.9724137931034482,1.0,0.9724137931034482,1.0,0.9665434209924312,0.9774206100545899,0.9860139860139859,1.0
hjdb/hjdb_How_Should_I_Start/track.npy,hjdb,0.9886363636363636,0.9545454545454546,0.9886363636363636,0.9545454545454546,0.9703379217504828,0.956999074050687,0.9942857142857142,0.9767441860465117
hjdb/hjdb_Johnny_94_(Origin_Unkown_Remix)/track.npy,hjdb,1.0,1.0,1.0,1.0,0.9801270322682519,0.9853231901700484,1.0,1.0
hjdb/hjdb_Mr._Logic/track.npy,hjdb,1.0,1.0,1.0,1.0,0.9835976185901488,0.988286817807802,1.0,1.0
hjdb/hjdb_Never_Try_The_Hippodrome_(Remix)/track.npy,hjdb,1.0,1.0,1.0,1.0,0.9765812429316478,0.9825253136544456,1.0,1.0
hjdb/hjdb_Oh_So_Nice/track.npy,hjdb,1.0,1.0,1.0,1.0,0.9569967015123206,0.9475816664355213,1.0,1.0
hjdb/hjdb_Slow_Jam/track.npy,hjdb,1.0,1.0,1.0,1.0,0.9740001334881225,0.9728633557111686,1.0,1.0
hjdb/hjdb_Street_Knowledge/track.npy,hjdb,0.9911504424778761,1.0,0.9911504424778761,1.0,0.9755206647298829,0.983877181385772,0.9955555555555555,1.0
hjdb/hjdb_Summer_Breeze/track.npy,hjdb,1.0,1.0,1.0,1.0,0.9838491203561984,0.9847957010619741,1.0,1.0
hjdb/hjdb_Sweet_Vibrations/track.npy,hjdb,1.0,1.0,1.0,1.0,0.9824061028862422,0.981559646597548,1.0,1.0
hjdb/hjdb_T-N-T/track.npy,hjdb,1.0,1.0,1.0,1.0,0.9753379024722096,0.9727734684654163,1.0,1.0
hjdb/hjdb_Tales_From_The_Darkside/track.npy,hjdb,1.0,1.0,1.0,1.0,0.9772387753264152,0.9771974141702578,1.0,1.0
hjdb/hjdb_Tales_From_The_Darkside_2/track.npy,hjdb,0.995,1.0,0.995,1.0,0.9805475098832382,0.9765569298363862,0.9974937343358395,1.0
hjdb/hjdb_The_Criminal/track.npy,hjdb,1.0,1.0,1.0,1.0,0.9701115466341238,0.979757991640277,1.0,1.0
hjdb/hjdb_The_Grand_National_(DJ_SS_and_EQ_Remix)/track.npy,hjdb,1.0,1.0,1.0,1.0,0.9671171574469216,0.972538028925096,1.0,1.0
hjdb/hjdb_The_Way_(VIP_Mix)/track.npy,hjdb,0.984,0.9354838709677419,0.984,0.9354838709677419,0.9717362283617889,0.9630238724314029,0.9959839357429718,0.9836065573770492
hjdb/hjdb_Unfriendly/track.npy,hjdb,0.9019607843137255,0.9166666666666666,0.9019607843137255,0.9166666666666666,0.9249830914306159,0.9394699363469092,0.9411764705882353,0.9565217391304348
hjdb/hjdb_United/track.npy,hjdb,0.9944444444444445,1.0,0.9944444444444445,1.0,0.9774194952815233,0.9825767221069633,0.9972144846796658,1.0
hjdb/hjdb_United_(Grooverider_Remix)/track.npy,hjdb,1.0,1.0,1.0,1.0,0.9808445733260784,0.9729235191298492,1.0,1.0
hjdb/hjdb_Until_The_Night_Is_Morning/track.npy,hjdb,1.0,1.0,1.0,1.0,0.9782596687306456,0.9745458688369928,1.0,1.0
hjdb/hjdb_What_Kind_of_World/track.npy,hjdb,1.0,1.0,1.0,1.0,0.9786130536247545,0.9756556843249385,1.0,1.0
jaah/jaah_001-sarah_vaughan-all_alone/track.npy,jaah,0.9586206896551724,0.5555555555555556,0.9586206896551724,0.5555555555555556,0.9220730530851954,0.5956644776587678,0.9789473684210526,0.6013986013986014
jaah/jaah_009-sidney_bechets_blue_note_jazzmen-blue_horizon/track.npy,jaah,0.9857142857142858,0.41975308641975306,0.9857142857142858,0.41975308641975306,0.9067574315435519,0.654360615676456,0.9784172661870504,0.7019867549668874
jaah/jaah_021-the_clifford_brownmax_roach_quintet-daahoud/track.npy,jaah,0.7395944503735326,0.8978723404255319,0.7395944503735326,0.8978723404255319,0.7354639763451553,0.6793552612283804,0.8175026680896478,0.7619047619047619
jaah/jaah_034-thelonious_monk-evidence/track.npy,jaah,0.7626262626262627,0.8383838383838383,0.7626262626262627,0.8383838383838383,0.8827584241251415,0.8764501813086752,0.9143610013175231,0.9072164948453608
jaah/jaah_038-bix_beiderbecke_paul_whiteman_and_his_orchestra-from_monday_on/track.npy,jaah,0.7656012176560122,0.8536585365853658,0.7656012176560122,0.8536585365853658,0.8678584425513333,0.8679973987809189,0.9172690763052209,0.9131832797427651
jaah/jaah_040-stan_getz_joao_gilberto_antonio_carlos_jobim-the_girl_from_ipanema/track.npy,jaah,0.44250363901018924,0.9534883720930233,0.44250363901018924,0.9534883720930233,0.6918182724544272,0.8138759595721089,0.8375634517766497,0.988235294117647
jaah/jaah_045-billie_holiday-hes_funny_that_way/track.npy,jaah,1.0,1.0,1.0,1.0,0.9737753368064762,0.9815693922172879,1.0,1.0
jaah/jaah_053-louis_armstrong_his_orchestra-i_gotta_right_to_sing_the_blues/track.npy,jaah,0.9970674486803519,1.0,0.9970674486803519,1.0,0.8066922441760465,0.8046747864708047,0.9882697947214076,1.0
jaah/jaah_059-duke_ellington_and_his_famous_orchestra-koko/track.npy,jaah,0.9604938271604938,0.7079646017699115,0.9604938271604938,0.7079646017699115,0.7742793570678443,0.6197080248962007,0.9888751545117429,0.8411214953271028
jaah/jaah_064-dizzy_gillespie_and_his_orchestra-manteca/track.npy,jaah,0.8449612403100775,0.9083969465648855,0.8449612403100775,0.9083969465648855,0.7647622685222295,0.7136731213274087,0.9173228346456693,0.8615384615384616
jaah/jaah_076-charlie_parker-oh_lady_be_good_feat_jazz_at_the_philharmonic/track.npy,jaah,0.9906759906759907,0.7641509433962265,0.9906759906759907,0.7641509433962265,0.9460870263506915,0.7625330475483934,0.9953271028037383,0.8058252427184467
jaah/jaah_084-gene_krupa_and_his_orchestra-rockin_chair/track.npy,jaah,0.78125,0.75,0.78125,0.75,0.7140742266850895,0.6920582710074776,0.8669527896995708,0.8205128205128206
jaah/jaah_089-sonny_rollins-st_thomas/track.npy,jaah,0.7629221226740179,0.850828729281768,0.7629221226740179,0.850828729281768,0.7307044192825608,0.7306192560572484,0.9342960288808664,0.9344729344729344
jaah/jaah_103-the_gerry_mulligan_quartet_chet_baker-walkin_shoes/track.npy,jaah,0.9950372208436724,0.83,0.9950372208436724,0.83,0.8314616956416716,0.7284317563722142,0.9975124378109452,0.8717948717948718
rwc/rwc_classical_CD2_02/track.npy,rwc_classical,0.72,0.375,0.00608695652173913,0.020833333333333332,0.678915618124457,0.5131077775491744,0.59987929993965,0.5609756097560976
rwc/rwc_classical_CD3_04/track.npy,rwc_classical,0.8031914893617021,0.3978494623655914,0.8031914893617021,0.3978494623655914,0.642046350321971,0.45803013502821655,0.8371246587807097,0.6043956043956045
rwc/rwc_classical_CD4_05/track.npy,rwc_classical,0.9864864864864865,0.65,0.9864864864864865,0.65,0.8958170102495747,0.7541580131144974,0.9931972789115647,0.7894736842105262
rwc/rwc_classical_CD4_06/track.npy,rwc_classical,0.5862068965517241,0.09523809523809523,0.5862068965517241,0.04,0.7304412081117224,0.30113594543952976,0.8076923076923076,0.34188034188034183
rwc/rwc_classical_CD5_12/track.npy,rwc_classical,0.9655172413793104,0.9827586206896551,0.9655172413793104,0.9827586206896551,0.9291138903412133,0.9642665486549369,0.9709302325581395,0.9913043478260869
rwc/rwc_classical_CD6_04/track.npy,rwc_classical,0.8786008230452675,0.7154471544715447,0.8786008230452675,0.7154471544715447,0.6786630892539063,0.5945088236879702,0.8994818652849741,0.8024691358024691
rwc/rwc_classical_CD6_14/track.npy,rwc_classical,0.8014981273408239,0.7349397590361446,0.8014981273408239,0.7349397590361446,0.7430320651806496,0.6634356365209411,0.8910505836575875,0.8048780487804877
rwc/rwc_jazz_CD1_01/track.npy,rwc_jazz,0.22,0.192,0.22,0.192,0.2924290318869904,0.20617882102722046,0.3254817987152034,0.21105527638190955
rwc/rwc_jazz_CD1_05/track.npy,rwc_jazz,0.345679012345679,0.25925925925925924,0.345679012345679,0.25925925925925924,0.421202399618094,0.39555497784784033,0.5309090909090909,0.47457627118644075
rwc/rwc_jazz_CD2_05/track.npy,rwc_jazz,0.810958904109589,0.9344262295081968,0.810958904109589,0.9344262295081968,0.7608040161999028,0.7908581078078333,0.8704225352112677,0.9166666666666666
rwc/rwc_jazz_CD3_06/track.npy,rwc_jazz,0.7758284600389863,0.9956140350877193,0.0,0.0,0.705307257513841,0.7485807444181092,0.6108108108108108,0.6608187134502924
rwc/rwc_jazz_CD4_03/track.npy,rwc_jazz,0.4713896457765668,0.9347826086956522,0.34944237918215615,0.9347826086956522,0.6660335385963885,0.7844312754212441,0.794701986754967,0.9666666666666666
rwc/rwc_jazz_CD4_07/track.npy,rwc_jazz,0.9671875,0.9629629629629629,0.9671875,0.9629629629629629,0.9020415965888543,0.9051206102293942,0.9833992094861661,0.9781931464174456
rwc/rwc_jazz_CD4_14/track.npy,rwc_jazz,0.9424242424242424,0.7714285714285715,0.9424242424242424,0.7714285714285715,0.8840154118442544,0.7750664608707035,0.9629629629629629,0.8633093525179856
rwc/rwc_popular_CD1_05/track.npy,rwc_popular,0.9896907216494846,1.0,0.9896907216494846,1.0,0.9642959684765847,0.9613164042731788,0.9937888198757765,0.9917355371900827
rwc/rwc_popular_CD1_06/track.npy,rwc_popular,0.992462311557789,0.9705882352941176,0.992462311557789,0.9705882352941176,0.9634391989281605,0.9513493956248369,0.9962168978562421,0.9850746268656716
rwc/rwc_popular_CD1_12/track.npy,rwc_popular,0.7304147465437788,0.912621359223301,0.7304147465437788,0.912621359223301,0.8605071917998793,0.878546219284418,0.9249692496924969,0.9393939393939394
rwc/rwc_popular_CD1_14/track.npy,rwc_popular,0.9759036144578314,0.963855421686747,0.9759036144578314,0.963855421686747,0.9737289323139229,0.9746105069309192,0.9908814589665653,0.9878048780487805
rwc/rwc_popular_CD2_03/track.npy,rwc_popular,0.9967051070840197,0.9869281045751634,0.9967051070840197,0.9869281045751634,0.9825701703132514,0.9771700408324724,0.9983498349834983,0.993421052631579
rwc/rwc_popular_CD2_11/track.npy,rwc_popular,0.989010989010989,0.9936708860759493,0.989010989010989,0.9936708860759493,0.9707980768421324,0.9802444453998922,0.9936908517350158,0.9968253968253968
rwc/rwc_popular_CD3_02/track.npy,rwc_popular,0.6496598639455783,0.2543859649122807,0.6496598639455783,0.2543859649122807,0.8397356516190195,0.5185021259904682,0.8994413407821229,0.5625
rwc/rwc_popular_CD3_06/track.npy,rwc_popular,0.3719412724306688,0.4726027397260274,0.20717781402936378,0.04794520547945205,0.4284515787225106,0.06584262495062987,0.3775241439859526,0.07220216606498195
rwc/rwc_popular_CD3_08/track.npy,rwc_popular,0.997716894977169,0.9819819819819819,0.997716894977169,0.9819819819819819,0.9844660981181119,0.976707490779413,0.9988571428571429,0.9909090909090909
rwc/rwc_popular_CD3_09/track.npy,rwc_popular,0.80078125,0.59375,0.80078125,0.59375,0.9214364927607597,0.8390821647227732,0.9467213114754098,0.8607594936708861
rwc/rwc_popular_CD4_02/track.npy,rwc_popular,0.9942857142857143,0.5,0.0,0.045714285714285714,0.811142931274313,0.6546689873797275,0.664129400570885,0.6692015209125476
rwc/rwc_popular_CD6_02/track.npy,rwc_popular,0.997907949790795,0.9916666666666667,0.997907949790795,0.9916666666666667,0.8016262738810973,0.7931240347022758,0.9738219895287958,0.9539748953974896
rwc/rwc_royalty-free_CD1_02/track.npy,rwc_royalty-free,0.9061032863849765,0.8703703703703703,0.9061032863849765,0.8703703703703703,0.8160347771712685,0.8065891803728017,0.9596199524940617,0.9433962264150944
rwc/rwc_royalty-free_CD1_03/track.npy,rwc_royalty-free,0.9471153846153846,0.9807692307692307,0.9471153846153846,0.9807692307692307,0.793069037638106,0.8328130194837384,0.9491525423728813,0.9807692307692307
simac/simac_A_vida_me_fez_assim_12-Lavoura/track.npy,simac,0.9523809523809523,0.0,0.9523809523809523,0.0,0.9397327373346968,0.0,0.975609756097561,0.0
simac/simac_A_vida_me_fez_assim_15-Portela/track.npy,simac,0.96,0.0,0.96,0.0,0.8745726022898754,0.0,0.9795918367346939,0.0
simac/simac_Alfagamabetizado_08-O_Bode/track.npy,simac,0.896551724137931,0.0,0.896551724137931,0.0,0.7081729049449139,0.0,0.9090909090909091,0.0
simac/simac_Alfagamabetizado_09-Comunidade-Lobos/track.npy,simac,1.0,0.0,1.0,0.0,0.9636552279282806,0.0,1.0,0.0
simac/simac_Alfagamabetizado_12-Seo_Ze/track.npy,simac,0.9411764705882353,0.0,0.0,0.0,0.7796085741231538,0.0,0.6530612244897959,0.0
simac/simac_Amber_03-Silverside/track.npy,simac,0.9259259259259259,0.0,0.9259259259259259,0.0,0.8329636242584927,0.0,0.9433962264150944,0.0
simac/simac_As_Time_Goes_By_01-as_time_goes_by/track.npy,simac,0.875,0.0,0.875,0.0,0.7656605669498606,0.0,0.9333333333333333,0.0
simac/simac_As_Time_Goes_By_04-theres_a_small_hotel/track.npy,simac,0.96,0.0,0.96,0.0,0.858389003150406,0.0,0.96,0.0
simac/simac_Bach_The_Well-Tempered_Clavier_II_(Disc_1)_08-Prelude_and_Fugue_No._4_in_C-sharp_minor_BWV_873_-_2._Fuga/track.npy,simac,0.95,0.0,0.95,0.0,0.9373870334727311,0.0,0.9743589743589743,0.0
simac/simac_Bach_The_Well-Tempered_Clavier_II_(Disc_1)_09-Prelude_and_Fugue_No._5_in_D_major_BWV_874_-_1._Praeludium/track.npy,simac,0.9444444444444444,0.0,0.9444444444444444,0.0,0.9316912341117571,0.0,0.9714285714285714,0.0
simac/simac_Bach_The_Well-Tempered_Clavier_II_(Disc_1)_24-Prelude_and_Fugue_No._12_in_F_minor_BWV_881_-_2._Fuga/track.npy,simac,0.8484848484848485,0.0,0.8484848484848485,0.0,0.867450243765266,0.0,0.9206349206349207,0.0
simac/simac_Bach_The_Well-Tempered_Clavier_II_(Disc_2)_03-Prelude_and_Fugue_No._14_F-sharp_minor_BWV_883_-_1._Praeludium/track.npy,simac,0.95,0.0,0.95,0.0,0.931010944755364,0.0,0.9743589743589743,0.0
simac/simac_Bach_The_Well-Tempered_Clavier_II_(Disc_2)_12-Prelude_and_Fugue_No._18_G-sharp_minor_BWV_887_-_2._Fuga/track.npy,simac,0.2916666666666667,0.0,0.2916666666666667,0.0,0.6136739816449751,0.0,0.6341463414634146,0.0
simac/simac_Bach_The_Well-Tempered_Clavier_II_(Disc_2)_14-Prelude_and_Fugue_No._19_A_major_BWV_888_-_2._Fuga/track.npy,simac,0.8125,0.0,0.8125,0.0,0.8428719191874477,0.0,0.8813559322033898,0.0
simac/simac_Beethoven_The_String_Quartets_-_CD_3_02-II_Allegretto_vivace_e_sempre_scherzando/track.npy,simac,0.813953488372093,0.0,0.813953488372093,0.0,0.8050303499589084,0.0,0.9047619047619047,0.0
simac/simac_Beethoven_The_String_Quartets_-_CD_3_04-IV_Theme_russe-_Allegro/track.npy,simac,0.6129032258064516,0.0,0.6129032258064516,0.0,0.8321954656541426,0.0,0.8771929824561403,0.0
simac/simac_Bela_Bartok_03-The_Miraculous_Mandarin_3_2nd_Decoy_Game/track.npy,simac,0.25,0.0,0.25,0.0,0.3301195321435443,0.0,0.3125,0.0
simac/simac_Bernstein_conducts_Stravinsky_17-Scene_2-_Petrushka_s_room/track.npy,simac,0.85,0.0,0.85,0.0,0.6592519247760089,0.0,0.75,0.0
simac/simac_Bernstein_conducts_Stravinsky_20-Scene_4-_The_Shrovetie_fair_toward_evening_/track.npy,simac,0.18181818181818182,0.0,0.09090909090909091,0.0,0.22975319215110845,0.0,0.28571428571428575,0.0
simac/simac_Bernstein_conducts_Stravinsky_23-The_jovial_merchant_with_two_gypsy_girls/track.npy,simac,0.75,0.0,0.75,0.0,0.45634587493176415,0.0,0.6153846153846154,0.0
simac/simac_Billie_Holiday_CD1_01-Summertime/track.npy,simac,0.9259259259259259,0.0,0.9259259259259259,0.0,0.7675346849530212,0.0,0.923076923076923,0.0
simac/simac_Classic_Pergolesi_-_Stabat_Mater_02/track.npy,simac,0.09090909090909091,0.0,0.0,0.0,0.24518366531216115,0.0,0.3,0.0
simac/simac_Concert_01-Concerto_en_La_Majeur_pour_deux_Violons_A_Scordatura_et_basse_continue._Affetuoso/track.npy,simac,0.9,0.0,0.9,0.0,0.8059620130311298,0.0,0.9,0.0
simac/simac_Concert_11-3._Dolce/track.npy,simac,0.88,0.0,0.88,0.0,0.7679507163825438,0.0,0.8749999999999999,0.0
simac/simac_Ella_&_Louis_07-Taking_A_Chance_On_Love/track.npy,simac,0.7391304347826086,0.0,0.7391304347826086,0.0,0.653203347691582,0.0,0.7999999999999999,0.0
simac/simac_Ella_&_Louis_13-Holiday_In_Harlem/track.npy,simac,1.0,0.0,1.0,0.0,0.7088577171570007,0.0,0.9523809523809523,0.0
simac/simac_Ella_&_Louis_17-Three_Little_Words/track.npy,simac,0.4482758620689655,0.0,0.13793103448275862,0.0,0.44079655887644065,0.0,0.36000000000000004,0.0
simac/simac_Eres_luz_01-Eres_luz_(Rumba)/track.npy,simac,1.0,0.0,1.0,0.0,0.752992353262109,0.0,1.0,0.0
simac/simac_Eventail_07_Romanza_Del_Pescador/track.npy,simac,0.4,0.0,0.4,0.0,0.5815427820954435,0.0,0.7407407407407408,0.0
simac/simac_Eventail_09-Asturias/track.npy,simac,0.1111111111111111,0.0,0.1111111111111111,0.0,0.30066385241858407,0.0,0.37209302325581395,0.0
simac/simac_Fado_10-AudioTrack_10/track.npy,simac,0.92,0.0,0.92,0.0,0.865953697434144,0.0,0.9583333333333334,0.0
simac/simac_Fight_To_Win_02-Walk_on_the_right_side/track.npy,simac,0.2,0.0,0.2,0.0,0.25047201790048784,0.0,0.25641025641025644,0.0
simac/simac_Gold_-_Greatest_Hits_09-Money_Money_Money/track.npy,simac,0.9666666666666667,0.0,0.9666666666666667,0.0,0.8845768105179421,0.0,0.9666666666666667,0.0
simac/simac_Kocani_Orkester_03._Romski_Cocek/track.npy,simac,0.9117647058823529,0.0,0.9117647058823529,0.0,0.8311379419302763,0.0,0.9538461538461539,0.0
simac/simac_Ludwid_van_Beethoven_02-II._Adagio_ma_non_troppo_e_molto_cantabile_-_Andante_con_moto_-_Adagio_molto_espressivo/track.npy,simac,1.0,0.0,1.0,0.0,0.7748845939984719,0.0,1.0,0.0
simac/simac_Niandra_LaDes_and_Usually_Just_a_T-Shirt_14-Usually_Just_a_T-Shirt_Untitled_2/track.npy,simac,0.8636363636363636,0.0,0.8636363636363636,0.0,0.7723541251832788,0.0,0.8837209302325582,0.0
simac/simac_Niandra_LaDes_and_Usually_Just_a_T-Shirt_16-Usually_Just_a_T-Shirt_Untitled_4/track.npy,simac,0.8823529411764706,0.0,0.0,0.0,0.6796167754167395,0.0,0.5957446808510638,0.0
simac/simac_Papakonstantinou_07-AudioTrack_07/track.npy,simac,1.0,0.0,1.0,0.0,0.8987372137700081,0.0,1.0,0.0
simac/simac_Papakonstantinou_13-AudioTrack_13/track.npy,simac,0.88,0.0,0.0,0.0,0.5596896170232317,0.0,0.5405405405405406,0.0
simac/simac_Papakonstantinou_16-AudioTrack_16/track.npy,simac,0.9166666666666666,0.0,0.9166666666666666,0.0,0.7773852387132654,0.0,0.9130434782608695,0.0
simac/simac_Primer_Aliento_01-Sintonia_del_refugio_atomico/track.npy,simac,1.0,0.0,1.0,0.0,0.9791222917938885,0.0,1.0,0.0
simac/simac_Primer_Aliento_17-Selector_de_frecuencias/track.npy,simac,0.8604651162790697,0.0,0.0,0.0,0.7572710910301691,0.0,0.6129032258064516,0.0
simac/simac_R.A.F.I_01-Assassin/track.npy,simac,0.09090909090909091,0.0,0.0,0.0,0.08216939440237704,0.0,0.0,0.0
simac/simac_R.A.F.I_02-Change/track.npy,simac,0.9512195121951219,0.0,0.9512195121951219,0.0,0.8480502365662108,0.0,0.975609756097561,0.0
simac/simac_R.A.F.I_04-Buzzing/track.npy,simac,0.06818181818181818,0.0,0.0,0.0,0.06733126941508052,0.0,0.061538461538461535,0.0
simac/simac_R.A.F.I_09-Naxalite/track.npy,simac,1.0,0.0,1.0,0.0,0.9270964253061446,0.0,1.0,0.0
simac/simac_Santana_02-El_Corazon_Manada/track.npy,simac,0.8275862068965517,0.0,0.8275862068965517,0.0,0.8695251106727289,0.0,0.9285714285714286,0.0
simac/simac_So_Cartola_05-Fiz_por_Voce_o_que_Pude/track.npy,simac,0.9210526315789473,0.0,0.9210526315789473,0.0,0.8446528265376901,0.0,0.9459459459459458,0.0
simac/simac_So_Cartola_06-O_Inverno_do_Meu_Tempo/track.npy,simac,0.7435897435897436,0.0,0.7435897435897436,0.0,0.7058676044599475,0.0,0.8405797101449275,0.0
simac/simac_So_Cartola_07-Tive_Sim/track.npy,simac,0.68,0.0,0.0,0.0,0.31030123126019354,0.0,0.0,0.0
simac/simac_Songs_Adalberto_(Adalberto_Alvarez_y_su_son)_-_Pura_imagen/track.npy,simac,0.84,0.0,0.84,0.0,0.7309247782637012,0.0,0.9130434782608696,0.0
simac/simac_Songs_Caledonia_Blues_Band_-_Burning_Heart/track.npy,simac,0.8648648648648649,0.0,0.8648648648648649,0.0,0.754874282971111,0.0,0.927536231884058,0.0
simac/simac_Tales_Of_Mystery_And_Imagination_01-A_Dream_Within_A_Dream/track.npy,simac,0.9545454545454546,0.0,0.9545454545454546,0.0,0.8087357265073971,0.0,0.9767441860465117,0.0
simac/simac_Tales_Of_Mystery_And_Imagination_09-The_Fall_Of_The_House_Of_Usher_IV_Pavane/track.npy,simac,0.1,0.0,0.1,0.0,0.24301100027382416,0.0,0.2777777777777778,0.0
simac/simac_Tanto_Tempo_02-August_Day_Song/track.npy,simac,0.8620689655172413,0.0,0.8620689655172413,0.0,0.7407334711997318,0.0,0.888888888888889,0.0
simac/simac_The_Art_of_Spanish_Guitar_04-Sojo_Guaso/track.npy,simac,0.05263157894736842,0.0,0.05263157894736842,0.0,0.2695925157009626,0.0,0.3125,0.0
simac/simac_The_Crackdown_10-Diskono/track.npy,simac,1.0,0.0,1.0,0.0,0.9493047170589141,0.0,1.0,0.0
simac/simac_Xatzidakis_05-AudioTrack_05/track.npy,simac,0.5294117647058824,0.0,0.5294117647058824,0.0,0.5633026518797843,0.0,0.7586206896551724,0.0
simac/simac_Xatzidakis_08-AudioTrack_08/track.npy,simac,0.9166666666666666,0.0,0.9166666666666666,0.0,0.8167192751296588,0.0,0.9565217391304348,0.0
simac/simac_Xatzidakis_12-AudioTrack_12/track.npy,simac,0.9285714285714286,0.0,0.9285714285714286,0.0,0.8154698572666689,0.0,0.962962962962963,0.0
simac/simac_Xatzidakis_16-AudioTrack_16/track.npy,simac,0.08333333333333333,0.0,0.04,0.0,0.4083196044612421,0.0,0.5,0.0
simac/simac_Xatzidakis_19-AudioTrack_19/track.npy,simac,0.9333333333333333,0.0,0.9333333333333333,0.0,0.7812125408364754,0.0,0.9655172413793104,0.0
simac/simac_aire_04-La_Vida_Sale/track.npy,simac,0.9615384615384616,0.0,0.9615384615384616,0.0,0.8586457646674073,0.0,0.9803921568627451,0.0
simac/simac_blues_roots_wednesday_night_prayer_meeting/track.npy,simac,0.5454545454545454,0.0,0.5454545454545454,0.0,0.4689736152492828,0.0,0.5846153846153846,0.0
simac/simac_greek_Gkoles_-_S_ena_apokrimno_akrogiali/track.npy,simac,1.0,0.0,1.0,0.0,0.8935287617898657,0.0,1.0,0.0
simac/simac_more_greek_04_H_Stamoula/track.npy,simac,0.7647058823529411,0.0,0.0,0.0,0.6912213559551854,0.0,0.5909090909090909,0.0
simac/simac_more_greek_Giannakopoulou_-_O_kipos_empaine_sti_8alassa/track.npy,simac,1.0,0.0,1.0,0.0,0.9177440152528508,0.0,1.0,0.0
simac/simac_more_greek_Gkoles_-_Filenaditsa_mou/track.npy,simac,1.0,0.0,1.0,0.0,0.9230302359323984,0.0,1.0,0.0
simac/simac_more_greek_Ksylouris_-_Htane_mia_fora/track.npy,simac,0.8235294117647058,0.0,0.8235294117647058,0.0,0.6894950391396278,0.0,0.8125,0.0
simac/simac_more_greek_Ksylouris_-_Pote_8a_kanei_ksasteria/track.npy,simac,0.4666666666666667,0.0,0.041666666666666664,0.0,0.5505675393675799,0.0,0.6666666666666667,0.0
simac/simac_more_greek_Mosxoliou_-_Ta_deilina/track.npy,simac,1.0,0.0,1.0,0.0,0.6250859565283586,0.0,0.8461538461538461,0.0
simac/simac_more_greek_Mpellou_-_Peftoun_tis_vroxis_oi_stales/track.npy,simac,0.9411764705882353,0.0,0.9411764705882353,0.0,0.8709805930476605,0.0,0.9411764705882353,0.0
simac/simac_more_greek_Vamvakaris_-_Fragkosyriani/track.npy,simac,0.8636363636363636,0.0,0.8636363636363636,0.0,0.7835137313793133,0.0,0.9268292682926829,0.0
simac/simac_selected_ambient_works_8592_green_calx/track.npy,simac,0.8181818181818182,0.0,0.0,0.0,0.39464133090256565,0.0,0.0,0.0
smc/smc_028/track.npy,smc,0.6470588235294118,0.0,0.04838709677419355,0.0,0.448835888965398,0.0,0.5,0.0
smc/smc_061/track.npy,smc,0.6956521739130435,0.0,0.6956521739130435,0.0,0.549654766000809,0.0,0.7317073170731708,0.0
smc/smc_071/track.npy,smc,0.9787234042553191,0.0,0.9787234042553191,0.0,0.6772475268021722,0.0,0.9032258064516129,0.0
smc/smc_093/track.npy,smc,0.6052631578947368,0.0,0.6052631578947368,0.0,0.6629243417343696,0.0,0.7887323943661972,0.0
smc/smc_101/track.npy,smc,0.06666666666666667,0.0,0.01694915254237288,0.0,0.38421293848481936,0.0,0.48101265822784806,0.0
smc/smc_116/track.npy,smc,0.046511627906976744,0.0,0.023255813953488372,0.0,0.21485810052954935,0.0,0.2682926829268293,0.0
smc/smc_120/track.npy,smc,0.9814814814814815,0.0,0.9814814814814815,0.0,0.7495067622402886,0.0,0.9719626168224299,0.0
smc/smc_133/track.npy,smc,0.8837209302325582,0.0,0.8837209302325582,0.0,0.5155929745325037,0.0,0.765432098765432,0.0
smc/smc_152/track.npy,smc,0.0,0.0,0.0,0.0,0.4364955277557358,0.0,0.49230769230769234,0.0
smc/smc_154/track.npy,smc,0.19047619047619047,0.0,0.15625,0.0,0.29235740789980796,0.0,0.37735849056603776,0.0
smc/smc_158/track.npy,smc,0.07142857142857142,0.0,0.0,0.0,0.24722766599667778,0.0,0.27027027027027023,0.0
smc/smc_161/track.npy,smc,0.825,0.0,0.825,0.0,0.4544602232715139,0.0,0.6133333333333333,0.0
smc/smc_170/track.npy,smc,0.9333333333333333,0.0,0.9333333333333333,0.0,0.6816721354116949,0.0,0.8409090909090908,0.0
smc/smc_184/track.npy,smc,0.8823529411764706,0.0,0.8823529411764706,0.0,0.6149121096207911,0.0,0.8307692307692308,0.0
smc/smc_187/track.npy,smc,0.15789473684210525,0.0,0.15789473684210525,0.0,0.1995828294075374,0.0,0.20689655172413793,0.0
smc/smc_215/track.npy,smc,0.8235294117647058,0.0,0.8235294117647058,0.0,0.6752485607706142,0.0,0.8358208955223881,0.0
smc/smc_221/track.npy,smc,0.23333333333333334,0.0,0.23333333333333334,0.0,0.22732443764635343,0.0,0.3404255319148936,0.0
smc/smc_224/track.npy,smc,0.5405405405405406,0.0,0.5405405405405406,0.0,0.21763611900809768,0.0,0.37837837837837834,0.0
smc/smc_226/track.npy,smc,0.65625,0.0,0.65625,0.0,0.4509018545640078,0.0,0.6101694915254238,0.0
smc/smc_235/track.npy,smc,0.3888888888888889,0.0,0.3888888888888889,0.0,0.491711670929606,0.0,0.6031746031746033,0.0
smc/smc_239/track.npy,smc,0.35714285714285715,0.0,0.35714285714285715,0.0,0.266043564048583,0.0,0.4,0.0
smc/smc_249/track.npy,smc,0.8095238095238095,0.0,0.8095238095238095,0.0,0.6890049410190208,0.0,0.8205128205128205,0.0
smc/smc_265/track.npy,smc,0.14285714285714285,0.0,0.05952380952380952,0.0,0.38344215163458073,0.0,0.4915254237288136,0.0
smc/smc_278/track.npy,smc,1.0,0.0,1.0,0.0,0.8671228801731946,0.0,1.0,0.0
smc/smc_280/track.npy,smc,1.0,0.0,1.0,0.0,0.8955474191912698,0.0,1.0,0.0
smc/smc_284/track.npy,smc,1.0,0.0,1.0,0.0,0.9077348779535968,0.0,1.0,0.0
smc/smc_287/track.npy,smc,1.0,0.0,1.0,0.0,0.8311797883812471,0.0,1.0,0.0
tapcorrect/002_youtube_CvMfvuJsYmE/track.npy,tapcorrect,0.8330019880715706,0.046875,0.8330019880715706,0.0234375,0.9097417202381078,0.0890059297726091,0.9524793388429752,0.09448818897637795
tapcorrect/003_youtube_tXjqKzX28LI/track.npy,tapcorrect,0.9221411192214112,0.9615384615384616,0.9221411192214112,0.9615384615384616,0.875150617245894,0.8673895025030232,0.9741060419235512,0.9805825242718447
tapcorrect/022_youtube_Z4z0LjchwOo/track.npy,tapcorrect,0.7504950495049505,0.5371900826446281,0.7504950495049505,0.5371900826446281,0.8146156260979289,0.5929357090434252,0.8385093167701864,0.6075949367088607
tapcorrect/031_youtube_Y8R9ZPT2T-I/track.npy,tapcorrect,0.9888268156424581,0.9888888888888889,0.9888268156424581,0.9888888888888889,0.8684351019703374,0.8742740509294256,0.9818181818181818,0.9832402234636872
tapcorrect/034_youtube_F6Dw6ZFmM4c/track.npy,tapcorrect,0.8644939965694682,0.36220472440944884,0.06340579710144928,0.36220472440944884,0.7756079003010741,0.6669061227044562,0.6872037914691942,0.7288888888888888
tapcorrect/039_youtube_ph9NQ8ASmX4/track.npy,tapcorrect,0.6493506493506493,0.6354166666666666,0.6493506493506493,0.6354166666666666,0.8682707083586194,0.752710035554642,0.8873239436619719,0.7752808988764045
tapcorrect/054_youtube_UgL4N4Hf1dk/track.npy,tapcorrect,0.9954648526077098,0.990990990990991,0.9954648526077098,0.990990990990991,0.9783719671919036,0.9750142914921652,0.9977272727272727,0.9954751131221719
tapcorrect/061_youtube_KlujizeNNQM/track.npy,tapcorrect,1.0,0.9672131147540983,1.0,0.9672131147540983,0.9186052845572845,0.9162043603265463,1.0,0.9917355371900827
tapcorrect/065_youtube_u9Dg-g7t2l4/track.npy,tapcorrect,0.9069069069069069,0.5232558139534884,0.9069069069069069,0.5232558139534884,0.8755977407537421,0.6553528828650026,0.9272727272727272,0.6785714285714285
tapcorrect/077_youtube_g6FU3s6mbGI/track.npy,tapcorrect,0.7238421955403087,0.5241379310344828,0.14041745730550284,0.21367521367521367,0.7772515148648236,0.7299025263868197,0.713064713064713,0.7052631578947369
tapcorrect/087_youtube_ej93qIAlhXs/track.npy,tapcorrect,0.9968701095461658,1.0,0.9968701095461658,1.0,0.9741483267441008,0.9778718301092305,0.9984326018808777,1.0
tapcorrect/097_youtube_Nco69szMp0Y/track.npy,tapcorrect,0.9812332439678284,0.86,0.9812332439678284,0.86,0.909570125991044,0.8768187131547703,0.9811827956989247,0.9381443298969071
asap/Bach_Fugue_bwv_864_SunD01M/track.npy,asap,0.2450592885375494,0.08928571428571429,0.2450592885375494,0.03571428571428571,0.6235175688067567,0.292256011954341,0.6339066339066339,0.29629629629629634
asap/Bach_Fugue_bwv_891_Duepree06M/track.npy,asap,0.5272108843537415,0.061855670103092786,0.5272108843537415,0.05102040816326531,0.6501705360067072,0.2054292857301603,0.6640776699029126,0.19672131147540983
asap/Bach_Prelude_bwv_848_Denisova06M/track.npy,asap,0.006896551724137931,0.2708333333333333,0.0034482758620689655,0.010309278350515464,0.48478189004750677,0.5711301560561248,0.49740932642487046,0.453125
asap/Bach_Prelude_bwv_848_Lee01M/track.npy,asap,0.0136986301369863,0.2857142857142857,0.003424657534246575,0.030612244897959183,0.48568664782685345,0.5636047502681405,0.49871465295629824,0.5
asap/Bach_Prelude_bwv_848_LeeSH01M/track.npy,asap,0.9385665529010239,0.4264705882352941,0.9385665529010239,0.35714285714285715,0.9552742157687949,0.7906219624622542,0.9726027397260274,0.8072289156626505
asap/Bach_Prelude_bwv_848_Lin04M/track.npy,asap,0.02054794520547945,0.3673469387755102,0.010273972602739725,0.0,0.49009645658574946,0.5654325114022146,0.5076142131979696,0.4566929133858268
asap/Bach_Prelude_bwv_848_Lou01M/track.npy,asap,0.010309278350515464,0.3541666666666667,0.010309278350515464,0.010309278350515464,0.47637065280704616,0.5927508825156934,0.4909560723514212,0.48062015503875966
asap/Bach_Prelude_bwv_848_MiyashitaM01M/track.npy,asap,0.0136986301369863,0.8653846153846154,0.00684931506849315,0.02040816326530612,0.49519925672779197,0.72618404162263,0.5063938618925831,0.6133333333333333
asap/Bach_Prelude_bwv_848_Mizumoto03M/track.npy,asap,0.0136986301369863,0.40816326530612246,0.0136986301369863,0.01020408163265306,0.48678035704291867,0.63620304094409,0.49871465295629824,0.5151515151515151
asap/Bach_Prelude_bwv_848_SunY01M/track.npy,asap,0.013888888888888888,0.9215686274509803,0.010380622837370242,0.010309278350515464,0.4920580559297723,0.7833680460388137,0.5012787723785166,0.6486486486486487
asap/Bach_Prelude_bwv_848_Zhou01M/track.npy,asap,0.006896551724137931,0.8541666666666666,0.0034482758620689655,0.010309278350515464,0.47775040684516606,0.7785995133668093,0.48563968668407304,0.6338028169014084
asap/Bach_Prelude_bwv_860_Ko04M/track.npy,asap,0.7709923664122137,0.4666666666666667,0.7709923664122137,0.0,0.9105764226610177,0.6598984502744296,0.9317269076305221,0.5483870967741935
asap/Bach_Prelude_bwv_860_Nikiforov05M/track.npy,asap,0.4105263157894737,0.3617021276595745,0.3893129770992366,0.02127659574468085,0.7840998553860532,0.5874397588196647,0.8053097345132744,0.5
asap/Bach_Prelude_bwv_860_Tetzloff04M/track.npy,asap,0.631578947368421,0.5526315789473685,0.631578947368421,0.0,0.8318756836264033,0.49588965003052077,0.8685258964143426,0.43636363636363634
asap/Bach_Prelude_bwv_860_TuanS01M/track.npy,asap,0.3939393939393939,0.6666666666666666,0.3939393939393939,0.0,0.7450426359441479,0.6066412972022944,0.7763713080168777,0.5
asap/Bach_Prelude_bwv_860_YoungS01M/track.npy,asap,0.8656716417910447,0.4166666666666667,0.022900763358778626,0.4166666666666667,0.7638755990485366,0.7636444205872576,0.6767676767676767,0.7804878048780487
asap/Bach_Prelude_bwv_860_ZhangH04M/track.npy,asap,0.4772727272727273,0.9393939393939394,0.4772727272727273,0.0,0.8195151603044841,0.7722366270519703,0.8398268398268399,0.64
asap/Bach_Prelude_bwv_883_GuoE01M/track.npy,asap,0.5303643724696356,0.11538461538461539,0.2670157068062827,0.11538461538461539,0.7429467623413069,0.44446366959442163,0.7682539682539682,0.4680851063829788
asap/Bach_Prelude_bwv_883_LuM01M/track.npy,asap,0.4448979591836735,0.05128205128205128,0.3707865168539326,0.04878048780487805,0.7749612526014132,0.4055327433970361,0.8039867109634551,0.42500000000000004
asap/Bach_Prelude_bwv_885_Guo01M/track.npy,asap,0.9938271604938271,0.38461538461538464,0.0,0.029411764705882353,0.7743592231146375,0.5582962688561501,0.6584362139917695,0.5555555555555556
asap/Bach_Prelude_bwv_885_Huang04M/track.npy,asap,0.9695121951219512,0.1794871794871795,0.0,0.0,0.7763070853685914,0.36010953253252875,0.6612244897959184,0.34615384615384615
asap/Bach_Prelude_bwv_885_JeonH01M/track.npy,asap,0.9386503067484663,0.1794871794871795,0.025157232704402517,0.0,0.7322356990717883,0.3169401436446114,0.6721991701244813,0.32727272727272727
asap/Bach_Prelude_bwv_885_SINKEV06/track.npy,asap,0.7730061349693251,0.045454545454545456,0.00625,0.045454545454545456,0.06373800138730981,3.1820594220464363e-74,0.0743801652892562,0.0
asap/Beethoven_Piano_Sonatas_23-1_Duepree05M/track.npy,asap,0.6756496631376323,0.6072727272727273,0.6756496631376323,0.6072727272727273,0.762574534634085,0.7483343734819243,0.8152173913043478,0.7850467289719626
asap/Beethoven_Piano_Sonatas_23-1_Guo03M/track.npy,asap,0.7365945437441204,0.6105919003115264,0.7365945437441204,0.6105919003115264,0.7862544514793445,0.7584312923741985,0.8430066603235016,0.7986230636833047
asap/Beethoven_Piano_Sonatas_23-1_LiuC02M/track.npy,asap,0.6608863198458574,0.5953177257525084,0.6608863198458574,0.5953177257525084,0.7713568332374341,0.7432797313894851,0.8086999505684627,0.776386404293381
asap/Beethoven_Piano_Sonatas_23-1_Mizumoto06M/track.npy,asap,0.737247353224254,0.6215277777777778,0.737247353224254,0.6215277777777778,0.7771745722779914,0.7542891885089938,0.8365949119373777,0.7883211678832116
asap/Beethoven_Piano_Sonatas_23-1_Teo02M/track.npy,asap,0.7755298651252408,0.5185185185185185,0.7755298651252408,0.5185185185185185,0.8146962238171053,0.7356069800874567,0.8698167791706847,0.7876712328767124
asap/Beethoven_Piano_Sonatas_23-1_Yi02M/track.npy,asap,0.7459095283926853,0.49838187702265374,0.7459095283926853,0.49838187702265374,0.8027268838674217,0.7511852500303736,0.8600583090379009,0.7873462214411248
asap/Beethoven_Piano_Sonatas_26-2_HONG05M/track.npy,asap,0.6363636363636364,0.2222222222222222,0.04242424242424243,0.14814814814814814,0.5899072201193656,0.4502482299859214,0.5748987854251012,0.5263157894736843
asap/Beethoven_Piano_Sonatas_27-2_GiacomelliN05M/track.npy,asap,0.7843478260869565,0.25675675675675674,0.7843478260869565,0.15331010452961671,0.8444085029981921,0.5613287986878993,0.8772563176895306,0.5885057471264369
asap/Beethoven_Piano_Sonatas_7-4_Larionova04M/track.npy,asap,0.6993166287015945,0.4063926940639269,0.6993166287015945,0.19135802469135801,0.772238313186872,0.6085611941464846,0.7999999999999999,0.6029411764705882
asap/Beethoven_Piano_Sonatas_7-4_LeeS05M/track.npy,asap,0.6681715575620768,0.4474885844748858,0.6681715575620768,0.19428571428571428,0.7542361098907361,0.6004425700723279,0.7882219705549264,0.5964912280701754
asap/Beethoven_Piano_Sonatas_8-3_Na06M/track.npy,asap,0.7612293144208038,0.6116504854368932,0.7612293144208038,0.6116504854368932,0.8689159024913758,0.7950955120470066,0.8958083832335331,0.8150134048257373
asap/Chopin_Berceuse_op_57_LeungM07M/track.npy,asap,0.34545454545454546,0.42962962962962964,0.34545454545454546,0.3106796116504854,0.6766039147810438,0.7253101744093522,0.7191011235955057,0.7719298245614036
asap/Chopin_Berceuse_op_57_MiyashitaM06M/track.npy,asap,0.26609442060085836,0.4,0.26609442060085836,0.4,0.6128243772474082,0.6713570855684827,0.6810810810810811,0.7804878048780488
asap/Chopin_Berceuse_op_57_Tario07M/track.npy,asap,0.5506329113924051,0.611764705882353,0.5506329113924051,0.611764705882353,0.720478654460413,0.7910043413782161,0.7796610169491526,0.8441558441558441
asap/Chopin_Berceuse_op_57_Teo11M/track.npy,asap,0.06051873198847262,0.6715328467153284,0.020172910662824207,0.1652892561983471,0.3730177119642864,0.48647236648075953,0.48760330578512395,0.6736842105263158
asap/Chopin_Berceuse_op_57_ZhangE09M/track.npy,asap,0.36538461538461536,0.46715328467153283,0.36538461538461536,0.3173076923076923,0.6928282445568431,0.7147836645532928,0.7478260869565218,0.7745664739884394
asap/Chopin_Etudes_op_10_12_Bult-ItoS04M/track.npy,asap,0.47804878048780486,0.8160919540229885,0.16049382716049382,0.8160919540229885,0.6077195712400807,0.7867888754181982,0.5973534971644613,0.8452380952380952
asap/Chopin_Etudes_op_10_12_HuNY03M/track.npy,asap,0.4984520123839009,0.5217391304347826,0.4984520123839009,0.5217391304347826,0.6919186039486378,0.6986968323684888,0.7318611987381703,0.7398843930635839
asap/Chopin_Etudes_op_10_12_LuoJ08M/track.npy,asap,0.6439628482972136,0.7282608695652174,0.6439628482972136,0.7282608695652174,0.7876009391353939,0.7929418347344313,0.8233438485804417,0.8323699421965318
asap/Chopin_Etudes_op_10_12_WuuE06M/track.npy,asap,0.6253869969040248,0.43119266055045874,0.6253869969040248,0.43119266055045874,0.7856020557034932,0.681803941125364,0.8237232289950578,0.736842105263158
asap/Chopin_Etudes_op_10_12_ZhangYunling02M/track.npy,asap,0.6172839506172839,0.6896551724137931,0.6172839506172839,0.6896551724137931,0.7658023180225255,0.7390955004967504,0.8156606851549756,0.7857142857142857
asap/Chopin_Etudes_op_25_1_LeeN03M/track.npy,asap,0.08375209380234507,0.0,0.0,0.0,0.47184772215286996,0.38447289102044163,0.45663265306122447,0.37190082644628103
asap/Chopin_Etudes_op_25_1_TongB02M/track.npy,asap,0.15258215962441316,0.21379310344827587,0.11267605633802817,0.0,0.5026981576938852,0.3678680722541111,0.567699836867863,0.4270833333333334
asap/Chopin_Etudes_op_25_1_TuanS04M/track.npy,asap,0.10714285714285714,0.07947019867549669,0.10714285714285714,0.013245033112582781,0.5268373535543149,0.42239949708872715,0.5543307086614173,0.43434343434343436
asap/Chopin_Etudes_op_25_1_Wong03M/track.npy,asap,0.25213675213675213,0.12658227848101267,0.042735042735042736,0.0,0.5471766679416492,0.43576415608875685,0.5374045801526717,0.4195121951219512
asap/Debussy_Images_Book_1_1_Reflets_dans_lEau_Kleisen11M/track.npy,asap,0.32697547683923706,0.225,0.32697547683923706,0.225,0.5468607581919843,0.4979227376664865,0.5932721712538226,0.5377358490566038
asap/Debussy_Images_Book_1_1_Reflets_dans_lEau_ParkJH13M/track.npy,asap,0.2826086956521739,0.1912568306010929,0.2826086956521739,0.15753424657534246,0.5312538423519918,0.43942617578278537,0.5636623748211731,0.46218487394957986
asap/Haydn_Keyboard_Sonatas_46-1_WongWY02M/track.npy,asap,0.4547069271758437,0.6255707762557078,0.4547069271758437,0.0481283422459893,0.7556088421092136,0.5875130005323062,0.7828685258964144,0.5387205387205387
asap/Haydn_Keyboard_Sonatas_46-1_YuP03M/track.npy,asap,0.8458049886621315,0.4657534246575342,0.8458049886621315,0.12179487179487179,0.8393599246918911,0.5753873299148085,0.8724373576309796,0.5714285714285714
asap/Liszt_Transcendental_Etudes_3_Huang14M/track.npy,asap,0.5051546391752577,0.22340425531914893,0.5051546391752577,0.21052631578947367,0.6064029211115683,0.31146657763383534,0.638961038961039,0.3243243243243243
asap/Liszt_Transcendental_Etudes_5_Huang16M/track.npy,asap,0.6363636363636364,0.31543624161073824,0.0455531453362256,0.31543624161073824,0.6180184219791904,0.4655506594093452,0.5555555555555556,0.4946236559139785
asap/Liszt_Transcendental_Etudes_5_LiuY06M/track.npy,asap,0.7087378640776699,0.3424124513618677,0.0125,0.23369565217391305,0.6531588668525843,0.5802457707569095,0.5880758807588077,0.6134185303514376
asap/Liszt_Transcendental_Etudes_5_Min03M/track.npy,asap,0.5672514619883041,0.45517241379310347,0.07209302325581396,0.45517241379310347,0.6378648799518722,0.6106143491774922,0.6026200873362446,0.6642335766423358
asap/Liszt_Transcendental_Etudes_5_Park03M/track.npy,asap,0.566990291262136,0.19889502762430938,0.053061224489795916,0.19889502762430938,0.60636756742606,0.44932585050148355,0.5561497326203209,0.47741935483870973
asap/Liszt_Transcendental_Etudes_5_Wang06M/track.npy,asap,0.6640776699029126,0.3148148148148148,0.06531531531531531,0.3148148148148148,0.6661030013585413,0.528973798695794,0.6011396011396011,0.570446735395189
asap/Liszt_Transcendental_Etudes_5_WangY02M/track.npy,asap,0.5242718446601942,0.2922077922077922,0.046153846153846156,0.2922077922077922,0.5690974617874243,0.39318157455707514,0.5413744740532959,0.4381625441696113
asap/Schubert_Impromptu_op142_1_Kleisen10M/track.npy,asap,0.5482233502538071,0.425531914893617,0.5482233502538071,0.425531914893617,0.7804397097040205,0.6888919826246976,0.8271604938271604,0.7372400756143668
asap/Schubert_Impromptu_op142_1_Lisiecki10M/track.npy,asap,0.6953339432753889,0.6263345195729537,0.6953339432753889,0.6263345195729537,0.7715350885782256,0.7472113299058164,0.8145009416195857,0.7891891891891892
asap/Schubert_Impromptu_op142_1_Ozaki07M/track.npy,asap,0.6612576064908722,0.4734848484848485,0.6612576064908722,0.4734848484848485,0.8356018093385109,0.745585064038367,0.8678223185265439,0.7827788649706459
ballroom/ballroom_Albums-AnaBelen_Veneo-13/track.npy,ballroom,1.0,1.0,1.0,1.0,0.9555677038383191,0.9290449166506355,1.0,1.0
ballroom/ballroom_Albums-Ballroom_Classics4-02/track.npy,ballroom,1.0,1.0,1.0,1.0,0.857881669316383,0.8827230423812368,0.9444444444444444,1.0
ballroom/ballroom_Albums-Ballroom_Classics4-18/track.npy,ballroom,1.0,1.0,1.0,1.0,0.9586316102036248,0.9664200590705546,1.0,1.0
ballroom/ballroom_Albums-Ballroom_Magic-09/track.npy,ballroom,1.0,1.0,1.0,1.0,0.9372425185778841,0.9486237482295036,1.0,1.0
ballroom/ballroom_Albums-Ballroom_Magic-15/track.npy,ballroom,1.0,1.0,1.0,1.0,0.9547734497611263,0.9578181152188167,1.0,1.0
ballroom/ballroom_Albums-Cafe_Paradiso-03/track.npy,ballroom,1.0,1.0,1.0,1.0,0.9650501258216926,0.968216302905557,1.0,1.0
ballroom/ballroom_Albums-Chrisanne1-03/track.npy,ballroom,1.0,1.0,1.0,1.0,0.7577422278431828,0.8623072474729413,0.9705882352941176,1.0
ballroom/ballroom_Albums-Chrisanne1-07/track.npy,ballroom,1.0,1.0,1.0,1.0,0.9372189799838948,0.9380754171931458,1.0,1.0
ballroom/ballroom_Albums-Chrisanne1-08/track.npy,ballroom,0.972972972972973,1.0,0.972972972972973,1.0,0.8228974794832468,0.8172634996189001,0.979591836734694,0.96
ballroom/ballroom_Albums-Chrisanne1-12/track.npy,ballroom,0.963855421686747,1.0,0.963855421686747,1.0,0.8980194509059358,0.8736209489073711,0.963855421686747,0.9523809523809523
ballroom/ballroom_Albums-Chrisanne3-03/track.npy,ballroom,1.0,0.16666666666666666,1.0,0.16666666666666666,0.9162230692567298,0.38948502607390006,0.9722222222222222,0.4
ballroom/ballroom_Albums-Chrisanne3-13/track.npy,ballroom,0.9764705882352941,1.0,0.9764705882352941,1.0,0.9085108024681274,0.9001568929832663,0.9940828402366864,1.0
ballroom/ballroom_Albums-Fire-12/track.npy,ballroom,1.0,1.0,1.0,1.0,0.978881015525216,0.9839238565285505,1.0,1.0
ballroom/ballroom_Albums-I_Like_It2-02/track.npy,ballroom,0.9433962264150944,0.9230769230769231,0.9433962264150944,0.9230769230769231,0.9479893831323473,0.9368836631443664,0.970873786407767,0.9600000000000001
ballroom/ballroom_Albums-I_Like_It2-09/track.npy,ballroom,1.0,1.0,1.0,1.0,0.7858040409187054,0.7672936006256864,1.0,1.0
ballroom/ballroom_Albums-Latin_Jam2-02/track.npy,ballroom,1.0,1.0,1.0,1.0,0.9703997546175777,0.9622284863238294,1.0,1.0
ballroom/ballroom_Albums-Latin_Jam3-02/track.npy,ballroom,0.9807692307692307,0.18181818181818182,0.9807692307692307,0.15384615384615385,0.9674439821938895,0.24457296171690587,0.9902912621359222,0.24999999999999994
ballroom/ballroom_Albums-Latin_Jam3-09/track.npy,ballroom,1.0,1.0,1.0,1.0,0.9718246174126841,0.978271769397428,1.0,1.0
ballroom/ballroom_Albums-Latin_Jam4-02/track.npy,ballroom,1.0,1.0,1.0,1.0,0.9825635052794487,0.9783832194061042,1.0,1.0
ballroom/ballroom_Albums-Latino_Latino-04/track.npy,ballroom,0.422680412371134,0.13043478260869565,0.05970149253731343,0.13043478260869565,0.6048381125992028,0.1708103675818209,0.4482758620689655,0.1714285714285714
ballroom/ballroom_Albums-Macumba-06/track.npy,ballroom,1.0,1.0,1.0,1.0,0.9821551478152403,0.9881521147748437,1.0,1.0
ballroom/ballroom_Albums-Macumba-14/track.npy,ballroom,0.9861111111111112,0.5555555555555556,0.9861111111111112,0.5555555555555556,0.9724898513805826,0.6904890080129713,0.993006993006993,0.7058823529411765
ballroom/ballroom_Albums-Mambo_Kings-12/track.npy,ballroom,0.9183673469387755,0.9166666666666666,0.9183673469387755,0.9166666666666666,0.9591206305435588,0.9437193806749768,0.9791666666666666,0.9565217391304348
ballroom/ballroom_Albums-Pais_Tropical-03/track.npy,ballroom,1.0,1.0,1.0,1.0,0.9863388826930989,0.9906267828561685,1.0,1.0
ballroom/ballroom_Albums-Pais_Tropical-13/track.npy,ballroom,1.0,1.0,1.0,1.0,0.981050649591151,0.9843320977927621,1.0,1.0
ballroom/ballroom_Albums-Secret_Garden-06/track.npy,ballroom,0.9230769230769231,0.7692307692307693,0.9230769230769231,0.7692307692307693,0.8235959493578248,0.875863350477574,0.9736842105263158,0.9600000000000001
ballroom/ballroom_Albums-Step_By_Step-02/track.npy,ballroom,0.972972972972973,0.9166666666666666,0.972972972972973,0.9166666666666666,0.8979470322235348,0.8835669501040002,0.9863013698630138,0.9565217391304348
ballroom/ballroom_Albums-Step_By_Step-08/track.npy,ballroom,1.0,1.0,1.0,1.0,0.9554770970841829,0.9443100692653886,1.0,1.0
ballroom/ballroom_Albums-StrictlyDancing_Tango-06/track.npy,ballroom,0.98,0.9230769230769231,0.98,0.9230769230769231,0.8724304732393657,0.8574625824982399,0.98989898989899,0.9600000000000001
ballroom/ballroom_Albums-StrictlyDancing_Tango-11/track.npy,ballroom,1.0,1.0,1.0,1.0,0.9298464245366078,0.9387267224501067,1.0,1.0
ballroom/ballroom_Media-103302/track.npy,ballroom,1.0,1.0,1.0,1.0,0.9450302632828044,0.9171179365980552,1.0,1.0
ballroom/ballroom_Media-103304/track.npy,ballroom,1.0,1.0,1.0,1.0,0.9620584511283519,0.9347162805810523,1.0,1.0
ballroom/ballroom_Media-103305/track.npy,ballroom,1.0,1.0,1.0,1.0,0.9426322111281431,0.9555354766171624,1.0,1.0
ballroom/ballroom_Media-103307/track.npy,ballroom,1.0,1.0,1.0,1.0,0.9101273895487054,0.901476456378232,1.0,1.0
ballroom/ballroom_Media-103312/track.npy,ballroom,1.0,1.0,1.0,1.0,0.9659517611696707,0.9671491041436656,1.0,1.0
ballroom/ballroom_Media-103313/track.npy,ballroom,0.9883720930232558,0.38095238095238093,0.9883720930232558,0.38095238095238093,0.9486240069179002,0.6362629158983937,0.9941520467836257,0.6666666666666666
ballroom/ballroom_Media-103405/track.npy,ballroom,1.0,1.0,1.0,1.0,0.9736625992201233,0.9523463765676444,1.0,1.0
ballroom/ballroom_Media-103407/track.npy,ballroom,1.0,1.0,1.0,1.0,0.9851597077051389,0.9818499048319818,1.0,1.0
ballroom/ballroom_Media-103411/track.npy,ballroom,0.9803921568627451,1.0,0.9803921568627451,1.0,0.9744136680857084,0.9757263094582417,0.99009900990099,1.0
ballroom/ballroom_Media-103502/track.npy,ballroom,0.9761904761904762,0.9090909090909091,0.9761904761904762,0.9090909090909091,0.9393392485043683,0.8717046263556834,0.9879518072289156,0.9523809523809523
ballroom/ballroom_Media-103507/track.npy,ballroom,0.9615384615384616,0.9230769230769231,0.9615384615384616,0.9230769230769231,0.9544451370620171,0.9424156691359393,0.9803921568627451,0.9600000000000001
ballroom/ballroom_Media-103508/track.npy,ballroom,1.0,1.0,1.0,1.0,0.9558863967823206,0.9618206984382538,1.0,1.0
ballroom/ballroom_Media-103701/track.npy,ballroom,1.0,1.0,1.0,1.0,0.9853352449053608,0.9757736503676617,1.0,1.0
ballroom/ballroom_Media-103704/track.npy,ballroom,1.0,1.0,1.0,1.0,0.9760874864521147,0.9787780876192218,1.0,1.0
ballroom/ballroom_Media-103705/track.npy,ballroom,1.0,1.0,1.0,1.0,0.9581661261810247,0.9673214923407861,1.0,1.0
ballroom/ballroom_Media-103706/track.npy,ballroom,1.0,1.0,1.0,1.0,0.972179343754489,0.9567848925995579,1.0,1.0
ballroom/ballroom_Media-103710/track.npy,ballroom,0.975,1.0,0.975,1.0,0.9510190302661193,0.9875453087978858,0.9873417721518987,1.0
ballroom/ballroom_Media-103814/track.npy,ballroom,1.0,1.0,1.0,1.0,0.9707288363525981,0.9791011296299799,1.0,1.0
ballroom/ballroom_Media-103817/track.npy,ballroom,0.96875,1.0,0.96875,1.0,0.9309422893790719,0.9731192541854424,0.9841269841269841,1.0
ballroom/ballroom_Media-103917/track.npy,ballroom,0.9807692307692307,1.0,0.9807692307692307,1.0,0.9749407466454477,0.9876160262173678,0.9902912621359222,1.0
ballroom/ballroom_Media-104017/track.npy,ballroom,1.0,1.0,1.0,1.0,0.9793207398948912,0.9671871252336612,1.0,1.0
ballroom/ballroom_Media-104112/track.npy,ballroom,1.0,1.0,1.0,1.0,0.9291245792918764,0.9145869120737505,1.0,1.0
ballroom/ballroom_Media-104114/track.npy,ballroom,0.9761904761904762,1.0,0.9761904761904762,1.0,0.9339604447111322,0.9618113670453345,0.9879518072289156,1.0
ballroom/ballroom_Media-104118/track.npy,ballroom,0.9726027397260274,1.0,0.9726027397260274,1.0,0.9568428429832806,0.9690605139710718,0.9861111111111112,1.0
ballroom/ballroom_Media-104303/track.npy,ballroom,1.0,1.0,1.0,1.0,0.9125095902025395,0.8829366826439152,0.9722222222222222,0.9166666666666666
ballroom/ballroom_Media-104401/track.npy,ballroom,1.0,1.0,1.0,1.0,0.9695327005324736,0.9755398108682861,1.0,1.0
ballroom/ballroom_Media-104404/track.npy,ballroom,0.9821428571428571,1.0,0.9821428571428571,1.0,0.9177610889636835,0.9250434129834836,0.9909909909909909,1.0
ballroom/ballroom_Media-104416/track.npy,ballroom,0.9885057471264368,0.7391304347826086,0.9885057471264368,0.7391304347826086,0.9418348660243142,0.8385153843397278,0.9885057471264368,0.888888888888889
ballroom/ballroom_Media-104418/track.npy,ballroom,0.9772727272727273,1.0,0.9772727272727273,1.0,0.9676913037120907,0.9806388922671827,0.9885057471264368,1.0
ballroom/ballroom_Media-104701/track.npy,ballroom,1.0,1.0,1.0,1.0,0.9008013295661086,0.8886992857524422,0.9714285714285714,1.0
ballroom/ballroom_Media-104709/track.npy,ballroom,0.9814814814814815,0.9285714285714286,0.9814814814814815,0.9285714285714286,0.9187178977697779,0.8991759785648056,0.9906542056074767,0.962962962962963
ballroom/ballroom_Media-104710/track.npy,ballroom,0.5818181818181818,1.0,0.0,1.0,0.39249413015670787,2.5048167060793945e-05,0.0,0.0
ballroom/ballroom_Media-104712/track.npy,ballroom,0.9210526315789473,1.0,0.9210526315789473,1.0,0.7360093149268447,0.8216586330302502,0.9605263157894737,1.0
ballroom/ballroom_Media-104716/track.npy,ballroom,0.9764705882352941,0.9523809523809523,0.9764705882352941,0.9523809523809523,0.9642315948737674,0.9571702908884258,0.988095238095238,0.975609756097561
ballroom/ballroom_Media-104805/track.npy,ballroom,0.8717948717948718,0.9230769230769231,0.8717948717948718,0.9230769230769231,0.8316143701776278,0.8283791892366815,0.9210526315789475,0.8799999999999999
ballroom/ballroom_Media-104909/track.npy,ballroom,0.9866666666666667,1.0,0.9866666666666667,1.0,0.9403488288839232,0.9424468913947621,0.9932885906040269,1.0
ballroom/ballroom_Media-105007/track.npy,ballroom,0.9473684210526315,1.0,0.9473684210526315,1.0,0.65285966372622,0.6709879388649221,0.8378378378378377,0.8333333333333334
ballroom/ballroom_Media-105107/track.npy,ballroom,0.9814814814814815,1.0,0.9814814814814815,1.0,0.9037940122624643,0.9685984421480113,0.9719626168224299,1.0
ballroom/ballroom_Media-105108/track.npy,ballroom,0.9814814814814815,1.0,0.9814814814814815,1.0,0.9356797633192676,0.9331374917168477,0.9906542056074767,1.0
ballroom/ballroom_Media-105112/track.npy,ballroom,0.9733333333333334,1.0,0.9733333333333334,1.0,0.8868692333597102,0.9247323892708365,0.9932885906040269,1.0
ballroom/ballroom_Media-105320/track.npy,ballroom,0.9772727272727273,0.9545454545454546,0.9772727272727273,0.9545454545454546,0.9701883183892495,0.9506846093631957,0.9885057471264368,0.9767441860465117
ballroom/ballroom_Media-105501/track.npy,ballroom,1.0,1.0,1.0,1.0,0.8746436524377353,0.8563968081071344,1.0,1.0
ballroom/ballroom_Media-105605/track.npy,ballroom,0.9807692307692307,1.0,0.9807692307692307,1.0,0.9726250668344171,0.9832934026968144,0.9902912621359222,1.0
ballroom/ballroom_Media-105608/track.npy,ballroom,1.0,1.0,1.0,1.0,0.9465495995189501,0.9201441903649406,1.0,1.0
ballroom/ballroom_Media-105612/track.npy,ballroom,0.9772727272727273,1.0,0.9772727272727273,1.0,0.8869570166410153,0.9177436060495677,0.9885057471264368,1.0
ballroom/ballroom_Media-105613/track.npy,ballroom,0.9772727272727273,0.9090909090909091,0.9772727272727273,0.9090909090909091,0.9637512794339012,0.9333532209906704,0.9885057471264368,0.9523809523809523
ballroom/ballroom_Media-105702/track.npy,ballroom,0.9736842105263158,1.0,0.9736842105263158,1.0,0.8702654587271447,0.8508106501964064,0.9866666666666666,1.0
ballroom/ballroom_Media-105705/track.npy,ballroom,0.9636363636363636,1.0,0.9636363636363636,1.0,0.8943474717829907,0.9283992516430685,0.9814814814814815,1.0
ballroom/ballroom_Media-105810/track.npy,ballroom,0.9863013698630136,0.96,0.9863013698630136,0.96,0.9612672336448004,0.9610397004542521,0.993103448275862,0.9795918367346939
ballroom/ballroom_Media-106003/track.npy,ballroom,0.9772727272727273,0.5384615384615384,0.9772727272727273,0.5384615384615384,0.9634928696521537,0.8255006984498525,0.9885057471264368,0.8333333333333333
ballroom/ballroom_Media-106006/track.npy,ballroom,0.9629629629629629,0.9285714285714286,0.9629629629629629,0.9285714285714286,0.961675614532342,0.9402814594326118,0.9811320754716981,0.962962962962963
ballroom/ballroom_Media-106010/track.npy,ballroom,0.95,0.8,0.95,0.8,0.9446369774115942,0.889286704783812,0.9743589743589743,0.9
ballroom/ballroom_Media-106102/track.npy,ballroom,0.9811320754716981,1.0,0.9811320754716981,1.0,0.9722070151909339,0.9656306937526957,0.9904761904761905,1.0
ballroom/ballroom_Media-106106/track.npy,ballroom,1.0,0.9090909090909091,1.0,0.9090909090909091,0.9863546782445676,0.9375681740442087,1.0,0.9523809523809523
ballroom/ballroom_Media-106111/track.npy,ballroom,0.9545454545454546,0.9090909090909091,0.9545454545454546,0.9090909090909091,0.9266511059319739,0.9066806385472965,0.9767441860465117,0.9523809523809523
beatles/beatles_01_Please_Please_Me_05_Boys/track.npy,beatles,0.9939024390243902,0.8505747126436781,0.9939024390243902,0.8505747126436781,0.9308339311355796,0.8573605945070009,0.9969418960244648,0.9230769230769231
beatles/beatles_01_Please_Please_Me_09_P_S_I_Love_You/track.npy,beatles,0.9770992366412213,0.9848484848484849,0.9770992366412213,0.9848484848484849,0.9288227891791606,0.9335700021555086,0.9923076923076923,0.9923664122137404
beatles/beatles_02_With_the_Beatles_06_Till_There_Was_You/track.npy,beatles,0.9920948616600791,1.0,0.9920948616600791,1.0,0.8913996835612154,0.9183221218633609,0.9960474308300395,1.0
beatles/beatles_02_With_the_Beatles_14_Money/track.npy,beatles,0.9941176470588236,0.8352941176470589,0.9941176470588236,0.8352941176470589,0.9446593165799645,0.8711031614364837,0.995581737849779,0.9166666666666667
beatles/beatles_03_A_Hard_Days_Night_07_Cant_Buy_Me_Love/track.npy,beatles,0.9771428571428571,0.9545454545454546,0.9771428571428571,0.9545454545454546,0.8960456132044157,0.8897980263892585,0.9928263988522237,0.9885057471264368
beatles/beatles_04_Beatles_for_Sale_02_Im_a_Loser/track.npy,beatles,0.6047058823529412,0.6261682242990654,0.22647058823529412,0.16470588235294117,0.5486555537226304,0.5337579720680802,0.7450271247739602,0.6906474820143885
beatles/beatles_04_Beatles_for_Sale_10_Honey_Dont/track.npy,beatles,0.9804347826086957,0.8956521739130435,0.9804347826086957,0.8956521739130435,0.5851963640455123,0.5337540968380494,0.9956331877729258,0.968609865470852
beatles/beatles_05_Help_08_Act_Naturally/track.npy,beatles,0.9954128440366973,0.9636363636363636,0.9954128440366973,0.9636363636363636,0.9492568383266136,0.9381335020684554,0.9977011494252873,0.9908256880733944
beatles/beatles_05_Help_09_Its_Only_Love/track.npy,beatles,0.9950248756218906,1.0,0.9950248756218906,1.0,0.9105153507294494,0.9112355894113605,0.9975062344139651,1.0
beatles/beatles_06_Rubber_Soul_08_What_Goes_On/track.npy,beatles,0.4297752808988764,0.6456692913385826,0.4297752808988764,0.6456692913385826,0.7976419463469722,0.8667975499213378,0.8295081967213115,0.8965517241379312
beatles/beatles_06_Rubber_Soul_14_Run_For_Your_Life/track.npy,beatles,0.9948586118251928,1.0,0.0,0.0,0.7781330596785841,0.7854735636803345,0.6655231560891938,0.6712328767123288
beatles/beatles_07_Revolver_02_Eleanor_Rigby/track.npy,beatles,0.8298611111111112,0.7733333333333333,0.8298611111111112,0.7733333333333333,0.7758164152626832,0.7514593143004911,0.924731182795699,0.881118881118881
beatles/beatles_08_Sgt_Peppers_Lonely_Hearts_Club_Band_03_Lucy_In_The_Sky_With_Diamonds/track.npy,beatles,0.6649484536082474,0.6239316239316239,0.6649484536082474,0.6239316239316239,0.7547416694139393,0.7618564002128035,0.831275720164609,0.8773584905660378
beatles/beatles_08_Sgt_Peppers_Lonely_Hearts_Club_Band_04_Getting_Better/track.npy,beatles,0.9969512195121951,0.9878048780487805,0.9969512195121951,0.9878048780487805,0.929885950006543,0.9265615064643565,0.9969512195121951,0.9938650306748467
beatles/beatles_09_Magical_Mystery_Tour_01_Magical_Mystery_Tour/track.npy,beatles,0.6452830188679245,0.5652173913043478,0.6452830188679245,0.5652173913043478,0.7601906690350445,0.7547502636478334,0.8725868725868726,0.8484848484848485
beatles/beatles_10_CD1_The_Beatles_01_Back_in_the_USSR/track.npy,beatles,0.9830028328611898,0.9662921348314607,0.9830028328611898,0.9662921348314607,0.9633035453407736,0.9442759738964297,0.9914772727272727,0.9775280898876404
beatles/beatles_10_CD1_The_Beatles_02_Dear_Prudence/track.npy,beatles,0.7774390243902439,0.3617021276595745,0.7774390243902439,0.3617021276595745,0.829237300367413,0.6637721985663979,0.9238249594813613,0.6946107784431137
beatles/beatles_10_CD2_The_Beatles_08_Revolution_1/track.npy,beatles,0.9734939759036144,0.6851851851851852,0.9734939759036144,0.6851851851851852,0.9315592952497532,0.7460218148962288,0.9854368932038835,0.794392523364486
beatles/beatles_10_CD2_The_Beatles_10_Savoy_Truffle/track.npy,beatles,0.9912280701754386,0.9764705882352941,0.9912280701754386,0.9764705882352941,0.933654784705854,0.9309388439554203,0.9912023460410556,0.9764705882352941
beatles/beatles_11_Abbey_Road_02_Something/track.npy,beatles,1.0,1.0,1.0,1.0,0.9428142913895831,0.9523741408888823,0.9947089947089947,1.0
beatles/beatles_11_Abbey_Road_03_Maxwells_Silver_Hammer/track.npy,beatles,0.7208237986270023,0.8256880733944955,0.7208237986270023,0.8256880733944955,0.8529651313508879,0.8802810163340558,0.9249692496924969,0.9519230769230769
beatles/beatles_12_Let_It_Be_01_Two_of_Us/track.npy,beatles,0.975609756097561,0.4019607843137255,0.975609756097561,0.08021390374331551,0.9236624008785163,0.6112902206191225,0.9877216916780355,0.6505190311418685
beatles/beatles_12_Let_It_Be_05_Dig_It/track.npy,beatles,0.8584070796460177,0.868421052631579,0.8584070796460177,0.868421052631579,0.8873716073439196,0.8900340807177776,0.9238095238095239,0.9295774647887324
candombe/csic.1995_ansina2_04/track.npy,candombe,1.0,1.0,1.0,1.0,0.9570804249078797,0.9624991364872801,1.0,1.0
candombe/proyecto.1992_gimenez_02/track.npy,candombe,0.9464566929133859,1.0,0.9464566929133859,1.0,0.7080524058581187,0.6808227913245485,0.9086614173228347,0.8930817610062893
candombe/zavala.muniz.2014_48/track.npy,candombe,0.9969230769230769,1.0,0.9969230769230769,1.0,0.9734893734339212,0.9753220489634468,0.9984591679506933,1.0
candombe/zavala.muniz.2014_53/track.npy,candombe,0.9953271028037384,1.0,0.9953271028037384,1.0,0.9620602266580744,0.9572994112162092,0.9976635514018691,0.9906542056074766
filosax/filosax_08/track.npy,filosax,0.9979757085020243,0.828996282527881,0.9979757085020243,0.828996282527881,0.9419359338935931,0.8899763118515891,0.9989868287740628,0.9514563106796117
filosax/filosax_15/track.npy,filosax,0.9941715237302248,0.9966777408637874,0.9941715237302248,0.9966777408637874,0.9291573323392764,0.9198638178707509,0.997917534360683,0.9983361064891847
filosax/filosax_21/track.npy,filosax,0.995702005730659,0.9314285714285714,0.995702005730659,0.9314285714285714,0.9161716528864059,0.8821393478782633,0.9964157706093189,0.9651162790697676
filosax/filosax_29/track.npy,filosax,0.9973776223776224,0.993006993006993,0.9973776223776224,0.993006993006993,0.9566350191957937,0.946639788642547,0.9991258741258742,0.9965034965034965
filosax/filosax_39/track.npy,filosax,0.9851909586905689,0.9968847352024922,0.9851909586905689,0.9968847352024922,0.9431097004716359,0.9301667564786629,0.9960967993754879,0.9984399375975038
filosax/filosax_43/track.npy,filosax,0.9902386117136659,0.9870689655172413,0.9902386117136659,0.9870689655172413,0.9154253649637879,0.902858735933846,0.9945593035908596,0.9934924078091106
groove_midi/drummer1_eval_session_5_funk-groove5_84_beat_4-4/track.npy,groove_midi,0.9824561403508771,1.0,0.9824561403508771,1.0,0.9244999066467388,0.9360119914991704,0.9911504424778761,1.0
groove_midi/drummer1_session1_102_funk_95_beat_4-4/track.npy,groove_midi,0.6504297994269341,0.8505747126436781,0.6504297994269341,0.8505747126436781,0.6269503153992733,0.6335973864786913,0.6743185078909613,0.6860465116279069
groove_midi/drummer1_session1_126_funk-fast_125_beat_4-4/track.npy,groove_midi,0.9821428571428571,0.9857142857142858,0.9821428571428571,0.9857142857142858,0.9385233434225119,0.9456388029318246,0.989247311827957,0.9928057553956835
groove_midi/drummer1_session1_81_dance-breakbeat_170_beat_4-4/track.npy,groove_midi,0.9724137931034482,1.0,0.9724137931034482,1.0,0.9429878596453833,0.9454537641936158,0.9930555555555556,1.0
groove_midi/drummer1_session2_10_country_114_beat_4-4/track.npy,groove_midi,0.6906854130052724,0.425531914893617,0.18049792531120332,0.40594059405940597,0.7811077163137745,0.7882472847558166,0.7405475880052151,0.8255813953488372
groove_midi/drummer1_session2_142_gospel_120_beat_4-4/track.npy,groove_midi,0.9888888888888889,1.0,0.9888888888888889,1.0,0.9270267896066949,0.9381959468380889,0.9944134078212291,1.0
groove_midi/drummer1_session2_1_latin-chacarera_157_beat_3-4/track.npy,groove_midi,0.0,0.13709677419354838,0.0,0.0,0.3713405604106435,0.30281901021677016,0.4,0.030769230769230767
groove_midi/drummer1_session3_10_rock-folk_90_beat_4-4/track.npy,groove_midi,0.5494367959949937,0.5193798449612403,0.27929373996789725,0.5193798449612403,0.7201578846267916,0.7388023328331622,0.774193548387097,0.8471615720524017
groove_midi/drummer1_session3_8_rock_135_beat_4-4/track.npy,groove_midi,0.9824561403508771,0.9333333333333333,0.9824561403508771,0.9333333333333333,0.9571272824050852,0.9097970982161517,0.9911504424778761,0.9655172413793104
groove_midi/drummer1_session3_9_rock_135_beat_4-4/track.npy,groove_midi,0.9954022988505747,0.9174311926605505,0.9954022988505747,0.9174311926605505,0.9512824483126868,0.9051551123061905,0.9976958525345622,0.9541284403669725
groove_midi/drummer3_session1_3_rock_105_beat_4-4/track.npy,groove_midi,0.9523809523809523,1.0,0.9523809523809523,1.0,0.8697988997558436,0.882584473441517,0.975609756097561,1.0
groove_midi/drummer3_session1_7_rock_105_beat_4-4/track.npy,groove_midi,0.9807692307692307,0.9230769230769231,0.9807692307692307,0.9230769230769231,0.7905329559960461,0.7757863931441858,0.9902912621359222,0.9600000000000001
groove_midi/drummer3_session2_16_rock_100_beat_4-4/track.npy,groove_midi,1.0,1.0,1.0,1.0,0.9530345655875424,0.9630056863137455,1.0,1.0
groove_midi/drummer4_session1_4_latin-brazilian_92_beat_4-4/track.npy,groove_midi,0.9473684210526315,0.8666666666666667,0.0,0.0,0.6177156736595741,0.6107302766585196,0.6588235294117647,0.6363636363636364
groove_midi/drummer5_eval_session_7_pop-groove7_138_beat_4-4/track.npy,groove_midi,1.0,0.0,1.0,0.0,0.96136662565964,5.010849455055297e-25,1.0,0.0
groove_midi/drummer5_session1_11_latin-brazilian-sambareggae_96_beat_4-4/track.npy,groove_midi,0.9962121212121212,1.0,0.9962121212121212,1.0,0.9271101321294983,0.9186948293456415,0.9943074003795065,0.9848484848484849
groove_midi/drummer5_session1_6_latin-brazilian-maracatu_96_beat_4-4/track.npy,groove_midi,0.726790450928382,0.4594594594594595,0.726790450928382,0.4594594594594595,0.730249916195107,0.5888829983389968,0.9173789173789174,0.7357512953367876
groove_midi/drummer5_session1_8_latin-venezuelan-merengue_162_beat_5-8/track.npy,groove_midi,0.5835240274599542,0.022988505747126436,0.016018306636155607,0.0,0.6379349933659406,0.1326355624527469,0.6066878980891719,0.11814345991561181
groove_midi/drummer5_session2_17_latin-brazilian-samba_110_beat_4-4/track.npy,groove_midi,1.0,0.559322033898305,1.0,0.559322033898305,0.910825556809186,0.6038528676310486,0.9915254237288136,0.6363636363636364
groove_midi/drummer5_session2_22_latin-brazilian-frevo_133_beat_4-4/track.npy,groove_midi,0.9512987012987013,1.0,0.9512987012987013,1.0,0.9253819225248274,0.9362892107908757,0.9738562091503268,0.987012987012987
groove_midi/drummer5_session2_2_latin-brazilian_101_beat_4-4/track.npy,groove_midi,1.0,0.92,1.0,0.92,0.9234709098554884,0.9013213913882056,1.0,0.9795918367346939
groove_midi/drummer5_session2_7_neworleans-secondline_124_beat_4-4/track.npy,groove_midi,0.9945945945945946,0.6086956521739131,0.9945945945945946,0.6086956521739131,0.9175272775815113,0.7954574730698154,0.997289972899729,0.8641975308641976
groove_midi/drummer6_session3_3_rock_100_beat_4-4/track.npy,groove_midi,1.0,0.8433734939759037,1.0,0.8433734939759037,0.7701384167236972,0.6500379817416806,0.9849397590361446,0.8313253012048193
groove_midi/drummer6_session3_4_rock_127_beat_4-4/track.npy,groove_midi,0.9823008849557522,0.40963855421686746,0.9823008849557522,0.03571428571428571,0.8400073375449396,0.34400520721149574,0.9881656804733727,0.1506849315068493
groove_midi/drummer6_session3_5_rock_180_beat_4-4/track.npy,groove_midi,0.9714964370546318,0.9439252336448598,0.9714964370546318,0.0,0.902234259183415,0.4582637420630198,0.992822966507177,0.018779342723004692
groove_midi/drummer6_session3_7_rock_88_beat_4-4/track.npy,groove_midi,0.9942528735632183,0.7272727272727273,0.9942528735632183,0.7272727272727273,0.8423717618937023,0.6665326152316925,0.9971181556195965,0.7727272727272727
groove_midi/drummer7_session1_39_hiphop_100_beat_4-4/track.npy,groove_midi,1.0,0.0,1.0,0.0,0.9045933013734901,4.019367793596008e-46,0.967741935483871,0.0
groove_midi/drummer7_session2_36_rock_75_fill_4-4/track.npy,groove_midi,1.0,1.0,1.0,1.0,0.947778457208606,0.9436185823336842,1.0,1.0
groove_midi/drummer7_session2_63_soul-motown_148_beat_4-4/track.npy,groove_midi,0.7115384615384616,0.5,0.23076923076923078,0.5,0.3512745008303091,0.06369825646398045,0.23076923076923078,0.1935483870967742
groove_midi/drummer7_session2_6_rock_120_beat_4-4/track.npy,groove_midi,0.9753086419753086,1.0,0.9753086419753086,1.0,0.8853431368960406,0.8993210721954558,0.9875,1.0
groove_midi/drummer7_session3_106_hiphop_70_beat_4-4/track.npy,groove_midi,1.0,1.0,1.0,1.0,0.8713556818216378,0.8240032328555142,0.9661016949152542,0.9333333333333333
groove_midi/drummer7_session3_119_rock_95_beat_4-4/track.npy,groove_midi,1.0,1.0,1.0,1.0,0.9520978025296597,0.9806843617767144,1.0,1.0
groove_midi/drummer7_session3_23_pop-soft_83_beat_4-4/track.npy,groove_midi,1.0,1.0,1.0,1.0,0.9315596141281443,0.8989511795464395,1.0,1.0
groove_midi/drummer7_session3_39_rock-indie_63_beat_4-4/track.npy,groove_midi,1.0,1.0,1.0,1.0,0.8011616140206015,0.824423681416926,0.9866666666666668,0.972972972972973
groove_midi/drummer7_session3_49_funk_112_beat_4-4/track.npy,groove_midi,0.9814814814814815,1.0,0.9814814814814815,1.0,0.940858766567841,0.9520272162720401,0.9906542056074767,1.0
groove_midi/drummer8_session1_11_neworleans-funk_82_beat_4-4/track.npy,groove_midi,0.47477744807121663,0.5,0.357429718875502,0.5,0.7141831205262179,0.7564332214704035,0.8086124401913876,0.8571428571428571
groove_midi/drummer8_session1_25_funk-latin_100_beat_4-4/track.npy,groove_midi,0.9950248756218906,1.0,0.9950248756218906,1.0,0.9486301072118218,0.9425747727268415,0.9975062344139651,1.0
groove_midi/drummer8_session1_3_hiphop_90_beat_4-4/track.npy,groove_midi,1.0,1.0,1.0,1.0,0.931645009255355,0.9610377378717001,1.0,1.0
groove_midi/drummer9_session1_19_rock_120_beat_4-4/track.npy,groove_midi,0.9696969696969697,1.0,0.9696969696969697,1.0,0.9266136514764394,0.9398011116993333,0.9846153846153847,1.0
groove_midi/drummer9_session1_26_rock_90_beat_4-4/track.npy,groove_midi,1.0,0.8461538461538461,1.0,0.8461538461538461,0.895666274163833,0.8684827404958536,1.0,0.9600000000000001
groove_midi/drummer9_session1_5_rock_100_beat_4-4/track.npy,groove_midi,0.9910714285714286,0.9642857142857143,0.9910714285714286,0.9642857142857143,0.8983383601383446,0.8888492726980862,0.9955156950672646,0.9818181818181818
groove_midi/drummer9_session1_7_rock_100_beat_4-4/track.npy,groove_midi,0.9393939393939394,0.5,0.9393939393939394,0.5,0.9209036036605861,0.5204816996222761,0.96875,0.5333333333333333
guitarset/00_BN1-147-Gb_comp_mix/track.npy,guitarset,1.0,1.0,1.0,1.0,0.9217494707536075,0.9466947712695479,1.0,1.0
guitarset/00_Jazz2-110-Bb_comp_mix/track.npy,guitarset,0.9818181818181818,0.9285714285714286,0.9818181818181818,0.9285714285714286,0.9001951194467108,0.8897916184616054,0.9908256880733944,0.962962962962963
guitarset/00_Rock2-142-D_comp_mix/track.npy,guitarset,1.0,1.0,1.0,1.0,0.8997029761530455,0.8728668821096536,1.0,1.0
guitarset/01_Funk1-97-C_comp_mix/track.npy,guitarset,0.975,0.9,0.975,0.9,0.947974377853224,0.9182675842270456,0.9873417721518987,0.9473684210526316
guitarset/01_Rock3-117-Bb_comp_mix/track.npy,guitarset,0.9818181818181818,0.9285714285714286,0.9818181818181818,0.9285714285714286,0.9607145864592654,0.9239856237327092,0.9908256880733944,0.962962962962963
guitarset/02_Funk3-98-A_comp_mix/track.npy,guitarset,1.0,1.0,1.0,1.0,0.9564185933060704,0.9266290964556567,1.0,1.0
guitarset/02_Jazz2-110-Bb_comp_mix/track.npy,guitarset,0.9818181818181818,0.9285714285714286,0.9818181818181818,0.9285714285714286,0.8572772687781524,0.8775931580757219,0.9908256880733944,0.962962962962963
guitarset/02_SS2-88-F_comp_mix/track.npy,guitarset,1.0,1.0,1.0,1.0,0.7570236540261435,0.7647267337358763,1.0,1.0
guitarset/03_BN2-131-B_comp_mix/track.npy,guitarset,1.0,1.0,1.0,1.0,0.9608588326164983,0.9632863688362646,1.0,1.0
guitarset/03_Funk2-119-G_comp_mix/track.npy,guitarset,1.0,1.0,1.0,1.0,0.9225409242724659,0.9430533891801864,1.0,1.0
guitarset/03_Jazz1-130-D_comp_mix/track.npy,guitarset,1.0,0.5555555555555556,1.0,0.5555555555555556,0.8490334849761227,0.5659249685271556,1.0,0.5882352941176471
guitarset/03_Jazz1-200-B_comp_mix/track.npy,guitarset,0.75,0.0,0.75,0.0,0.7464527984974708,0.3277319538543929,0.9253731343283582,0.375
guitarset/03_Jazz3-137-Eb_comp_mix/track.npy,guitarset,0.7407407407407407,0.9285714285714286,0.7407407407407407,0.9285714285714286,0.644349467915569,0.6925197529351429,0.8113207547169811,0.8148148148148148
guitarset/03_SS2-107-Ab_comp_mix/track.npy,guitarset,0.9821428571428571,0.9285714285714286,0.9821428571428571,0.9285714285714286,0.9562542541600813,0.9098416528842203,0.9909909909909909,0.962962962962963
guitarset/04_BN1-147-Gb_comp_mix/track.npy,guitarset,1.0,1.0,1.0,1.0,0.953492863598384,0.9692499415814925,1.0,1.0
guitarset/04_Funk2-119-G_comp_mix/track.npy,guitarset,0.9818181818181818,0.9285714285714286,0.9818181818181818,0.9285714285714286,0.9524982896339306,0.9258424519855255,0.9908256880733944,0.962962962962963
guitarset/04_Funk3-112-C#_comp_mix/track.npy,guitarset,1.0,1.0,1.0,1.0,0.9509979652404305,0.9609264109646957,1.0,1.0
guitarset/04_SS3-98-C_comp_mix/track.npy,guitarset,0.9821428571428571,0.9285714285714286,0.9821428571428571,0.9285714285714286,0.9010235411563134,0.8867358155168913,0.9909909909909909,0.962962962962963
guitarset/05_BN1-147-Gb_comp_mix/track.npy,guitarset,0.9722222222222222,1.0,0.9722222222222222,1.0,0.9530236958510765,0.9807144992987349,0.9859154929577464,1.0
guitarset/05_Funk1-97-C_comp_mix/track.npy,guitarset,0.717948717948718,0.2857142857142857,0.717948717948718,0.2222222222222222,0.669865897523172,0.45134635386598787,0.7733333333333334,0.5
guitarset/05_Rock2-142-D_comp_mix/track.npy,guitarset,1.0,1.0,1.0,1.0,0.9792949929398023,0.9845905356709217,1.0,1.0
guitarset/05_SS3-98-C_comp_mix/track.npy,guitarset,0.9642857142857143,1.0,0.9642857142857143,1.0,0.8753303886960626,0.87764180297242,0.9909909909909909,1.0
hainsworth/hainsworth_003/track.npy,hainsworth,0.7288135593220338,0.05,0.7288135593220338,0.0,0.7213876744861697,0.12238894014497778,0.8193832599118943,0.12
hainsworth/hainsworth_009/track.npy,hainsworth,0.9916666666666667,1.0,0.9916666666666667,1.0,0.9088227726256045,0.9097905773707502,0.99581589958159,1.0
hainsworth/hainsworth_012/track.npy,hainsworth,0.8023255813953488,0.08333333333333333,0.8023255813953488,0.05,0.8643825334991477,0.24789147042459547,0.8982035928143713,0.25
hainsworth/hainsworth_017/track.npy,hainsworth,1.0,1.0,1.0,1.0,0.9655397748152508,0.9636890468125834,1.0,1.0
hainsworth/hainsworth_023/track.npy,hainsworth,1.0,1.0,1.0,1.0,0.9809156462410891,0.9834489096311498,1.0,1.0
hainsworth/hainsworth_055/track.npy,hainsworth,0.8815165876777251,0.7115384615384616,0.8815165876777251,0.7115384615384616,0.9429308160766428,0.8126998496253414,0.9682151589242053,0.8431372549019608
hainsworth/hainsworth_057/track.npy,hainsworth,0.8705882352941177,0.55,0.8705882352941177,0.55,0.8057141517977601,0.5258567240083198,0.8982035928143712,0.6
hainsworth/hainsworth_059/track.npy,hainsworth,0.8223350253807107,0.9142857142857143,0.0748663101604278,0.9142857142857143,0.7438918508853569,0.8307571291897977,0.6853146853146853,0.9411764705882354
hainsworth/hainsworth_082/track.npy,hainsworth,1.0,1.0,1.0,1.0,0.9689638839041294,0.9705890812363752,1.0,1.0
hainsworth/hainsworth_083/track.npy,hainsworth,1.0,1.0,1.0,1.0,0.7031911204310428,0.7155791936440656,1.0,1.0
hainsworth/hainsworth_085/track.npy,hainsworth,1.0,1.0,1.0,1.0,0.9286549609767382,0.9097930362417824,1.0,1.0
hainsworth/hainsworth_093/track.npy,hainsworth,1.0,0.3333333333333333,1.0,0.3333333333333333,0.9663065428456956,0.6308375764985512,1.0,0.5526315789473685
hainsworth/hainsworth_111/track.npy,hainsworth,0.9365079365079365,0.9183673469387755,0.0,0.0,0.7696731495082914,0.7694830919447957,0.652482269503546,0.6388888888888888
hainsworth/hainsworth_129/track.npy,hainsworth,0.7341772151898734,0.6842105263157895,0.7341772151898734,0.6842105263157895,0.686953587857876,0.6913588255480265,0.8322147651006712,0.7567567567567567
hainsworth/hainsworth_132/track.npy,hainsworth,0.8043478260869565,0.0,0.8043478260869565,0.0,0.6786430973919418,0.18969766533703764,0.8409090909090908,0.18181818181818182
hainsworth/hainsworth_135/track.npy,hainsworth,0.8805970149253731,0.5625,0.8805970149253731,0.5625,0.6019909149333806,0.741702095789418,0.7969924812030075,0.8571428571428571
hainsworth/hainsworth_145/track.npy,hainsworth,0.989010989010989,0.4782608695652174,0.0,0.0,0.7825843388366063,0.4910393386801379,0.6569343065693432,0.3428571428571428
hainsworth/hainsworth_149/track.npy,hainsworth,0.9894736842105263,1.0,0.9894736842105263,1.0,0.9662926206956743,0.9712464818845922,0.9947089947089947,1.0
hainsworth/hainsworth_155/track.npy,hainsworth,1.0,0.5909090909090909,1.0,0.5909090909090909,0.9835785024122838,0.6683759078412955,1.0,0.6818181818181818
hainsworth/hainsworth_166/track.npy,hainsworth,0.6,0.5,0.25,0.5,0.8154116091209214,0.8409567916988114,0.7741935483870968,0.8571428571428571
hainsworth/hainsworth_171/track.npy,hainsworth,1.0,1.0,1.0,1.0,0.9769905808123205,0.9665740182998391,1.0,1.0
hainsworth/hainsworth_190/track.npy,hainsworth,0.9607843137254902,0.9868421052631579,0.0,0.0,0.6810629075238832,0.6746289621061652,0.6550218340611353,0.6666666666666666
hainsworth/hainsworth_198/track.npy,hainsworth,1.0,0.8333333333333334,1.0,0.8333333333333334,0.913036339091123,0.8360638718846447,1.0,0.9166666666666666
hainsworth/hainsworth_201/track.npy,hainsworth,1.0,0.7083333333333334,1.0,0.7083333333333334,0.9366615927279712,0.868939126500538,1.0,0.9090909090909091
hainsworth/hainsworth_211/track.npy,hainsworth,0.9886363636363636,0.43478260869565216,0.9886363636363636,0.43478260869565216,0.8945783735333118,0.4476502247205322,0.9886363636363636,0.4888888888888889
hainsworth/hainsworth_214/track.npy,hainsworth,1.0,1.0,1.0,1.0,0.9799009569834567,0.9655145068387949,1.0,1.0
hainsworth/hainsworth_220/track.npy,hainsworth,0.8478260869565217,0.55,0.8478260869565217,0.55,0.5780888220893647,0.543360601907828,0.8275862068965518,0.75
harmonix/0003_6foot7foot/track.npy,harmonix,1.0,0.9607843137254902,1.0,0.9607843137254902,0.9397204343389703,0.9193837625340965,1.0,0.99009900990099
harmonix/0017_badromance/track.npy,harmonix,1.0,1.0,1.0,1.0,0.9409335363939347,0.9419096531410358,1.0,1.0
harmonix/0026_blackandyellow/track.npy,harmonix,0.986013986013986,0.9861111111111112,0.986013986013986,0.9861111111111112,0.9665578208546967,0.9762922623454401,0.9929577464788732,0.993006993006993
harmonix/0027_blackened/track.npy,harmonix,0.6260543580131209,0.5271966527196653,0.6260543580131209,0.5271966527196653,0.6331498875692084,0.5671204160746345,0.7007575757575758,0.62882096069869
harmonix/0044_cameraeye/track.npy,harmonix,0.7796934865900383,0.6721763085399449,0.7796934865900383,0.6721763085399449,0.8801374975215174,0.7971794909763397,0.9077391010476512,0.8170212765957447
harmonix/0065_deadandbloated/track.npy,harmonix,0.9901800327332242,0.5338345864661654,0.0,0.04838709677419355,0.7383538565262374,0.5423982053648121,0.6622950819672132,0.544502617801047
harmonix/0071_dirtypool/track.npy,harmonix,0.9804741980474198,0.6388888888888888,0.9804741980474198,0.20502092050209206,0.9527240513583348,0.7841736328765865,0.9887482419127989,0.741514360313316
harmonix/0085_electricboogie/track.npy,harmonix,0.9976470588235294,0.9906542056074766,0.9976470588235294,0.9906542056074766,0.9720977772517596,0.9672675901518145,0.9988221436984689,0.9953051643192489
harmonix/0095_firework/track.npy,harmonix,1.0,1.0,1.0,1.0,0.7795494252232157,0.783650380346308,0.9969418960244648,0.9878048780487805
harmonix/0104_getbusy/track.npy,harmonix,0.9961240310077519,0.9846153846153847,0.9961240310077519,0.9846153846153847,0.7844788677126409,0.7694322660921781,0.9941747572815534,0.9767441860465116
harmonix/0108_getup/track.npy,harmonix,0.8368794326241135,0.9716312056737588,0.8368794326241135,0.9716312056737588,0.8519493986155262,0.8378673655019906,0.875,0.8785714285714286
harmonix/0116_goodies/track.npy,harmonix,0.994579945799458,1.0,0.994579945799458,1.0,0.9601412698393361,0.9778844262526283,0.9972826086956521,1.0
harmonix/0119_gunpowderandlead/track.npy,harmonix,0.9520295202952029,0.9242424242424242,0.9520295202952029,0.9242424242424242,0.875140603695893,0.8485689858495266,0.9591078066914497,0.9242424242424242
harmonix/0124_hello/track.npy,harmonix,0.9912536443148688,0.9883720930232558,0.9912536443148688,0.9883720930232558,0.9250487899401377,0.922646425262755,0.9956076134699853,0.9941520467836257
harmonix/0125_hellogoodmorning/track.npy,harmonix,0.9892857142857143,1.0,0.9892857142857143,1.0,0.9116597562057761,0.9400317405826002,0.998211091234347,1.0
harmonix/0140_impacto/track.npy,harmonix,1.0,1.0,1.0,1.0,0.9764018176547954,0.9702217188678818,1.0,1.0
harmonix/0151_kingofdancehall/track.npy,harmonix,0.9090909090909091,0.9318181818181818,0.9090909090909091,0.9318181818181818,0.8774943753713891,0.8633339410798637,0.9173789173789174,0.9069767441860465
harmonix/0184_myprerogative/track.npy,harmonix,1.0,1.0,1.0,1.0,0.8825539146346307,0.8761604894982865,1.0,1.0
harmonix/0185_nasty/track.npy,harmonix,1.0,1.0,1.0,1.0,0.9740208226941235,0.9744005940434113,1.0,1.0
harmonix/0194_nomoretears/track.npy,harmonix,0.91701244813278,0.827027027027027,0.91701244813278,0.827027027027027,0.8952264790427716,0.8263705310679857,0.9511854951185496,0.8815426997245179
harmonix/0226_rendezvu/track.npy,harmonix,1.0,1.0,1.0,1.0,0.9180927701749333,0.9171749658880681,1.0,1.0
harmonix/0229_ridingonthewind/track.npy,harmonix,0.8623853211009175,0.9259259259259259,0.8623853211009175,0.9259259259259259,0.7590083936691525,0.7197989435934083,0.8786764705882354,0.8421052631578948
harmonix/0233_rocknrollnightmare/track.npy,harmonix,0.9958677685950413,0.7903225806451613,0.9958677685950413,0.7903225806451613,0.9376595512605842,0.805563441784123,0.9979338842975206,0.8760330578512397
harmonix/0243_saucyjack/track.npy,harmonix,0.9707602339181286,0.574468085106383,0.9707602339181286,0.574468085106383,0.9459851530860167,0.7120585445800168,0.9853372434017595,0.7380952380952381
harmonix/0247_scream/track.npy,harmonix,1.0,1.0,1.0,1.0,0.9554982215487676,0.9529855030530561,1.0,1.0
harmonix/0259_spiceupyourlife/track.npy,harmonix,0.9651162790697675,0.9651162790697675,0.9651162790697675,0.9651162790697675,0.9500871162574787,0.9514168274128726,0.9822485207100593,0.9822485207100593
harmonix/0262_stash/track.npy,harmonix,0.7527777777777778,0.3791469194312796,0.7527777777777778,0.3791469194312796,0.7975992407220113,0.670180848181885,0.9092240117130308,0.7513513513513514
harmonix/0289_thisisexile/track.npy,harmonix,0.47304347826086957,0.6554621848739496,0.47304347826086957,0.6554621848739496,0.5305586366302487,0.5174875372883122,0.7247796278158669,0.6952789699570816
harmonix/0291_thrasher/track.npy,harmonix,0.4473324213406293,0.6142131979695431,0.4473324213406293,0.6142131979695431,0.615047836107159,0.5298341242315286,0.6553755522827688,0.6028169014084507
harmonix/0299_turnthebeataround/track.npy,harmonix,0.9976958525345622,0.9908256880733946,0.9976958525345622,0.9908256880733946,0.977695370531954,0.9742085226208764,0.9988465974625144,0.9953917050691244
harmonix/0301_unclejohnsband/track.npy,harmonix,0.8357487922705314,0.73125,0.8357487922705314,0.73125,0.7619371276514283,0.6694380939199038,0.9490392648287385,0.8410596026490065
harmonix/0320_wolflikeme/track.npy,harmonix,0.6773006134969325,0.6403940886699507,0.08819133034379671,0.18823529411764706,0.7137785580555764,0.7313835841275088,0.6852367688022285,0.7205882352941178
harmonix/0321_wonderwall/track.npy,harmonix,0.9744318181818182,0.8666666666666667,0.9744318181818182,0.8666666666666667,0.8858184350306751,0.8269172605287193,0.9900142653352354,0.9213483146067416
harmonix/0324_yeah3x/track.npy,harmonix,1.0,0.8780487804878049,1.0,0.8780487804878049,0.9274246210136429,0.8635206730542139,1.0,0.9316770186335404
harmonix/0327_youmakemefeel/track.npy,harmonix,0.9933333333333333,0.9649122807017544,0.9933333333333333,0.9649122807017544,0.9444333561873348,0.9351015076204446,0.9977728285077951,0.9823008849557523
harmonix/0346_birthdaydress/track.npy,harmonix,0.9889196675900277,1.0,0.9889196675900277,1.0,0.880443035198276,0.8798840296088949,0.9972222222222222,1.0
harmonix/0359_cominghome/track.npy,harmonix,0.8343023255813954,0.8255813953488372,0.8343023255813954,0.8255813953488372,0.9083750241428559,0.9117469740200687,0.9559939301972685,0.9575757575757576
harmonix/0364_deuces/track.npy,harmonix,0.987987987987988,0.9879518072289156,0.987987987987988,0.9879518072289156,0.9687878144485708,0.9660802081038419,0.9939577039274925,0.993939393939394
harmonix/0366_domino/track.npy,harmonix,0.8966244725738397,0.8389830508474576,0.8966244725738397,0.8389830508474576,0.8970788430639193,0.7662519542509268,0.9098621420996819,0.7777777777777778
harmonix/0381_everythingyouwant/track.npy,harmonix,0.9408740359897172,0.9072164948453608,0.9408740359897172,0.9072164948453608,0.8011511491843931,0.7861050966293253,0.9682539682539681,0.9417989417989417
harmonix/0388_gangnamstyle/track.npy,harmonix,0.991304347826087,0.9741379310344828,0.991304347826087,0.9741379310344828,0.9435275872823523,0.9403903709507652,0.9956427015250545,0.9870129870129869
harmonix/0390_getyourselfbackhome/track.npy,harmonix,0.9892008639308856,0.9913793103448276,0.9892008639308856,0.9913793103448276,0.9367847702507446,0.9399815219268968,0.99457111834962,0.9956709956709957
harmonix/0394_godgavemetoyou/track.npy,harmonix,0.9892086330935251,0.9857142857142858,0.9892086330935251,0.9857142857142858,0.8556762412925383,0.8736371579806735,0.9945750452079565,0.9928057553956835
harmonix/0396_goodfeeling/track.npy,harmonix,0.98828125,0.9922480620155039,0.98828125,0.9922480620155039,0.9697268227816872,0.9744637582055293,0.9941291585127201,0.9961089494163424
harmonix/0417_imtoosexy/track.npy,harmonix,1.0,1.0,1.0,1.0,0.9820611967587285,0.9834555354109182,1.0,1.0
harmonix/0423_iwannago/track.npy,harmonix,0.9931972789115646,0.972972972972973,0.9931972789115646,0.972972972972973,0.9748775031638923,0.9682937400573458,0.9977272727272727,0.9909090909090909
harmonix/0430_lastfridaynight/track.npy,harmonix,0.9914163090128756,0.9914529914529915,0.9914163090128756,0.9914529914529915,0.9790720889067528,0.9816239028944165,0.9956896551724138,0.9957081545064378
harmonix/0436_loveactually/track.npy,harmonix,0.9827213822894169,0.9827586206896551,0.9827213822894169,0.9827586206896551,0.9077762458439285,0.9061140786445767,0.991285403050109,0.9913043478260869
harmonix/0438_loverlover/track.npy,harmonix,0.9943342776203966,0.6067415730337079,0.9943342776203966,0.6067415730337079,0.9325382745950163,0.6165689590459308,0.9971590909090908,0.6440677966101696
harmonix/0440_loveyoulikealovesong/track.npy,harmonix,0.9914285714285714,1.0,0.9914285714285714,1.0,0.9420053992399104,0.9434014378995881,0.9956958393113342,1.0
harmonix/0452_myfirstkiss/track.npy,harmonix,0.9976798143851509,1.0,0.9976798143851509,1.0,0.5507158667424868,0.5406375444801809,0.9976798143851509,1.0
harmonix/0464_oneofus/track.npy,harmonix,0.9889196675900277,0.9888888888888889,0.9889196675900277,0.9888888888888889,0.9595028263304306,0.963248246753822,0.9944289693593314,0.9944134078212291
harmonix/0478_prayforyou/track.npy,harmonix,0.9935897435897436,0.717948717948718,0.9935897435897436,0.717948717948718,0.86137343833102,0.6502109463229676,0.9967845659163987,0.7532467532467534
harmonix/0486_rundatback/track.npy,harmonix,0.9912663755458515,0.9396551724137931,0.9912663755458515,0.9396551724137931,0.9807724668767956,0.9597628116422652,0.9956140350877193,0.9739130434782608
harmonix/0505_takeitoff/track.npy,harmonix,1.0,1.0,1.0,1.0,0.9869625127829377,0.9887782399000593,1.0,1.0
harmonix/0506_takemehometonight/track.npy,harmonix,0.8914027149321267,0.8558558558558559,0.8914027149321267,0.8558558558558559,0.9055194120507903,0.8823200639786054,0.9620253164556962,0.9537037037037037
harmonix/0509_thelazysong/track.npy,harmonix,0.9962406015037594,1.0,0.9962406015037594,1.0,0.860585548371802,0.8795325551025672,0.9962406015037594,1.0
harmonix/0510_theonethatgotaway/track.npy,harmonix,0.9958592132505176,1.0,0.9958592132505176,1.0,0.7346074213801869,0.7384798166232611,0.9968911917098446,1.0
harmonix/0512_theshowgoeson/track.npy,harmonix,0.9633699633699634,0.9295774647887324,0.0,0.022222222222222223,0.7970584124158779,0.7982591239853043,0.6567901234567901,0.6699029126213593
harmonix/0517_tilltheworldends/track.npy,harmonix,0.9979959919839679,1.0,0.9979959919839679,1.0,0.9626996015026822,0.9621694613497371,0.9989969909729188,1.0
harmonix/0525_venus/track.npy,harmonix,0.9977064220183486,1.0,0.9977064220183486,1.0,0.9824963674191887,0.9855199061496615,0.9988518943742823,1.0
harmonix/0526_waitingoutsidethelines/track.npy,harmonix,0.8035714285714286,0.7887323943661971,0.8035714285714286,0.7887323943661971,0.8967394337630172,0.9063689945319274,0.9265536723163841,0.9253731343283582
harmonix/0527_wantuback/track.npy,harmonix,0.9008746355685131,0.5454545454545454,0.9008746355685131,0.2159090909090909,0.9212733893819183,0.4668494723421517,0.9361069836552749,0.2923976608187135
harmonix/0535_withoutyou/track.npy,harmonix,0.9836829836829837,0.9814814814814815,0.9836829836829837,0.9814814814814815,0.9353934435480723,0.935710705300389,0.9917743830787309,0.9906542056074767
harmonix/0542_yougetwhatyougive/track.npy,harmonix,1.0,1.0,1.0,1.0,0.9690524233860258,0.9683660626133243,1.0,1.0
harmonix/0543_yougonnafly/track.npy,harmonix,0.9965277777777778,0.547945205479452,0.9965277777777778,0.547945205479452,0.978999563153218,0.5959031678542794,0.9982608695652174,0.5655172413793104
harmonix/0555_allaroundme/track.npy,harmonix,0.9955947136563876,0.9827586206896551,0.0,0.0,0.7866281360155504,0.7784734853867601,0.6656848306332842,0.6666666666666666
harmonix/0559_alltherightmoves/track.npy,harmonix,0.99644128113879,0.9571428571428572,0.0,0.014285714285714285,0.7981618513039916,0.7766264765457418,0.6658739595719382,0.6602870813397129
harmonix/0561_alorsondanse/track.npy,harmonix,0.9951573849878934,1.0,0.9951573849878934,1.0,0.8802814666404242,0.9021543845067557,0.9975786924939467,1.0
harmonix/0611_catchingfeelings/track.npy,harmonix,0.9761194029850746,0.9880952380952381,0.9761194029850746,0.9880952380952381,0.9665072816149455,0.9767382487912155,0.9879518072289157,0.9940119760479043
harmonix/0617_citylights/track.npy,harmonix,1.0,0.9047619047619048,1.0,0.9047619047619048,0.955542457783172,0.9233194961598035,1.0,0.9696969696969696
harmonix/0618_clocks/track.npy,harmonix,0.6230366492146597,0.8846153846153846,0.6230366492146597,0.8846153846153846,0.7201282505847161,0.6493640338053003,0.7575480329368709,0.6846153846153846
harmonix/0619_closer/track.npy,harmonix,0.9531914893617022,0.9830508474576272,0.9531914893617022,0.9830508474576272,0.9571583537795905,0.9635113957813085,0.9849785407725322,0.9915254237288136
harmonix/0621_clubcanthandleme/track.npy,harmonix,0.9874213836477987,0.9915966386554622,0.9874213836477987,0.9915966386554622,0.9683313711067976,0.9689959382248313,0.9936708860759493,0.9957805907172996
harmonix/0622_clumsy/track.npy,harmonix,0.9966555183946488,0.6666666666666666,0.9966555183946488,0.6666666666666666,0.9717751599867447,0.7927644880109466,0.998324958123953,0.8258064516129032
harmonix/0623_comeongethigher/track.npy,harmonix,0.9934426229508196,1.0,0.9934426229508196,1.0,0.9601200567373432,0.9453259264043881,0.9983579638752053,1.0
harmonix/0661_everythingaboutyou/track.npy,harmonix,0.9955555555555555,1.0,0.9955555555555555,1.0,0.955753012852714,0.963469939396631,0.9977728285077951,1.0
harmonix/0677_fireburning/track.npy,harmonix,0.9747368421052631,0.9830508474576272,0.9747368421052631,0.9830508474576272,0.9240636395476188,0.9238716526156081,0.9757127771911298,0.9745762711864406
harmonix/0712_heartless/track.npy,harmonix,0.6898550724637681,1.0,0.6898550724637681,1.0,0.8456911217869184,0.9097601440942009,0.8819875776397514,0.9466666666666667
harmonix/0729_hurricane/track.npy,harmonix,0.9973474801061007,0.9894736842105263,0.9973474801061007,0.9894736842105263,0.9646157674567348,0.9714764060059732,0.9960159362549801,0.9947089947089947
harmonix/0731_icouldntbeyourfriend/track.npy,harmonix,0.9486725663716814,0.9507042253521126,0.9486725663716814,0.9507042253521126,0.9574357427924548,0.9618551947091052,0.9714285714285714,0.974910394265233
harmonix/0749_indestructible2/track.npy,harmonix,0.9974424552429667,0.9897959183673469,0.9974424552429667,0.9897959183673469,0.9849808947216718,0.9813328291709524,0.998719590268886,0.9948717948717948
harmonix/0755_intothenight/track.npy,harmonix,0.9757174392935982,0.9649122807017544,0.9757174392935982,0.9649122807017544,0.949030478937832,0.942622763098932,0.9877094972067039,0.9823008849557523
harmonix/0769_killa/track.npy,harmonix,0.9741176470588235,0.9811320754716981,0.9741176470588235,0.9811320754716981,0.9135189732351485,0.928894211527513,0.9868891537544696,0.9904761904761905
harmonix/0770_kingofmycastle/track.npy,harmonix,0.990990990990991,1.0,0.990990990990991,1.0,0.97090774898631,0.9734505582205382,0.9954751131221719,1.0
harmonix/0771_kisskissmainversion/track.npy,harmonix,0.9168141592920354,0.9290780141843972,0.007462686567164179,0.0,0.7670821869931126,0.770589095769892,0.6422466422466423,0.6407766990291263
harmonix/0772_kissmebackcrytonight/track.npy,harmonix,1.0,0.9452054794520548,1.0,0.9452054794520548,0.9578513710980149,0.9107968465929015,1.0,0.952054794520548
harmonix/0790_locapeople/track.npy,harmonix,0.9984447900466563,0.6211180124223602,0.9984447900466563,0.6211180124223602,0.8939395983009396,0.6083593547412273,0.9992217898832686,0.6583850931677019
harmonix/0796_loveinthisclub/track.npy,harmonix,1.0,1.0,1.0,1.0,0.8434471026845575,0.834527468555522,1.0,1.0
harmonix/0798_lovelikethis/track.npy,harmonix,1.0,1.0,1.0,1.0,0.9765707984815676,0.9762007372746349,1.0,1.0
harmonix/0801_lovesong/track.npy,harmonix,0.998015873015873,1.0,0.998015873015873,1.0,0.9804852179270889,0.9803345864568037,0.9990069513406157,1.0
harmonix/0823_mylifewouldsuckwithoutyou/track.npy,harmonix,0.969939879759519,0.953125,0.969939879759519,0.953125,0.9178288083226387,0.8955287427310256,0.9868020304568529,0.976
harmonix/0824_mylifewouldsuckwithoutyous/track.npy,harmonix,0.9870689655172413,0.9913793103448276,0.9870689655172413,0.9913793103448276,0.9584066105123318,0.960384233995766,0.9934924078091106,0.9956709956709957
harmonix/0839_nowyouseeit/track.npy,harmonix,1.0,0.7909090909090909,1.0,0.7909090909090909,0.9564662144479197,0.8637477029143555,1.0,0.9014084507042254
harmonix/0845_onefoot/track.npy,harmonix,0.5581395348837209,0.39285714285714285,0.2549800796812749,0.264,0.765316519520832,0.7093522169324127,0.7447073474470735,0.7368421052631579
harmonix/0847_onestepatatime/track.npy,harmonix,0.8369565217391305,0.9655172413793104,0.8369565217391305,0.9655172413793104,0.8824999210908169,0.8984344056711383,0.9561527581329562,0.9824561403508771
harmonix/0851_openurmind/track.npy,harmonix,0.8582089552238806,0.9328358208955224,0.8582089552238806,0.9328358208955224,0.7823939924415813,0.7972880560866251,0.9575289575289575,0.9575289575289575
harmonix/0852_oursong/track.npy,harmonix,0.99644128113879,0.7972972972972973,0.99644128113879,0.7972972972972973,0.9240742613245526,0.8439032855030132,0.9982174688057042,0.9230769230769231
harmonix/0858_peoplearepeople/track.npy,harmonix,0.9816933638443935,0.990909090909091,0.9816933638443935,0.990909090909091,0.9538486861546605,0.9613771722930939,0.9931192660550459,0.995433789954338
harmonix/0867_pokerfacedos/track.npy,harmonix,1.0,1.0,1.0,1.0,0.9781910308154261,0.9797270360323934,1.0,1.0
harmonix/0882_rightroundbenny/track.npy,harmonix,0.9622641509433962,0.9629629629629629,0.9622641509433962,0.9629629629629629,0.9405769409796241,0.9321236632120401,0.970344009489917,0.9671361502347416
harmonix/0894_sayheyiloveyou/track.npy,harmonix,0.9937888198757764,1.0,0.9937888198757764,1.0,0.9402094371944998,0.9466336660575104,0.9968944099378882,1.0
harmonix/0898_sexyback/track.npy,harmonix,0.9825708061002179,0.375,0.9825708061002179,0.34513274336283184,0.9224624640568654,0.5057253939670259,0.9912087912087912,0.4666666666666667
harmonix/0901_sexydj/track.npy,harmonix,1.0,1.0,1.0,1.0,0.9758409372917245,0.976468762716203,1.0,1.0
harmonix/0911_someday/track.npy,harmonix,0.9451476793248945,0.9354838709677419,0.9451476793248945,0.9354838709677419,0.9469838238028444,0.9364504306885041,0.9766454352441614,0.9586776859504132
harmonix/0920_stopandstare/track.npy,harmonix,0.9938837920489296,0.926829268292683,0.9938837920489296,0.926829268292683,0.9669120718518776,0.9060448647127886,0.9969325153374233,0.9447852760736196
harmonix/0930_takeyourtime/track.npy,harmonix,0.986013986013986,0.8783783783783784,0.986013986013986,0.8783783783783784,0.9200698182791953,0.8775605954568396,0.9894736842105264,0.9379310344827587
harmonix/0937_thatsnotmyname/track.npy,harmonix,0.9040816326530612,0.8790322580645161,0.9040816326530612,0.8790322580645161,0.8363529172393618,0.8160062366854955,0.9440993788819876,0.9333333333333333
harmonix/0941_theocean/track.npy,harmonix,0.8784893267651889,0.7727272727272727,0.8784893267651889,0.11764705882352941,0.9081334231708461,0.7743009602739156,0.9645868465430018,0.7136929460580913
harmonix/0954_timeaftertimevan/track.npy,harmonix,0.9909297052154195,1.0,0.9909297052154195,1.0,0.9533622650853747,0.9452607006330536,0.9965870307167235,1.0
harmonix/0977_wheelsnow/track.npy,harmonix,0.9917525773195877,0.9836065573770492,0.9917525773195877,0.9836065573770492,0.8950710841376665,0.8968863309364402,0.9865841073271415,0.9958847736625513
harmonix/0992_wrongthinwhiteduke/track.npy,harmonix,0.963302752293578,0.63125,0.963302752293578,0.63125,0.9558023489913557,0.6646265616836506,0.9813084112149533,0.679245283018868
harmonix/0998_youregonnamissthis/track.npy,harmonix,1.0,1.0,1.0,1.0,0.833116344294781,0.8484979584924397,1.0,1.0
hjdb/hjdb_4_Am/track.npy,hjdb,1.0,1.0,1.0,1.0,0.9734569002575753,0.9723258793645463,1.0,1.0
hjdb/hjdb_Beyond_Control/track.npy,hjdb,1.0,1.0,1.0,1.0,0.9853821351293252,0.9830762114259592,1.0,1.0
hjdb/hjdb_Bish_Bosh/track.npy,hjdb,1.0,1.0,1.0,1.0,0.9689229475784481,0.9707818014597741,1.0,1.0
hjdb/hjdb_Crystalize/track.npy,hjdb,0.9702602230483272,1.0,0.9702602230483272,1.0,0.9400290114378372,0.9601511077180196,0.9776951672862454,0.9850746268656716
hjdb/hjdb_DJ_Business/track.npy,hjdb,1.0,1.0,1.0,1.0,0.9769732402594088,0.9774789359187744,1.0,1.0
hjdb/hjdb_Dam_Tuff/track.npy,hjdb,0.9879518072289156,1.0,0.9879518072289156,1.0,0.9744330266759841,0.9745442015057243,0.993939393939394,1.0
hjdb/hjdb_Dark_Stranger_(Origin_Unknown_Remix)/track.npy,hjdb,1.0,1.0,1.0,1.0,0.9818751181116693,0.9900649992885946,1.0,1.0
hjdb/hjdb_Darkman/track.npy,hjdb,1.0,1.0,1.0,1.0,0.9853577189489214,0.9821945597918811,1.0,1.0
hjdb/hjdb_Dont_Come_No_Ruffer_(Ruff_Mix)/track.npy,hjdb,0.9879518072289156,0.7619047619047619,0.9879518072289156,0.7619047619047619,0.952873021926514,0.8778340535311379,1.0,0.923076923076923
hjdb/hjdb_Dream_Sequence/track.npy,hjdb,1.0,0.9534883720930233,1.0,0.9534883720930233,0.9786175728541626,0.9523950955896324,1.0,0.9767441860465116
hjdb/hjdb_Finest_Illusion_(Legal_Mix)/track.npy,hjdb,1.0,1.0,1.0,1.0,0.9766025366674865,0.9831629656015108,1.0,1.0
hjdb/hjdb_Get_High_(New_Jack_London)/track.npy,hjdb,1.0,1.0,1.0,1.0,0.9816364725426373,0.9853315553268092,1.0,1.0
hjdb/hjdb_Happiness/track.npy,hjdb,1.0,1.0,1.0,1.0,0.9802935310937305,0.9773025079621012,1.0,1.0
hjdb/hjdb_Hardcore_Will_Never_Die/track.npy,hjdb,1.0,1.0,1.0,1.0,0.9787608676872704,0.9795208221298144,1.0,1.0
hjdb/hjdb_Horizons/track.npy,hjdb,1.0,1.0,1.0,1.0,0.9704273620956194,0.9835408742012224,1.0,1.0
hjdb/hjdb_In_Complete_Darkness_(Slipmatt_remix)/track.npy,hjdb,1.0,1.0,1.0,1.0,0.9772359407629562,0.9738530141850671,1.0,1.0
hjdb/hjdb_Inna_Year_4000/track.npy,hjdb,1.0,1.0,1.0,1.0,0.9817557403723799,0.9855667794859452,1.0,1.0
hjdb/hjdb_Let_Me_Be_Your_Fantasy/track.npy,hjdb,1.0,1.0,1.0,1.0,0.9621233415776342,0.9689608354589693,1.0,1.0
hjdb/hjdb_NHS_(Midday_Mix)/track.npy,hjdb,1.0,1.0,1.0,1.0,0.9862717480943098,0.9848353289042706,1.0,1.0
hjdb/hjdb_No_Worries/track.npy,hjdb,0.9819819819819819,1.0,0.9819819819819819,1.0,0.9752839096207496,0.9829280272932567,0.9954751131221719,1.0
hjdb/hjdb_Peakin_Thru_The_Window/track.npy,hjdb,1.0,1.0,1.0,1.0,0.9811874999230648,0.9737763906802225,1.0,1.0
hjdb/hjdb_Phizical_(Moody_Mix)/track.npy,hjdb,0.5023255813953489,0.7592592592592593,0.5023255813953489,0.7592592592592593,0.8427604879926751,0.9135407199031735,0.8594164456233422,0.9306930693069307
hjdb/hjdb_R-type/track.npy,hjdb,0.9130434782608695,0.9714285714285714,0.9130434782608695,0.9714285714285714,0.9582378564869214,0.9682672218570881,0.974169741697417,0.9855072463768115
hjdb/hjdb_Return_Of_The_Donut_Pt2/track.npy,hjdb,1.0,1.0,1.0,1.0,0.9849355398041592,0.9846419737612364,1.0,1.0
hjdb/hjdb_Scottie/track.npy,hjdb,0.927710843373494,0.9130434782608695,0.927710843373494,0.9130434782608695,0.9384551927881308,0.9323764630600958,0.9575757575757576,0.9545454545454545
hjdb/hjdb_Spiritual_Aura/track.npy,hjdb,0.9964028776978417,0.9857142857142858,0.9964028776978417,0.9857142857142858,0.9791831871101182,0.9757729211560715,0.9981981981981982,0.9928057553956835
hjdb/hjdb_The_Slammer/track.npy,hjdb,1.0,1.0,1.0,1.0,0.9811712724238318,0.9791190261977497,1.0,1.0
hjdb/hjdb_Too_Much_(Ray_Keith_Rmx)/track.npy,hjdb,0.9841269841269841,1.0,0.9841269841269841,1.0,0.9724340211415692,0.9788761276904486,0.9919999999999999,1.0
hjdb/hjdb_You_Got_Me_Burnin_(A.A.S_Mix)/track.npy,hjdb,0.9824561403508771,1.0,0.9824561403508771,1.0,0.9640066991435194,0.9594556597393017,0.9911504424778761,1.0
jaah/jaah_002-thelonious_monk-bags_groove/track.npy,jaah,0.9952941176470588,0.8301886792452831,0.9952941176470588,0.8301886792452831,0.9702458886950532,0.8691848570011611,0.9976415094339623,0.8909952606635072
jaah/jaah_011-charlie_parker-blues_for_alice/track.npy,jaah,0.9866369710467706,0.9646017699115044,0.9866369710467706,0.9646017699115044,0.8949316775369868,0.8889742939550134,0.9899665551839465,0.9866666666666667
jaah/jaah_022-jelly_roll_mortons_red_hot_peppers-dead_man_blues/track.npy,jaah,0.9861878453038674,1.0,0.9861878453038674,1.0,0.9589139044784327,0.9685363087510845,0.995850622406639,1.0
jaah/jaah_035-jimmie_lunceford_and_his_orchestra-for_dancers_only/track.npy,jaah,0.9897172236503856,0.5104166666666666,0.9897172236503856,0.5104166666666666,0.9680630686264714,0.5797453466042548,0.9948453608247424,0.5869565217391304
jaah/jaah_039-john_coltrane-giant_steps/track.npy,jaah,0.7055306427503737,0.7660818713450293,0.7055306427503737,0.7660818713450293,0.7485270583883107,0.6616611524726447,0.9635258358662614,0.8183161004431314
jaah/jaah_046-benny_goodman_and_his_orchestra-honeysuckle_rose/track.npy,jaah,0.9968701095461658,0.8695652173913043,0.9968701095461658,0.8695652173913043,0.9622302876417963,0.890915220131873,0.9992169146436961,0.91875
jaah/jaah_054-duke_ellington_his_orchestra-in_a_mellotone/track.npy,jaah,0.9975308641975309,0.8712871287128713,0.9975308641975309,0.8712871287128713,0.9647849091312977,0.8667114663059885,0.9975308641975309,0.8955223880597015
jaah/jaah_068-billie_holiday_teddy_wilson_and_his_orchestra-mean_to_me/track.npy,jaah,0.9969512195121951,0.926829268292683,0.9969512195121951,0.926829268292683,0.7512933942494562,0.7021109998091127,0.998473282442748,0.9382716049382716
jaah/jaah_077-art_blakey_the_jazz_messengers-one_by_one/track.npy,jaah,0.9852760736196319,0.7892156862745098,0.9852760736196319,0.7892156862745098,0.9449423335197248,0.8138446691545157,0.992619926199262,0.8499999999999999
jaah/jaah_085-the_george_shearing_quintet-september_in_the_rain/track.npy,jaah,0.9413265306122449,0.2268041237113402,0.9413265306122449,0.2268041237113402,0.6204362308674111,0.18590168315346944,0.9396662387676509,0.24418604651162792
jaah/jaah_088-bessie_smith_louis_armstrong-st_louis_blues/track.npy,jaah,0.7229437229437229,0.42857142857142855,0.7229437229437229,0.42857142857142855,0.5013371820884586,0.3936743584805789,0.6252873563218392,0.45614035087719296
jaah/jaah_090-louis_armstrong_ella_fitzgerald-stompin_at_the_savoy/track.npy,jaah,0.9713983050847458,0.9067796610169492,0.9713983050847458,0.9067796610169492,0.9595684480536946,0.9211728646466424,0.9898774640383591,0.9482758620689654
jaah/jaah_097-count_basie_octet-the_golden_bullet/track.npy,jaah,0.986,0.904,0.986,0.904,0.968650376209276,0.9121051913252938,0.9919517102615695,0.9387755102040817
jaah/jaah_104-herbie_hancock-watermelon_man/track.npy,jaah,0.6802973977695167,0.46258503401360546,0.1635969664138678,0.2554112554112554,0.6514138919143595,0.5949737529836998,0.7145790554414785,0.6878306878306879
rwc/rwc_classical_CD1_06/track.npy,rwc_classical,0.45724907063197023,0.3117408906882591,0.45724907063197023,0.16939890710382513,0.5356378015245236,0.43936730856700396,0.6286266924564797,0.501628664495114
rwc/rwc_classical_CD3_01/track.npy,rwc_classical,0.61,0.7128712871287128,0.61,0.7128712871287128,0.7457637962365757,0.6808659653674188,0.8738938053097345,0.7949367088607595
rwc/rwc_classical_CD4_08/track.npy,rwc_classical,0.2874251497005988,0.2155688622754491,0.2874251497005988,0.2155688622754491,0.6233286360649863,0.5319023069912453,0.6873385012919897,0.5714285714285714
rwc/rwc_classical_CD4_10/track.npy,rwc_classical,0.994475138121547,0.7166666666666667,0.994475138121547,0.7166666666666667,0.8874306444791542,0.7637585101763928,0.9916897506925207,0.9107142857142857
rwc/rwc_classical_CD5_04/track.npy,rwc_classical,0.5080645161290323,0.22580645161290322,0.5080645161290323,0.22580645161290322,0.7456312824656387,0.5866383224448305,0.8219178082191779,0.6101694915254238
rwc/rwc_classical_CD5_05/track.npy,rwc_classical,0.09385113268608414,0.05217391304347826,0.09385113268608414,0.017391304347826087,0.5185020228344537,0.3797042980775871,0.579185520361991,0.4189189189189189
rwc/rwc_classical_CD6_08/track.npy,rwc_classical,0.22420634920634921,0.5483870967741935,0.22420634920634921,0.5483870967741935,0.4192323438189121,0.46031304698363157,0.5839793281653748,0.6440677966101694
rwc/rwc_jazz_CD1_08/track.npy,rwc_jazz,0.38132295719844356,0.43137254901960786,0.38132295719844356,0.43137254901960786,0.5932648226675316,0.44304043924681097,0.7028199566160521,0.5280898876404494
rwc/rwc_jazz_CD1_11/track.npy,rwc_jazz,0.9745547073791349,0.9746192893401016,0.9745547073791349,0.9746192893401016,0.8542166402341652,0.8465028946464401,0.9641943734015346,0.9591836734693878
rwc/rwc_jazz_CD1_12/track.npy,rwc_jazz,0.7062146892655368,0.8089887640449438,0.7062146892655368,0.8089887640449438,0.6636620263798713,0.5932977218169658,0.782608695652174,0.7344632768361583
rwc/rwc_jazz_CD3_02/track.npy,rwc_jazz,0.9953488372093023,1.0,0.9953488372093023,1.0,0.8049092601047055,0.832944619865303,0.958139534883721,0.9811320754716981
rwc/rwc_jazz_CD3_05/track.npy,rwc_jazz,0.9827089337175793,0.8782608695652174,0.9827089337175793,0.8782608695652174,0.7508552338844392,0.7273039048467393,0.927536231884058,0.8849557522123894
rwc/rwc_jazz_CD4_12/track.npy,rwc_jazz,0.981651376146789,0.963302752293578,0.981651376146789,0.963302752293578,0.8313813878284009,0.7995391547441516,0.9426605504587156,0.9216589861751153
rwc/rwc_popular_CD1_01/track.npy,rwc_popular,0.9977678571428571,1.0,0.9977678571428571,1.0,0.9743108940910472,0.9755826962757611,0.9988826815642458,1.0
rwc/rwc_popular_CD1_15/track.npy,rwc_popular,0.9881305637982196,0.9880952380952381,0.9881305637982196,0.9880952380952381,0.9768057435270822,0.9751288102129203,0.9940298507462687,0.9940119760479043
rwc/rwc_popular_CD2_02/track.npy,rwc_popular,0.5660377358490566,0.7054263565891473,0.5660377358490566,0.7054263565891473,0.8274679890046197,0.8443660459710343,0.8760806916426513,0.897119341563786
rwc/rwc_popular_CD2_07/track.npy,rwc_popular,0.9952380952380953,1.0,0.9952380952380953,1.0,0.9640619838462816,0.9612645567360895,0.9964243146603098,1.0
rwc/rwc_popular_CD2_08/track.npy,rwc_popular,0.9980119284294234,1.0,0.9980119284294234,1.0,0.9691615370917936,0.9716589567484746,0.999004975124378,1.0
rwc/rwc_popular_CD2_14/track.npy,rwc_popular,0.9969788519637462,1.0,0.9969788519637462,1.0,0.9805186212515905,0.9881229626706238,0.9984871406959154,1.0
rwc/rwc_popular_CD3_10/track.npy,rwc_popular,0.997979797979798,1.0,0.997979797979798,1.0,0.9677587560900748,0.9703985917732719,0.9989888776541962,1.0
rwc/rwc_popular_CD4_10/track.npy,rwc_popular,1.0,1.0,1.0,1.0,0.941967557887578,0.945226626801128,1.0,1.0
rwc/rwc_popular_CD4_12/track.npy,rwc_popular,0.6936936936936937,0.6950354609929078,0.18085106382978725,0.6950354609929078,0.7600538930195446,0.8364681483368429,0.7424749163879599,0.9195402298850576
rwc/rwc_popular_CD4_14/track.npy,rwc_popular,0.9711934156378601,0.9833333333333333,0.9711934156378601,0.9833333333333333,0.9512932067280438,0.9395200174653612,0.9855072463768116,0.9915966386554621
rwc/rwc_popular_CD5_05/track.npy,rwc_popular,0.6666666666666666,0.6983240223463687,0.19224283305227655,0.16447368421052633,0.7964960027119143,0.7997257867025283,0.7373949579831934,0.7272727272727273
rwc/rwc_popular_CD5_15/track.npy,rwc_popular,0.9074550128534704,0.95,0.9074550128534704,0.95,0.9297503461542505,0.9300821108776874,0.9658792650918635,0.9696969696969697
rwc/rwc_popular_CD7_01/track.npy,rwc_popular,0.995475113122172,1.0,0.995475113122172,1.0,0.9721941026348886,0.9846434062921559,0.997737556561086,1.0
rwc/rwc_royalty-free_CD1_06/track.npy,rwc_royalty-free,0.9720930232558139,0.6111111111111112,0.9720930232558139,0.6111111111111112,0.9331132933677034,0.6265942554872965,0.988235294117647,0.673076923076923
rwc/rwc_royalty-free_CD1_14/track.npy,rwc_royalty-free,0.9942196531791907,0.9318181818181818,0.0,0.011494252873563218,0.6704410364392901,0.6667040405261486,0.664092664092664,0.6615384615384615
simac/simac_Albedo_0.39_06-Alpha/track.npy,simac,0.875,0.0,0.875,0.0,0.8579855441974085,0.0,0.9333333333333333,0.0
simac/simac_Alfagamabetizado_07-Bog_La_Bag/track.npy,simac,0.9655172413793104,0.0,0.9655172413793104,0.0,0.9220280274104675,0.0,0.9824561403508771,0.0
simac/simac_Amber_02-Montreal/track.npy,simac,0.875,0.0,0.875,0.0,0.8580458016825784,0.0,0.9354838709677419,0.0
simac/simac_Amber_10-Nil/track.npy,simac,0.8620689655172413,0.0,0.8620689655172413,0.0,0.9099998500028931,0.0,0.9259259259259259,0.0
simac/simac_As_time_goes_by_disk_3_05-This_cant_be_love/track.npy,simac,0.4878048780487805,0.0,0.28125,0.0,0.6962113205773546,0.0,0.7169811320754718,0.0
simac/simac_Bach_The_Well-Tempered_Clavier_II_(Disc_1)_12-Prelude_and_Fugue_No._6_in_D_minor_BWV_875_-_2._Fuga/track.npy,simac,0.8333333333333334,0.0,0.8333333333333334,0.0,0.8536677961423322,0.0,0.9142857142857143,0.0
simac/simac_Bach_The_Well-Tempered_Clavier_II_(Disc_1)_17-Prelude_and_Fugue_No._9_in_E_major_BWV_878_-_1._Praeludium/track.npy,simac,0.9310344827586207,0.0,0.9310344827586207,0.0,0.8086161331393511,0.0,0.9285714285714286,0.0
simac/simac_Bach_The_Well-Tempered_Clavier_II_(Disc_1)_19-Prelude_and_Fugue_No._10_in_E_minor_BWV_879_-_1._Praeludium/track.npy,simac,0.030303030303030304,0.0,0.030303030303030304,0.0,0.3547959633102436,0.0,0.4150943396226416,0.0
simac/simac_Bach_The_Well-Tempered_Clavier_II_(Disc_1)_20-Prelude_and_Fugue_No._10_in_E_minor_BWV_879_-_2._Fuga/track.npy,simac,0.9473684210526315,0.0,0.9473684210526315,0.0,0.9562956321525181,0.0,0.972972972972973,0.0
simac/simac_Bach_The_Well-Tempered_Clavier_II_(Disc_1)_21-Prelude_and_Fugue_No._11_in_F_major_BWV_880_-_1._Praeludium/track.npy,simac,1.0,0.0,1.0,0.0,0.9425970431007004,0.0,1.0,0.0
simac/simac_Bach_The_Well-Tempered_Clavier_II_(Disc_2)_07-Prelude_and_Fugue_No._16_G_minor_BWV_885_-_1._Praeludium/track.npy,simac,0.8666666666666667,0.0,0.8666666666666667,0.0,0.8810007982876343,0.0,0.9655172413793104,0.0
simac/simac_Bela_Bartok_06-The_Miraculous_Mandarin_6.1_Sempre_vivo_6.2_Adagio/track.npy,simac,0.25,0.0,0.0,0.0,2.613136978998676e-12,0.0,0.0,0.0
simac/simac_Bela_Bartok_09-Music_for_Strings_Percussion_and_Celesta_I_Andante_tranquillo/track.npy,simac,0.5,0.0,0.5,0.0,0.44355500874366277,0.0,0.6382978723404256,0.0
simac/simac_Bernstein_conducts_Stravinsky_12-Summoning_of_the_ancestors/track.npy,simac,0.5,0.0,0.0,0.0,0.47777264635543804,0.0,0.6206896551724138,0.0
simac/simac_Bernstein_conducts_Stravinsky_14-Sacrifical_dance-_the_chosen_victim/track.npy,simac,0.0625,0.0,0.0,0.0,0.2762513377316351,0.0,0.3,0.0
simac/simac_Billie_Holiday_CD1_02-Carelessly/track.npy,simac,1.0,0.0,1.0,0.0,0.9623795252845734,0.0,1.0,0.0
simac/simac_Billie_Holiday_CD1_06-Who_loves_you/track.npy,simac,0.9090909090909091,0.0,0.9090909090909091,0.0,0.8619758074455206,0.0,0.9523809523809523,0.0
simac/simac_Cafe_Zimmermann_03-Concerto_pour_deux_violons_&_cordes_en_r_mineur_BWV_1043_-_Vivace/track.npy,simac,0.8928571428571429,0.0,0.8928571428571429,0.0,0.9057341692569735,0.0,0.962962962962963,0.0
simac/simac_Cafe_Zimmermann_14-Concerto_pour_hautbois_&_violon_en_ut_mineur_BWV_1060_-_Adagio/track.npy,simac,0.8888888888888888,0.0,0.8888888888888888,0.0,0.8291483506263997,0.0,0.923076923076923,0.0
simac/simac_Classic_Borodin_-_String_quartet_2_D_01/track.npy,simac,0.6842105263157895,0.0,0.6842105263157895,0.0,0.45007334368917884,0.0,0.5714285714285714,0.0
simac/simac_Classic_Track_01/track.npy,simac,0.6470588235294118,0.0,0.6470588235294118,0.0,0.40684111313884563,0.0,0.6060606060606061,0.0
simac/simac_Concert_04-4._Bourre/track.npy,simac,1.0,0.0,0.0,0.0,0.7372868063089971,0.0,0.6666666666666666,0.0
simac/simac_Concert_18-2._Allegro/track.npy,simac,0.9090909090909091,0.0,0.9090909090909091,0.0,0.9103689705334157,0.0,0.9523809523809523,0.0
simac/simac_DGG_419_047-2_09-Toccata_Adagio_u._Fuge_C-dur_BWV_564_-_III_Fuge/track.npy,simac,0.875,0.0,0.875,0.0,0.7896927743503468,0.0,0.9565217391304348,0.0
simac/simac_Ella_&_Louis_02-We_Cant_Go_On_This_Way/track.npy,simac,0.8620689655172413,0.0,0.8620689655172413,0.0,0.7920343473179905,0.0,0.9259259259259259,0.0
simac/simac_Ella_&_Louis_03-A_Tisket-A_Tasket/track.npy,simac,0.84,0.0,0.84,0.0,0.7381575197686085,0.0,0.8260869565217391,0.0
simac/simac_Ella_&_Louis_04-Sing_Song_Swing/track.npy,simac,0.95,0.0,0.95,0.0,0.810340887121929,0.0,0.9743589743589743,0.0
simac/simac_Ella_&_Louis_14-Coochi_Coochi_Coo/track.npy,simac,0.7567567567567568,0.0,0.7567567567567568,0.0,0.7964861994713741,0.0,0.8615384615384616,0.0
simac/simac_Eres_luz_04-Como_tu_ninguna_(Rumba)/track.npy,simac,0.9230769230769231,0.0,0.9230769230769231,0.0,0.837936377849575,0.0,0.9411764705882353,0.0
simac/simac_Fado_09-AudioTrack_09/track.npy,simac,0.7222222222222222,0.0,0.7222222222222222,0.0,0.6562879139942515,0.0,0.7741935483870968,0.0
simac/simac_Family_Tree_-_Greatest_Hits_As_Chosen_By_Bjork_09-Scatterheart/track.npy,simac,0.52,0.0,0.52,0.0,0.7161274877627402,0.0,0.782608695652174,0.0
simac/simac_Gold_-_Greatest_Hits_06-Super_Trouper/track.npy,simac,0.9666666666666667,0.0,0.9666666666666667,0.0,0.9492790803400538,0.0,0.983050847457627,0.0
simac/simac_Gold_-_Greatest_Hits_07-I_Have_A_Dream/track.npy,simac,0.9285714285714286,0.0,0.0,0.0,0.7342575454057446,0.0,0.6666666666666666,0.0
simac/simac_Gold_-_Greatest_Hits_14-Gimme_Gimme_Gimme_(A_Man_After_Midnight)/track.npy,simac,0.967741935483871,0.0,0.967741935483871,0.0,0.942090287356109,0.0,0.9836065573770492,0.0
simac/simac_Gold_-_Greatest_Hits_16-One_Of_Us/track.npy,simac,1.0,0.0,0.0,0.0,0.7518962400376987,0.0,0.6557377049180327,0.0
simac/simac_Kocani_Orkester_Kocani_Orkestar_-_Burkan_Cocek/track.npy,simac,0.92,0.0,0.92,0.0,0.700260475748855,0.0,0.9166666666666666,0.0
simac/simac_Niandra_LaDes_and_Usually_Just_a_T-Shirt_06-Running_Away_Into_You/track.npy,simac,0.9354838709677419,0.0,0.0,0.0,0.6188801371789143,0.0,0.6521739130434783,0.0
simac/simac_Niandra_LaDes_and_Usually_Just_a_T-Shirt_19-Usually_Just_a_T-Shirt_Untitled_7/track.npy,simac,0.95,0.0,0.0,0.0,0.717292852281277,0.0,0.6440677966101694,0.0
simac/simac_Papakonstantinou_15-AudioTrack_15/track.npy,simac,0.9166666666666666,0.0,0.0,0.0,0.6395277394692666,0.0,0.6470588235294118,0.0
simac/simac_Primer_Aliento_05-Programa_en_espiral/track.npy,simac,1.0,0.0,0.0,0.0,0.7080699117987674,0.0,0.6666666666666666,0.0
simac/simac_Primer_Aliento_06-La_persecucion/track.npy,simac,1.0,0.0,1.0,0.0,0.8329278926999905,0.0,0.9130434782608695,0.0
simac/simac_Primer_Aliento_08-El_ultimo_asalto_a_la_Bastilla/track.npy,simac,1.0,0.0,1.0,0.0,0.9536865620081811,0.0,1.0,0.0
simac/simac_Samba_na_Madrugada_04-Sofreguidao/track.npy,simac,0.9166666666666666,0.0,0.9166666666666666,0.0,0.8862664608674089,0.0,0.9565217391304348,0.0
simac/simac_Samba_na_Madrugada_06-Minha_Cofissao/track.npy,simac,0.7916666666666666,0.0,0.7916666666666666,0.0,0.6641460658230631,0.0,0.7272727272727272,0.0
simac/simac_Samba_na_Madrugada_09-Depois_de_Tanto_Amor/track.npy,simac,0.0,0.0,0.0,0.0,0.0002276832518354972,0.0,0.0,0.0
simac/simac_Samba_na_Madrugada_10-Samba_Original/track.npy,simac,0.8620689655172413,0.0,0.8620689655172413,0.0,0.8055439306177384,0.0,0.888888888888889,0.0
simac/simac_So_Cartola_03-Sala_de_Recepcao/track.npy,simac,0.8888888888888888,0.0,0.0,0.0,0.5853265817700466,0.0,0.6530612244897959,0.0
simac/simac_Songs_Afrocuba_-_A_Luisa/track.npy,simac,0.22580645161290322,0.0,0.22580645161290322,0.0,0.11944149913384598,0.0,0.17241379310344826,0.0
simac/simac_Songs_Alejandro_(Alex_Benson)_-_Tengo_una_penita/track.npy,simac,1.0,0.0,1.0,0.0,0.9384354362107125,0.0,1.0,0.0
simac/simac_Songs_Alfredo_-_La_rumba_de_Alfredo/track.npy,simac,0.8709677419354839,0.0,0.8709677419354839,0.0,0.8696672964128406,0.0,0.9310344827586207,0.0
simac/simac_Songs_Caracas_Latin_Brothers_-_El_espectaculo/track.npy,simac,0.8709677419354839,0.0,0.8709677419354839,0.0,0.8817699156831478,0.0,0.9310344827586207,0.0
simac/simac_Tanto_Tempo_08-Lonely/track.npy,simac,1.0,0.0,1.0,0.0,0.810662114229109,0.0,1.0,0.0
simac/simac_The_Crackdown_09-Crackdown/track.npy,simac,0.9666666666666667,0.0,0.9666666666666667,0.0,0.9684577764393826,0.0,0.983050847457627,0.0
simac/simac_Tomatito_Tomatito-02.La_voz_del_tiempo/track.npy,simac,0.75,0.0,0.75,0.0,0.7523450192167984,0.0,0.8771929824561403,0.0
simac/simac_VOL.3_Musiques_pour_guitare_et_violoncelle_04-4._Hommage_ade_Falla_(Allegro)/track.npy,simac,0.2857142857142857,0.0,0.13793103448275862,0.0,0.6074037878690001,0.0,0.6511627906976745,0.0
simac/simac_VOL.3_Musiques_pour_guitare_et_violoncelle_12-Cancion/track.npy,simac,0.0,0.0,0.0,0.0,0.3474355067879515,0.0,0.4074074074074074,0.0
simac/simac_Xatzidakis_22-AudioTrack_22/track.npy,simac,0.8125,0.0,0.8125,0.0,0.7026117590595473,0.0,0.8275862068965517,0.0
simac/simac_greek_Gkoles_-_Mou_fages_ta_daxtylidia/track.npy,simac,0.9130434782608695,0.0,0.9130434782608695,0.0,0.7972744615241026,0.0,0.9333333333333332,0.0
simac/simac_greek_Perdika(xwris_logia)/track.npy,simac,0.6666666666666666,0.0,0.2,0.0,0.5068362164954617,0.0,0.5806451612903226,0.0
simac/simac_more_greek_07_Psevdoixos/track.npy,simac,0.8518518518518519,0.0,0.8518518518518519,0.0,0.8457359283694248,0.0,0.9615384615384615,0.0
simac/simac_more_greek_Dionysiou_-_Na_eixa_to_kouragio/track.npy,simac,0.4166666666666667,0.0,0.4166666666666667,0.0,0.2996215559012451,0.0,0.2978723404255319,0.0
simac/simac_more_greek_Gkoles_-_Mortissa_ki_alanis/track.npy,simac,0.8571428571428571,0.0,0.8571428571428571,0.0,0.7636002969215803,0.0,0.923076923076923,0.0
simac/simac_more_greek_Gkoles_-_Peristeriwtissa/track.npy,simac,0.8947368421052632,0.0,0.8947368421052632,0.0,0.8260703643481572,0.0,0.9444444444444444,0.0
simac/simac_more_greek_Marinella_-_Pes_pws_m_antamwses/track.npy,simac,1.0,0.0,1.0,0.0,0.940644024175085,0.0,1.0,0.0
simac/simac_more_greek_Marinella_-_Stalia_stalia/track.npy,simac,0.9333333333333333,0.0,0.9333333333333333,0.0,0.8691015644794174,0.0,0.9655172413793104,0.0
simac/simac_more_greek_Mpellou_-_Anastenazw_kai_ponw/track.npy,simac,0.9375,0.0,0.9375,0.0,0.8002711272937595,0.0,0.967741935483871,0.0
simac/simac_more_greek_Mpellou_-_Apopse_kaneis_mpam/track.npy,simac,1.0,0.0,1.0,0.0,0.8042298317041079,0.0,0.9375,0.0
simac/simac_more_greek_Mpellou_-_Kardia_paraponiara/track.npy,simac,0.9411764705882353,0.0,0.9411764705882353,0.0,0.8997072151666007,0.0,0.9696969696969697,0.0
simac/simac_more_greek_Mpellou_-_Prin_to_xarama_monaxos/track.npy,simac,0.8888888888888888,0.0,0.8888888888888888,0.0,0.7591376923546485,0.0,0.8823529411764706,0.0
simac/simac_more_greek_Mpi8ikwtsis_-_Drapetswna/track.npy,simac,0.9444444444444444,0.0,0.9444444444444444,0.0,0.794280069055679,0.0,0.8571428571428571,0.0
simac/simac_more_greek_Mpi8ikwtsis_-_Eimai_aitos_xwris_ftera/track.npy,simac,0.9444444444444444,0.0,0.9444444444444444,0.0,0.8655396612134825,0.0,0.9714285714285714,0.0
simac/simac_more_greek_Mpi8ikwtsis_-_Sta_xeria_sou_megalwsan/track.npy,simac,0.9375,0.0,0.9375,0.0,0.8070592342004137,0.0,0.967741935483871,0.0
simac/simac_selected_ambient_works_8592_hedphelym/track.npy,simac,0.7419354838709677,0.0,0.7419354838709677,0.0,0.5989594875390063,0.0,0.9310344827586207,0.0
simac/simac_selected_ambient_works_8592_heliosphan/track.npy,simac,0.9411764705882353,0.0,0.9411764705882353,0.0,0.9032750746126134,0.0,0.9696969696969697,0.0
smc/smc_008/track.npy,smc,0.09090909090909091,0.0,0.05063291139240506,0.0,0.3530417387626217,0.0,0.47154471544715443,0.0
smc/smc_010/track.npy,smc,0.9375,0.0,0.9375,0.0,0.7259287095807917,0.0,0.8817204301075269,0.0
smc/smc_014/track.npy,smc,0.5333333333333333,0.0,0.5333333333333333,0.0,0.623294638141145,0.0,0.7692307692307692,0.0
smc/smc_015/track.npy,smc,0.5121951219512195,0.0,0.05,0.0,0.4173358350758071,0.0,0.4590163934426229,0.0
smc/smc_023/track.npy,smc,0.6829268292682927,0.0,0.13513513513513514,0.0,0.7061201108941364,0.0,0.6896551724137931,0.0
smc/smc_024/track.npy,smc,0.4523809523809524,0.0,0.13333333333333333,0.0,0.6211544772644928,0.0,0.6324786324786325,0.0
smc/smc_036/track.npy,smc,0.6222222222222222,0.0,0.6222222222222222,0.0,0.6491953835325601,0.0,0.8641975308641976,0.0
smc/smc_046/track.npy,smc,0.8048780487804879,0.0,0.8048780487804879,0.0,0.5387884218930685,0.0,0.6582278481012659,0.0
smc/smc_064/track.npy,smc,0.22058823529411764,0.0,0.0,0.0,0.058664811535142816,0.0,0.043010752688172046,0.0
smc/smc_079/track.npy,smc,0.75,0.0,0.75,0.0,0.8291579336436444,0.0,0.9004739336492891,0.0
smc/smc_080/track.npy,smc,0.24324324324324326,0.0,0.10810810810810811,0.0,0.4497528837019035,0.0,0.5357142857142857,0.0
smc/smc_092/track.npy,smc,0.9736842105263158,0.0,0.0,0.0,0.6455054862219906,0.0,0.6071428571428572,0.0
smc/smc_119/track.npy,smc,0.46511627906976744,0.0,0.46511627906976744,0.0,0.315817401328524,0.0,0.45333333333333325,0.0
smc/smc_146/track.npy,smc,0.696969696969697,0.0,0.696969696969697,0.0,0.4550868579343324,0.0,0.6666666666666666,0.0
smc/smc_148/track.npy,smc,0.09523809523809523,0.0,0.023255813953488372,0.0,0.08504619183422246,0.0,0.11320754716981132,0.0
smc/smc_151/track.npy,smc,0.15384615384615385,0.0,0.012987012987012988,0.0,0.316736388773278,0.0,0.3917525773195876,0.0
smc/smc_153/track.npy,smc,0.09259259259259259,0.0,0.01818181818181818,0.0,0.2046735859569056,0.0,0.21052631578947364,0.0
smc/smc_159/track.npy,smc,0.8148148148148148,0.0,0.0,0.0,0.4023209008614974,0.0,0.4,0.0
smc/smc_182/track.npy,smc,0.9318181818181818,0.0,0.9318181818181818,0.0,0.5949667415541227,0.0,0.7999999999999999,0.0
smc/smc_192/track.npy,smc,0.3333333333333333,0.0,0.3333333333333333,0.0,0.2048433991578116,0.0,0.33333333333333337,0.0
smc/smc_193/track.npy,smc,0.8837209302325582,0.0,0.8837209302325582,0.0,0.5883078893057075,0.0,0.7906976744186046,0.0
smc/smc_195/track.npy,smc,0.43243243243243246,0.0,0.0,0.0,0.3032760399091676,0.0,0.33333333333333337,0.0
smc/smc_205/track.npy,smc,0.8837209302325582,0.0,0.8837209302325582,0.0,0.7100012352450845,0.0,0.8705882352941177,0.0
smc/smc_211/track.npy,smc,0.5918367346938775,0.0,0.5918367346938775,0.0,0.33273161232925336,0.0,0.5714285714285715,0.0
smc/smc_236/track.npy,smc,0.71875,0.0,0.71875,0.0,0.5468886841889177,0.0,0.6666666666666667,0.0
smc/smc_257/track.npy,smc,0.3877551020408163,0.0,0.20588235294117646,0.0,0.41676593482715263,0.0,0.547008547008547,0.0
smc/smc_272/track.npy,smc,0.5245901639344263,0.0,0.0,0.0,0.6199529887362984,0.0,0.6408839779005524,0.0
smc/smc_285/track.npy,smc,0.5164835164835165,0.0,0.01098901098901099,0.0,0.502903738882167,0.0,0.2732919254658385,0.0
tapcorrect/015_youtube_ltRgb4SJ1uk/track.npy,tapcorrect,0.9440459110473458,0.8742857142857143,0.9440459110473458,0.8742857142857143,0.9297303812190028,0.9227545552788924,0.9861818181818183,0.967551622418879
tapcorrect/021_youtube_lzdGpNGH9BI/track.npy,tapcorrect,0.9363295880149812,0.9571428571428572,0.9363295880149812,0.9571428571428572,0.9355545838425009,0.9421966020281761,0.9733840304182511,0.9781021897810218
tapcorrect/025_youtube_8jsFGdeWNPo/track.npy,tapcorrect,0.8633333333333333,0.24358974358974358,0.8633333333333333,0.24358974358974358,0.8666000003629469,0.5589323963786181,0.9075043630017452,0.5170068027210885
tapcorrect/053_youtube_yuxchcK5Gek/track.npy,tapcorrect,1.0,1.0,1.0,1.0,0.9754728998858445,0.968235077188621,1.0,1.0
tapcorrect/062_youtube_Yi3GJEEMX4s/track.npy,tapcorrect,0.9869281045751634,0.9790575916230366,0.9869281045751634,0.9790575916230366,0.9692303470543157,0.9696328167829189,0.9908256880733946,0.9868766404199475
tapcorrect/073_youtube_qZuH-5St80A/track.npy,tapcorrect,0.926829268292683,0.6165413533834586,0.926829268292683,0.6165413533834586,0.9305440901903286,0.7063044560184396,0.9620253164556963,0.7258064516129032
tapcorrect/076_youtube_pjcOzqxu4JQ/track.npy,tapcorrect,0.9961832061068703,0.9538461538461539,0.9961832061068703,0.9538461538461539,0.9731963632397633,0.9291824609396208,0.9980879541108987,0.9538461538461539
tapcorrect/084_youtube_zH9sXggRlxc/track.npy,tapcorrect,1.0,1.0,1.0,1.0,0.9571724050039457,0.9551515660775203,1.0,1.0
tapcorrect/088_youtube_D1ACUFvxAGQ/track.npy,tapcorrect,0.9138755980861244,0.7924528301886793,0.9138755980861244,0.7924528301886793,0.8683452927463315,0.8637730107042025,0.9166666666666667,0.910891089108911
tapcorrect/089_youtube_Ghg70fI6HLI/track.npy,tapcorrect,0.9962264150943396,0.9850746268656716,0.9962264150943396,0.9850746268656716,0.9733541237514537,0.9725403699246707,0.998109640831758,0.9924812030075187
tapcorrect/094_youtube_FrGARptU-kQ/track.npy,tapcorrect,0.9886480908152735,0.5564516129032258,0.9886480908152735,0.5564516129032258,0.9630520980558523,0.6294975769798932,0.9876160990712074,0.6437768240343348
tapcorrect/101_youtube_O64IDCVI3eM/track.npy,tapcorrect,0.9479553903345725,0.9264705882352942,0.9479553903345725,0.9264705882352942,0.9092570179174192,0.9149294383172564,0.9640831758034025,0.962406015037594
