piece,dataset,AMLt_beat,AMLt_downbeat,CMLt_beat,CMLt_downbeat,Cemgil_beat,Cemgil_downbeat,F-measure_beat,F-measure_downbeat
asap/Bach_Fugue_bwv_862_Song04M/track.npy,asap,0.9424460431654677,0.2,0.9424460431654677,0.11904761904761904,0.9508915275874972,0.3624176857736894,0.9743589743589743,0.3466666666666667
asap/Bach_Fugue_bwv_863_LeeN01M/track.npy,asap,0.9870967741935484,0.3157894736842105,0.9870967741935484,0.15384615384615385,0.9733727914034213,0.44959391347175626,0.9935483870967742,0.37837837837837845
asap/Bach_Fugue_bwv_863_Shychko01M/track.npy,asap,0.8461538461538461,0.6363636363636364,0.8461538461538461,0.046153846153846156,0.9354621500552778,0.6134426270404754,0.9568106312292359,0.5576923076923078
asap/Bach_Fugue_bwv_863_TongB01M/track.npy,asap,0.9871794871794872,0.24390243902439024,0.9871794871794872,0.24390243902439024,0.9635647996963098,0.5688579607833804,0.9967845659163987,0.55
asap/Bach_Fugue_bwv_868_GonzalezJ05M/track.npy,asap,0.7412587412587412,0.34375,0.7412587412587412,0.34375,0.8984507467073254,0.67116763013664,0.9185185185185185,0.6875
asap/Bach_Fugue_bwv_873_Lisiecki13M/track.npy,asap,0.9739776951672863,0.48120300751879697,0.9739776951672863,0.1717171717171717,0.9567423536312599,0.6976997422884657,0.9869646182495344,0.6626506024096385
asap/Bach_Fugue_bwv_888_ZhaoK01M/track.npy,asap,0.6981132075471698,0.3076923076923077,0.6981132075471698,0.3076923076923077,0.7828807339370477,0.5016625654773608,0.7924528301886793,0.47058823529411764
asap/Bach_Prelude_bwv_867_HuNY01M/track.npy,asap,0.801980198019802,0.5555555555555556,0.801980198019802,0.0,0.8953148242075013,0.42037951717827504,0.9326424870466321,0.4375
asap/Bach_Prelude_bwv_867_Sham01M/track.npy,asap,0.801980198019802,0.4666666666666667,0.801980198019802,0.02564102564102564,0.9124037386841384,0.4049516551040411,0.9430051813471502,0.3870967741935484
asap/Bach_Prelude_bwv_868_GonzalezJ05M/track.npy,asap,0.971830985915493,0.47058823529411764,0.971830985915493,0.47058823529411764,0.9730653177532941,0.606163212589454,0.9929078014184397,0.6060606060606061
asap/Bach_Prelude_bwv_880_LeungR01M/track.npy,asap,0.9905660377358491,0.2714285714285714,0.9905660377358491,0.2714285714285714,0.9689205196213188,0.5804619232336293,0.9929078014184397,0.608
asap/Bach_Prelude_bwv_880_WangA04M/track.npy,asap,0.8053097345132744,0.4,0.8053097345132744,0.4,0.8934937855136211,0.6000824223490727,0.9174311926605505,0.6176470588235293
asap/Bach_Prelude_bwv_891_BLINOV04M/track.npy,asap,0.8,0.3950617283950617,0.8,0.3950617283950617,0.9121808040129754,0.7591216083317295,0.9345238095238094,0.782608695652174
asap/Bach_Prelude_bwv_891_Duepree06M/track.npy,asap,0.9506172839506173,0.4625,0.9506172839506173,0.4625,0.9636374112041308,0.7582946609861458,0.9813664596273292,0.7681159420289855
asap/Beethoven_Piano_Sonatas_17-1_KaszoS09M/track.npy,asap,0.6272352132049519,0.244,0.07395751376868608,0.22012578616352202,0.6912853821048099,0.5281577971149266,0.6516516516516516,0.5492957746478874
asap/Beethoven_Piano_Sonatas_17-1_no_repeat_GuoE02M/track.npy,asap,0.621031746031746,0.2838709677419355,0.11406423034330011,0.2079646017699115,0.7073895617870647,0.534250221770072,0.6510305614783227,0.5564304461942258
asap/Beethoven_Piano_Sonatas_17-1_no_repeat_KabuliL02M/track.npy,asap,0.5333333333333333,0.3053097345132743,0.15725359911406422,0.3053097345132743,0.7010220951273158,0.5705764484547013,0.6790123456790124,0.5944584382871537
asap/Beethoven_Piano_Sonatas_17-1_no_repeat_Richardson02M/track.npy,asap,0.5813084112149532,0.2874251497005988,0.07427937915742794,0.22566371681415928,0.6714288434178275,0.5186828427553667,0.6346555323590815,0.539440203562341
asap/Beethoven_Piano_Sonatas_17-1_no_repeat_TuanS02M/track.npy,asap,0.65625,0.25663716814159293,0.07973421926910298,0.25663716814159293,0.7048363023870092,0.5652031235794982,0.6473498233215548,0.5955334987593053
asap/Beethoven_Piano_Sonatas_17-1_no_repeat_WangH03M/track.npy,asap,0.6594911937377691,0.26436781609195403,0.06541019955654102,0.2168141592920354,0.7078002251612678,0.530381314396923,0.6341118188251946,0.5499999999999999
asap/Beethoven_Piano_Sonatas_21-1_KaiRuiR02M/track.npy,asap,0.8257180156657964,0.369140625,0.8257180156657964,0.369140625,0.9035902076791446,0.72813223478724,0.9282392026578072,0.7418994413407821
asap/Beethoven_Piano_Sonatas_21-1_Sekino05M/track.npy,asap,0.8327787021630616,0.5376884422110553,0.8327787021630616,0.1991701244813278,0.8843103042622547,0.6917275272603569,0.9173622704507512,0.6786171574903971
asap/Beethoven_Piano_Sonatas_21-1_no_repeat_GonzalezJ06M/track.npy,asap,0.7150041911148366,0.5172413793103449,0.7150041911148366,0.5172413793103449,0.8405716001467898,0.7439073882411521,0.8755401901469316,0.7751479289940829
asap/Beethoven_Piano_Sonatas_21-1_no_repeat_KimSY02M/track.npy,asap,0.7845766974015088,0.33835845896147404,0.7845766974015088,0.32673267326732675,0.8568181321728511,0.6766542859974791,0.8965808357956945,0.7140825035561877
asap/Beethoven_Piano_Sonatas_21-1_no_repeat_LeeN02M/track.npy,asap,0.7585917854149203,0.5220994475138122,0.7585917854149203,0.5220994475138122,0.8533001492358933,0.7648266915328896,0.8865187713310579,0.7957639939485628
asap/Beethoven_Piano_Sonatas_21-1_no_repeat_RichardsonC02M/track.npy,asap,0.7827529021558872,0.3594132029339853,0.7827529021558872,0.3594132029339853,0.8543303772440034,0.6624517375844587,0.8895373072113381,0.6864406779661016
asap/Beethoven_Piano_Sonatas_21-1_no_repeat_Shychko02M/track.npy,asap,0.7847571189279732,0.3869346733668342,0.7847571189279732,0.32107843137254904,0.88294769683309,0.7035859346366371,0.9135273972602739,0.727015558698727
asap/Beethoven_Piano_Sonatas_21-1_no_repeat_Sladek02M/track.npy,asap,0.730092204526404,0.48169014084507045,0.730092204526404,0.48169014084507045,0.8496477348168779,0.7279287475692247,0.880476393024245,0.7492354740061161
asap/Beethoven_Piano_Sonatas_21-1_no_repeat_Song03M/track.npy,asap,0.7606694560669456,0.5205882352941177,0.7606694560669456,0.5205882352941177,0.8826205439610417,0.7503267622405786,0.9085365853658536,0.7730829420970267
asap/Beethoven_Piano_Sonatas_21-1_no_repeat_SunY02M/track.npy,asap,0.7615131578947368,0.35126050420168065,0.7615131578947368,0.3284671532846715,0.8451238862575521,0.6490881749868902,0.8745847176079733,0.6685472496473907
asap/Beethoven_Piano_Sonatas_21-1_no_repeat_Tetzloff05M/track.npy,asap,0.7197986577181208,0.42377260981912146,0.7197986577181208,0.42377260981912146,0.8305096240458194,0.6960417539915219,0.8756847871892118,0.7240875912408757
asap/Beethoven_Piano_Sonatas_21-1_no_repeat_ToA02M/track.npy,asap,0.7711651299245599,0.4129353233830846,0.7711651299245599,0.4129353233830846,0.8592694461301748,0.720455891847909,0.8841567291311754,0.738944365192582
asap/Beethoven_Piano_Sonatas_21-1_no_repeat_TongB03M/track.npy,asap,0.8466051969823973,0.4117647058823529,0.8466051969823973,0.4117647058823529,0.8845595421109256,0.7224969701489017,0.921979865771812,0.7596685082872929
asap/Beethoven_Piano_Sonatas_21-1_no_repeat_WangA02M/track.npy,asap,0.7516778523489933,0.3859223300970874,0.7516778523489933,0.3859223300970874,0.8406528707944609,0.6847485805189863,0.8704177323103154,0.7126760563380282
asap/Beethoven_Piano_Sonatas_21-1_no_repeat_YeZ02M/track.npy,asap,0.8149078726968174,0.5634218289085545,0.8149078726968174,0.5634218289085545,0.8905935830595431,0.7826010281249887,0.9213197969543148,0.8150470219435737
asap/Beethoven_Piano_Sonatas_21-1_no_repeat_ZhangW01M/track.npy,asap,0.80720871751886,0.3530864197530864,0.80720871751886,0.3530864197530864,0.877128599188872,0.7037411580879653,0.9118905047048761,0.7301136363636364
asap/Beethoven_Piano_Sonatas_9-3_Tysman05M/track.npy,asap,0.5952848722986247,0.32941176470588235,0.15789473684210525,0.32275132275132273,0.72905724784747,0.6789302189164202,0.6919831223628692,0.7066246056782334
asap/Chopin_Ballades_3_Ko11M/track.npy,asap,0.5833333333333334,0.4309623430962343,0.5833333333333334,0.4309623430962343,0.7359230265211739,0.6523642074711785,0.7781094527363185,0.6825053995680346
asap/Chopin_Ballades_3_LinPeng06M/track.npy,asap,0.5673249551166966,0.3877551020408163,0.5673249551166966,0.3877551020408163,0.7289896844273868,0.5603131552556422,0.7678916827852998,0.5909090909090908
asap/Chopin_Etudes_op_10_1_ChenW03M/track.npy,asap,0.7827476038338658,0.9,0.7827476038338658,0.9,0.8366566021029891,0.8883716654029471,0.8972267536704731,0.9290322580645162
asap/Chopin_Etudes_op_10_1_KaiRuiR03M/track.npy,asap,0.8444444444444444,0.9605263157894737,0.8444444444444444,0.9605263157894737,0.8943142574474942,0.9168891016769969,0.9350649350649352,0.9473684210526315
asap/Chopin_Etudes_op_10_1_LiYZ02M/track.npy,asap,0.9575163398692811,0.9342105263157895,0.9575163398692811,0.9342105263157895,0.9479211459156967,0.9304781628372547,0.9867986798679869,0.9536423841059603
asap/Chopin_Etudes_op_10_1_LuM02M/track.npy,asap,0.6041666666666666,0.8888888888888888,0.6041666666666666,0.8888888888888888,0.7430123234131356,0.8527709944742212,0.8031496062992127,0.8774193548387097
asap/Chopin_Etudes_op_10_1_MunA07M/track.npy,asap,0.7993630573248408,0.9733333333333334,0.7993630573248408,0.9733333333333334,0.8624984282510437,0.9339036817614802,0.9478827361563518,0.9932885906040269
asap/Chopin_Etudes_op_10_1_SunY03M/track.npy,asap,0.8439490445859873,0.9868421052631579,0.8439490445859873,0.9868421052631579,0.8674254091214996,0.9153364840046263,0.9413680781758959,0.9801324503311258
asap/Chopin_Etudes_op_10_1_YeF03M/track.npy,asap,0.5160256410256411,0.8023255813953488,0.5160256410256411,0.8023255813953488,0.7126567985358668,0.8172332827459169,0.803921568627451,0.8819875776397516
asap/Chopin_Etudes_op_10_1_YuP02M/track.npy,asap,0.9129032258064517,0.9342105263157895,0.9129032258064517,0.9342105263157895,0.9307968830403066,0.9175622846019932,0.9689034369885433,0.9536423841059603
asap/Haydn_Keyboard_Sonatas_39-3_Yarden07M/track.npy,asap,0.9346938775510204,0.8940677966101694,0.9346938775510204,0.8940677966101694,0.9382690517139375,0.9124887526260719,0.9771309771309771,0.948936170212766
asap/Liszt_Annees_de_pelerinage_2_1_Gondoliera_LeungM08M/track.npy,asap,0.3501683501683502,0.29133858267716534,0.3501683501683502,0.29133858267716534,0.5411949210031253,0.4160033019326971,0.5816135084427767,0.44081632653061226
asap/Liszt_Annees_de_pelerinage_2_1_Gondoliera_LeungM12M/track.npy,asap,0.21944444444444444,0.37209302325581395,0.21944444444444444,0.37209302325581395,0.44879977945253885,0.44651728530131185,0.4899328859060403,0.4615384615384616
asap/Rachmaninoff_Preludes_op_23_6_Nikiforov14M/track.npy,asap,0.4046242774566474,0.2962962962962963,0.4046242774566474,0.02631578947368421,0.6229955812605007,0.4224952474068995,0.6528189910979229,0.4444444444444444
asap/Schubert_Impromptu_op142_3_Richardson07M/track.npy,asap,0.6962332928311057,0.5255474452554745,0.0992462311557789,0.1526479750778816,0.6924029804693834,0.6279112834606454,0.6655629139072847,0.6413662239089184
asap/Schubert_Impromptu_op142_3_RichardsonC06M/track.npy,asap,0.7045720984759671,0.4496487119437939,0.07337278106508875,0.1897590361445783,0.6453350921234688,0.6000871961384883,0.6415094339622641,0.6483516483516484
asap/Schubert_Impromptu_op142_3_SunY08M/track.npy,asap,0.7318435754189944,0.5590778097982709,0.036312849162011177,0.15488215488215487,0.63275398464777,0.6183793093163888,0.6114769520225776,0.6454352441613588
asap/Schubert_Impromptu_op142_3_WangH06M/track.npy,asap,0.7592165898617511,0.5245901639344263,0.04032258064516129,0.1907356948228883,0.624235489314692,0.607231724387679,0.6234567901234568,0.674698795180723
asap/Schubert_Impromptu_op142_3_YoungS06M/track.npy,asap,0.6853801169590643,0.468384074941452,0.10784313725490197,0.1697530864197531,0.673807549602737,0.6094534361602185,0.6655948553054662,0.6394052044609665
ballroom/ballroom_Albums-AnaBelen_Veneo-11/track.npy,ballroom,1.0,1.0,1.0,1.0,0.9746226337231263,0.9725759389951611,1.0,1.0
ballroom/ballroom_Albums-Ballroom_Classics4-07/track.npy,ballroom,0.9629629629629629,1.0,0.9629629629629629,1.0,0.9072229463504062,0.9115493233791019,0.9906542056074767,1.0
ballroom/ballroom_Albums-Ballroom_Classics4-09/track.npy,ballroom,1.0,1.0,1.0,1.0,0.9250500382795726,0.9374884049769943,1.0,1.0
ballroom/ballroom_Albums-Cafe_Paradiso-02/track.npy,ballroom,0.9761904761904762,1.0,0.9761904761904762,1.0,0.9561995095064537,0.9694221036113287,0.9879518072289156,1.0
ballroom/ballroom_Albums-Chrisanne2-03/track.npy,ballroom,0.9142857142857143,0.5454545454545454,0.9142857142857143,0.5454545454545454,0.7268997806707971,0.5768113194403028,0.8115942028985507,0.6666666666666666
ballroom/ballroom_Albums-Chrisanne3-08/track.npy,ballroom,0.9736842105263158,1.0,0.9736842105263158,1.0,0.9301688044882743,0.9490982864134985,0.9801324503311258,1.0
ballroom/ballroom_Albums-GloriaEstefan_MiTierra-08/track.npy,ballroom,0.972972972972973,1.0,0.972972972972973,1.0,0.8639250409621456,0.9457646958649144,0.9863013698630138,1.0
ballroom/ballroom_Albums-Latin_Jam-01/track.npy,ballroom,0.9807692307692307,1.0,0.9807692307692307,1.0,0.9747658414537467,0.9831537973011186,0.9902912621359222,1.0
ballroom/ballroom_Albums-Latin_Jam-05/track.npy,ballroom,1.0,1.0,1.0,1.0,0.9812037802516052,0.9860852415765522,1.0,1.0
ballroom/ballroom_Albums-Latin_Jam-07/track.npy,ballroom,1.0,1.0,1.0,1.0,0.9839066947637828,0.9908619015241354,1.0,1.0
ballroom/ballroom_Albums-Latin_Jam2-11/track.npy,ballroom,1.0,1.0,1.0,1.0,0.965971316197493,0.9501649378595106,1.0,1.0
ballroom/ballroom_Albums-Latin_Jam4-13/track.npy,ballroom,0.9555555555555556,0.9166666666666666,0.9555555555555556,0.9166666666666666,0.9109741174527872,0.9383217959542753,0.9318181818181819,0.9565217391304348
ballroom/ballroom_Albums-Latin_Jam5-06/track.npy,ballroom,0.9761904761904762,1.0,0.9761904761904762,1.0,0.935976344104003,0.9711850974998871,0.9879518072289156,1.0
ballroom/ballroom_Albums-Latin_Jam5-07/track.npy,ballroom,1.0,1.0,1.0,1.0,0.9727799161142086,0.9644733980694237,1.0,1.0
ballroom/ballroom_Albums-Latin_Jam5-09/track.npy,ballroom,1.0,1.0,1.0,1.0,0.9704523962879951,0.9698049529302413,1.0,1.0
ballroom/ballroom_Albums-Latino_Latino-05/track.npy,ballroom,0.9787234042553191,1.0,0.9787234042553191,1.0,0.9520857103112453,0.961280551227146,0.989247311827957,1.0
ballroom/ballroom_Albums-Macumba-04/track.npy,ballroom,1.0,1.0,1.0,1.0,0.9720161059465469,0.9835756578711311,1.0,1.0
ballroom/ballroom_Albums-Macumba-07/track.npy,ballroom,1.0,1.0,1.0,1.0,0.9823381117723823,0.9855616253499319,1.0,1.0
ballroom/ballroom_Albums-Macumba-11/track.npy,ballroom,0.9761904761904762,1.0,0.9761904761904762,1.0,0.9522728586827109,0.962682860839902,0.9879518072289156,1.0
ballroom/ballroom_Albums-Mambo_Kings-03/track.npy,ballroom,1.0,1.0,1.0,1.0,0.9736910991872375,0.9650781146645091,1.0,1.0
ballroom/ballroom_Albums-Mambo_Kings-11/track.npy,ballroom,1.0,1.0,1.0,1.0,0.9773005078390443,0.9686037822330883,1.0,1.0
ballroom/ballroom_Albums-Pais_Tropical-07/track.npy,ballroom,1.0,1.0,1.0,1.0,0.9828611778402562,0.9837669990568703,1.0,1.0
ballroom/ballroom_Albums-Pais_Tropical-08/track.npy,ballroom,0.9811320754716981,0.9285714285714286,0.9811320754716981,0.9285714285714286,0.9639242273328713,0.9350776588735379,0.9904761904761905,0.962962962962963
ballroom/ballroom_Albums-Pais_Tropical-10/track.npy,ballroom,1.0,1.0,1.0,1.0,0.9463880582210089,0.9856635904218501,1.0,1.0
ballroom/ballroom_Albums-Step_By_Step-04/track.npy,ballroom,1.0,1.0,1.0,1.0,0.9176449829587007,0.9671499352227327,1.0,1.0
ballroom/ballroom_Albums-Step_By_Step-09/track.npy,ballroom,0.974025974025974,1.0,0.974025974025974,1.0,0.9560044539699333,0.9632209189674383,0.9868421052631579,1.0
ballroom/ballroom_Albums-Step_By_Step-11/track.npy,ballroom,1.0,1.0,1.0,1.0,0.9770535744752289,0.9734951453976752,1.0,1.0
ballroom/ballroom_Albums-Step_By_Step-16/track.npy,ballroom,0.9759036144578314,1.0,0.9759036144578314,1.0,0.7514902672989197,0.759051978284077,1.0,1.0
ballroom/ballroom_Albums-StrictlyDancing_Tango-05/track.npy,ballroom,0.92,0.8571428571428571,0.02040816326530612,0.16666666666666666,0.7041751480629515,0.7375781716333909,0.5945945945945946,0.631578947368421
ballroom/ballroom_Albums-StrictlyDancing_Tango-10/track.npy,ballroom,1.0,1.0,1.0,1.0,0.9420066988530655,0.9680378226079775,1.0,1.0
ballroom/ballroom_Media-100603/track.npy,ballroom,1.0,1.0,1.0,1.0,0.9126851910527327,0.9456579299220897,1.0,1.0
ballroom/ballroom_Media-100604/track.npy,ballroom,1.0,1.0,1.0,1.0,0.8687979459234172,0.8343454450240846,1.0,1.0
ballroom/ballroom_Media-100605/track.npy,ballroom,0.4727272727272727,0.38461538461538464,0.32727272727272727,0.38461538461538464,0.5184825332670159,0.41030906524064076,0.4036697247706423,0.41666666666666663
ballroom/ballroom_Media-103303/track.npy,ballroom,0.972972972972973,1.0,0.972972972972973,1.0,0.8905164293037477,0.9276636548339027,0.9863013698630138,1.0
ballroom/ballroom_Media-103315/track.npy,ballroom,0.9868421052631579,1.0,0.9868421052631579,1.0,0.9086540611757784,0.8997459452494119,1.0,1.0
ballroom/ballroom_Media-103408/track.npy,ballroom,0.9811320754716981,0.9285714285714286,0.9811320754716981,0.9285714285714286,0.9714217427822713,0.9522204985603945,0.9904761904761905,0.962962962962963
ballroom/ballroom_Media-103504/track.npy,ballroom,0.5542168674698795,0.9090909090909091,0.265625,0.9090909090909091,0.6875096106823237,0.8413387599792347,0.7735849056603773,0.9523809523809523
ballroom/ballroom_Media-103509/track.npy,ballroom,0.9807692307692307,1.0,0.9807692307692307,1.0,0.9727479262547867,0.972331173381587,0.9902912621359222,1.0
ballroom/ballroom_Media-103511/track.npy,ballroom,1.0,1.0,1.0,1.0,0.9463237830625717,0.9569063640668773,1.0,1.0
ballroom/ballroom_Media-103515/track.npy,ballroom,1.0,1.0,1.0,1.0,0.9774640718524693,0.9776356444399525,1.0,1.0
ballroom/ballroom_Media-103605/track.npy,ballroom,1.0,1.0,1.0,1.0,0.9781400762242867,0.9777767679951299,1.0,1.0
ballroom/ballroom_Media-103611/track.npy,ballroom,1.0,1.0,1.0,1.0,0.9628162440328948,0.9807960872731243,1.0,1.0
ballroom/ballroom_Media-103618/track.npy,ballroom,1.0,1.0,1.0,1.0,0.9888166108088295,0.9910281220002403,1.0,1.0
ballroom/ballroom_Media-103815/track.npy,ballroom,0.9743589743589743,0.9090909090909091,0.9743589743589743,0.9090909090909091,0.9299856378595371,0.9435019044067713,0.9743589743589743,0.9523809523809523
ballroom/ballroom_Media-103902/track.npy,ballroom,1.0,0.42105263157894735,1.0,0.0,0.9672785233510179,0.5596180835784601,1.0,0.34782608695652173
ballroom/ballroom_Media-103905/track.npy,ballroom,0.23333333333333334,0.21428571428571427,0.23333333333333334,0.21428571428571427,0.4016067320443194,0.14961170538527174,0.5098039215686274,0.16666666666666666
ballroom/ballroom_Media-103910/track.npy,ballroom,1.0,1.0,1.0,1.0,0.9641757822296578,0.9653162588188298,1.0,1.0
ballroom/ballroom_Media-104007/track.npy,ballroom,1.0,1.0,1.0,1.0,0.9784808118420107,0.9601809969241415,1.0,1.0
ballroom/ballroom_Media-104010/track.npy,ballroom,1.0,1.0,1.0,1.0,0.9709152285483507,0.960524409861914,1.0,1.0
ballroom/ballroom_Media-104203/track.npy,ballroom,1.0,1.0,1.0,1.0,0.9363586075322468,0.9539812235385217,1.0,1.0
ballroom/ballroom_Media-104210/track.npy,ballroom,0.974025974025974,0.9615384615384616,0.974025974025974,0.9615384615384616,0.9376990814827966,0.9450406936536966,0.9868421052631579,0.9803921568627451
ballroom/ballroom_Media-104307/track.npy,ballroom,0.9868421052631579,1.0,0.9868421052631579,1.0,0.9593160433183497,0.9720556654568978,0.9933774834437086,1.0
ballroom/ballroom_Media-104417/track.npy,ballroom,0.9886363636363636,0.9545454545454546,0.9886363636363636,0.9545454545454546,0.9296388617159776,0.9230593467735833,0.9942857142857142,0.9767441860465117
ballroom/ballroom_Media-104502/track.npy,ballroom,1.0,1.0,1.0,1.0,0.7651369553771116,0.733855603401243,0.9722222222222222,0.9166666666666666
ballroom/ballroom_Media-104516/track.npy,ballroom,0.9222222222222223,0.9565217391304348,0.9222222222222223,0.9565217391304348,0.8872666318599597,0.9283756597727416,0.983050847457627,0.9777777777777777
ballroom/ballroom_Media-104706/track.npy,ballroom,0.9636363636363636,0.9285714285714286,0.9636363636363636,0.9285714285714286,0.8931154031749848,0.9053837592575145,0.9629629629629629,0.962962962962963
ballroom/ballroom_Media-104707/track.npy,ballroom,0.9814814814814815,0.9285714285714286,0.9814814814814815,0.9285714285714286,0.9462242920457166,0.9143496481355436,0.9906542056074767,0.962962962962963
ballroom/ballroom_Media-104711/track.npy,ballroom,0.9324324324324325,0.96,0.9324324324324325,0.96,0.8006686151214839,0.7941368542087476,0.9659863945578231,0.9387755102040817
ballroom/ballroom_Media-104806/track.npy,ballroom,0.9821428571428571,1.0,0.9821428571428571,1.0,0.9146323633005566,0.9422955263935423,0.9909909909909909,1.0
ballroom/ballroom_Media-104904/track.npy,ballroom,0.8888888888888888,1.0,0.8888888888888888,1.0,0.7828689694203499,0.749207937625854,0.9014084507042254,0.9166666666666666
ballroom/ballroom_Media-104905/track.npy,ballroom,1.0,1.0,1.0,1.0,0.8556597928581046,0.9134110656746981,1.0,1.0
ballroom/ballroom_Media-105019/track.npy,ballroom,0.9882352941176471,1.0,0.9882352941176471,1.0,0.9131169205738746,0.9335926785122947,0.9882352941176471,1.0
ballroom/ballroom_Media-105119/track.npy,ballroom,0.9770114942528736,1.0,0.9770114942528736,1.0,0.9280870490849031,0.9297359784779528,0.9883720930232558,1.0
ballroom/ballroom_Media-105122/track.npy,ballroom,0.9550561797752809,0.9545454545454546,0.9550561797752809,0.9545454545454546,0.9047123449793113,0.898531840372491,0.9886363636363636,0.9767441860465117
ballroom/ballroom_Media-105211/track.npy,ballroom,0.8823529411764706,0.8333333333333334,0.8823529411764706,0.8333333333333334,0.6530888529115721,0.6926434533992879,0.9090909090909091,0.9090909090909091
ballroom/ballroom_Media-105215/track.npy,ballroom,0.9782608695652174,0.9375,0.9782608695652174,0.9375,0.941864107207133,0.9370322350348784,0.989010989010989,0.967741935483871
ballroom/ballroom_Media-105401/track.npy,ballroom,0.9761904761904762,1.0,0.9761904761904762,1.0,0.9651837360156966,0.9743101009349384,0.9879518072289156,1.0
ballroom/ballroom_Media-105404/track.npy,ballroom,0.9523809523809523,0.9090909090909091,0.9523809523809523,0.9090909090909091,0.8942119691689153,0.9163869681886587,0.9285714285714286,0.9523809523809523
ballroom/ballroom_Media-105407/track.npy,ballroom,0.9629629629629629,0.9285714285714286,0.9629629629629629,0.9285714285714286,0.9569443844861619,0.9210974379538318,0.9811320754716981,0.962962962962963
ballroom/ballroom_Media-105414/track.npy,ballroom,0.972972972972973,0.7777777777777778,0.972972972972973,0.7777777777777778,0.948213100105762,0.875122507854424,0.9863013698630138,0.9142857142857143
ballroom/ballroom_Media-105419/track.npy,ballroom,0.8064516129032258,0.875,0.8064516129032258,0.875,0.8515571029807572,0.918838085171651,0.8928571428571428,0.9333333333333333
ballroom/ballroom_Media-105503/track.npy,ballroom,1.0,1.0,1.0,1.0,0.9094270577942514,0.9545981655638771,0.972972972972973,1.0
ballroom/ballroom_Media-105507/track.npy,ballroom,0.9636363636363636,1.0,0.9636363636363636,1.0,0.9618614094115093,0.9680559295419819,0.9814814814814815,1.0
ballroom/ballroom_Media-105508/track.npy,ballroom,0.9814814814814815,1.0,0.9814814814814815,1.0,0.8809553545057116,0.9142872523949971,0.9906542056074767,1.0
ballroom/ballroom_Media-105516/track.npy,ballroom,0.9882352941176471,1.0,0.9882352941176471,1.0,0.9538017193785702,0.9480021998015301,0.9940828402366864,1.0
ballroom/ballroom_Media-105614/track.npy,ballroom,0.9772727272727273,1.0,0.9772727272727273,1.0,0.9683539602889858,0.9813592614898781,0.9885057471264368,1.0
ballroom/ballroom_Media-105704/track.npy,ballroom,0.9714285714285714,1.0,0.9714285714285714,1.0,0.9331951045095436,0.9571229198045657,0.9855072463768115,1.0
ballroom/ballroom_Media-105806/track.npy,ballroom,0.9814814814814815,0.9285714285714286,0.9814814814814815,0.9285714285714286,0.9726278648386103,0.9455470013693974,0.9906542056074767,0.962962962962963
ballroom/ballroom_Media-105811/track.npy,ballroom,1.0,1.0,1.0,1.0,0.9734832447024625,0.9719966102285277,1.0,1.0
ballroom/ballroom_Media-105817/track.npy,ballroom,1.0,1.0,1.0,1.0,0.9756140252974249,0.9790238322945333,1.0,1.0
ballroom/ballroom_Media-105819/track.npy,ballroom,1.0,1.0,1.0,1.0,0.9779006698326211,0.9742384323464751,1.0,1.0
ballroom/ballroom_Media-106011/track.npy,ballroom,0.9523809523809523,0.9090909090909091,0.9523809523809523,0.9090909090909091,0.9270916893699456,0.9118440347431923,0.975609756097561,0.9523809523809523
ballroom/ballroom_Media-106015/track.npy,ballroom,0.958904109589041,0.9444444444444444,0.958904109589041,0.9444444444444444,0.9218812704048546,0.9306864507759504,0.9790209790209791,0.9714285714285714
ballroom/ballroom_Media-106017/track.npy,ballroom,0.9473684210526315,0.9,0.9473684210526315,0.9,0.9625405282949747,0.9314838945497682,0.972972972972973,0.9473684210526316
ballroom/ballroom_Media-106101/track.npy,ballroom,0.9629629629629629,0.9285714285714286,0.9629629629629629,0.9285714285714286,0.9637125150864513,0.940966391129293,0.9811320754716981,0.962962962962963
ballroom/ballroom_Media-106112/track.npy,ballroom,0.9767441860465116,1.0,0.9767441860465116,1.0,0.8947708281893372,0.8769200175495929,0.988235294117647,1.0
beatles/beatles_01_Please_Please_Me_11_Do_You_Want_To_Know_A_Secret/track.npy,beatles,0.9288888888888889,0.896551724137931,0.9288888888888889,0.896551724137931,0.8812425257373874,0.8626579683728897,0.9610983981693363,0.9369369369369369
beatles/beatles_01_Please_Please_Me_14_Twist_And_Shout/track.npy,beatles,0.9933333333333333,0.9866666666666667,0.9933333333333333,0.9866666666666667,0.9318332719305685,0.9259807824823493,0.9966555183946488,0.9932885906040269
beatles/beatles_02_With_the_Beatles_07_Please_Mister_Postman/track.npy,beatles,0.9866666666666667,0.9866666666666667,0.9866666666666667,0.9866666666666667,0.9626310644119486,0.9639181713223243,0.9932885906040269,0.9932885906040269
beatles/beatles_02_With_the_Beatles_10_You_Really_Got_A_Hold_On_Me/track.npy,beatles,0.8826086956521739,0.6166666666666667,0.8826086956521739,0.6166666666666667,0.8673822699314794,0.7329741444491849,0.9354120267260579,0.7964601769911505
beatles/beatles_03_A_Hard_Days_Night_01_A_Hard_Days_Night/track.npy,beatles,0.9818731117824774,0.9759036144578314,0.9818731117824774,0.9759036144578314,0.9600991476345685,0.9602863061321042,0.9908536585365855,0.9878048780487805
beatles/beatles_04_Beatles_for_Sale_11_Every_Little_Thing/track.npy,beatles,0.9957446808510638,0.9666666666666667,0.9957446808510638,0.9666666666666667,0.670400673141515,0.6690338569680215,0.9978678038379531,0.9915966386554621
beatles/beatles_04_Beatles_for_Sale_14_Everybodys_Trying_to_Be_My_Baby/track.npy,beatles,0.8970588235294118,0.7321428571428571,0.04177545691906005,0.1368421052631579,0.4839776490352233,0.48789243092067636,0.6712095400340715,0.7152317880794701
beatles/beatles_05_Help_11_Tell_Me_What_You_See/track.npy,beatles,0.9821428571428571,0.9642857142857143,0.9821428571428571,0.9642857142857143,0.8954228606615159,0.8665588297906698,0.9836065573770492,0.970059880239521
beatles/beatles_05_Help_13_Yesterday/track.npy,beatles,0.994535519125683,1.0,0.994535519125683,1.0,0.7358766459521625,0.7220505257660395,0.9781420765027322,0.9782608695652174
beatles/beatles_06_Rubber_Soul_12_Wait/track.npy,beatles,0.9806201550387597,0.984375,0.9806201550387597,0.984375,0.9088214145901392,0.9011959205906395,0.980544747081712,0.984375
beatles/beatles_07_Revolver_07_She_Said_She_Said/track.npy,beatles,0.9250936329588015,0.7,0.9250936329588015,0.7,0.8674121067456286,0.7256786119200417,0.941398865784499,0.7938931297709924
beatles/beatles_07_Revolver_12_I_Want_To_Tell_You/track.npy,beatles,1.0,0.9733333333333334,1.0,0.9733333333333334,0.9576211426860095,0.959464790442763,1.0,0.9932885906040269
beatles/beatles_08_Sgt_Peppers_Lonely_Hearts_Club_Band_02_With_A_Little_Help_From_My_Friends/track.npy,beatles,0.9965277777777778,1.0,0.9965277777777778,1.0,0.9246355915032728,0.9279918973829607,0.9982608695652174,1.0
beatles/beatles_08_Sgt_Peppers_Lonely_Hearts_Club_Band_12_Sgt_Peppers_Lonely_Hearts_Club_Band_(Reprise)/track.npy,beatles,0.9863013698630136,1.0,0.9863013698630136,1.0,0.8505348933637696,0.8599747942791117,0.993103448275862,1.0
beatles/beatles_09_Magical_Mystery_Tour_10_Baby_Youre_A_Rich_Man/track.npy,beatles,0.9822064056939501,0.9859154929577465,0.9822064056939501,0.9859154929577465,0.8515818355833751,0.8547075776686406,0.9910554561717353,0.9929078014184397
beatles/beatles_10_CD1_The_Beatles_03_Glass_Onion/track.npy,beatles,0.9753086419753086,0.8253968253968254,0.9753086419753086,0.8253968253968254,0.9131588727640809,0.8055448341476714,0.9813664596273292,0.8455284552845528
beatles/beatles_10_CD1_The_Beatles_09_Martha_My_Dear/track.npy,beatles,0.9952380952380953,0.39805825242718446,0.9952380952380953,0.39805825242718446,0.9420919053835113,0.762419448134068,0.9976133651551313,0.8068181818181818
beatles/beatles_10_CD1_The_Beatles_15_Why_Dont_We_Do_It_In_The_Road/track.npy,beatles,0.9863945578231292,1.0,0.9863945578231292,1.0,0.8939937912169518,0.9136069413586404,0.9931506849315068,1.0
beatles/beatles_10_CD2_The_Beatles_11_Cry_Baby_Cry/track.npy,beatles,0.9380530973451328,0.42105263157894735,0.9380530973451328,0.42105263157894735,0.8410290053166268,0.5168901380050974,0.9521640091116172,0.5961538461538461
beatles/beatles_11_Abbey_Road_14_Golden_Slumbers/track.npy,beatles,0.9747899159663865,0.6774193548387096,0.9747899159663865,0.6774193548387096,0.895312127999687,0.7116923267275692,0.9702127659574468,0.7868852459016393
beatles/beatles_11_Abbey_Road_16_The_End/track.npy,beatles,0.7991967871485943,0.8387096774193549,0.7991967871485943,0.8387096774193549,0.889470499838582,0.8813983106117704,0.9253731343283582,0.9243697478991597
beatles/beatles_12_Let_It_Be_04_I_Me_Mine/track.npy,beatles,0.292817679558011,0.43859649122807015,0.292817679558011,0.17543859649122806,0.6142251412977199,0.6757868107753637,0.6643717728055077,0.6588235294117647
beatles/beatles_12_Let_It_Be_10_The_Long_and_Winding_Road/track.npy,beatles,0.9557522123893806,0.9482758620689655,0.9557522123893806,0.9482758620689655,0.9021094326400474,0.9032906722608853,0.9733333333333334,0.9824561403508771
candombe/csic.1995_ansina1_04/track.npy,candombe,0.9937304075235109,0.9814814814814815,0.9937304075235109,0.9814814814814815,0.9752845607401879,0.9737256030091549,0.9968553459119497,0.9906542056074767
candombe/csic.1995_ansina2_03/track.npy,candombe,0.9967159277504105,0.9934640522875817,0.9967159277504105,0.9934640522875817,0.9839251560556868,0.9834400217937397,0.9983552631578947,0.9967213114754099
candombe/proyecto.1992_lobo_01/track.npy,candombe,0.9952718676122931,0.9906542056074766,0.9952718676122931,0.9906542056074766,0.9102913061067139,0.9068456357700231,0.9976303317535545,0.9953051643192489
candombe/zavala.muniz.2014_44/track.npy,candombe,0.9973614775725593,1.0,0.9973614775725593,1.0,0.9407557135185993,0.9406721676455038,0.9986789960369881,1.0
candombe/zavala.muniz.2014_49/track.npy,candombe,1.0,1.0,1.0,1.0,0.9776243393763094,0.9832810484893304,1.0,1.0
filosax/filosax_25/track.npy,filosax,0.9944794952681388,0.9968454258675079,0.9944794952681388,0.9968454258675079,0.9510771043989299,0.9448874391025476,0.9980276134122289,0.9984202211690364
filosax/filosax_27/track.npy,filosax,0.9874791318864775,0.979933110367893,0.9874791318864775,0.979933110367893,0.9469082654396104,0.9366372831184233,0.995403259506895,0.9916247906197654
filosax/filosax_28/track.npy,filosax,0.9334186939820742,0.8963730569948186,0.9334186939820742,0.8963730569948186,0.9173168523952658,0.8781032203353529,0.9778645833333334,0.9424083769633508
filosax/filosax_38/track.npy,filosax,0.99609375,1.0,0.99609375,1.0,0.9628705583952277,0.9565291975909331,0.9985330073349633,1.0
filosax/filosax_41/track.npy,filosax,0.9924012158054711,0.9820359281437125,0.9924012158054711,0.9820359281437125,0.9288697573524392,0.9154498028048065,0.9916222391469917,0.9848942598187312
filosax/filosax_44/track.npy,filosax,0.9763358778625955,0.9696969696969697,0.9763358778625955,0.9696969696969697,0.9389946037697632,0.9233979840774922,0.9880262649671688,0.9846153846153847
groove_midi/drummer10_session1_3_jazz-swing_215_beat_4-4/track.npy,groove_midi,0.5449101796407185,0.391304347826087,0.5449101796407185,0.0,0.8065166440285939,0.4729963668790519,0.8657718120805369,0.4307692307692308
groove_midi/drummer10_session1_5_jazz-swing_215_beat_4-4/track.npy,groove_midi,0.9728260869565217,1.0,0.9728260869565217,1.0,0.8879442143783508,0.895577590841642,0.9863760217983651,1.0
groove_midi/drummer1_eval_session_1_funk-groove1_138_beat_4-4/track.npy,groove_midi,0.9811320754716981,0.9285714285714286,0.9811320754716981,0.9285714285714286,0.966536027210925,0.9444762070587773,0.9904761904761905,0.962962962962963
groove_midi/drummer1_session1_183_afrocuban_105_beat_4-4/track.npy,groove_midi,0.9826839826839827,0.9655172413793104,0.9826839826839827,0.9655172413793104,0.9601253065462563,0.9372907936060959,0.9891067538126361,0.9739130434782608
groove_midi/drummer1_session1_38_latin-samba_116_beat_4-4/track.npy,groove_midi,0.9902912621359223,0.8,0.9902912621359223,0.8,0.8212488279423956,0.6601102854008555,0.9951219512195122,0.816326530612245
groove_midi/drummer1_session1_5_jazz-funk_116_beat_4-4/track.npy,groove_midi,0.9893992932862191,0.9714285714285714,0.9893992932862191,0.9714285714285714,0.8726274628874818,0.8760512480939147,0.9946902654867257,0.9857142857142858
groove_midi/drummer1_session1_79_latin-reggaeton_90_beat_4-4/track.npy,groove_midi,0.984,0.7142857142857143,0.984,0.7142857142857143,0.9246562877671664,0.8018840228841457,0.9959839357429718,0.8656716417910447
groove_midi/drummer1_session2_181_rock_115_beat_4-4/track.npy,groove_midi,0.736,0.7903225806451613,0.736,0.7903225806451613,0.8044468233868345,0.7605850042767773,0.8401639344262296,0.7899159663865545
groove_midi/drummer1_session2_4_jazz_120_beat_3-4/track.npy,groove_midi,0.996078431372549,0.0,0.996078431372549,0.0,0.9320411640533942,0.3097186800811145,0.9980353634577603,0.27210884353741494
groove_midi/drummer1_session3_11_afrobeat_94_beat_4-4/track.npy,groove_midi,0.2996742671009772,0.46616541353383456,0.2996742671009772,0.46616541353383456,0.6135782047641375,0.5202870984297882,0.6039603960396039,0.5517241379310345
groove_midi/drummer1_session3_12_latin-bomba_96_beat_4-4/track.npy,groove_midi,0.9523809523809523,0.9021739130434783,0.9523809523809523,0.9021739130434783,0.9144359560276256,0.8912229380122813,0.9787234042553192,0.9497206703910613
groove_midi/drummer1_session3_14_rock_94_beat_4-4/track.npy,groove_midi,0.9777777777777777,0.8686868686868687,0.9777777777777777,0.8686868686868687,0.9533848881624175,0.8724828827408402,0.9887640449438202,0.9081632653061225
groove_midi/drummer1_session3_17_afrocuban-calypso_108_beat_4-4/track.npy,groove_midi,0.843010752688172,0.8521739130434782,0.843010752688172,0.8521739130434782,0.85193944719534,0.8240684202238661,0.9441964285714286,0.9189189189189189
groove_midi/drummer3_session1_12_rock_120_beat_4-4/track.npy,groove_midi,0.9482758620689655,1.0,0.9482758620689655,1.0,0.8838361156349785,0.9071079424667933,0.9734513274336283,1.0
groove_midi/drummer3_session1_16_jazz_120_beat_4-4/track.npy,groove_midi,0.8205128205128205,0.7647058823529411,0.1,0.7647058823529411,0.7919658546940217,0.8689093236526874,0.7155963302752294,0.9032258064516129
groove_midi/drummer3_session1_5_rock_105_beat_4-4/track.npy,groove_midi,0.9629629629629629,1.0,0.9629629629629629,1.0,0.665933379318492,0.7453501413361048,0.9433962264150944,1.0
groove_midi/drummer3_session2_20_rock_92_beat_4-4/track.npy,groove_midi,1.0,1.0,1.0,1.0,0.809192831981452,0.8389626692736082,1.0,1.0
groove_midi/drummer3_session2_24_rock_92_beat_4-4/track.npy,groove_midi,0.9782608695652174,0.75,0.9782608695652174,0.75,0.84856436038349,0.7576692068704326,0.989010989010989,0.9090909090909091
groove_midi/drummer3_session2_2_rock_100_beat_4-4/track.npy,groove_midi,0.0,0.8333333333333334,0.0,0.0,0.00460270089341376,3.448680460213909e-05,0.0,0.0
groove_midi/drummer5_eval_session_9_soul-groove9_105_beat_4-4/track.npy,groove_midi,1.0,1.0,1.0,1.0,0.927994862031883,0.9081967167854162,1.0,1.0
groove_midi/drummer5_session1_16_rock_136_beat_4-4/track.npy,groove_midi,0.9569093610698366,0.9822485207100592,0.9569093610698366,0.9822485207100592,0.9027027154927245,0.9056419863966781,0.9820359281437125,0.9910447761194029
groove_midi/drummer5_session1_17_blues-shuffle_72_beat_4-4/track.npy,groove_midi,0.03508771929824561,0.7898089171974523,0.03508771929824561,0.025477707006369428,0.5073362960403264,0.6698479299202631,0.5425330812854443,0.5847457627118644
groove_midi/drummer5_session1_20_latin-brazilian-baiao_110_beat_4-4/track.npy,groove_midi,0.8602409638554217,0.8823529411764706,0.8602409638554217,0.8823529411764706,0.8417583378491718,0.8585081283953105,0.8880778588807786,0.9108910891089109
groove_midi/drummer5_session1_5_latin-brazilian-samba_89_beat_4-4/track.npy,groove_midi,0.9949494949494949,0.9797979797979798,0.9949494949494949,0.9797979797979798,0.9438248733713207,0.9488412395644982,0.9974747474747475,0.9949238578680203
groove_midi/drummer5_session2_10_neworleans-funk_102_beat_4-4/track.npy,groove_midi,0.9873015873015873,0.9743589743589743,0.9873015873015873,0.9743589743589743,0.9593762222143417,0.9636752334084848,0.9936305732484076,0.9935483870967742
groove_midi/drummer5_session2_15_latin-venezuelan-joropo_80_beat_4-4/track.npy,groove_midi,0.02262443438914027,0.08695652173913043,0.02262443438914027,0.08695652173913043,0.43992051933767273,0.45085650974856856,0.450261780104712,0.48837209302325585
groove_midi/drummer7_eval_session_2_funk-groove2_105_beat_4-4/track.npy,groove_midi,0.9649122807017544,0.9285714285714286,0.9649122807017544,0.9285714285714286,0.9201950603235148,0.9083911286630306,0.9821428571428572,0.962962962962963
groove_midi/drummer7_eval_session_5_funk-groove5_84_beat_4-4/track.npy,groove_midi,0.9827586206896551,1.0,0.9827586206896551,1.0,0.84999808459559,0.8476848397219516,0.9913043478260869,1.0
groove_midi/drummer7_eval_session_7_pop-groove7_138_beat_4-4/track.npy,groove_midi,1.0,1.0,1.0,1.0,0.9632676167318663,0.973367269455015,1.0,1.0
groove_midi/drummer7_session2_103_pop_132_beat_4-4/track.npy,groove_midi,0.968421052631579,0.92,0.968421052631579,0.92,0.9344542625781498,0.9002619533589044,0.983957219251337,0.9583333333333334
groove_midi/drummer7_session2_15_rock_118_beat_4-4/track.npy,groove_midi,0.9907834101382489,0.9818181818181818,0.9907834101382489,0.9818181818181818,0.9515352379090535,0.9453894430201135,0.9953703703703703,0.9908256880733944
groove_midi/drummer7_session3_10_rock_60_beat_4-4/track.npy,groove_midi,0.9895833333333334,0.9583333333333334,0.9895833333333334,0.9583333333333334,0.9412094631497969,0.9184866618507709,0.9947643979057591,0.9787234042553191
groove_midi/drummer7_session3_130_soul_105_beat_4-4/track.npy,groove_midi,1.0,1.0,1.0,1.0,0.6924408476198981,0.6873809858804828,1.0,1.0
groove_midi/drummer7_session3_150_soul_105_beat_4-4/track.npy,groove_midi,1.0,1.0,1.0,1.0,0.8576807494484304,0.8722473083106005,1.0,1.0
groove_midi/drummer7_session3_151_soul_98_beat_4-4/track.npy,groove_midi,0.9926470588235294,1.0,0.9926470588235294,1.0,0.9571073959461092,0.9619632478524395,0.996309963099631,1.0
groove_midi/drummer7_session3_64_funk_112_beat_4-4/track.npy,groove_midi,0.9473684210526315,0.8666666666666667,0.9473684210526315,0.8666666666666667,0.8081849882563727,0.7584098783894991,0.972972972972973,0.9285714285714286
groove_midi/drummer8_eval_session_1_funk-groove1_138_beat_4-4/track.npy,groove_midi,1.0,1.0,1.0,1.0,0.9375482246822233,0.9475596169042996,1.0,1.0
groove_midi/drummer8_session1_16_afrobeat_90_beat_4-4/track.npy,groove_midi,0.9929078014184397,0.9859154929577465,0.9929078014184397,0.9859154929577465,0.8608031900623383,0.832462939944574,0.9964412811387899,0.9929078014184397
groove_midi/drummer8_session1_1_funk_95_beat_4-4/track.npy,groove_midi,0.9951219512195122,0.9807692307692307,0.9951219512195122,0.9807692307692307,0.9525328836867323,0.9428295386390864,0.9975550122249389,0.9902912621359222
groove_midi/drummer8_session1_28_rock_102_beat_4-4/track.npy,groove_midi,0.9937888198757764,0.975609756097561,0.9937888198757764,0.975609756097561,0.9593870058649673,0.9477172146638794,0.9953343701399688,0.9876543209876543
groove_midi/drummer9_session1_22_rock_120_beat_4-4/track.npy,groove_midi,1.0,1.0,1.0,1.0,0.9609143791007506,0.9646666524592842,1.0,1.0
groove_midi/drummer9_session1_3_rock_100_beat_4-4/track.npy,groove_midi,1.0,1.0,1.0,1.0,0.896881898623227,0.8903023878208149,1.0,1.0
guitarset/00_Jazz2-187-F#_comp_mix/track.npy,guitarset,1.0,1.0,1.0,1.0,0.9461900768969418,0.9451965508844729,1.0,1.0
guitarset/00_Jazz3-137-Eb_comp_mix/track.npy,guitarset,1.0,1.0,1.0,1.0,0.8488056248160019,0.835091896871526,1.0,1.0
guitarset/00_Rock1-90-C#_comp_mix/track.npy,guitarset,0.8222222222222222,0.9090909090909091,0.8222222222222222,0.9090909090909091,0.780545497558448,0.833819345080037,0.9176470588235294,0.9523809523809523
guitarset/00_SS1-100-C#_comp_mix/track.npy,guitarset,1.0,1.0,1.0,1.0,0.9640780742804165,0.9550530165982956,1.0,1.0
guitarset/01_Jazz1-130-D_comp_mix/track.npy,guitarset,1.0,1.0,1.0,1.0,0.9058147351694751,0.8991993308147538,1.0,1.0
guitarset/01_Jazz2-187-F#_comp_mix/track.npy,guitarset,1.0,1.0,1.0,1.0,0.9631693299574314,0.979328745267916,1.0,1.0
guitarset/01_Rock2-85-F_comp_mix/track.npy,guitarset,0.9824561403508771,0.9333333333333333,0.9824561403508771,0.9333333333333333,0.8771149976913052,0.8309014778324311,0.9911504424778761,0.9655172413793104
guitarset/01_SS2-107-Ab_comp_mix/track.npy,guitarset,0.6212121212121212,0.9285714285714286,0.6212121212121212,0.9285714285714286,0.8191911594214898,0.7980192724175782,0.8429752066115703,0.8148148148148148
guitarset/02_Funk2-108-Eb_comp_mix/track.npy,guitarset,0.9818181818181818,1.0,0.9818181818181818,1.0,0.9377723499258986,0.9451802206096949,0.9908256880733944,1.0
guitarset/02_Funk2-119-G_comp_mix/track.npy,guitarset,0.9818181818181818,1.0,0.9818181818181818,1.0,0.9675116015551889,0.9747079367630479,0.9908256880733944,1.0
guitarset/02_Rock1-130-A_comp_mix/track.npy,guitarset,1.0,1.0,1.0,1.0,0.904425531305559,0.925403418546579,1.0,1.0
guitarset/03_BN2-166-Ab_comp_mix/track.npy,guitarset,1.0,1.0,1.0,1.0,0.9674398366204432,0.9636331048219944,1.0,1.0
guitarset/03_Funk1-114-Ab_comp_mix/track.npy,guitarset,0.6382978723404256,0.8181818181818182,0.6382978723404256,0.8181818181818182,0.8682345963992597,0.8675306378357315,0.8941176470588235,0.9
guitarset/03_Funk1-97-C_comp_mix/track.npy,guitarset,1.0,1.0,1.0,1.0,0.9738795601397019,0.9812145570368668,1.0,1.0
guitarset/03_Rock3-148-C_comp_mix/track.npy,guitarset,1.0,1.0,1.0,1.0,0.9713727101347638,0.9784308036431911,1.0,1.0
guitarset/03_SS3-84-Bb_comp_mix/track.npy,guitarset,0.9473684210526315,0.8571428571428571,0.9473684210526315,0.8571428571428571,0.8231773187162976,0.7510879066956706,0.9734513274336283,0.9285714285714286
guitarset/04_BN1-129-Eb_comp_mix/track.npy,guitarset,1.0,1.0,1.0,1.0,0.8939664047305147,0.8802951012156235,1.0,1.0
guitarset/04_BN3-154-E_comp_mix/track.npy,guitarset,1.0,1.0,1.0,1.0,0.9594103897816033,0.9688728530263743,1.0,1.0
guitarset/04_Rock3-117-Bb_comp_mix/track.npy,guitarset,1.0,1.0,1.0,1.0,0.95829743645165,0.9687403208227785,1.0,1.0
guitarset/04_Rock3-148-C_comp_mix/track.npy,guitarset,1.0,1.0,1.0,1.0,0.967248954108968,0.9597037162306443,1.0,1.0
guitarset/04_SS1-68-E_comp_mix/track.npy,guitarset,0.7708333333333334,1.0,0.7708333333333334,1.0,0.7972590181229536,0.863307884486211,0.9111111111111111,1.0
guitarset/05_BN2-166-Ab_comp_mix/track.npy,guitarset,1.0,1.0,1.0,1.0,0.9546111993489201,0.9271037451790357,1.0,1.0
guitarset/05_Funk2-119-G_comp_mix/track.npy,guitarset,0.8518518518518519,0.8666666666666667,0.8518518518518519,0.8666666666666667,0.7883758082184573,0.7735364644286367,0.8703703703703703,0.8571428571428571
hainsworth/hainsworth_018/track.npy,hainsworth,1.0,1.0,1.0,1.0,0.9767946716023207,0.976194497976506,1.0,1.0
hainsworth/hainsworth_021/track.npy,hainsworth,1.0,1.0,1.0,1.0,0.9525263245654975,0.9704908713494093,1.0,1.0
hainsworth/hainsworth_037/track.npy,hainsworth,0.9862068965517241,0.972972972972973,0.9862068965517241,0.972972972972973,0.9145528084121062,0.9220549350562105,0.9965397923875432,0.9863013698630138
hainsworth/hainsworth_040/track.npy,hainsworth,0.991304347826087,1.0,0.991304347826087,1.0,0.9827481467914504,0.9871614539458562,0.9956331877729258,1.0
hainsworth/hainsworth_049/track.npy,hainsworth,1.0,0.8823529411764706,1.0,0.8823529411764706,0.9729881027872413,0.9489246202849329,1.0,0.9696969696969697
hainsworth/hainsworth_052/track.npy,hainsworth,1.0,1.0,1.0,1.0,0.9803171461506195,0.9841688366603388,1.0,1.0
hainsworth/hainsworth_061/track.npy,hainsworth,0.8842105263157894,1.0,0.8842105263157894,1.0,0.8990777932525145,0.8819685107846666,0.9304812834224598,0.9130434782608695
hainsworth/hainsworth_063/track.npy,hainsworth,1.0,0.15384615384615385,1.0,0.15384615384615385,0.9221241796493578,0.4292362050933466,1.0,0.4727272727272727
hainsworth/hainsworth_064/track.npy,hainsworth,1.0,1.0,1.0,1.0,0.9750966432159278,0.9791504778140373,1.0,1.0
hainsworth/hainsworth_076/track.npy,hainsworth,0.9859154929577465,0.17647058823529413,0.9859154929577465,0.0,0.9398255563928916,0.14517581737358976,0.9929078014184397,0.0
hainsworth/hainsworth_096/track.npy,hainsworth,1.0,1.0,1.0,1.0,0.9607900904097012,0.9632477104215093,1.0,1.0
hainsworth/hainsworth_100/track.npy,hainsworth,1.0,0.7857142857142857,1.0,0.7857142857142857,0.9671413791033946,0.825341294914608,1.0,0.8363636363636364
hainsworth/hainsworth_106/track.npy,hainsworth,1.0,1.0,1.0,1.0,0.9146300712405072,0.922177812560875,1.0,1.0
hainsworth/hainsworth_107/track.npy,hainsworth,0.5826086956521739,0.47761194029850745,0.5826086956521739,0.029850746268656716,0.6967711142375791,0.49304762951759695,0.7466666666666667,0.46315789473684216
hainsworth/hainsworth_121/track.npy,hainsworth,0.7415730337078652,0.25,0.7415730337078652,0.125,0.6745349207084408,0.430413319688673,0.8427672955974843,0.42857142857142855
hainsworth/hainsworth_122/track.npy,hainsworth,0.5652173913043478,0.29411764705882354,0.5652173913043478,0.29411764705882354,0.2905946590749471,0.41318303500845066,0.4715447154471545,0.5999999999999999
hainsworth/hainsworth_138/track.npy,hainsworth,0.8611111111111112,0.4074074074074074,0.8611111111111112,0.4074074074074074,0.8905092112766658,0.5468096131067287,0.9333333333333333,0.5714285714285714
hainsworth/hainsworth_143/track.npy,hainsworth,0.9803921568627451,1.0,0.9803921568627451,1.0,0.9490480196406309,0.9601467648689402,0.99009900990099,1.0
hainsworth/hainsworth_158/track.npy,hainsworth,1.0,0.9583333333333334,1.0,0.0,0.9691157143475118,0.4675735997986418,1.0,0.0
hainsworth/hainsworth_167/track.npy,hainsworth,0.6385542168674698,0.6842105263157895,0.21739130434782608,0.17647058823529413,0.8048321610495524,0.7942101472368059,0.7567567567567568,0.7407407407407407
hainsworth/hainsworth_179/track.npy,hainsworth,1.0,1.0,1.0,1.0,0.9837429488538768,0.9884191496949383,1.0,1.0
hainsworth/hainsworth_183/track.npy,hainsworth,1.0,1.0,1.0,1.0,0.9769670495207806,0.9845377917528629,1.0,1.0
hainsworth/hainsworth_187/track.npy,hainsworth,1.0,1.0,1.0,1.0,0.9602664073942093,0.9502425216948979,1.0,1.0
hainsworth/hainsworth_196/track.npy,hainsworth,0.9910714285714286,0.14285714285714285,0.9910714285714286,0.14285714285714285,0.9157360411355157,0.36055439192141847,0.9955156950672646,0.43478260869565216
hainsworth/hainsworth_206/track.npy,hainsworth,0.7619047619047619,0.07142857142857142,0.11711711711711711,0.07142857142857142,0.7909522922737318,0.17269134708079625,0.7011494252873564,0.17142857142857143
hainsworth/hainsworth_223/track.npy,hainsworth,1.0,1.0,1.0,1.0,0.9675745677348737,0.9723772562530184,1.0,1.0
hainsworth/hainsworth_236/track.npy,hainsworth,1.0,1.0,1.0,0.0,0.9859249517255261,0.49037412102504874,1.0,0.0
hainsworth/hainsworth_240/track.npy,hainsworth,0.4954954954954955,0.07142857142857142,0.4954954954954955,0.0,0.7826926154686251,2.9465432377727025e-31,0.8410256410256409,0.0
harmonix/0030_bodymovin/track.npy,harmonix,1.0,0.8805970149253731,1.0,0.8805970149253731,0.8974232496835911,0.8502145812921403,1.0,0.931297709923664
harmonix/0040_bustamove/track.npy,harmonix,0.9901768172888016,0.9921259842519685,0.9901768172888016,0.9921259842519685,0.8988922907022193,0.8944101110418216,0.9940828402366865,0.9960474308300395
harmonix/0049_closer/track.npy,harmonix,1.0,1.0,1.0,1.0,0.9467172073102704,0.9523970987082941,1.0,1.0
harmonix/0055_constantmotion/track.npy,harmonix,0.5613168724279836,0.3939393939393939,0.5613168724279836,0.3939393939393939,0.7884226966119294,0.7088741407631669,0.8613406795224978,0.7790697674418604
harmonix/0073_disturbia/track.npy,harmonix,0.9957894736842106,0.9915966386554622,0.9957894736842106,0.9915966386554622,0.9796395887825876,0.9760843545225854,0.9978902953586498,0.9957805907172996
harmonix/0077_dontsweat/track.npy,harmonix,0.9959514170040485,0.9838709677419355,0.9959514170040485,0.9838709677419355,0.948019173295357,0.9583656378336469,0.9979716024340771,0.991869918699187
harmonix/0080_down/track.npy,harmonix,0.9966101694915255,1.0,0.9966101694915255,1.0,0.906098769494072,0.92488606633411,0.99830220713073,1.0
harmonix/0081_downonme/track.npy,harmonix,1.0,1.0,1.0,1.0,0.9451834793658009,0.9506954560243912,1.0,1.0
harmonix/0084_dropitlikeitshot/track.npy,harmonix,0.9957627118644068,1.0,0.9957627118644068,1.0,0.9627902304518474,0.9721748298556656,0.9978768577494692,1.0
harmonix/0086_escapade/track.npy,harmonix,0.9925233644859813,0.9701492537313433,0.9925233644859813,0.9701492537313433,0.9526810358990547,0.9433505301769076,0.9962616822429906,0.9887640449438201
harmonix/0091_fellonblackdays/track.npy,harmonix,0.9558498896247241,0.3793103448275862,0.9558498896247241,0.3793103448275862,0.878515577515276,0.6002409587788866,0.9601769911504424,0.6705202312138728
harmonix/0102_gangstaluv/track.npy,harmonix,0.9974554707379135,0.47959183673469385,0.9974554707379135,0.47959183673469385,0.9408325612699235,0.5602052852909056,0.9987261146496815,0.53125
harmonix/0126_heymami/track.npy,harmonix,0.9977220956719818,1.0,0.9977220956719818,1.0,0.9583081336729479,0.9645989841381756,0.9988597491448118,1.0
harmonix/0129_hotinherre/track.npy,harmonix,0.9571984435797666,0.953125,0.9571984435797666,0.953125,0.9413020507199278,0.9551742714838679,0.9686274509803922,0.9763779527559054
harmonix/0158_letitrock/track.npy,harmonix,0.993006993006993,0.9861111111111112,0.993006993006993,0.9861111111111112,0.8927016207775066,0.8732917426681855,0.9964912280701755,0.993006993006993
harmonix/0159_letthemusicplay/track.npy,harmonix,0.9875,0.99,0.9875,0.99,0.9183996941268314,0.9262373280987627,0.9949874686716792,0.9949748743718593
harmonix/0161_limelight/track.npy,harmonix,0.9761029411764706,0.5902777777777778,0.9761029411764706,0.5902777777777778,0.8792026931749678,0.7001746106151827,0.9860982391102873,0.7725631768953068
harmonix/0164_low/track.npy,harmonix,0.9939759036144579,1.0,0.9939759036144579,1.0,0.9241566048927855,0.9413298796044144,0.9984917043740573,1.0
harmonix/0191_newslang/track.npy,harmonix,0.9916492693110647,0.6412213740458015,0.9916492693110647,0.6412213740458015,0.9433337214796971,0.7492000498402137,0.9958071278825995,0.7969348659003831
harmonix/0207_oopsohmy/track.npy,harmonix,0.4095860566448802,0.8421052631578947,0.0,0.0,0.4963793440288153,0.5699266546894454,0.48648648648648646,0.5652173913043478
harmonix/0240_sandstorm/track.npy,harmonix,1.0,0.5466666666666666,1.0,0.5466666666666666,0.924337856323734,0.6382101022028092,1.0,0.6758620689655173
harmonix/0250_sexyandiknowit/track.npy,harmonix,0.9969604863221885,0.7195121951219512,0.9969604863221885,0.7195121951219512,0.9360143773654654,0.6892424137944648,0.9984779299847794,0.7361963190184049
harmonix/0254_sixsixsix/track.npy,harmonix,0.8735119047619048,0.5189873417721519,0.8735119047619048,0.5189873417721519,0.6887181574634502,0.4832693898408492,0.9181818181818182,0.6433121019108281
harmonix/0258_sorry/track.npy,harmonix,0.9644902634593356,0.6470588235294118,0.9644902634593356,0.19243986254295534,0.8830240186679297,0.7055932473852149,0.9745664739884393,0.7158351409978307
harmonix/0261_starships/track.npy,harmonix,1.0,1.0,1.0,1.0,0.9570358732168557,0.9531905901557324,1.0,1.0
harmonix/0265_straightlines/track.npy,harmonix,0.9961089494163424,0.7022900763358778,0.9961089494163424,0.7022900763358778,0.9737420379758555,0.8145035039686708,0.9980506822612086,0.8379446640316205
harmonix/0274_temperature/track.npy,harmonix,1.0,0.7857142857142857,1.0,0.7857142857142857,0.9170455912405068,0.7844538676861857,1.0,0.8529411764705883
harmonix/0283_thehumptydance/track.npy,harmonix,0.9925093632958801,1.0,0.9925093632958801,1.0,0.9193579003829476,0.9241191384763306,0.99812382739212,1.0
harmonix/0287_therewasatime/track.npy,harmonix,0.9747048903878583,0.9932885906040269,0.9747048903878583,0.9932885906040269,0.8394858411782894,0.8277656721262807,0.9788672865595942,0.9831649831649831
harmonix/0303_wakeupdead/track.npy,harmonix,0.8032490974729242,0.5970149253731343,0.8032490974729242,0.5970149253731343,0.8125206496158394,0.6188980378500463,0.8508287292817679,0.6557377049180327
harmonix/0315_whygo/track.npy,harmonix,0.962059620596206,0.9891304347826086,0.962059620596206,0.9891304347826086,0.9091755059750881,0.9335643763439175,0.9741496598639455,0.9836065573770493
harmonix/0341_baggageclaim/track.npy,harmonix,0.9961240310077519,0.9846153846153847,0.9961240310077519,0.9846153846153847,0.9455128164840493,0.918711290919166,0.9980582524271845,0.9922480620155039
harmonix/0343_banjo/track.npy,harmonix,0.9811827956989247,1.0,0.9811827956989247,1.0,0.8942747785827797,0.9012979260735591,0.9905020352781547,1.0
harmonix/0347_bitch/track.npy,harmonix,0.9720812182741116,0.9591836734693877,0.9720812182741116,0.9591836734693877,0.9251821134262047,0.9251083045952698,0.9858429858429858,0.9793814432989691
harmonix/0356_californiagurls/track.npy,harmonix,1.0,1.0,1.0,1.0,0.9693376611725081,0.9626898460917218,1.0,1.0
harmonix/0357_cheers/track.npy,harmonix,0.9872611464968153,1.0,0.9872611464968153,1.0,0.955152100340122,0.9635449535100017,0.9935897435897436,1.0
harmonix/0362_crazygirl/track.npy,harmonix,0.8637362637362638,0.974025974025974,0.8637362637362638,0.974025974025974,0.9084509223115835,0.9588182211723395,0.935738444193912,0.9934640522875817
harmonix/0365_dirtroadanthem/track.npy,harmonix,0.6214285714285714,0.5205479452054794,0.6214285714285714,0.5205479452054794,0.8498051284718222,0.7260343286364876,0.8915187376725838,0.7538461538461538
harmonix/0374_drunkonyou/track.npy,harmonix,0.8976377952755905,0.9193548387096774,0.8976377952755905,0.9193548387096774,0.9169885785036324,0.9208031336682451,0.946058091286307,0.9579831932773109
harmonix/0379_et/track.npy,harmonix,0.6230088495575221,0.6312056737588653,0.23060344827586207,0.19658119658119658,0.7392923237687374,0.716816403433988,0.7576974564926372,0.723404255319149
harmonix/0383_feelsoclose/track.npy,harmonix,0.9905437352245863,0.9905660377358491,0.9905437352245863,0.9905660377358491,0.9275628791335586,0.9212688285902586,0.995249406175772,0.9952606635071091
harmonix/0389_gettinoveryou/track.npy,harmonix,0.9897435897435898,0.95,0.9897435897435898,0.95,0.9757391256465098,0.9640575351730101,0.9948453608247423,0.9847715736040609
harmonix/0406_honeybee/track.npy,harmonix,1.0,1.0,1.0,1.0,0.9295653714988432,0.9287604746594278,1.0,1.0
harmonix/0412_ifitmakesyouhappy/track.npy,harmonix,0.9880382775119617,0.9904761904761905,0.9880382775119617,0.9904761904761905,0.920227460461551,0.9239652536967048,0.9939831528279182,0.9952153110047847
harmonix/0413_ifyoucouldonlysee/track.npy,harmonix,0.9874686716791979,0.9696969696969697,0.9874686716791979,0.9696969696969697,0.8898001694171995,0.8736387726763415,0.9936948297604036,0.9847715736040609
harmonix/0418_inthedark/track.npy,harmonix,0.9781659388646288,0.8521739130434782,0.9781659388646288,0.8521739130434782,0.9420021131851971,0.8594782276991836,0.9945115257958288,0.9035087719298245
harmonix/0421_ittakestwo/track.npy,harmonix,0.994750656167979,0.9894736842105263,0.994750656167979,0.9894736842105263,0.9294388065596929,0.9267459556456046,0.9973684210526316,0.9947089947089947
harmonix/0426_justcantgetenough/track.npy,harmonix,0.9297297297297298,0.9782608695652174,0.9297297297297298,0.9782608695652174,0.9017104905579303,0.8951750535203634,0.9523809523809523,0.9456521739130435
harmonix/0433_lighters/track.npy,harmonix,0.9954441913439636,1.0,0.9954441913439636,1.0,0.9293077446825603,0.9407694062071329,0.997716894977169,1.0
harmonix/0462_oldalabama/track.npy,harmonix,0.8536184210526315,0.951048951048951,0.8536184210526315,0.951048951048951,0.8945077908291587,0.9206203092539622,0.9238578680203045,0.951048951048951
harmonix/0468_openarms/track.npy,harmonix,0.9936102236421726,0.9904761904761905,0.9936102236421726,0.9904761904761905,0.9445389439358575,0.9538555401310276,0.987220447284345,0.985645933014354
harmonix/0471_paradise/track.npy,harmonix,0.9743589743589743,0.9135802469135802,0.0065252854812398045,0.03896103896103896,0.6748134769480509,0.6608347113666927,0.6335135135135135,0.672340425531915
harmonix/0483_ridinsolo/track.npy,harmonix,0.99,0.9733333333333334,0.99,0.9733333333333334,0.9718043686871206,0.9699303108561282,0.9949748743718593,0.9932885906040269
harmonix/0490_showme/track.npy,harmonix,0.9935344827586207,1.0,0.9935344827586207,1.0,0.9608840912042101,0.9662370287327339,0.9967567567567568,1.0
harmonix/0507_teenagedream/track.npy,harmonix,0.9908045977011494,0.9908256880733946,0.9908045977011494,0.9908256880733946,0.9801717280975151,0.9820169334187309,0.9953810623556583,0.9953917050691244
harmonix/0508_tennesseeme/track.npy,harmonix,0.9961685823754789,0.676923076923077,0.9961685823754789,0.676923076923077,0.8866411732557157,0.6744060544862676,0.9788867562380038,0.7538461538461538
harmonix/0518_timeaftertime/track.npy,harmonix,0.7875,0.9117647058823529,0.7875,0.9117647058823529,0.8512550073453463,0.8703315586943401,0.935483870967742,0.9538461538461539
harmonix/0532_whistle/track.npy,harmonix,0.9973474801061007,0.9574468085106383,0.9973474801061007,0.9574468085106383,0.9617166785831316,0.9417051572439816,0.99867197875166,0.9787234042553191
harmonix/0536_workout/track.npy,harmonix,0.9943502824858758,1.0,0.9943502824858758,1.0,0.9413938408783784,0.932484567819727,0.9971671388101983,1.0
harmonix/0548_2getherextended/track.npy,harmonix,0.9949367088607595,0.8535353535353535,0.9949367088607595,0.8535353535353535,0.9749746321197805,0.8616141163375634,0.9974619289340101,0.8810126582278481
harmonix/0551_accordingtoyou/track.npy,harmonix,0.9709443099273608,0.9711538461538461,0.9709443099273608,0.9711538461538461,0.9601305509301128,0.9673998907633324,0.9768574908647991,0.9805825242718447
harmonix/0552_addicted/track.npy,harmonix,0.7992424242424242,0.873015873015873,0.10947368421052632,0.059322033898305086,0.8028648135781715,0.7986322581582417,0.7117726657645467,0.6850828729281769
harmonix/0558_allnightlong/track.npy,harmonix,0.9954337899543378,0.990909090909091,0.9954337899543378,0.990909090909091,0.9213768996145065,0.9213143425202112,0.9954337899543378,0.995433789954338
harmonix/0573_babyludacris/track.npy,harmonix,0.9909502262443439,0.990990990990991,0.9909502262443439,0.990990990990991,0.9736452406681826,0.9743328521870975,0.9954545454545455,0.9954751131221719
harmonix/0582_beautifulday/track.npy,harmonix,0.9623352165725048,0.9849624060150376,0.9623352165725048,0.9849624060150376,0.9352040703041063,0.9337481996118708,0.9705603038936373,0.9772727272727273
harmonix/0587_bedrock/track.npy,harmonix,0.997134670487106,0.9318181818181818,0.997134670487106,0.9318181818181818,0.981552601645588,0.9624225414775275,0.9985652797704447,0.9828571428571428
harmonix/0591_biggirlsdontcry/track.npy,harmonix,0.9935344827586207,0.9741379310344828,0.9935344827586207,0.9741379310344828,0.9596607615617755,0.9500417857097424,0.9967637540453075,0.9870129870129869
harmonix/0594_bleedinglove/track.npy,harmonix,0.9824120603015075,0.99,0.9824120603015075,0.99,0.8270040465136025,0.8302420819815498,0.9748110831234257,0.964824120603015
harmonix/0598_boomboompow/track.npy,harmonix,0.995260663507109,1.0,0.995260663507109,1.0,0.9466224362212545,0.9536196478431347,0.997624703087886,1.0
harmonix/0600_breakeven/track.npy,harmonix,0.974937343358396,0.98,0.974937343358396,0.98,0.9591790711380327,0.9558991350160254,0.9873096446700507,0.98989898989899
harmonix/0610_castle/track.npy,harmonix,0.971830985915493,0.9838709677419355,0.971830985915493,0.9838709677419355,0.9346011581015372,0.9339789324527349,0.9827411167512691,0.983739837398374
harmonix/0615_circus/track.npy,harmonix,1.0,1.0,1.0,1.0,0.9555057307279118,0.957241237953805,1.0,1.0
harmonix/0627_cowboyboots/track.npy,harmonix,0.6721763085399449,0.7195121951219512,0.6721763085399449,0.7195121951219512,0.6880523361031008,0.6697661715968894,0.8731117824773414,0.8280254777070064
harmonix/0628_crankthatsouljaboy/track.npy,harmonix,0.996039603960396,0.9920634920634921,0.0,0.0,0.8017129138529273,0.8040654650312886,0.665785997357992,0.6666666666666666
harmonix/0633_dancingmachine/track.npy,harmonix,0.967391304347826,0.989010989010989,0.967391304347826,0.989010989010989,0.9328417398381376,0.9487461717121475,0.9890410958904109,0.994475138121547
harmonix/0634_dangerous/track.npy,harmonix,0.9863945578231292,0.990909090909091,0.9863945578231292,0.990909090909091,0.9779396665964365,0.9809229448365316,0.9931506849315068,0.995433789954338
harmonix/0638_deadandgone/track.npy,harmonix,0.800711743772242,0.8,0.800711743772242,0.8,0.905300142698625,0.8929299838592267,0.9365671641791045,0.9253731343283582
harmonix/0648_donttrustme/track.npy,harmonix,0.9926650366748166,0.9902912621359223,0.9926650366748166,0.9902912621359223,0.9026324380996484,0.9046167018416649,0.996319018404908,0.9951219512195122
harmonix/0657_enursbonfire/track.npy,harmonix,0.988795518207283,0.9775280898876404,0.988795518207283,0.9775280898876404,0.9513733281245431,0.9375933879895255,0.9943820224719101,0.9887640449438202
harmonix/0660_everymorning/track.npy,harmonix,0.9901315789473685,0.8954248366013072,0.9901315789473685,0.8954248366013072,0.9606148842646752,0.9083429656616325,0.995049504950495,0.9407894736842104
harmonix/0664_eyesextendedmix/track.npy,harmonix,0.9987730061349693,0.9215686274509803,0.9987730061349693,0.9215686274509803,0.933795478000302,0.8720276304024531,0.9993861264579497,0.935960591133005
harmonix/0683_foreverextendedmix/track.npy,harmonix,0.997872340425532,1.0,0.997872340425532,1.0,0.9849936921727918,0.9881415099794514,0.9989350372736955,1.0
harmonix/0692_giveyourheartabreakdos/track.npy,harmonix,0.9975490196078431,1.0,0.9975490196078431,1.0,0.9599571740760732,0.9582447590654982,0.9987730061349693,1.0
harmonix/0693_gold/track.npy,harmonix,0.9970501474926253,0.9529411764705882,0.9970501474926253,0.9529411764705882,0.954903980720154,0.9228671279482009,0.9985228951255538,0.9704142011834319
harmonix/0699_gotmoney/track.npy,harmonix,0.9754601226993865,0.5402298850574713,0.9754601226993865,0.1724137931034483,0.9529119191169659,0.4910962406311735,0.9875776397515528,0.31137724550898205
harmonix/0701_gottabeyou/track.npy,harmonix,0.7613293051359517,0.8625,0.7613293051359517,0.8625,0.787399336704507,0.7903736675834896,0.8176100628930817,0.8205128205128205
harmonix/0726_hotplay/track.npy,harmonix,0.9920634920634921,0.8968253968253969,0.9920634920634921,0.8968253968253969,0.9484322515192055,0.8626376308734663,0.9940357852882704,0.9163346613545816
harmonix/0732_idontwannabeinlove/track.npy,harmonix,0.9934354485776805,1.0,0.9934354485776805,1.0,0.9804998888357126,0.9811648581662487,0.9967069154774972,1.0
harmonix/0745_immabewolf/track.npy,harmonix,0.9864661654135338,0.9879518072289156,0.9864661654135338,0.9879518072289156,0.6666188137507493,0.6634778889017278,0.9932177844762622,0.9939759036144579
harmonix/0750_ineedyourlove/track.npy,harmonix,0.9765957446808511,0.9829059829059829,0.9765957446808511,0.9829059829059829,0.9666444717921784,0.9723916781488947,0.985042735042735,0.9914529914529915
harmonix/0765_jimmyiovine/track.npy,harmonix,0.7060869565217391,0.6153846153846154,0.16435643564356436,0.20491803278688525,0.7742443109479249,0.7591064201417469,0.7238335435056746,0.7216494845360824
harmonix/0767_justfine/track.npy,harmonix,0.9979123173277662,1.0,0.9979123173277662,1.0,0.9785735826153429,0.9786576834012912,0.9989550679205852,1.0
harmonix/0774_knockyoudown/track.npy,harmonix,0.6996805111821086,0.6923076923076923,0.6996805111821086,0.6923076923076923,0.8194741697480238,0.8110799200369763,0.9126712328767124,0.9103448275862068
harmonix/0778_letitrock/track.npy,harmonix,0.9859154929577465,0.9714285714285714,0.9859154929577465,0.9714285714285714,0.8902093496568833,0.8873002945048314,0.9905437352245863,0.9809523809523809
harmonix/0786_livelikeweredying/track.npy,harmonix,0.9713375796178344,0.9746835443037974,0.9713375796178344,0.9746835443037974,0.9512051301109494,0.9562962456702278,0.9854604200323103,0.9871794871794872
harmonix/0789_livingroom/track.npy,harmonix,0.9032258064516129,0.9102564102564102,0.9032258064516129,0.9102564102564102,0.8622416623493396,0.8331763899715192,0.9278688524590164,0.9019607843137256
harmonix/0792_lovedrunk/track.npy,harmonix,0.9787644787644788,0.9846153846153847,0.9787644787644788,0.9846153846153847,0.948453820537061,0.9351264905829813,0.9912536443148688,0.9922480620155039
harmonix/0821_myfeelingsforyou/track.npy,harmonix,0.9923430321592649,0.8253012048192772,0.9923430321592649,0.8253012048192772,0.8962543460559137,0.7821132615017939,0.9961627014581734,0.8632218844984803
harmonix/0828_neoncathedral/track.npy,harmonix,0.9888268156424581,0.9775280898876404,0.9888268156424581,0.9775280898876404,0.8966851808971198,0.8957284022161668,0.9943820224719102,0.9943502824858756
harmonix/0829_nevertoolate/track.npy,harmonix,0.7359154929577465,0.7428571428571429,0.14919354838709678,0.12903225806451613,0.8159540243215209,0.8087041825640642,0.7256410256410255,0.7113402061855669
harmonix/0832_noone/track.npy,harmonix,1.0,1.0,1.0,1.0,0.9846609408779388,0.9830891146153876,1.0,1.0
harmonix/0836_notmyselftonight/track.npy,harmonix,0.9726651480637813,1.0,0.9726651480637813,1.0,0.8851583367338219,0.9024402787193344,0.9919632606199771,1.0
harmonix/0838_nowimallmessedup/track.npy,harmonix,1.0,0.7397260273972602,1.0,0.7397260273972602,0.9490029051553427,0.7908697781584344,1.0,0.8194444444444445
harmonix/0862_pleasedontleaveme/track.npy,harmonix,0.996078431372549,0.43455497382198954,0.996078431372549,0.43455497382198954,0.9816184262824528,0.5678013027201295,0.9980353634577603,0.5185185185185186
harmonix/0863_pleasedontleavemedigi/track.npy,harmonix,0.9881889763779528,0.9921259842519685,0.9881889763779528,0.9921259842519685,0.9710766083447937,0.971367458964963,0.9930898321816387,0.9921259842519685
harmonix/0869_raiseyourweapon/track.npy,harmonix,0.4990138067061144,0.5708661417322834,0.4990138067061144,0.5708661417322834,0.6882245811407914,0.7135263832532525,0.78536847767617,0.7982646420824295
harmonix/0919_stereolove/track.npy,harmonix,0.9633204633204633,0.9689922480620154,0.9633204633204633,0.9689922480620154,0.7871124770367323,0.7855402826129873,0.9813542688910696,0.9842519685039369
harmonix/0928_takeabow/track.npy,harmonix,0.7828335056876939,0.7915057915057915,0.7828335056876939,0.7915057915057915,0.6752090090515588,0.6691759053770532,0.8920086393088553,0.8565488565488564
harmonix/0934_teenagedreamkaskade/track.npy,harmonix,1.0,1.0,1.0,1.0,0.9790557145654556,0.9793656503284136,1.0,1.0
harmonix/0971_whatayawantfromme/track.npy,harmonix,0.9970059880239521,1.0,0.9970059880239521,1.0,0.9323413042916378,0.9499126679333233,0.9985007496251874,1.0
harmonix/0975_whathappensinvegas/track.npy,harmonix,0.9941860465116279,0.7888888888888889,0.9941860465116279,0.7888888888888889,0.8930161084643252,0.7630851279597594,0.9970845481049563,0.8522727272727274
harmonix/0988_withyoukovas/track.npy,harmonix,0.9984802431610942,0.975609756097561,0.9984802431610942,0.975609756097561,0.970391132396781,0.9563037683359047,0.9992395437262357,0.9847094801223242
harmonix/0993_youandidanny/track.npy,harmonix,0.9899091826437941,0.9919354838709677,0.9899091826437941,0.9919354838709677,0.9769171082281405,0.9793656046759799,0.9939271255060729,0.9959514170040485
harmonix/0995_youfoundme/track.npy,harmonix,0.5905292479108635,0.5842696629213483,0.5905292479108635,0.5842696629213483,0.7627212510483184,0.7650337833703081,0.8798751950078003,0.880503144654088
hjdb/hjdb_6_Million_Ways_To_Die_(DJ_Hype_Remix)/track.npy,hjdb,0.9931972789115646,1.0,0.9931972789115646,1.0,0.9780728254868055,0.9792252450399117,0.9965870307167235,1.0
hjdb/hjdb_A_Musical_Box/track.npy,hjdb,0.9879518072289156,1.0,0.9879518072289156,1.0,0.9772220955633111,0.9823415354724497,0.993939393939394,1.0
hjdb/hjdb_Aftershock/track.npy,hjdb,1.0,1.0,1.0,1.0,0.9771357684674097,0.9674431778904291,1.0,1.0
hjdb/hjdb_Beyond_Bass/track.npy,hjdb,1.0,1.0,1.0,1.0,0.9851266003711031,0.9886853086800925,1.0,1.0
hjdb/hjdb_Cookin_Up_Yah_Brain/track.npy,hjdb,0.9913793103448276,1.0,0.9913793103448276,1.0,0.9750736590466162,0.9787399546929524,0.9956709956709957,1.0
hjdb/hjdb_Crackman_The_Return_(DJ_Ron_Remix)/track.npy,hjdb,0.9649122807017544,1.0,0.9649122807017544,1.0,0.9539312709076053,0.9616184553366244,0.9821428571428572,1.0
hjdb/hjdb_Damage/track.npy,hjdb,1.0,1.0,1.0,1.0,0.9706529798480533,0.9743008696364932,1.0,1.0
hjdb/hjdb_Dark_Angel/track.npy,hjdb,1.0,1.0,1.0,1.0,0.9825110219436852,0.9837364195999242,1.0,1.0
hjdb/hjdb_Enticer/track.npy,hjdb,1.0,1.0,1.0,1.0,0.9828987811117113,0.9823595243237356,1.0,1.0
hjdb/hjdb_Feel_(Feel_Good)/track.npy,hjdb,1.0,1.0,1.0,1.0,0.9829242885513432,0.9918775990694647,1.0,1.0
hjdb/hjdb_Ghetto_People/track.npy,hjdb,1.0,1.0,1.0,1.0,0.9828233747824384,0.9862412859545647,1.0,1.0
hjdb/hjdb_Ghetto_People_(Remix)/track.npy,hjdb,1.0,1.0,1.0,1.0,0.9792800671909229,0.9855826362231133,1.0,1.0
hjdb/hjdb_I_Wanna_Be_Your_Lover/track.npy,hjdb,0.775,1.0,0.775,1.0,0.7717485449432036,0.7880062398988622,0.7875,0.8000000000000002
hjdb/hjdb_Music/track.npy,hjdb,0.9967213114754099,1.0,0.9967213114754099,1.0,0.9834946948376916,0.9870036394745367,0.9983579638752053,1.0
hjdb/hjdb_New_Direction/track.npy,hjdb,1.0,1.0,1.0,1.0,0.9809310547951554,0.9820108301719894,1.0,1.0
hjdb/hjdb_Nightmare_Walking/track.npy,hjdb,0.9940119760479041,1.0,0.9940119760479041,1.0,0.952118949749387,0.9548724701160565,0.996996996996997,1.0
hjdb/hjdb_Open_Secrets/track.npy,hjdb,1.0,1.0,1.0,1.0,0.9751436346565451,0.9719634106477647,1.0,1.0
hjdb/hjdb_R_Yeah/track.npy,hjdb,1.0,1.0,1.0,1.0,0.9861593353379363,0.9920350388430549,1.0,1.0
hjdb/hjdb_Re-Baptised_By_Dub_(Selectors_Revenge)/track.npy,hjdb,1.0,1.0,1.0,1.0,0.9847309243631541,0.9848600970293524,1.0,1.0
hjdb/hjdb_Right_Before_My_Eyes/track.npy,hjdb,0.9827586206896551,1.0,0.9827586206896551,1.0,0.9702855808135387,0.9785603684509159,0.9913043478260869,1.0
hjdb/hjdb_Special_Request/track.npy,hjdb,0.994413407821229,1.0,0.994413407821229,1.0,0.9762939378076749,0.9804790245419446,0.9971988795518207,1.0
hjdb/hjdb_Sweet_Sensation_(12_Mix)/track.npy,hjdb,1.0,1.0,1.0,1.0,0.9826213988649787,0.9797053526578963,1.0,1.0
hjdb/hjdb_The_End_(Alternative_Version)/track.npy,hjdb,1.0,1.0,1.0,1.0,0.9749836485574231,0.979254240909313,1.0,1.0
hjdb/hjdb_The_Helicopter_Tune/track.npy,hjdb,0.9888888888888889,0.9777777777777777,0.9888888888888889,0.9777777777777777,0.9786125826383264,0.9726148251173571,0.9944134078212291,0.9887640449438202
hjdb/hjdb_This_Way/track.npy,hjdb,0.6526315789473685,0.8,0.1951219512195122,0.8,0.7943049753018345,0.8722562164220888,0.7230769230769231,0.888888888888889
hjdb/hjdb_Time_Bomb/track.npy,hjdb,1.0,0.85,1.0,0.85,0.9597051409586558,0.8896459787051435,1.0,0.9230769230769231
hjdb/hjdb_Time_Bomb_(Remix)/track.npy,hjdb,1.0,1.0,1.0,1.0,0.9761703153883353,0.9848852521146896,1.0,1.0
hjdb/hjdb_Touch_Somebody/track.npy,hjdb,1.0,1.0,1.0,1.0,0.9796546294131955,0.9639027493355705,1.0,1.0
hjdb/hjdb_Twisted/track.npy,hjdb,0.975609756097561,1.0,0.975609756097561,1.0,0.97117433608635,0.9854885399120571,0.9876543209876543,1.0
jaah/jaah_003-louis_armstrong_and_his_hot_seven-big_butter_and_egg_man_from_the_west/track.npy,jaah,0.9590443686006825,0.6805555555555556,0.9590443686006825,0.6805555555555556,0.9437719380987426,0.8254698428056854,0.9819121447028424,0.8571428571428572
jaah/jaah_023-dexter_gordon-dexter_rides_again/track.npy,jaah,0.9938176197836167,0.9212121212121213,0.9938176197836167,0.9212121212121213,0.9756872929771653,0.9396362419662696,0.9968992248062015,0.9570552147239264
jaah/jaah_025-django_reinhardt-dinah/track.npy,jaah,0.9643527204502814,0.8985507246376812,0.9643527204502814,0.8985507246376812,0.9565099662581277,0.9247433120739211,0.9858088930936614,0.9516728624535316
jaah/jaah_026-fats_waller_and_his_rhythm-dinah/track.npy,jaah,0.9910044977511244,0.8562874251497006,0.9910044977511244,0.8562874251497006,0.9721575800696448,0.8699865640228988,0.9970014992503748,0.8948948948948949
jaah/jaah_027-red_nichols_his_five_pennies-dinah/track.npy,jaah,0.9925187032418953,0.9696969696969697,0.9925187032418953,0.9696969696969697,0.9618925098049338,0.9405909062299052,0.9962453066332916,0.9797979797979798
jaah/jaah_043-eddie_lang_lonnie_johnson-a_handful_of_riffs/track.npy,jaah,0.9884726224783862,0.8275862068965517,0.9884726224783862,0.8275862068965517,0.9725877754283193,0.8491388283803738,0.9956584659913169,0.8728323699421965
jaah/jaah_047-meade_lux_lewis-honky_tonk_train_blues/track.npy,jaah,0.9410569105691057,0.4641350210970464,0.9410569105691057,0.3089887640449438,0.849394600834637,0.6806071429812779,0.977366255144033,0.7474747474747475
jaah/jaah_055-bunks_brass_band-in_gloryland/track.npy,jaah,0.9675767918088737,0.684931506849315,0.9675767918088737,0.684931506849315,0.9541040214684736,0.8558628869361138,0.9879931389365352,0.8937728937728938
jaah/jaah_057-duke_ellington_and_his_orchestra-isfahan/track.npy,jaah,0.9128630705394191,0.5161290322580645,0.9128630705394191,0.5161290322580645,0.7981795553102007,0.5139590995823633,0.9014675052410902,0.5950413223140496
jaah/jaah_069-quintette_du_hot_club_de_france-minor_swing/track.npy,jaah,0.9920382165605095,0.9263803680981595,0.9920382165605095,0.9263803680981595,0.7457233868851183,0.7416709220281555,0.9960095770151636,0.9780564263322884
jaah/jaah_078-count_basie_and_his_orchestra-one_oclock_jump/track.npy,jaah,0.9939759036144579,1.0,0.9939759036144579,1.0,0.7887492182460714,0.7733647003213133,0.9969849246231156,1.0
jaah/jaah_087-frankie_trumbauer_and_his_orchestra-singin_the_blues_til_my_daddy_comes_home/track.npy,jaah,0.841025641025641,0.9494949494949495,0.841025641025641,0.9494949494949495,0.5283291483942809,0.5069153443917838,0.8071979434447301,0.7755102040816326
jaah/jaah_091-louis_armstrong_and_his_hot_five-struttin_with_some_barbecue/track.npy,jaah,0.8202846975088968,0.6524822695035462,0.8202846975088968,0.6524822695035462,0.9027000437630857,0.6624637882085173,0.9472710453283996,0.6962962962962963
jaah/jaah_098-coleman_hawkins_quartet-the_man_i_love/track.npy,jaah,0.9904214559386973,0.95,0.9904214559386973,0.95,0.9428514173031045,0.9286572038190638,0.9971209213051823,0.9844961240310077
jaah/jaah_105-louis_armstrong_earl_hines-weather_bird/track.npy,jaah,0.8766114180478821,0.9136690647482014,0.8766114180478821,0.9136690647482014,0.8270256760865282,0.8048678301237926,0.9649289099526067,0.9513108614232209
rwc/rwc_classical_CD1_01/track.npy,rwc_classical,0.34501480750246794,0.4444444444444444,0.34501480750246794,0.1857451403887689,0.628740711182599,0.6084752202274166,0.7517772511848342,0.6938271604938273
rwc/rwc_classical_CD1_02/track.npy,rwc_classical,0.42675967025998734,0.3721518987341772,0.42675967025998734,0.3721518987341772,0.6825694347997108,0.5744492824107357,0.8100719424460431,0.6816380449141347
rwc/rwc_classical_CD3_03/track.npy,rwc_classical,0.533457249070632,0.2955390334572491,0.533457249070632,0.2955390334572491,0.6816433646349205,0.5151323671431125,0.8161209068010076,0.6333711691259932
rwc/rwc_classical_CD3_07/track.npy,rwc_classical,0.14187400741132875,0.4012539184952978,0.14187400741132875,0.14149443561208266,0.5066652993051146,0.5384660968196354,0.5891754449691246,0.580168776371308
rwc/rwc_classical_CD4_02/track.npy,rwc_classical,0.5377276669557676,0.5104895104895105,0.22330097087378642,0.5104895104895105,0.641424633818982,0.5301991040772887,0.6861702127659575,0.6091549295774648
rwc/rwc_classical_CD5_09/track.npy,rwc_classical,0.021634615384615384,0.7278911564625851,0.015643802647412757,0.7278911564625851,0.40738390126347096,0.6509792376856357,0.45172719220549157,0.7368421052631581
rwc/rwc_classical_CD5_11/track.npy,rwc_classical,0.9788359788359788,0.96875,0.9788359788359788,0.96875,0.9359786613794013,0.9630278482119281,0.9841269841269841,0.9921259842519685
rwc/rwc_classical_CD6_10/track.npy,rwc_classical,0.3673469387755102,0.3018867924528302,0.3673469387755102,0.3018867924528302,0.5129626154140563,0.38868692854948933,0.6901763224181361,0.5384615384615384
rwc/rwc_jazz_CD1_03/track.npy,rwc_jazz,0.3006535947712418,0.4878048780487805,0.3006535947712418,0.4878048780487805,0.39726876499046127,0.18905247729870361,0.46580406654343803,0.21666666666666665
rwc/rwc_jazz_CD1_06/track.npy,rwc_jazz,0.9554455445544554,0.9207920792079208,0.9554455445544554,0.9207920792079208,0.7968874055147409,0.7837718457315188,0.9207920792079208,0.91
rwc/rwc_jazz_CD1_13/track.npy,rwc_jazz,0.6161616161616161,0.7552083333333334,0.6161616161616161,0.7552083333333334,0.6363717578803427,0.638149507918677,0.7668965517241378,0.7471910112359551
rwc/rwc_jazz_CD4_04/track.npy,rwc_jazz,0.992,0.968421052631579,0.992,0.968421052631579,0.9159132799133181,0.9023025755193463,0.9933065595716198,0.9787234042553192
rwc/rwc_jazz_CD4_05/track.npy,rwc_jazz,0.6058158319870759,0.726890756302521,0.6058158319870759,0.726890756302521,0.6673942894625691,0.6985904023248846,0.8383561643835615,0.8758169934640524
rwc/rwc_jazz_CD4_06/track.npy,rwc_jazz,0.7120980091883614,0.6012461059190031,0.7120980091883614,0.6012461059190031,0.6304558086156827,0.5713899590413243,0.7566302652106084,0.6918238993710693
rwc/rwc_popular_CD2_15/track.npy,rwc_popular,0.940952380952381,0.9689922480620154,0.940952380952381,0.9689922480620154,0.9250758508057332,0.9309504485736169,0.9596928982725528,0.9689922480620154
rwc/rwc_popular_CD3_04/track.npy,rwc_popular,0.8542274052478134,0.9710982658959537,0.8542274052478134,0.9710982658959537,0.7509699843605298,0.7397983042398203,0.8661764705882353,0.8596491228070176
rwc/rwc_popular_CD3_14/track.npy,rwc_popular,0.953757225433526,0.9846153846153847,0.953757225433526,0.9846153846153847,0.9629428284236679,0.972655494614297,0.9863813229571985,0.9961389961389961
rwc/rwc_popular_CD4_05/track.npy,rwc_popular,0.9956043956043956,1.0,0.9956043956043956,1.0,0.9802697807233203,0.9687440144884619,0.9944994499449945,0.9912280701754386
rwc/rwc_popular_CD4_09/track.npy,rwc_popular,0.9662162162162162,0.918918918918919,0.9662162162162162,0.918918918918919,0.917815827267191,0.9211217470059369,0.9661016949152542,0.9523809523809523
rwc/rwc_popular_CD4_16/track.npy,rwc_popular,0.9892241379310345,0.9914529914529915,0.9892241379310345,0.9914529914529915,0.9644536270663105,0.9604037912225416,0.9967567567567568,0.9957081545064378
rwc/rwc_popular_CD5_06/track.npy,rwc_popular,0.9899497487437185,0.98989898989899,0.9899497487437185,0.98989898989899,0.9625792929437109,0.9529507719108916,0.9937106918238994,0.98989898989899
rwc/rwc_popular_CD5_12/track.npy,rwc_popular,0.9718875502008032,0.9206349206349206,0.9718875502008032,0.9206349206349206,0.8718104910886445,0.8320614045309039,0.9818913480885312,0.944
rwc/rwc_popular_CD5_16/track.npy,rwc_popular,0.9856115107913669,0.8714285714285714,0.9856115107913669,0.8714285714285714,0.9581770951829714,0.8838703450825842,0.9927536231884058,0.9130434782608695
rwc/rwc_popular_CD6_01/track.npy,rwc_popular,0.990990990990991,1.0,0.990990990990991,1.0,0.9753800480427604,0.9813682882182198,0.9954751131221719,1.0
rwc/rwc_popular_CD7_03/track.npy,rwc_popular,0.9864864864864865,1.0,0.9864864864864865,1.0,0.9643429555085724,0.9661425195096137,0.9931972789115647,1.0
rwc/rwc_popular_CD7_06/track.npy,rwc_popular,0.9966044142614601,1.0,0.9966044142614601,1.0,0.9762447277534559,0.9732246349161839,0.9982993197278911,1.0
rwc/rwc_popular_CD7_09/track.npy,rwc_popular,0.9862637362637363,0.8461538461538461,0.9862637362637363,0.8461538461538461,0.8276165774077544,0.7494324648748741,0.9861878453038674,0.8729281767955802
rwc/rwc_royalty-free_CD1_04/track.npy,rwc_royalty-free,0.9712230215827338,0.8571428571428571,0.9712230215827338,0.8571428571428571,0.4934969396607088,0.46121573518048214,0.888086642599278,0.7941176470588236
rwc/rwc_royalty-free_CD1_13/track.npy,rwc_royalty-free,0.9682539682539683,0.9761904761904762,0.9682539682539683,0.9761904761904762,0.9204045832146275,0.9238815248438863,0.9838709677419354,0.9879518072289156
simac/simac_A_vida_me_fez_assim_01-Acalanto/track.npy,simac,0.9565217391304348,0.0,0.9565217391304348,0.0,0.8617860430530798,0.0,0.9777777777777777,0.0
simac/simac_Albedo_0.39_01-Pulstar/track.npy,simac,0.6842105263157895,0.0,0.12903225806451613,0.0,0.6505175904733769,0.0,0.6399999999999999,0.0
simac/simac_Alfagamabetizado_06-Tour/track.npy,simac,1.0,0.0,1.0,0.0,0.8822966013427412,0.0,1.0,0.0
simac/simac_Amber_04-Slip/track.npy,simac,0.0,0.0,0.0,0.0,2.880656229709063e-06,0.0,0.0,0.0
simac/simac_Amber_11-Teartear/track.npy,simac,1.0,0.0,0.0,0.0,0.8035258120790113,0.0,0.6785714285714285,0.0
simac/simac_As_time_goes_by_disk_2_02-Ive_got_five_dollars/track.npy,simac,0.7435897435897436,0.0,0.7435897435897436,0.0,0.7457267118734532,0.0,0.8405797101449275,0.0
simac/simac_As_time_goes_by_disk_3_08-Have_you_et_Miss_Jones/track.npy,simac,0.6486486486486487,0.0,0.6486486486486487,0.0,0.5596526691076492,0.0,0.6557377049180328,0.0
simac/simac_BACH_WTC_06-Prelude_and_Fugue_No._3_in_C-sharp_major_BWV_872_-_2._Fuga/track.npy,simac,0.875,0.0,0.875,0.0,0.9013774167816744,0.0,0.9333333333333333,0.0
simac/simac_Bach_Bach_-_Cello_suite_1_G_-_01_Prelude/track.npy,simac,0.6,0.0,0.6,0.0,0.5383506690221679,0.0,0.7761194029850746,0.0
simac/simac_Bach_The_Well-Tempered_Clavier_II_(Disc_1)_18-Prelude_and_Fugue_No._9_in_E_major_BWV_878_-_2._Fuga/track.npy,simac,0.8928571428571429,0.0,0.8928571428571429,0.0,0.9087494986113558,0.0,0.9433962264150945,0.0
simac/simac_Bach_The_Well-Tempered_Clavier_II_(Disc_2)_04-Prelude_and_Fugue_No._14_F-sharp_minor_BWV_883_-_2._Fuga/track.npy,simac,0.9285714285714286,0.0,0.9285714285714286,0.0,0.9309424676216973,0.0,0.962962962962963,0.0
simac/simac_Bach_The_Well-Tempered_Clavier_II_(Disc_2)_13-Prelude_and_Fugue_No._19_A_major_BWV_888_-_1._Praeludium/track.npy,simac,0.8620689655172413,0.0,0.8620689655172413,0.0,0.8492111647240264,0.0,0.9259259259259259,0.0
simac/simac_Bach_The_Well-Tempered_Clavier_II_(Disc_2)_16-Prelude_and_Fugue_No._20_A_minor_BWV_889_-_2._Fuga/track.npy,simac,0.9090909090909091,0.0,0.9090909090909091,0.0,0.8152466642805584,0.0,0.9523809523809523,0.0
simac/simac_Bach_The_Well-Tempered_Clavier_II_(Disc_2)_20-Prelude_and_Fugue_No._22_B-flat_minor_BWV_891_-_2._Fuga/track.npy,simac,0.8518518518518519,0.0,0.0,0.0,0.4538834467745609,0.0,0.0,0.0
simac/simac_Bach_The_Well-Tempered_Clavier_II_(Disc_2)_23-Prelude_and_Fugue_No._24_B_minor_BWV_893_-_1._Praeludium/track.npy,simac,0.6785714285714286,0.0,0.6785714285714286,0.0,0.7194878051592593,0.0,0.8235294117647057,0.0
simac/simac_Beethoven_-_The_String_Quartets_#1_04-F_major_op._18_no._1_-_Allegro/track.npy,simac,0.5652173913043478,0.0,0.5652173913043478,0.0,0.6918665261883038,0.0,0.75,0.0
simac/simac_Beethoven_-_The_String_Quartets_#1_10-D_major_op._18_no._3_-_Andante_con_moto/track.npy,simac,0.8571428571428571,0.0,0.8571428571428571,0.0,0.7277756151114932,0.0,0.9,0.0
simac/simac_Bela_Bartok_01-The_Miraculous_Mandarin_1.1_Allegro_1.2_Curtain/track.npy,simac,0.16,0.0,0.16,0.0,0.2761408395172211,0.0,0.35000000000000003,0.0
simac/simac_Billie_Holiday_CD1_09-Lets_call_a_heart_to_heart/track.npy,simac,0.78125,0.0,0.78125,0.0,0.7201582838780097,0.0,0.8771929824561403,0.0
simac/simac_Billie_Holiday_CD1_14-Loverman/track.npy,simac,0.6666666666666666,0.0,0.6666666666666666,0.0,0.48366331763840603,0.0,0.7000000000000001,0.0
simac/simac_Cafe_Zimmermann_04-Concerto_pour_deux_violons_&_cordes_en_r_mineur_BWV_1043_-_Largo_ma_non_tanto/track.npy,simac,0.7272727272727273,0.0,0.7272727272727273,0.0,0.6584553818287171,0.0,0.8474576271186441,0.0
simac/simac_Cafe_Zimmermann_07-Suite_en_ut_majeur_BWV_1066_-_Courante/track.npy,simac,0.7391304347826086,0.0,0.7391304347826086,0.0,0.6715063407777797,0.0,0.8372093023255814,0.0
simac/simac_Cafe_Zimmermann_10-Suite_en_ut_majeur_BWV_1066_-_Menuets_I_&_II/track.npy,simac,0.8837209302325582,0.0,0.8837209302325582,0.0,0.8415481198131786,0.0,0.951219512195122,0.0
simac/simac_Cafe_Zimmermann_13-Concerto_pour_hautbois_&_violon_en_ut_mineur_BWV_1060_-_Allegro/track.npy,simac,0.8333333333333334,0.0,0.8333333333333334,0.0,0.7840730451951974,0.0,0.9090909090909091,0.0
simac/simac_Chopin_Piano_Concerto_No._1_etc_01-I_Allegro_maestoso_risoluto/track.npy,simac,0.2222222222222222,0.0,0.1,0.0,0.46340633524846914,0.0,0.5833333333333334,0.0
simac/simac_Clandestino_-_esperando_la_ultima_ola_02-Desaparecido/track.npy,simac,0.8275862068965517,0.0,0.8275862068965517,0.0,0.804653723880735,0.0,0.9056603773584906,0.0
simac/simac_Clandestino_-_esperando_la_ultima_ola_03-Bongo_bong/track.npy,simac,0.7837837837837838,0.0,0.1111111111111111,0.0,0.7268596300430443,0.0,0.6909090909090909,0.0
simac/simac_Clandestino_-_esperando_la_ultima_ola_05-Mentira/track.npy,simac,0.7037037037037037,0.0,0.7037037037037037,0.0,0.7949264409220909,0.0,0.8260869565217391,0.0
simac/simac_Classic_Vivaldi_-_Stabat_Mater_01/track.npy,simac,0.4,0.0,0.4,0.0,0.4593137711636594,0.0,0.625,0.0
simac/simac_Classic_Vivaldi_-_Stabat_Mater_09/track.npy,simac,0.0,0.0,0.0,0.0,0.29849530407932906,0.0,0.3783783783783784,0.0
simac/simac_DGG_419_047-2_02-Toccata_u._Fuge_d-moll_BWV_565_-_II_Fuge/track.npy,simac,0.9090909090909091,0.0,0.9090909090909091,0.0,0.8072805657561349,0.0,0.9523809523809523,0.0
simac/simac_Eres_luz_07-En_una_canasta_(Rumba-Tango)/track.npy,simac,0.7272727272727273,0.0,0.7272727272727273,0.0,0.7983075917525748,0.0,0.8620689655172413,0.0
simac/simac_Fado_05-AudioTrack_05/track.npy,simac,0.45161290322580644,0.0,0.06451612903225806,0.0,0.23012222228751855,0.0,0.07272727272727274,0.0
simac/simac_Family_Tree_-_Greatest_Hits_As_Chosen_By_Bjork_07-Bachelorette/track.npy,simac,0.8275862068965517,0.0,0.8275862068965517,0.0,0.7944521525973235,0.0,0.888888888888889,0.0
simac/simac_Gold_-_Greatest_Hits_02-Knowing_Me_Knowing_You/track.npy,simac,0.9,0.0,0.9,0.0,0.8487680141287941,0.0,0.912280701754386,0.0
simac/simac_Gold_-_Greatest_Hits_10-S._O._S/track.npy,simac,0.7894736842105263,0.0,0.7894736842105263,0.0,0.8464149972407788,0.0,0.8823529411764706,0.0
simac/simac_Gold_-_Greatest_Hits_15-Does_Your_Mother_Know/track.npy,simac,1.0,0.0,1.0,0.0,0.970096133094376,0.0,1.0,0.0
simac/simac_Gold_-_Greatest_Hits_17-The_Name_Of_The_Game/track.npy,simac,0.8260869565217391,0.0,0.0,0.0,0.6977057563919158,0.0,0.6229508196721311,0.0
simac/simac_Kocani_Orkester_Trubaci_-_Solo_tapan/track.npy,simac,0.8214285714285714,0.0,0.8214285714285714,0.0,0.828174275762052,0.0,0.9019607843137255,0.0
simac/simac_Niandra_LaDes_and_Usually_Just_a_T-Shirt_18-Usually_Just_a_T-Shirt_Untitled_6/track.npy,simac,0.7692307692307693,0.0,0.7692307692307693,0.0,0.8102596502107469,0.0,0.9166666666666666,0.0
simac/simac_Papakonstantinou_01-AudioTrack_01/track.npy,simac,0.68,0.0,0.68,0.0,0.625168773937891,0.0,0.8095238095238095,0.0
simac/simac_Papakonstantinou_06-AudioTrack_06/track.npy,simac,0.6111111111111112,0.0,0.6111111111111112,0.0,0.6176346955928923,0.0,0.7428571428571428,0.0
simac/simac_Papakonstantinou_18-AudioTrack_18/track.npy,simac,0.75,0.0,0.75,0.0,0.7656029541765854,0.0,0.8627450980392156,0.0
simac/simac_Papakonstantinou_20-AudioTrack_20/track.npy,simac,0.896551724137931,0.0,0.896551724137931,0.0,0.8584264922846803,0.0,0.9454545454545454,0.0
simac/simac_Primer_Aliento_09-Brigada_de_demolicion/track.npy,simac,0.4878048780487805,0.0,0.34375,0.0,0.7963578860784125,0.0,0.7924528301886793,0.0
simac/simac_Primer_Aliento_11-La_television_es_nutritiva/track.npy,simac,0.9166666666666666,0.0,0.9166666666666666,0.0,0.8993239039653831,0.0,0.9565217391304348,0.0
simac/simac_R.A.F.I_08-Hypocrite/track.npy,simac,0.95,0.0,0.95,0.0,0.9491309943528037,0.0,0.9743589743589743,0.0
simac/simac_Samba_na_Madrugada_08-Mascarada/track.npy,simac,1.0,0.0,1.0,0.0,0.899395902367623,0.0,1.0,0.0
simac/simac_So_Cartola_01-Quem_me_Ve_Sorrindo_Sei_Chorar_Alegria/track.npy,simac,0.09090909090909091,0.0,0.06818181818181818,0.0,0.33192494493221975,0.0,0.34782608695652173,0.0
simac/simac_So_Cartola_16-Sofreguidao/track.npy,simac,0.8846153846153846,0.0,0.8846153846153846,0.0,0.8426055373509718,0.0,0.8979591836734695,0.0
simac/simac_So_Cartola_17-A_Mesma_Historia/track.npy,simac,0.7941176470588235,0.0,0.7941176470588235,0.0,0.5550408017381793,0.0,0.8253968253968255,0.0
simac/simac_So_Cartola_18-Peito_Vazio/track.npy,simac,0.6944444444444444,0.0,0.0,0.0,0.32345342074998207,0.0,0.0,0.0
simac/simac_Songs_Adalberto_(Adalberto_Alvarez_y_su_son)_-_Sobre_tu_piel/track.npy,simac,0.5121951219512195,0.0,0.1388888888888889,0.0,0.628140810276202,0.0,0.5614035087719298,0.0
simac/simac_Songs_Afrocuba_-_Cambio_de_Clima/track.npy,simac,0.21621621621621623,0.0,0.21621621621621623,0.0,0.28427949959026383,0.0,0.34920634920634924,0.0
simac/simac_Tales_Of_Mystery_And_Imagination_05-_The_System_Of_Doctor_Tarr_And_Professor_Fether/track.npy,simac,0.9130434782608695,0.0,0.9130434782608695,0.0,0.8987235850206708,0.0,0.9545454545454545,0.0
simac/simac_Tales_Of_Mystery_And_Imagination_11-To_One_In_Paradise/track.npy,simac,0.95,0.0,0.95,0.0,0.8091731626975612,0.0,0.9,0.0
simac/simac_Xatzidakis_11-AudioTrack_11/track.npy,simac,0.88,0.0,0.88,0.0,0.8133697178668676,0.0,0.9361702127659575,0.0
simac/simac_a_love_supreme_part_1_acknowledgement/track.npy,simac,0.47368421052631576,0.0,0.47368421052631576,0.0,0.5194537454299227,0.0,0.6590909090909092,0.0
simac/simac_aire_07-La_Alcoba_y_la_mosca/track.npy,simac,0.8571428571428571,0.0,0.8571428571428571,0.0,0.8357072053084271,0.0,0.8846153846153847,0.0
simac/simac_blues_roots_es_flat_ahs_flat_too/track.npy,simac,0.6666666666666666,0.0,0.6666666666666666,0.0,0.7356740126100109,0.0,0.8433734939759038,0.0
simac/simac_blues_roots_moanin/track.npy,simac,0.7727272727272727,0.0,0.0,0.0,0.6488351910251033,0.0,0.5806451612903226,0.0
simac/simac_greek_Gkoles_-_Atimi_tyxi/track.npy,simac,0.7368421052631579,0.0,0.7368421052631579,0.0,0.7934830628624091,0.0,0.8484848484848484,0.0
simac/simac_more_greek_Gkoles_-_O_8ermastis/track.npy,simac,0.7142857142857143,0.0,0.7142857142857143,0.0,0.7542587253587353,0.0,0.8333333333333333,0.0
simac/simac_more_greek_Gkoles_-_Xatzikyriakeio/track.npy,simac,0.8125,0.0,0.8125,0.0,0.8101697253043539,0.0,0.8813559322033898,0.0
simac/simac_more_greek_Glykeria_-_To_agalma/track.npy,simac,1.0,0.0,1.0,0.0,0.837347051443466,0.0,1.0,0.0
simac/simac_more_greek_Ksylouris_-_Afton_ton_kosmo_ton_kalo/track.npy,simac,0.7222222222222222,0.0,0.7222222222222222,0.0,0.8553564688504063,0.0,0.9090909090909091,0.0
simac/simac_more_greek_Marinella_-_Koita_me_sta_matia/track.npy,simac,0.7777777777777778,0.0,0.7777777777777778,0.0,0.7215029204259839,0.0,0.8750000000000001,0.0
simac/simac_more_greek_Marinella_-_Prin_to_xarama/track.npy,simac,0.8,0.0,0.8,0.0,0.8546895358566773,0.0,0.888888888888889,0.0
simac/simac_more_greek_Mitropanos_-_Brexei_sti_ftwxogeitonia/track.npy,simac,0.8571428571428571,0.0,0.8571428571428571,0.0,0.8478820313015746,0.0,0.8717948717948718,0.0
simac/simac_more_greek_Mosxoliou_-_Koimisou_palikari/track.npy,simac,0.7333333333333333,0.0,0.0,0.0,0.497054313595123,0.0,0.47619047619047616,0.0
simac/simac_more_greek_Mpi8ikwtsis_-_H_mpalanta_tou_Antrikou/track.npy,simac,0.8157894736842105,0.0,0.8157894736842105,0.0,0.8362551889434323,0.0,0.898550724637681,0.0
simac/simac_more_greek_Mpi8ikwtsis_-_Sto_perigiali_to_kryfo/track.npy,simac,0.6666666666666666,0.0,0.6666666666666666,0.0,0.6996647772032887,0.0,0.742857142857143,0.0
simac/simac_more_greek_Mpi8ikwtsis_-_Xrysoprasino_fyllo/track.npy,simac,0.7368421052631579,0.0,0.7368421052631579,0.0,0.6939799092717148,0.0,0.8484848484848484,0.0
simac/simac_selected_ambient_works_8592_ageispolis/track.npy,simac,0.9629629629629629,0.0,0.9629629629629629,0.0,0.9653097045531223,0.0,0.9811320754716981,0.0
simac/simac_selected_ambient_works_8592_xtal/track.npy,simac,1.0,0.0,1.0,0.0,0.8823631061757574,0.0,1.0,0.0
smc/smc_005/track.npy,smc,0.7586206896551724,0.0,0.7586206896551724,0.0,0.27464829880540076,0.0,0.4230769230769231,0.0
smc/smc_011/track.npy,smc,0.5666666666666667,0.0,0.5666666666666667,0.0,0.6604482015089949,0.0,0.7567567567567567,0.0
smc/smc_022/track.npy,smc,0.875,0.0,0.875,0.0,0.8565306227087612,0.0,0.9487179487179489,0.0
smc/smc_042/track.npy,smc,0.8,0.0,0.8,0.0,0.6692054484332114,0.0,0.8070175438596491,0.0
smc/smc_044/track.npy,smc,0.45161290322580644,0.0,0.3488372093023256,0.0,0.5422608000372959,0.0,0.6756756756756758,0.0
smc/smc_054/track.npy,smc,0.8974358974358975,0.0,0.8974358974358975,0.0,0.7184121377548077,0.0,0.8918918918918919,0.0
smc/smc_055/track.npy,smc,0.23076923076923078,0.0,0.1794871794871795,0.0,0.4518650770395274,0.0,0.5128205128205128,0.0
smc/smc_067/track.npy,smc,0.9411764705882353,0.0,0.9411764705882353,0.0,0.6060717301379065,0.0,0.8316831683168315,0.0
smc/smc_088/track.npy,smc,0.631578947368421,0.0,0.631578947368421,0.0,0.3931745717315615,0.0,0.5,0.0
smc/smc_099/track.npy,smc,0.7948717948717948,0.0,0.7948717948717948,0.0,0.4246469247261573,0.0,0.6666666666666667,0.0
smc/smc_103/track.npy,smc,0.2222222222222222,0.0,0.2222222222222222,0.0,0.3438365881109767,0.0,0.43298969072164956,0.0
smc/smc_135/track.npy,smc,0.6304347826086957,0.0,0.6304347826086957,0.0,0.6309237540126459,0.0,0.7640449438202247,0.0
smc/smc_150/track.npy,smc,0.9264705882352942,0.0,0.9264705882352942,0.0,0.7629071616104606,0.0,0.9393939393939394,0.0
smc/smc_168/track.npy,smc,0.4,0.0,0.075,0.0,0.21144937926859927,0.0,0.2711864406779661,0.0
smc/smc_171/track.npy,smc,0.7076923076923077,0.0,0.0,0.0,0.4379700714641982,0.0,0.42105263157894735,0.0
smc/smc_179/track.npy,smc,0.5769230769230769,0.0,0.5769230769230769,0.0,0.47805718616346043,0.0,0.5957446808510638,0.0
smc/smc_188/track.npy,smc,0.9,0.0,0.9,0.0,0.7405427929848991,0.0,0.9655172413793104,0.0
smc/smc_190/track.npy,smc,0.12698412698412698,0.0,0.12698412698412698,0.0,0.4253869052448128,0.0,0.5376344086021505,0.0
smc/smc_197/track.npy,smc,0.7241379310344828,0.0,0.7241379310344828,0.0,0.3545887629801953,0.0,0.48000000000000004,0.0
smc/smc_208/track.npy,smc,0.7692307692307693,0.0,0.7692307692307693,0.0,0.563438673570186,0.0,0.7142857142857142,0.0
smc/smc_212/track.npy,smc,0.4166666666666667,0.0,0.4166666666666667,0.0,0.28415303214010845,0.0,0.3829787234042554,0.0
smc/smc_237/track.npy,smc,0.5306122448979592,0.0,0.5306122448979592,0.0,0.43685386930610304,0.0,0.5517241379310346,0.0
smc/smc_241/track.npy,smc,0.5961538461538461,0.0,0.5961538461538461,0.0,0.27302997913163574,0.0,0.3578947368421052,0.0
smc/smc_260/track.npy,smc,0.6842105263157895,0.0,0.6842105263157895,0.0,0.6624673485389724,0.0,0.7818181818181817,0.0
smc/smc_274/track.npy,smc,0.9879518072289156,0.0,0.0,0.0,0.44832794053034475,0.0,0.0,0.0
smc/smc_286/track.npy,smc,0.9811320754716981,0.0,0.9811320754716981,0.0,0.9694760821686236,0.0,0.9904761904761905,0.0
smc/smc_289/track.npy,smc,1.0,0.0,1.0,0.0,0.8109424850543133,0.0,0.9827586206896551,0.0
tapcorrect/001_youtube_fV4DiAyExN0/track.npy,tapcorrect,0.9807073954983923,0.9871794871794872,0.9807073954983923,0.9871794871794872,0.9662884653808651,0.9681424353169488,0.9902597402597403,0.9935483870967742
tapcorrect/011_youtube_M7u5SdjDSQQ/track.npy,tapcorrect,0.9878542510121457,1.0,0.9878542510121457,1.0,0.9403953615782934,0.9423556604492513,0.9938900203665988,1.0
tapcorrect/019_youtube_jSDukB1pc30/track.npy,tapcorrect,0.9703703703703703,0.9548022598870056,0.9703703703703703,0.9548022598870056,0.9293810843871164,0.9339752136483256,0.9850467289719627,0.9772727272727272
tapcorrect/024_youtube_S4X_l8PIobc/track.npy,tapcorrect,0.9462809917355371,0.7096774193548387,0.9462809917355371,0.7096774193548387,0.8442052409465941,0.6937700085589258,0.9726315789473685,0.7768595041322315
tapcorrect/032_youtube_zsmUOdmm02A/track.npy,tapcorrect,0.9915254237288136,1.0,0.9915254237288136,1.0,0.929311391468791,0.9431710002155169,0.9971671388101983,1.0
tapcorrect/041_youtube_Eh44QPT1mPE/track.npy,tapcorrect,0.8204225352112676,0.4375,0.8204225352112676,0.4375,0.8665413839997165,0.6949169673369723,0.9313543599257885,0.75
tapcorrect/046_youtube_ebZZpVFUQDY/track.npy,tapcorrect,0.9009174311926605,0.9051094890510949,0.011009174311926606,0.0072992700729927005,0.7219226539957193,0.7351389973239761,0.628992628992629,0.6176470588235294
tapcorrect/047_youtube_WNa60w5HOB4/track.npy,tapcorrect,0.8773584905660378,0.6792452830188679,0.8773584905660378,0.6792452830188679,0.8737763060642736,0.7212212551247361,0.9030732860520095,0.7464114832535885
tapcorrect/057_youtube_UrN3-lDk9Rs/track.npy,tapcorrect,0.7844574780058651,0.9298245614035088,0.7844574780058651,0.9298245614035088,0.8869706082978437,0.9456478752102503,0.9188361408882083,0.9775784753363228
tapcorrect/068_youtube_a8LcePfI6Hs/track.npy,tapcorrect,0.8878923766816144,0.42948717948717946,0.8878923766816144,0.42948717948717946,0.8980240636035379,0.7807264256618552,0.941444866920152,0.8252788104089219
tapcorrect/069_youtube_8kl6q_9qZOs/track.npy,tapcorrect,0.9347553324968633,0.925,0.9347553324968633,0.925,0.9214246578462152,0.9000422161875017,0.9638709677419355,0.9562982005141387
tapcorrect/086_youtube_-2WQ_caqBiY/track.npy,tapcorrect,1.0,1.0,1.0,1.0,0.9699250444245727,0.968900215811062,1.0,1.0
tapcorrect/099_youtube_WHWqj6gKS9g/track.npy,tapcorrect,0.6162790697674418,0.1791044776119403,0.17407407407407408,0.1791044776119403,0.6193330505214623,0.38117518513986987,0.6787330316742082,0.4423076923076923
asap/Bach_Fugue_bwv_860_Ko04M/track.npy,asap,0.010101010101010102,0.26506024096385544,0.010101010101010102,0.26506024096385544,0.4547769289570692,0.5035949742809408,0.4655172413793104,0.5157232704402516
asap/Bach_Fugue_bwv_860_Nikiforov05M/track.npy,asap,0.009009009009009009,0.13253012048192772,0.006557377049180328,0.13253012048192772,0.43230762620480745,0.3489012692021079,0.44491525423728817,0.35802469135802467
asap/Bach_Fugue_bwv_860_Tetzloff04M/track.npy,asap,0.008438818565400843,0.6526946107784432,0.002109704641350211,0.029940119760479042,0.4724192112444866,0.6239308473416199,0.4898595943837753,0.528
asap/Bach_Fugue_bwv_860_TuanS01M/track.npy,asap,0.005221932114882507,0.37349397590361444,0.0,0.37349397590361444,0.4427282535413516,0.5381488845344838,0.4545454545454546,0.5521472392638036
asap/Bach_Fugue_bwv_860_YoungS01M/track.npy,asap,0.012919896640826873,0.2872340425531915,0.012919896640826873,0.2872340425531915,0.50211305925818,0.5950511064945943,0.5135623869801085,0.576271186440678
asap/Bach_Fugue_bwv_860_ZhangH04M/track.npy,asap,0.009592326139088728,0.2606060606060606,0.0,0.16363636363636364,0.44541905013276284,0.5327864348925722,0.46232876712328763,0.538860103626943
asap/Bach_Fugue_bwv_880_LeungR01M/track.npy,asap,0.9946524064171123,0.40384615384615385,0.9946524064171123,0.17204301075268819,0.9681506326729709,0.6068829349797448,0.9973190348525469,0.593103448275862
asap/Bach_Fugue_bwv_880_WangA04M/track.npy,asap,0.9789473684210527,0.2909090909090909,0.9789473684210527,0.2127659574468085,0.9691354845042077,0.6133176884814118,0.9920424403183024,0.6174496644295302
asap/Bach_Fugue_bwv_893_Kleisen04M/track.npy,asap,0.4612676056338028,0.4421052631578947,0.4612676056338028,0.4421052631578947,0.792708572794504,0.6833522911250667,0.8285714285714286,0.7176470588235295
asap/Bach_Fugue_bwv_893_Levitsky04M/track.npy,asap,0.4050632911392405,0.125,0.1267605633802817,0.09473684210526316,0.6843638986863285,0.4387870023209885,0.7149321266968327,0.45070422535211263
asap/Bach_Fugue_bwv_893_Wong01M/track.npy,asap,0.25675675675675674,0.10416666666666667,0.14035087719298245,0.08421052631578947,0.5222578643640406,0.36432367974339824,0.535796766743649,0.3770491803278688
asap/Bach_Prelude_bwv_864_SunD01M/track.npy,asap,0.4659090909090909,0.18181818181818182,0.4659090909090909,0.18181818181818182,0.6004206454036907,0.36521890740614826,0.5813953488372093,0.3684210526315789
asap/Bach_Prelude_bwv_884_LiA01M/track.npy,asap,0.9343065693430657,0.5909090909090909,0.9343065693430657,0.5909090909090909,0.9406370603950743,0.7904765178935702,0.966789667896679,0.8048780487804879
asap/Bach_Prelude_bwv_887_LiYZ01M/track.npy,asap,0.9587628865979382,0.49019607843137253,0.9587628865979382,0.49019607843137253,0.9637934120187431,0.6922498803220437,0.9844559585492227,0.7070707070707071
asap/Balakirev_Islamey_CHEN10M/track.npy,asap,0.5121477162293488,0.34739454094292804,0.5121477162293488,0.34739454094292804,0.6980100103506042,0.5245372884538577,0.7494908350305498,0.5625841184387618
asap/Balakirev_Islamey_Na08M/track.npy,asap,0.30896686159844056,0.3864306784660767,0.30896686159844056,0.3864306784660767,0.6516140072426406,0.5607375719366801,0.6925207756232687,0.5896296296296297
asap/Balakirev_Islamey_Yi04M/track.npy,asap,0.6110572259941804,0.31197771587743733,0.6110572259941804,0.31197771587743733,0.7826132411727261,0.5503408111930607,0.8173027989821883,0.5722460658082975
asap/Beethoven_Piano_Sonatas_17-2_USHIKI05M/track.npy,asap,0.5286415711947627,0.07692307692307693,0.19661733615221988,0.07692307692307693,0.6714247984304125,0.434064321926132,0.6957637997432605,0.45736434108527135
asap/Beethoven_Piano_Sonatas_26-1_HuNY02M/track.npy,asap,0.7802197802197802,0.2789473684210526,0.029288702928870293,0.20195439739413681,0.7480584290404071,0.6601591705823364,0.6419213973799126,0.6800804828973843
asap/Beethoven_Piano_Sonatas_26-1_Sham03M/track.npy,asap,0.8130990415335463,0.22149837133550487,0.0200836820083682,0.22149837133550487,0.7562301176729176,0.676914655493428,0.641405820977485,0.6958250497017892
asap/Beethoven_Piano_Sonatas_26-1_Zhdanov05M/track.npy,asap,0.7811993517017828,0.41042345276872966,0.013389121338912133,0.41042345276872966,0.7297083145787542,0.6924012689412687,0.6269315673289183,0.7230769230769231
asap/Beethoven_Piano_Sonatas_26-1_no_repeat_Kim02M/track.npy,asap,0.6263537906137184,0.25949367088607594,0.08341810783316378,0.23228346456692914,0.7181688582832191,0.6672747343156017,0.649316851008458,0.6941747572815533
asap/Beethoven_Piano_Sonatas_4-1_Chon03M/track.npy,asap,0.6791979949874687,0.38461538461538464,0.6791979949874687,0.1544943820224719,0.7936286599840386,0.5324083350140044,0.828363154406892,0.5050847457627119
asap/Beethoven_Piano_Sonatas_4-1_LeeE02M/track.npy,asap,0.6147727272727272,0.3770491803278688,0.6147727272727272,0.2050561797752809,0.8079066962444725,0.6063531556684942,0.8321810182275299,0.5866666666666667
asap/Beethoven_Piano_Sonatas_4-1_LiA04M/track.npy,asap,0.7935222672064778,0.3319327731092437,0.7935222672064778,0.2640449438202247,0.8524500847354485,0.6301247095873959,0.8815426997245178,0.6397306397306397
asap/Beethoven_Piano_Sonatas_4-1_SirajA02M/track.npy,asap,0.6722689075630253,0.4017467248908297,0.6722689075630253,0.12078651685393259,0.8207447285233035,0.552140752752262,0.855663430420712,0.5264957264957264
asap/Chopin_Etudes_op_10_10_WangH02M/track.npy,asap,0.41743119266055045,0.564625850340136,0.05442176870748299,0.11475409836065574,0.6011094842726659,0.5927036534335914,0.58203125,0.5816326530612245
asap/Chopin_Etudes_op_10_4_Duepree06M/track.npy,asap,0.884375,0.5617977528089888,0.884375,0.5617977528089888,0.8920760565672479,0.7625064279103692,0.9495268138801262,0.7976190476190476
asap/Chopin_Etudes_op_10_4_Knoll03M/track.npy,asap,0.9428571428571428,0.7195121951219512,0.9428571428571428,0.7195121951219512,0.9256592835482698,0.7749389185547855,0.9745222929936306,0.8198757763975155
asap/Chopin_Etudes_op_10_4_Kurz03M/track.npy,asap,0.9235668789808917,0.2549019607843137,0.9235668789808917,0.2549019607843137,0.9270191749011626,0.5437262290843636,0.9569377990430622,0.56353591160221
asap/Chopin_Etudes_op_10_4_LeeSH03M/track.npy,asap,0.9400630914826499,0.7469879518072289,0.9400630914826499,0.7469879518072289,0.92046337580675,0.7509172952819068,0.9714285714285715,0.8024691358024693
asap/Chopin_Etudes_op_10_4_Sladek03M/track.npy,asap,0.7955271565495208,0.45454545454545453,0.7955271565495208,0.45454545454545453,0.8600176545682147,0.5587694238304808,0.9017713365539453,0.595505617977528
asap/Chopin_Etudes_op_10_4_Yi03M/track.npy,asap,0.8726708074534162,0.6236559139784946,0.8726708074534162,0.6236559139784946,0.8787445796678423,0.7647566301269751,0.9213836477987422,0.8139534883720929
asap/Chopin_Etudes_op_10_4_ZhangE03M/track.npy,asap,0.9361022364217252,0.5806451612903226,0.9361022364217252,0.5806451612903226,0.9191404019681708,0.708420421314201,0.9903536977491961,0.7906976744186047
asap/Chopin_Etudes_op_10_4_ZhaoA03M/track.npy,asap,0.9495268138801262,0.8674698795180723,0.9495268138801262,0.8674698795180723,0.9326889650684388,0.8485599043541129,0.9793977812995246,0.9012345679012346
asap/Chopin_Etudes_op_25_11_KimSuyeon03M/track.npy,asap,0.7692307692307693,0.801980198019802,0.7692307692307693,0.801980198019802,0.8251751228125562,0.8108337746176042,0.8939393939393939,0.8512820512820514
asap/Chopin_Etudes_op_25_11_KyykhynenT10M/track.npy,asap,0.8639798488664987,0.7383177570093458,0.8639798488664987,0.7383177570093458,0.8711798556674604,0.8402226008151016,0.937984496124031,0.8811881188118812
asap/Chopin_Etudes_op_25_11_Lisiecki07M/track.npy,asap,0.7247058823529412,0.5241935483870968,0.7247058823529412,0.5241935483870968,0.810225516349465,0.7169767833025823,0.8642590286425904,0.7579908675799086
asap/Chopin_Etudes_op_25_11_MiyashitaM03M/track.npy,asap,0.8484848484848485,0.5483870967741935,0.8484848484848485,0.5483870967741935,0.8614057486843941,0.7865356014075332,0.905562742561449,0.8219178082191779
asap/Chopin_Etudes_op_25_11_Sham02M/track.npy,asap,0.8428927680798005,0.5630252100840336,0.8428927680798005,0.5630252100840336,0.8697783913955542,0.7879809567024587,0.9165596919127086,0.8317757009345795
asap/Chopin_Etudes_op_25_11_Shychko03M/track.npy,asap,0.8199513381995134,0.5275590551181102,0.8199513381995134,0.5275590551181102,0.8405591277327189,0.7524884035222736,0.9072426937738246,0.7963800904977375
asap/Chopin_Etudes_op_25_11_Song02M/track.npy,asap,0.8860759493670886,0.7428571428571429,0.8860759493670886,0.7428571428571429,0.8831703642903189,0.8533840855964221,0.9314359637774903,0.8700000000000001
asap/Chopin_Etudes_op_25_11_WangA02M/track.npy,asap,0.7975308641975308,0.46923076923076923,0.7975308641975308,0.46923076923076923,0.8431303527438292,0.7775808637787168,0.8923076923076924,0.8125
asap/Chopin_Sonata_3_4th_GarritsonL11M/track.npy,asap,0.7913188647746243,0.3464285714285714,0.7913188647746243,0.3464285714285714,0.8366884931372653,0.6665736762276505,0.9101899827288428,0.7085953878406708
asap/Chopin_Sonata_3_4th_HuangSW06M/track.npy,asap,0.8426573426573427,0.42857142857142855,0.8426573426573427,0.42857142857142855,0.8501875956279172,0.7003597493495898,0.9160035366931919,0.7408906882591093
asap/Chopin_Sonata_3_4th_KimSJ10M/track.npy,asap,0.5019011406844106,0.4054794520547945,0.5019011406844106,0.4054794520547945,0.7598273121471242,0.7132781733684521,0.8014814814814815,0.7523219814241486
asap/Chopin_Sonata_3_4th_KimSY23M/track.npy,asap,0.704647676161919,0.4928571428571429,0.704647676161919,0.4928571428571429,0.8234932263671058,0.7363916595754416,0.880195599022005,0.7969639468690701
asap/Haydn_Keyboard_Sonatas_39-1_Yarden07M/track.npy,asap,0.5788113695090439,0.5333333333333333,0.5788113695090439,0.5333333333333333,0.7794752568270509,0.7172616525756521,0.8098693759071117,0.7341772151898734
asap/Haydn_Keyboard_Sonatas_48-2_GarritsonL03M/track.npy,asap,0.7507788161993769,0.3767123287671233,0.11518324607329843,0.041811846689895474,0.7783624023465043,0.5852884050056271,0.7002237136465325,0.6096997690531178
asap/Haydn_Keyboard_Sonatas_48-2_PrjevalskayaM03M/track.npy,asap,0.4728682170542636,0.2569444444444444,0.30313588850174217,0.0313588850174216,0.7687416137570935,0.5269505496608097,0.7617065556711758,0.5454545454545455
asap/Mozart_Piano_Sonatas_12-3_MunA05M/track.npy,asap,0.8599221789883269,0.48333333333333334,0.8599221789883269,0.48333333333333334,0.9127879645889557,0.792850692740899,0.9427135678391959,0.820754716981132
asap/Mozart_Piano_Sonatas_12-3_WuuE04M/track.npy,asap,0.6890459363957597,0.4375,0.6890459363957597,0.4375,0.8268702102727545,0.754001733678433,0.8500477554918816,0.7746478873239436
asap/Schubert_Impromptu_op.90_D.899_4_no_repeat_Huang10M/track.npy,asap,0.6105651105651105,0.3382352941176471,0.6105651105651105,0.3382352941176471,0.7824297594478677,0.6921658908433859,0.8289384719405003,0.7276595744680852
asap/Schubert_Impromptu_op.90_D.899_4_no_repeat_Lin11M/track.npy,asap,0.7170971709717097,0.46863468634686345,0.7170971709717097,0.46863468634686345,0.8364678243779772,0.7762833753139209,0.8709677419354839,0.8024948024948024
asap/Schubert_Impromptu_op.90_D.899_4_no_repeat_LuoJ09M/track.npy,asap,0.5498154981549815,0.37158469945355194,0.5498154981549815,0.34686346863468637,0.8010839542762446,0.7676799526152088,0.8206214689265536,0.7841409691629956
asap/Schubert_Impromptu_op.90_D.899_4_no_repeat_WongWY08M/track.npy,asap,0.41697416974169743,0.43558282208588955,0.41697416974169743,0.1992619926199262,0.6747941615431778,0.6071792445503986,0.7234352256186318,0.6820276497695853
asap/Schubert_Moment_Musical_no_1_MunA10M/track.npy,asap,0.52,0.208955223880597,0.52,0.208955223880597,0.7403537401540229,0.4674864276127119,0.803044719314938,0.5113636363636364
ballroom/ballroom_Albums-AnaBelen_Veneo-03/track.npy,ballroom,1.0,1.0,1.0,1.0,0.8957446113189707,0.8629369654641327,1.0,1.0
ballroom/ballroom_Albums-Ballroom_Classics4-05/track.npy,ballroom,0.972972972972973,1.0,0.972972972972973,1.0,0.7093413665801631,0.7935712823537143,0.9041095890410958,0.9166666666666666
ballroom/ballroom_Albums-Ballroom_Magic-03/track.npy,ballroom,0.9736842105263158,0.3333333333333333,0.9736842105263158,0.3333333333333333,0.8652231992002275,0.5842660401051943,0.9333333333333332,0.6666666666666666
ballroom/ballroom_Albums-Ballroom_Magic-11/track.npy,ballroom,0.9866666666666667,1.0,0.9866666666666667,1.0,0.9565160969991278,0.9557632766444744,0.9932885906040269,1.0
ballroom/ballroom_Albums-Cafe_Paradiso-05/track.npy,ballroom,0.9622641509433962,1.0,0.9622641509433962,1.0,0.9746958522370922,0.9908368961796701,0.9904761904761905,1.0
ballroom/ballroom_Albums-Cafe_Paradiso-08/track.npy,ballroom,0.9807692307692307,1.0,0.9807692307692307,1.0,0.9669808854367024,0.9679505563681732,0.9902912621359222,1.0
ballroom/ballroom_Albums-Cafe_Paradiso-11/track.npy,ballroom,1.0,1.0,1.0,1.0,0.97262947140485,0.9825604755588818,1.0,1.0
ballroom/ballroom_Albums-Cafe_Paradiso-16/track.npy,ballroom,0.9861111111111112,1.0,0.9861111111111112,1.0,0.9544525891693213,0.954124560811421,0.993006993006993,1.0
ballroom/ballroom_Albums-Chrisanne1-01/track.npy,ballroom,0.9722222222222222,1.0,0.9722222222222222,1.0,0.8099468299724878,0.8220014044099458,0.9859154929577464,1.0
ballroom/ballroom_Albums-Chrisanne1-04/track.npy,ballroom,1.0,1.0,1.0,1.0,0.8941960196530419,0.898556098322661,1.0,1.0
ballroom/ballroom_Albums-Chrisanne1-14/track.npy,ballroom,0.9880952380952381,1.0,0.9880952380952381,1.0,0.9090447960954503,0.9118049168181501,1.0,1.0
ballroom/ballroom_Albums-Chrisanne2-05/track.npy,ballroom,1.0,0.21428571428571427,1.0,0.21428571428571427,0.9570979180103376,0.3572627963074908,1.0,0.3846153846153846
ballroom/ballroom_Albums-Chrisanne2-06/track.npy,ballroom,1.0,1.0,1.0,1.0,0.9746385205977387,0.963160141370851,1.0,1.0
ballroom/ballroom_Albums-Chrisanne3-01/track.npy,ballroom,0.9722222222222222,0.9166666666666666,0.9722222222222222,0.9166666666666666,0.8959972885755307,0.8634373472364324,0.9859154929577464,0.9565217391304348
ballroom/ballroom_Albums-Chrisanne3-02/track.npy,ballroom,1.0,1.0,1.0,1.0,0.932663997667789,0.8957532907610986,1.0,1.0
ballroom/ballroom_Albums-Chrisanne3-06/track.npy,ballroom,1.0,1.0,1.0,1.0,0.9425820361182407,0.9313537043060959,1.0,1.0
ballroom/ballroom_Albums-Chrisanne3-09/track.npy,ballroom,0.96,0.9615384615384616,0.96,0.9615384615384616,0.93559769426495,0.9260829923126446,0.9866666666666668,0.9803921568627451
ballroom/ballroom_Albums-GloriaEstefan_MiTierra-11/track.npy,ballroom,1.0,1.0,1.0,1.0,0.948069277579804,0.9688057196676471,1.0,1.0
ballroom/ballroom_Albums-Latin_Jam-04/track.npy,ballroom,0.9636363636363636,0.5384615384615384,0.9636363636363636,0.5384615384615384,0.948088453313963,0.8357692659011701,0.9814814814814815,0.8695652173913044
ballroom/ballroom_Albums-Latin_Jam-08/track.npy,ballroom,1.0,1.0,1.0,1.0,0.962666685397948,0.9612726915522851,1.0,1.0
ballroom/ballroom_Albums-Latin_Jam-09/track.npy,ballroom,0.9772727272727273,1.0,0.9772727272727273,1.0,0.9607514726630776,0.980355053843727,0.9885057471264368,1.0
ballroom/ballroom_Albums-Latin_Jam-11/track.npy,ballroom,1.0,1.0,1.0,1.0,0.9696824543824549,0.9575401332913686,1.0,1.0
ballroom/ballroom_Albums-Latin_Jam2-05/track.npy,ballroom,1.0,1.0,1.0,1.0,0.9843146444967357,0.9845590941959365,1.0,1.0
ballroom/ballroom_Albums-Latin_Jam2-07/track.npy,ballroom,0.9772727272727273,1.0,0.9772727272727273,1.0,0.9452848080695085,0.9857814970678195,0.9885057471264368,1.0
ballroom/ballroom_Albums-Latin_Jam3-01/track.npy,ballroom,0.9807692307692307,1.0,0.9807692307692307,1.0,0.97027355670413,0.9743858758624526,0.9902912621359222,1.0
ballroom/ballroom_Albums-Latin_Jam3-06/track.npy,ballroom,1.0,1.0,1.0,1.0,0.9821262890972351,0.9773670164848374,1.0,1.0
ballroom/ballroom_Albums-Latin_Jam4-05/track.npy,ballroom,1.0,0.9444444444444444,1.0,0.0,0.9855011879700811,0.4781044179967025,1.0,0.0
ballroom/ballroom_Albums-Pais_Tropical-11/track.npy,ballroom,1.0,1.0,1.0,1.0,0.9420691223143177,0.9725558411817415,1.0,1.0
ballroom/ballroom_Albums-Pais_Tropical-15/track.npy,ballroom,1.0,1.0,1.0,1.0,0.9757430107936709,0.9720099098543336,1.0,1.0
ballroom/ballroom_Albums-Step_By_Step-15/track.npy,ballroom,0.9883720930232558,1.0,0.9883720930232558,1.0,0.9532974368844722,0.9561340849945108,0.9941520467836257,1.0
ballroom/ballroom_Albums-Step_By_Step-17/track.npy,ballroom,0.9770114942528736,1.0,0.9770114942528736,1.0,0.9478778045027252,0.9595230540128532,0.9883720930232558,1.0
ballroom/ballroom_Albums-StrictlyDancing_Tango-08/track.npy,ballroom,0.9807692307692307,1.0,0.9807692307692307,1.0,0.9514716713835752,0.9508123150625517,0.9902912621359222,1.0
ballroom/ballroom_Media-100606/track.npy,ballroom,1.0,1.0,1.0,1.0,0.9720879501166765,0.9712122167786933,1.0,1.0
ballroom/ballroom_Media-100615/track.npy,ballroom,1.0,1.0,1.0,1.0,0.9351775930870009,0.9197446445879658,1.0,1.0
ballroom/ballroom_Media-103403/track.npy,ballroom,0.98,0.9230769230769231,0.98,0.9230769230769231,0.9695056717159101,0.9479781687415314,0.98989898989899,0.9600000000000001
ballroom/ballroom_Media-103404/track.npy,ballroom,0.9807692307692307,1.0,0.9807692307692307,1.0,0.970833550534429,0.9794290336460428,0.9902912621359222,1.0
ballroom/ballroom_Media-103416/track.npy,ballroom,1.0,1.0,1.0,1.0,0.9630471569542335,0.9753224554388749,1.0,1.0
ballroom/ballroom_Media-103506/track.npy,ballroom,1.0,1.0,1.0,1.0,0.9363038756352191,0.9626885137629058,1.0,1.0
ballroom/ballroom_Media-103513/track.npy,ballroom,1.0,1.0,1.0,1.0,0.9614686936989536,0.95645924441865,1.0,1.0
ballroom/ballroom_Media-103516/track.npy,ballroom,0.9857142857142858,1.0,0.9857142857142858,1.0,0.8767333588092096,0.8670411199229643,0.9928057553956835,1.0
ballroom/ballroom_Media-103601/track.npy,ballroom,0.9795918367346939,1.0,0.9795918367346939,1.0,0.9719424850754418,0.9662876159391436,0.9896907216494846,1.0
ballroom/ballroom_Media-103609/track.npy,ballroom,1.0,1.0,1.0,1.0,0.8972271932774111,0.9040782585140403,1.0,1.0
ballroom/ballroom_Media-103707/track.npy,ballroom,0.9767441860465116,0.9090909090909091,0.9767441860465116,0.9090909090909091,0.9673076213028348,0.9311779653818019,0.988235294117647,0.9523809523809523
ballroom/ballroom_Media-103711/track.npy,ballroom,1.0,1.0,1.0,1.0,0.9416478002043027,0.9052852572292864,1.0,1.0
ballroom/ballroom_Media-103719/track.npy,ballroom,1.0,1.0,1.0,1.0,0.9784959921973718,0.9728802338031078,1.0,1.0
ballroom/ballroom_Media-103801/track.npy,ballroom,0.6730769230769231,0.8461538461538461,0.25,0.8461538461538461,0.44649680734120967,0.2099704740035041,0.27450980392156865,0.24000000000000002
ballroom/ballroom_Media-103802/track.npy,ballroom,1.0,1.0,1.0,1.0,0.9879031474668735,0.9822952896454465,1.0,1.0
ballroom/ballroom_Media-103805/track.npy,ballroom,1.0,1.0,1.0,1.0,0.9714185366738047,0.986489119289718,1.0,1.0
ballroom/ballroom_Media-103806/track.npy,ballroom,0.9523809523809523,1.0,0.9523809523809523,1.0,0.9733617663920433,0.988230922428653,0.9879518072289156,1.0
ballroom/ballroom_Media-103810/track.npy,ballroom,0.9761904761904762,1.0,0.9761904761904762,1.0,0.9247361555880723,0.9423413584211243,0.9879518072289156,1.0
ballroom/ballroom_Media-103908/track.npy,ballroom,1.0,1.0,1.0,1.0,0.9792941050323564,0.9681018586499957,1.0,1.0
ballroom/ballroom_Media-103911/track.npy,ballroom,0.4482758620689655,0.4444444444444444,0.4482758620689655,0.4444444444444444,0.6031121882971073,0.6082252551173661,0.6190476190476191,0.6153846153846153
ballroom/ballroom_Media-104004/track.npy,ballroom,0.975609756097561,0.0,0.975609756097561,0.0,0.9461828776905953,2.8583575641388426e-48,0.9876543209876543,0.0
ballroom/ballroom_Media-104206/track.npy,ballroom,0.9814814814814815,0.9285714285714286,0.9814814814814815,0.9285714285714286,0.9365010602464622,0.9181660255019308,0.9906542056074767,0.962962962962963
ballroom/ballroom_Media-104209/track.npy,ballroom,0.974025974025974,0.9615384615384616,0.974025974025974,0.9615384615384616,0.9492027344524014,0.9438368960386289,0.9868421052631579,0.9803921568627451
ballroom/ballroom_Media-104216/track.npy,ballroom,0.9880952380952381,0.9523809523809523,0.9880952380952381,0.9523809523809523,0.9696495038416517,0.9472854393815762,0.9940119760479043,0.975609756097561
ballroom/ballroom_Media-104308/track.npy,ballroom,1.0,1.0,1.0,1.0,0.9795180504233764,0.9790541486021115,1.0,1.0
ballroom/ballroom_Media-104317/track.npy,ballroom,0.9886363636363636,1.0,0.9886363636363636,1.0,0.9509493507314489,0.9464350138070359,0.9942857142857142,1.0
ballroom/ballroom_Media-104507/track.npy,ballroom,0.9736842105263158,1.0,0.9736842105263158,1.0,0.9335513457713543,0.9232371714843208,0.9933774834437086,1.0
ballroom/ballroom_Media-104807/track.npy,ballroom,0.9821428571428571,1.0,0.9821428571428571,1.0,0.9626697323971228,0.9660928313242989,0.9909909909909909,1.0
ballroom/ballroom_Media-104901/track.npy,ballroom,0.9714285714285714,1.0,0.9714285714285714,1.0,0.9110952165316482,0.9591401948344506,0.9855072463768115,1.0
ballroom/ballroom_Media-104908/track.npy,ballroom,0.9733333333333334,0.96,0.9733333333333334,0.96,0.9466978317525818,0.9544461916191394,0.9864864864864865,0.9795918367346939
ballroom/ballroom_Media-104918/track.npy,ballroom,1.0,1.0,1.0,1.0,0.9350184527082285,0.9472799621087633,1.0,1.0
ballroom/ballroom_Media-105002/track.npy,ballroom,1.0,1.0,1.0,1.0,0.8842040475212878,0.9271618981223472,1.0,1.0
ballroom/ballroom_Media-105005/track.npy,ballroom,0.972972972972973,1.0,0.972972972972973,1.0,0.9122150667992357,0.9228820769378442,0.9863013698630138,1.0
ballroom/ballroom_Media-105011/track.npy,ballroom,0.9868421052631579,0.9615384615384616,0.9868421052631579,0.9615384615384616,0.9529925276305435,0.9450182712806013,0.9933774834437086,0.9803921568627451
ballroom/ballroom_Media-105103/track.npy,ballroom,0.9722222222222222,0.9166666666666666,0.9722222222222222,0.9166666666666666,0.8211867306176992,0.7905089058742768,0.9859154929577464,0.9565217391304348
ballroom/ballroom_Media-105210/track.npy,ballroom,1.0,1.0,1.0,1.0,0.9283684551909106,0.9382808937431776,1.0,1.0
ballroom/ballroom_Media-105304/track.npy,ballroom,0.9722222222222222,0.9166666666666666,0.9722222222222222,0.9166666666666666,0.8875127198049552,0.861068521493771,0.9859154929577464,0.9565217391304348
ballroom/ballroom_Media-105313/track.npy,ballroom,0.9764705882352941,0.9523809523809523,0.9764705882352941,0.9523809523809523,0.904569084311335,0.8557296714565654,0.988095238095238,0.975609756097561
ballroom/ballroom_Media-105317/track.npy,ballroom,0.9636363636363636,0.9285714285714286,0.9636363636363636,0.9285714285714286,0.886505648785129,0.8702603101687905,0.9814814814814815,0.962962962962963
ballroom/ballroom_Media-105402/track.npy,ballroom,0.9761904761904762,1.0,0.9761904761904762,1.0,0.9525503627831818,0.9752671168673365,0.9879518072289156,1.0
ballroom/ballroom_Media-105411/track.npy,ballroom,1.0,1.0,1.0,1.0,0.9384239153951562,0.9779733475701299,1.0,1.0
ballroom/ballroom_Media-105415/track.npy,ballroom,0.9726027397260274,0.5555555555555556,0.9726027397260274,0.5555555555555556,0.9527544090432669,0.6757114986638564,0.9861111111111112,0.7058823529411765
ballroom/ballroom_Media-105502/track.npy,ballroom,0.972972972972973,1.0,0.972972972972973,1.0,0.7672066579989656,0.828547654955092,0.9589041095890412,1.0
ballroom/ballroom_Media-105509/track.npy,ballroom,0.9594594594594594,1.0,0.9594594594594594,1.0,0.9424218644594683,0.957388538439009,0.9864864864864865,1.0
ballroom/ballroom_Media-105607/track.npy,ballroom,0.9761904761904762,1.0,0.9761904761904762,1.0,0.9712625645223582,0.9837284165069655,0.9879518072289156,1.0
ballroom/ballroom_Media-105706/track.npy,ballroom,0.9464285714285714,0.9285714285714286,0.9464285714285714,0.9285714285714286,0.9479832437974327,0.9303152683116869,0.9724770642201834,0.962962962962963
ballroom/ballroom_Media-105715/track.npy,ballroom,0.9659090909090909,1.0,0.9659090909090909,1.0,0.9158145716048076,0.909217016638504,0.9826589595375723,1.0
ballroom/ballroom_Media-105717/track.npy,ballroom,0.9550561797752809,0.9565217391304348,0.9550561797752809,0.9565217391304348,0.8894401850935845,0.8783835839681727,0.9770114942528736,0.9777777777777777
ballroom/ballroom_Media-105805/track.npy,ballroom,1.0,0.9230769230769231,1.0,0.9230769230769231,0.9211015677880686,0.9207698285670614,1.0,0.9600000000000001
ballroom/ballroom_Media-105904/track.npy,ballroom,1.0,1.0,1.0,1.0,0.9723452578214697,0.9745887408661101,1.0,1.0
ballroom/ballroom_Media-106107/track.npy,ballroom,0.9534883720930233,0.9090909090909091,0.9534883720930233,0.9090909090909091,0.9418514955608922,0.9173604344717076,0.9761904761904763,0.9523809523809523
ballroom/ballroom_Media-106109/track.npy,ballroom,0.9772727272727273,1.0,0.9772727272727273,1.0,0.9630085767989103,0.9771460399035341,0.9885057471264368,1.0
ballroom/ballroom_Media-106116/track.npy,ballroom,0.9594594594594594,1.0,0.9594594594594594,1.0,0.9620866719497974,0.9773153192013102,0.9793103448275862,1.0
ballroom/ballroom_Media-106117/track.npy,ballroom,0.95,1.0,0.95,1.0,0.8526967232906235,0.8403177093667378,0.9743589743589743,1.0
beatles/beatles_01_Please_Please_Me_02_Misery/track.npy,beatles,0.9681818181818181,0.9818181818181818,0.9681818181818181,0.9818181818181818,0.9415781948337834,0.944634101094389,0.9794050343249429,0.9908256880733944
beatles/beatles_01_Please_Please_Me_07_Please_Please_Me/track.npy,beatles,0.99609375,0.9846153846153847,0.99609375,0.9846153846153847,0.9402338170852859,0.9344663865303017,0.9980430528375733,0.9922480620155039
beatles/beatles_02_With_the_Beatles_11_I_Wanna_Be_Your_Man/track.npy,beatles,0.4788732394366197,0.4945054945054945,0.33210332103321033,0.28169014084507044,0.7463958179690221,0.7247627088346984,0.7884187082405345,0.7521367521367522
beatles/beatles_03_A_Hard_Days_Night_02_I_Should_Have_Known_Better/track.npy,beatles,0.9970149253731343,1.0,0.9970149253731343,1.0,0.9762141931739841,0.9773710994200518,0.9985052316890882,1.0
beatles/beatles_03_A_Hard_Days_Night_05_And_I_Love_Her/track.npy,beatles,0.9962406015037594,1.0,0.9962406015037594,1.0,0.9732675474373553,0.977133988849302,0.9981167608286252,1.0
beatles/beatles_04_Beatles_for_Sale_03_Babys_In_Black/track.npy,beatles,0.7682119205298014,0.631578947368421,0.7682119205298014,0.631578947368421,0.3175946731112348,0.20711429255268643,0.6928571428571428,0.4722222222222222
beatles/beatles_04_Beatles_for_Sale_06_Mr_Moonlight/track.npy,beatles,0.9904153354632588,1.0,0.9904153354632588,1.0,0.7246587578454133,0.7392286175758012,0.9887640449438203,0.9871794871794872
beatles/beatles_05_Help_05_Another_Girl/track.npy,beatles,0.9770773638968482,0.9310344827586207,0.0029069767441860465,0.0,0.6702355093864982,0.6357296243369966,0.6628131021194605,0.6307692307692309
beatles/beatles_05_Help_12_Ive_Just_Seen_a_Face/track.npy,beatles,0.7312252964426877,0.8769230769230769,0.7312252964426877,0.8769230769230769,0.7304766992059607,0.7482606474194446,0.8595041322314051,0.8780487804878049
beatles/beatles_06_Rubber_Soul_02_Norwegian_Wood_(This_Bird_Has_Flown)/track.npy,beatles,0.9941520467836257,0.543859649122807,0.9941520467836257,0.543859649122807,0.9017378765566378,0.770956453728773,0.9956076134699854,0.8613861386138614
beatles/beatles_07_Revolver_01_Taxman/track.npy,beatles,0.9910714285714286,1.0,0.9910714285714286,1.0,0.9248338682717551,0.9335448354501491,0.9955156950672646,1.0
beatles/beatles_07_Revolver_05_Here_There_And_Everywhere/track.npy,beatles,0.9516129032258065,0.9787234042553191,0.9516129032258065,0.9787234042553191,0.9217515677448312,0.8986831993635221,0.967391304347826,0.9462365591397849
beatles/beatles_08_Sgt_Peppers_Lonely_Hearts_Club_Band_08_Within_You_Without_You/track.npy,beatles,0.7027491408934707,0.42857142857142855,0.7027491408934707,0.42857142857142855,0.6955890166251448,0.4860388930540992,0.7463456577815993,0.5168539325842697
beatles/beatles_08_Sgt_Peppers_Lonely_Hearts_Club_Band_10_Lovely_Rita/track.npy,beatles,1.0,1.0,1.0,1.0,0.9625459104134325,0.9531135540607827,1.0,1.0
beatles/beatles_09_Magical_Mystery_Tour_08_Strawberry_Fields_Forever/track.npy,beatles,0.8944591029023746,0.5188679245283019,0.8944591029023746,0.5188679245283019,0.736723009159631,0.5674899759968225,0.8970976253298153,0.702970297029703
beatles/beatles_10_CD1_The_Beatles_07_While_My_Guitar_Gently_Weeps/track.npy,beatles,0.8633776091081594,0.9015151515151515,0.8633776091081594,0.9015151515151515,0.9165636133430015,0.9140315537399896,0.9636898920510303,0.9689922480620156
beatles/beatles_10_CD1_The_Beatles_12_Piggies/track.npy,beatles,0.9702380952380952,0.4939759036144578,0.9702380952380952,0.3230769230769231,0.8988397587644685,0.7272174730259804,0.9820359281437125,0.7850467289719627
beatles/beatles_10_CD1_The_Beatles_17_Julia/track.npy,beatles,0.5769230769230769,0.8913043478260869,0.5769230769230769,0.8913043478260869,0.8191969752016319,0.9117401741825456,0.8776978417266188,0.9720670391061452
beatles/beatles_10_CD2_The_Beatles_02_Yer_Blues/track.npy,beatles,0.8895027624309392,0.6258064516129033,0.8895027624309392,0.6258064516129033,0.8535488351238197,0.75374209538685,0.9243856332703214,0.8108108108108107
beatles/beatles_11_Abbey_Road_04_Oh_Darling/track.npy,beatles,0.0,0.5847457627118644,0.0,0.0,0.476972825805071,0.6778850858316581,0.4947089947089947,0.5575757575757576
beatles/beatles_11_Abbey_Road_06_I_Want_You/track.npy,beatles,0.7957099080694586,0.47381546134663344,0.7957099080694586,0.18681318681318682,0.9072800143465469,0.7051805655967012,0.9341825902335457,0.6877637130801688
beatles/beatles_12_Let_It_Be_07_Maggie_Mae/track.npy,beatles,0.967391304347826,0.9130434782608695,0.0,0.0,0.782429241126541,0.7661516194260196,0.6569343065693432,0.6470588235294118
candombe/csic.1995_ansina1_01/track.npy,candombe,1.0,1.0,1.0,1.0,0.9770274694126118,0.97209352474203,1.0,1.0
candombe/csic.1995_cuareim_02/track.npy,candombe,0.9974683544303797,1.0,0.9974683544303797,1.0,0.9841763561081782,0.9840855949289321,0.999366687777074,1.0
candombe/proyecto.1992_lobo_06/track.npy,candombe,0.9785522788203753,0.9787234042553191,0.9785522788203753,0.9787234042553191,0.9719820313796734,0.9719807812408691,0.9905533063427799,0.989247311827957
candombe/zavala.muniz.2014_52/track.npy,candombe,1.0,1.0,1.0,1.0,0.9804291552222969,0.9827291090796991,1.0,1.0
candombe/zavala.muniz.2014_55/track.npy,candombe,0.9941860465116279,0.9923076923076923,0.9941860465116279,0.9923076923076923,0.967406968858903,0.968614961863532,0.9980582524271845,0.9961389961389961
filosax/filosax_04/track.npy,filosax,0.9984894259818731,0.9940119760479041,0.9984894259818731,0.9940119760479041,0.9324656426079773,0.9206783534513103,0.999244142101285,0.996996996996997
filosax/filosax_05/track.npy,filosax,0.9947826086956522,1.0,0.9947826086956522,1.0,0.9421151652620128,0.9450118505021372,0.997384481255449,1.0
filosax/filosax_09/track.npy,filosax,0.9907209136331192,0.9857954545454546,0.9907209136331192,0.9857954545454546,0.9466811296555856,0.9349464567787336,0.996061582527748,0.9942857142857142
filosax/filosax_13/track.npy,filosax,0.9264305177111717,0.9347826086956522,0.9264305177111717,0.9347826086956522,0.9087403223754391,0.8883103291918428,0.9796860572483841,0.9618874773139746
filosax/filosax_20/track.npy,filosax,0.9921773142112125,0.9896373056994818,0.9921773142112125,0.9896373056994818,0.8200376211021094,0.826161751138648,0.991508817766166,0.9895833333333334
filosax/filosax_26/track.npy,filosax,0.9887766554433222,0.9866071428571429,0.9887766554433222,0.9866071428571429,0.9393263745121484,0.9271110001671434,0.9943630214205186,0.9932584269662922
groove_midi/drummer10_session1_9_jazz-swing_110_beat_4-4/track.npy,groove_midi,0.9933110367892977,0.821917808219178,0.9933110367892977,0.02702702702702703,0.6036933556698364,0.2747564077188879,0.9932885906040269,0.0958904109589041
groove_midi/drummer1_eval_session_8_rock-groove8_65_beat_4-4/track.npy,groove_midi,1.0,1.0,1.0,1.0,0.9298924077362375,0.9048389251227948,1.0,1.0
groove_midi/drummer1_eval_session_9_soul-groove9_105_beat_4-4/track.npy,groove_midi,1.0,1.0,1.0,1.0,0.9482284418074316,0.9316471671763484,1.0,1.0
groove_midi/drummer1_session1_176_afrocuban_105_beat_4-4/track.npy,groove_midi,0.6919431279620853,0.6421052631578947,0.6919431279620853,0.6421052631578947,0.769921083623374,0.6761192841646684,0.8322981366459627,0.7311827956989246
groove_midi/drummer1_session1_78_jazz-fast_290_beat_4-4/track.npy,groove_midi,0.38306451612903225,0.4482758620689655,0.38306451612903225,0.08870967741935484,0.6697066657173738,0.49971957606394035,0.7567567567567567,0.5308056872037914
groove_midi/drummer1_session2_161_afrocuban-rhumba_110_beat_4-4/track.npy,groove_midi,0.6578313253012048,0.7735849056603774,0.6578313253012048,0.7735849056603774,0.6051637008877387,0.5968645391738603,0.6674786845310596,0.6570048309178744
groove_midi/drummer1_session2_32_punk_140_beat_4-4/track.npy,groove_midi,0.9941176470588236,1.0,0.9941176470588236,1.0,0.8915372237361328,0.8967657215229077,0.9985272459499264,1.0
groove_midi/drummer1_session3_15_funk_117_beat_4-4/track.npy,groove_midi,0.996309963099631,0.5217391304347826,0.996309963099631,0.5217391304347826,0.9362037806333677,0.5316706146734376,0.996309963099631,0.5693430656934305
groove_midi/drummer1_session3_16_funk_117_beat_4-4/track.npy,groove_midi,0.8022598870056498,0.7317073170731707,0.8022598870056498,0.7317073170731707,0.9010246142515795,0.810227634148842,0.9436201780415431,0.8395061728395061
groove_midi/drummer1_session3_3_rock-rockabilly_200_beat_4-4/track.npy,groove_midi,0.9941634241245136,0.9922480620155039,0.0,0.0,0.7962923656950694,0.8019950644579397,0.6645035691109669,0.6649350649350649
groove_midi/drummer1_session3_5_jazz-linear_128_beat_4-4/track.npy,groove_midi,0.6666666666666666,0.2972972972972973,0.13383297644539616,0.09881422924901186,0.7035012015376282,0.44828208112524953,0.7024054982817869,0.4647519582245431
groove_midi/drummer3_session2_25_hiphop_92_beat_4-4/track.npy,groove_midi,0.9811320754716981,0.9285714285714286,0.9811320754716981,0.9285714285714286,0.8380778255799742,0.8139281655348315,0.9904761904761905,0.962962962962963
groove_midi/drummer3_session2_37_rock_92_beat_4-4/track.npy,groove_midi,0.9393939393939394,1.0,0.9393939393939394,1.0,0.8940450408678177,0.894671270686892,0.9846153846153847,1.0
groove_midi/drummer3_session2_5_rock_100_beat_4-4/track.npy,groove_midi,1.0,1.0,1.0,1.0,0.8022230489716476,0.8361840141414085,0.9830508474576272,1.0
groove_midi/drummer4_session1_1_rock_87_beat_4-4/track.npy,groove_midi,0.9736842105263158,1.0,0.9736842105263158,0.0,0.8922379673399031,0.45235951357505744,0.9933774834437086,0.0
groove_midi/drummer4_session1_2_jazz_158_beat_4-4/track.npy,groove_midi,0.9915966386554622,0.896551724137931,0.9915966386554622,0.896551724137931,0.7053325266248697,0.6109150488719406,0.9957805907172996,0.912280701754386
groove_midi/drummer5_eval_session_1_funk-groove1_138_beat_4-4/track.npy,groove_midi,0.9811320754716981,0.9285714285714286,0.9811320754716981,0.9285714285714286,0.7901777944565974,0.803257127533967,0.9904761904761905,0.962962962962963
groove_midi/drummer5_session1_14_latin-brazilian-songo_112_beat_4-4/track.npy,groove_midi,0.9960732984293194,0.9895287958115183,0.9960732984293194,0.9895287958115183,0.9449548318714558,0.9440321055237266,0.9980353634577603,0.9947643979057592
groove_midi/drummer5_session1_1_latin-brazilian-bossa_127_beat_4-4/track.npy,groove_midi,0.6419753086419753,0.7794117647058824,0.6419753086419753,0.7794117647058824,0.6921354232391111,0.6723299136890303,0.7474185861795075,0.7244582043343653
groove_midi/drummer5_session1_2_latin-brazilian-bossa_127_beat_4-4/track.npy,groove_midi,0.9876352395672334,0.9968944099378882,0.9876352395672334,0.9968944099378882,0.9278388186055618,0.9303030329693612,0.9945694336695112,0.9953343701399688
groove_midi/drummer5_session2_21_latin-brazilian-ijexa_108_beat_4-4/track.npy,groove_midi,0.9833333333333333,0.9333333333333333,0.9833333333333333,0.0,0.9576143025836233,0.46623305936875736,0.9915966386554621,0.0
groove_midi/drummer5_session2_24_latin-brazilian-songo_120_beat_4-4/track.npy,groove_midi,0.9139784946236559,0.9166666666666666,0.9139784946236559,0.9166666666666666,0.8714528004021169,0.8721582895859867,0.9258589511754068,0.9142857142857143
groove_midi/drummer6_session1_3_rock_80_beat_6-8/track.npy,groove_midi,1.0,0.0,1.0,0.0,0.8210038182457811,0.8220942427652378,1.0,0.6666666666666666
groove_midi/drummer6_session1_4_rock_80_beat_6-8/track.npy,groove_midi,1.0,0.0,1.0,0.0,0.8941399592193523,0.35402373833568945,1.0,0.4166666666666667
groove_midi/drummer6_session1_5_rock_60_beat_6-8/track.npy,groove_midi,0.0,0.0,0.0,0.0,0.4183837492410786,0.28739280508157194,0.4947368421052631,0.29166666666666663
groove_midi/drummer6_session2_1_rock_95_beat_4-4/track.npy,groove_midi,0.9860627177700348,0.9027777777777778,0.9860627177700348,0.9027777777777778,0.8377456346945183,0.7820788909656113,0.993006993006993,0.9166666666666666
groove_midi/drummer6_session2_2_rock_95_beat_4-4/track.npy,groove_midi,0.9038901601830663,0.963302752293578,0.0069124423963133645,0.018691588785046728,0.6610214686711698,0.6731230073097099,0.6401225114854519,0.6419753086419753
groove_midi/drummer7_eval_session_1_funk-groove1_138_beat_4-4/track.npy,groove_midi,0.9811320754716981,0.9285714285714286,0.9811320754716981,0.9285714285714286,0.9303579927823316,0.9122522146758295,0.9904761904761905,0.962962962962963
groove_midi/drummer7_session2_112_jazz-fusion_96_beat_4-4/track.npy,groove_midi,1.0,1.0,1.0,1.0,0.9470195241363503,0.934475311324561,1.0,1.0
groove_midi/drummer7_session2_123_hiphop_140_beat_4-4/track.npy,groove_midi,1.0,1.0,0.0,0.0,0.762632619122412,0.7726797173554483,0.6684782608695652,0.6666666666666666
groove_midi/drummer7_session2_79_funk_100_beat_4-4/track.npy,groove_midi,1.0,1.0,1.0,1.0,0.9841614506451651,0.9831798294315447,1.0,1.0
groove_midi/drummer7_session3_38_hiphop_67_beat_4-4/track.npy,groove_midi,1.0,1.0,1.0,1.0,0.921987331396721,0.909859898874905,1.0,1.0
groove_midi/drummer7_session3_47_funk_112_beat_4-4/track.npy,groove_midi,0.9941520467836257,1.0,0.9941520467836257,1.0,0.9397844964109556,0.9382140663902105,0.9970674486803519,1.0
groove_midi/drummer8_session1_12_latin_118_beat_4-4/track.npy,groove_midi,0.9726027397260274,1.0,0.9726027397260274,1.0,0.8861520079273701,0.9159768859686702,0.9844559585492229,0.9861111111111112
groove_midi/drummer8_session1_13_latin_118_beat_4-4/track.npy,groove_midi,0.7259786476868327,0.9558823529411765,0.7259786476868327,0.9558823529411765,0.7700805718148673,0.8489682283263609,0.8692449355432781,0.962406015037594
groove_midi/drummer8_session1_17_afrobeat_90_beat_4-4/track.npy,groove_midi,0.9908675799086758,1.0,0.9908675799086758,1.0,0.964419244247108,0.9705308076837124,0.9954128440366972,1.0
groove_midi/drummer8_session1_20_rock-shuffle_112_beat_4-4/track.npy,groove_midi,0.9964285714285714,1.0,0.9964285714285714,1.0,0.9331331258160285,0.9420611877925579,0.998211091234347,1.0
groove_midi/drummer8_session1_4_hiphop_90_beat_4-4/track.npy,groove_midi,1.0,1.0,1.0,1.0,0.9413171914545678,0.9386419379115137,1.0,1.0
groove_midi/drummer8_session1_8_funk_96_beat_4-4/track.npy,groove_midi,0.9959839357429718,0.9841269841269841,0.9959839357429718,0.9841269841269841,0.9639025964100717,0.9539619627366238,0.9979879275653923,0.9919999999999999
groove_midi/drummer9_session1_18_rock_120_beat_4-4/track.npy,groove_midi,0.9714285714285714,1.0,0.9714285714285714,1.0,0.7217933335494453,0.7551025090235532,0.9855072463768115,1.0
groove_midi/drummer9_session1_20_rock_120_beat_4-4/track.npy,groove_midi,0.9966101694915255,1.0,0.9966101694915255,1.0,0.885862262123645,0.8945140488622798,0.99830220713073,1.0
groove_midi/drummer9_session1_24_rock_90_beat_4-4/track.npy,groove_midi,0.9896907216494846,0.96,0.9896907216494846,0.96,0.911539051464204,0.8960135590544401,0.9948186528497409,0.9795918367346939
guitarset/00_Funk2-119-G_comp_mix/track.npy,guitarset,0.8305084745762712,0.8666666666666667,0.8305084745762712,0.8666666666666667,0.9068049212697435,0.8974074897882656,0.9380530973451328,0.9285714285714286
guitarset/00_Jazz1-130-D_comp_mix/track.npy,guitarset,0.9736842105263158,0.4444444444444444,0.9736842105263158,0.4444444444444444,0.9094920766198907,0.4496974709892584,0.9866666666666666,0.47058823529411764
guitarset/00_Rock1-130-A_comp_mix/track.npy,guitarset,1.0,1.0,1.0,1.0,0.9185580046852214,0.8633890013411162,1.0,1.0
guitarset/00_SS3-98-C_comp_mix/track.npy,guitarset,0.9821428571428571,0.9285714285714286,0.9821428571428571,0.9285714285714286,0.9581509088605397,0.9262540931412532,0.9909909909909909,0.962962962962963
guitarset/01_BN1-129-Eb_comp_mix/track.npy,guitarset,1.0,1.0,1.0,1.0,0.9646559905192397,0.9620368953418755,1.0,1.0
guitarset/01_BN1-147-Gb_comp_mix/track.npy,guitarset,1.0,1.0,1.0,1.0,0.9778272316115141,0.9783307590048412,1.0,1.0
guitarset/01_Funk3-98-A_comp_mix/track.npy,guitarset,0.9821428571428571,0.9285714285714286,0.9821428571428571,0.9285714285714286,0.9631199175711828,0.9153835125795632,0.9909909909909909,0.962962962962963
guitarset/01_SS1-68-E_comp_mix/track.npy,guitarset,0.9318181818181818,0.8,0.9318181818181818,0.8,0.8623212195394083,0.7340091714863728,0.9767441860465117,0.888888888888889
guitarset/02_BN1-129-Eb_comp_mix/track.npy,guitarset,1.0,1.0,1.0,1.0,0.9403860717008662,0.9339525132712316,1.0,1.0
guitarset/02_BN3-154-E_comp_mix/track.npy,guitarset,1.0,1.0,1.0,1.0,0.9662893871492514,0.9519156443945107,1.0,1.0
guitarset/02_Funk1-114-Ab_comp_mix/track.npy,guitarset,1.0,1.0,1.0,1.0,0.951584366059419,0.9516878907871708,1.0,1.0
guitarset/02_Funk1-97-C_comp_mix/track.npy,guitarset,1.0,1.0,1.0,1.0,0.954899156694058,0.9433893415173793,1.0,1.0
guitarset/03_Funk3-112-C#_comp_mix/track.npy,guitarset,0.8103448275862069,0.9285714285714286,0.8103448275862069,0.9285714285714286,0.8612603192384555,0.9152679521844432,0.9107142857142858,0.962962962962963
guitarset/03_Rock1-90-C#_comp_mix/track.npy,guitarset,0.391304347826087,0.8333333333333334,0.34782608695652173,0.8333333333333334,0.49172607700867876,0.3707194146185852,0.48837209302325585,0.45454545454545453
guitarset/03_SS2-88-F_comp_mix/track.npy,guitarset,0.9824561403508771,0.9333333333333333,0.9824561403508771,0.9333333333333333,0.9185576523428312,0.9104884812833371,0.9911504424778761,0.9655172413793104
guitarset/04_BN3-119-G_comp_mix/track.npy,guitarset,0.9818181818181818,0.9285714285714286,0.9818181818181818,0.9285714285714286,0.9617309587955023,0.9355021964805829,0.9908256880733944,0.962962962962963
guitarset/04_Funk1-114-Ab_comp_mix/track.npy,guitarset,1.0,1.0,1.0,1.0,0.9633966540994482,0.944743812664336,1.0,1.0
guitarset/04_Jazz1-130-D_comp_mix/track.npy,guitarset,1.0,1.0,1.0,1.0,0.9626730805559826,0.9522013380551226,1.0,1.0
guitarset/04_Rock2-142-D_comp_mix/track.npy,guitarset,1.0,1.0,1.0,1.0,0.9594895393289495,0.9502743365296472,1.0,1.0
guitarset/04_SS3-84-Bb_comp_mix/track.npy,guitarset,0.75,0.9333333333333333,0.75,0.9333333333333333,0.7744369141797589,0.8065249344612642,0.9090909090909092,0.896551724137931
guitarset/05_Funk3-98-A_comp_mix/track.npy,guitarset,0.9821428571428571,1.0,0.9821428571428571,1.0,0.9389191039729483,0.935015036476498,0.9909909909909909,1.0
guitarset/05_Rock3-117-Bb_comp_mix/track.npy,guitarset,0.9818181818181818,0.9285714285714286,0.9818181818181818,0.9285714285714286,0.9318256417666634,0.9182055897068807,0.9908256880733944,0.962962962962963
guitarset/05_Rock3-148-C_comp_mix/track.npy,guitarset,0.9622641509433962,1.0,0.9622641509433962,1.0,0.9520751283950207,0.9813712605086207,0.9807692307692307,1.0
hainsworth/hainsworth_008/track.npy,hainsworth,0.9900990099009901,0.6,0.9900990099009901,0.6,0.9118782763022123,0.5568473955738116,0.9950248756218906,0.6122448979591836
hainsworth/hainsworth_013/track.npy,hainsworth,0.6865671641791045,0.7931034482758621,0.6865671641791045,0.10344827586206896,0.6446308329586484,0.4878629357792368,0.8095238095238095,0.5909090909090909
hainsworth/hainsworth_015/track.npy,hainsworth,1.0,1.0,1.0,1.0,0.9631505121789499,0.9462383982137226,1.0,1.0
hainsworth/hainsworth_020/track.npy,hainsworth,1.0,1.0,1.0,1.0,0.9565259124127072,0.9506461282101791,1.0,1.0
hainsworth/hainsworth_022/track.npy,hainsworth,0.5604395604395604,0.6086956521739131,0.2777777777777778,0.0,0.7938068511353424,0.6412824854331542,0.7796610169491525,0.4666666666666666
hainsworth/hainsworth_048/track.npy,hainsworth,1.0,1.0,1.0,1.0,0.9760070753598531,0.9893927378275814,1.0,1.0
hainsworth/hainsworth_066/track.npy,hainsworth,1.0,1.0,1.0,1.0,0.9789962922487775,0.9808891453766811,1.0,1.0
hainsworth/hainsworth_071/track.npy,hainsworth,1.0,0.7307692307692307,1.0,0.7307692307692307,0.9716553158659964,0.7786453619058413,1.0,0.8076923076923077
hainsworth/hainsworth_072/track.npy,hainsworth,1.0,1.0,1.0,1.0,0.9785991132545334,0.9786858462032436,1.0,1.0
hainsworth/hainsworth_077/track.npy,hainsworth,1.0,0.3939393939393939,1.0,0.2916666666666667,0.9170261715007266,0.6690104874525322,1.0,0.6829268292682927
hainsworth/hainsworth_086/track.npy,hainsworth,1.0,1.0,1.0,1.0,0.943235964095363,0.9335500232351479,1.0,1.0
hainsworth/hainsworth_090/track.npy,hainsworth,1.0,0.8125,1.0,0.8125,0.9738073560921375,0.9190197179588212,1.0,0.9508196721311475
hainsworth/hainsworth_091/track.npy,hainsworth,1.0,0.5333333333333333,1.0,0.3333333333333333,0.9474276056783506,0.5149780642438011,1.0,0.4137931034482759
hainsworth/hainsworth_097/track.npy,hainsworth,0.851063829787234,0.9565217391304348,0.851063829787234,0.9565217391304348,0.864491143513734,0.8862897930904869,0.9497206703910615,0.9777777777777777
hainsworth/hainsworth_102/track.npy,hainsworth,1.0,1.0,1.0,1.0,0.9581883558103327,0.962850014568832,1.0,1.0
hainsworth/hainsworth_125/track.npy,hainsworth,0.5476190476190477,0.2222222222222222,0.5476190476190477,0.2222222222222222,0.46256333993542637,0.24944153636137356,0.6068965517241379,0.303030303030303
hainsworth/hainsworth_126/track.npy,hainsworth,0.46987951807228917,0.2692307692307692,0.46987951807228917,0.0,0.48074064256325977,0.14125606117473744,0.6370370370370371,0.10256410256410257
hainsworth/hainsworth_131/track.npy,hainsworth,0.4745762711864407,0.631578947368421,0.4745762711864407,0.631578947368421,0.46922880288887814,0.5445049044754304,0.6168224299065421,0.6451612903225806
hainsworth/hainsworth_137/track.npy,hainsworth,0.6590909090909091,0.45,0.6590909090909091,0.45,0.8682779147039834,0.7870310222991762,0.9012345679012347,0.8205128205128205
hainsworth/hainsworth_147/track.npy,hainsworth,1.0,1.0,1.0,1.0,0.9530095065774672,0.9368418377805735,1.0,1.0
hainsworth/hainsworth_152/track.npy,hainsworth,0.3333333333333333,1.0,0.0,0.0,0.37664414603236906,6.972391799990807e-06,0.3076923076923077,0.0
hainsworth/hainsworth_169/track.npy,hainsworth,1.0,0.8,1.0,0.8,0.9846613606002195,0.9286120678780816,1.0,0.9333333333333333
hainsworth/hainsworth_172/track.npy,hainsworth,1.0,1.0,1.0,1.0,0.9617055885703066,0.9764866914403861,1.0,1.0
hainsworth/hainsworth_173/track.npy,hainsworth,1.0,1.0,1.0,1.0,0.9755913196835204,0.9628401766034669,1.0,1.0
hainsworth/hainsworth_195/track.npy,hainsworth,0.8783783783783784,1.0,0.8783783783783784,1.0,0.8639730769701812,0.849781157440499,0.9722222222222222,1.0
hainsworth/hainsworth_209/track.npy,hainsworth,0.9418604651162791,0.68,0.0,0.14634146341463414,0.7467321235933446,0.7348262084265994,0.6558704453441295,0.6969696969696971
hainsworth/hainsworth_213/track.npy,hainsworth,1.0,1.0,1.0,1.0,0.9714808547483128,0.9714650971619128,1.0,1.0
hainsworth/hainsworth_226/track.npy,hainsworth,0.9876543209876543,1.0,0.9876543209876543,1.0,0.9617302447813197,0.9748853404312424,0.9937888198757764,1.0
harmonix/0008_america/track.npy,harmonix,0.9950124688279302,1.0,0.9950124688279302,1.0,0.9168934614436679,0.8970285684692619,0.9925187032418953,0.99
harmonix/0010_andjusticeforall/track.npy,harmonix,0.8961201501877347,0.5324324324324324,0.8961201501877347,0.5324324324324324,0.8551061438580236,0.6042905557055331,0.9641255605381167,0.6979472140762463
harmonix/0013_athingaboutyou/track.npy,harmonix,0.9622641509433962,0.8695652173913043,0.9622641509433962,0.8695652173913043,0.9253514635396665,0.8721478705187059,0.9775662814411964,0.9252077562326869
harmonix/0035_boyfriend/track.npy,harmonix,0.9925093632958801,0.0,0.9925093632958801,0.0,0.9393441521964276,5.88210898413631e-49,0.9962406015037594,0.0
harmonix/0039_bulletproof/track.npy,harmonix,0.9957627118644068,0.9833333333333333,0.9957627118644068,0.9833333333333333,0.9066522337065548,0.9045159313547525,0.9978768577494692,0.9915966386554621
harmonix/0041_calabria/track.npy,harmonix,1.0,0.9603960396039604,1.0,0.9603960396039604,0.9799366752919314,0.9644428323580694,1.0,0.9849246231155778
harmonix/0043_callmemaybe/track.npy,harmonix,0.9839142091152815,0.989247311827957,0.9839142091152815,0.989247311827957,0.9345286058502844,0.9357859913733485,0.9892473118279569,0.989247311827957
harmonix/0061_dabutt/track.npy,harmonix,0.9767441860465116,0.979381443298969,0.9767441860465116,0.979381443298969,0.956942004023818,0.9590852880733544,0.988235294117647,0.9895833333333333
harmonix/0067_deep/track.npy,harmonix,0.9682539682539683,0.4396551724137931,0.9682539682539683,0.004329004329004329,0.916592550455502,0.582074535671723,0.981132075471698,0.6109510086455331
harmonix/0068_devilsisland/track.npy,harmonix,0.9189842805320435,0.7990430622009569,0.9189842805320435,0.7990430622009569,0.9203839985959864,0.8308144914930341,0.9766584766584766,0.8839506172839505
harmonix/0072_discoinferno/track.npy,harmonix,0.4594594594594595,0.7580645161290323,0.4594594594594595,0.7580645161290323,0.3242084160340974,0.2659675747301786,0.42342342342342343,0.35897435897435903
harmonix/0079_dontyouwantme/track.npy,harmonix,0.9977973568281938,0.9912280701754386,0.9977973568281938,0.9912280701754386,0.9517424756608426,0.9644187256186029,0.9977973568281938,0.9955947136563876
harmonix/0092_fergalicious/track.npy,harmonix,0.9967689822294022,0.9871794871794872,0.9967689822294022,0.9871794871794872,0.9798831422180387,0.9751845544504097,0.9983818770226538,0.9935483870967742
harmonix/0093_fireburning/track.npy,harmonix,0.9964539007092199,0.9861111111111112,0.9964539007092199,0.9861111111111112,0.9402391894845453,0.9348216399434874,0.9982238010657194,0.993006993006993
harmonix/0096_fivemagics/track.npy,harmonix,0.7467672413793104,0.7004830917874396,0.7467672413793104,0.7004830917874396,0.8030444402501319,0.7102449748486407,0.8669673055242392,0.7572815533980584
harmonix/0098_floods/track.npy,harmonix,0.5630630630630631,0.31155778894472363,0.5630630630630631,0.31155778894472363,0.7423536873813942,0.38276532955868087,0.7809057527539779,0.4010152284263959
harmonix/0100_futureperfecttense/track.npy,harmonix,0.5532319391634981,0.48507462686567165,0.12664640324214793,0.48507462686567165,0.6708014979565811,0.5041434332791587,0.6847323198942498,0.5328185328185329
harmonix/0113_giveituptome/track.npy,harmonix,1.0,0.4426229508196721,1.0,0.39344262295081966,0.9483046998618987,0.5604044489020438,1.0,0.4999999999999999
harmonix/0114_givemeeverything/track.npy,harmonix,1.0,1.0,1.0,1.0,0.9386002660034133,0.9388516526937352,1.0,1.0
harmonix/0128_homecoming/track.npy,harmonix,0.6952236542835482,0.7411003236245954,0.6952236542835482,0.7411003236245954,0.8263034120989302,0.8273782723526254,0.864217911679736,0.8668941979522184
harmonix/0137_iknowyouwantme/track.npy,harmonix,0.996309963099631,1.0,0.996309963099631,1.0,0.9801328019370139,0.9834971607659775,0.9981515711645101,1.0
harmonix/0139_imcomingout/track.npy,harmonix,0.9965811965811966,0.6845637583892618,0.9965811965811966,0.6845637583892618,0.9748410123300685,0.7280054219029682,0.9982876712328768,0.7457627118644069
harmonix/0197_nothinonyou/track.npy,harmonix,0.9929824561403509,0.9859154929577465,0.9929824561403509,0.9859154929577465,0.938515971005372,0.9358231398744421,0.9964788732394366,0.9929078014184397
harmonix/0234_roundandround/track.npy,harmonix,0.9910979228486647,0.9882352941176471,0.9910979228486647,0.9882352941176471,0.9686090270192279,0.966846559363009,0.9970238095238095,0.9940828402366864
harmonix/0238_sambadejaneiro/track.npy,harmonix,0.8277634961439588,0.8367346938775511,0.8277634961439588,0.8367346938775511,0.8757125058837592,0.8282918579792523,0.9487870619946092,0.9032258064516128
harmonix/0246_scenario/track.npy,harmonix,0.9951923076923077,0.9252336448598131,0.9951923076923077,0.9252336448598131,0.966992427241322,0.9491750664116478,0.9963898916967511,0.9809523809523809
harmonix/0251_sexychick/track.npy,harmonix,1.0,1.0,1.0,1.0,0.9599152257937027,0.9607818516035512,1.0,1.0
harmonix/0255_sleepwalker/track.npy,harmonix,0.7968901846452867,0.8835341365461847,0.7968901846452867,0.8835341365461847,0.8324483805336367,0.8393760986226051,0.8983799705449191,0.910569105691057
harmonix/0279_thebreaks/track.npy,harmonix,0.9988412514484357,1.0,0.9988412514484357,1.0,0.9293136972498208,0.933410648970083,0.9994202898550725,1.0
harmonix/0292_timeslikethese/track.npy,harmonix,0.9046728971962616,0.5454545454545454,0.9046728971962616,0.5454545454545454,0.9217419930086455,0.8028538469072725,0.9499509322865555,0.8296943231441047
harmonix/0295_toxic/track.npy,harmonix,0.9956896551724138,0.9913793103448276,0.9956896551724138,0.9913793103448276,0.9717929356272735,0.9640456619560044,0.9978401727861772,0.9956709956709957
harmonix/0298_turnmeon/track.npy,harmonix,0.9959677419354839,0.7692307692307693,0.9959677419354839,0.1076923076923077,0.9624674513673762,0.49100878388585945,0.997979797979798,0.15873015873015875
harmonix/0308_whatislove/track.npy,harmonix,1.0,1.0,1.0,1.0,0.9551479811442581,0.9567603174143632,1.0,1.0
harmonix/0337_alwayssomethingthere/track.npy,harmonix,0.7504132231404959,0.8441558441558441,0.7504132231404959,0.8441558441558441,0.8047137019539383,0.8145226679518842,0.9092526690391459,0.9014084507042254
harmonix/0345_beinlovetonight/track.npy,harmonix,0.9947916666666666,1.0,0.9947916666666666,1.0,0.9838125107028013,0.9855258672266345,0.9973890339425587,1.0
harmonix/0349_blow/track.npy,harmonix,0.9952038369304557,1.0,0.9952038369304557,1.0,0.9736164848286676,0.9751915369328308,0.9975961538461539,1.0
harmonix/0350_blowme/track.npy,harmonix,0.9906103286384976,1.0,0.9906103286384976,1.0,0.9773695553097274,0.981342453348997,0.9952941176470589,1.0
harmonix/0351_blowup/track.npy,harmonix,0.9957446808510638,1.0,0.9957446808510638,1.0,0.8452828262873417,0.8424094827943531,0.9978678038379531,1.0
harmonix/0353_bottomsup/track.npy,harmonix,0.9862068965517241,1.0,0.0,0.0,0.786464796478654,0.7795947605193125,0.6635730858468677,0.6697674418604651
harmonix/0363_darkside/track.npy,harmonix,0.9809976247030879,0.9809523809523809,0.9809976247030879,0.9809523809523809,0.9590378376048184,0.9596997074492613,0.9774078478002378,0.9760765550239234
harmonix/0372_drinkinmyhand/track.npy,harmonix,1.0,1.0,1.0,1.0,0.9173981001952112,0.9091021928501997,1.0,1.0
harmonix/0377_eatdirt/track.npy,harmonix,0.9260969976905312,0.9166666666666666,0.9260969976905312,0.9166666666666666,0.9363891133660663,0.9309881584780119,0.9799764428739693,0.9716981132075472
harmonix/0382_fatherofmine/track.npy,harmonix,0.9972222222222222,1.0,0.9972222222222222,1.0,0.9565700460313938,0.9531391232254285,0.9986091794158554,1.0
harmonix/0385_fiveoclock/track.npy,harmonix,0.9895470383275261,1.0,0.9895470383275261,1.0,0.9305693000090527,0.9259174487495204,0.9947460595446586,1.0
harmonix/0393_giveyourheartabreak/track.npy,harmonix,1.0,1.0,1.0,1.0,0.9586912901922263,0.957422283596241,1.0,1.0
harmonix/0395_gold/track.npy,harmonix,0.9963768115942029,0.9855072463768116,0.9963768115942029,0.9855072463768116,0.980644971809646,0.9694841775687243,0.9981851179673321,0.9927007299270074
harmonix/0401_hello/track.npy,harmonix,0.9235181644359465,0.8931297709923665,0.9235181644359465,0.8931297709923665,0.9270602536554806,0.9209902391041235,0.9766990291262136,0.96875
harmonix/0403_heybaby/track.npy,harmonix,0.9952830188679245,0.9174311926605505,0.9952830188679245,0.9174311926605505,0.9717088066064243,0.9544723693554485,0.9976359338061466,0.9767441860465116
harmonix/0428_kingofanything/track.npy,harmonix,0.8790123456790123,0.9405940594059405,0.8790123456790123,0.9405940594059405,0.5556767629880884,0.5436713607085596,0.963151207115629,0.9591836734693878
harmonix/0431_letitrain/track.npy,harmonix,0.9858657243816255,0.9859154929577465,0.9858657243816255,0.9859154929577465,0.9562406401625407,0.9546775358696288,0.9928825622775801,0.9929078014184397
harmonix/0439_lovethewayyoulie/track.npy,harmonix,0.972972972972973,0.989247311827957,0.972972972972973,0.989247311827957,0.5203039675024621,0.46430394339949477,0.9201623815967523,0.918918918918919
harmonix/0445_memories/track.npy,harmonix,0.9954441913439636,0.990909090909091,0.9954441913439636,0.990909090909091,0.7417046510095134,0.757746115418366,0.997716894977169,0.995433789954338
harmonix/0447_mindyourmanners/track.npy,harmonix,0.9931506849315068,1.0,0.9931506849315068,1.0,0.9573882219739875,0.9527845275636417,0.9965635738831615,1.0
harmonix/0455_nevertearusapart/track.npy,harmonix,0.82,0.8152173913043478,0.82,0.8152173913043478,0.8193295851720025,0.8260427685313185,0.9159584513692163,0.9281767955801105
harmonix/0467_onthefloor/track.npy,harmonix,1.0,1.0,1.0,1.0,0.9386958753253253,0.9415474738429653,1.0,1.0
harmonix/0479_pricetag/track.npy,harmonix,0.9962406015037594,1.0,0.9962406015037594,1.0,0.9239105102950195,0.8989961588336156,0.9962406015037594,1.0
harmonix/0481_reallove/track.npy,harmonix,0.9634408602150538,0.7304347826086957,0.9634408602150538,0.7304347826086957,0.9209053407650479,0.7019176465987866,0.9813800657174152,0.7488986784140969
harmonix/0491_skyscraper/track.npy,harmonix,0.997275204359673,1.0,0.997275204359673,1.0,0.9677625487602762,0.9687091793977406,0.9986357435197818,1.0
harmonix/0493_somebodysheartbreak/track.npy,harmonix,0.7859531772575251,0.8356164383561644,0.7859531772575251,0.8356164383561644,0.9117429648257018,0.9267401420299541,0.9434628975265017,0.9571428571428571
harmonix/0500_stay/track.npy,harmonix,1.0,1.0,1.0,1.0,0.9397434825525319,0.9373815352706122,1.0,1.0
harmonix/0513_thetime/track.npy,harmonix,0.9847328244274809,0.8625954198473282,0.9847328244274809,0.8625954198473282,0.9693310471721844,0.8478544056096452,0.9923224568138195,0.8735632183908046
harmonix/0515_thisafternoon/track.npy,harmonix,0.4666666666666667,0.6082474226804123,0.4666666666666667,0.6082474226804123,0.8187751006961385,0.8166057414385105,0.8416988416988418,0.8361581920903955
harmonix/0516_thisorthat/track.npy,harmonix,0.9969230769230769,1.0,0.9969230769230769,1.0,0.9698244826542819,0.9743420462917545,0.9984591679506933,1.0
harmonix/0541_youdroppedabombonme/track.npy,harmonix,0.974,0.9838709677419355,0.974,0.9838709677419355,0.8838554331096682,0.8826181550032403,0.9868287740628165,0.991869918699187
harmonix/0545_youkeepmehangingon/track.npy,harmonix,1.0,1.0,1.0,1.0,0.9424359128361344,0.94065218853107,1.0,1.0
harmonix/0546_18days/track.npy,harmonix,0.5261437908496732,0.5194805194805194,0.5261437908496732,0.5194805194805194,0.7540272904084642,0.7613716403602682,0.8645640074211502,0.8676470588235293
harmonix/0575_badromanceskrillexremix/track.npy,harmonix,0.9943714821763602,1.0,0.9943714821763602,1.0,0.9766582998072642,0.9787163291797996,0.9971777986829726,1.0
harmonix/0581_beautifulcarlyrae/track.npy,harmonix,0.9939024390243902,0.75,0.9939024390243902,0.75,0.9195324925259515,0.7807439956017059,0.9954198473282444,0.8414634146341463
harmonix/0586_bed/track.npy,harmonix,0.9831223628691983,0.47761194029850745,0.0,0.19658119658119658,0.7815098128537398,0.6944557760170055,0.6638176638176637,0.717391304347826
harmonix/0589_bestieverhad/track.npy,harmonix,0.9649122807017544,0.9764705882352941,0.9649122807017544,0.9764705882352941,0.8991701520407896,0.9149197868941309,0.9821428571428572,0.988095238095238
harmonix/0597_boomboomguetta/track.npy,harmonix,0.9979959919839679,1.0,0.9979959919839679,1.0,0.9550144040655903,0.9512208514882851,0.9989969909729188,1.0
harmonix/0602_breaktheice/track.npy,harmonix,0.6908602150537635,0.6881720430107527,0.6908602150537635,0.6881720430107527,0.6986058992995838,0.6650200194209717,0.7381275440976933,0.7027027027027027
harmonix/0607_cantholdus/track.npy,harmonix,0.99836867862969,0.7232704402515723,0.99836867862969,0.7232704402515723,0.9453165495697459,0.7581666335853723,0.9991836734693879,0.8012820512820513
harmonix/0639_dieinyourarms/track.npy,harmonix,0.996969696969697,1.0,0.996969696969697,1.0,0.9779024135798666,0.9822498281480013,0.9984825493171471,1.0
harmonix/0647_dontthinkidontthinkaboutit/track.npy,harmonix,0.9854368932038835,0.9807692307692307,0.9854368932038835,0.9807692307692307,0.9778231116155583,0.9749157641774594,0.9927007299270073,0.9902912621359222
harmonix/0653_dynamite/track.npy,harmonix,0.9944674965421854,0.9888888888888889,0.9944674965421854,0.9888888888888889,0.9792446375123647,0.9796270932411347,0.9972260748959778,0.9944444444444445
harmonix/0654_dynamitemixinmarc/track.npy,harmonix,0.9973958333333334,1.0,0.9973958333333334,1.0,0.9609768974914701,0.9618532205861658,0.998696219035202,1.0
harmonix/0655_earthquakey/track.npy,harmonix,0.9526411657559198,0.8759124087591241,0.9526411657559198,0.8759124087591241,0.9224309453237407,0.8079670059669454,0.9508196721311475,0.8321167883211679
harmonix/0658_evacuatethedancefloor/track.npy,harmonix,0.9976359338061466,1.0,0.9976359338061466,1.0,0.9813454673782287,0.9812527581245258,0.9988165680473373,1.0
harmonix/0665_fall/track.npy,harmonix,1.0,1.0,1.0,1.0,0.9111781730466441,0.9294268980215054,1.0,1.0
harmonix/0709_hangingon/track.npy,harmonix,0.8808510638297873,0.9655172413793104,0.8808510638297873,0.9655172413793104,0.6945881709005672,0.6818532047458455,0.9563318777292577,0.9649122807017544
harmonix/0716_heroheroine/track.npy,harmonix,0.7549549549549549,0.6546762589928058,0.13051823416506717,0.19834710743801653,0.7824664425344383,0.7898241445523118,0.6958698372966208,0.7329842931937173
harmonix/0723_hotelroomservice/track.npy,harmonix,0.9913606911447084,0.8632478632478633,0.9913606911447084,0.8632478632478633,0.9550525490182503,0.8666052018539542,0.9956616052060737,0.9051724137931034
harmonix/0736_igotafeeling/track.npy,harmonix,1.0,0.9761904761904762,1.0,0.9761904761904762,0.9505894448919291,0.9409357453688961,1.0,0.9880478087649401
harmonix/0738_ihearnoises/track.npy,harmonix,0.9977678571428571,1.0,0.9977678571428571,1.0,0.9687810471491021,0.9716056084781848,0.9988826815642458,1.0
harmonix/0743_iminloveiwannadoit/track.npy,harmonix,0.9777553083923155,0.8380566801619433,0.9777553083923155,0.8380566801619433,0.9387613027004567,0.8510072170565663,0.9882832399388691,0.8958333333333334
harmonix/0747_imreal/track.npy,harmonix,0.9883720930232558,0.813953488372093,0.9883720930232558,0.813953488372093,0.9680657100820619,0.8576380258207905,0.9941690962099125,0.872093023255814
harmonix/0748_imyours/track.npy,harmonix,0.49140893470790376,0.5205479452054794,0.49140893470790376,0.5205479452054794,0.8016906504755983,0.8162287860858635,0.8427184466019417,0.8571428571428571
harmonix/0775_knockyoudownbimbojones/track.npy,harmonix,0.9947275922671354,1.0,0.9947275922671354,1.0,0.6989707446994377,0.7141361368903036,0.9973568281938325,1.0
harmonix/0782_lifeafteryou/track.npy,harmonix,0.9875,0.6326530612244898,0.9875,0.6326530612244898,0.8177000169492571,0.7825313850323231,0.9937106918238994,0.8926553672316384
harmonix/0805_lovetheysay/track.npy,harmonix,0.9814814814814815,1.0,0.9814814814814815,1.0,0.937555069961646,0.935564737833562,0.9906542056074767,1.0
harmonix/0813_missindependent/track.npy,harmonix,0.941358024691358,0.5348837209302325,0.0,0.1337579617834395,0.7809394690834885,0.6873328868866584,0.6547368421052632,0.6995884773662552
harmonix/0818_mrsaxobeatext/track.npy,harmonix,0.9756554307116105,0.8656716417910447,0.9756554307116105,0.8656716417910447,0.9703043493131385,0.8881958100022178,0.9876777251184834,0.9015151515151514
harmonix/0840_obsessed/track.npy,harmonix,0.9649122807017544,0.9651162790697675,0.9649122807017544,0.9651162790697675,0.9665892346887427,0.9689597346661009,0.9821428571428572,0.9822485207100593
harmonix/0856_paperbackhead/track.npy,harmonix,0.9832775919732442,0.9864864864864865,0.9832775919732442,0.9864864864864865,0.9539125981582286,0.9505804443220206,0.9915682967959528,0.9931972789115647
harmonix/0859_picturesofyou/track.npy,harmonix,0.9934640522875817,0.987012987012987,0.9934640522875817,0.987012987012987,0.9767783490614613,0.9741400210513521,0.9967213114754099,0.9934640522875817
harmonix/0864_pleasedontleavememain/track.npy,harmonix,0.9822834645669292,0.9765625,0.9822834645669292,0.9765625,0.9529015589035781,0.955324026555642,0.9910625620655412,0.9881422924901185
harmonix/0873_readyornot/track.npy,harmonix,1.0,1.0,1.0,1.0,0.9824077990857163,0.9802889547937109,1.0,1.0
harmonix/0877_releasemenow/track.npy,harmonix,0.9957983193277311,0.9915966386554622,0.9957983193277311,0.9915966386554622,0.7899031671177952,0.9034810085942407,0.9936842105263158,0.9957805907172996
harmonix/0886_rudeboy/track.npy,harmonix,0.9936507936507937,1.0,0.9936507936507937,1.0,0.9507483198136192,0.9566563954736781,0.9968152866242038,1.0
harmonix/0888_russianroulettejump/track.npy,harmonix,0.9940298507462687,0.9880952380952381,0.9940298507462687,0.9880952380952381,0.9061967613699312,0.897743848142331,0.997005988023952,0.9940119760479043
harmonix/0897_sentimentaltune/track.npy,harmonix,0.9962476547842402,0.9924812030075187,0.9962476547842402,0.9924812030075187,0.9776392442445792,0.9774026447746079,0.9981203007518797,0.9962264150943396
harmonix/0899_sexycani/track.npy,harmonix,0.9895470383275261,1.0,0.9895470383275261,1.0,0.9778602170181097,0.9758756237819213,0.9947460595446586,1.0
harmonix/0902_shakeitradiomix/track.npy,harmonix,0.9749430523917996,0.9553571428571429,0.9749430523917996,0.9553571428571429,0.9341459401357974,0.9086275618369734,0.9873125720876587,0.9771689497716896
harmonix/0909_sofineed/track.npy,harmonix,0.7577197149643705,0.6767676767676768,0.7577197149643705,0.6767676767676768,0.858471954469228,0.6727053964555544,0.90125,0.7010309278350515
harmonix/0918_starstrukk/track.npy,harmonix,1.0,1.0,1.0,1.0,0.9757973630261892,0.9767338622524679,1.0,1.0
harmonix/0925_sweetdisposition/track.npy,harmonix,0.7955801104972375,0.8905109489051095,0.7955801104972375,0.8905109489051095,0.8771493676615721,0.8773897542845528,0.941747572815534,0.9420849420849421
harmonix/0933_teardropsonmyguitar/track.npy,harmonix,1.0,1.0,1.0,1.0,0.9434557282211065,0.9315649169087078,1.0,1.0
harmonix/0943_thetheayer/track.npy,harmonix,1.0,0.958041958041958,1.0,0.958041958041958,0.9789599593015327,0.9531355575490754,1.0,0.971830985915493
harmonix/0970_whataboutnow/track.npy,harmonix,0.9875776397515528,0.9753086419753086,0.9875776397515528,0.9753086419753086,0.9741269740482689,0.9694635457188714,0.9953198127925117,0.9875
harmonix/0974_whateveryoulike/track.npy,harmonix,0.9925373134328358,0.9411764705882353,0.9925373134328358,0.9411764705882353,0.9681195269498238,0.950709722935588,0.9962546816479401,0.9777777777777777
harmonix/0979_whenlovetakesover/track.npy,harmonix,0.9644670050761421,0.9191919191919192,0.9644670050761421,0.9191919191919192,0.9460840640462008,0.8807836153713802,0.9770408163265307,0.9137055837563451
harmonix/0982_whoknewdos/track.npy,harmonix,0.9913978494623656,1.0,0.9913978494623656,1.0,0.9459939476908208,0.952874521045668,0.9956803455723542,1.0
harmonix/0994_youbelongwithme/track.npy,harmonix,0.9894291754756871,0.9915254237288136,0.9894291754756871,0.9915254237288136,0.8119267341951432,0.8101503487020567,0.9925611052072264,0.9872340425531915
hjdb/hjdb_A21/track.npy,hjdb,1.0,1.0,1.0,1.0,0.9808626615905152,0.9845656955709035,1.0,1.0
hjdb/hjdb_A_New_Dawn/track.npy,hjdb,0.9877300613496932,0.6097560975609756,0.9877300613496932,0.6097560975609756,0.9776200319485228,0.6592922046255318,0.9969230769230769,0.6666666666666667
hjdb/hjdb_Breaking_Free/track.npy,hjdb,1.0,1.0,1.0,1.0,0.9818464166281431,0.9795808043845202,1.0,1.0
hjdb/hjdb_Breaking_Free_2/track.npy,hjdb,1.0,1.0,1.0,1.0,0.9794863809215485,0.9790877652799937,1.0,1.0
hjdb/hjdb_Cant_Stop_Thinking_About/track.npy,hjdb,1.0,1.0,1.0,1.0,0.9816966278504545,0.9851070735175282,1.0,1.0
hjdb/hjdb_Chasin_A_Dream/track.npy,hjdb,0.9914529914529915,1.0,0.9914529914529915,1.0,0.9703553235333807,0.9766472272229964,0.9957081545064378,1.0
hjdb/hjdb_Demons_Theme/track.npy,hjdb,0.9932432432432432,1.0,0.9932432432432432,1.0,0.9527412395468243,0.9538487736093754,0.9966101694915254,1.0
hjdb/hjdb_Divine_Rhythm/track.npy,hjdb,1.0,1.0,1.0,1.0,0.9841660429885793,0.9833902677954084,1.0,1.0
hjdb/hjdb_Drummer_Of_Doom/track.npy,hjdb,0.9833333333333333,0.9375,0.9833333333333333,0.9375,0.9730204696541688,0.9589937326286978,0.9915966386554621,0.967741935483871
hjdb/hjdb_Freeaneazy/track.npy,hjdb,0.9876543209876543,1.0,0.9876543209876543,1.0,0.9765410821566206,0.9806070702474383,0.9937888198757764,1.0
hjdb/hjdb_Going_Out_For_Da_Loot/track.npy,hjdb,0.4888888888888889,0.4166666666666667,0.4888888888888889,0.29411764705882354,0.8412913216603098,0.6587905002042436,0.8559322033898306,0.6551724137931034
hjdb/hjdb_Here_Comes_The_Drumz_(Drumz_VIP_Mix)/track.npy,hjdb,1.0,1.0,1.0,1.0,0.9607546452413526,0.9700054284153173,1.0,1.0
hjdb/hjdb_Ill_Take_You_(Original_Mix)/track.npy,hjdb,0.06451612903225806,0.5370370370370371,0.06451612903225806,0.5370370370370371,0.5063477156089711,0.5388328994785158,0.6706948640483383,0.6746987951807228
hjdb/hjdb_Im_Gonna_Get_You/track.npy,hjdb,1.0,1.0,1.0,1.0,0.9822463986472217,0.9868062431353427,1.0,1.0
hjdb/hjdb_Keep_The_Fires_Burning/track.npy,hjdb,1.0,1.0,1.0,1.0,0.9868136009946965,0.9891565811477635,1.0,1.0
hjdb/hjdb_Lords_Of_The_Null_Lines_(Foul_Play_Remix)/track.npy,hjdb,1.0,1.0,1.0,1.0,0.9782378232880758,0.978452448420933,1.0,1.0
hjdb/hjdb_Manic_Stampede/track.npy,hjdb,1.0,1.0,1.0,1.0,0.968344383777101,0.9689284622184305,1.0,1.0
hjdb/hjdb_Open_Your_Mind/track.npy,hjdb,0.75,0.05,0.07228915662650602,0.05,0.705609887222473,0.25779756207524246,0.6141732283464567,0.14814814814814817
hjdb/hjdb_Original_Badboy/track.npy,hjdb,1.0,1.0,1.0,1.0,0.9785972586859704,0.9849663695944242,1.0,1.0
hjdb/hjdb_Promised_Land/track.npy,hjdb,0.9673202614379085,0.9459459459459459,0.9673202614379085,0.9459459459459459,0.965995666605575,0.9677063427728114,0.99009900990099,0.9863013698630138
hjdb/hjdb_Showtime/track.npy,hjdb,0.9795918367346939,1.0,0.9795918367346939,1.0,0.9643368315722993,0.9895209639830095,0.9896907216494846,1.0
hjdb/hjdb_Star_Eyes/track.npy,hjdb,1.0,1.0,1.0,1.0,0.9637680922922484,0.9733454564764759,1.0,1.0
hjdb/hjdb_Terrorist_(Grooverider_Remix)/track.npy,hjdb,1.0,1.0,1.0,1.0,0.9778428351233743,0.976698767901388,1.0,1.0
hjdb/hjdb_Terrorist_(PA_Mix)/track.npy,hjdb,1.0,1.0,1.0,1.0,0.982088467015078,0.9844527247196788,1.0,1.0
hjdb/hjdb_Terrorist_(original)/track.npy,hjdb,1.0,1.0,1.0,1.0,0.9507376635182853,0.9390255692243831,1.0,1.0
hjdb/hjdb_Volume_1/track.npy,hjdb,1.0,1.0,1.0,1.0,0.97711624664952,0.9703583460916207,1.0,1.0
hjdb/hjdb_Wots_My_Code_(Ray_Keith_Final_Plate)/track.npy,hjdb,1.0,1.0,1.0,1.0,0.9668095192861905,0.958055867936391,1.0,1.0
hjdb/hjdb_Yaaah/track.npy,hjdb,0.9967213114754099,0.987012987012987,0.9967213114754099,0.987012987012987,0.9781954020426027,0.9727534869674821,0.9983579638752053,0.9934640522875817
hjdb/hjdb_You_Dont_Know/track.npy,hjdb,1.0,1.0,1.0,1.0,0.9808384381333598,0.9820717319313857,1.0,1.0
jaah/jaah_004-dexter_gordon_quartet-bikini/track.npy,jaah,0.9513157894736842,0.8190954773869347,0.9513157894736842,0.8190954773869347,0.9242805422956718,0.8328844519830478,0.9867724867724869,0.8940568475452196
jaah/jaah_012-stan_getz_jj_johnson-blues_in_the_closet/track.npy,jaah,0.9899328859060402,0.9714828897338403,0.9899328859060402,0.9714828897338403,0.919370014033957,0.9077213491219218,0.9940004799616031,0.9875835721107927
jaah/jaah_024-duke_ellington_his_orchestra-diminuendo_in_blue_and_crescendo_in_blue/track.npy,jaah,0.9894179894179894,0.8382838283828383,0.9894179894179894,0.8382838283828383,0.9705520717419392,0.9142490775042109,0.9955713020372011,0.9419795221843003
jaah/jaah_032-charlie_parker_quintet-embraceable_you/track.npy,jaah,0.84765625,0.5294117647058824,0.84765625,0.5294117647058824,0.821142383930018,0.6430780147946603,0.944558521560575,0.7619047619047619
jaah/jaah_048-louis_armstrong_and_his_hot_five-hotter_than_that/track.npy,jaah,0.9216300940438872,0.9490445859872612,0.9216300940438872,0.9490445859872612,0.917379091484955,0.9067079235865118,0.9588607594936709,0.9419354838709678
jaah/jaah_065-new_orleans_feetwarmers-maple_leaf_rag/track.npy,jaah,0.8103448275862069,0.7712765957446809,0.8103448275862069,0.7712765957446809,0.901776184634614,0.7760772427966826,0.9494109494109494,0.8131868131868133
jaah/jaah_066-anthony_braxton_muhal_richard_abrams-maple_leaf_rag/track.npy,jaah,0.43190184049079755,0.827906976744186,0.13360881542699724,0.827906976744186,0.5054497476549078,0.6038127970447088,0.6155202821869489,0.8257756563245824
jaah/jaah_067-dick_hyman-maple_leaf_rag/track.npy,jaah,0.5546218487394958,0.8489208633093526,0.5546218487394958,0.8489208633093526,0.6530545264944346,0.6907376531465795,0.8616352201257863,0.9044117647058822
jaah/jaah_070-thelonious_monk_quartet-misterioso/track.npy,jaah,0.7978339350180506,0.13385826771653545,0.7978339350180506,0.08955223880597014,0.7551232470027037,0.2391575966957344,0.9077212806026366,0.2595419847328244
jaah/jaah_073-john_coltrane_quartet-my_favorite_things_part_1_single_version/track.npy,jaah,0.9722863741339491,0.6,0.9722863741339491,0.6,0.9273960880974463,0.8052017520751849,0.9860465116279069,0.8702290076335878
jaah/jaah_074-duke_ellington_his_orchestra-the_new_east_st_louis_toodleoo/track.npy,jaah,0.9892857142857143,0.9,0.9892857142857143,0.9,0.949250725116486,0.8962084197259794,0.9946332737030412,0.9333333333333333
jaah/jaah_079-jimmie_lunceford_and_his_orchestra-organ_grinders_swing/track.npy,jaah,0.9966101694915255,0.9726027397260274,0.9966101694915255,0.9726027397260274,0.8907513052146748,0.8802676888774251,0.9932203389830508,0.9726027397260274
jaah/jaah_092-lennie_tristano-subconscious_lee/track.npy,jaah,0.9818456883509834,0.8245614035087719,0.9818456883509834,0.8245614035087719,0.9665080198220128,0.8683633245391311,0.9924357034795764,0.8928571428571428
jaah/jaah_106-wes_montgomery-west_coast_blues_abridged/track.npy,jaah,0.9925925925925926,0.45724907063197023,0.9925925925925926,0.45724907063197023,0.9669075433686194,0.6799904046485803,0.9962871287128713,0.7016129032258064
rwc/rwc_classical_CD1_05/track.npy,rwc_classical,0.19393939393939394,0.30284552845528456,0.19393939393939394,0.30284552845528456,0.500229339658024,0.4778989589304592,0.625046176579239,0.593006993006993
rwc/rwc_classical_CD2_03/track.npy,rwc_classical,0.46392785571142287,0.20723684210526316,0.46392785571142287,0.11842105263157894,0.3697319514288111,0.2417376587585053,0.49822784810126586,0.3283582089552239
rwc/rwc_classical_CD3_06/track.npy,rwc_classical,0.45585215605749485,0.2770448548812665,0.45585215605749485,0.24017467248908297,0.6671248107654514,0.5492237704235654,0.7728740581270184,0.5871121718377088
rwc/rwc_classical_CD4_09/track.npy,rwc_classical,0.9371069182389937,0.5660377358490566,0.9371069182389937,0.5660377358490566,0.8218290680832353,0.617288430721959,0.9559748427672956,0.693069306930693
rwc/rwc_classical_CD4_12/track.npy,rwc_classical,0.7567567567567568,0.2631578947368421,0.0625,0.15625,0.7156549266714121,0.4974766718435214,0.6732673267326733,0.5098039215686275
rwc/rwc_classical_CD5_02/track.npy,rwc_classical,0.7631241997439181,0.39086294416243655,0.7631241997439181,0.1761006289308176,0.8309122958348649,0.6126871964539689,0.9125946317962836,0.629126213592233
rwc/rwc_classical_CD6_05/track.npy,rwc_classical,0.8475177304964538,0.5465116279069767,0.8475177304964538,0.5465116279069767,0.6991986562942379,0.5945474495305885,0.8591800356506237,0.7483870967741935
rwc/rwc_classical_CD6_12/track.npy,rwc_classical,0.49393939393939396,0.4954128440366973,0.49393939393939396,0.4954128440366973,0.6240934961679359,0.6498344180030129,0.7578947368421052,0.7724867724867726
rwc/rwc_jazz_CD1_02/track.npy,rwc_jazz,0.7906976744186046,0.4129032258064516,0.7906976744186046,0.20353982300884957,0.7810971768314912,0.601740866851017,0.8753799392097266,0.6596858638743455
rwc/rwc_jazz_CD1_10/track.npy,rwc_jazz,0.7736842105263158,0.8688524590163934,0.7736842105263158,0.8688524590163934,0.7197450576297667,0.7220875326034898,0.8295302013422818,0.8395061728395061
rwc/rwc_jazz_CD2_02/track.npy,rwc_jazz,0.9375,0.4032258064516129,0.9375,0.4032258064516129,0.7548061483972575,0.5629127599609186,0.905759162303665,0.6697247706422018
rwc/rwc_jazz_CD3_08/track.npy,rwc_jazz,0.9306930693069307,0.9375,0.9306930693069307,0.9375,0.8873391776583952,0.8746542637909615,0.9746192893401014,0.975609756097561
rwc/rwc_jazz_CD4_13/track.npy,rwc_jazz,0.9931972789115646,1.0,0.9931972789115646,1.0,0.8455256884944435,0.8464672184132807,0.9897843359818388,0.9818181818181818
rwc/rwc_jazz_CD4_15/track.npy,rwc_jazz,0.8550488599348535,0.8300653594771242,0.8550488599348535,0.8300653594771242,0.866999520431917,0.8650886377086838,0.9603375527426161,0.945578231292517
rwc/rwc_popular_CD1_02/track.npy,rwc_popular,0.9971751412429378,1.0,0.9971751412429378,1.0,0.9880352608033123,0.9886451537727624,0.9985855728429986,1.0
rwc/rwc_popular_CD1_04/track.npy,rwc_popular,0.9909638554216867,1.0,0.9909638554216867,1.0,0.9713649922588885,0.9707017578823629,0.9954614220877459,1.0
rwc/rwc_popular_CD1_09/track.npy,rwc_popular,0.8264705882352941,0.8023255813953488,0.8264705882352941,0.8023255813953488,0.9070878526981051,0.8854197117941532,0.9538461538461539,0.9447852760736196
rwc/rwc_popular_CD2_05/track.npy,rwc_popular,0.9761336515513126,0.9714285714285714,0.9761336515513126,0.9714285714285714,0.9666900923229739,0.9685936868881883,0.984468339307049,0.985645933014354
rwc/rwc_popular_CD2_06/track.npy,rwc_popular,0.9955257270693513,0.9821428571428571,0.9955257270693513,0.9821428571428571,0.9736881258772216,0.9680341775301724,0.9966405375139977,0.9910714285714286
rwc/rwc_popular_CD2_13/track.npy,rwc_popular,0.9971590909090909,0.9886363636363636,0.9971590909090909,0.9886363636363636,0.9787932976599408,0.9709088275861589,0.9985775248933144,0.9942857142857142
rwc/rwc_popular_CD2_16/track.npy,rwc_popular,1.0,1.0,1.0,1.0,0.9839929159860071,0.9831624545595948,1.0,1.0
rwc/rwc_popular_CD3_12/track.npy,rwc_popular,0.9795918367346939,0.991869918699187,0.9795918367346939,0.991869918699187,0.9754171443507715,0.9823592871546981,0.9897750511247443,0.9959183673469388
rwc/rwc_popular_CD3_16/track.npy,rwc_popular,0.9973333333333333,0.9893617021276596,0.9973333333333333,0.9893617021276596,0.9735963630967353,0.9717594220655813,0.9986648865153538,0.9946524064171123
rwc/rwc_popular_CD4_11/track.npy,rwc_popular,0.9873015873015873,0.9871794871794872,0.9873015873015873,0.9871794871794872,0.961622261591269,0.9773794355825909,0.9904153354632589,0.9935483870967742
rwc/rwc_popular_CD5_11/track.npy,rwc_popular,0.9790419161676647,0.9879518072289156,0.9790419161676647,0.9879518072289156,0.897599631149326,0.91556342365447,0.9909638554216867,0.993939393939394
rwc/rwc_popular_CD5_14/track.npy,rwc_popular,0.9591194968553459,0.9506172839506173,0.9591194968553459,0.9506172839506173,0.8958293155139563,0.8912422983301412,0.9872611464968153,0.9811320754716981
rwc/rwc_popular_CD6_09/track.npy,rwc_popular,0.99581589958159,0.9916666666666667,0.99581589958159,0.9916666666666667,0.9777770429584788,0.9786248552079709,0.9979035639412999,0.99581589958159
rwc/rwc_royalty-free_CD1_08/track.npy,rwc_royalty-free,0.9764705882352941,0.96875,0.9764705882352941,0.96875,0.7612432573462992,0.7549200744019661,0.988095238095238,0.9841269841269841
rwc/rwc_royalty-free_CD1_15/track.npy,rwc_royalty-free,0.9682539682539683,0.9090909090909091,0.9682539682539683,0.9090909090909091,0.6680498586546324,0.6803310411394445,0.8492063492063493,0.8372093023255814
simac/simac_A_vida_me_fez_assim_03-candeeiro/track.npy,simac,0.9615384615384616,0.0,0.9615384615384616,0.0,0.9520060866478665,0.0,0.9803921568627451,0.0
simac/simac_A_vida_me_fez_assim_08-Pedro_e_Tereza/track.npy,simac,0.9259259259259259,0.0,0.9259259259259259,0.0,0.9343892058528238,0.0,0.9615384615384615,0.0
simac/simac_A_vida_me_fez_assim_10-Sorri/track.npy,simac,0.8928571428571429,0.0,0.8928571428571429,0.0,0.8453372285942139,0.0,0.9259259259259259,0.0
simac/simac_Amber_05-Glitch/track.npy,simac,0.0,0.0,0.0,0.0,0.2745740607992863,0.0,0.0,0.0
simac/simac_Amber_06-Piezo/track.npy,simac,0.8571428571428571,0.0,0.8571428571428571,0.0,0.8772845094972599,0.0,0.923076923076923,0.0
simac/simac_As_Time_Goes_By_12-i_could_write_a_book/track.npy,simac,0.7368421052631579,0.0,0.7368421052631579,0.0,0.780286734810334,0.0,0.8484848484848484,0.0
simac/simac_As_time_goes_by_disk_2_13-Experiment/track.npy,simac,0.90625,0.0,0.90625,0.0,0.8785620457765105,0.0,0.9508196721311475,0.0
simac/simac_As_time_goes_by_disk_2_14-Isntit_romantic/track.npy,simac,0.6774193548387096,0.0,0.6774193548387096,0.0,0.7317806588710721,0.0,0.8076923076923077,0.0
simac/simac_As_time_goes_by_disk_3_01-One/track.npy,simac,0.4,0.0,0.34375,0.0,0.6721335250626084,0.0,0.736842105263158,0.0
simac/simac_BACH_WTC_02-Prelude_and_Fugue_No._1_in_C_major_BWV_870_-_2._Fuga/track.npy,simac,0.96,0.0,0.96,0.0,0.9223497707520852,0.0,0.9795918367346939,0.0
simac/simac_Bach_Bach_-_Cello_suite_1_G_-_03_Courante/track.npy,simac,0.5483870967741935,0.0,0.5483870967741935,0.0,0.5999432156321228,0.0,0.6666666666666667,0.0
simac/simac_Bach_Bach_-_Cello_suite_2_d_-_01_Prelude/track.npy,simac,0.34782608695652173,0.0,0.34782608695652173,0.0,0.4741278177502565,0.0,0.5405405405405405,0.0
simac/simac_Bach_The_Well-Tempered_Clavier_II_(Disc_1)_14-Prelude_and_Fugue_No._7_in_E-flat_major_BWV_876_-_2._Fuga/track.npy,simac,0.8461538461538461,0.0,0.8461538461538461,0.0,0.8705536378756205,0.0,0.9166666666666666,0.0
simac/simac_Beethoven_The_String_Quartets_-_CD_3_08-IV_Finale-_Presto/track.npy,simac,0.8,0.0,0.0,0.0,0.5629252550140251,0.0,0.5846153846153846,0.0
simac/simac_Bela_Bartok_02-The_Miraculous_Mandarin_2_1st_Decoy_Game/track.npy,simac,0.7142857142857143,0.0,0.7142857142857143,0.0,0.6047107530933378,0.0,0.7083333333333333,0.0
simac/simac_Bela_Bartok_11-Music_for_Strings_Percussion_and_Celesta_III_Adagio/track.npy,simac,0.8148148148148148,0.0,0.8148148148148148,0.0,0.553254311665564,0.0,0.8076923076923077,0.0
simac/simac_Bernstein_conducts_Stravinsky_08-Dance_of_the_earth/track.npy,simac,0.7307692307692307,0.0,0.0,0.0,0.3224571025348115,0.0,0.0,0.0
simac/simac_Bernstein_conducts_Stravinsky_10-Mystical_circles_of_the_young_girls/track.npy,simac,0.53125,0.0,0.0625,0.0,0.4056277001033649,0.0,0.4888888888888889,0.0
simac/simac_Bernstein_conducts_Stravinsky_19-Waltz_ballerina_and_the_moor/track.npy,simac,0.0,0.0,0.0,0.0,0.35073471205605855,0.0,0.4,0.0
simac/simac_Bernstein_conducts_Stravinsky_22-The_bear_and_the_peasant/track.npy,simac,0.4117647058823529,0.0,0.4117647058823529,0.0,0.34374740692118977,0.0,0.4827586206896552,0.0
simac/simac_Bernstein_conducts_Stravinsky_24-Danse_of_the_coachmen_and_grooms/track.npy,simac,0.5454545454545454,0.0,0.5454545454545454,0.0,0.5317246615938194,0.0,0.6774193548387097,0.0
simac/simac_Cafe_Zimmermann_06-Suite_en_ut_majeur_BWV_1066_-_Ouverture/track.npy,simac,0.5581395348837209,0.0,0.023255813953488372,0.0,0.4168525140566261,0.0,0.46666666666666673,0.0
simac/simac_Cafe_Zimmermann_15-Concerto_pour_hautbois_&_violon_en_ut_mineur_BWV_1060_-_Allegro/track.npy,simac,0.8571428571428571,0.0,0.8571428571428571,0.0,0.8792864206996592,0.0,0.923076923076923,0.0
simac/simac_Clandestino_-_esperando_la_ultima_ola_04-Je_ne_t_aime_plus/track.npy,simac,0.7307692307692307,0.0,0.7307692307692307,0.0,0.7389114067578268,0.0,0.7999999999999999,0.0
simac/simac_Clandestino_-_esperando_la_ultima_ola_06-Lagrimas_de_oro/track.npy,simac,0.8888888888888888,0.0,0.8888888888888888,0.0,0.9051899878335317,0.0,0.9411764705882353,0.0
simac/simac_DGG_419_047-2_08-Toccata_Adagio_u._Fuge_C-dur_BWV_564_-_II_Adagio/track.npy,simac,0.8125,0.0,0.8125,0.0,0.5353646340547517,0.0,0.7586206896551724,0.0
simac/simac_DGG_419_047-2_10-Triosonate_Nr._1_Es-Dur_BWV_525_-_I_(Allegro)/track.npy,simac,0.8636363636363636,0.0,0.8636363636363636,0.0,0.7126828240953823,0.0,0.9268292682926829,0.0
simac/simac_DGG_419_047-2_12-Triosonate_Nr._1_Es-Dur_BWV_525_-_III_Allegro/track.npy,simac,0.8214285714285714,0.0,0.8214285714285714,0.0,0.6951938535959091,0.0,0.8627450980392156,0.0
simac/simac_Ella_&_Louis_11-Oh_Johnny/track.npy,simac,0.7741935483870968,0.0,0.7741935483870968,0.0,0.7045359145722859,0.0,0.8363636363636364,0.0
simac/simac_Ella_&_Louis_15-Billy/track.npy,simac,0.8275862068965517,0.0,0.8275862068965517,0.0,0.7635033344933012,0.0,0.9056603773584906,0.0
simac/simac_Fado_08-AudioTrack_08/track.npy,simac,0.6363636363636364,0.0,0.6363636363636364,0.0,0.48210681984300296,0.0,0.631578947368421,0.0
simac/simac_Family_Tree_-_Greatest_Hits_As_Chosen_By_Bjork_01-Venus_As_A_Boy/track.npy,simac,0.825,0.0,0.0,0.0,0.7341541711160091,0.0,0.5964912280701754,0.0
simac/simac_Family_Tree_-_Greatest_Hits_As_Chosen_By_Bjork_05-Joga/track.npy,simac,0.717948717948718,0.0,0.1282051282051282,0.0,0.6322302596320069,0.0,0.6551724137931034,0.0
simac/simac_Ludwid_van_Beethoven_05-Quartet_in_C-sharp_major_Op._131_I._Adagio_ma_non_troppo_e_molto_espressivo_-_attacca/track.npy,simac,0.6956521739130435,0.0,0.6956521739130435,0.0,0.5081801367648393,0.0,0.55,0.0
simac/simac_Niandra_LaDes_and_Usually_Just_a_T-Shirt_04-Big_Takeover/track.npy,simac,0.85,0.0,0.0,0.0,0.7025935134787501,0.0,0.6181818181818183,0.0
simac/simac_Niandra_LaDes_and_Usually_Just_a_T-Shirt_08-Been_Insane/track.npy,simac,0.875,0.0,0.875,0.0,0.7738589764697421,0.0,0.9333333333333333,0.0
simac/simac_Niandra_LaDes_and_Usually_Just_a_T-Shirt_09-Skin_Blues/track.npy,simac,0.16326530612244897,0.0,0.16326530612244897,0.0,0.559231870384625,0.0,0.6575342465753424,0.0
simac/simac_Niandra_LaDes_and_Usually_Just_a_T-Shirt_10-Your_Pussys_Glued_to_a_Building_on_Fire/track.npy,simac,0.6538461538461539,0.0,0.6538461538461539,0.0,0.7138567890167241,0.0,0.7906976744186047,0.0
simac/simac_Niandra_LaDes_and_Usually_Just_a_T-Shirt_12-Ten_to_Butter_Blood_Voodoo/track.npy,simac,0.7446808510638298,0.0,0.06382978723404255,0.0,0.6472592619582798,0.0,0.6086956521739131,0.0
simac/simac_Papakonstantinou_05-AudioTrack_05/track.npy,simac,0.8333333333333334,0.0,0.8333333333333334,0.0,0.8581857516280263,0.0,0.9090909090909091,0.0
simac/simac_Papakonstantinou_17-AudioTrack_17/track.npy,simac,0.7894736842105263,0.0,0.7894736842105263,0.0,0.7506041009269174,0.0,0.8823529411764706,0.0
simac/simac_Primer_Aliento_04-Varsovia_en_llamas/track.npy,simac,0.975,0.0,0.975,0.0,0.9664324768064556,0.0,0.9873417721518987,0.0
simac/simac_Primer_Aliento_16-Kraken/track.npy,simac,1.0,0.0,1.0,0.0,0.9676788992762306,0.0,1.0,0.0
simac/simac_R.A.F.I_13-Real_Areas_For_Investigation/track.npy,simac,0.32,0.0,0.29411764705882354,0.0,0.536111633800446,0.0,0.5999999999999999,0.0
simac/simac_Samba_na_Madrugada_05-Momento_de_Fraqueza/track.npy,simac,0.8928571428571429,0.0,0.8928571428571429,0.0,0.8150396918275147,0.0,0.9433962264150945,0.0
simac/simac_Samba_na_Madrugada_11-Alo_Alo/track.npy,simac,0.05714285714285714,0.0,0.05714285714285714,0.0,0.034216489342028075,0.0,0.03278688524590164,0.0
simac/simac_Santana_03-La_Puesta_De_Sol/track.npy,simac,0.9666666666666667,0.0,0.9666666666666667,0.0,0.9274044896424879,0.0,0.983050847457627,0.0
simac/simac_So_Cartola_12-Divina_Dama/track.npy,simac,0.92,0.0,0.92,0.0,0.904231817373563,0.0,0.9583333333333334,0.0
simac/simac_Songs_Afrocuba_-_Mezquinidad/track.npy,simac,0.10638297872340426,0.0,0.10638297872340426,0.0,0.5610028588166294,0.0,0.591549295774648,0.0
simac/simac_Tales_Of_Mystery_And_Imagination_02-The_Raven/track.npy,simac,0.3870967741935484,0.0,0.3870967741935484,0.0,0.15534579317933686,0.0,0.19607843137254902,0.0
simac/simac_Tanto_Tempo_01-Samba_da_Bencao/track.npy,simac,0.8695652173913043,0.0,0.8695652173913043,0.0,0.7600866998350124,0.0,0.9302325581395349,0.0
simac/simac_Tanto_Tempo_11-Close_Your_Eyes/track.npy,simac,0.9285714285714286,0.0,0.9285714285714286,0.0,0.9386585627829875,0.0,0.962962962962963,0.0
simac/simac_The_Art_of_Spanish_Guitar_02-Lauro_Dos_Valses_Venezolanos_-_Uno/track.npy,simac,0.8095238095238095,0.0,0.8095238095238095,0.0,0.802276425807671,0.0,0.8947368421052632,0.0
simac/simac_The_Crackdown_03-Talking_Time/track.npy,simac,0.8181818181818182,0.0,0.8181818181818182,0.0,0.8687402720203259,0.0,0.9,0.0
simac/simac_The_Crackdown_04-Animation/track.npy,simac,0.9393939393939394,0.0,0.9393939393939394,0.0,0.9509583634137032,0.0,0.96875,0.0
simac/simac_Tomatito_Tomatito-01.Barrio_negro/track.npy,simac,0.12244897959183673,0.0,0.12244897959183673,0.0,0.2103278751643928,0.0,0.25316455696202533,0.0
simac/simac_VOL.3_Musiques_pour_guitare_et_violoncelle_09-M._de_Falla_7_chansons_populaires_espagnoles_(extraits)_-_El_pano_moruno/track.npy,simac,0.08333333333333333,0.0,0.08333333333333333,0.0,0.39148204762961475,0.0,0.3913043478260869,0.0
simac/simac_Xatzidakis_17-AudioTrack_17/track.npy,simac,0.7272727272727273,0.0,0.7272727272727273,0.0,0.7438740066360324,0.0,0.8421052631578948,0.0
simac/simac_aire_06-Arrengao/track.npy,simac,0.8478260869565217,0.0,0.8478260869565217,0.0,0.8359673167888276,0.0,0.9302325581395349,0.0
simac/simac_blues_roots_cryin_blues/track.npy,simac,0.6153846153846154,0.0,0.6153846153846154,0.0,0.5941802014497862,0.0,0.6976744186046512,0.0
simac/simac_greek_Mavili_-_Afto_t_agori/track.npy,simac,0.625,0.0,0.625,0.0,0.7137238098572121,0.0,0.7692307692307693,0.0
simac/simac_more_greek_03_Virginouda/track.npy,simac,0.0,0.0,0.0,0.0,0.35463403807337374,0.0,0.3414634146341463,0.0
simac/simac_more_greek_08_Kapoios_peftei.../track.npy,simac,0.8461538461538461,0.0,0.8461538461538461,0.0,0.8889739780954784,0.0,0.9166666666666666,0.0
simac/simac_more_greek_Giannakopoulou_-_Marina/track.npy,simac,0.7333333333333333,0.0,0.08695652173913043,0.0,0.7123671716641478,0.0,0.6842105263157895,0.0
simac/simac_more_greek_Ksylouris_-_Xilia_myria_kymata/track.npy,simac,0.7777777777777778,0.0,0.7777777777777778,0.0,0.8108028547612486,0.0,0.8750000000000001,0.0
simac/simac_more_greek_Makedonas_-_Savvatovrado_stin_Kaisariani/track.npy,simac,0.5454545454545454,0.0,0.5454545454545454,0.0,0.5646615187796041,0.0,0.7142857142857143,0.0
simac/simac_more_greek_Mosxoliou_-_Eipa_na_svisw_ta_palia/track.npy,simac,0.8888888888888888,0.0,0.8888888888888888,0.0,0.7522333927454152,0.0,0.9411764705882353,0.0
simac/simac_more_greek_Mpellou_-_De_les_kouventa/track.npy,simac,0.8333333333333334,0.0,0.8333333333333334,0.0,0.8142231903873002,0.0,0.9090909090909091,0.0
simac/simac_more_greek_Mpellou_-_O_kosmos_einai_san_mpakses/track.npy,simac,0.7894736842105263,0.0,0.7894736842105263,0.0,0.7903699200855409,0.0,0.8823529411764706,0.0
simac/simac_more_greek_Mpi8ikwtsis_-_Brexei_sti_ftwxogeitonia/track.npy,simac,0.8181818181818182,0.0,0.8181818181818182,0.0,0.7458022141476313,0.0,0.85,0.0
simac/simac_more_greek_Mpi8ikwtsis_-_Kokotas_-_Stou_O8wna_ta_xronia/track.npy,simac,0.8666666666666667,0.0,0.8666666666666667,0.0,0.6661059591795783,0.0,0.8571428571428571,0.0
simac/simac_more_greek_Mpi8ikwtsis_-_Mia_Kyriaki/track.npy,simac,0.6666666666666666,0.0,0.6666666666666666,0.0,0.6666716083143109,0.0,0.742857142857143,0.0
simac/simac_more_greek_NinouTsitsanis_-_Synnefiasmeni_Kyriaki/track.npy,simac,0.8888888888888888,0.0,0.8888888888888888,0.0,0.8095680552966273,0.0,0.9411764705882353,0.0
simac/simac_more_greek_Ntalaras_-_Ta_matoklada_sou_lampoun/track.npy,simac,0.7368421052631579,0.0,0.7368421052631579,0.0,0.8049640308311587,0.0,0.8888888888888888,0.0
simac/simac_more_greek_Panou_Dionysiou_Tsitsanis_-_Axaristi/track.npy,simac,0.6842105263157895,0.0,0.6842105263157895,0.0,0.7377694582110805,0.0,0.8421052631578947,0.0
smc/smc_006/track.npy,smc,0.5555555555555556,0.0,0.5555555555555556,0.0,0.8151951610910745,0.0,0.8750000000000001,0.0
smc/smc_018/track.npy,smc,0.24561403508771928,0.0,0.19298245614035087,0.0,0.3187482459752754,0.0,0.33962264150943394,0.0
smc/smc_026/track.npy,smc,0.6923076923076923,0.0,0.6923076923076923,0.0,0.49342937693468825,0.0,0.676470588235294,0.0
smc/smc_027/track.npy,smc,0.5833333333333334,0.0,0.5833333333333334,0.0,0.5163264233397682,0.0,0.7294117647058824,0.0
smc/smc_065/track.npy,smc,1.0,0.0,1.0,0.0,0.7578543666716072,0.0,1.0,0.0
smc/smc_068/track.npy,smc,0.9454545454545454,0.0,0.9454545454545454,0.0,0.6330718208251012,0.0,0.8703703703703703,0.0
smc/smc_082/track.npy,smc,0.84375,0.0,0.84375,0.0,0.7884141174882675,0.0,0.9421487603305785,0.0
smc/smc_089/track.npy,smc,0.48,0.0,0.48,0.0,0.44664714646221315,0.0,0.6060606060606062,0.0
smc/smc_104/track.npy,smc,0.5454545454545454,0.0,0.5454545454545454,0.0,0.4700675511784509,0.0,0.6506024096385543,0.0
smc/smc_106/track.npy,smc,0.6027397260273972,0.0,0.0136986301369863,0.0,0.38833287487874046,0.0,0.42201834862385323,0.0
smc/smc_111/track.npy,smc,0.21818181818181817,0.0,0.21818181818181817,0.0,0.5451532493939234,0.0,0.5825242718446602,0.0
smc/smc_118/track.npy,smc,0.2,0.0,0.08196721311475409,0.0,0.31275652053251046,0.0,0.4042553191489362,0.0
smc/smc_130/track.npy,smc,0.10204081632653061,0.0,0.08163265306122448,0.0,0.3369711653468899,0.0,0.40540540540540543,0.0
smc/smc_142/track.npy,smc,0.46511627906976744,0.0,0.46511627906976744,0.0,0.3244488540136274,0.0,0.43589743589743585,0.0
smc/smc_157/track.npy,smc,0.7446808510638298,0.0,0.7446808510638298,0.0,0.3928299544658347,0.0,0.5714285714285714,0.0
smc/smc_167/track.npy,smc,0.4117647058823529,0.0,0.4117647058823529,0.0,0.3696629339112466,0.0,0.43636363636363634,0.0
smc/smc_169/track.npy,smc,0.12371134020618557,0.0,0.12371134020618557,0.0,0.49470269064106076,0.0,0.5454545454545454,0.0
smc/smc_174/track.npy,smc,0.1568627450980392,0.0,0.1568627450980392,0.0,0.2694219682192104,0.0,0.26804123711340205,0.0
smc/smc_198/track.npy,smc,0.5263157894736842,0.0,0.5263157894736842,0.0,0.5563607819138681,0.0,0.6507936507936507,0.0
smc/smc_219/track.npy,smc,0.7777777777777778,0.0,0.7777777777777778,0.0,0.633546657530634,0.0,0.7766990291262137,0.0
smc/smc_243/track.npy,smc,0.7407407407407407,0.0,0.7407407407407407,0.0,0.6524248407753174,0.0,0.7999999999999999,0.0
smc/smc_248/track.npy,smc,0.39285714285714285,0.0,0.038461538461538464,0.0,0.32505081824670645,0.0,0.4,0.0
smc/smc_251/track.npy,smc,0.75,0.0,0.75,0.0,0.641460799534147,0.0,0.8142857142857143,0.0
smc/smc_256/track.npy,smc,0.9473684210526315,0.0,0.0,0.0,0.6411958223782956,0.0,0.6545454545454545,0.0
smc/smc_261/track.npy,smc,0.425531914893617,0.0,0.425531914893617,0.0,0.4256944414964274,0.0,0.5542168674698795,0.0
smc/smc_271/track.npy,smc,0.9836065573770492,0.0,0.9836065573770492,0.0,0.9631883724633362,0.0,0.9917355371900827,0.0
smc/smc_276/track.npy,smc,1.0,0.0,0.0,0.0,0.7703138411663519,0.0,0.6666666666666666,0.0
tapcorrect/005_youtube_RB-RcX5DS5A/track.npy,tapcorrect,0.9935275080906149,1.0,0.9935275080906149,1.0,0.9574020083508661,0.9656755506090051,0.9967532467532468,1.0
tapcorrect/013_youtube_6iGpdkgr57g/track.npy,tapcorrect,0.9915433403805497,0.9831932773109243,0.9915433403805497,0.9831932773109243,0.9682536919885674,0.9674681097189305,0.9936575052854123,0.9915254237288135
tapcorrect/016_youtube_eelfrHtmk68/track.npy,tapcorrect,0.9559748427672956,0.9620253164556962,0.9559748427672956,0.9620253164556962,0.8811927350961741,0.8713318136614596,0.9651898734177214,0.9554140127388535
tapcorrect/028_youtube_StFfXP4eAgU/track.npy,tapcorrect,0.993421052631579,1.0,0.993421052631579,1.0,0.9540134816216045,0.9645849157229758,0.9966996699669968,1.0
tapcorrect/033_youtube_0Jj9rOwkfLM/track.npy,tapcorrect,0.8179419525065963,0.7444444444444445,0.8179419525065963,0.7444444444444445,0.9268721483985499,0.8783661463500201,0.9476584022038567,0.8926553672316384
tapcorrect/035_youtube_NCnT_grZvLE/track.npy,tapcorrect,0.9921568627450981,0.9047619047619048,0.9921568627450981,0.9047619047619048,0.9310927250205394,0.912220603849511,0.9881889763779527,0.96
tapcorrect/044_youtube_BwKPJJxSnOE/track.npy,tapcorrect,0.9879154078549849,0.944954128440367,0.9879154078549849,0.01834862385321101,0.9551674106299811,0.7986682346661209,0.9939209726443768,0.6625766871165644
tapcorrect/072_youtube_sABVieMgwlA/track.npy,tapcorrect,0.9952038369304557,0.9811320754716981,0.9952038369304557,0.9811320754716981,0.9668618520794392,0.9679847516397583,0.9976019184652278,0.9952606635071091
tapcorrect/078_youtube_DL_uU76w5eQ/track.npy,tapcorrect,0.703971119133574,0.5454545454545454,0.703971119133574,0.5454545454545454,0.5576829177605113,0.4792259595683449,0.872210953346856,0.7878787878787878
tapcorrect/079_youtube_aEW001GcS9s/track.npy,tapcorrect,0.9422222222222222,0.6842105263157895,0.9422222222222222,0.6842105263157895,0.933335307609394,0.7866829550836989,0.9819819819819819,0.8141592920353982
tapcorrect/080_youtube_9z1A1R8RQZs/track.npy,tapcorrect,0.8745874587458746,0.9859154929577465,0.8745874587458746,0.9859154929577465,0.7950908177622765,0.8175749416668302,0.9433962264150944,0.9929078014184397
tapcorrect/091_youtube_NCtzkaL2t_Y/track.npy,tapcorrect,0.9176029962546817,0.9393939393939394,0.9176029962546817,0.9393939393939394,0.9084641740356459,0.9307607042180519,0.9657794676806084,0.9846153846153847
tapcorrect/095_youtube_zO6D_BAuYCI/track.npy,tapcorrect,0.8899755501222494,0.912621359223301,0.8899755501222494,0.912621359223301,0.9182298403199894,0.9090042518899881,0.9541511771995044,0.9463414634146341
asap/Bach_Fugue_bwv_854_LuA01M/track.npy,asap,0.7946428571428571,0.19230769230769232,0.7946428571428571,0.19230769230769232,0.9112781244082735,0.41586623008216905,0.930232558139535,0.41666666666666663
asap/Bach_Fugue_bwv_854_MiyashitaM01M/track.npy,asap,0.5609756097560976,0.25,0.28125,0.0,0.8166068626940091,0.3058004931627811,0.7832699619771863,0.1724137931034483
asap/Bach_Fugue_bwv_854_Ozaki01M/track.npy,asap,1.0,0.48,1.0,0.19230769230769232,0.9787584684612461,0.43189246937105036,1.0,0.28571428571428575
asap/Bach_Fugue_bwv_854_Richardson01M/track.npy,asap,0.9615384615384616,0.07692307692307693,0.9615384615384616,0.07692307692307693,0.9562599310412688,0.35096172266766884,0.9805825242718447,0.3589743589743589
asap/Bach_Fugue_bwv_854_WangA01M/track.npy,asap,0.7184466019417476,0.07692307692307693,0.7184466019417476,0.0,0.8389102955419877,0.19428921465217514,0.8615384615384616,0.17142857142857146
asap/Bach_Fugue_bwv_856_LuoJ01M/track.npy,asap,0.045,0.35294117647058826,0.045,0.05970149253731343,0.52905185479316,0.5769366037717613,0.5401459854014599,0.5894736842105264
asap/Bach_Fugue_bwv_870_ChenW01M/track.npy,asap,0.9556962025316456,0.5128205128205128,0.9556962025316456,0.01282051282051282,0.9705761020364556,0.6349240491900274,0.9872611464968154,0.6434782608695652
asap/Bach_Fugue_bwv_870_LeeE01M/track.npy,asap,1.0,0.675,1.0,0.02564102564102564,0.9795505810862507,0.6745686080636355,1.0,0.6779661016949152
asap/Bach_Fugue_bwv_870_MaximovI01M/track.npy,asap,0.9935897435897436,0.7,0.9935897435897436,0.02564102564102564,0.9729967023979887,0.6928959254010914,0.9967845659163987,0.6779661016949152
asap/Bach_Prelude_bwv_854_LuA01M/track.npy,asap,0.9230769230769231,0.3181818181818182,0.9230769230769231,0.3181818181818182,0.9203541318931653,0.5298906105695773,0.9497206703910613,0.5454545454545454
asap/Bach_Prelude_bwv_854_MiyashitaM01M/track.npy,asap,0.9310344827586207,0.2727272727272727,0.9310344827586207,0.2727272727272727,0.9559700681727487,0.5358949674154169,0.9824561403508771,0.5116279069767442
asap/Bach_Prelude_bwv_854_Ozaki01M/track.npy,asap,0.3724137931034483,0.5116279069767442,0.3724137931034483,0.06060606060606061,0.7232125509407161,0.6157087316302507,0.7381974248927037,0.5818181818181818
asap/Bach_Prelude_bwv_854_Richardson01M/track.npy,asap,0.8977272727272727,0.3023255813953488,0.8977272727272727,0.21428571428571427,0.9477915809487257,0.6274335492508406,0.9659090909090909,0.64
asap/Bach_Prelude_bwv_854_WangA01M/track.npy,asap,0.9310344827586207,0.3333333333333333,0.9310344827586207,0.16666666666666666,0.9283187376693279,0.4701681825941264,0.9595375722543352,0.43478260869565216
asap/Bach_Prelude_bwv_862_Song04M/track.npy,asap,0.921875,0.7954545454545454,0.921875,0.7954545454545454,0.9441835302846014,0.8610380793702849,0.9721115537848606,0.8941176470588236
asap/Bach_Prelude_bwv_865_Rizikov01M/track.npy,asap,0.24183006535947713,0.11538461538461539,0.24183006535947713,0.11538461538461539,0.6529999334988699,0.6022565137764087,0.6637554585152838,0.6153846153846155
asap/Bach_Prelude_bwv_865_Teo01M/track.npy,asap,0.12781954887218044,0.20454545454545456,0.12781954887218044,0.20454545454545456,0.5885852213909823,0.5437444610182002,0.5961538461538461,0.5507246376811594
asap/Bach_Prelude_bwv_865_ZhangE01M/track.npy,asap,0.39622641509433965,0.08108108108108109,0.39622641509433965,0.08108108108108109,0.7661262158389657,0.40109718665986216,0.7802197802197802,0.41269841269841273
asap/Bach_Prelude_bwv_892_Hou01M/track.npy,asap,0.9710982658959537,0.5454545454545454,0.9710982658959537,0.5454545454545454,0.9725484516644768,0.6693997810319438,0.991304347826087,0.6829268292682926
asap/Bach_Prelude_bwv_892_KabuliL01M/track.npy,asap,1.0,0.5098039215686274,1.0,0.5098039215686274,0.9778478972813852,0.7162660838147114,1.0,0.736842105263158
asap/Bach_Prelude_bwv_893_Kleisen04M/track.npy,asap,0.4925373134328358,0.20634920634920634,0.4925373134328358,0.20634920634920634,0.6609347011033726,0.43389562990023983,0.6692307692307693,0.43749999999999994
asap/Bach_Prelude_bwv_893_Levitsky04M/track.npy,asap,0.697986577181208,0.31746031746031744,0.697986577181208,0.31746031746031744,0.873136390835822,0.592569903318372,0.8945454545454544,0.6019417475728155
asap/Bach_Prelude_bwv_893_Wong01M/track.npy,asap,0.3048780487804878,0.15625,0.3048780487804878,0.046875,0.6013807525727626,0.30534252662437367,0.6116838487972509,0.2682926829268293
asap/Beethoven_Piano_Sonatas_10-1_Hou02M/track.npy,asap,0.7139303482587065,0.27918781725888325,0.7139303482587065,0.27918781725888325,0.7613377498013619,0.6277679905487367,0.7999999999999999,0.653061224489796
asap/Beethoven_Piano_Sonatas_11-1_LiC03M/track.npy,asap,0.8507653061224489,0.5447570332480819,0.8507653061224489,0.2532894736842105,0.9243267099590428,0.7703566115190982,0.9526281635301752,0.7480000000000001
asap/Beethoven_Piano_Sonatas_11-1_LiYZ03M/track.npy,asap,0.9464285714285714,0.6666666666666666,0.9464285714285714,0.6666666666666666,0.9543815169406004,0.8608635123114815,0.9781209781209781,0.8836104513064134
asap/Beethoven_Piano_Sonatas_11-1_MaximovI02M/track.npy,asap,0.7151979565772669,0.3657289002557545,0.7151979565772669,0.34545454545454546,0.8677189367381511,0.7252842348486493,0.8937259923175415,0.743099787685775
asap/Beethoven_Piano_Sonatas_11-1_ZhaoK02M/track.npy,asap,0.8045977011494253,0.4194373401534527,0.8045977011494253,0.3655913978494624,0.9016828276814239,0.7752637345844569,0.9207161125319693,0.7873684210526316
asap/Beethoven_Piano_Sonatas_22-2_KOLESO04M/track.npy,asap,0.4990476190476191,0.410958904109589,0.4990476190476191,0.13793103448275862,0.7811120434401168,0.556098176960845,0.8012889366272825,0.5616045845272206
asap/Beethoven_Piano_Sonatas_31-2_ADIG05M/track.npy,asap,0.4797297297297297,0.13513513513513514,0.4797297297297297,0.03153153153153153,0.7869480833338474,0.35629442443320697,0.8152866242038217,0.3580246913580247
asap/Beethoven_Piano_Sonatas_32-1_DupreeF03M/track.npy,asap,0.5315315315315315,0.3228915662650602,0.5315315315315315,0.06358381502890173,0.7782872620240584,0.40142673430255066,0.8037178786221978,0.38628158844765337
asap/Beethoven_Piano_Sonatas_32-1_HouY04M/track.npy,asap,0.3148464163822526,0.3132530120481928,0.3148464163822526,0.06552706552706553,0.6639661768396655,0.4007894315494599,0.6936531734132935,0.3899821109123435
asap/Beethoven_Piano_Sonatas_32-1_Jussow06M/track.npy,asap,0.4770731707317073,0.3493975903614458,0.4770731707317073,0.04945054945054945,0.7145135620936142,0.404109829607069,0.7504043126684636,0.3881118881118881
asap/Chopin_Etudes_op_10_4_Richardson_2013_03M/track.npy,asap,0.9535603715170279,0.9620253164556962,0.9535603715170279,0.9620253164556962,0.9301155028593793,0.9082667474533923,0.9764521193092621,0.9743589743589742
asap/Chopin_Etudes_op_25_12_BorickC04M/track.npy,asap,0.46742209631728043,0.7640449438202247,0.46742209631728043,0.7640449438202247,0.6040609099313883,0.7468135866708481,0.7191679049034175,0.8402366863905325
asap/Chopin_Etudes_op_25_12_HouKimberly03M/track.npy,asap,0.5697674418604651,0.8048780487804879,0.5697674418604651,0.8048780487804879,0.6676500322402494,0.8103615974901169,0.7782805429864253,0.8641975308641976
asap/Chopin_Etudes_op_25_12_LuA04M/track.npy,asap,0.7147147147147147,0.7840909090909091,0.7147147147147147,0.7840909090909091,0.752015214245663,0.8313025145545787,0.8422664624808575,0.8928571428571429
asap/Haydn_Keyboard_Sonatas_31-1_Song05M/track.npy,asap,0.5623762376237624,0.4632352941176471,0.16745283018867924,0.03676470588235294,0.7027179894086683,0.4695373362018721,0.6676514032496308,0.4623115577889447
asap/Liszt_Concert_Etude_S145_2_Lu03M/track.npy,asap,0.635,0.1951219512195122,0.635,0.1951219512195122,0.8022813062966763,0.47117302160284336,0.8363636363636363,0.48398576512455516
asap/Liszt_Concert_Etude_S145_2_Tario06M/track.npy,asap,0.7223719676549866,0.15853658536585366,0.7223719676549866,0.15853658536585366,0.789621435112972,0.4582178578267149,0.8489795918367345,0.48529411764705893
asap/Liszt_Gran_Etudes_de_Paganini_2_La_campanella_BuiJL03M/track.npy,asap,0.03754693366708386,0.3487544483985765,0.03754693366708386,0.17647058823529413,0.3915530925369455,0.4788910968988124,0.42777777777777776,0.5082872928176795
asap/Liszt_Gran_Etudes_de_Paganini_2_La_campanella_LeungR04M/track.npy,asap,0.06429548563611491,0.2831541218637993,0.06429548563611491,0.1715686274509804,0.44832831787127353,0.47864887264971523,0.48071216617210677,0.5116279069767442
asap/Liszt_Gran_Etudes_de_Paganini_2_La_campanella_Levitsky06M/track.npy,asap,0.03758389261744966,0.30604982206405695,0.03758389261744966,0.22815533980582525,0.407853696815881,0.49459610869757936,0.43469785575048736,0.5244956772334294
asap/Liszt_Gran_Etudes_de_Paganini_2_La_campanella_Lin07M/track.npy,asap,0.028255528255528257,0.3763440860215054,0.01597051597051597,0.125,0.4113703462194826,0.4778175945122131,0.43327239488117,0.467741935483871
asap/Liszt_Gran_Etudes_de_Paganini_2_La_campanella_LiuC05M/track.npy,asap,0.0649171270718232,0.28415300546448086,0.0649171270718232,0.28415300546448086,0.43369013677814416,0.5091712572930601,0.45219123505976094,0.5325077399380805
asap/Liszt_Gran_Etudes_de_Paganini_2_La_campanella_LiuY03M/track.npy,asap,0.1366906474820144,0.266304347826087,0.1366906474820144,0.266304347826087,0.4540862324120495,0.4408732804179907,0.507177033492823,0.5123456790123456
asap/Liszt_Gran_Etudes_de_Paganini_2_La_campanella_MunA08M/track.npy,asap,0.08798882681564246,0.2775800711743772,0.08798882681564246,0.23529411764705882,0.44608062861276376,0.50785909625247,0.4814443329989969,0.5333333333333334
asap/Liszt_Gran_Etudes_de_Paganini_2_La_campanella_VuV06M/track.npy,asap,0.03766233766233766,0.31899641577060933,0.03766233766233766,0.1712962962962963,0.38552088754671676,0.42642115471288233,0.4076190476190476,0.42696629213483145
asap/Liszt_Gran_Etudes_de_Paganini_2_La_campanella_Yang05M/track.npy,asap,0.07725321888412018,0.3641304347826087,0.07725321888412018,0.3641304347826087,0.4470486693350543,0.5396156614007259,0.4679552390640895,0.5644171779141104
asap/Liszt_Gran_Etudes_de_Paganini_2_La_campanella_ZhangH07M/track.npy,asap,0.04215456674473068,0.2974910394265233,0.00351288056206089,0.19111111111111112,0.38480470220057217,0.453409388310655,0.4091710758377426,0.47123287671232883
ballroom/ballroom_Albums-Ballroom_Classics4-20/track.npy,ballroom,1.0,1.0,1.0,1.0,0.9632019664655741,0.9637393173531247,1.0,1.0
ballroom/ballroom_Albums-Ballroom_Magic-16/track.npy,ballroom,1.0,1.0,1.0,1.0,0.9734491609527525,0.9772046802365251,1.0,1.0
ballroom/ballroom_Albums-Ballroom_Magic-17/track.npy,ballroom,1.0,1.0,1.0,1.0,0.9750357244260872,0.9826390346295678,1.0,1.0
ballroom/ballroom_Albums-Cafe_Paradiso-06/track.npy,ballroom,1.0,1.0,1.0,1.0,0.962582603446442,0.9671490282942119,1.0,1.0
ballroom/ballroom_Albums-Chrisanne2-04/track.npy,ballroom,0.9824561403508771,1.0,0.9824561403508771,1.0,0.9561734415589872,0.9436277710746773,0.9911504424778761,1.0
ballroom/ballroom_Albums-Chrisanne3-04/track.npy,ballroom,0.543859649122807,0.9285714285714286,0.543859649122807,0.9285714285714286,0.6077609722895146,0.43706407767969685,0.6017699115044247,0.4444444444444445
ballroom/ballroom_Albums-Commitments-08/track.npy,ballroom,0.9436619718309859,0.9411764705882353,0.9436619718309859,0.9411764705882353,0.9539833800320755,0.9508641111927563,0.9710144927536231,0.9696969696969697
ballroom/ballroom_Albums-Commitments-10/track.npy,ballroom,1.0,1.0,1.0,1.0,0.9745893105380278,0.9845766857181999,1.0,1.0
ballroom/ballroom_Albums-Commitments-11/track.npy,ballroom,1.0,1.0,1.0,1.0,0.9565159963378023,0.9778934941044368,1.0,1.0
ballroom/ballroom_Albums-Latin_Jam-03/track.npy,ballroom,0.9772727272727273,0.9090909090909091,0.9772727272727273,0.9090909090909091,0.9759301636334778,0.9408479786852834,0.9885057471264368,0.9523809523809523
ballroom/ballroom_Albums-Latin_Jam3-03/track.npy,ballroom,0.9807692307692307,1.0,0.9807692307692307,1.0,0.9693022535094961,0.9745202020176726,0.9902912621359222,1.0
ballroom/ballroom_Albums-Latin_Jam3-11/track.npy,ballroom,0.9864864864864865,0.9473684210526315,0.9864864864864865,0.9473684210526315,0.9695513559493835,0.9522799327051121,0.9931972789115647,0.972972972972973
ballroom/ballroom_Albums-Latin_Jam4-03/track.npy,ballroom,1.0,1.0,1.0,1.0,0.9676303303605237,0.9814509681497323,1.0,1.0
ballroom/ballroom_Albums-Latin_Jam4-06/track.npy,ballroom,1.0,1.0,1.0,1.0,0.9738939242015009,0.9758041950136431,1.0,1.0
ballroom/ballroom_Albums-Latin_Jam4-07/track.npy,ballroom,1.0,1.0,1.0,1.0,0.987471428656412,0.9911084084802926,1.0,1.0
ballroom/ballroom_Albums-Latin_Jam4-10/track.npy,ballroom,1.0,1.0,1.0,1.0,0.9777980175939718,0.981975395473229,1.0,1.0
ballroom/ballroom_Albums-Latin_Jam5-11/track.npy,ballroom,1.0,1.0,1.0,1.0,0.9873678371756782,0.9898697358807833,1.0,1.0
ballroom/ballroom_Albums-Latino_Latino-03/track.npy,ballroom,1.0,1.0,1.0,1.0,0.9577353393458443,0.9718932212647406,1.0,1.0
ballroom/ballroom_Albums-Latino_Latino-09/track.npy,ballroom,1.0,1.0,1.0,1.0,0.9729121441289899,0.9784351812885279,1.0,1.0
ballroom/ballroom_Albums-Latino_Latino-10/track.npy,ballroom,0.8775510204081632,0.9166666666666666,0.8775510204081632,0.9166666666666666,0.9310615644919289,0.9285088181582523,0.9583333333333333,0.9565217391304348
ballroom/ballroom_Albums-Macumba-05/track.npy,ballroom,1.0,1.0,1.0,1.0,0.9571218067508758,0.9506622754116004,1.0,1.0
ballroom/ballroom_Albums-Macumba-10/track.npy,ballroom,0.975,1.0,0.975,1.0,0.923656927080737,0.9383666694040003,0.9873417721518987,1.0
ballroom/ballroom_Albums-Macumba-12/track.npy,ballroom,1.0,1.0,1.0,1.0,0.962440734528091,0.9706197395160425,1.0,1.0
ballroom/ballroom_Albums-Pais_Tropical-02/track.npy,ballroom,1.0,1.0,1.0,1.0,0.9830403981780155,0.9904361228974263,1.0,1.0
ballroom/ballroom_Albums-Pais_Tropical-06/track.npy,ballroom,1.0,1.0,1.0,1.0,0.9801157838294157,0.9826074727764333,1.0,1.0
ballroom/ballroom_Albums-StrictlyDancing_Tango-07/track.npy,ballroom,1.0,0.6666666666666666,1.0,0.23076923076923078,0.9693530736947613,0.4656765391428247,1.0,0.24000000000000002
ballroom/ballroom_Albums-StrictlyDancing_Tango-12/track.npy,ballroom,0.9803921568627451,1.0,0.9803921568627451,1.0,0.9369079422498428,0.9672774518842819,0.99009900990099,1.0
ballroom/ballroom_Media-100608/track.npy,ballroom,1.0,1.0,1.0,1.0,0.9700259934106922,0.9849923585537177,1.0,1.0
ballroom/ballroom_Media-100609/track.npy,ballroom,1.0,1.0,1.0,1.0,0.9212739066267347,0.9516891416842083,1.0,1.0
ballroom/ballroom_Media-100614/track.npy,ballroom,1.0,1.0,1.0,1.0,0.9686777601955447,0.96014208295969,1.0,1.0
ballroom/ballroom_Media-103308/track.npy,ballroom,0.9726027397260274,0.96,0.9726027397260274,0.96,0.9157563786596223,0.9002936610183473,0.9793103448275863,0.9795918367346939
ballroom/ballroom_Media-103505/track.npy,ballroom,1.0,1.0,1.0,1.0,0.9451741944322402,0.9764535725243112,1.0,1.0
ballroom/ballroom_Media-103602/track.npy,ballroom,1.0,1.0,1.0,1.0,0.9546283849840712,0.9248119226219735,1.0,1.0
ballroom/ballroom_Media-103603/track.npy,ballroom,1.0,1.0,1.0,1.0,0.975405967960192,0.9819736213782897,1.0,1.0
ballroom/ballroom_Media-103709/track.npy,ballroom,1.0,1.0,1.0,1.0,0.9142563199032344,0.9027816444099377,1.0,1.0
ballroom/ballroom_Media-103713/track.npy,ballroom,1.0,1.0,1.0,1.0,0.9769922026300866,0.9775930924232102,1.0,1.0
ballroom/ballroom_Media-103716/track.npy,ballroom,1.0,1.0,1.0,1.0,0.978192803843506,0.9854736480830807,1.0,1.0
ballroom/ballroom_Media-103901/track.npy,ballroom,0.55,0.5454545454545454,0.55,0.5454545454545454,0.6966602319247726,0.6887027640833039,0.7096774193548387,0.7058823529411764
ballroom/ballroom_Media-103903/track.npy,ballroom,1.0,1.0,1.0,1.0,0.9448973694304381,0.9643192183586232,1.0,1.0
ballroom/ballroom_Media-103912/track.npy,ballroom,1.0,1.0,1.0,1.0,0.9206564389992867,0.9411145100644064,1.0,1.0
ballroom/ballroom_Media-103913/track.npy,ballroom,1.0,1.0,1.0,1.0,0.935266659171129,0.9704511637043097,0.9761904761904762,1.0
ballroom/ballroom_Media-103914/track.npy,ballroom,0.975609756097561,1.0,0.975609756097561,1.0,0.8699856385521109,0.8985986416139807,0.9629629629629629,1.0
ballroom/ballroom_Media-103920/track.npy,ballroom,1.0,1.0,1.0,1.0,0.9787501339793998,0.9718887939906519,1.0,1.0
ballroom/ballroom_Media-104001/track.npy,ballroom,1.0,1.0,1.0,1.0,0.9844016811768238,0.9908376540376537,1.0,1.0
ballroom/ballroom_Media-104002/track.npy,ballroom,1.0,1.0,1.0,1.0,0.9740849807324536,0.9790552035055737,1.0,1.0
ballroom/ballroom_Media-104107/track.npy,ballroom,1.0,1.0,1.0,1.0,0.9808840127130719,0.979205495440155,1.0,1.0
ballroom/ballroom_Media-104111/track.npy,ballroom,0.9807692307692307,1.0,0.9807692307692307,1.0,0.9629061583112646,0.9526917196561328,0.9902912621359222,1.0
ballroom/ballroom_Media-104117/track.npy,ballroom,0.9726027397260274,1.0,0.9726027397260274,1.0,0.966681232277244,0.9729984505845491,0.9861111111111112,1.0
ballroom/ballroom_Media-104208/track.npy,ballroom,1.0,1.0,1.0,1.0,0.9633377575618463,0.9747732814938307,1.0,1.0
ballroom/ballroom_Media-104211/track.npy,ballroom,0.9866666666666667,1.0,0.9866666666666667,1.0,0.9380366093122435,0.9487321768930954,0.9932885906040269,1.0
ballroom/ballroom_Media-104217/track.npy,ballroom,0.9767441860465116,1.0,0.9767441860465116,1.0,0.9652973952348695,0.971098775656792,0.9941520467836257,1.0
ballroom/ballroom_Media-104218/track.npy,ballroom,0.8372093023255814,1.0,0.8372093023255814,1.0,0.8403430656144019,0.8458632062307248,0.888888888888889,0.8571428571428571
ballroom/ballroom_Media-104301/track.npy,ballroom,0.9722222222222222,1.0,0.9722222222222222,1.0,0.6962749947997797,0.7052582316370835,0.8888888888888888,0.8333333333333334
ballroom/ballroom_Media-104306/track.npy,ballroom,0.9818181818181818,0.9285714285714286,0.9818181818181818,0.9285714285714286,0.9424144128537999,0.9319863924470796,0.9908256880733944,0.962962962962963
ballroom/ballroom_Media-104405/track.npy,ballroom,0.9814814814814815,0.7142857142857143,0.9814814814814815,0.7142857142857143,0.9413712642815035,0.8495608222981376,0.9906542056074767,0.888888888888889
ballroom/ballroom_Media-104504/track.npy,ballroom,0.972972972972973,1.0,0.972972972972973,1.0,0.8121633846256109,0.7937455895156157,0.9315068493150684,0.9166666666666666
ballroom/ballroom_Media-104514/track.npy,ballroom,0.9886363636363636,1.0,0.9886363636363636,1.0,0.9683588347536074,0.981593325344019,0.9942857142857142,1.0
ballroom/ballroom_Media-104601/track.npy,ballroom,0.9722222222222222,1.0,0.9722222222222222,1.0,0.8181690261381601,0.8393115144351646,0.9577464788732395,1.0
ballroom/ballroom_Media-104602/track.npy,ballroom,0.9722222222222222,1.0,0.9722222222222222,1.0,0.8638074402421699,0.8885190602241558,0.9859154929577464,1.0
ballroom/ballroom_Media-104618/track.npy,ballroom,0.9555555555555556,1.0,0.0,0.0,0.7296187838633807,0.7562774924866962,0.6615384615384614,0.6666666666666666
ballroom/ballroom_Media-104703/track.npy,ballroom,0.9444444444444444,0.9166666666666666,0.9444444444444444,0.9166666666666666,0.8644459960139725,0.8878585235779459,0.9577464788732395,0.9565217391304348
ballroom/ballroom_Media-104708/track.npy,ballroom,0.9622641509433962,1.0,0.9622641509433962,1.0,0.8822402281004322,0.9155122418399504,0.9904761904761905,1.0
ballroom/ballroom_Media-104801/track.npy,ballroom,0.9459459459459459,1.0,0.9459459459459459,1.0,0.7490378032694263,0.8430093241908624,0.8767123287671232,0.9166666666666666
ballroom/ballroom_Media-104811/track.npy,ballroom,0.9736842105263158,1.0,0.9736842105263158,1.0,0.86782244134597,0.9096734865768384,0.9801324503311258,1.0
ballroom/ballroom_Media-104903/track.npy,ballroom,0.9722222222222222,1.0,0.9722222222222222,1.0,0.7097831731229696,0.7339335132658841,0.9295774647887323,1.0
ballroom/ballroom_Media-104906/track.npy,ballroom,0.9814814814814815,0.9285714285714286,0.9814814814814815,0.9285714285714286,0.9346507328065197,0.9085046363454601,0.9906542056074767,0.962962962962963
ballroom/ballroom_Media-104917/track.npy,ballroom,0.7764705882352941,1.0,0.7764705882352941,1.0,0.7019301318618335,0.7463736782370051,0.9411764705882353,0.9523809523809523
ballroom/ballroom_Media-105105/track.npy,ballroom,0.9722222222222222,0.9166666666666666,0.9722222222222222,0.9166666666666666,0.9089450011541403,0.8640225296671169,0.9859154929577464,0.9565217391304348
ballroom/ballroom_Media-105111/track.npy,ballroom,0.9459459459459459,1.0,0.9459459459459459,1.0,0.8289182595790044,0.8367603749319236,0.979591836734694,1.0
ballroom/ballroom_Media-105121/track.npy,ballroom,0.8604651162790697,1.0,0.8604651162790697,1.0,0.7381416280291919,0.7709392390454887,0.935672514619883,0.9090909090909091
ballroom/ballroom_Media-105318/track.npy,ballroom,0.9868421052631579,0.9615384615384616,0.9868421052631579,0.9615384615384616,0.874633821763834,0.8503858910332921,0.9933774834437086,0.9803921568627451
ballroom/ballroom_Media-105408/track.npy,ballroom,0.4,0.7272727272727273,0.25,0.7272727272727273,0.482029998860283,0.49141563275608763,0.425,0.5714285714285713
ballroom/ballroom_Media-105418/track.npy,ballroom,0.96875,1.0,0.96875,1.0,0.9138686654772656,0.9716448753540968,0.9841269841269841,1.0
ballroom/ballroom_Media-105603/track.npy,ballroom,0.9811320754716981,1.0,0.9811320754716981,1.0,0.9617917532992758,0.9793171845256331,0.9904761904761905,1.0
ballroom/ballroom_Media-105703/track.npy,ballroom,0.9473684210526315,1.0,0.9473684210526315,1.0,0.9513816411188137,0.9832034289089094,0.972972972972973,1.0
ballroom/ballroom_Media-105709/track.npy,ballroom,0.9736842105263158,1.0,0.9736842105263158,1.0,0.9260450323442054,0.9396893615992191,0.9866666666666666,1.0
ballroom/ballroom_Media-105716/track.npy,ballroom,0.9647058823529412,0.9545454545454546,0.9647058823529412,0.9545454545454546,0.9456356031450387,0.9526378631828257,0.9761904761904762,0.9767441860465117
ballroom/ballroom_Media-105801/track.npy,ballroom,1.0,1.0,1.0,1.0,0.9047804130984134,0.8889121361447141,1.0,1.0
ballroom/ballroom_Media-105808/track.npy,ballroom,0.9814814814814815,0.9285714285714286,0.9814814814814815,0.9285714285714286,0.9546367796457439,0.9222111634207067,0.9906542056074767,0.962962962962963
ballroom/ballroom_Media-105901/track.npy,ballroom,1.0,1.0,1.0,1.0,0.8848821222957761,0.8890840712515908,1.0,1.0
ballroom/ballroom_Media-105902/track.npy,ballroom,1.0,1.0,1.0,1.0,0.8433952400336396,0.8351172640871097,1.0,1.0
ballroom/ballroom_Media-105903/track.npy,ballroom,1.0,0.5,1.0,0.5,0.7874997638164661,0.4837674896305178,1.0,0.6666666666666666
ballroom/ballroom_Media-106005/track.npy,ballroom,0.9629629629629629,1.0,0.9629629629629629,1.0,0.9302192821296512,0.9567198256201431,0.9811320754716981,1.0
ballroom/ballroom_Media-106008/track.npy,ballroom,0.9629629629629629,1.0,0.9629629629629629,1.0,0.9643630923130307,0.9707131100434275,0.9811320754716981,1.0
ballroom/ballroom_Media-106009/track.npy,ballroom,0.9473684210526315,1.0,0.9473684210526315,1.0,0.9550188421510739,0.9879712492412855,0.972972972972973,1.0
ballroom/ballroom_Media-106114/track.npy,ballroom,0.958904109589041,0.9444444444444444,0.958904109589041,0.9444444444444444,0.9592779050830752,0.9530604448769058,0.9790209790209791,0.9714285714285714
beatles/beatles_01_Please_Please_Me_01_I_Saw_Her_Standing_There/track.npy,beatles,0.997737556561086,0.990990990990991,0.997737556561086,0.990990990990991,0.958972165182529,0.9498271214301286,0.997737556561086,0.9954751131221719
beatles/beatles_01_Please_Please_Me_04_Chains/track.npy,beatles,0.9966101694915255,0.9864864864864865,0.9966101694915255,0.9864864864864865,0.9720633551564652,0.9733137554773076,0.99830220713073,0.9931972789115647
beatles/beatles_02_With_the_Beatles_09_Hold_Me_Tight/track.npy,beatles,0.9905956112852664,0.9375,0.9905956112852664,0.9375,0.9563866611685754,0.9170717147001429,0.9952904238618524,0.9559748427672956
beatles/beatles_03_A_Hard_Days_Night_06_Tell_Me_Why/track.npy,beatles,0.9934640522875817,0.987012987012987,0.9934640522875817,0.987012987012987,0.9662534477680145,0.966705910982208,0.9983633387888707,0.9934640522875817
beatles/beatles_03_A_Hard_Days_Night_08_Any_Time_At_All/track.npy,beatles,0.9965397923875432,0.9863013698630136,0.9965397923875432,0.9863013698630136,0.9785082439258692,0.9749140797155752,0.9982668977469671,0.993103448275862
beatles/beatles_04_Beatles_for_Sale_01_No_Reply/track.npy,beatles,0.9850187265917603,0.9850746268656716,0.9850187265917603,0.9850746268656716,0.6370792023955902,0.6315329373609976,0.9849056603773584,0.9924812030075187
beatles/beatles_04_Beatles_for_Sale_08_Eight_Days_a_Week/track.npy,beatles,1.0,1.0,1.0,1.0,0.6551062740437219,0.684919588848896,1.0,1.0
beatles/beatles_05_Help_06_Youre_Going_To_Lose_That_Girl/track.npy,beatles,1.0,1.0,1.0,1.0,0.7751281205902407,0.7943080954239805,1.0,1.0
beatles/beatles_06_Rubber_Soul_01_Drive_My_Car/track.npy,beatles,0.9689655172413794,0.9861111111111112,0.9689655172413794,0.9861111111111112,0.898386016705453,0.8992345694595714,0.9842381786339756,0.993006993006993
beatles/beatles_06_Rubber_Soul_07_Michelle/track.npy,beatles,1.0,1.0,1.0,1.0,0.9448496496685076,0.9243416319158634,1.0,1.0
beatles/beatles_07_Revolver_06_Yellow_Submarine/track.npy,beatles,0.9855595667870036,0.8714285714285714,0.9855595667870036,0.8714285714285714,0.9011292224759726,0.8185739242132971,0.9909255898366605,0.8920863309352518
beatles/beatles_07_Revolver_11_Doctor_Robert/track.npy,beatles,0.991304347826087,1.0,0.991304347826087,1.0,0.9704603207560405,0.9720912976730361,0.9956458635703919,1.0
beatles/beatles_08_Sgt_Peppers_Lonely_Hearts_Club_Band_01_Sgt_Peppers_Lonely_Hearts_Club_Band/track.npy,beatles,0.967032967032967,0.9777777777777777,0.967032967032967,0.9777777777777777,0.7675442659150489,0.7790164445142445,0.9776536312849162,0.9887640449438202
beatles/beatles_08_Sgt_Peppers_Lonely_Hearts_Club_Band_09_When_Im_Sixty-Four/track.npy,beatles,0.9269662921348315,1.0,0.9269662921348315,1.0,0.842243803663903,0.8269372563436286,0.978601997146933,1.0
beatles/beatles_09_Magical_Mystery_Tour_03_Flying/track.npy,beatles,0.8807947019867549,0.9444444444444444,0.8807947019867549,0.9444444444444444,0.826251190665646,0.8526450416788297,0.9366197183098591,0.9714285714285714
beatles/beatles_10_CD1_The_Beatles_08_Happiness_is_a_Warm_Gun/track.npy,beatles,0.6208053691275168,0.3956043956043956,0.6208053691275168,0.3956043956043956,0.8095659555176633,0.6879097961454306,0.8747731397459165,0.7466666666666667
beatles/beatles_10_CD1_The_Beatles_11_Black_Bird/track.npy,beatles,0.9849246231155779,0.4909090909090909,0.9849246231155779,0.2,0.8839755452176915,0.6503883867107458,0.9722921914357683,0.68
beatles/beatles_10_CD2_The_Beatles_04_Everybodys_Got_Something_To_Hide_Except_Me_and_My_Monkey/track.npy,beatles,0.9635036496350365,0.8714285714285714,0.9635036496350365,0.8714285714285714,0.9354154290015313,0.9138516089712206,0.9724770642201834,0.9411764705882354
beatles/beatles_10_CD2_The_Beatles_09_Honey_Pie/track.npy,beatles,0.8805970149253731,0.8488372093023255,0.8805970149253731,0.02531645569620253,0.7858287305504128,0.7374017889814368,0.9164179104477613,0.6229508196721312
beatles/beatles_11_Abbey_Road_08_Because/track.npy,beatles,0.9330143540669856,0.9444444444444444,0.9330143540669856,0.9444444444444444,0.8705679720503683,0.8575397822198306,0.9683698296836983,0.9433962264150944
beatles/beatles_11_Abbey_Road_09_You_Never_Give_Me_Your_Money/track.npy,beatles,0.9206798866855525,0.9659090909090909,0.9206798866855525,0.9659090909090909,0.8879051575009683,0.9272130160614439,0.9667149059334299,0.9826589595375723
beatles/beatles_12_Let_It_Be_06_Let_It_Be/track.npy,beatles,1.0,0.38636363636363635,1.0,0.38636363636363635,0.8920085175230287,0.6828233930303298,0.9963369963369964,0.7435897435897436
candombe/csic.1995_ansina1_03/track.npy,candombe,0.996996996996997,1.0,0.996996996996997,1.0,0.9680382885891832,0.9646911690752419,0.9984984984984985,1.0
candombe/csic.1995_cuareim_05/track.npy,candombe,0.9984825493171472,1.0,0.9984825493171472,1.0,0.9736538772494331,0.9793643107411897,0.9992406985573272,1.0
candombe/proyecto.1992_magarinos_02/track.npy,candombe,0.9987212276214834,0.9948849104859335,0.9987212276214834,0.9948849104859335,0.9714282811365238,0.9737291224308876,0.9993606138107417,0.998719590268886
candombe/zavala.muniz.2014_50/track.npy,candombe,0.9941690962099126,0.9885057471264368,0.9941690962099126,0.9885057471264368,0.9680066075598663,0.9674257415931449,0.9956204379562044,0.9942196531791908
candombe/zavala.muniz.2014_51/track.npy,candombe,1.0,1.0,1.0,1.0,0.9777905603521417,0.9828452948362152,1.0,1.0
filosax/filosax_07/track.npy,filosax,0.9970149253731343,0.9281437125748503,0.9970149253731343,0.9281437125748503,0.9464411159337749,0.9062717946755925,0.9985074626865672,0.9575757575757576
filosax/filosax_14/track.npy,filosax,0.9935576234788833,1.0,0.9935576234788833,1.0,0.9461886167751756,0.9356665327060106,0.9974937343358395,0.997134670487106
filosax/filosax_18/track.npy,filosax,0.9818875119161106,0.9132075471698113,0.9818875119161106,0.9132075471698113,0.9386546031833498,0.8889494848314391,0.9908609908609909,0.9521988527724666
filosax/filosax_34/track.npy,filosax,0.9969278033794163,0.9939024390243902,0.9969278033794163,0.9939024390243902,0.9076070923988419,0.9062182529780041,0.9969230769230769,0.9969418960244648
filosax/filosax_40/track.npy,filosax,0.9898785425101214,0.9126984126984127,0.9898785425101214,0.9126984126984127,0.9582643376245972,0.8911963148643128,0.9949341438703141,0.936
filosax/filosax_46/track.npy,filosax,0.9888123924268503,0.9965635738831615,0.9888123924268503,0.9965635738831615,0.9325989873104853,0.9192351248911785,0.9952565761103924,0.9982788296041308
groove_midi/drummer10_session1_6_jazz-swing_215_beat_4-4/track.npy,groove_midi,0.9682539682539683,1.0,0.9682539682539683,1.0,0.7694151150886572,0.74371898795836,1.0,1.0
groove_midi/drummer1_eval_session_2_funk-groove2_105_beat_4-4/track.npy,groove_midi,0.9821428571428571,0.9285714285714286,0.9821428571428571,0.9285714285714286,0.9563899655479604,0.9343928661048624,0.9909909909909909,0.962962962962963
groove_midi/drummer1_eval_session_7_pop-groove7_138_beat_4-4/track.npy,groove_midi,1.0,1.0,1.0,1.0,0.8306375962215923,0.8270516479366479,1.0,1.0
groove_midi/drummer1_session1_100_neworleans-secondline_94_beat_4-4/track.npy,groove_midi,0.8340807174887892,0.7692307692307693,0.8340807174887892,0.7692307692307693,0.9046170611412074,0.8071537607180663,0.9532710280373832,0.8461538461538461
groove_midi/drummer1_session1_145_latin-brazilian-baiao_95_beat_4-4/track.npy,groove_midi,0.975609756097561,0.9090909090909091,0.975609756097561,0.9090909090909091,0.9367072788547863,0.8808906951694331,0.9876543209876543,0.9523809523809523
groove_midi/drummer1_session1_239_funk-purdieshuffle_130_beat_4-4/track.npy,groove_midi,0.9927184466019418,0.9902912621359223,0.9927184466019418,0.9902912621359223,0.9246583147335624,0.9102202719153666,0.9963459196102314,0.9951219512195122
groove_midi/drummer1_session1_28_latin-samba_116_beat_4-4/track.npy,groove_midi,0.9906976744186047,0.6261682242990654,0.9906976744186047,0.6261682242990654,0.8792802930971694,0.6963588321339652,0.9964994165694282,0.7437185929648241
groove_midi/drummer1_session1_50_jazz_125_beat_4-4/track.npy,groove_midi,0.9915254237288136,0.7164179104477612,0.9915254237288136,0.7164179104477612,0.9386820313348997,0.8268831821106547,0.9957446808510638,0.873015873015873
groove_midi/drummer1_session2_180_rock_50_beat_4-4/track.npy,groove_midi,0.14285714285714285,0.8297872340425532,0.14285714285714285,0.0,0.5790237072172767,0.7002727331730766,0.6282722513089005,0.6043165467625898
groove_midi/drummer1_session2_2_latin-chacarera_118_beat_4-4/track.npy,groove_midi,0.15538847117794485,0.031914893617021274,0.15538847117794485,0.031914893617021274,0.6257617264713077,0.11708722787794557,0.6493108728943338,0.11464968152866241
groove_midi/drummer1_session2_6_rock_102_beat_3-4/track.npy,groove_midi,0.7947976878612717,0.3364485981308411,0.7947976878612717,0.3364485981308411,0.7991424922104782,0.5279780451993069,0.9022556390977444,0.6043956043956042
groove_midi/drummer1_session3_18_rock_128_beat_4-4/track.npy,groove_midi,0.9931740614334471,1.0,0.9931740614334471,1.0,0.9277661282422276,0.9359425357054746,0.9965753424657535,1.0
groove_midi/drummer1_session3_2_jazz-swing_185_beat_4-4/track.npy,groove_midi,0.7704918032786885,0.6228070175438597,0.12962962962962962,0.20634920634920634,0.7940099128791207,0.77851838155925,0.7218934911242603,0.7458745874587459
groove_midi/drummer3_session1_15_jazz_120_beat_4-4/track.npy,groove_midi,0.9814814814814815,0.9285714285714286,0.9814814814814815,0.9285714285714286,0.9502362744898029,0.9482541448196075,0.9814814814814815,0.962962962962963
groove_midi/drummer3_session1_9_rock_105_beat_4-4/track.npy,groove_midi,1.0,1.0,1.0,1.0,0.9049716491753772,0.8884030798867795,1.0,1.0
groove_midi/drummer3_session2_22_rock_92_beat_4-4/track.npy,groove_midi,0.9705882352941176,1.0,0.9705882352941176,1.0,0.9428593859363463,0.9505094566733193,0.9850746268656716,1.0
groove_midi/drummer5_eval_session_3_soul-groove3_86_beat_4-4/track.npy,groove_midi,0.9824561403508771,0.9333333333333333,0.9824561403508771,0.9333333333333333,0.9553434547446911,0.9501754949291411,0.9911504424778761,0.9655172413793104
groove_midi/drummer5_session1_4_latin-brazilian-samba_89_beat_4-4/track.npy,groove_midi,1.0,0.8939393939393939,1.0,0.8939393939393939,0.9164592766445058,0.8529810885865232,1.0,0.9393939393939394
groove_midi/drummer5_session2_12_rock_105_beat_4-4/track.npy,groove_midi,0.9954337899543378,1.0,0.9954337899543378,1.0,0.9191125991192566,0.9089899913409304,0.9977116704805492,1.0
groove_midi/drummer5_session2_14_rock_140_beat_4-4/track.npy,groove_midi,0.9902912621359223,0.9807692307692307,0.9902912621359223,0.9807692307692307,0.9397995369659403,0.9511375350310435,0.9951219512195122,0.9902912621359222
groove_midi/drummer5_session2_1_latin-venezuelan-sangueo_101_beat_4-4/track.npy,groove_midi,1.0,1.0,1.0,1.0,0.9332072442985087,0.9360819791983087,1.0,1.0
groove_midi/drummer5_session2_6_neworleans-secondline_99_beat_4-4/track.npy,groove_midi,0.9954545454545455,1.0,0.9954545454545455,1.0,0.9445398065631267,0.9412332264938879,0.9988623435722412,1.0
groove_midi/drummer6_session1_1_rock_70_beat_6-8/track.npy,groove_midi,0.8148148148148148,0.0,0.8148148148148148,0.0,0.8447321437037845,0.43618110830782686,0.9411764705882353,0.4444444444444445
groove_midi/drummer7_eval_session_3_soul-groove3_86_beat_4-4/track.npy,groove_midi,1.0,1.0,1.0,1.0,0.9234675577594115,0.9141795690031077,1.0,1.0
groove_midi/drummer7_eval_session_6_hiphop-groove6_87_beat_4-4/track.npy,groove_midi,0.9824561403508771,0.9333333333333333,0.9824561403508771,0.9333333333333333,0.9614868385020028,0.9342494079089813,0.9911504424778761,0.9655172413793104
groove_midi/drummer7_session1_16_hiphop_100_beat_4-4/track.npy,groove_midi,0.9696969696969697,1.0,0.9696969696969697,1.0,0.9524710550142493,0.9593931360207795,0.9846153846153847,1.0
groove_midi/drummer7_session1_1_rock_86_beat_4-4/track.npy,groove_midi,0.9905660377358491,0.9873417721518988,0.9905660377358491,0.0,0.8567108311484803,0.43459965574204223,0.9921011058451816,0.0
groove_midi/drummer7_session2_104_pop_132_beat_4-4/track.npy,groove_midi,0.979381443298969,0.9583333333333334,0.979381443298969,0.0,0.9436986646403399,0.4703479409006657,0.9895833333333333,0.0
groove_midi/drummer7_session2_14_rock_95_beat_4-4/track.npy,groove_midi,0.9811320754716981,0.35714285714285715,0.9811320754716981,0.35714285714285715,0.9511193278838069,0.6143363458589431,0.9904761904761905,0.5925925925925927
groove_midi/drummer7_session2_27_rock_75_beat_4-4/track.npy,groove_midi,0.9924242424242424,1.0,0.9924242424242424,1.0,0.9022836204470882,0.9138317008246932,0.9809885931558935,0.9696969696969697
groove_midi/drummer7_session2_45_rock_135_beat_4-4/track.npy,groove_midi,1.0,1.0,1.0,1.0,0.9329911711233816,0.9195083273721744,1.0,1.0
groove_midi/drummer7_session2_46_rock_135_beat_4-4/track.npy,groove_midi,0.9827586206896551,1.0,0.9827586206896551,1.0,0.9360913089981704,0.9642028852541419,0.9913043478260869,1.0
groove_midi/drummer7_session2_80_country_78_beat_4-4/track.npy,groove_midi,0.978494623655914,0.4725274725274725,0.978494623655914,0.35294117647058826,0.9117516543755487,0.759263682384983,0.9891304347826088,0.8070175438596492
groove_midi/drummer7_session2_87_hiphop_75_beat_4-4/track.npy,groove_midi,0.9884393063583815,1.0,0.9884393063583815,1.0,0.8475134060481947,0.8564527994401346,0.9971014492753623,1.0
groove_midi/drummer7_session3_108_rock_95_beat_4-4/track.npy,groove_midi,1.0,0.32098765432098764,1.0,0.11538461538461539,0.9654513704481755,0.5725602236067099,1.0,0.40860215053763443
groove_midi/drummer7_session3_117_rock_95_beat_4-4/track.npy,groove_midi,1.0,1.0,1.0,1.0,0.9030897954465263,0.9324610268283996,1.0,1.0
groove_midi/drummer7_session3_129_rock_93_beat_4-4/track.npy,groove_midi,1.0,0.8947368421052632,1.0,0.8947368421052632,0.9407931947801449,0.9112966126396669,1.0,0.972972972972973
groove_midi/drummer7_session3_24_hiphop_67_beat_4-4/track.npy,groove_midi,0.9902912621359223,0.9615384615384616,0.9902912621359223,0.9615384615384616,0.9192781146607353,0.8989550965292477,0.9951219512195122,0.9803921568627451
groove_midi/drummer8_eval_session_4_soul-groove4_80_beat_4-4/track.npy,groove_midi,1.0,1.0,1.0,1.0,0.9622537500273968,0.9498618214874064,1.0,1.0
groove_midi/drummer8_eval_session_8_rock-groove8_65_beat_4-4/track.npy,groove_midi,0.9830508474576272,0.9333333333333333,0.9830508474576272,0.9333333333333333,0.938529276392255,0.9328038690513052,0.9914529914529915,0.9655172413793104
groove_midi/drummer8_session1_14_hiphop_94_beat_4-4/track.npy,groove_midi,0.992,0.9841269841269841,0.992,0.9841269841269841,0.9616776843325666,0.9588692384020545,0.9959839357429718,0.9919999999999999
groove_midi/drummer8_session1_6_funk_80_beat_4-4/track.npy,groove_midi,0.9954128440366973,0.9818181818181818,0.9954128440366973,0.9818181818181818,0.9348582397519851,0.9266987529560146,0.9977011494252873,0.9908256880733944
guitarset/00_BN2-131-B_comp_mix/track.npy,guitarset,0.6229508196721312,0.9285714285714286,0.6229508196721312,0.9285714285714286,0.8034768908921298,0.9092887331077617,0.8771929824561403,0.962962962962963
guitarset/00_Rock3-117-Bb_comp_mix/track.npy,guitarset,0.9259259259259259,0.8666666666666667,0.9259259259259259,0.8666666666666667,0.8986006512685689,0.8931892784549038,0.9444444444444444,0.9285714285714286
guitarset/00_SS2-107-Ab_comp_mix/track.npy,guitarset,0.9482758620689655,0.8666666666666667,0.9482758620689655,0.8666666666666667,0.9245740467661808,0.8828489149391141,0.9734513274336283,0.9285714285714286
guitarset/01_Funk1-114-Ab_comp_mix/track.npy,guitarset,0.7619047619047619,0.9,0.7619047619047619,0.9,0.8557184352874876,0.9243317907447328,0.9,0.9473684210526316
guitarset/01_Funk2-108-Eb_comp_mix/track.npy,guitarset,0.9821428571428571,0.9285714285714286,0.9821428571428571,0.9285714285714286,0.9497655614858107,0.9245594244685359,0.9909909909909909,0.962962962962963
guitarset/01_Jazz3-137-Eb_comp_mix/track.npy,guitarset,1.0,1.0,1.0,1.0,0.9593510946801584,0.9535178631920602,1.0,1.0
guitarset/02_Jazz2-187-F#_comp_mix/track.npy,guitarset,1.0,1.0,1.0,1.0,0.9589384217460145,0.9306736087714439,1.0,1.0
guitarset/02_Jazz3-137-Eb_comp_mix/track.npy,guitarset,1.0,1.0,1.0,1.0,0.9738859797626384,0.9553488391974978,1.0,1.0
guitarset/02_Rock3-117-Bb_comp_mix/track.npy,guitarset,1.0,1.0,1.0,1.0,0.8741100752154473,0.8876176519404699,1.0,1.0
guitarset/02_SS1-68-E_comp_mix/track.npy,guitarset,0.9534883720930233,0.8,0.9534883720930233,0.8,0.5859205534016877,0.5806722338435862,0.8235294117647058,0.6666666666666665
guitarset/03_BN1-129-Eb_comp_mix/track.npy,guitarset,1.0,1.0,1.0,1.0,0.975841709083572,0.976282595488366,1.0,1.0
guitarset/03_Funk2-108-Eb_comp_mix/track.npy,guitarset,0.9818181818181818,0.9285714285714286,0.9818181818181818,0.9285714285714286,0.9572357504950567,0.9465150274792881,0.9818181818181818,0.962962962962963
guitarset/03_Jazz2-110-Bb_comp_mix/track.npy,guitarset,0.7142857142857143,0.9285714285714286,0.7142857142857143,0.9285714285714286,0.7288593270389749,0.659201885260872,0.8717948717948718,0.8148148148148148
guitarset/03_Rock2-85-F_comp_mix/track.npy,guitarset,0.9824561403508771,0.9333333333333333,0.9824561403508771,0.9333333333333333,0.6716190566870475,0.6843994452467576,0.9734513274336283,0.9655172413793104
guitarset/03_SS1-68-E_comp_mix/track.npy,guitarset,0.5370370370370371,0.3684210526315789,0.5370370370370371,0.26666666666666666,0.7773621632494976,0.6174134762433369,0.8541666666666667,0.64
guitarset/04_SS2-88-F_comp_mix/track.npy,guitarset,0.9824561403508771,1.0,0.9824561403508771,1.0,0.9250573377160985,0.9188904733485247,0.9911504424778761,1.0
guitarset/05_BN2-131-B_comp_mix/track.npy,guitarset,1.0,1.0,1.0,1.0,0.7177352514571429,0.7119105236478299,1.0,1.0
guitarset/05_BN3-154-E_comp_mix/track.npy,guitarset,1.0,1.0,1.0,1.0,0.9543777298706793,0.9409358527329325,1.0,1.0
guitarset/05_Funk1-114-Ab_comp_mix/track.npy,guitarset,0.7368421052631579,0.6666666666666666,0.7368421052631579,0.6666666666666666,0.7888051460006095,0.6926260320185366,0.8108108108108109,0.7058823529411765
guitarset/05_Jazz2-110-Bb_comp_mix/track.npy,guitarset,0.9642857142857143,1.0,0.9642857142857143,1.0,0.8117135513255929,0.8638410547286136,0.9818181818181818,1.0
guitarset/05_Rock1-90-C#_comp_mix/track.npy,guitarset,0.975609756097561,0.9090909090909091,0.975609756097561,0.9090909090909091,0.8899052798132349,0.8805611309432203,0.9876543209876543,0.9523809523809523
guitarset/05_Rock2-85-F_comp_mix/track.npy,guitarset,0.9824561403508771,0.9333333333333333,0.9824561403508771,0.9333333333333333,0.8545041112266961,0.8390636774216922,0.9911504424778761,0.9655172413793104
guitarset/05_SS2-107-Ab_comp_mix/track.npy,guitarset,1.0,1.0,1.0,1.0,0.8650040291888962,0.8847203086642638,1.0,1.0
hainsworth/hainsworth_011/track.npy,hainsworth,1.0,0.6875,1.0,0.6875,0.9658517289760946,0.8123529741448847,1.0,0.8387096774193549
hainsworth/hainsworth_025/track.npy,hainsworth,0.9857142857142858,0.9473684210526315,0.9857142857142858,0.9473684210526315,0.9550362287791573,0.9425727367736767,0.9928057553956835,0.972972972972973
hainsworth/hainsworth_042/track.npy,hainsworth,0.9916666666666667,0.967741935483871,0.9916666666666667,0.967741935483871,0.9825265428236922,0.9764304937633375,0.99581589958159,0.9836065573770492
hainsworth/hainsworth_056/track.npy,hainsworth,0.43414634146341463,0.3076923076923077,0.3945578231292517,0.3076923076923077,0.8079970247550645,0.4255702661327827,0.824,0.4375
hainsworth/hainsworth_073/track.npy,hainsworth,0.9924242424242424,0.9393939393939394,0.0,0.0,0.7442420596367036,0.692111317922676,0.6666666666666666,0.653061224489796
hainsworth/hainsworth_075/track.npy,hainsworth,0.9692307692307692,0.047619047619047616,0.015748031496062992,0.0,0.7538116661352994,0.24311793977415436,0.6770833333333334,0.2333333333333333
hainsworth/hainsworth_084/track.npy,hainsworth,1.0,0.34615384615384615,1.0,0.34615384615384615,0.9706312250305248,0.7061791623959133,1.0,0.6808510638297872
hainsworth/hainsworth_088/track.npy,hainsworth,1.0,1.0,1.0,1.0,0.9642271243150417,0.9768148943733126,1.0,1.0
hainsworth/hainsworth_089/track.npy,hainsworth,1.0,1.0,1.0,1.0,0.9708507891574337,0.9713123170354072,1.0,1.0
hainsworth/hainsworth_112/track.npy,hainsworth,0.9722222222222222,0.9838709677419355,0.003968253968253968,0.0,0.7979379153560792,0.7989110248596807,0.6631299734748011,0.6666666666666666
hainsworth/hainsworth_114/track.npy,hainsworth,1.0,1.0,1.0,1.0,0.9793882186157654,0.9790257099111478,1.0,1.0
hainsworth/hainsworth_115/track.npy,hainsworth,1.0,1.0,1.0,1.0,0.9755814597895973,0.9816958861267068,1.0,1.0
hainsworth/hainsworth_120/track.npy,hainsworth,0.9885057471264368,1.0,0.9885057471264368,1.0,0.9419132974587028,0.9442269319893091,0.9971181556195965,1.0
hainsworth/hainsworth_123/track.npy,hainsworth,0.7752808988764045,0.3333333333333333,0.7752808988764045,0.17391304347826086,0.6481848814863007,0.44746406018653406,0.8227848101265822,0.45
hainsworth/hainsworth_128/track.npy,hainsworth,0.6436781609195402,0.1,0.6436781609195402,0.1,0.5266012865849848,0.3443745920666666,0.6756756756756757,0.38888888888888884
hainsworth/hainsworth_141/track.npy,hainsworth,0.7090909090909091,0.7692307692307693,0.7090909090909091,0.7692307692307693,0.6955056478920371,0.8189978896368452,0.8118811881188119,0.9166666666666666
hainsworth/hainsworth_154/track.npy,hainsworth,1.0,1.0,1.0,1.0,0.9677523273149411,0.9653075613270801,1.0,1.0
hainsworth/hainsworth_182/track.npy,hainsworth,1.0,1.0,1.0,1.0,0.9759713386588109,0.9757122960205712,1.0,1.0
hainsworth/hainsworth_191/track.npy,hainsworth,1.0,1.0,1.0,1.0,0.9644245431993383,0.9635116265136571,1.0,1.0
hainsworth/hainsworth_193/track.npy,hainsworth,0.5795454545454546,0.5714285714285714,0.5795454545454546,0.0,0.6045572903193315,0.30226849233193903,0.8048780487804879,0.10810810810810811
hainsworth/hainsworth_200/track.npy,hainsworth,0.9726027397260274,0.8,0.9726027397260274,0.8,0.917193128062542,0.8816047475530351,0.958904109589041,0.9473684210526316
hainsworth/hainsworth_207/track.npy,hainsworth,0.4154929577464789,0.5862068965517241,0.4154929577464789,0.05263157894736842,0.6182135011146734,0.49772707449134007,0.7578124999999999,0.5671641791044776
hainsworth/hainsworth_230/track.npy,hainsworth,0.9803921568627451,1.0,0.9803921568627451,1.0,0.9285210615968045,0.9263015548784312,0.9950738916256158,1.0
hainsworth/hainsworth_232/track.npy,hainsworth,1.0,0.37037037037037035,1.0,0.37037037037037035,0.9738915746871848,0.47901103399227885,1.0,0.5
hainsworth/hainsworth_234/track.npy,hainsworth,1.0,1.0,1.0,1.0,0.9679492650251987,0.968177751126514,1.0,1.0
hainsworth/hainsworth_238/track.npy,hainsworth,1.0,1.0,1.0,1.0,0.980639857549333,0.9799983165258994,1.0,1.0
hainsworth/hainsworth_239/track.npy,hainsworth,1.0,1.0,1.0,1.0,0.9854544838885614,0.9863438392827869,1.0,1.0
hainsworth/hainsworth_244/track.npy,hainsworth,1.0,1.0,1.0,0.0,0.9428537192933657,0.7977091233380642,1.0,0.6829268292682926
harmonix/0004_abc/track.npy,harmonix,0.8153310104529616,0.8611111111111112,0.8153310104529616,0.8611111111111112,0.7965689681800204,0.762156957862065,0.8844765342960288,0.8285714285714286
harmonix/0009_americanmusic/track.npy,harmonix,0.9158110882956879,0.9435483870967742,0.9158110882956879,0.9435483870967742,0.8138601611070182,0.8055884502054458,0.9248197734294541,0.9224489795918367
harmonix/0032_boomboompow/track.npy,harmonix,0.9975609756097561,1.0,0.9975609756097561,1.0,0.9600596038873063,0.9482499157749177,0.9987789987789988,1.0
harmonix/0038_bringmetolife/track.npy,harmonix,0.9972527472527473,0.9782608695652174,0.9972527472527473,0.9782608695652174,0.9705828989061254,0.9672993687246073,0.9986244841815681,0.994535519125683
harmonix/0052_collector/track.npy,harmonix,0.9951338199513382,0.29473684210526313,0.9951338199513382,0.29473684210526313,0.9679501699041411,0.4976281063663459,0.9987819732034106,0.5108695652173912
harmonix/0063_daysgoby/track.npy,harmonix,0.9347826086956522,0.9137931034482759,0.9347826086956522,0.9137931034482759,0.8510351223946727,0.8333629338780206,0.9823788546255506,0.9649122807017544
harmonix/0069_digginmedown/track.npy,harmonix,0.9112149532710281,0.7232704402515723,0.9112149532710281,0.7232704402515723,0.8200211161880316,0.6885110925416477,0.9428571428571428,0.7935483870967743
harmonix/0083_dragthewaters/track.npy,harmonix,0.9031719532554258,0.4144736842105263,0.9031719532554258,0.4144736842105263,0.8479954004515987,0.46036135257818084,0.9289891395154553,0.4929577464788732
harmonix/0087_evacuate/track.npy,harmonix,0.9957264957264957,1.0,0.9957264957264957,1.0,0.8784445013766453,0.8830788977060616,0.9978586723768736,1.0
harmonix/0094_fireflies/track.npy,harmonix,0.9781931464174455,0.9753086419753086,0.9781931464174455,0.9753086419753086,0.9633038447065305,0.962009044069104,0.9874213836477987,0.9875
harmonix/0107_getlow/track.npy,harmonix,0.7728,0.8910256410256411,0.7728,0.8910256410256411,0.8006854283587957,0.8200215006840629,0.9363867684478372,0.9423728813559323
harmonix/0118_grenade/track.npy,harmonix,0.995850622406639,1.0,0.995850622406639,1.0,0.9164408783943747,0.9152573376059627,0.997920997920998,1.0
harmonix/0127_hollabackgirl/track.npy,harmonix,1.0,1.0,1.0,1.0,0.9196885635554258,0.9393471640736414,1.0,1.0
harmonix/0152_kingofrock/track.npy,harmonix,0.9764243614931237,0.728,0.9764243614931237,0.12698412698412698,0.9284325274712845,0.4509688659153475,0.9930761622156281,0.16129032258064516
harmonix/0153_lalaland/track.npy,harmonix,0.6621359223300971,0.5968992248062015,0.16027088036117382,0.23076923076923078,0.7722928163308203,0.767644910624389,0.7189728958630528,0.7337278106508875
harmonix/0155_lapdance/track.npy,harmonix,0.9953703703703703,1.0,0.9953703703703703,1.0,0.9324564592022601,0.9274954415005793,0.9976798143851509,1.0
harmonix/0157_leanwitit/track.npy,harmonix,1.0,1.0,1.0,1.0,0.9682558673443765,0.9761651668797127,1.0,1.0
harmonix/0162_lobotomy/track.npy,harmonix,0.7754749568221071,0.47692307692307695,0.7754749568221071,0.47692307692307695,0.7774449788164269,0.44694659183370344,0.902826855123675,0.5230769230769231
harmonix/0168_maneater/track.npy,harmonix,1.0,1.0,1.0,1.0,0.9648713840472192,0.9577640045553328,1.0,1.0
harmonix/0171_marchofthepigs/track.npy,harmonix,0.5793450881612091,0.4782608695652174,0.14488636363636365,0.4782608695652174,0.6982961716030571,0.48189299554920706,0.7102633969118983,0.5119047619047619
harmonix/0178_mountainman/track.npy,harmonix,0.7060931899641577,0.5882352941176471,0.7060931899641577,0.5882352941176471,0.8337664433784543,0.7842011118258132,0.9045801526717557,0.84375
harmonix/0182_mycurse/track.npy,harmonix,0.9714285714285714,0.6115702479338843,0.9714285714285714,0.09954751131221719,0.9574953132055453,0.7117752221168622,0.9785100286532951,0.6900584795321637
harmonix/0190_newfang/track.npy,harmonix,0.4364754098360656,0.6310679611650486,0.4364754098360656,0.6310679611650486,0.7427838066993792,0.661096222675518,0.8275862068965516,0.75
harmonix/0198_nowthatwefoundlove/track.npy,harmonix,1.0,1.0,1.0,1.0,0.8718596576612764,0.8823274504920502,1.0,1.0
harmonix/0201_oh/track.npy,harmonix,1.0,1.0,1.0,1.0,0.7820834736831163,0.7910349102091946,1.0,1.0
harmonix/0204_onlyamemory/track.npy,harmonix,1.0,1.0,1.0,1.0,0.8815819113128087,0.8907115549018126,1.0,1.0
harmonix/0217_pokerface/track.npy,harmonix,1.0,1.0,1.0,1.0,0.9379428575543945,0.9294031641169793,1.0,1.0
harmonix/0222_realgoodlooking/track.npy,harmonix,0.7963800904977375,0.8323353293413174,0.7963800904977375,0.8323353293413174,0.8569321391886938,0.8633173683940297,0.925984251968504,0.9345794392523364
harmonix/0235_rudeboy/track.npy,harmonix,1.0,1.0,1.0,1.0,0.8508319561402186,0.8691516357255105,1.0,1.0
harmonix/0241_satellite/track.npy,harmonix,1.0,0.703125,1.0,0.703125,0.955960489797395,0.7691646342452569,1.0,0.8095238095238094
harmonix/0257_somebodytolove/track.npy,harmonix,1.0,1.0,1.0,1.0,0.9176891406509973,0.9154077556370898,1.0,1.0
harmonix/0267_superfreak/track.npy,harmonix,0.993103448275862,0.8727272727272727,0.993103448275862,0.8727272727272727,0.9624293176100749,0.8482104000540563,0.996547756041427,0.8767123287671234
harmonix/0282_thegreatsatan/track.npy,harmonix,0.7080979284369114,0.664,0.10734463276836158,0.664,0.4750082295124095,0.1161364041520473,0.19704433497536944,0.13877551020408163
harmonix/0309_whatsmyname/track.npy,harmonix,1.0,1.0,1.0,1.0,0.8891995668439144,0.9071359888136473,1.0,1.0
harmonix/0314_whoomp/track.npy,harmonix,0.9925925925925926,1.0,0.9925925925925926,1.0,0.9581839657452532,0.9511392231215874,0.996282527881041,1.0
harmonix/0316_wildones/track.npy,harmonix,0.9187675070028011,0.9886363636363636,0.9187675070028011,0.9886363636363636,0.7902333077234627,0.7818847910775214,0.9630681818181818,0.96
harmonix/0326_yougotittherightstuff/track.npy,harmonix,0.9935064935064936,0.987012987012987,0.9935064935064936,0.987012987012987,0.8955549132169591,0.8970284016552007,0.9967426710097721,0.9934640522875817
harmonix/0331_againstallodds/track.npy,harmonix,0.8901098901098901,0.8461538461538461,0.8901098901098901,0.8461538461538461,0.9034923033030586,0.9123893156658943,0.9607843137254902,0.9540229885057472
harmonix/0332_alejandro/track.npy,harmonix,0.9297820823244553,0.7227722772277227,0.9297820823244553,0.7227722772277227,0.9194670168116648,0.7045136589715628,0.9582309582309582,0.7326732673267327
harmonix/0342_bangpop/track.npy,harmonix,0.9936908517350158,1.0,0.9936908517350158,1.0,0.9255324320847133,0.9197962669211801,0.9968354430379747,1.0
harmonix/0360_coolerthanme/track.npy,harmonix,0.9821826280623608,0.9821428571428571,0.9821826280623608,0.9821428571428571,0.9479550951713526,0.9508333202574631,0.9910112359550562,0.9909909909909909
harmonix/0367_dontdreamitsover/track.npy,harmonix,0.9738562091503268,0.7051282051282052,0.9738562091503268,0.7051282051282052,0.8403817732265766,0.6205558011897554,0.9867549668874172,0.7532467532467534
harmonix/0370_downonme/track.npy,harmonix,0.9793103448275862,0.972972972972973,0.9793103448275862,0.972972972972973,0.9500400526648777,0.9310354970397619,0.986111111111111,0.9659863945578231
harmonix/0378_effinperfect/track.npy,harmonix,0.9870550161812298,1.0,0.9870550161812298,1.0,0.9599005249088052,0.9656719474854358,0.9935064935064936,1.0
harmonix/0384_finally/track.npy,harmonix,0.9892933618843683,0.7543859649122807,0.9892933618843683,0.034782608695652174,0.8253154610219029,0.404401235027239,0.9946178686759958,0.11555555555555555
harmonix/0397_goodlife/track.npy,harmonix,0.8660287081339713,0.9238095238095239,0.8660287081339713,0.9238095238095239,0.9107129962588839,0.9101209995159495,0.958904109589041,0.9603960396039605
harmonix/0408_icanonlyimagine/track.npy,harmonix,0.9435665914221218,0.9464285714285714,0.9435665914221218,0.9464285714285714,0.8760779389156967,0.8752700890227296,0.9782857142857142,0.9727272727272727
harmonix/0410_idontwantthisnighttoend/track.npy,harmonix,0.9947916666666666,1.0,0.9947916666666666,1.0,0.9428365789244287,0.9500362680226377,0.9973958333333334,1.0
harmonix/0411_ifihadyou/track.npy,harmonix,0.9916317991631799,0.9916666666666667,0.9916317991631799,0.9916666666666667,0.5461107347136346,0.5531673726131293,0.995798319327731,0.99581589958159
harmonix/0414_illbe/track.npy,harmonix,0.9747048903878583,0.9215686274509803,0.9747048903878583,0.9215686274509803,0.8176363922768153,0.8253696642506406,0.9854824935952177,0.9748743718592965
harmonix/0416_impossible/track.npy,harmonix,0.9938837920489296,1.0,0.9938837920489296,1.0,0.9139104631745982,0.9202606317224605,0.9969325153374233,1.0
harmonix/0419_itgirl/track.npy,harmonix,0.9818840579710145,0.9857142857142858,0.9818840579710145,0.9857142857142858,0.9644853017075373,0.9653974342093834,0.9908925318761385,0.9928057553956835
harmonix/0441_lovingyoutonight/track.npy,harmonix,1.0,1.0,1.0,1.0,0.968292501497631,0.9701765544469299,1.0,1.0
harmonix/0456_nohands/track.npy,harmonix,0.9929078014184397,0.9859154929577465,0.9929078014184397,0.9859154929577465,0.8912663169395664,0.9000159273454561,0.9964412811387899,0.9929078014184397
harmonix/0459_notoveryou/track.npy,harmonix,0.37662337662337664,0.4959349593495935,0.37662337662337664,0.29,0.701435292972292,0.7294398940525045,0.7278481012658227,0.7160493827160493
harmonix/0460_numb/track.npy,harmonix,0.9617977528089887,0.9369369369369369,0.9617977528089887,0.9369369369369369,0.9632489076514673,0.9270901602691668,0.9807909604519773,0.9411764705882352
harmonix/0463_onemorenight/track.npy,harmonix,0.9909638554216867,1.0,0.9909638554216867,1.0,0.9074767537565482,0.9195355772608937,0.9954614220877459,1.0
harmonix/0473_payphone/track.npy,harmonix,0.9848866498740554,0.9797979797979798,0.9848866498740554,0.0,0.9296122395225002,0.4590363111282182,0.9923857868020305,0.0
harmonix/0475_poisonedwithlove/track.npy,harmonix,0.8532883642495784,0.898989898989899,0.8532883642495784,0.898989898989899,0.9091204197898186,0.9230358785517254,0.9473684210526315,0.9484536082474226
harmonix/0476_pontoon/track.npy,harmonix,0.9968944099378882,0.9878048780487805,0.9968944099378882,0.9878048780487805,0.9725534210551768,0.9665070197827561,0.9984447900466563,0.9938650306748467
harmonix/0484_rockthatbody/track.npy,harmonix,1.0,0.9836065573770492,1.0,0.9836065573770492,0.9528794338111954,0.9484023957127161,1.0,0.9958847736625513
harmonix/0487_secrets/track.npy,harmonix,0.4821092278719397,0.46616541353383456,0.3493670886075949,0.3673469387755102,0.7974797983009538,0.7979257461543292,0.8048411497730711,0.8121212121212121
harmonix/0495_someonelikeyou/track.npy,harmonix,0.7021996615905245,0.6486486486486487,0.7021996615905245,0.6486486486486487,0.8001327588290085,0.7863264565423965,0.889087656529517,0.8832116788321167
harmonix/0496_sparksfly/track.npy,harmonix,0.968421052631579,0.9915966386554622,0.968421052631579,0.9915966386554622,0.901037909222893,0.9119622330011737,0.9788583509513742,0.9789029535864979
harmonix/0499_starbuckssmile/track.npy,harmonix,0.72,0.8469387755102041,0.72,0.8469387755102041,0.8065948979413345,0.8267115556955049,0.9071038251366119,0.9171270718232044
harmonix/0502_stronger/track.npy,harmonix,1.0,0.9512195121951219,1.0,0.9512195121951219,0.8766288838374523,0.8332337025919806,1.0,0.9634146341463414
harmonix/0504_suspiciousminds/track.npy,harmonix,0.9847494553376906,0.9829059829059829,0.9847494553376906,0.9829059829059829,0.9579781707192224,0.962465012421736,0.9934497816593886,0.9913793103448275
harmonix/0519_titanium/track.npy,harmonix,0.9906103286384976,0.9906542056074766,0.9906103286384976,0.9906542056074766,0.9481732429859188,0.9489712605925361,0.9952830188679246,0.9953051643192489
harmonix/0529_werwhower/track.npy,harmonix,0.9727722772277227,0.9900990099009901,0.9727722772277227,0.9900990099009901,0.9589603522928792,0.9624962383034392,0.9912826899128268,0.9950248756218906
harmonix/0533_whosays/track.npy,harmonix,1.0,1.0,1.0,1.0,0.7780679563905956,0.7687508941101641,1.0,1.0
harmonix/0534_wideawake/track.npy,harmonix,0.9964788732394366,0.9861111111111112,0.9964788732394366,0.9861111111111112,0.9612788828993337,0.9541437734983441,0.998236331569665,0.993006993006993
harmonix/0564_americanboybenny/track.npy,harmonix,0.9171270718232044,0.924812030075188,0.9171270718232044,0.924812030075188,0.9199517605027377,0.9001803035665653,0.9460966542750929,0.9283018867924527
harmonix/0565_americanhoney/track.npy,harmonix,1.0,1.0,1.0,1.0,0.9525772354762808,0.9522518640875098,1.0,1.0
harmonix/0568_apologize/track.npy,harmonix,0.9881305637982196,0.9404761904761905,0.0029940119760479044,0.0,0.8071300201420624,0.7935057217040614,0.6640159045725647,0.6559999999999999
harmonix/0578_bealright/track.npy,harmonix,0.9625,0.9625,0.9625,0.9625,0.9238866568523599,0.9182228530423808,0.9778481012658228,0.9746835443037976
harmonix/0583_beautifulgirls/track.npy,harmonix,0.9957716701902748,1.0,0.9957716701902748,1.0,0.9565212803860363,0.9537905569317758,0.996825396825397,1.0
harmonix/0588_believe/track.npy,harmonix,0.4283121597096189,0.5681818181818182,0.3924050632911392,0.5681818181818182,0.7979064508434341,0.8411338106271222,0.8107302533532041,0.8662420382165604
harmonix/0596_bonbon/track.npy,harmonix,0.9955156950672646,1.0,0.9955156950672646,1.0,0.9709683302712999,0.9602441806431999,0.9977578475336323,1.0
harmonix/0630_crushcrushcrush/track.npy,harmonix,0.992462311557789,0.99,0.992462311557789,0.99,0.9767983807008622,0.9745153625205669,0.9962168978562421,0.9949748743718593
harmonix/0636_daynnitecrookersremix/track.npy,harmonix,0.9970674486803519,1.0,0.9970674486803519,1.0,0.8972602646198857,0.901177572583489,0.9985315712187959,1.0
harmonix/0640_disturbia2/track.npy,harmonix,0.9978947368421053,1.0,0.9978947368421053,1.0,0.9884986975605439,0.9889713153934498,0.9989462592202318,1.0
harmonix/0642_dontconfess/track.npy,harmonix,0.878727634194831,0.76,0.06092436974789916,0.13513513513513514,0.7101505243032431,0.706752728657669,0.6758241758241759,0.7126436781609196
harmonix/0649_down/track.npy,harmonix,0.9820627802690582,0.9821428571428571,0.9820627802690582,0.9821428571428571,0.8973141198651614,0.8921823574386939,0.9909502262443438,0.9909909909909909
harmonix/0650_downlilwayne/track.npy,harmonix,0.9757174392935982,0.9823008849557522,0.9757174392935982,0.9823008849557522,0.9702607497546766,0.9710377689370508,0.9877094972067039,0.9910714285714286
harmonix/0651_doyouremember/track.npy,harmonix,0.9929577464788732,0.9906542056074766,0.9929577464788732,0.9906542056074766,0.956551525082165,0.9544663071762947,0.9964664310954063,0.9953051643192489
harmonix/0668_fallinganthem/track.npy,harmonix,0.9981818181818182,1.0,0.9981818181818182,1.0,0.9827411049666369,0.9843172272381354,0.9990900818926297,1.0
harmonix/0676_figure8/track.npy,harmonix,0.4599483204134367,0.4639175257731959,0.4599483204134367,0.4639175257731959,0.7430187808335841,0.75515275973531,0.8353293413173652,0.8333333333333333
harmonix/0681_flashinglights/track.npy,harmonix,0.9913793103448276,0.9655172413793104,0.9913793103448276,0.9655172413793104,0.9519682613138727,0.9446704449170419,0.9927849927849929,0.9826589595375722
harmonix/0686_fortheloveofadaughter/track.npy,harmonix,0.9493087557603687,0.990909090909091,0.9493087557603687,0.990909090909091,0.8850613566477467,0.8937402336997923,0.9527104959630911,0.949771689497717
harmonix/0696_goodgirlsgobad/track.npy,harmonix,0.9973614775725593,0.9894736842105263,0.9973614775725593,0.9894736842105263,0.987009545544019,0.9831875473045674,0.9986789960369881,0.9947089947089947
harmonix/0710_hardjeezy/track.npy,harmonix,1.0,1.0,1.0,1.0,0.9773408466272024,0.9794790688702659,1.0,1.0
harmonix/0717_heysoulsister/track.npy,harmonix,1.0,1.0,1.0,1.0,0.9748318208756039,0.9642302488696477,1.0,1.0
harmonix/0733_ifihadyou/track.npy,harmonix,0.9936575052854123,1.0,0.9936575052854123,1.0,0.9740128143950499,0.9771595451818444,0.9968186638388122,1.0
harmonix/0752_inmyhead/track.npy,harmonix,0.9742857142857143,1.0,0.9742857142857143,1.0,0.9753245163033266,0.9885458173468823,0.9913544668587896,1.0
harmonix/0758_itgetsbetter/track.npy,harmonix,0.9932088285229203,1.0,0.9932088285229203,1.0,0.9349663475123595,0.9348986011519026,0.9965986394557823,1.0
harmonix/0759_itgirljasonnevins/track.npy,harmonix,0.9986824769433466,1.0,0.9986824769433466,1.0,0.716689701014393,0.7238338376479444,0.999340804218853,1.0
harmonix/0766_justdance/track.npy,harmonix,0.9913606911447084,0.9913793103448276,0.9913606911447084,0.9913793103448276,0.9840239596972848,0.9844552538367516,0.9956616052060737,0.9956709956709957
harmonix/0777_lebump/track.npy,harmonix,0.8479657387580299,0.4636363636363636,0.8479657387580299,0.4636363636363636,0.7405863881204501,0.44521810066202655,0.9232456140350876,0.5497630331753554
harmonix/0800_lovesexmagicjason/track.npy,harmonix,0.9951100244498777,1.0,0.9951100244498777,1.0,0.9796941159709399,0.9835343834720552,0.9975550122249389,1.0
harmonix/0827_needyounow/track.npy,harmonix,0.9826732673267327,0.9900990099009901,0.9826732673267327,0.9900990099009901,0.947568919695079,0.948947501638563,0.9912609238451935,0.9950248756218906
harmonix/0868_puton/track.npy,harmonix,0.8107255520504731,0.7974683544303798,0.09965034965034965,0.11188811188811189,0.7584589106700159,0.7565513507989049,0.7064116985376828,0.7117117117117117
harmonix/0875_redbelt/track.npy,harmonix,1.0,1.0,1.0,1.0,0.8737602370136516,0.867568570951324,1.0,1.0
harmonix/0890_samemistakes/track.npy,harmonix,0.9935897435897436,1.0,0.9935897435897436,1.0,0.9846714889715096,0.987946495983722,0.9967845659163987,1.0
harmonix/0895_scarymonsters/track.npy,harmonix,1.0,0.782608695652174,1.0,0.782608695652174,0.8166294080939964,0.7294145600886575,1.0,0.8955223880597014
harmonix/0914_soobviousnow/track.npy,harmonix,0.9792060491493384,0.9770992366412213,0.9792060491493384,0.9770992366412213,0.9287898164808545,0.9194417580938984,0.9885714285714285,0.9847328244274809
harmonix/0927_swing/track.npy,harmonix,0.9776951672862454,0.9571428571428572,0.9776951672862454,0.9571428571428572,0.9775411695650229,0.9654488566110183,0.9906542056074765,0.9781021897810218
harmonix/0931_takeyouthere/track.npy,harmonix,0.9954545454545455,0.990909090909091,0.9954545454545455,0.990909090909091,0.9636333108055971,0.9641044799272843,0.9965870307167236,0.995433789954338
harmonix/0932_tattoo/track.npy,harmonix,0.9808917197452229,0.9873417721518988,0.9808917197452229,0.9873417721518988,0.8686111874162084,0.8754677744294128,0.9792000000000001,0.980891719745223
harmonix/0951_thunder/track.npy,harmonix,0.9854545454545455,0.9855072463768116,0.9854545454545455,0.9855072463768116,0.9363436847118963,0.929687546792575,0.9926739926739927,0.9927007299270074
harmonix/0955_tinylittlebows/track.npy,harmonix,0.9948051948051948,1.0,0.9948051948051948,1.0,0.9808049993503878,0.9835769441440183,0.9973958333333334,1.0
harmonix/0958_turnmeup/track.npy,harmonix,0.991130820399113,0.9911504424778761,0.991130820399113,0.9911504424778761,0.9809227498421434,0.9835661396724601,0.9955456570155902,0.9955555555555555
harmonix/0959_turnthisclubaround/track.npy,harmonix,1.0,1.0,1.0,1.0,0.8808719576993063,0.8810285749447536,1.0,1.0
harmonix/0991_worryaboutyounow/track.npy,harmonix,1.0,0.582089552238806,1.0,0.3880597014925373,0.905963690260491,0.472985881737383,1.0,0.39097744360902253
harmonix/0999_yourheartisamuscle/track.npy,harmonix,0.9968652037617555,0.8372093023255814,0.9968652037617555,0.8372093023255814,0.976156546554026,0.9236227747422485,0.9984301412872841,0.9397590361445783
hjdb/hjdb_Anastacia/track.npy,hjdb,1.0,1.0,1.0,1.0,0.9756074816721109,0.981818521779589,1.0,1.0
hjdb/hjdb_Another_Direction/track.npy,hjdb,1.0,1.0,1.0,1.0,0.9792899742362334,0.9789487132870054,1.0,1.0
hjdb/hjdb_Bodymotion/track.npy,hjdb,1.0,1.0,1.0,1.0,0.9599698644975029,0.9743354344645668,1.0,1.0
hjdb/hjdb_Casanova_(Down_To_Earth_Remix)/track.npy,hjdb,1.0,1.0,1.0,1.0,0.987572434890255,0.9795402533073138,1.0,1.0
hjdb/hjdb_Charly/track.npy,hjdb,0.9940119760479041,1.0,0.9940119760479041,1.0,0.9632264507696022,0.9688578429080822,0.996996996996997,1.0
hjdb/hjdb_Dance_The_Dream/track.npy,hjdb,1.0,0.7619047619047619,1.0,0.7619047619047619,0.9795831753979117,0.8626754713849325,1.0,0.8780487804878048
hjdb/hjdb_Darkcore/track.npy,hjdb,0.9880952380952381,1.0,0.9880952380952381,1.0,0.9561649975654932,0.9722374751266136,0.9940119760479043,1.0
hjdb/hjdb_Dont_Need_Your_Love/track.npy,hjdb,0.9795918367346939,1.0,0.9795918367346939,1.0,0.9682770389551618,0.9614903860094448,0.9896907216494846,1.0
hjdb/hjdb_Fireball/track.npy,hjdb,1.0,1.0,1.0,1.0,0.9841975298596517,0.993359423646884,1.0,1.0
hjdb/hjdb_Fires_Burning/track.npy,hjdb,1.0,0.9358974358974359,1.0,0.9358974358974359,0.9823752338231165,0.9374634264300207,1.0,0.9548387096774195
hjdb/hjdb_Flammable/track.npy,hjdb,1.0,1.0,1.0,1.0,0.9810404076143513,0.9758196574799667,1.0,1.0
hjdb/hjdb_Flammable_(Tango_Remix)/track.npy,hjdb,0.9938650306748467,0.975609756097561,0.9938650306748467,0.975609756097561,0.9652630441170553,0.9660885756045715,0.9969230769230769,0.9876543209876543
hjdb/hjdb_Gangsta/track.npy,hjdb,0.9876543209876543,1.0,0.9876543209876543,1.0,0.9612330600717802,0.9756371720016241,0.9937888198757764,1.0
hjdb/hjdb_Hands_Of_Time/track.npy,hjdb,1.0,1.0,1.0,1.0,0.9821585779795048,0.9821560219720644,1.0,1.0
hjdb/hjdb_Hold_it_Down/track.npy,hjdb,0.888030888030888,0.9682539682539683,0.888030888030888,0.9682539682539683,0.9024325041379297,0.9273534452613175,0.9582504970178927,0.9677419354838709
hjdb/hjdb_Into_Da_Future_(Massive_Mix)/track.npy,hjdb,1.0,1.0,1.0,1.0,0.9825372784705224,0.9768594083675047,1.0,1.0
hjdb/hjdb_Jeopardy_(DJ_Spice_Mix)/track.npy,hjdb,1.0,1.0,1.0,1.0,0.9650259096269963,0.9624840138159176,1.0,1.0
hjdb/hjdb_Jump_Mk_II/track.npy,hjdb,0.990909090909091,0.9642857142857143,0.990909090909091,0.9642857142857143,0.9658108782465502,0.9563964922759403,0.995433789954338,0.9818181818181818
hjdb/hjdb_Just_A_Dream/track.npy,hjdb,0.9848484848484849,0.9705882352941176,0.9848484848484849,0.9705882352941176,0.9010273662912933,0.9093303656642732,0.9924242424242424,0.9850746268656716
hjdb/hjdb_Moments_So_Dark/track.npy,hjdb,1.0,1.0,1.0,1.0,0.9756820377878381,0.9710712587590922,1.0,1.0
hjdb/hjdb_Project_1_(Remix)/track.npy,hjdb,0.990909090909091,1.0,0.990909090909091,1.0,0.9757408648699489,0.9817733705939553,0.995433789954338,1.0
hjdb/hjdb_Skanka/track.npy,hjdb,0.543859649122807,0.46153846153846156,0.1724137931034483,0.07142857142857142,0.44402752269439794,0.23749140895974072,0.26548672566371684,0.23999999999999996
hjdb/hjdb_Stay_Calm_(Foul_Play_Remix)/track.npy,hjdb,1.0,1.0,1.0,1.0,0.9804522702908753,0.9820426537417728,1.0,1.0
hjdb/hjdb_Sub_Dub/track.npy,hjdb,1.0,1.0,1.0,1.0,0.9823517329950645,0.9885298556999613,1.0,1.0
hjdb/hjdb_Take_Me_To_The_Top/track.npy,hjdb,1.0,1.0,1.0,1.0,0.9489423855762482,0.9540640942087588,1.0,1.0
hjdb/hjdb_The_Deep/track.npy,hjdb,1.0,1.0,1.0,1.0,0.9755996919660673,0.9732403440808689,1.0,1.0
hjdb/hjdb_The_Element_(Highnoon)/track.npy,hjdb,1.0,1.0,1.0,1.0,0.9632699043717601,0.9658523974311367,1.0,1.0
hjdb/hjdb_This_Is_A_Trip/track.npy,hjdb,0.9310344827586207,0.9333333333333333,0.9310344827586207,0.9333333333333333,0.9370355054328212,0.9275329996741334,0.9694323144104803,0.9655172413793104
hjdb/hjdb_Warpdrive/track.npy,hjdb,0.9911504424778761,0.3684210526315789,0.9911504424778761,0.14285714285714285,0.9766823535977469,0.2091927708657176,0.9955555555555555,0.2127659574468085
jaah/jaah_005-duke_ellington_and_his_orchestra-black_and_tan_fantasy/track.npy,jaah,0.691566265060241,0.801980198019802,0.691566265060241,0.801980198019802,0.8286446849569592,0.8137758035824187,0.9086161879895561,0.8936170212765958
jaah/jaah_013-the_benny_goodman_trio-body_and_soul/track.npy,jaah,0.9808306709265175,0.8717948717948718,0.9808306709265175,0.8717948717948718,0.9375801967445121,0.9038212462533548,0.9840255591054313,0.9419354838709677
jaah/jaah_014-coleman_hawkins_and_his_orchestra-body_and_soul/track.npy,jaah,0.9166666666666666,0.5774647887323944,0.9166666666666666,0.5774647887323944,0.7784014408431358,0.5824701444312262,0.9557195571955719,0.6811594202898551
jaah/jaah_015-miles_davis_nonet-boplicity/track.npy,jaah,0.9870466321243523,0.7604166666666666,0.9870466321243523,0.7604166666666666,0.8597997453412402,0.7045108992457333,0.9869791666666666,0.8167539267015708
jaah/jaah_028-king_olivers_creole_jazz_band-dippermouth_blues/track.npy,jaah,0.9910112359550561,0.9636363636363636,0.9910112359550561,0.9636363636363636,0.9001174977970257,0.8891200755873462,0.9954853273137697,0.9771689497716896
jaah/jaah_029-the_modern_jazz_quartet-django/track.npy,jaah,0.9375,0.6744186046511628,0.9375,0.6744186046511628,0.7986143847137228,0.5548988422412132,0.966275659824047,0.7138643067846607
jaah/jaah_041-jelly_roll_mortons_red_hot_peppers-grandpas_spells/track.npy,jaah,0.9931506849315068,0.9863013698630136,0.9931506849315068,0.9863013698630136,0.9742251711595317,0.9753375497031986,0.9982847341337907,0.9965635738831615
jaah/jaah_049-the_chocolate_dandies-i_cant_believe_that_youre_in_love_with_me/track.npy,jaah,0.9931818181818182,0.8995433789954338,0.9931818181818182,0.8995433789954338,0.9723883398853872,0.9347881913038406,0.9982944855031267,0.9557109557109558
jaah/jaah_060-tadd_dameron_sextet-lady_bird/track.npy,jaah,0.8739495798319328,1.0,0.8739495798319328,1.0,0.6586373539703868,0.6139951341929358,0.9453781512605042,0.9327731092436976
jaah/jaah_071-art_blakey_the_jazz_messengers-moanin/track.npy,jaah,0.95004095004095,0.7911392405063291,0.95004095004095,0.7911392405063291,0.8404433010765128,0.7576227122764905,0.9771499792272539,0.8907014681892333
jaah/jaah_080-charlie_parker_allstars-parkers_mood/track.npy,jaah,0.9417040358744395,0.44642857142857145,0.9417040358744395,0.44642857142857145,0.8062560916946255,0.5541435251009023,0.9070294784580498,0.6306306306306306
jaah/jaah_093-miles_davis_gil_evans-summertime/track.npy,jaah,0.981651376146789,0.9759036144578314,0.981651376146789,0.9759036144578314,0.7376868295779092,0.7219407574827362,0.9601226993865032,0.9696969696969697
jaah/jaah_099-horace_silver_the_jazz_messengers-the_preacher/track.npy,jaah,0.9960526315789474,0.9109947643979057,0.9960526315789474,0.9109947643979057,0.9719407142299381,0.9369107761365811,0.998022412656559,0.963157894736842
jaah/jaah_107-louis_armstrong_and_his_hot_five-west_end_blues/track.npy,jaah,0.7491525423728813,0.7702702702702703,0.7491525423728813,0.7702702702702703,0.6893704102014465,0.6956915706418967,0.8460111317254174,0.8444444444444444
rwc/rwc_classical_CD3_02/track.npy,rwc_classical,0.9055036344755971,0.8371212121212122,0.9055036344755971,0.8371212121212122,0.8196655498317208,0.796062011818078,0.9457768508863399,0.9133858267716536
rwc/rwc_classical_CD3_05/track.npy,rwc_classical,0.6073059360730594,0.927536231884058,0.23034330011074197,0.927536231884058,0.6791533929029637,0.7972987600335444,0.7305306685044797,0.9381818181818182
rwc/rwc_classical_CD4_04/track.npy,rwc_classical,0.5758513931888545,0.5378787878787878,0.5758513931888545,0.5378787878787878,0.7508166056001733,0.6195095539018017,0.8689655172413793,0.7153846153846154
rwc/rwc_classical_CD5_10/track.npy,rwc_classical,0.9736842105263158,0.974025974025974,0.9736842105263158,0.974025974025974,0.8747491931945045,0.9616858771433928,0.9605263157894737,0.9934640522875817
rwc/rwc_classical_CD6_03/track.npy,rwc_classical,0.17369727047146402,0.13,0.17369727047146402,0.12935323383084577,0.2553152161453029,0.24960911671697605,0.3375796178343949,0.32608695652173914
rwc/rwc_classical_CD6_06/track.npy,rwc_classical,0.3333333333333333,0.2857142857142857,0.3333333333333333,0.2857142857142857,0.35066377705337415,0.180688579023809,0.4823848238482385,0.3333333333333333
rwc/rwc_classical_CD6_07/track.npy,rwc_classical,0.8106508875739645,0.8679245283018868,0.8106508875739645,0.03773584905660377,0.3875546585744838,0.2606297324838278,0.5896656534954408,0.3499999999999999
rwc/rwc_classical_CD6_09/track.npy,rwc_classical,0.6428571428571429,0.5,0.1881720430107527,0.0,0.555403313063117,0.508723340794544,0.7315436241610739,0.5354330708661417
rwc/rwc_jazz_CD2_06/track.npy,rwc_jazz,0.9274725274725275,0.801762114537445,0.9274725274725275,0.801762114537445,0.8060056450672796,0.7687760210932802,0.9350935093509352,0.9036697247706422
rwc/rwc_jazz_CD3_03/track.npy,rwc_jazz,0.5728155339805825,0.9836065573770492,0.5728155339805825,0.9836065573770492,0.7755609800022009,0.8646459717426707,0.8727272727272727,0.9834710743801653
rwc/rwc_jazz_CD3_04/track.npy,rwc_jazz,0.9810725552050473,0.9811320754716981,0.9810725552050473,0.9811320754716981,0.9041766143541737,0.888703161398933,0.9840764331210191,0.9777777777777779
rwc/rwc_jazz_CD4_01/track.npy,rwc_jazz,0.9636752136752137,1.0,0.9636752136752137,1.0,0.793394622958051,0.8021636228295155,0.9551282051282052,0.9551282051282052
rwc/rwc_jazz_CD4_09/track.npy,rwc_jazz,0.10638297872340426,0.13157894736842105,0.0364741641337386,0.012987012987012988,0.2032411078075767,0.0690682247605624,0.1991701244813278,0.07142857142857144
rwc/rwc_jazz_CD4_10/track.npy,rwc_jazz,0.9865168539325843,0.7931034482758621,0.9865168539325843,0.7931034482758621,0.9104912686853309,0.7900184248537627,0.9932279909706546,0.8634361233480176
rwc/rwc_popular_CD1_03/track.npy,rwc_popular,0.9849397590361446,0.9879518072289156,0.9849397590361446,0.9879518072289156,0.961342446044689,0.9560134493540874,0.992412746585736,0.993939393939394
rwc/rwc_popular_CD1_16/track.npy,rwc_popular,0.9942418426103646,1.0,0.9942418426103646,1.0,0.9769897126121395,0.9773953491004216,0.9961538461538462,1.0
rwc/rwc_popular_CD3_11/track.npy,rwc_popular,0.3031055900621118,0.6104651162790697,0.3031055900621118,0.6104651162790697,0.5710718701310912,0.5690792886395167,0.7603305785123968,0.7354838709677418
rwc/rwc_popular_CD3_15/track.npy,rwc_popular,0.9967213114754099,1.0,0.9967213114754099,1.0,0.928426814728365,0.9320008389139847,0.9983579638752053,1.0
rwc/rwc_popular_CD4_15/track.npy,rwc_popular,0.9899396378269618,0.9919354838709677,0.9899396378269618,0.9919354838709677,0.9555502130138592,0.9406248344965477,0.994954591321897,0.9959514170040485
rwc/rwc_popular_CD5_01/track.npy,rwc_popular,0.9681978798586572,0.9577464788732394,0.9681978798586572,0.9577464788732394,0.9005882467628902,0.9418740198201365,0.9766606822262118,0.9787234042553192
rwc/rwc_popular_CD5_02/track.npy,rwc_popular,0.9948717948717949,0.93,0.9948717948717949,0.93,0.954548087582237,0.9435656480418041,0.9974358974358974,0.9746192893401014
rwc/rwc_popular_CD5_13/track.npy,rwc_popular,0.9311926605504587,0.926605504587156,0.9311926605504587,0.926605504587156,0.814118282596596,0.8184592785011124,0.9650349650349651,0.957345971563981
rwc/rwc_popular_CD6_05/track.npy,rwc_popular,0.9953271028037384,0.99375,0.0,0.0,0.8089327784484037,0.8052196811765193,0.6652806652806652,0.6666666666666666
rwc/rwc_popular_CD6_07/track.npy,rwc_popular,0.9853658536585366,0.9807692307692307,0.9853658536585366,0.9807692307692307,0.9406447220687153,0.9399831829252961,0.988984088127295,0.9805825242718447
rwc/rwc_popular_CD7_02/track.npy,rwc_popular,0.9957805907172996,1.0,0.9957805907172996,1.0,0.9748791642760853,0.9769969197955195,0.9978858350951374,1.0
rwc/rwc_popular_CD7_07/track.npy,rwc_popular,0.9164490861618799,0.9292929292929293,0.9164490861618799,0.9292929292929293,0.9435544274322011,0.9337360847237045,0.9773635153129162,0.9633507853403142
rwc/rwc_popular_CD7_10/track.npy,rwc_popular,0.9946524064171123,1.0,0.9946524064171123,1.0,0.9138892471131752,0.9005025929215009,0.9959839357429718,0.9893617021276596
rwc/rwc_royalty-free_CD1_12/track.npy,rwc_royalty-free,0.6919060052219321,0.5263157894736842,0.6919060052219321,0.5263157894736842,0.7185133478135516,0.6088765243507144,0.9217877094972067,0.8571428571428571
simac/simac_A_vida_me_fez_assim_02-Viver/track.npy,simac,0.8275862068965517,0.0,0.8275862068965517,0.0,0.8356798194357338,0.0,0.9056603773584906,0.0
simac/simac_Alfagamabetizado_03-Covered_Saints/track.npy,simac,0.8636363636363636,0.0,0.8636363636363636,0.0,0.9004643739782919,0.0,0.9268292682926829,0.0
simac/simac_Alfagamabetizado_11-Quixabeira/track.npy,simac,0.868421052631579,0.0,0.868421052631579,0.0,0.757992816752008,0.0,0.9295774647887324,0.0
simac/simac_Alfagamabetizado_13-Mares_de_Ti/track.npy,simac,0.9047619047619048,0.0,0.9047619047619048,0.0,0.911794401397829,0.0,0.9500000000000001,0.0
simac/simac_Alfagamabetizado_14-Zanza/track.npy,simac,0.88,0.0,0.88,0.0,0.9080913671222453,0.0,0.9361702127659575,0.0
simac/simac_Alfagamabetizado_15-A_Namorada/track.npy,simac,0.96875,0.0,0.96875,0.0,0.9444436368203684,0.0,0.9841269841269841,0.0
simac/simac_As_Time_Goes_By_02-manhattan/track.npy,simac,0.7666666666666667,0.0,0.7666666666666667,0.0,0.6831694325969093,0.0,0.8679245283018869,0.0
simac/simac_As_Time_Goes_By_09-this_funny_world/track.npy,simac,0.6428571428571429,0.0,0.6428571428571429,0.0,0.7095308427598737,0.0,0.782608695652174,0.0
simac/simac_As_Time_Goes_By_11-spring_is_here/track.npy,simac,0.8095238095238095,0.0,0.8095238095238095,0.0,0.603340004148909,0.0,0.7894736842105262,0.0
simac/simac_As_time_goes_by_disk_2_01-The_lady_is_a_tramp/track.npy,simac,0.3125,0.0,0.3125,0.0,0.578600306316441,0.0,0.64,0.0
simac/simac_As_time_goes_by_disk_2_06-You_took_advantage_on_me/track.npy,simac,0.8823529411764706,0.0,0.8823529411764706,0.0,0.8423853460807611,0.0,0.9375,0.0
simac/simac_As_time_goes_by_disk_3_02-I_wish_I_were_in_love_again/track.npy,simac,0.7021276595744681,0.0,0.0,0.0,0.5675703097269609,0.0,0.5230769230769231,0.0
simac/simac_Bach_The_Well-Tempered_Clavier_II_(Disc_1)_15-Prelude_and_Fugue_No._8_in_D-sharp_minor_BWV_877_-_1._Praeludium/track.npy,simac,0.8888888888888888,0.0,0.8888888888888888,0.0,0.9238424607846317,0.0,0.9411764705882353,0.0
simac/simac_Bach_The_Well-Tempered_Clavier_II_(Disc_2)_01-Prelude_and_Fugue_No._13_F-sharp_major_BWV_882_-_1._Praeludium/track.npy,simac,0.896551724137931,0.0,0.896551724137931,0.0,0.8797271167488684,0.0,0.9454545454545454,0.0
simac/simac_Bach_The_Well-Tempered_Clavier_II_(Disc_2)_02-Prelude_and_Fugue_No._13_F-sharp_major_BWV_882_-_2._Fuga/track.npy,simac,0.5806451612903226,0.0,0.5806451612903226,0.0,0.8054245028420574,0.0,0.8214285714285714,0.0
simac/simac_Bach_The_Well-Tempered_Clavier_II_(Disc_2)_15-Prelude_and_Fugue_No._20_A_minor_BWV_889_-_1._Praeludium/track.npy,simac,0.8125,0.0,0.10344827586206896,0.0,0.7615762011714743,0.0,0.7111111111111111,0.0
simac/simac_Bach_The_Well-Tempered_Clavier_II_(Disc_2)_18-Prelude_and_Fugue_No._21_B-flat_major_BWV_890_-_2._Fuga/track.npy,simac,0.9130434782608695,0.0,0.0,0.0,0.7702403916275262,0.0,0.6461538461538461,0.0
simac/simac_Bach_The_Well-Tempered_Clavier_II_(Disc_2)_22-Prelude_and_Fugue_No._23_B_major_BWV_892_-_2._Fuga/track.npy,simac,0.875,0.0,0.875,0.0,0.9116704245867194,0.0,0.9333333333333333,0.0
simac/simac_Beethoven_-_The_String_Quartets_#1_03-F_major_op._18_no._1_-_Scherzo._Allegro_molto/track.npy,simac,0.5555555555555556,0.0,0.5555555555555556,0.0,0.6756185886254586,0.0,0.7169811320754716,0.0
simac/simac_Beethoven_-_The_String_Quartets_#1_12-D_major_op._18_no._3_-_Presto/track.npy,simac,0.5925925925925926,0.0,0.5925925925925926,0.0,0.5769638937831642,0.0,0.782608695652174,0.0
simac/simac_Beethoven_The_String_Quartets_-_CD_3_01-String_Quartet_No_7_Op_59_No_1_-_I_Allegro/track.npy,simac,0.7083333333333334,0.0,0.7083333333333334,0.0,0.69789513009489,0.0,0.8837209302325582,0.0
simac/simac_Bernstein_conducts_Stravinsky_04-Spring_round_dances/track.npy,simac,0.43478260869565216,0.0,0.43478260869565216,0.0,0.43723900719012976,0.0,0.6315789473684211,0.0
simac/simac_Bernstein_conducts_Stravinsky_16-Legerdemain_scene-_Russian_danse/track.npy,simac,0.3684210526315789,0.0,0.3684210526315789,0.0,0.5680652068572434,0.0,0.6857142857142857,0.0
simac/simac_Classic_Pergolesi_-_Stabat_Mater_01/track.npy,simac,0.7777777777777778,0.0,0.0,0.0,0.48244706978125534,0.0,0.4736842105263157,0.0
simac/simac_Concert_06-2._Allegro/track.npy,simac,0.9117647058823529,0.0,0.9117647058823529,0.0,0.90713509948758,0.0,0.9538461538461539,0.0
simac/simac_Concert_12-4._Allegro/track.npy,simac,0.8333333333333334,0.0,0.0,0.0,0.6460987818606312,0.0,0.5833333333333334,0.0
simac/simac_Concert_13-Concero_en_Sol_Mineur_pour_flute_a_bec_violons_et_basse_continue._Allegro/track.npy,simac,0.7428571428571429,0.0,0.7428571428571429,0.0,0.7934141174221426,0.0,0.8524590163934427,0.0
simac/simac_Concert_22-2._Allegro/track.npy,simac,0.8717948717948718,0.0,0.8717948717948718,0.0,0.8887442395391348,0.0,0.9315068493150686,0.0
simac/simac_DGG_419_047-2_06-Fantasie_u._Fuge_g-moll_BWV_542_-_II_Fuge/track.npy,simac,0.8888888888888888,0.0,0.0,0.0,0.39459572672556376,0.0,0.0,0.0
simac/simac_Ella_&_Louis_01-Its_Only_A_Paper_Moon/track.npy,simac,0.7692307692307693,0.0,0.7692307692307693,0.0,0.812640039274842,0.0,0.8695652173913044,0.0
simac/simac_Eventail_05-Fandango/track.npy,simac,0.5,0.0,0.0,0.0,0.533525171261236,0.0,0.4347826086956521,0.0
simac/simac_Fado_03-AudioTrack_03/track.npy,simac,0.8620689655172413,0.0,0.0,0.0,0.6184613131354401,0.0,0.6190476190476191,0.0
simac/simac_Fado_07-AudioTrack_07/track.npy,simac,0.7727272727272727,0.0,0.7727272727272727,0.0,0.5367863322563596,0.0,0.717948717948718,0.0
simac/simac_Family_Tree_-_Greatest_Hits_As_Chosen_By_Bjork_08-All_Is_Full_Of_Love/track.npy,simac,0.95,0.0,0.95,0.0,0.944380516701261,0.0,0.9743589743589743,0.0
simac/simac_Family_Tree_-_Greatest_Hits_As_Chosen_By_Bjork_10-I_ve_Seen_It_All/track.npy,simac,0.6666666666666666,0.0,0.6666666666666666,0.0,0.6796618251966033,0.0,0.8,0.0
simac/simac_Family_Tree_-_Greatest_Hits_As_Chosen_By_Bjork_12-It_s_Not_Up_To_You/track.npy,simac,0.8,0.0,0.8,0.0,0.8424947454081648,0.0,0.888888888888889,0.0
simac/simac_Gold_-_Greatest_Hits_11-Chiquitita/track.npy,simac,0.7586206896551724,0.0,0.7586206896551724,0.0,0.6382118030621133,0.0,0.7843137254901961,0.0
simac/simac_Gold_-_Greatest_Hits_19-Waterloo/track.npy,simac,0.9487179487179487,0.0,0.9487179487179487,0.0,0.9370106075739425,0.0,0.9736842105263158,0.0
simac/simac_Kocani_Orkester_Trubaci_-_Nikol/track.npy,simac,0.9,0.0,0.9,0.0,0.9053685536804037,0.0,0.9473684210526316,0.0
simac/simac_Ludwid_van_Beethoven_10-VI._Adagio_quasi_un_poco_andante_-_attacca/track.npy,simac,0.6428571428571429,0.0,0.0,0.0,0.17725984390349528,0.0,0.22857142857142854,0.0
simac/simac_Niandra_LaDes_and_Usually_Just_a_T-Shirt_11-Blood_on_My_Neck_From_Success/track.npy,simac,0.48,0.0,0.48,0.0,0.7357029816829447,0.0,0.8372093023255813,0.0
simac/simac_Niandra_LaDes_and_Usually_Just_a_T-Shirt_20-Usually_Just_a_T-Shirt_Untitled_8/track.npy,simac,0.7804878048780488,0.0,0.7804878048780488,0.0,0.7550925575335571,0.0,0.9066666666666667,0.0
simac/simac_Papakonstantinou_04-AudioTrack_04/track.npy,simac,0.9411764705882353,0.0,0.9411764705882353,0.0,0.831053285198865,0.0,0.9696969696969697,0.0
simac/simac_Primer_Aliento_02-Nuclear_si_por_supuesto_/track.npy,simac,0.7391304347826086,0.0,0.7391304347826086,0.0,0.9116430701229631,0.0,0.9302325581395349,0.0
simac/simac_Primer_Aliento_10-Ondina/track.npy,simac,1.0,0.0,1.0,0.0,0.9196570385654323,0.0,1.0,0.0
simac/simac_Primer_Aliento_15-El_laberinto_del_nuevo_Minotauro/track.npy,simac,0.8275862068965517,0.0,0.8275862068965517,0.0,0.8682388069607702,0.0,0.9056603773584906,0.0
simac/simac_R.A.F.I_05-Free_Satpal_Ram/track.npy,simac,0.9285714285714286,0.0,0.9285714285714286,0.0,0.9480671737107228,0.0,0.962962962962963,0.0
simac/simac_R.A.F.I_12-Culture_Move/track.npy,simac,0.9024390243902439,0.0,0.04878048780487805,0.0,0.7988087783460087,0.0,0.6774193548387097,0.0
simac/simac_Samba_na_Madrugada_03-14_Anos/track.npy,simac,0.8888888888888888,0.0,0.8888888888888888,0.0,0.8865204131483762,0.0,0.9411764705882353,0.0
simac/simac_Selling_England_By_The_Pound_01-Dancing_with_the_Moonlit_Knight/track.npy,simac,0.6785714285714286,0.0,0.6785714285714286,0.0,0.6822293502557955,0.0,0.7234042553191489,0.0
simac/simac_So_Cartola_02-Alvorada_Ao_Amanhecer/track.npy,simac,0.8888888888888888,0.0,0.8888888888888888,0.0,0.8558425146575881,0.0,0.9411764705882353,0.0
simac/simac_So_Cartola_13-Velho_Estacio/track.npy,simac,0.6071428571428571,0.0,0.14285714285714285,0.0,0.3721997972870952,0.0,0.1851851851851852,0.0
simac/simac_So_Cartola_14-Ciume_Doentio/track.npy,simac,0.8571428571428571,0.0,0.8571428571428571,0.0,0.7589111727904314,0.0,0.923076923076923,0.0
simac/simac_Tales_Of_Mystery_And_Imagination_07-The_Fall_Of_The_House_Of_Usher_II_Arrival/track.npy,simac,0.9,0.0,0.9,0.0,0.9048796965421003,0.0,0.9473684210526316,0.0
simac/simac_The_Crackdown_07-Why_Kill_Time_When_You_Can_Kill_Yourself_/track.npy,simac,0.9487179487179487,0.0,0.0,0.0,0.7900796857010014,0.0,0.6551724137931034,0.0
simac/simac_The_Crackdown_08-Haiti/track.npy,simac,0.84,0.0,0.84,0.0,0.8724286004074868,0.0,0.9130434782608696,0.0
simac/simac_Tomatito_Tomatito-05.A_mi_tao_El_Nino_Miguel/track.npy,simac,0.3902439024390244,0.0,0.3902439024390244,0.0,0.4248897139074192,0.0,0.4383561643835617,0.0
simac/simac_VOL.3_Musiques_pour_guitare_et_violoncelle_01-M._Baumann_Duo_pour_guitare_et_violoncelle_op.62_-_1._Prelude_(Lento_rubato)/track.npy,simac,0.8,0.0,0.8,0.0,0.7277325169614869,0.0,0.8947368421052632,0.0
simac/simac_Xatzidakis_01-AudioTrack_01/track.npy,simac,0.75,0.0,0.75,0.0,0.636435195391714,0.0,0.830188679245283,0.0
simac/simac_Xatzidakis_03-AudioTrack_03/track.npy,simac,0.875,0.0,0.875,0.0,0.7551831737733282,0.0,0.9333333333333333,0.0
simac/simac_Xatzidakis_15-AudioTrack_15/track.npy,simac,0.7878787878787878,0.0,0.7878787878787878,0.0,0.7139378607298464,0.0,0.8813559322033898,0.0
simac/simac_greek_Asteriadi_-_Mia_giorti/track.npy,simac,0.4,0.0,0.4,0.0,0.49309191368475797,0.0,0.5789473684210527,0.0
simac/simac_greek_Gkoles_-_Zwi_mou_farmakw8ikes/track.npy,simac,0.8571428571428571,0.0,0.8571428571428571,0.0,0.7713469981579811,0.0,0.923076923076923,0.0
simac/simac_greek_To_pasoumi_-_Smyrni/track.npy,simac,0.7692307692307693,0.0,0.7692307692307693,0.0,0.735446493611651,0.0,0.8695652173913044,0.0
simac/simac_more_greek_Gkoles_-_H_tsigkouna/track.npy,simac,0.78125,0.0,0.78125,0.0,0.8322440187091191,0.0,0.8771929824561403,0.0
simac/simac_more_greek_Gkoles_-_Keravnoi_ki_astropelekia/track.npy,simac,0.8571428571428571,0.0,0.8571428571428571,0.0,0.8866190125076562,0.0,0.923076923076923,0.0
simac/simac_more_greek_Gkoles_-_Ksaveriwtissa/track.npy,simac,0.8275862068965517,0.0,0.8275862068965517,0.0,0.7718563897918616,0.0,0.9056603773584906,0.0
simac/simac_more_greek_Gkoles_-_Rimakse_to_spitiko_mas/track.npy,simac,0.9047619047619048,0.0,0.9047619047619048,0.0,0.8297271155278734,0.0,0.9500000000000001,0.0
simac/simac_more_greek_Glykeria_-_Odos_Aristotelous/track.npy,simac,0.7586206896551724,0.0,0.7586206896551724,0.0,0.7365857740839913,0.0,0.8627450980392156,0.0
simac/simac_more_greek_Marinella_-_Kane_ligaki_ypomoni/track.npy,simac,0.75,0.0,0.75,0.0,0.6567012858788517,0.0,0.8571428571428571,0.0
simac/simac_more_greek_Mitropanos_-_8essaloniki/track.npy,simac,0.8823529411764706,0.0,0.8823529411764706,0.0,0.8486013624887205,0.0,0.9375,0.0
simac/simac_more_greek_Mitsias_-_Apopse_f8inopwriase/track.npy,simac,0.6818181818181818,0.0,0.6818181818181818,0.0,0.6615367243385738,0.0,0.7567567567567568,0.0
simac/simac_more_greek_Mosxoliou_Gkika_-_Pira_ap_to_xeri_sou_nero/track.npy,simac,0.75,0.0,0.75,0.0,0.7038289429571377,0.0,0.8571428571428571,0.0
simac/simac_more_greek_Mpellou_-_Liga_psixoula_agapis_sou_gyrevw/track.npy,simac,0.5416666666666666,0.0,0.125,0.0,0.535997143318131,0.0,0.5882352941176471,0.0
simac/simac_selected_ambient_works_8592_schottkey_7th_path/track.npy,simac,0.8461538461538461,0.0,0.8461538461538461,0.0,0.8623687383603663,0.0,0.9166666666666666,0.0
smc/smc_001/track.npy,smc,0.875,0.0,0.875,0.0,0.5529394296127728,0.0,0.6333333333333334,0.0
smc/smc_003/track.npy,smc,0.5813953488372093,0.0,0.0,0.0,0.500863804346372,0.0,0.5,0.0
smc/smc_012/track.npy,smc,0.45454545454545453,0.0,0.45454545454545453,0.0,0.38387546509554743,0.0,0.5470085470085471,0.0
smc/smc_019/track.npy,smc,0.5405405405405406,0.0,0.5405405405405406,0.0,0.5021466288881374,0.0,0.7333333333333334,0.0
smc/smc_035/track.npy,smc,0.7857142857142857,0.0,0.7857142857142857,0.0,0.5423984627795304,0.0,0.7631578947368423,0.0
smc/smc_047/track.npy,smc,0.6857142857142857,0.0,0.0392156862745098,0.0,0.4805270938524927,0.0,0.5348837209302325,0.0
smc/smc_048/track.npy,smc,0.5,0.0,0.5,0.0,0.38056499882595973,0.0,0.5000000000000001,0.0
smc/smc_051/track.npy,smc,1.0,0.0,1.0,0.0,0.5640516732053316,0.0,0.7297297297297297,0.0
smc/smc_057/track.npy,smc,0.37142857142857144,0.0,0.37142857142857144,0.0,0.23569768703083432,0.0,0.3728813559322034,0.0
smc/smc_069/track.npy,smc,0.84,0.0,0.84,0.0,0.6755095388657603,0.0,0.836734693877551,0.0
smc/smc_084/track.npy,smc,0.08,0.0,0.08,0.0,0.10829639354304342,0.0,0.14285714285714285,0.0
smc/smc_085/track.npy,smc,0.40384615384615385,0.0,0.40384615384615385,0.0,0.2277254288311351,0.0,0.2619047619047619,0.0
smc/smc_086/track.npy,smc,0.7441860465116279,0.0,0.7441860465116279,0.0,0.7204040011210178,0.0,0.8433734939759036,0.0
smc/smc_096/track.npy,smc,0.9393939393939394,0.0,0.9393939393939394,0.0,0.7081950539055727,0.0,0.9531249999999999,0.0
smc/smc_113/track.npy,smc,0.0,0.0,0.0,0.0,0.3932375046670278,0.0,0.5238095238095238,0.0
smc/smc_143/track.npy,smc,0.8301886792452831,0.0,0.8301886792452831,0.0,0.43356913986610784,0.0,0.5904761904761905,0.0
smc/smc_178/track.npy,smc,0.84,0.0,0.84,0.0,0.5305829490898063,0.0,0.6956521739130435,0.0
smc/smc_199/track.npy,smc,0.22033898305084745,0.0,0.22033898305084745,0.0,0.264688413050462,0.0,0.30303030303030304,0.0
smc/smc_202/track.npy,smc,0.09375,0.0,0.09375,0.0,0.09969312079434718,0.0,0.14035087719298245,0.0
smc/smc_213/track.npy,smc,0.5897435897435898,0.0,0.5897435897435898,0.0,0.3918605061109291,0.0,0.49350649350649345,0.0
smc/smc_223/track.npy,smc,0.40816326530612246,0.0,0.40816326530612246,0.0,0.5393200403606238,0.0,0.6829268292682927,0.0
smc/smc_232/track.npy,smc,0.546875,0.0,0.546875,0.0,0.5204813126121511,0.0,0.7241379310344829,0.0
smc/smc_244/track.npy,smc,0.3333333333333333,0.0,0.0,0.0,0.19298747789844858,0.0,0.24761904761904763,0.0
smc/smc_252/track.npy,smc,1.0,0.0,1.0,0.0,0.6833352673048028,0.0,0.9074074074074074,0.0
smc/smc_255/track.npy,smc,0.5217391304347826,0.0,0.5217391304347826,0.0,0.6792593087240282,0.0,0.746987951807229,0.0
smc/smc_264/track.npy,smc,0.5862068965517241,0.0,0.0,0.0,0.36139322608952695,0.0,0.46511627906976755,0.0
smc/smc_283/track.npy,smc,1.0,0.0,1.0,0.0,0.8928154642107939,0.0,1.0,0.0
tapcorrect/006_youtube_I3gHugP6bPE/track.npy,tapcorrect,0.9865771812080537,0.4429530201342282,0.9865771812080537,0.4429530201342282,0.9264968084059031,0.8057112891387879,0.9854423292273236,0.8404669260700389
tapcorrect/010_youtube_80tX5MLX8QY/track.npy,tapcorrect,0.9974683544303797,0.98,0.9974683544303797,0.98,0.9338100135558276,0.9257334199963713,0.9949367088607595,0.9849246231155778
tapcorrect/012_youtube_Va0vs1fhhNI/track.npy,tapcorrect,0.9908466819221968,0.9907407407407407,0.0,0.0,0.8094382740092267,0.8088417138280577,0.6656441717791411,0.6666666666666666
tapcorrect/030_youtube_U8EDgciZZFc/track.npy,tapcorrect,0.7772020725388601,0.762589928057554,0.7772020725388601,0.762589928057554,0.7837505625453673,0.785104566574084,0.8241563055062167,0.8260869565217392
tapcorrect/037_youtube_VYCOg-yglNM/track.npy,tapcorrect,0.9808917197452229,0.7142857142857143,0.9808917197452229,0.7142857142857143,0.9560477896423375,0.8931969690908823,0.9920127795527156,0.9183673469387754
tapcorrect/042_youtube_uBMtdaRhDMY/track.npy,tapcorrect,0.9921875,0.6956521739130435,0.9921875,0.6956521739130435,0.9525240598201534,0.827727330193742,0.9980430528375733,0.8571428571428571
tapcorrect/049_youtube_rSktfVJc_IM/track.npy,tapcorrect,0.9946380697050938,1.0,0.9946380697050938,1.0,0.9535366642414187,0.944724923080615,0.9973118279569892,1.0
tapcorrect/055_youtube_LzLt9X4hoIE/track.npy,tapcorrect,0.8516483516483516,0.8888888888888888,0.8516483516483516,0.8888888888888888,0.8756204571117551,0.9032753081535104,0.9142053445850914,0.9265536723163842
tapcorrect/066_youtube_H4BB9eGUEaE/track.npy,tapcorrect,0.9930795847750865,0.7702702702702703,0.9930795847750865,0.7702702702702703,0.9697625938659349,0.821741829335995,0.9982668977469671,0.8413793103448276
tapcorrect/074_youtube_aBqT2qWxDL8/track.npy,tapcorrect,0.6408450704225352,0.8037383177570093,0.6408450704225352,0.8037383177570093,0.7328558650051354,0.7472194597203035,0.8914728682170543,0.8969072164948454
tapcorrect/085_youtube_KEl7WjfbnSA/track.npy,tapcorrect,0.9651162790697675,0.8448275862068966,0.9651162790697675,0.8448275862068966,0.8734572879889323,0.866829673699293,0.9795918367346939,0.9464285714285714
tapcorrect/093_youtube_C1lbOgBtE3w/track.npy,tapcorrect,0.9857482185273159,0.8214285714285714,0.9857482185273159,0.8214285714285714,0.9288828657615645,0.8849563349607441,0.9808612440191388,0.9259259259259259
tapcorrect/098_youtube_MsduHmjQlgI/track.npy,tapcorrect,0.9662447257383966,0.7966101694915254,0.9662447257383966,0.7966101694915254,0.9477553595344974,0.8114516314623856,0.9798515376458111,0.8326180257510729
asap/Bach_Fugue_bwv_865_Teo01M/track.npy,asap,0.9478260869565217,0.48520710059171596,0.9478260869565217,0.203125,0.9393573064798756,0.70259874139222,0.9649122807017544,0.647887323943662
asap/Bach_Fugue_bwv_865_ZhangE01M/track.npy,asap,0.9565217391304348,0.6390532544378699,0.9565217391304348,0.05,0.9591463570311772,0.6938369284800439,0.9824561403508772,0.6133333333333334
asap/Bach_Fugue_bwv_874_BianF01/track.npy,asap,0.3787878787878788,0.042105263157894736,0.015151515151515152,0.0,0.04018447422829154,0.00667240280715959,0.026200873362445413,0.0
asap/Bach_Fugue_bwv_874_Kurz01M/track.npy,asap,0.9378238341968912,0.6105263157894737,0.026455026455026454,0.046511627906976744,0.7973400671313418,0.6237282909064739,0.6783216783216783,0.5223880597014925
asap/Bach_Fugue_bwv_874_WongWY01M/track.npy,asap,0.8549222797927462,0.4631578947368421,0.025906735751295335,0.171875,0.7188923361601134,0.6181313712727645,0.6344827586206896,0.6071428571428571
asap/Bach_Fugue_bwv_884_LiA01M/track.npy,asap,0.9082125603864735,0.8484848484848485,0.9082125603864735,0.8484848484848485,0.9325469912106553,0.8791951338019546,0.960591133004926,0.9090909090909091
asap/Bach_Prelude_bwv_846_Shi05M/track.npy,asap,0.42424242424242425,0.5076923076923077,0.42424242424242425,0.2830188679245283,0.4776467291987299,0.392829455824136,0.49230769230769234,0.37209302325581395
asap/Bach_Prelude_bwv_863_LeeN01M/track.npy,asap,0.028037383177570093,0.5185185185185185,0.0,0.5185185185185185,0.5070478162740788,0.7887009201870682,0.5165562913907286,0.8085106382978724
asap/Bach_Prelude_bwv_863_Shychko01M/track.npy,asap,0.0,0.14814814814814814,0.0,0.14814814814814814,0.4103952380513069,0.40738140645090626,0.43537414965986393,0.4444444444444444
asap/Bach_Prelude_bwv_863_TongB01M/track.npy,asap,0.13978494623655913,0.37037037037037035,0.13978494623655913,0.37037037037037035,0.6860138019703924,0.5910197602254365,0.7210884353741497,0.6250000000000001
asap/Bach_Prelude_bwv_873_Lisiecki13M/track.npy,asap,0.02558139534883721,0.01680672268907563,0.020930232558139535,0.0,0.36440775860507696,0.3317760022922945,0.3803278688524591,0.3463687150837989
asap/Beethoven_Piano_Sonatas_18-1_ChenGuang03M/track.npy,asap,0.8184210526315789,0.48,0.8184210526315789,0.48,0.8593129998725687,0.6884579426241182,0.8940397350993378,0.7095435684647304
asap/Beethoven_Piano_Sonatas_18-1_KOLESO06M/track.npy,asap,0.8293333333333334,0.596,0.8293333333333334,0.596,0.8570263782601785,0.7405745347333496,0.9062918340026773,0.7768595041322314
asap/Beethoven_Piano_Sonatas_18-1_LeungR02M/track.npy,asap,0.8262032085561497,0.556,0.8262032085561497,0.556,0.8711656439526975,0.7420501218642926,0.8969283276450511,0.7644628099173553
asap/Beethoven_Piano_Sonatas_18-1_Levitsky05M/track.npy,asap,0.8208168642951251,0.4860557768924303,0.8208168642951251,0.4860557768924303,0.8503078976254992,0.6859569923477725,0.890066225165563,0.7184873949579831
asap/Beethoven_Piano_Sonatas_18-1_ZhangH05M/track.npy,asap,0.8066666666666666,0.336,0.8066666666666666,0.336,0.8637567489826715,0.5907453828358692,0.8978752570253599,0.6214442013129102
asap/Beethoven_Piano_Sonatas_18-4_ChenGuang06M/track.npy,asap,0.8032178217821783,0.2623762376237624,0.8032178217821783,0.2623762376237624,0.8667972851048937,0.6610060561648665,0.89625,0.676737160120846
asap/Beethoven_Piano_Sonatas_18-4_KOLESO06M/track.npy,asap,0.8137847642079806,0.33185840707964603,0.8137847642079806,0.13580246913580246,0.867222531704418,0.6052867811158626,0.902200488997555,0.624405705229794
asap/Beethoven_Piano_Sonatas_24-1_no_2_repeat_Cui06M/track.npy,asap,0.9583333333333334,0.7659574468085106,0.9583333333333334,0.7659574468085106,0.942450205022843,0.8202376296745076,0.9808219178082191,0.8602150537634409
asap/Beethoven_Piano_Sonatas_24-1_no_2_repeat_DeTurck06M/track.npy,asap,0.9709090909090909,0.7666666666666667,0.9709090909090909,0.7666666666666667,0.9468142280058963,0.8837886800690142,0.9871794871794871,0.9198606271777003
asap/Beethoven_Piano_Sonatas_26-3_HONG05M/track.npy,asap,0.821608040201005,0.6858638743455497,0.821608040201005,0.6858638743455497,0.8746484537126186,0.7704574317494023,0.9102564102564102,0.7979002624671916
asap/Beethoven_Piano_Sonatas_26-3_Zhdanov05M/track.npy,asap,0.6081081081081081,0.5653710247349824,0.6081081081081081,0.5653710247349824,0.8025047574632105,0.7510237224596916,0.8336134453781513,0.7779816513761467
asap/Chopin_Etudes_op_10_5_LiA03M/track.npy,asap,0.4230769230769231,0.45,0.4230769230769231,0.45,0.7535069818981218,0.771185405613817,0.7771739130434783,0.7999999999999999
asap/Chopin_Etudes_op_10_5_LiC02M/track.npy,asap,0.46511627906976744,0.4625,0.46511627906976744,0.4625,0.7412344623179213,0.7588237653536603,0.7786666666666666,0.7945205479452054
asap/Chopin_Etudes_op_10_5_ZhangW03M/track.npy,asap,0.37446808510638296,0.5375,0.37446808510638296,0.5375,0.7030103490281446,0.7996900712694992,0.7544303797468356,0.8435374149659864
asap/Chopin_Etudes_op_10_8_KyykhynenT09M/track.npy,asap,0.8196286472148541,0.366120218579235,0.8196286472148541,0.24615384615384617,0.84061805027509,0.5615073795041445,0.8966442953020134,0.6126126126126126
asap/Chopin_Etudes_op_10_8_Lou03M/track.npy,asap,0.7002518891687658,0.42857142857142855,0.7002518891687658,0.42857142857142855,0.7768209828798124,0.5812035350514674,0.8256880733944953,0.6274509803921569
asap/Chopin_Etudes_op_10_8_LuEric03M/track.npy,asap,0.726027397260274,0.6413043478260869,0.726027397260274,0.6413043478260869,0.8112030644240464,0.6285825615146406,0.889818688981869,0.717391304347826
asap/Chopin_Etudes_op_10_8_MiyashitaM05M/track.npy,asap,0.783289817232376,0.826530612244898,0.783289817232376,0.826530612244898,0.8220321883300655,0.7094402584432155,0.8624833110814418,0.7368421052631581
asap/Chopin_Etudes_op_10_8_Rizikov03M/track.npy,asap,0.8473684210526315,0.5978260869565217,0.8473684210526315,0.5978260869565217,0.8765777218718412,0.5436585516769007,0.9115281501340483,0.5681818181818181
asap/Chopin_Etudes_op_10_8_Tetzloff07M/track.npy,asap,0.6994535519125683,0.5978260869565217,0.6994535519125683,0.5978260869565217,0.7861948353535186,0.6331510476633183,0.8543140028288544,0.6703296703296704
asap/Chopin_Etudes_op_10_8_Zhou03M/track.npy,asap,0.8031496062992126,0.782608695652174,0.8031496062992126,0.782608695652174,0.8239424967188224,0.6976550815652469,0.8835341365461847,0.7344632768361581
asap/Chopin_Etudes_op_25_11_Richardson_2013_08M/track.npy,asap,0.9081364829396326,0.9157894736842105,0.9081364829396326,0.9157894736842105,0.8933472785422997,0.9007683830231235,0.9525065963060685,0.9518716577540107
asap/Chopin_Scherzos_20_Kurz04M/track.npy,asap,0.11362412493268713,0.26129032258064516,0.11362412493268713,0.07431340872374798,0.5435573034671002,0.4725725516220075,0.5825027685492802,0.47535596933187285
asap/Chopin_Scherzos_20_Wong04M/track.npy,asap,0.08823529411764706,0.3390804597701149,0.08169934640522876,0.12418300653594772,0.5036006627993597,0.520598193867728,0.5470987189148455,0.525
asap/Chopin_Scherzos_20_ZhangYunling04M/track.npy,asap,0.0895361380798274,0.32038834951456313,0.0895361380798274,0.10032362459546926,0.5127993125739472,0.5286706245594248,0.5433962264150943,0.48943270300333697
asap/Liszt_Ballade_2_GarritsonL04M/track.npy,asap,0.3611357586512866,0.23040380047505937,0.3611357586512866,0.23040380047505937,0.558440783640255,0.4099704862679226,0.6289655172413793,0.454421768707483
asap/Liszt_Ballade_2_Jin07M/track.npy,asap,0.411006018916595,0.3738601823708207,0.411006018916595,0.3738601823708207,0.6105636322329194,0.4617579202095152,0.6558951965065503,0.510108864696734
asap/Liszt_Ballade_2_Min06M/track.npy,asap,0.30195080576759964,0.31043956043956045,0.30195080576759964,0.31043956043956045,0.5480383320415619,0.4682814438016719,0.6001734605377277,0.528023598820059
asap/Rachmaninoff_Preludes_op_23_4_ChenGuang12M/track.npy,asap,0.47619047619047616,0.42528735632183906,0.47619047619047616,0.42528735632183906,0.7068721978930925,0.6028819814536961,0.7463312368972747,0.6543209876543209
asap/Rachmaninoff_Preludes_op_23_4_WuuE07M/track.npy,asap,0.23042505592841164,0.42391304347826086,0.21951219512195122,0.42391304347826086,0.6093447856786681,0.5158935410148684,0.6413043478260869,0.5508982035928144
asap/Schubert_Impromptu_op.90_D.899_1_Duepree08M/track.npy,asap,0.8714810281517748,0.7751196172248804,0.8714810281517748,0.7751196172248804,0.8888582718310919,0.8475070471089549,0.9287469287469288,0.883495145631068
asap/Schubert_Impromptu_op.90_D.899_1_Jin05M/track.npy,asap,0.8051787916152897,0.5738396624472574,0.8051787916152897,0.5738396624472574,0.8822950275741007,0.7822440354986041,0.9173027989821884,0.8181818181818182
asap/Schubert_Impromptu_op.90_D.899_1_Teo06M/track.npy,asap,0.6276202219482121,0.7339901477832512,0.6276202219482121,0.7339901477832512,0.8206393680098769,0.816901438040227,0.8666666666666667,0.8817733990147785
asap/Schubert_Impromptu_op.90_D.899_3_Hou06M/track.npy,asap,0.2753623188405797,0.5748502994011976,0.2753623188405797,0.1417910447761194,0.6467906519951683,0.6454996295143991,0.6788766788766789,0.6788990825688074
asap/Schubert_Impromptu_op.90_D.899_3_JeonH06M/track.npy,asap,0.3341772151898734,0.3431952662721893,0.3341772151898734,0.2734375,0.6238859834320603,0.538652649301244,0.7185792349726776,0.6572769953051643
asap/Schubert_Impromptu_op.90_D.899_3_Ko08M/track.npy,asap,0.5106888361045131,0.5739644970414202,0.5106888361045131,0.20279720279720279,0.6308477974755199,0.5923866996446402,0.7203166226912929,0.6929824561403509
asap/Schubert_Impromptu_op.90_D.899_3_Kociuban10M/track.npy,asap,0.5022288261515602,0.6331360946745562,0.21178637200736647,0.2,0.636698912643871,0.6327355999174564,0.6977272727272728,0.7200000000000001
asap/Schubert_Impromptu_op.90_D.899_3_LeeSH08M/track.npy,asap,0.5036855036855037,0.40828402366863903,0.5036855036855037,0.3178294573643411,0.6831733355229065,0.6664814457235914,0.7553763440860215,0.7196261682242989
asap/Schubert_Impromptu_op.90_D.899_3_Mizumoto07M/track.npy,asap,0.6547619047619048,0.3302752293577982,0.6547619047619048,0.3302752293577982,0.629951320812053,0.4124879044632019,0.7338582677165353,0.538860103626943
asap/Schubert_Impromptu_op.90_D.899_3_Woo10M/track.npy,asap,0.75,0.3469387755102041,0.75,0.3469387755102041,0.7555008892768963,0.6077689795279818,0.8536585365853658,0.6923076923076924
asap/Schubert_Impromptu_op.90_D.899_3_WuuE10M/track.npy,asap,0.49066666666666664,0.44545454545454544,0.49066666666666664,0.44545454545454544,0.5765075264208805,0.3632279450909722,0.6807313642756679,0.5154639175257733
asap/Schubert_Impromptu_op.90_D.899_3_ZhangW07M/track.npy,asap,0.629080118694362,0.35714285714285715,0.629080118694362,0.35714285714285715,0.5834389144618057,0.3462233796756864,0.6957831325301205,0.49746192893401014
asap/Schubert_Impromptu_op.90_D.899_3_ZhaoK10M/track.npy,asap,0.7809239940387481,0.9101796407185628,0.0390625,0.018072289156626505,0.6652111876214202,0.6498481227623742,0.6393442622950819,0.656
asap/Schubert_Moment_musical_no_3_Tetzloff09M/track.npy,asap,0.9459459459459459,0.33783783783783783,0.9459459459459459,0.33783783783783783,0.9278064370494048,0.7224033449589417,0.9727891156462585,0.7619047619047619
asap/Schumann_Arabeske_Min09M/track.npy,asap,0.4662576687116564,0.23265306122448978,0.4662576687116564,0.23265306122448978,0.6534312060833599,0.46458386637094784,0.7326732673267327,0.513715710723192
asap/Schumann_Arabeske_ParkS15M/track.npy,asap,0.5957446808510638,0.2653061224489796,0.5957446808510638,0.2653061224489796,0.6679879222196112,0.49019613181056326,0.76266137040715,0.5376344086021506
ballroom/ballroom_Albums-Ballroom_Classics4-06/track.npy,ballroom,0.9814814814814815,1.0,0.9814814814814815,1.0,0.9215930586998896,0.9644845830118995,0.9906542056074767,1.0
ballroom/ballroom_Albums-Ballroom_Classics4-08/track.npy,ballroom,1.0,1.0,1.0,1.0,0.9319658295855637,0.9320894473236111,1.0,1.0
ballroom/ballroom_Albums-Ballroom_Classics4-14/track.npy,ballroom,0.9863013698630136,1.0,0.9863013698630136,1.0,0.90724127417263,0.9265776839041879,1.0,1.0
ballroom/ballroom_Albums-Ballroom_Magic-02/track.npy,ballroom,1.0,1.0,1.0,1.0,0.9010573950824214,0.9606808664425385,0.9444444444444444,1.0
ballroom/ballroom_Albums-Ballroom_Magic-05/track.npy,ballroom,1.0,1.0,1.0,1.0,0.8223248887653454,0.8691383803039977,1.0,1.0
ballroom/ballroom_Albums-Cafe_Paradiso-01/track.npy,ballroom,1.0,1.0,1.0,1.0,0.9382902865943477,0.947277149316345,1.0,1.0
ballroom/ballroom_Albums-Cafe_Paradiso-10/track.npy,ballroom,0.9512195121951219,0.9090909090909091,0.9512195121951219,0.9090909090909091,0.8840953751396405,0.862095090635734,0.9629629629629629,0.9523809523809523
ballroom/ballroom_Albums-Cafe_Paradiso-14/track.npy,ballroom,1.0,1.0,1.0,1.0,0.9739598121865168,0.9904022381138352,1.0,1.0
ballroom/ballroom_Albums-Chrisanne1-02/track.npy,ballroom,0.9142857142857143,0.8333333333333334,0.9142857142857143,0.8333333333333334,0.9087364761622052,0.9038444883534826,0.9411764705882354,0.9565217391304348
ballroom/ballroom_Albums-Chrisanne2-01/track.npy,ballroom,0.9142857142857143,0.9166666666666666,0.9142857142857143,0.9166666666666666,0.5565237061358447,0.5715241958766637,0.8695652173913043,0.8695652173913043
ballroom/ballroom_Albums-Chrisanne2-11/track.npy,ballroom,0.9880952380952381,0.9523809523809523,0.9880952380952381,0.9523809523809523,0.9159353011220515,0.8794259392224714,0.9940119760479043,0.975609756097561
ballroom/ballroom_Albums-Fire-13/track.npy,ballroom,0.9736842105263158,1.0,0.9736842105263158,1.0,0.9074071127633513,0.9458186918473963,0.9866666666666666,1.0
ballroom/ballroom_Albums-I_Like_It2-01/track.npy,ballroom,1.0,1.0,1.0,1.0,0.9801077846796328,0.9765560866247124,1.0,1.0
ballroom/ballroom_Albums-Latin_Jam-06/track.npy,ballroom,1.0,1.0,1.0,1.0,0.9474539918676341,0.9641216119417806,1.0,1.0
ballroom/ballroom_Albums-Latin_Jam2-01/track.npy,ballroom,0.9767441860465116,1.0,0.9767441860465116,1.0,0.9708552008398273,0.978916775793941,0.988235294117647,1.0
ballroom/ballroom_Albums-Latin_Jam2-03/track.npy,ballroom,0.9772727272727273,0.9090909090909091,0.9772727272727273,0.9090909090909091,0.9610173976603933,0.931896445027571,0.9885057471264368,0.9523809523809523
ballroom/ballroom_Albums-Latin_Jam2-04/track.npy,ballroom,1.0,1.0,1.0,1.0,0.9759274067177008,0.9752163939642099,1.0,1.0
ballroom/ballroom_Albums-Latin_Jam2-09/track.npy,ballroom,1.0,1.0,1.0,1.0,0.9585115122344688,0.9681185294853716,1.0,1.0
ballroom/ballroom_Albums-Latin_Jam3-12/track.npy,ballroom,1.0,1.0,1.0,1.0,0.9871693476767496,0.989562443623787,1.0,1.0
ballroom/ballroom_Albums-Latin_Jam5-01/track.npy,ballroom,1.0,1.0,1.0,1.0,0.9725858849674831,0.9815467783081481,1.0,1.0
ballroom/ballroom_Albums-Latin_Jam5-08/track.npy,ballroom,1.0,1.0,1.0,1.0,0.9779094273473808,0.984168209671186,1.0,1.0
ballroom/ballroom_Albums-Latin_Jam5-12/track.npy,ballroom,1.0,1.0,1.0,1.0,0.9753785438207553,0.9804699064166845,1.0,1.0
ballroom/ballroom_Albums-Latino_Latino-06/track.npy,ballroom,1.0,1.0,1.0,1.0,0.9809385682808668,0.9678011000872394,1.0,1.0
ballroom/ballroom_Albums-Mambo_Kings-10/track.npy,ballroom,1.0,1.0,1.0,1.0,0.9742819603908116,0.9763813988694416,1.0,1.0
ballroom/ballroom_Albums-Secret_Garden-02/track.npy,ballroom,1.0,1.0,1.0,1.0,0.6507339206396502,0.6637198903997082,0.9444444444444444,1.0
ballroom/ballroom_Albums-Step_By_Step-01/track.npy,ballroom,1.0,1.0,1.0,1.0,0.8918050346617628,0.8825607656903832,1.0,1.0
ballroom/ballroom_Albums-Step_By_Step-05/track.npy,ballroom,1.0,1.0,1.0,1.0,0.9475204084055707,0.9369830315981295,1.0,1.0
ballroom/ballroom_Albums-Step_By_Step-10/track.npy,ballroom,0.9868421052631579,0.44,0.9868421052631579,0.44,0.9660967398180494,0.8080482478417185,0.9933774834437086,0.8372093023255813
ballroom/ballroom_Albums-StrictlyDancing_Tango-03/track.npy,ballroom,1.0,1.0,1.0,1.0,0.9758307796685591,0.9790386858499848,1.0,1.0
ballroom/ballroom_Albums-StrictlyDancing_Tango-04/track.npy,ballroom,1.0,1.0,1.0,1.0,0.9625969540593636,0.9608898775298177,1.0,1.0
ballroom/ballroom_Media-100602/track.npy,ballroom,0.972972972972973,1.0,0.972972972972973,1.0,0.8569115190005516,0.8741940881982667,0.972972972972973,1.0
ballroom/ballroom_Media-100607/track.npy,ballroom,1.0,1.0,1.0,1.0,0.9193599521139509,0.9393974225340419,1.0,1.0
ballroom/ballroom_Media-100616/track.npy,ballroom,1.0,1.0,1.0,1.0,0.969484802708805,0.9694227418512349,1.0,1.0
ballroom/ballroom_Media-103301/track.npy,ballroom,1.0,1.0,1.0,1.0,0.9077970367067416,0.957647469533702,1.0,1.0
ballroom/ballroom_Media-103412/track.npy,ballroom,1.0,1.0,1.0,1.0,0.9706549675914375,0.9719588526583808,1.0,1.0
ballroom/ballroom_Media-103417/track.npy,ballroom,1.0,1.0,1.0,1.0,0.9618879023315255,0.9773267706182969,1.0,1.0
ballroom/ballroom_Media-103501/track.npy,ballroom,0.9523809523809523,1.0,0.9523809523809523,1.0,0.9300650448979666,0.9823324549009855,0.975609756097561,1.0
ballroom/ballroom_Media-103517/track.npy,ballroom,0.9864864864864865,0.9473684210526315,0.9864864864864865,0.9473684210526315,0.9706822374852496,0.9578889246621543,0.9931972789115647,0.972972972972973
ballroom/ballroom_Media-103604/track.npy,ballroom,1.0,1.0,1.0,1.0,0.9769530372360162,0.9709136856733909,1.0,1.0
ballroom/ballroom_Media-103608/track.npy,ballroom,1.0,1.0,1.0,1.0,0.9687575091931664,0.9508050634593281,1.0,1.0
ballroom/ballroom_Media-103614/track.npy,ballroom,0.9861111111111112,1.0,0.9861111111111112,1.0,0.9452926753433942,0.9488317912596194,0.993006993006993,1.0
ballroom/ballroom_Media-103615/track.npy,ballroom,1.0,1.0,1.0,1.0,0.8042523375036713,0.8507200456927264,0.9090909090909091,1.0
ballroom/ballroom_Media-103712/track.npy,ballroom,1.0,1.0,1.0,1.0,0.959959856196526,0.9768271401430226,1.0,1.0
ballroom/ballroom_Media-103807/track.npy,ballroom,1.0,1.0,1.0,1.0,0.9557084593942584,0.9728804412920464,1.0,1.0
ballroom/ballroom_Media-103809/track.npy,ballroom,1.0,1.0,1.0,1.0,0.933724363528794,0.9369402204796256,1.0,1.0
ballroom/ballroom_Media-103919/track.npy,ballroom,1.0,1.0,1.0,1.0,0.9771019976907637,0.9806693150994953,1.0,1.0
ballroom/ballroom_Media-104008/track.npy,ballroom,0.775,0.8,0.775,0.8,0.8261070355916128,0.8838479691318237,0.8732394366197184,0.888888888888889
ballroom/ballroom_Media-104011/track.npy,ballroom,0.94,0.9230769230769231,0.94,0.9230769230769231,0.9344462137774242,0.9301973280741379,0.9591836734693877,0.9600000000000001
ballroom/ballroom_Media-104012/track.npy,ballroom,0.9622641509433962,1.0,0.9622641509433962,1.0,0.9471597508324776,0.9412012185167953,0.9807692307692307,1.0
ballroom/ballroom_Media-104015/track.npy,ballroom,1.0,0.8235294117647058,1.0,0.8235294117647058,0.9728629757901759,0.8912528719207387,1.0,0.9090909090909091
ballroom/ballroom_Media-104016/track.npy,ballroom,0.9861111111111112,1.0,0.9861111111111112,1.0,0.970408112779985,0.9787942630246772,0.993006993006993,1.0
ballroom/ballroom_Media-104101/track.npy,ballroom,1.0,1.0,1.0,1.0,0.9795819414094338,0.9840113483381149,1.0,1.0
ballroom/ballroom_Media-104102/track.npy,ballroom,1.0,1.0,1.0,1.0,0.9844313194118142,0.9911129373894025,1.0,1.0
ballroom/ballroom_Media-104104/track.npy,ballroom,1.0,1.0,1.0,1.0,0.9738111378236984,0.978607702289678,1.0,1.0
ballroom/ballroom_Media-104108/track.npy,ballroom,0.9811320754716981,1.0,0.9811320754716981,1.0,0.9753259175995819,0.9861292765709628,0.9904761904761905,1.0
ballroom/ballroom_Media-104109/track.npy,ballroom,0.9622641509433962,1.0,0.9622641509433962,1.0,0.9552878339920378,0.970463373233702,0.9807692307692307,1.0
ballroom/ballroom_Media-104113/track.npy,ballroom,1.0,0.2631578947368421,1.0,0.25,0.9252657586506758,0.6205372411513312,1.0,0.5454545454545454
ballroom/ballroom_Media-104408/track.npy,ballroom,0.9868421052631579,0.9615384615384616,0.9868421052631579,0.9615384615384616,0.9440902570124782,0.9377723527869225,0.9933774834437086,0.9803921568627451
ballroom/ballroom_Media-104409/track.npy,ballroom,0.9493670886075949,1.0,0.9493670886075949,0.0,0.9292659274006367,0.7766287835765296,0.9806451612903226,0.6666666666666666
ballroom/ballroom_Media-104506/track.npy,ballroom,0.9814814814814815,0.9285714285714286,0.9814814814814815,0.9285714285714286,0.9600035402942351,0.9436223056502407,0.9906542056074767,0.962962962962963
ballroom/ballroom_Media-104609/track.npy,ballroom,0.987012987012987,1.0,0.987012987012987,1.0,0.9564657946669342,0.9751091269741067,0.9934640522875817,1.0
ballroom/ballroom_Media-104615/track.npy,ballroom,0.9659090909090909,0.75,0.9659090909090909,0.09523809523809523,0.9120963855100221,0.7289086533062461,0.9826589595375723,0.6666666666666667
ballroom/ballroom_Media-104616/track.npy,ballroom,0.9767441860465116,1.0,0.9767441860465116,1.0,0.8598938244034526,0.8635159332641567,0.9941520467836257,1.0
ballroom/ballroom_Media-104802/track.npy,ballroom,1.0,1.0,1.0,1.0,0.909428967903541,0.9136554532681123,1.0,1.0
ballroom/ballroom_Media-104815/track.npy,ballroom,0.9885057471264368,1.0,0.9885057471264368,1.0,0.9611252488022414,0.9730247260507442,0.9942196531791908,1.0
ballroom/ballroom_Media-104915/track.npy,ballroom,0.9770114942528736,1.0,0.9770114942528736,1.0,0.9186028579156695,0.9241814105494672,0.9883720930232558,1.0
ballroom/ballroom_Media-104916/track.npy,ballroom,0.9655172413793104,1.0,0.9655172413793104,1.0,0.8570349698048859,0.9023285658466411,0.9824561403508771,1.0
ballroom/ballroom_Media-105001/track.npy,ballroom,1.0,1.0,1.0,1.0,0.8391559823850425,0.9225189456201089,1.0,1.0
ballroom/ballroom_Media-105018/track.npy,ballroom,1.0,1.0,1.0,1.0,0.9602470888256311,0.9647718639952994,1.0,1.0
ballroom/ballroom_Media-105106/track.npy,ballroom,0.9722222222222222,1.0,0.9722222222222222,1.0,0.8313490659800877,0.8738974726247687,0.9859154929577464,1.0
ballroom/ballroom_Media-105209/track.npy,ballroom,0.6486486486486487,0.4444444444444444,0.13513513513513514,0.4444444444444444,0.3840804253474486,0.33736390338313155,0.22535211267605634,0.375
ballroom/ballroom_Media-105213/track.npy,ballroom,1.0,1.0,1.0,1.0,0.7858408101403717,0.7890446984146171,0.9473684210526315,1.0
ballroom/ballroom_Media-105301/track.npy,ballroom,0.972972972972973,1.0,0.972972972972973,1.0,0.932031704779633,0.964290347856705,0.9863013698630138,1.0
ballroom/ballroom_Media-105307/track.npy,ballroom,0.9866666666666667,1.0,0.9866666666666667,1.0,0.8821636067118718,0.9010258184109174,0.9932885906040269,1.0
ballroom/ballroom_Media-105308/track.npy,ballroom,0.9866666666666667,1.0,0.9866666666666667,1.0,0.9186741815269803,0.9639781434278367,0.9932885906040269,1.0
ballroom/ballroom_Media-105412/track.npy,ballroom,0.9761904761904762,1.0,0.9761904761904762,1.0,0.8222027934450448,0.8379390535989476,0.9879518072289156,1.0
ballroom/ballroom_Media-105505/track.npy,ballroom,0.9814814814814815,1.0,0.9814814814814815,1.0,0.9402462308522768,0.9453846839692931,0.9906542056074767,1.0
ballroom/ballroom_Media-105506/track.npy,ballroom,0.9636363636363636,0.9285714285714286,0.9636363636363636,0.9285714285714286,0.8125761268639392,0.7966632145293061,0.9814814814814815,0.962962962962963
ballroom/ballroom_Media-105602/track.npy,ballroom,0.9622641509433962,1.0,0.9622641509433962,1.0,0.9567796937920241,0.973655330808466,0.9807692307692307,1.0
ballroom/ballroom_Media-105604/track.npy,ballroom,0.9622641509433962,1.0,0.9622641509433962,1.0,0.9637730288366332,0.9699371408540169,0.9807692307692307,1.0
ballroom/ballroom_Media-105707/track.npy,ballroom,0.9636363636363636,0.9285714285714286,0.9636363636363636,0.9285714285714286,0.9331645123185311,0.9460748183203413,0.9814814814814815,0.962962962962963
ballroom/ballroom_Media-105710/track.npy,ballroom,0.961038961038961,0.9615384615384616,0.961038961038961,0.9615384615384616,0.9190082748073964,0.9260700905055086,0.9801324503311257,0.9803921568627451
ballroom/ballroom_Media-105906/track.npy,ballroom,1.0,1.0,1.0,1.0,0.9059034903371089,0.860600054466578,1.0,1.0
ballroom/ballroom_Media-105911/track.npy,ballroom,0.9069767441860465,0.9047619047619048,0.9069767441860465,0.9047619047619048,0.8629002413114267,0.8811035374527084,0.9529411764705882,0.975609756097561
ballroom/ballroom_Media-105912/track.npy,ballroom,1.0,1.0,1.0,1.0,0.9620375334767305,0.9606877344453038,1.0,1.0
ballroom/ballroom_Media-106115/track.npy,ballroom,0.9466666666666667,1.0,0.9466666666666667,1.0,0.9513576613166079,0.9774077591322806,0.9726027397260273,1.0
beatles/beatles_01_Please_Please_Me_03_Anna_(Go_To_Him)/track.npy,beatles,0.9869281045751634,1.0,0.9869281045751634,1.0,0.927168618585456,0.9216106831443718,0.9918166939443536,0.987012987012987
beatles/beatles_02_With_the_Beatles_05_Little_Child/track.npy,beatles,0.9612403100775194,0.9692307692307692,0.9612403100775194,0.9692307692307692,0.9484892370674186,0.9342842840218858,0.9783037475345169,0.96875
beatles/beatles_02_With_the_Beatles_08_Roll_Over_Beethoven/track.npy,beatles,1.0,1.0,1.0,1.0,0.97166797861381,0.9622841370865557,1.0,1.0
beatles/beatles_03_A_Hard_Days_Night_03_If_I_Fell/track.npy,beatles,1.0,1.0,1.0,1.0,0.9723335264831071,0.9630046532102678,1.0,1.0
beatles/beatles_03_A_Hard_Days_Night_04_Im_Happy_Just_To_Dance_With_You/track.npy,beatles,0.9831932773109243,0.9833333333333333,0.9831932773109243,0.9833333333333333,0.9574961116545415,0.9536076412054544,0.9915254237288135,0.9915966386554621
beatles/beatles_04_Beatles_for_Sale_07_Kansas_City-_Hey_Hey_Hey_Hey/track.npy,beatles,0.967741935483871,0.9615384615384616,0.967741935483871,0.9615384615384616,0.7333966402626816,0.7414154423211662,0.9836065573770492,0.9803921568627451
beatles/beatles_04_Beatles_for_Sale_13_What_Youre_Doing/track.npy,beatles,0.9870967741935484,0.9871794871794872,0.9870967741935484,0.9871794871794872,0.6544089658555483,0.6758866496191338,0.9935064935064934,0.9935483870967742
beatles/beatles_05_Help_04_I_Need_You/track.npy,beatles,1.0,0.9875,1.0,0.9875,0.8649548002781541,0.8476087450398695,1.0,0.9937106918238994
beatles/beatles_06_Rubber_Soul_05_Think_For_Yourself/track.npy,beatles,0.9965034965034965,1.0,0.9965034965034965,1.0,0.8864246397838715,0.8754657815724246,0.9982486865148862,1.0
beatles/beatles_06_Rubber_Soul_11_In_My_Life/track.npy,beatles,1.0,1.0,1.0,1.0,0.8960531999404716,0.8878656370070789,1.0,1.0
beatles/beatles_07_Revolver_04_Love_You_To/track.npy,beatles,0.8583815028901735,0.4186046511627907,0.8583815028901735,0.4186046511627907,0.8397229097982153,0.42328574646530637,0.8928046989720999,0.45348837209302323
beatles/beatles_07_Revolver_13_Got_To_Get_You_Into_My_Life/track.npy,beatles,0.9937106918238994,0.9125,0.9937106918238994,0.9125,0.9262019528100566,0.8788976659377673,0.9968454258675079,0.929936305732484
beatles/beatles_08_Sgt_Peppers_Lonely_Hearts_Club_Band_13_A_Day_In_The_Life/track.npy,beatles,0.4144486692015209,0.3872832369942196,0.4144486692015209,0.2661290322580645,0.6353167125942321,0.6014675694673906,0.6974595842956121,0.6161137440758294
beatles/beatles_09_Magical_Mystery_Tour_05_Your_Mother_Should_Know/track.npy,beatles,0.9963235294117647,0.9130434782608695,0.9963235294117647,0.9130434782608695,0.8209829035661893,0.784806424215842,0.998158379373849,0.9489051094890512
beatles/beatles_09_Magical_Mystery_Tour_09_Penny_Lane/track.npy,beatles,0.9873817034700315,0.9875,0.9873817034700315,0.9875,0.7079981979415538,0.7157925517105359,0.9936507936507936,0.9937106918238994
beatles/beatles_10_CD1_The_Beatles_14_Dont_Pass_Me_By/track.npy,beatles,0.9968152866242038,0.8518518518518519,0.9968152866242038,0.8518518518518519,0.92608340663621,0.8567324560659286,0.9984051036682616,0.9426751592356688
beatles/beatles_10_CD2_The_Beatles_05_Sexy_Sadie/track.npy,beatles,0.5143769968051118,0.7878787878787878,0.5143769968051118,0.7878787878787878,0.8244570435869608,0.9037386474667349,0.8576642335766422,0.944
beatles/beatles_10_CD2_The_Beatles_07_Long_Long_Long/track.npy,beatles,0.9660377358490566,0.9655172413793104,0.9660377358490566,0.9655172413793104,0.939145780832533,0.946626135762756,0.9788867562380039,0.9826589595375722
beatles/beatles_11_Abbey_Road_05_Octopuss_Garden/track.npy,beatles,0.9959839357429718,1.0,0.9959839357429718,0.0,0.9555191112274737,0.792965160465276,0.9979879275653923,0.6666666666666666
beatles/beatles_11_Abbey_Road_07_Here_Comes_The_Sun/track.npy,beatles,0.7971698113207547,0.7232142857142857,0.7971698113207547,0.7232142857142857,0.8990969571035564,0.8626525810577644,0.9452736318407959,0.8985507246376812
beatles/beatles_12_Let_It_Be_08_Ive_Got_A_Feeling/track.npy,beatles,0.9893238434163701,0.9859154929577465,0.9893238434163701,0.9859154929577465,0.8613484573980068,0.8523019960193435,0.9928571428571428,0.9929078014184397
candombe/csic.1995_ansina1_05/track.npy,candombe,0.9968253968253968,1.0,0.9968253968253968,1.0,0.9822483004717744,0.9834320472303294,0.9984126984126984,1.0
candombe/csic.1995_cuareim_04/track.npy,candombe,0.9972789115646259,1.0,0.9972789115646259,1.0,0.9783345766836864,0.9806395647032286,0.998639455782313,1.0
candombe/proyecto.1992_pelado_05/track.npy,candombe,0.9933035714285714,1.0,0.9933035714285714,1.0,0.9542089037833559,0.9691656760921417,0.994413407821229,1.0
candombe/zavala.muniz.2014_45/track.npy,candombe,1.0,1.0,1.0,1.0,0.9384324911692842,0.9403777195895683,1.0,1.0
filosax/filosax_10/track.npy,filosax,0.987485779294653,0.9547511312217195,0.987485779294653,0.9547511312217195,0.9177405719029673,0.8853749853226744,0.9920364050056882,0.961451247165533
filosax/filosax_16/track.npy,filosax,1.0,1.0,1.0,1.0,0.964828240095622,0.9600657778151857,1.0,1.0
filosax/filosax_17/track.npy,filosax,0.9796061884669479,0.9915254237288136,0.9796061884669479,0.9915254237288136,0.934591249120828,0.9384787245114239,0.990084985835694,0.9929078014184398
filosax/filosax_30/track.npy,filosax,0.975177304964539,0.9886363636363636,0.975177304964539,0.9886363636363636,0.9322193124650918,0.9218320304248053,0.9932215483410631,0.9942857142857142
filosax/filosax_33/track.npy,filosax,0.9976377952755906,0.9905660377358491,0.9976377952755906,0.9905660377358491,0.9365686373039668,0.9323719756401302,0.9984251968503937,0.9952755905511811
filosax/filosax_47/track.npy,filosax,0.9886363636363636,0.9971590909090909,0.9886363636363636,0.9971590909090909,0.9192149419275938,0.910871118074043,0.9982212735681252,0.9985775248933144
groove_midi/drummer1_session1_101_dance-disco_120_beat_4-4/track.npy,groove_midi,0.9975369458128078,1.0,0.9975369458128078,1.0,0.9237801720002501,0.9159811366944465,0.9987669543773119,1.0
groove_midi/drummer1_session1_146_latin-brazilian-baiao_95_beat_4-4/track.npy,groove_midi,0.963963963963964,0.9518072289156626,0.963963963963964,0.9518072289156626,0.8787344757431392,0.906154283277891,0.968421052631579,0.975609756097561
groove_midi/drummer1_session1_49_jazz_125_beat_4-4/track.npy,groove_midi,0.9786324786324786,1.0,0.9786324786324786,1.0,0.9388579121837108,0.95181615313817,0.9892008639308855,1.0
groove_midi/drummer1_session1_4_jazz-funk_116_beat_4-4/track.npy,groove_midi,0.9928057553956835,0.9714285714285714,0.9928057553956835,0.9714285714285714,0.9485241158746106,0.931836885500639,0.996389891696751,0.9855072463768115
groove_midi/drummer1_session2_7_jazz-march_88_beat_4-4/track.npy,groove_midi,0.6978851963746223,0.37333333333333335,0.6978851963746223,0.37333333333333335,0.8378116649000692,0.4704605591463187,0.9073170731707317,0.5205479452054794
groove_midi/drummer1_session2_8_jazz-march_176_beat_4-4/track.npy,groove_midi,0.7866666666666666,0.5,0.11358024691358025,0.019801980198019802,0.7814625877328877,0.5837320324066259,0.7142857142857143,0.5093167701863354
groove_midi/drummer1_session2_90_funk-rock_92_beat_4-4/track.npy,groove_midi,0.9943502824858758,0.9772727272727273,0.9943502824858758,0.0,0.9459866554503797,0.4745967161640762,0.9971671388101983,0.0
groove_midi/drummer1_session3_7_dance-disco_120_beat_4-4/track.npy,groove_midi,1.0,1.0,1.0,1.0,0.9452789473480786,0.9465525327983118,1.0,1.0
groove_midi/drummer3_session1_14_rock_120_beat_4-4/track.npy,groove_midi,1.0,0.125,1.0,0.0,0.9136980667254031,7.660608455640862e-32,1.0,0.0
groove_midi/drummer3_session1_1_rock_105_beat_4-4/track.npy,groove_midi,0.9916666666666667,0.9666666666666667,0.9916666666666667,0.9666666666666667,0.8253853107936265,0.789545316312892,0.99581589958159,0.983050847457627
groove_midi/drummer3_session1_22_jazz_120_beat_4-4/track.npy,groove_midi,0.11965811965811966,0.15151515151515152,0.11965811965811966,0.15151515151515152,0.3553279004323243,0.2586490056072174,0.4307692307692308,0.34615384615384615
groove_midi/drummer3_session2_26_hiphop_92_beat_4-4/track.npy,groove_midi,1.0,1.0,1.0,1.0,0.8923477060886595,0.9193276268178052,1.0,1.0
groove_midi/drummer3_session2_6_rock_100_beat_4-4/track.npy,groove_midi,0.2727272727272727,0.875,0.2727272727272727,0.875,0.19230168722797625,0.23481152854061035,0.26229508196721313,0.39999999999999997
groove_midi/drummer5_eval_session_2_funk-groove2_105_beat_4-4/track.npy,groove_midi,0.9821428571428571,0.9285714285714286,0.9821428571428571,0.9285714285714286,0.9027019478244379,0.863379376124355,0.9909909909909909,0.962962962962963
groove_midi/drummer5_eval_session_6_hiphop-groove6_87_beat_4-4/track.npy,groove_midi,1.0,1.0,1.0,1.0,0.941565546533843,0.9179865010440871,1.0,1.0
groove_midi/drummer5_session1_3_latin-brazilian-samba_89_beat_4-4/track.npy,groove_midi,0.9964912280701754,0.8333333333333334,0.9964912280701754,0.8333333333333334,0.9403173209746173,0.8022183681116037,0.9982425307557118,0.8531468531468532
groove_midi/drummer5_session1_9_latin-dominican-merengue_130_beat_4-4/track.npy,groove_midi,0.9984756097560976,0.8658536585365854,0.9984756097560976,0.8658536585365854,0.9528252720985017,0.8777213315904309,0.9992372234935164,0.9201277955271566
groove_midi/drummer5_session2_20_latin-brazilian-ijexa_108_beat_4-4/track.npy,groove_midi,1.0,0.8333333333333334,1.0,0.0,0.9374884433950854,0.431920140546301,1.0,0.0
groove_midi/drummer5_session2_23_latin-brazilian-songo_120_beat_4-4/track.npy,groove_midi,0.8076923076923077,0.4666666666666667,0.8076923076923077,0.2,0.7506109099384256,0.4243488438601656,0.8444444444444446,0.33707865168539325
groove_midi/drummer5_session2_5_reggae_126_beat_4-4/track.npy,groove_midi,0.9868421052631579,0.010752688172043012,0.9868421052631579,0.0,0.9194771015452067,4.8818500168764555e-27,0.992063492063492,0.0
groove_midi/drummer5_session2_9_neworleans-shuffle_104_beat_4-4/track.npy,groove_midi,0.9954128440366973,1.0,0.9954128440366973,1.0,0.8656568159988375,0.8857444581501425,0.9977011494252873,1.0
groove_midi/drummer7_eval_session_4_soul-groove4_80_beat_4-4/track.npy,groove_midi,0.9827586206896551,1.0,0.9827586206896551,1.0,0.8436842060428373,0.858465812596788,0.9913043478260869,1.0
groove_midi/drummer7_session1_10_rock_93_beat_4-4/track.npy,groove_midi,1.0,0.9310344827586207,1.0,0.9310344827586207,0.8531879615533654,0.8251177199636571,1.0,0.9655172413793104
groove_midi/drummer7_session1_11_rock_93_beat_4-4/track.npy,groove_midi,0.9565217391304348,0.43478260869565216,0.9565217391304348,0.43478260869565216,0.8957698787527584,0.5021787824288364,0.9777777777777777,0.4444444444444445
groove_midi/drummer7_session1_17_hiphop_100_beat_4-4/track.npy,groove_midi,0.9411764705882353,0.358974358974359,0.9411764705882353,0.358974358974359,0.85887577367059,0.5601517078200101,0.955223880597015,0.611111111111111
groove_midi/drummer7_session1_18_hiphop_100_beat_4-4/track.npy,groove_midi,0.9642857142857143,0.8571428571428571,0.9642857142857143,0.8571428571428571,0.9313809740280478,0.8506381577266483,0.9818181818181818,0.923076923076923
groove_midi/drummer7_session2_106_soul-motown_104_beat_4-4/track.npy,groove_midi,0.9928571428571429,0.9714285714285714,0.9928571428571429,0.9714285714285714,0.884124723168403,0.879358126663336,0.996415770609319,0.9855072463768115
groove_midi/drummer7_session2_108_soul-motown_104_beat_4-4/track.npy,groove_midi,0.9736842105263158,0.9473684210526315,0.9736842105263158,0.9473684210526315,0.8661516715703876,0.8705126699557176,0.9866666666666666,0.972972972972973
groove_midi/drummer7_session2_113_jazz-fusion_96_beat_4-4/track.npy,groove_midi,1.0,1.0,1.0,1.0,0.9543855544885126,0.9443849384877387,1.0,1.0
groove_midi/drummer7_session2_26_rock_118_beat_4-4/track.npy,groove_midi,0.9833333333333333,1.0,0.9833333333333333,1.0,0.8316808638711419,0.8398723550123541,0.9915966386554621,1.0
groove_midi/drummer7_session2_53_rock_135_beat_4-4/track.npy,groove_midi,0.9814814814814815,1.0,0.9814814814814815,1.0,0.8706584111745357,0.8816163939264067,0.9906542056074767,1.0
groove_midi/drummer7_session2_54_soul-motown_148_beat_4-4/track.npy,groove_midi,0.016260162601626018,1.0,0.0,1.0,0.05405590339547055,0.03695984871425022,0.0,0.0
groove_midi/drummer7_session2_93_hiphop_75_beat_4-4/track.npy,groove_midi,0.9622641509433962,1.0,0.0,0.0,0.7593123735192406,0.8080031786206511,0.6582278481012659,0.7000000000000001
groove_midi/drummer7_session3_109_rock_95_beat_4-4/track.npy,groove_midi,0.9830508474576272,1.0,0.9830508474576272,0.0,0.922445174139495,0.4598759440585593,0.9914529914529915,0.0
groove_midi/drummer7_session3_1_rock_60_beat_4-4/track.npy,groove_midi,0.9866666666666667,0.9473684210526315,0.9866666666666667,0.9473684210526315,0.8923033591648762,0.8557743796199386,0.9866666666666668,0.972972972972973
groove_midi/drummer7_session3_92_hiphop_70_beat_4-4/track.npy,groove_midi,0.9873417721518988,1.0,0.9873417721518988,1.0,0.903533675693845,0.9174391656908597,0.9968253968253968,1.0
groove_midi/drummer8_eval_session_2_funk-groove2_105_beat_4-4/track.npy,groove_midi,0.9821428571428571,0.9285714285714286,0.9821428571428571,0.9285714285714286,0.9306385719427128,0.9225384455987918,0.9909909909909909,0.962962962962963
groove_midi/drummer8_eval_session_3_soul-groove3_86_beat_4-4/track.npy,groove_midi,1.0,1.0,1.0,1.0,0.9654476089752259,0.9524993176236,1.0,1.0
groove_midi/drummer8_session1_21_rock-shuffle_112_beat_4-4/track.npy,groove_midi,0.988,0.9841269841269841,0.988,0.9841269841269841,0.869874411462723,0.8789169751484927,0.9899799599198397,0.9919999999999999
groove_midi/drummer8_session1_27_latin_122_beat_4-4/track.npy,groove_midi,0.9974293059125964,0.5979381443298969,0.9974293059125964,0.5979381443298969,0.9399098242527255,0.6315885525859527,0.9987129987129987,0.6853932584269663
groove_midi/drummer9_session1_1_rock_100_beat_4-4/track.npy,groove_midi,0.9722222222222222,0.5555555555555556,0.9722222222222222,0.5555555555555556,0.9255196792357361,0.5933050293788538,0.9859154929577464,0.5555555555555556
groove_midi/drummer9_session1_28_rock_90_beat_4-4/track.npy,groove_midi,0.9878048780487805,1.0,0.0,0.0,0.7625576400328883,0.7664655341480797,0.6666666666666666,0.6875000000000001
guitarset/00_BN1-129-Eb_comp_mix/track.npy,guitarset,1.0,0.6666666666666666,1.0,0.6666666666666666,0.9643030577975367,0.7589456755644388,1.0,0.8
guitarset/00_BN3-119-G_comp_mix/track.npy,guitarset,0.8727272727272727,0.9285714285714286,0.8727272727272727,0.9285714285714286,0.8707952622508949,0.8011049867094419,0.8990825688073394,0.8148148148148148
guitarset/00_Funk1-114-Ab_comp_mix/track.npy,guitarset,0.5227272727272727,0.46153846153846156,0.5227272727272727,0.46153846153846156,0.668590704117224,0.5690558906685547,0.7317073170731707,0.6363636363636364
guitarset/00_Funk3-112-C#_comp_mix/track.npy,guitarset,1.0,1.0,1.0,1.0,0.9597398967846101,0.973569913821427,1.0,1.0
guitarset/00_Funk3-98-A_comp_mix/track.npy,guitarset,0.7796610169491526,0.7142857142857143,0.7796610169491526,0.7142857142857143,0.7441076711062479,0.6485229961282211,0.8421052631578948,0.7407407407407408
guitarset/00_SS2-88-F_comp_mix/track.npy,guitarset,0.9824561403508771,1.0,0.9824561403508771,1.0,0.866521030161544,0.8625447849392037,0.9911504424778761,1.0
guitarset/00_SS3-84-Bb_comp_mix/track.npy,guitarset,0.9827586206896551,0.9333333333333333,0.9827586206896551,0.9333333333333333,0.7550480532427518,0.7982507688140885,0.9739130434782608,0.9655172413793104
guitarset/01_BN2-131-B_comp_mix/track.npy,guitarset,1.0,1.0,1.0,1.0,0.9389707300372584,0.9490331376064568,1.0,1.0
guitarset/01_Funk3-112-C#_comp_mix/track.npy,guitarset,0.847457627118644,0.8666666666666667,0.847457627118644,0.8666666666666667,0.9002674108816612,0.8903299482546296,0.9380530973451328,0.9285714285714286
guitarset/01_Jazz2-110-Bb_comp_mix/track.npy,guitarset,1.0,1.0,1.0,1.0,0.9285770300320935,0.9350522717375029,1.0,1.0
guitarset/02_BN3-119-G_comp_mix/track.npy,guitarset,0.9818181818181818,0.9285714285714286,0.9818181818181818,0.9285714285714286,0.9647066399140609,0.9454105668673941,0.9908256880733944,0.962962962962963
guitarset/02_Funk3-112-C#_comp_mix/track.npy,guitarset,1.0,1.0,1.0,1.0,0.9485801279601893,0.9370984050425866,1.0,1.0
guitarset/03_BN3-154-E_comp_mix/track.npy,guitarset,1.0,1.0,1.0,1.0,0.928605029919954,0.9185016799429876,1.0,1.0
guitarset/03_Funk3-98-A_comp_mix/track.npy,guitarset,0.9821428571428571,0.9285714285714286,0.9821428571428571,0.9285714285714286,0.9382392445606592,0.9220069647497254,0.9909909909909909,0.962962962962963
guitarset/03_Rock3-117-Bb_comp_mix/track.npy,guitarset,0.9818181818181818,0.9285714285714286,0.9818181818181818,0.9285714285714286,0.950714694506234,0.9185380987632294,0.9908256880733944,0.962962962962963
guitarset/03_SS1-100-C#_comp_mix/track.npy,guitarset,0.9746835443037974,0.46153846153846156,0.0,0.46153846153846156,0.7934613459673192,0.7836775532860607,0.6610169491525424,0.8181818181818181
guitarset/04_BN2-166-Ab_comp_mix/track.npy,guitarset,1.0,1.0,1.0,1.0,0.8697384389008945,0.8589760000982891,1.0,1.0
guitarset/04_Funk2-108-Eb_comp_mix/track.npy,guitarset,1.0,1.0,1.0,1.0,0.9688798166619716,0.9772137404084469,1.0,1.0
guitarset/04_Jazz1-200-B_comp_mix/track.npy,guitarset,1.0,1.0,1.0,1.0,0.9341463468743456,0.9419461915046182,1.0,1.0
guitarset/04_Jazz3-137-Eb_comp_mix/track.npy,guitarset,0.9811320754716981,1.0,0.9811320754716981,1.0,0.9266511464659114,0.9314334752071095,0.9904761904761905,1.0
guitarset/04_Rock1-130-A_comp_mix/track.npy,guitarset,1.0,1.0,1.0,1.0,0.9654149335451594,0.9743305632892384,1.0,1.0
guitarset/04_Rock1-90-C#_comp_mix/track.npy,guitarset,0.975609756097561,0.9090909090909091,0.975609756097561,0.9090909090909091,0.8889205466267096,0.8006423007763788,0.9876543209876543,0.9523809523809523
guitarset/04_SS2-107-Ab_comp_mix/track.npy,guitarset,0.9821428571428571,1.0,0.9821428571428571,1.0,0.9112736527563627,0.9058255937718527,0.9909909909909909,1.0
hainsworth/hainsworth_007/track.npy,hainsworth,0.9206349206349206,0.25,0.9206349206349206,0.0,0.7765762946047942,0.21354174375526874,0.9180327868852458,0.23076923076923075
hainsworth/hainsworth_010/track.npy,hainsworth,1.0,0.36666666666666664,1.0,0.36666666666666664,0.9045401550836075,0.5448476695893048,1.0,0.5818181818181818
hainsworth/hainsworth_036/track.npy,hainsworth,0.974025974025974,0.95,0.974025974025974,0.95,0.932281720651118,0.8948942307724405,0.987012987012987,0.9500000000000001
hainsworth/hainsworth_050/track.npy,hainsworth,1.0,0.9,1.0,0.9,0.9644027379386113,0.9361098921617986,1.0,0.9743589743589743
hainsworth/hainsworth_054/track.npy,hainsworth,0.9791666666666666,0.8333333333333334,0.9791666666666666,0.8333333333333334,0.938287442600942,0.8981159941910061,0.9842931937172775,0.9130434782608695
hainsworth/hainsworth_062/track.npy,hainsworth,1.0,0.6666666666666666,1.0,0.6666666666666666,0.9428031662864198,0.8581809252696357,1.0,0.9024390243902439
hainsworth/hainsworth_068/track.npy,hainsworth,0.9891304347826086,0.9565217391304348,0.9891304347826086,0.9565217391304348,0.9743887430458948,0.9647044499128508,0.994535519125683,0.9777777777777777
hainsworth/hainsworth_113/track.npy,hainsworth,0.9948453608247423,1.0,0.9948453608247423,1.0,0.9518296775558934,0.94862208710097,0.9974160206718347,1.0
hainsworth/hainsworth_117/track.npy,hainsworth,1.0,1.0,1.0,1.0,0.9633426614789559,0.9656836323790742,1.0,1.0
hainsworth/hainsworth_118/track.npy,hainsworth,0.9944444444444445,1.0,0.9944444444444445,1.0,0.9658291365571676,0.9622578132267441,0.9972144846796658,1.0
hainsworth/hainsworth_140/track.npy,hainsworth,0.4222222222222222,0.8,0.4222222222222222,0.8,0.5589401873308303,0.7068743159713493,0.7012987012987012,0.888888888888889
hainsworth/hainsworth_150/track.npy,hainsworth,0.8360655737704918,0.6,0.8360655737704918,0.6,0.8753018703881326,0.7628160406849713,0.9217391304347826,0.8
hainsworth/hainsworth_162/track.npy,hainsworth,0.974025974025974,0.8947368421052632,0.974025974025974,0.8947368421052632,0.9690796526256111,0.9455730543958786,0.9934640522875817,0.972972972972973
hainsworth/hainsworth_165/track.npy,hainsworth,1.0,1.0,1.0,1.0,0.9651984352710441,0.9530637804327876,1.0,1.0
hainsworth/hainsworth_174/track.npy,hainsworth,1.0,0.5,1.0,0.4230769230769231,0.9658659678117213,0.5513385895786431,1.0,0.47058823529411764
hainsworth/hainsworth_176/track.npy,hainsworth,1.0,1.0,1.0,1.0,0.9619812616193534,0.9563470749235794,1.0,1.0
hainsworth/hainsworth_180/track.npy,hainsworth,1.0,1.0,1.0,1.0,0.9837034201575039,0.9887137555919052,1.0,1.0
hainsworth/hainsworth_181/track.npy,hainsworth,1.0,1.0,1.0,1.0,0.9615955555854083,0.9586369155756748,1.0,1.0
hainsworth/hainsworth_185/track.npy,hainsworth,1.0,1.0,1.0,1.0,0.9785628419622087,0.9802594022647907,1.0,1.0
hainsworth/hainsworth_186/track.npy,hainsworth,1.0,1.0,1.0,1.0,0.9845091736402451,0.9793936939226027,1.0,1.0
hainsworth/hainsworth_189/track.npy,hainsworth,0.24793388429752067,0.2857142857142857,0.0,0.02857142857142857,0.5430191382638065,0.600271777332106,0.5333333333333333,0.5416666666666666
hainsworth/hainsworth_202/track.npy,hainsworth,0.46153846153846156,0.4444444444444444,0.3595505617977528,0.0,0.6977633871032617,0.5715477631814616,0.7972972972972973,0.6000000000000001
hainsworth/hainsworth_221/track.npy,hainsworth,0.8214285714285714,0.47058823529411764,0.8214285714285714,0.16666666666666666,0.65677238852493,0.33136176947099727,0.8441558441558441,0.31250000000000006
hainsworth/hainsworth_222/track.npy,hainsworth,1.0,0.6666666666666666,1.0,0.6666666666666666,0.9683322488302999,0.8215339216268657,1.0,0.8505747126436781
hainsworth/hainsworth_225/track.npy,hainsworth,0.2653061224489796,0.9583333333333334,0.2653061224489796,0.9583333333333334,0.29109627678567707,0.2978712513519457,0.3280423280423281,0.3404255319148936
hainsworth/hainsworth_228/track.npy,hainsworth,1.0,1.0,1.0,1.0,0.9736686082742004,0.9734105026055537,1.0,1.0
hainsworth/hainsworth_237/track.npy,hainsworth,0.9885057471264368,0.8695652173913043,0.9885057471264368,0.8695652173913043,0.9798930666476331,0.9416162172720306,0.9942196531791908,0.9545454545454545
hainsworth/hainsworth_242/track.npy,hainsworth,1.0,0.1111111111111111,1.0,0.0,0.9317902719447193,1.2648972433127951e-32,1.0,0.0
harmonix/0005_again/track.npy,harmonix,0.976905311778291,0.9722222222222222,0.976905311778291,0.9722222222222222,0.9378938161657514,0.9415032099227297,0.9918509895227008,0.993006993006993
harmonix/0012_aroundtheworld/track.npy,harmonix,1.0,0.5945945945945946,1.0,0.5945945945945946,0.7612941278951677,0.45306627051300796,1.0,0.6164383561643835
harmonix/0014_babaoriley/track.npy,harmonix,0.7892307692307692,0.5773809523809523,0.7892307692307692,0.5773809523809523,0.8716521530142092,0.6806509982685717,0.903225806451613,0.7037037037037038
harmonix/0015_babygotback/track.npy,harmonix,1.0,1.0,1.0,1.0,0.9725079088474348,0.979078323066885,1.0,1.0
harmonix/0020_becauseofyou/track.npy,harmonix,0.9770773638968482,0.9772727272727273,0.9770773638968482,0.9772727272727273,0.9679957917211831,0.9745970008672231,0.9884057971014493,0.9885057471264368
harmonix/0023_bewareoftheboys/track.npy,harmonix,0.5120967741935484,0.55,0.5120967741935484,0.55,0.5350770466574166,0.5422648571130637,0.5731958762886599,0.6470588235294117
harmonix/0028_blackmagic/track.npy,harmonix,0.3931818181818182,0.5925925925925926,0.3931818181818182,0.5925925925925926,0.6104660862943012,0.5240407774425231,0.6986211424819435,0.6091954022988506
harmonix/0053_commander/track.npy,harmonix,1.0,0.7741935483870968,1.0,0.7741935483870968,0.8760054837556205,0.7026549511467414,1.0,0.8064516129032258
harmonix/0054_conceited/track.npy,harmonix,0.9957264957264957,0.9833333333333333,0.9957264957264957,0.9833333333333333,0.8706783612132911,0.8745022608971696,0.9978586723768736,0.9915966386554621
harmonix/0074_djgotusfallininlove/track.npy,harmonix,1.0,1.0,1.0,1.0,0.7347592706576307,0.7233124066116308,1.0,1.0
harmonix/0088_everybody/track.npy,harmonix,1.0,1.0,1.0,1.0,0.9619411229480773,0.9581040613641348,1.0,1.0
harmonix/0090_fearofthedarklive/track.npy,harmonix,0.8437821171634121,0.7407407407407407,0.8437821171634121,0.7407407407407407,0.8732276459082005,0.8086826314968557,0.91012987012987,0.8389830508474576
harmonix/0099_forgetyou/track.npy,harmonix,0.8891257995735607,0.95,0.8891257995735607,0.95,0.9016878158085716,0.9190396195178991,0.9340540540540541,0.9487179487179489
harmonix/0106_getitshawty/track.npy,harmonix,0.996415770609319,1.0,0.996415770609319,1.0,0.8563256501464359,0.8794747298290732,0.9982046678635548,1.0
harmonix/0109_geturfreakon/track.npy,harmonix,0.5771812080536913,0.45045045045045046,0.26912181303116145,0.38271604938271603,0.779505276299421,0.7819110711590738,0.776429809358752,0.8175182481751825
harmonix/0110_girlsandboys/track.npy,harmonix,1.0,1.0,1.0,1.0,0.8885091822936694,0.8951723524434797,1.0,1.0
harmonix/0111_girlsonfilm/track.npy,harmonix,0.9977876106194691,0.6842105263157895,0.9977876106194691,0.6842105263157895,0.9625642839962835,0.6708936424771997,0.9988925802879292,0.7048458149779735
harmonix/0117_goodmorningblackfriday/track.npy,harmonix,0.4035769828926905,0.5809859154929577,0.4035769828926905,0.5809859154929577,0.5605296257112014,0.5401157042796275,0.6765089014329136,0.6493506493506493
harmonix/0123_heavyduty/track.npy,harmonix,0.9344729344729344,0.7906976744186046,0.9344729344729344,0.7906976744186046,0.9117399669912978,0.8411813820725396,0.9640287769784173,0.8862275449101796
harmonix/0132_iceicebaby/track.npy,harmonix,1.0,1.0,1.0,1.0,0.8819983690216111,0.9026754526031769,1.0,1.0
harmonix/0133_ifeellove/track.npy,harmonix,0.9897435897435898,0.9795918367346939,0.9897435897435898,0.9795918367346939,0.9612252934298438,0.9585882344037198,0.9948453608247423,0.9896907216494846
harmonix/0176_megasus/track.npy,harmonix,0.9645522388059702,0.9097744360902256,0.9645522388059702,0.9097744360902256,0.8420623547242868,0.8189894771291233,0.9850187265917604,0.9694656488549618
harmonix/0189_neversaynever/track.npy,harmonix,0.9971910112359551,0.9887640449438202,0.9971910112359551,0.9887640449438202,0.9333746205358491,0.962936806066322,0.9957805907172996,0.9943502824858756
harmonix/0195_nookie/track.npy,harmonix,0.8036117381489842,0.8636363636363636,0.8036117381489842,0.8636363636363636,0.718199541425422,0.7551478320523133,0.9110840438489647,0.9268292682926829
harmonix/0209_paparazzi/track.npy,harmonix,0.9948453608247423,0.9896907216494846,0.9948453608247423,0.9896907216494846,0.9703276146447242,0.9576235486678287,0.9974160206718347,0.9948186528497409
harmonix/0212_peoplegotalotofnerve/track.npy,harmonix,0.9936908517350158,0.8765432098765432,0.9936908517350158,0.8765432098765432,0.8499497969666345,0.7786293944647371,0.9968454258675079,0.9433962264150944
harmonix/0214_planetrock/track.npy,harmonix,0.995,1.0,0.995,1.0,0.9740995121192666,0.9740423533622715,0.9987484355444306,1.0
harmonix/0215_pointofknowreturn/track.npy,harmonix,0.7579462102689487,0.4392523364485981,0.7579462102689487,0.4392523364485981,0.6839998397510035,0.5277614728927805,0.8903061224489796,0.7046632124352331
harmonix/0218_policyoftruth/track.npy,harmonix,0.8935185185185185,0.5911949685534591,0.8935185185185185,0.5911949685534591,0.7785770675392208,0.5314277412755168,0.9391304347826086,0.6178343949044586
harmonix/0220_promiscuous/track.npy,harmonix,0.9966442953020134,1.0,0.9966442953020134,1.0,0.8492095893026818,0.8487572956908017,0.9983193277310924,1.0
harmonix/0245_sayhey/track.npy,harmonix,0.9971264367816092,0.9655172413793104,0.9971264367816092,0.9655172413793104,0.9786046106052494,0.972251230977382,0.9985611510791367,0.9883720930232558
harmonix/0268_supersonic/track.npy,harmonix,0.9848942598187311,0.9761904761904762,0.9848942598187311,0.9761904761904762,0.8896550589748948,0.8561667896336339,0.9833585476550681,0.9820359281437125
harmonix/0269_sweettalk/track.npy,harmonix,0.9928825622775801,0.9859154929577465,0.0,0.0,0.8045164396172404,0.8067259898781276,0.6642857142857143,0.6666666666666666
harmonix/0270_takeovercontrol/track.npy,harmonix,0.9930875576036866,0.8807339449541285,0.9930875576036866,0.8807339449541285,0.9780280134306392,0.9159749719813924,0.997690531177829,0.9383886255924171
harmonix/0285_thekill/track.npy,harmonix,0.9609826589595376,0.9576271186440678,0.9609826589595376,0.9576271186440678,0.9615159627151227,0.9641413747708301,0.9818445896877269,0.9871244635193133
harmonix/0296_transmaniaconmc/track.npy,harmonix,0.9913419913419913,0.8495575221238938,0.9913419913419913,0.8495575221238938,0.9234833610350126,0.8703458439611156,0.9935064935064936,0.9321266968325793
harmonix/0297_troublecomesrunning/track.npy,harmonix,0.9961240310077519,0.546875,0.9961240310077519,0.546875,0.864171166352994,0.771842268635609,0.9980582524271845,0.8620689655172413
harmonix/0305_wenospeakamericano/track.npy,harmonix,0.9961977186311787,0.9848484848484849,0.9961977186311787,0.9848484848484849,0.8611334119837221,0.8454410915096109,0.9980952380952381,0.9923664122137404
harmonix/0306_werunthis/track.npy,harmonix,0.9946808510638298,1.0,0.9946808510638298,1.0,0.9440231595951057,0.9288826868225045,0.9973333333333333,1.0
harmonix/0323_yeah/track.npy,harmonix,0.6007194244604317,0.8208955223880597,0.6007194244604317,0.8208955223880597,0.8300125580967196,0.8315582716561044,0.8790322580645161,0.9016393442622952
harmonix/0335_allyourlife/track.npy,harmonix,0.5796610169491525,0.696969696969697,0.2515991471215352,0.1282051282051282,0.7819183329247759,0.7505507649857537,0.7591623036649214,0.7103825136612022
harmonix/0336_alonewithyou/track.npy,harmonix,0.9914772727272727,0.9886363636363636,0.9914772727272727,0.9886363636363636,0.958545578344975,0.9544063197057541,0.9928673323823111,0.9942857142857142
harmonix/0375_dynamite/track.npy,harmonix,0.992822966507177,0.9904761904761905,0.992822966507177,0.9904761904761905,0.9814435955360682,0.9794269052327779,0.9963985594237695,0.9952153110047847
harmonix/0380_everybodytalks/track.npy,harmonix,0.990990990990991,0.9385964912280702,0.990990990990991,0.9385964912280702,0.9619803758686617,0.948619244353086,0.9954853273137697,0.9821428571428572
harmonix/0386_footloose/track.npy,harmonix,0.9851239669421488,1.0,0.9851239669421488,1.0,0.783694690726536,0.7958462068684172,0.9983443708609271,1.0
harmonix/0387_free/track.npy,harmonix,0.9871794871794872,0.9830508474576272,0.9871794871794872,0.9830508474576272,0.9761239676918172,0.9720038980318004,0.9935483870967742,0.9914529914529915
harmonix/0391_givemeallyourluvin/track.npy,harmonix,0.7124735729386892,0.7226890756302521,0.7124735729386892,0.7226890756302521,0.9050013871492895,0.9008856129151027,0.9204545454545454,0.9181818181818181
harmonix/0402_herestous/track.npy,harmonix,0.9912280701754386,1.0,0.9912280701754386,1.0,0.959185902451711,0.9576098010927595,0.9955947136563876,1.0
harmonix/0407_humpinaround/track.npy,harmonix,0.997872340425532,1.0,0.997872340425532,1.0,0.523158700536163,0.5190608116428597,0.9989350372736955,1.0
harmonix/0432_letsgo/track.npy,harmonix,0.9847494553376906,0.991304347826087,0.9847494553376906,0.991304347826087,0.9784136221740194,0.980518073281848,0.9923329682365826,0.9956331877729258
harmonix/0434_lights/track.npy,harmonix,0.9951100244498777,1.0,0.9951100244498777,1.0,0.8075673516999587,0.7951125589266759,0.9975490196078431,1.0
harmonix/0444_maybe/track.npy,harmonix,0.9962121212121212,1.0,0.9962121212121212,1.0,0.9707941504113001,0.9729679513386275,0.9981024667931689,1.0
harmonix/0449_misery/track.npy,harmonix,0.9768115942028985,0.9883720930232558,0.9768115942028985,0.9883720930232558,0.9113143993243993,0.9087120072034104,0.9882697947214076,0.9941520467836257
harmonix/0477_poundthealarm/track.npy,harmonix,0.9926470588235294,0.9519230769230769,0.9926470588235294,0.9519230769230769,0.8630192752632437,0.8434026668397568,0.996309963099631,0.9805825242718447
harmonix/0480_raiseyourglass/track.npy,harmonix,0.9949622166246851,0.8080808080808081,0.9949622166246851,0.8080808080808081,0.9442869857450291,0.7935265731886022,0.9974747474747475,0.8410256410256411
harmonix/0482_redsolocup/track.npy,harmonix,0.9303571428571429,0.9,0.9303571428571429,0.9,0.8077978148592923,0.7918075417490367,0.9469901168014375,0.9304029304029303
harmonix/0485_rollinginthedeep/track.npy,harmonix,0.9948320413436692,1.0,0.9948320413436692,1.0,0.9788440247252996,0.980971467800961,0.9974093264248705,1.0
harmonix/0498_springsteen/track.npy,harmonix,0.9617977528089887,0.963963963963964,0.9617977528089887,0.963963963963964,0.9518605481984698,0.9520191534447674,0.9805269186712485,0.9816513761467891
harmonix/0501_stayawhile/track.npy,harmonix,0.8753709198813057,0.9411764705882353,0.8753709198813057,0.9411764705882353,0.926087344410629,0.9217253527711964,0.9602446483180427,0.9575757575757576
harmonix/0528_werunthenight/track.npy,harmonix,1.0,1.0,1.0,1.0,0.9294626978575845,0.9241841313609201,1.0,1.0
harmonix/0537_writteninthestars/track.npy,harmonix,0.9901639344262295,1.0,0.9901639344262295,1.0,0.9035085185761962,0.9298429943443248,0.9950576606260296,1.0
harmonix/0544_yougottabe/track.npy,harmonix,0.9335106382978723,0.9468085106382979,0.9335106382978723,0.9468085106382979,0.7965435223360612,0.8130523916115097,0.9684499314128944,0.9726775956284154
harmonix/0550_aboutyounow/track.npy,harmonix,0.9980314960629921,1.0,0.9980314960629921,1.0,0.9521252523889594,0.9462787403560087,0.9990147783251232,1.0
harmonix/0557_alligator/track.npy,harmonix,0.9932885906040269,1.0,0.9932885906040269,1.0,0.973744573471031,0.9726792865239068,0.9966329966329966,1.0
harmonix/0566_americanwoman/track.npy,harmonix,0.9776357827476039,0.8571428571428571,0.9776357827476039,0.8571428571428571,0.8944849910809319,0.8182615818472151,0.9886914378029079,0.9139072847682119
harmonix/0570_aslongasyouloveme/track.npy,harmonix,0.9883268482490273,1.0,0.9883268482490273,1.0,0.9488874165174253,0.9509715015363129,0.9941291585127202,1.0
harmonix/0571_atlantis/track.npy,harmonix,0.5534591194968553,0.6103896103896104,0.5534591194968553,0.6103896103896104,0.8053750705070071,0.8201079644715992,0.8485915492957746,0.8571428571428571
harmonix/0574_badromanceappboyz/track.npy,harmonix,0.9939024390243902,1.0,0.9939024390243902,1.0,0.9791253311023741,0.9818380632298367,0.9969418960244648,1.0
harmonix/0579_beatitstudioversion/track.npy,harmonix,0.9781021897810219,0.36764705882352944,0.9781021897810219,0.35766423357664234,0.9690456486624738,0.5002645610238313,0.9908592321755026,0.4426877470355731
harmonix/0580_beautiful/track.npy,harmonix,0.9930795847750865,1.0,0.9930795847750865,1.0,0.6252988761849636,0.6100397141090586,0.892361111111111,0.875
harmonix/0585_beautyandabeat/track.npy,harmonix,0.9978768577494692,1.0,0.9978768577494692,1.0,0.9182877100630423,0.9227321594457597,0.9989373007438895,1.0
harmonix/0590_betterintime/track.npy,harmonix,0.9775641025641025,0.9743589743589743,0.9775641025641025,0.9743589743589743,0.9713725409537532,0.9686875990887309,0.9886547811993517,0.9870129870129869
harmonix/0592_blameit/track.npy,harmonix,1.0,0.7846153846153846,1.0,0.7846153846153846,0.9568220733414398,0.7685195741963662,1.0,0.7953667953667953
harmonix/0595_blonde/track.npy,harmonix,1.0,0.9565217391304348,1.0,0.9565217391304348,0.9624288099246017,0.9505005531650259,1.0,0.9781021897810219
harmonix/0608_canttellmenothing/track.npy,harmonix,1.0,1.0,1.0,1.0,0.8464484788446087,0.8397605562453939,1.0,1.0
harmonix/0614_cinema/track.npy,harmonix,0.8226527570789866,0.64375,0.8226527570789866,0.64375,0.8631211565508708,0.6376436369130547,0.8987052551408986,0.6560509554140127
harmonix/0626_coolerthanme/track.npy,harmonix,0.9955156950672646,1.0,0.9955156950672646,1.0,0.9518546219497872,0.9549497187233923,0.9977528089887641,1.0
harmonix/0663_explosions/track.npy,harmonix,0.9118457300275482,0.9120879120879121,0.9118457300275482,0.9120879120879121,0.8843782556024204,0.8875407201543962,0.940677966101695,0.9378531073446328
harmonix/0680_fixaheart/track.npy,harmonix,0.5512820512820513,0.7127659574468085,0.5512820512820513,0.7127659574468085,0.8100991802389595,0.845281183948357,0.8630630630630631,0.8799999999999999
harmonix/0700_gottabesomebody/track.npy,harmonix,0.938034188034188,0.9826086956521739,0.938034188034188,0.9826086956521739,0.9459294657709553,0.9580575829978356,0.9792802617230097,0.9912280701754386
harmonix/0704_guitarstringweddingring/track.npy,harmonix,0.9362745098039216,0.6372549019607843,0.9362745098039216,0.6372549019607843,0.914130632588846,0.7022286042462208,0.9434889434889434,0.7262569832402235
harmonix/0718_heytheredelilah/track.npy,harmonix,0.9921671018276762,1.0,0.9921671018276762,1.0,0.9661658137299153,0.9740401203548225,0.9960681520314547,1.0
harmonix/0727_howcomeyoudontwantme/track.npy,harmonix,0.9929328621908127,1.0,0.9929328621908127,1.0,0.9800903151223536,0.9848414136145051,0.9964539007092198,1.0
harmonix/0735_ifuseeamy/track.npy,harmonix,0.9933184855233853,1.0,0.9933184855233853,1.0,0.9725261158017786,0.9751105639303876,0.9966480446927374,1.0
harmonix/0756_istillmissyou/track.npy,harmonix,0.9864864864864865,0.9864864864864865,0.9864864864864865,0.9864864864864865,0.9723926690105634,0.9798386019602625,0.9931972789115647,0.9931972789115647
harmonix/0764_iwish/track.npy,harmonix,0.9859484777517564,0.9905660377358491,0.9859484777517564,0.9905660377358491,0.9733634159690369,0.9705836939382907,0.9929411764705881,0.9905660377358491
harmonix/0776_krazy/track.npy,harmonix,1.0,1.0,1.0,1.0,0.9706971743386723,0.966693420763497,1.0,1.0
harmonix/0793_lovegame/track.npy,harmonix,1.0,1.0,1.0,1.0,0.8714629711222754,0.8544986803411609,1.0,1.0
harmonix/0794_lovegamedave/track.npy,harmonix,0.9976744186046511,0.9719626168224299,0.9976744186046511,0.9719626168224299,0.9782674801680674,0.966075635026661,0.9988358556461001,0.9859154929577464
harmonix/0802_lovestoned/track.npy,harmonix,0.9883040935672515,0.9302325581395349,0.9883040935672515,0.9302325581395349,0.9632276644467967,0.9283803163276767,0.9941176470588234,0.9609375
harmonix/0803_lovestory/track.npy,harmonix,0.9977678571428571,1.0,0.9977678571428571,1.0,0.9812952963703008,0.9806791325301653,0.9988826815642458,1.0
harmonix/0815_mondaymondaymonday/track.npy,harmonix,1.0,0.9361702127659575,1.0,0.9361702127659575,0.8254758639751617,0.804268116940756,0.9973333333333333,0.956989247311828
harmonix/0826_myohmy/track.npy,harmonix,0.7220902612826603,0.6568627450980392,0.7220902612826603,0.6568627450980392,0.8576376683242717,0.7858208291319695,0.9050715214564369,0.835978835978836
harmonix/0833_northshore/track.npy,harmonix,0.9927884615384616,0.5384615384615384,0.9927884615384616,0.5384615384615384,0.9336346154443554,0.6976774602770117,0.9963811821471652,0.7500000000000001
harmonix/0857_paralyzer/track.npy,harmonix,0.9971671388101983,1.0,0.9971671388101983,1.0,0.9411141616916874,0.9561374878685822,0.9985815602836879,1.0
harmonix/0861_pingmebaby/track.npy,harmonix,0.9975550122249389,1.0,0.9975550122249389,1.0,0.981113044283957,0.9837311253250066,0.9987760097919216,1.0
harmonix/0870_ratedr/track.npy,harmonix,0.9962049335863378,1.0,0.9962049335863378,1.0,0.948379813279761,0.9479435546466075,0.9952516619183286,1.0
harmonix/0876_rehab/track.npy,harmonix,0.9690721649484536,0.9895833333333334,0.9690721649484536,0.9895833333333334,0.9450918747805988,0.9541569949169605,0.9882659713168187,0.9947643979057591
harmonix/0879_ridinsoloian/track.npy,harmonix,0.9833729216152018,0.4857142857142857,0.9833729216152018,0.4857142857142857,0.9582903255478952,0.5633150634642098,0.9869047619047618,0.5472636815920398
harmonix/0883_rocksatmywindow/track.npy,harmonix,0.6389380530973451,0.6170212765957447,0.21841541755888652,0.23275862068965517,0.8055602839627932,0.809572798697372,0.7546666666666666,0.7593582887700534
harmonix/0905_shocktoyoursystem/track.npy,harmonix,0.9885386819484241,0.9886363636363636,0.9885386819484241,0.9886363636363636,0.9576714184785032,0.9624255628205296,0.9942363112391931,0.9942857142857142
harmonix/0912_somenights/track.npy,harmonix,0.9833679833679834,1.0,0.9833679833679834,1.0,0.9458252773252503,0.9557796347077417,0.9926854754440961,1.0
harmonix/0915_sosletthemusicplay/track.npy,harmonix,0.9944903581267218,0.989010989010989,0.9944903581267218,0.989010989010989,0.9585330193695888,0.9465880639168182,0.9972375690607734,0.994475138121547
harmonix/0917_spacemanties/track.npy,harmonix,0.7933025404157044,0.7674418604651163,0.7933025404157044,0.7674418604651163,0.7958022067625861,0.6877730111683049,0.8714883442916916,0.7673860911270983
harmonix/0926_sweetthing/track.npy,harmonix,0.9973190348525469,0.9893617021276596,0.9973190348525469,0.9893617021276596,0.7504019263295197,0.7401703275943052,0.9986577181208054,0.9946524064171123
harmonix/0929_takeovercontrolext/track.npy,harmonix,0.9109159347553325,0.975,0.9109159347553325,0.975,0.7783419441754471,0.7733022339268157,0.9237555135475741,0.9195979899497487
harmonix/0936_tequieroacoustic/track.npy,harmonix,0.8191489361702128,0.7323943661971831,0.8191489361702128,0.7323943661971831,0.841013781646151,0.799836810938874,0.8994515539305302,0.832116788321168
harmonix/0940_thehousethatbuiltme/track.npy,harmonix,0.39663865546218485,0.6644295302013423,0.24452554744525548,0.1702127659574468,0.6616722422054302,0.6729199011398217,0.702127659574468,0.6851851851851852
harmonix/0949_throwitinthebag/track.npy,harmonix,0.9938271604938271,1.0,0.9938271604938271,1.0,0.9165810770369989,0.9364899831988366,0.9969040247678018,1.0
harmonix/0956_tonightimgettingoveryou/track.npy,harmonix,0.9977477477477478,1.0,0.9977477477477478,1.0,0.9672972109376713,0.9728009264994693,0.9988726042841037,1.0
harmonix/0980_whenyouleave/track.npy,harmonix,0.9946164199192463,0.989247311827957,0.9946164199192463,0.989247311827957,0.9419164715120962,0.9436315154710644,0.9973045822102427,0.9973045822102425
harmonix/0983_whyamitheone/track.npy,harmonix,0.990625,0.6962025316455697,0.990625,0.6962025316455697,0.8615067792973357,0.5976020943835626,0.989010989010989,0.6962025316455697
harmonix/0987_withyou/track.npy,harmonix,0.9971671388101983,1.0,0.9971671388101983,1.0,0.6196014795310174,0.6065638967456196,0.9985815602836879,1.0
harmonix/1000_yourloveismydrug/track.npy,harmonix,0.9506849315068493,0.7474747474747475,0.9506849315068493,0.7474747474747475,0.9218307855027691,0.8422122449627107,0.9628610729023384,0.8783068783068783
hjdb/hjdb_All_Right_(All_Night_Mix)/track.npy,hjdb,1.0,1.0,1.0,1.0,0.9776201922517924,0.9757667182641634,1.0,1.0
hjdb/hjdb_Devotion/track.npy,hjdb,1.0,1.0,1.0,1.0,0.9880778443432076,0.9903624781239468,1.0,1.0
hjdb/hjdb_Dub_War_Chapter_1_(Raw_Mix)/track.npy,hjdb,1.0,1.0,1.0,1.0,0.9709923120074258,0.9665721673915073,1.0,1.0
hjdb/hjdb_Dub_War_Chapter_1_(The_Mix_Strikes_Back)/track.npy,hjdb,1.0,1.0,1.0,1.0,0.9818080836524904,0.9752893107965174,1.0,1.0
hjdb/hjdb_Dub_War_Chapter_2/track.npy,hjdb,1.0,1.0,1.0,1.0,0.9817751821707414,0.9818943258768786,1.0,1.0
hjdb/hjdb_Fuckin_Hardcore/track.npy,hjdb,1.0,1.0,1.0,1.0,0.9678424756425074,0.9652323111160414,1.0,1.0
hjdb/hjdb_Future_Followers/track.npy,hjdb,1.0,1.0,1.0,1.0,0.9783661231208785,0.987592449521298,1.0,1.0
hjdb/hjdb_Future_Followers_(Remix)/track.npy,hjdb,0.9879518072289156,1.0,0.9879518072289156,1.0,0.9626306763948927,0.977817839503993,0.993939393939394,1.0
hjdb/hjdb_Hey_DJ/track.npy,hjdb,1.0,1.0,1.0,1.0,0.9827012127761713,0.9727110675936708,1.0,1.0
hjdb/hjdb_In_Effect/track.npy,hjdb,1.0,1.0,1.0,1.0,0.9833542413657218,0.9891948638897148,1.0,1.0
hjdb/hjdb_Livin_In_A_Dream/track.npy,hjdb,0.9922480620155039,1.0,0.9922480620155039,1.0,0.9797793968624275,0.9869051022199286,0.9961089494163424,1.0
hjdb/hjdb_Merder_Style/track.npy,hjdb,0.9803921568627451,0.9230769230769231,0.9803921568627451,0.9230769230769231,0.9730895003505322,0.9313700322421077,0.99009900990099,0.9600000000000001
hjdb/hjdb_Method_To_My_Madness/track.npy,hjdb,0.9636363636363636,0.8666666666666667,0.9636363636363636,0.8666666666666667,0.9494972717008908,0.8901241808242729,0.9814814814814815,0.9285714285714286
hjdb/hjdb_Mystic_Stepper_(Feel_Better)/track.npy,hjdb,1.0,1.0,1.0,1.0,0.9699281290523707,0.9659300018040229,1.0,1.0
hjdb/hjdb_News_At_Ten/track.npy,hjdb,1.0,1.0,1.0,1.0,0.9822091626839032,0.9873883799399443,1.0,1.0
hjdb/hjdb_Obsession_(Musics_So_Wonderful)/track.npy,hjdb,1.0,1.0,1.0,1.0,0.9758123790116786,0.9840844902656165,1.0,1.0
hjdb/hjdb_Obsession_(The_Only_Remix)/track.npy,hjdb,1.0,1.0,1.0,1.0,0.981736712682133,0.9838769468206069,1.0,1.0
hjdb/hjdb_Obsessions/track.npy,hjdb,0.7124183006535948,0.6111111111111112,0.7124183006535948,0.6111111111111112,0.7891413991640609,0.6331777653514812,0.8080808080808081,0.647887323943662
hjdb/hjdb_Pennywise/track.npy,hjdb,1.0,1.0,1.0,1.0,0.9455616203975122,0.9458948478366926,1.0,1.0
hjdb/hjdb_Rockin_Down_The_House/track.npy,hjdb,0.9858490566037735,0.9814814814814815,0.9858490566037735,0.9814814814814815,0.9491821428939982,0.9599383457453455,0.9928741092636578,0.9906542056074767
hjdb/hjdb_Something_I_Feel_(2_Bad_Mice_Remix)/track.npy,hjdb,1.0,1.0,1.0,1.0,0.9782105098445742,0.9769088435662141,1.0,1.0
hjdb/hjdb_Something_New_Pt1/track.npy,hjdb,1.0,1.0,1.0,1.0,0.9739296341705429,0.9731892056962671,1.0,1.0
hjdb/hjdb_Something_New_Pt2/track.npy,hjdb,1.0,1.0,1.0,1.0,0.9736060540050011,0.985973948109944,1.0,1.0
hjdb/hjdb_String_Of_Darkness/track.npy,hjdb,1.0,1.0,1.0,1.0,0.971466558007672,0.9670884838748728,1.0,1.0
hjdb/hjdb_Superpod/track.npy,hjdb,1.0,1.0,1.0,1.0,0.977622404234072,0.9813099246079681,1.0,1.0
hjdb/hjdb_The_R/track.npy,hjdb,1.0,1.0,1.0,1.0,0.9853944270306556,0.9886698690765026,1.0,1.0
hjdb/hjdb_Tibetan_Jungle/track.npy,hjdb,1.0,1.0,1.0,1.0,0.9845326715042877,0.9829415388401358,1.0,1.0
hjdb/hjdb_Tiger_Style/track.npy,hjdb,1.0,1.0,1.0,1.0,0.9692394477560536,0.9784001860803158,1.0,1.0
hjdb/hjdb_Unity/track.npy,hjdb,1.0,1.0,1.0,1.0,0.9812380260329544,0.9787199646368311,1.0,1.0
hjdb/hjdb_We_Are_Hardcore/track.npy,hjdb,1.0,1.0,1.0,1.0,0.9778618390913315,0.9883538589043518,1.0,1.0
jaah/jaah_006-jelly_roll_mortons_red_hot_peppers-black_bottom_stomp/track.npy,jaah,0.7878017789072427,0.8223350253807107,0.7878017789072427,0.8223350253807107,0.7977883566697733,0.7712624072909602,0.9523809523809523,0.9496021220159151
jaah/jaah_016-the_benny_goodman_sextet-breakfast_feud_composite_feat_charlie_christian/track.npy,jaah,0.989517819706499,0.9915966386554622,0.989517819706499,0.9915966386554622,0.9639620254241705,0.9607788501463084,0.9968520461699895,0.9957805907172996
jaah/jaah_018-duke_ellington_his_orchestra-cotton_tail/track.npy,jaah,0.9771197846567967,0.9263157894736842,0.9771197846567967,0.9263157894736842,0.9454447721145292,0.9222021524343118,0.9925725860904795,0.9625668449197862
jaah/jaah_019-ella_fitzgerald_duke_ellington_orchestra-cotton_tail/track.npy,jaah,0.8871119473189087,0.8115384615384615,0.8871119473189087,0.8115384615384615,0.8701962195484317,0.7957500221054027,0.9779270633397312,0.883720930232558
jaah/jaah_030-count_basie_his_orchestra-doggin_around/track.npy,jaah,0.9958100558659218,0.6633165829145728,0.9958100558659218,0.6633165829145728,0.9651310328686413,0.7715290919276134,0.9972067039106145,0.7936507936507937
jaah/jaah_042-clark_terrybob_brookmeyer_quintet-haig_haig/track.npy,jaah,0.9817880794701986,0.7483443708609272,0.9817880794701986,0.7483443708609272,0.965468014661526,0.8221000142626462,0.9925187032418953,0.8442211055276382
jaah/jaah_050-dizzy_gillespie_sextet-i_cant_get_started/track.npy,jaah,0.9542857142857143,0.6046511627906976,0.9542857142857143,0.6046511627906976,0.8386046930954114,0.6195259315416122,0.9455587392550143,0.7294117647058824
jaah/jaah_056-bud_powell-indiana/track.npy,jaah,0.6901579586877278,0.587378640776699,0.6901579586877278,0.587378640776699,0.8561374641377334,0.7752766122188975,0.9337579617834395,0.8138297872340425
jaah/jaah_061-count_basie_and_the_kansas_city_7-lester_leaps_in/track.npy,jaah,0.987012987012987,0.9538461538461539,0.987012987012987,0.9538461538461539,0.9540658478267469,0.9471740306885614,0.9967426710097721,0.9844559585492229
jaah/jaah_072-bennie_moten_and_his_kansas_city_orchestra-moten_swing/track.npy,jaah,0.9125,0.7678571428571429,0.9125,0.7678571428571429,0.7853603884033531,0.702272570222166,0.9874804381846635,0.8562691131498471
jaah/jaah_081-sonny_rollins-pentup_house/track.npy,jaah,0.8831011508176863,0.7917675544794189,0.8831011508176863,0.7917675544794189,0.8914158069365701,0.8172812665291085,0.9389984825493172,0.8603491271820449
jaah/jaah_094-louis_armstrong_his_orchestra-sweethearts_on_parade/track.npy,jaah,0.9926108374384236,1.0,0.9926108374384236,1.0,0.9414732957041608,0.9457341775234328,0.9876847290640394,1.0
jaah/jaah_100-fletcher_henderson_and_his_orchestra-the_stampede/track.npy,jaah,0.45850914205344584,0.8531073446327684,0.45850914205344584,0.8531073446327684,0.49435665934262996,0.47008812070987926,0.8112676056338027,0.7836257309941521
jaah/jaah_108-lionel_hampton_and_his_orchestra-when_lights_are_low/track.npy,jaah,0.9976019184652278,0.9134615384615384,0.9976019184652278,0.9134615384615384,0.871361524698259,0.8116910325338355,0.9987995198079231,0.9230769230769231
rwc/rwc_classical_CD1_04/track.npy,rwc_classical,0.4636363636363636,0.18235294117647058,0.4636363636363636,0.18235294117647058,0.28088324249447816,0.15690672319836207,0.3811320754716981,0.22360248447204967
rwc/rwc_classical_CD4_07/track.npy,rwc_classical,0.5091863517060368,0.42105263157894735,0.5091863517060368,0.005263157894736842,0.7394701903122333,0.5192854963836439,0.8502994011976048,0.5650557620817844
rwc/rwc_classical_CD4_11/track.npy,rwc_classical,0.9297297297297298,0.9836065573770492,0.9297297297297298,0.9836065573770492,0.7698266875146589,0.7445895033093461,0.9589041095890412,0.9752066115702478
rwc/rwc_classical_CD4_13/track.npy,rwc_classical,0.5508982035928144,0.8208955223880597,0.5508982035928144,0.09836065573770492,0.659435598651233,0.6395056775221126,0.8637873754152824,0.7157894736842105
rwc/rwc_classical_CD4_15/track.npy,rwc_classical,0.6871165644171779,0.7948717948717948,0.6871165644171779,0.7948717948717948,0.6663303647273707,0.6518854840847014,0.8131147540983606,0.7837837837837838
rwc/rwc_classical_CD4_16/track.npy,rwc_classical,0.8699186991869918,0.8813559322033898,0.8699186991869918,0.0,0.7356763360493292,0.6026706249048812,0.9377593360995852,0.6067415730337079
rwc/rwc_classical_CD5_07/track.npy,rwc_classical,0.09427609427609428,0.4573643410852713,0.09427609427609428,0.2647058823529412,0.5045658473584683,0.7136403446251123,0.5420560747663551,0.7305389221556887
rwc/rwc_classical_CD6_13/track.npy,rwc_classical,0.31106471816283926,0.23076923076923078,0.12473118279569892,0.23076923076923078,0.44156555663333774,0.3897767584881017,0.524822695035461,0.5029239766081871
rwc/rwc_jazz_CD1_09/track.npy,rwc_jazz,0.38697318007662834,0.8440366972477065,0.38697318007662834,0.8440366972477065,0.5100988766489981,0.5617819700294927,0.6430062630480167,0.7196261682242989
rwc/rwc_jazz_CD1_14/track.npy,rwc_jazz,0.8506024096385543,0.897196261682243,0.8506024096385543,0.897196261682243,0.7628580126305036,0.7516355405174111,0.8722358722358722,0.8502415458937198
rwc/rwc_jazz_CD1_15/track.npy,rwc_jazz,0.6488970588235294,0.7513812154696132,0.6488970588235294,0.7513812154696132,0.6177637854270634,0.6464646566846776,0.7599243856332704,0.7528735632183907
rwc/rwc_jazz_CD2_01/track.npy,rwc_jazz,0.8196392785571143,0.8488372093023255,0.8196392785571143,0.8488372093023255,0.8295751745602524,0.8109612034105725,0.9343065693430657,0.9180327868852459
rwc/rwc_jazz_CD2_08/track.npy,rwc_jazz,0.43902439024390244,0.9742268041237113,0.43902439024390244,0.9742268041237113,0.6428038235256506,0.7714816114865591,0.7854454203262232,0.9533678756476685
rwc/rwc_jazz_CD2_10/track.npy,rwc_jazz,0.9506398537477148,0.8736263736263736,0.9506398537477148,0.8736263736263736,0.7343537625171666,0.7106441515646995,0.9002744739249771,0.8676056338028169
rwc/rwc_popular_CD1_08/track.npy,rwc_popular,0.9766233766233766,0.9791666666666666,0.9766233766233766,0.9791666666666666,0.8958076994728609,0.892046328722799,0.9881734559789751,0.9894736842105264
rwc/rwc_popular_CD1_10/track.npy,rwc_popular,0.9976076555023924,0.9904761904761905,0.9976076555023924,0.9904761904761905,0.9712273945663785,0.9657191772071178,0.9988023952095809,0.9952153110047847
rwc/rwc_popular_CD3_03/track.npy,rwc_popular,0.9922779922779923,1.0,0.9922779922779923,1.0,0.9512854479442385,0.9527031056123035,0.9961240310077519,1.0
rwc/rwc_popular_CD4_01/track.npy,rwc_popular,0.9954853273137697,0.990990990990991,0.9954853273137697,0.990990990990991,0.967883335467488,0.9762182452221941,0.9977375565610859,0.9954751131221719
rwc/rwc_popular_CD4_07/track.npy,rwc_popular,0.986159169550173,0.9861111111111112,0.986159169550173,0.9861111111111112,0.9519135584826027,0.9562755775294387,0.9930555555555556,0.993006993006993
rwc/rwc_popular_CD5_03/track.npy,rwc_popular,0.9153005464480874,0.7075471698113207,0.9153005464480874,0.7075471698113207,0.9229252196309162,0.8821697079832537,0.9721448467966574,0.9072164948453608
rwc/rwc_popular_CD5_09/track.npy,rwc_popular,0.8466453674121406,0.9493670886075949,0.8466453674121406,0.9493670886075949,0.7405884880281344,0.7442684533283882,0.9132569558101473,0.9299363057324842
rwc/rwc_popular_CD5_10/track.npy,rwc_popular,1.0,0.9722222222222222,1.0,0.9722222222222222,0.8885881591641365,0.8437583590923793,1.0,0.993006993006993
rwc/rwc_popular_CD6_03/track.npy,rwc_popular,0.48466257668711654,0.48360655737704916,0.3422680412371134,0.48360655737704916,0.7932671227988422,0.8071234649953043,0.8014796547472256,0.8387096774193549
rwc/rwc_popular_CD6_06/track.npy,rwc_popular,1.0,1.0,1.0,1.0,0.9483316619369209,0.9389119589449768,1.0,1.0
rwc/rwc_popular_CD6_10/track.npy,rwc_popular,0.9893617021276596,1.0,0.9893617021276596,1.0,0.9506997958273442,0.9497046991703995,0.993766696349065,1.0
rwc/rwc_popular_CD7_08/track.npy,rwc_popular,0.9944444444444445,1.0,0.9944444444444445,1.0,0.9735584962874033,0.9737172894519392,0.9958275382475661,1.0
rwc/rwc_royalty-free_CD1_09/track.npy,rwc_royalty-free,0.9917695473251029,0.9876543209876543,0.9917695473251029,0.9876543209876543,0.7365606992699237,0.7541863200358925,0.9958677685950413,0.9937888198757764
rwc/rwc_royalty-free_CD1_10/track.npy,rwc_royalty-free,0.6127819548872181,0.7575757575757576,0.6127819548872181,0.7575757575757576,0.668351268746254,0.7071662268848568,0.8898128898128899,0.9354838709677419
simac/simac_A_vida_me_fez_assim_06-Peito_sangrando/track.npy,simac,0.8076923076923077,0.0,0.8076923076923077,0.0,0.8608418951955452,0.0,0.8936170212765957,0.0
simac/simac_A_vida_me_fez_assim_07-A_borboleta_e_o_passarinho/track.npy,simac,0.5789473684210527,0.0,0.5789473684210527,0.0,0.674259684076793,0.0,0.7692307692307692,0.0
simac/simac_A_vida_me_fez_assim_09-Um_calo_de_estimacao/track.npy,simac,1.0,0.0,1.0,0.0,0.9359915894179176,0.0,1.0,0.0
simac/simac_Alfagamabetizado_02-Pandeiro-Deiro/track.npy,simac,0.9117647058823529,0.0,0.9117647058823529,0.0,0.9286313605708384,0.0,0.955223880597015,0.0
simac/simac_Alfagamabetizado_16-Vanju_Concessa/track.npy,simac,0.9,0.0,0.9,0.0,0.892806190007484,0.0,0.9473684210526316,0.0
simac/simac_Amber_08-Further/track.npy,simac,0.5128205128205128,0.0,0.0,0.0,0.5018149369376115,0.0,0.23880597014925373,0.0
simac/simac_As_time_goes_by_disk_3_06-Mr._Magic/track.npy,simac,0.7407407407407407,0.0,0.7407407407407407,0.0,0.702047574954234,0.0,0.8085106382978724,0.0
simac/simac_As_time_goes_by_disk_3_10-Bridges/track.npy,simac,0.8076923076923077,0.0,0.8076923076923077,0.0,0.7577462874476539,0.0,0.8936170212765957,0.0
simac/simac_As_time_goes_by_disk_3_11-You_swell/track.npy,simac,0.8,0.0,0.8,0.0,0.8226851181813964,0.0,0.888888888888889,0.0
simac/simac_As_time_goes_by_disk_3_13-The_most_beautiful_girl_in_the_world/track.npy,simac,0.65,0.0,0.65,0.0,0.7110195576298717,0.0,0.8266666666666667,0.0
simac/simac_BACH_WTC_01-Prelude_and_Fugue_No._1_in_C_major_BWV_870_-_1._Praeludium/track.npy,simac,0.9230769230769231,0.0,0.9230769230769231,0.0,0.9386219888367034,0.0,0.9600000000000001,0.0
simac/simac_Bach_The_Well-Tempered_Clavier_II_(Disc_1)_10-Prelude_and_Fugue_No._5_in_D_major_BWV_874_-_2._Fuga/track.npy,simac,0.9047619047619048,0.0,0.9047619047619048,0.0,0.9264906697570602,0.0,0.9500000000000001,0.0
simac/simac_Bach_The_Well-Tempered_Clavier_II_(Disc_1)_22-Prelude_and_Fugue_No._11_in_F_major_BWV_880_-_2._Fuga/track.npy,simac,1.0,0.0,0.0,0.0,0.8010411977915131,0.0,0.6799999999999999,0.0
simac/simac_Bach_The_Well-Tempered_Clavier_II_(Disc_2)_09-Prelude_and_Fugue_No._17_A-flat_major_BWV_886_-_1._Praeludium/track.npy,simac,0.875,0.0,0.875,0.0,0.8620373162385407,0.0,0.9333333333333333,0.0
simac/simac_Beethoven_-_The_String_Quartets_#1_01-F_major_op._18_no._1_-_Allegro_con_brio/track.npy,simac,0.48,0.0,0.48,0.0,0.6788599188864031,0.0,0.7619047619047621,0.0
simac/simac_Beethoven_-_The_String_Quartets_#1_08-G_major_op._18_no._2_-_Allegro_molto_quasi_Presto/track.npy,simac,0.7,0.0,0.0,0.0,0.6487069327405994,0.0,0.5217391304347826,0.0
simac/simac_Beethoven_-_The_String_Quartets_#1_09-D_major_op._18_no._3_-_Allegro/track.npy,simac,0.8571428571428571,0.0,0.8571428571428571,0.0,0.7822458273941831,0.0,0.923076923076923,0.0
simac/simac_Bela_Bartok_07-The_Miraculous_Mandarin_7.1_Agitato_7.2_Molto_moderato/track.npy,simac,0.7333333333333333,0.0,0.0,0.0,0.14956631733798617,0.0,0.0,0.0
simac/simac_Bernstein_conducts_Stravinsky_15-Petrouchka_scene_1_-_The_shrovetide_fair/track.npy,simac,0.46153846153846156,0.0,0.0,0.0,0.3532763893957545,0.0,0.14285714285714285,0.0
simac/simac_Cafe_Zimmermann_01-3e_Concert_Brandebourgeois_en_sol_majeur_BWV_1048_-_Allegro_-_Adagio/track.npy,simac,0.7105263157894737,0.0,0.7105263157894737,0.0,0.8009733023809122,0.0,0.8307692307692308,0.0
simac/simac_Cafe_Zimmermann_05-Concerto_pour_deux_violons_&_cordes_en_r_mineur_BWV_1043_-_Allegro/track.npy,simac,0.7297297297297297,0.0,0.7297297297297297,0.0,0.8216287354491869,0.0,0.8484848484848485,0.0
simac/simac_Concert_08-4._Allegro/track.npy,simac,0.7317073170731707,0.0,0.7317073170731707,0.0,0.7617404364751211,0.0,0.8450704225352113,0.0
simac/simac_Concert_15-3._Bourre/track.npy,simac,0.717948717948718,0.0,0.717948717948718,0.0,0.7445681150146765,0.0,0.835820895522388,0.0
simac/simac_Concert_19-3._Largo_e_staccato/track.npy,simac,0.7647058823529411,0.0,0.0,0.0,0.6939218609548459,0.0,0.6190476190476191,0.0
simac/simac_DGG_419_047-2_04-Praludium_u._Fuge_f-moll_BWV_534_-_II_Fuge/track.npy,simac,0.64,0.0,0.16666666666666666,0.0,0.4770788274080934,0.0,0.5945945945945945,0.0
simac/simac_DGG_419_047-2_11-Triosonate_Nr._1_Es-Dur_BWV_525_-_II_Adagio/track.npy,simac,0.8076923076923077,0.0,0.8076923076923077,0.0,0.7273563272571614,0.0,0.8085106382978723,0.0
simac/simac_Ella_&_Louis_05-Youll_Have_To_Swing_It/track.npy,simac,0.7272727272727273,0.0,0.7272727272727273,0.0,0.5301456454608972,0.0,0.7692307692307693,0.0
simac/simac_Ella_&_Louis_09-Oh_Lady_Be_Good/track.npy,simac,0.4523809523809524,0.0,0.19047619047619047,0.0,0.4589360254405339,0.0,0.3243243243243243,0.0
simac/simac_Eres_luz_12-Genios_(Rumba-Cancion)/track.npy,simac,0.8387096774193549,0.0,0.8387096774193549,0.0,0.811599015339295,0.0,0.9122807017543859,0.0
simac/simac_Eventail_10-Prld1/track.npy,simac,0.375,0.0,0.375,0.0,0.5404317781090233,0.0,0.5714285714285715,0.0
simac/simac_Fado_01-AudioTrack_01/track.npy,simac,0.43478260869565216,0.0,0.43478260869565216,0.0,0.6187660279026608,0.0,0.704225352112676,0.0
simac/simac_Fado_04-AudioTrack_04/track.npy,simac,0.7777777777777778,0.0,0.7777777777777778,0.0,0.4901390095293108,0.0,0.75,0.0
simac/simac_Family_Tree_-_Greatest_Hits_As_Chosen_By_Bjork_11-Pagan_Poetry/track.npy,simac,0.7727272727272727,0.0,0.7727272727272727,0.0,0.7107530235120044,0.0,0.8205128205128205,0.0
simac/simac_Gold_-_Greatest_Hits_03-Take_A_Chance_On_Me/track.npy,simac,0.9310344827586207,0.0,0.9310344827586207,0.0,0.922128655744065,0.0,0.9642857142857143,0.0
simac/simac_Ludwid_van_Beethoven_04-IV._Finale/track.npy,simac,0.75,0.0,0.75,0.0,0.8164188880360278,0.0,0.8421052631578947,0.0
simac/simac_Niandra_LaDes_and_Usually_Just_a_T-Shirt_05-Curtains/track.npy,simac,0.17391304347826086,0.0,0.17391304347826086,0.0,0.37271656914162876,0.0,0.380952380952381,0.0
simac/simac_Niandra_LaDes_and_Usually_Just_a_T-Shirt_15-Usually_Just_a_T-Shirt_Untitled_3/track.npy,simac,0.8157894736842105,0.0,0.8157894736842105,0.0,0.7738400619933931,0.0,0.8888888888888888,0.0
simac/simac_Niandra_LaDes_and_Usually_Just_a_T-Shirt_21-Usually_Just_a_T-Shirt_Untitled_9/track.npy,simac,0.7407407407407407,0.0,0.7407407407407407,0.0,0.792344230841101,0.0,0.851063829787234,0.0
simac/simac_Papakonstantinou_03-AudioTrack_03/track.npy,simac,0.9411764705882353,0.0,0.9411764705882353,0.0,0.6869827406348962,0.0,0.787878787878788,0.0
simac/simac_Papakonstantinou_09-AudioTrack_09/track.npy,simac,0.8214285714285714,0.0,0.03571428571428571,0.0,0.725409561196248,0.0,0.6341463414634146,0.0
simac/simac_Papakonstantinou_19-AudioTrack_19/track.npy,simac,0.10204081632653061,0.0,0.08,0.0,0.375614591223287,0.0,0.391304347826087,0.0
simac/simac_Primer_Aliento_14-Sintonia_de_la_moda_estandarizada/track.npy,simac,0.7837837837837838,0.0,0.7837837837837838,0.0,0.8416178269032161,0.0,0.8787878787878788,0.0
simac/simac_Primer_Aliento_18-La_cicatriz_en_la_fabrica_roja/track.npy,simac,0.9090909090909091,0.0,0.9090909090909091,0.0,0.8615770619663157,0.0,0.9523809523809523,0.0
simac/simac_R.A.F.I_10-Loot/track.npy,simac,1.0,0.0,1.0,0.0,0.9699443885194968,0.0,1.0,0.0
simac/simac_R.A.F.I_11-Dub_Mentality/track.npy,simac,0.9565217391304348,0.0,0.9565217391304348,0.0,0.9638301802364193,0.0,0.9777777777777777,0.0
simac/simac_Samba_na_Madrugada_01-Arvoredo/track.npy,simac,0.65625,0.0,0.65625,0.0,0.7236680993764008,0.0,0.7924528301886793,0.0
simac/simac_Samba_na_Madrugada_02-Maioria_sem_Nenhum/track.npy,simac,0.5517241379310345,0.0,0.5517241379310345,0.0,0.7191089757596691,0.0,0.7843137254901961,0.0
simac/simac_Selling_England_By_The_Pound_02-I_Know_What_I_Like_In_Your_Wardrobe_/track.npy,simac,0.8076923076923077,0.0,0.8076923076923077,0.0,0.7559253733465922,0.0,0.8510638297872339,0.0
simac/simac_Songs_Alfredo_-_Ahora_somos_felices/track.npy,simac,0.9090909090909091,0.0,0.9090909090909091,0.0,0.9052484628877705,0.0,0.9523809523809523,0.0
simac/simac_Tales_Of_Mystery_And_Imagination_04-The_Cask_Of_Amontillado/track.npy,simac,0.0,0.0,0.0,0.0,0.2824820098670734,0.0,0.32,0.0
simac/simac_Tanto_Tempo_04-Sem_Contencao/track.npy,simac,0.8484848484848485,0.0,0.0,0.0,0.7522662697276961,0.0,0.6222222222222222,0.0
simac/simac_Tanto_Tempo_10-Samba_e_Amor/track.npy,simac,0.4594594594594595,0.0,0.0,0.0,0.46061762405881174,0.0,0.43137254901960786,0.0
simac/simac_The_Crackdown_01-24-24/track.npy,simac,0.8125,0.0,0.8125,0.0,0.8591069815386623,0.0,0.896551724137931,0.0
simac/simac_The_Crackdown_06-Just_Fascination/track.npy,simac,0.8387096774193549,0.0,0.8387096774193549,0.0,0.8785622424835826,0.0,0.9122807017543859,0.0
simac/simac_The_Crackdown_13-Moscow/track.npy,simac,0.7428571428571429,0.0,0.0,0.0,0.6140932287407257,0.0,0.5714285714285715,0.0
simac/simac_VOL.3_Musiques_pour_guitare_et_violoncelle_03-3._Berceuse_(Lento_molto)/track.npy,simac,0.95,0.0,0.95,0.0,0.9217373582968441,0.0,0.9743589743589743,0.0
simac/simac_VOL.3_Musiques_pour_guitare_et_violoncelle_07-H._Villa-lobos_Bachianas_Brasileiras_No.5_(Aria)/track.npy,simac,0.7058823529411765,0.0,0.7058823529411765,0.0,0.7427212439447134,0.0,0.8275862068965517,0.0
simac/simac_Xatzidakis_06-AudioTrack_06/track.npy,simac,0.0,0.0,0.0,0.0,0.3505923107419945,0.0,0.3859649122807018,0.0
simac/simac_Xatzidakis_09-AudioTrack_09/track.npy,simac,0.8571428571428571,0.0,0.8571428571428571,0.0,0.7650019140671196,0.0,0.8717948717948718,0.0
simac/simac_blues_roots_tensions/track.npy,simac,0.7777777777777778,0.0,0.7777777777777778,0.0,0.7177605348815904,0.0,0.8437499999999999,0.0
simac/simac_greek_07_Pikrodafni/track.npy,simac,0.8181818181818182,0.0,0.8181818181818182,0.0,0.8465418826316363,0.0,0.9,0.0
simac/simac_more_greek_05_Odysseas/track.npy,simac,0.8214285714285714,0.0,0.8214285714285714,0.0,0.7005953179208196,0.0,0.8148148148148148,0.0
simac/simac_more_greek_Anagnwstopoulos_-_Hr8a_ki_apopse_sta_skalopatia_sou/track.npy,simac,0.8571428571428571,0.0,0.8571428571428571,0.0,0.7372008950158391,0.0,0.8205128205128205,0.0
simac/simac_more_greek_Gkoles_-_O_pasatempos/track.npy,simac,0.8076923076923077,0.0,0.8076923076923077,0.0,0.8027018375176935,0.0,0.8936170212765957,0.0
simac/simac_more_greek_Glykeria_-_Den_les_kouventa/track.npy,simac,0.8333333333333334,0.0,0.8333333333333334,0.0,0.8274562640957234,0.0,0.9090909090909091,0.0
simac/simac_more_greek_Kazantzidis_-_Oti_agapaw_egw_pe8ainei/track.npy,simac,0.8,0.0,0.8,0.0,0.705788851620357,0.0,0.888888888888889,0.0
simac/simac_more_greek_Mosxoliou_Gkika_-_Den_klaiw_gia_twra/track.npy,simac,0.0,0.0,0.0,0.0,0.386005069687734,0.0,0.5,0.0
simac/simac_more_greek_Mpellou_-_Antilaloune_ta_vouna/track.npy,simac,0.8888888888888888,0.0,0.8888888888888888,0.0,0.7952674674656753,0.0,0.9411764705882353,0.0
simac/simac_more_greek_Mpellou_-_Min_klais/track.npy,simac,0.5555555555555556,0.0,0.0,0.0,0.43712575317402225,0.0,0.3888888888888889,0.0
simac/simac_more_greek_Mpi8ikwtsis_-_Aspri_mera/track.npy,simac,0.8,0.0,0.8,0.0,0.7881739661905957,0.0,0.888888888888889,0.0
simac/simac_more_greek_Mpi8ikwtsis_-_Mana_mou_kai_Panagia/track.npy,simac,0.7142857142857143,0.0,0.7142857142857143,0.0,0.6597422641829884,0.0,0.7777777777777778,0.0
simac/simac_more_greek_Poulopoulos_-_Kamaroula_mia_stalia/track.npy,simac,0.7894736842105263,0.0,0.7894736842105263,0.0,0.7205423840652474,0.0,0.8823529411764706,0.0
simac/simac_more_greek_Smokovitis_-_Mi_mou_8ymwneis_matia_mou/track.npy,simac,0.8125,0.0,0.8125,0.0,0.6951390458676386,0.0,0.8275862068965517,0.0
simac/simac_selected_ambient_works_8592_pulsewidth/track.npy,simac,0.9666666666666667,0.0,0.0,0.0,0.7308843701202554,0.0,0.6666666666666666,0.0
smc/smc_017/track.npy,smc,0.7446808510638298,0.0,0.7446808510638298,0.0,0.6166536314384263,0.0,0.8314606741573034,0.0
smc/smc_033/track.npy,smc,0.5789473684210527,0.0,0.5789473684210527,0.0,0.4165350618028502,0.0,0.5818181818181818,0.0
smc/smc_038/track.npy,smc,0.7631578947368421,0.0,0.7631578947368421,0.0,0.6784921871824727,0.0,0.7837837837837838,0.0
smc/smc_056/track.npy,smc,0.23931623931623933,0.0,0.06862745098039216,0.0,0.3003351925815372,0.0,0.3105590062111801,0.0
smc/smc_059/track.npy,smc,0.006097560975609756,0.0,0.0,0.0,0.4322212824071758,0.0,0.3980582524271844,0.0
smc/smc_060/track.npy,smc,0.5853658536585366,0.0,0.5853658536585366,0.0,0.3937280805607623,0.0,0.54320987654321,0.0
smc/smc_073/track.npy,smc,0.7755102040816326,0.0,0.7755102040816326,0.0,0.7134734752579206,0.0,0.8666666666666666,0.0
smc/smc_075/track.npy,smc,0.5957446808510638,0.0,0.5957446808510638,0.0,0.40949537368595146,0.0,0.5813953488372093,0.0
smc/smc_095/track.npy,smc,0.6808510638297872,0.0,0.6808510638297872,0.0,0.5757883914768276,0.0,0.7555555555555555,0.0
smc/smc_098/track.npy,smc,0.66,0.0,0.07,0.0,0.5754592938319465,0.0,0.6442953020134228,0.0
smc/smc_114/track.npy,smc,0.5789473684210527,0.0,0.5789473684210527,0.0,0.542259557980089,0.0,0.631578947368421,0.0
smc/smc_121/track.npy,smc,0.41935483870967744,0.0,0.41935483870967744,0.0,0.31027483878603357,0.0,0.5098039215686274,0.0
smc/smc_124/track.npy,smc,0.6296296296296297,0.0,0.6296296296296297,0.0,0.3154622218445733,0.0,0.4565217391304348,0.0
smc/smc_137/track.npy,smc,0.4074074074074074,0.0,0.4074074074074074,0.0,0.5700399842175777,0.0,0.7540983606557377,0.0
smc/smc_139/track.npy,smc,0.8979591836734694,0.0,0.0,0.0,0.4775952798319722,0.0,0.5277777777777779,0.0
smc/smc_140/track.npy,smc,0.6029411764705882,0.0,0.6029411764705882,0.0,0.5002119602329965,0.0,0.6875,0.0
smc/smc_147/track.npy,smc,0.10344827586206896,0.0,0.10344827586206896,0.0,0.3562747377861988,0.0,0.4600000000000001,0.0
smc/smc_166/track.npy,smc,0.9787234042553191,0.0,0.9787234042553191,0.0,0.7235808167728809,0.0,0.9032258064516129,0.0
smc/smc_172/track.npy,smc,0.22413793103448276,0.0,0.22413793103448276,0.0,0.27257511797210415,0.0,0.3725490196078432,0.0
smc/smc_206/track.npy,smc,0.5384615384615384,0.0,0.5384615384615384,0.0,0.5777890548603573,0.0,0.6575342465753424,0.0
smc/smc_207/track.npy,smc,0.9850746268656716,0.0,0.9850746268656716,0.0,0.7373186052431989,0.0,0.8955223880597015,0.0
smc/smc_214/track.npy,smc,0.45454545454545453,0.0,0.45454545454545453,0.0,0.34120775818489296,0.0,0.4210526315789474,0.0
smc/smc_225/track.npy,smc,0.012048192771084338,0.0,0.0,0.0,0.28520377721807355,0.0,0.35185185185185186,0.0
smc/smc_254/track.npy,smc,0.25,0.0,0.017543859649122806,0.0,0.1783959909727188,0.0,0.14285714285714285,0.0
smc/smc_258/track.npy,smc,0.21153846153846154,0.0,0.21153846153846154,0.0,0.2350376584072897,0.0,0.33707865168539325,0.0
smc/smc_263/track.npy,smc,0.5555555555555556,0.0,0.5555555555555556,0.0,0.5688705716471002,0.0,0.7076923076923076,0.0
smc/smc_273/track.npy,smc,1.0,0.0,1.0,0.0,0.8303521488981226,0.0,1.0,0.0
tapcorrect/008_youtube_bg7RjxsghNY/track.npy,tapcorrect,0.9967948717948718,0.8625,0.9967948717948718,0.8625,0.9298278914562976,0.8669029957658279,0.9983948635634029,0.9240506329113924
tapcorrect/014_youtube_53FGAgfYVsw/track.npy,tapcorrect,0.412568306010929,0.7727272727272727,0.412568306010929,0.7727272727272727,0.7417208960875241,0.7222007044646662,0.746875,0.7435897435897436
tapcorrect/017_youtube_S6Nt1ssPLBA/track.npy,tapcorrect,0.9970414201183432,0.7411764705882353,0.9970414201183432,0.7411764705882353,0.978282726900599,0.8112606775559972,0.9985185185185186,0.8284023668639053
tapcorrect/020_youtube_0WrjMeHsfgM/track.npy,tapcorrect,0.9327102803738317,0.9629629629629629,0.9327102803738317,0.9629629629629629,0.9405102641797825,0.9388111449338616,0.9772727272727273,0.9774436090225563
tapcorrect/027_youtube_iYYRH4apXDo/track.npy,tapcorrect,0.5795620437956205,0.5321637426900585,0.14497041420118342,0.23076923076923078,0.7149376838914323,0.6944557404351573,0.6692836113837095,0.6899563318777292
tapcorrect/029_youtube_41TNDPn9x2Y/track.npy,tapcorrect,0.8271604938271605,0.85,0.8271604938271605,0.85,0.8619353414283453,0.8625875778665534,0.8896000000000001,0.8846153846153847
tapcorrect/036_youtube__-xZYhm6QgQ/track.npy,tapcorrect,0.994579945799458,0.978494623655914,0.0,0.010869565217391304,0.8006594954630806,0.8066181675058308,0.6654611211573237,0.6762589928057554
tapcorrect/045_youtube_SYUgGs9IStY/track.npy,tapcorrect,0.7286652078774617,0.5794392523364486,0.15443037974683543,0.16,0.7957123403788811,0.6951810765858848,0.7307692307692306,0.6623376623376623
tapcorrect/051_youtube_InYVlCCEqFc/track.npy,tapcorrect,1.0,0.9824561403508771,1.0,0.9824561403508771,0.9613775027782385,0.9569300813582985,0.9978070175438597,0.9912280701754386
tapcorrect/064_youtube_Xlv1tm2h7pY/track.npy,tapcorrect,0.9692307692307692,0.8658536585365854,0.9692307692307692,0.8658536585365854,0.9336540348868583,0.8850566489464671,0.9876543209876544,0.9559748427672956
tapcorrect/075_youtube_p_6F5K_xP6Q/track.npy,tapcorrect,0.9267241379310345,0.9734513274336283,0.9267241379310345,0.9734513274336283,0.8864579239595911,0.9145910820936648,0.9526952695269527,0.9777777777777777
tapcorrect/083_youtube_HfUoCF3dmbU/track.npy,tapcorrect,0.9856459330143541,0.7272727272727273,0.9856459330143541,0.7272727272727273,0.9322032809624895,0.7688547538894289,0.9927710843373494,0.8333333333333334
tapcorrect/096_youtube_XAYhNHhxN0A/track.npy,tapcorrect,0.7921686746987951,0.8860759493670886,0.7921686746987951,0.8860759493670886,0.8907966930570902,0.8832670675140035,0.9195751138088012,0.9113924050632911
asap/Bach_Fugue_bwv_846_Shi05M/track.npy,asap,0.6638655462184874,0.3469387755102041,0.6638655462184874,0.03125,0.8491406453788072,0.3476464940060479,0.8778280542986425,0.3508771929824561
asap/Bach_Fugue_bwv_848_Denisova06M/track.npy,asap,0.9380952380952381,0.2912621359223301,0.9380952380952381,0.2463768115942029,0.9399155287540736,0.6101172766310365,0.964200477326969,0.5454545454545455
asap/Bach_Fugue_bwv_848_Lee01M/track.npy,asap,0.9714285714285714,0.4444444444444444,0.9714285714285714,0.4444444444444444,0.9498386358006344,0.5837842672962155,0.9832935560859187,0.5283018867924528
asap/Bach_Fugue_bwv_848_LeeSH01M/track.npy,asap,0.8672985781990521,0.19230769230769232,0.8672985781990521,0.07547169811320754,0.9155138320951196,0.3424995882573347,0.9374999999999999,0.27586206896551724
asap/Bach_Fugue_bwv_848_Lin04M/track.npy,asap,0.9715639810426541,0.3620689655172414,0.9715639810426541,0.3448275862068966,0.9591670217956302,0.5435033989076082,0.9904761904761905,0.4727272727272727
asap/Bach_Fugue_bwv_848_Lou01M/track.npy,asap,0.9234449760765551,0.5384615384615384,0.9234449760765551,0.5384615384615384,0.9327193065674919,0.5871940361541649,0.9544364508393286,0.6019417475728156
asap/Bach_Fugue_bwv_848_MiyashitaM01M/track.npy,asap,0.9198113207547169,0.3,0.9198113207547169,0.3,0.9393036724655082,0.6157998824352934,0.9620853080568721,0.5714285714285715
asap/Bach_Fugue_bwv_848_Mizumoto03M/track.npy,asap,0.9142857142857143,0.36666666666666664,0.9142857142857143,0.36666666666666664,0.9277442875566078,0.5932268845684001,0.9590361445783132,0.5714285714285715
asap/Bach_Fugue_bwv_848_SunY01M/track.npy,asap,0.9090909090909091,0.375,0.9090909090909091,0.375,0.901735004624127,0.639508923573034,0.9186602870813397,0.6206896551724138
asap/Bach_Fugue_bwv_848_Zhou01M/track.npy,asap,0.9095238095238095,0.5769230769230769,0.9095238095238095,0.5769230769230769,0.9393929794243502,0.5688795458204012,0.9567307692307693,0.5576923076923077
asap/Bach_Fugue_bwv_858_VuV01M/track.npy,asap,0.9259259259259259,0.4,0.9259259259259259,0.15555555555555556,0.9436765569741533,0.6015969385094133,0.9662921348314608,0.5384615384615385
asap/Bach_Fugue_bwv_858_Zhang01M/track.npy,asap,0.9398496240601504,0.7230769230769231,0.9398496240601504,0.0,0.949344690594995,0.6724982591723432,0.9772727272727273,0.5977011494252873
asap/Bach_Fugue_bwv_887_LiYZ01M/track.npy,asap,0.08374384236453201,0.4626334519572954,0.08374384236453201,0.09313725490196079,0.562694340107123,0.6010091628595315,0.5730337078651686,0.5217391304347826
asap/Bach_Prelude_bwv_858_VuV01M/track.npy,asap,0.4424778761061947,0.25,0.4424778761061947,0.25,0.7907779326696642,0.42440305965455016,0.8080808080808081,0.39215686274509803
asap/Bach_Prelude_bwv_858_Zhang01M/track.npy,asap,0.905982905982906,0.3611111111111111,0.905982905982906,0.25,0.9345066404207413,0.5190603165995414,0.9565217391304347,0.40625000000000006
asap/Bach_Prelude_bwv_870_ChenW01M/track.npy,asap,0.9253731343283582,0.5692307692307692,0.9253731343283582,0.08163265306122448,0.9597991866858337,0.6865177579725394,0.9809885931558935,0.6341463414634148
asap/Bach_Prelude_bwv_870_LeeE01M/track.npy,asap,0.9844961240310077,0.47692307692307695,0.9844961240310077,0.17307692307692307,0.9801153086753457,0.6241995335735772,0.9961089494163424,0.5882352941176471
asap/Bach_Prelude_bwv_870_MaximovI01M/track.npy,asap,0.7315436241610739,0.7846153846153846,0.7315436241610739,0.017543859649122806,0.8935450106653342,0.6936592935386415,0.9280575539568345,0.6444444444444445
asap/Bach_Prelude_bwv_876_SirajA01M/track.npy,asap,0.8636363636363636,0.1282051282051282,0.8636363636363636,0.1282051282051282,0.9169537656501251,0.4885037358962473,0.931764705882353,0.4931506849315069
asap/Bach_Prelude_bwv_876_Song01M/track.npy,asap,0.9150943396226415,0.14705882352941177,0.9150943396226415,0.14705882352941177,0.9419390111632783,0.5522785956522427,0.9640287769784172,0.5599999999999999
asap/Bach_Prelude_bwv_888_ZhaoK01M/track.npy,asap,0.9523809523809523,0.34210526315789475,0.9523809523809523,0.34210526315789475,0.9521178976515632,0.6674846094754647,0.9721115537848605,0.6376811594202899
asap/Bach_Prelude_bwv_889_Giesbrecht01M/track.npy,asap,0.6377952755905512,0.14754098360655737,0.6377952755905512,0.0967741935483871,0.7873057210539895,0.3448713674886511,0.8047808764940239,0.32786885245901637
asap/Bach_Prelude_bwv_889_LiuY01M/track.npy,asap,0.32666666666666666,0.06666666666666667,0.22666666666666666,0.03225806451612903,0.5239215147687614,0.03938377926614763,0.4306569343065693,0.034482758620689655
asap/Bach_Prelude_bwv_889_MunA01M/track.npy,asap,0.6612903225806451,0.26229508196721313,0.6612903225806451,0.0967741935483871,0.7915303811894726,0.42156824336347976,0.8016194331983806,0.39344262295081966
asap/Bach_Prelude_bwv_889_Wang01M/track.npy,asap,0.5483870967741935,0.21311475409836064,0.5483870967741935,0.05405405405405406,0.735257828206766,0.38814992459753017,0.7468879668049793,0.3529411764705882
asap/Bach_Prelude_bwv_889_YangY02M/track.npy,asap,0.3273809523809524,0.06451612903225806,0.3273809523809524,0.06451612903225806,0.689792363031421,0.13777057408802684,0.6438356164383562,0.12765957446808507
asap/Bach_Prelude_bwv_889_ZhangW02M/track.npy,asap,0.25949367088607594,0.14705882352941177,0.25949367088607594,0.14705882352941177,0.6045962357220196,0.16433736558140188,0.5622775800711743,0.15625
asap/Beethoven_Piano_Sonatas_17-3_KaszoS11M/track.npy,asap,0.2866065232477446,0.3867069486404834,0.2866065232477446,0.30561330561330563,0.601789215365915,0.6993324831593412,0.6199761241543972,0.7216748768472906
asap/Beethoven_Piano_Sonatas_17-3_USHIKI05M/track.npy,asap,0.11865569272976681,0.3687315634218289,0.11865569272976681,0.3065843621399177,0.5254176521899394,0.6762365478604604,0.537872340425532,0.6981818181818181
asap/Beethoven_Piano_Sonatas_21-2_YOO05M/track.npy,asap,0.057971014492753624,0.07547169811320754,0.021739130434782608,0.0,0.3681546399172474,0.15175141123709324,0.39378238341968913,0.15
asap/Beethoven_Piano_Sonatas_3-2_MiyashitaM04M/track.npy,asap,0.22637362637362637,0.5217391304347826,0.02857142857142857,0.17692307692307693,0.5151090021862423,0.6159015851353866,0.4732576985413291,0.6350710900473933
asap/Beethoven_Piano_Sonatas_7-1_Hebert01M/track.npy,asap,0.7522123893805309,0.45930232558139533,0.7522123893805309,0.08259587020648967,0.838372851703113,0.5396841443182461,0.865558912386707,0.5362035225048924
asap/Beethoven_Piano_Sonatas_7-1_Larionova04M/track.npy,asap,0.7536873156342183,0.611764705882353,0.7536873156342183,0.04129793510324484,0.8195455171679904,0.5734664606352871,0.8457486832204665,0.5349301397205588
asap/Beethoven_Piano_Sonatas_7-1_LeeS02M/track.npy,asap,0.803834808259587,0.47513812154696133,0.803834808259587,0.10914454277286136,0.8525759630039865,0.5911419226927884,0.8751857355126299,0.5961538461538461
asap/Beethoven_Piano_Sonatas_7-1_Wang02M/track.npy,asap,0.7193500738552437,0.4823529411764706,0.7193500738552437,0.08875739644970414,0.807287053761976,0.5232789298972933,0.8323262839879155,0.5078740157480315
asap/Beethoven_Piano_Sonatas_7-1_WangY01M/track.npy,asap,0.7069219440353461,0.5138121546961326,0.7069219440353461,0.06784660766961652,0.7907902225625424,0.5470054377007906,0.8214016578749058,0.5269230769230769
asap/Beethoven_Piano_Sonatas_7-1_ZhangE02M/track.npy,asap,0.7787610619469026,0.4858757062146893,0.7787610619469026,0.10029498525073746,0.8364708790468426,0.5415945205370838,0.8637379002233804,0.5426356589147286
asap/Beethoven_Piano_Sonatas_9-1_Tysman05M/track.npy,asap,0.6362204724409449,0.7610062893081762,0.6362204724409449,0.7610062893081762,0.8336025813271585,0.8203951786058045,0.8706677937447169,0.8636363636363636
asap/Chopin_Barcarolle_LeeSH05M/track.npy,asap,0.4678260869565217,0.5161290322580645,0.4678260869565217,0.036290322580645164,0.6634062885122692,0.4346404707623342,0.7130434782608697,0.4738292011019284
asap/Chopin_Barcarolle_Na09M/track.npy,asap,0.6037383177570094,0.49583333333333335,0.6037383177570094,0.0375,0.716427119523743,0.4393736301982621,0.7673716012084592,0.4632768361581921
asap/Chopin_Barcarolle_Ozel10M/track.npy,asap,0.5641476274165202,0.5296442687747036,0.5641476274165202,0.04743083003952569,0.6764504868390683,0.44274007438896534,0.7560738581146744,0.5108695652173914
asap/Chopin_Barcarolle_Park10M/track.npy,asap,0.44031007751937984,0.4874551971326165,0.44031007751937984,0.014336917562724014,0.6201188811236427,0.40045331971418513,0.6751131221719457,0.431472081218274
asap/Chopin_Barcarolle_Rozanski07M/track.npy,asap,0.43389830508474575,0.45627376425855515,0.43389830508474575,0.049429657794676805,0.6289942359985555,0.42459270867999843,0.6761904761904762,0.4656084656084656
asap/Chopin_Scherzos_39_Arciglione13M/track.npy,asap,0.05301455301455302,0.2367601246105919,0.050442017680707225,0.031201248049921998,0.4810829798280143,0.4922655228162186,0.5237388724035609,0.4627539503386005
asap/Chopin_Scherzos_39_Bult-ItoS05M/track.npy,asap,0.10660426417056683,0.4236760124610592,0.10660426417056683,0.10764430577223089,0.5424845014306048,0.6031425407023931,0.5891797556719023,0.5747126436781609
asap/Liszt_Concert_Etude_S145_1_Kleisen06M/track.npy,asap,0.538659793814433,0.35978835978835977,0.538659793814433,0.1348314606741573,0.6557940905553933,0.4298663435098239,0.6997389033942558,0.46886446886446886
asap/Liszt_Concert_Etude_S145_1_Woo06M/track.npy,asap,0.30927835051546393,0.4720812182741117,0.30927835051546393,0.05583756345177665,0.5832540693383543,0.4195070555413736,0.6171693735498841,0.4041095890410959
asap/Mozart_Piano_Sonatas_12-1_MunA03M/track.npy,asap,0.9204052098408104,0.7733333333333333,0.9204052098408104,0.7733333333333333,0.9246829306282857,0.8436226348594196,0.966325036603221,0.8772727272727272
asap/Mozart_Piano_Sonatas_12-1_WuuE02M/track.npy,asap,0.9423929098966026,0.6133333333333333,0.9423929098966026,0.6133333333333333,0.9430879493495523,0.8224649137480936,0.9689349112426036,0.8454106280193238
asap/Schubert_Impromptu_op.90_D.899_2_Denisova11M/track.npy,asap,0.29927884615384615,0.4244604316546763,0.29927884615384615,0.4244604316546763,0.6253279553679614,0.7184294317385931,0.6676279740447008,0.7715517241379309
asap/Schubert_Impromptu_op.90_D.899_2_FaB06M/track.npy,asap,0.6419161676646706,0.34050179211469533,0.6419161676646706,0.34050179211469533,0.8236013245556544,0.7255074929494251,0.8543177323665129,0.7532467532467533
asap/Schubert_Impromptu_op.90_D.899_2_HuNY06M/track.npy,asap,0.6881720430107527,0.5232974910394266,0.6881720430107527,0.5232974910394266,0.8509866848823627,0.769134172327246,0.8752424046541694,0.7949260042283298
asap/Schubert_Impromptu_op.90_D.899_2_KaiRuiR05M/track.npy,asap,0.6706586826347305,0.4050179211469534,0.6706586826347305,0.4050179211469534,0.8430564335653776,0.7688954971354099,0.8706500328299409,0.7974413646055437
asap/Schubert_Impromptu_op.90_D.899_2_Levitsky09M/track.npy,asap,0.10658682634730539,0.2662337662337662,0.10658682634730539,0.18996415770609318,0.5453876448311882,0.6501167703700743,0.5692946058091286,0.674364896073903
asap/Schubert_Impromptu_op.90_D.899_2_Nikiforov09M/track.npy,asap,0.26467065868263473,0.3013698630136986,0.26467065868263473,0.15412186379928317,0.6588005048143055,0.600090721579138,0.6832684824902723,0.6258823529411764
asap/Schubert_Piano_Sonatas_664-1_BuiJL06M/track.npy,asap,0.4098360655737705,0.7372262773722628,0.38285714285714284,0.7372262773722628,0.7625351820828119,0.8044400578147813,0.8013468013468014,0.8582089552238805
asap/Schubert_Piano_Sonatas_664-1_KabuliL10M/track.npy,asap,0.45786516853932585,0.6940298507462687,0.3333333333333333,0.6940298507462687,0.7652468073378251,0.8135923562998816,0.7832009080590239,0.8528301886792453
asap/Schubert_Piano_Sonatas_664-1_Mo10M/track.npy,asap,0.44571428571428573,0.6510067114093959,0.44571428571428573,0.6510067114093959,0.762022738421675,0.7738029123850279,0.8086956521739129,0.8214285714285714
asap/Schumann_Kreisleriana_1_no_first_repeat_JohannsonP02M/track.npy,asap,0.5024154589371981,0.2727272727272727,0.5024154589371981,0.2727272727272727,0.6188811574094548,0.41128814858354407,0.7040816326530612,0.4694835680751174
ballroom/ballroom_Albums-Ballroom_Classics4-10/track.npy,ballroom,1.0,1.0,1.0,1.0,0.9595201858408396,0.9628680764825982,1.0,1.0
ballroom/ballroom_Albums-Ballroom_Classics4-12/track.npy,ballroom,1.0,1.0,1.0,1.0,0.9342723050091082,0.945340338366115,1.0,1.0
ballroom/ballroom_Albums-Ballroom_Magic-04/track.npy,ballroom,0.9473684210526315,0.9230769230769231,0.9473684210526315,0.9230769230769231,0.7421634257816294,0.834386375909513,0.8648648648648649,0.9600000000000001
ballroom/ballroom_Albums-Cafe_Paradiso-07/track.npy,ballroom,1.0,1.0,1.0,1.0,0.9690260621544945,0.9778067546145259,1.0,1.0
ballroom/ballroom_Albums-Cafe_Paradiso-15/track.npy,ballroom,0.9861111111111112,1.0,0.9861111111111112,1.0,0.9564462931527511,0.9327085284321102,0.993006993006993,1.0
ballroom/ballroom_Albums-Chrisanne1-06/track.npy,ballroom,0.9622641509433962,1.0,0.9622641509433962,1.0,0.8823825068966517,0.9469022785288199,0.9433962264150944,1.0
ballroom/ballroom_Albums-Chrisanne2-02/track.npy,ballroom,1.0,0.75,1.0,0.75,0.9516596248195195,0.8677675228780416,1.0,0.9090909090909091
ballroom/ballroom_Albums-Chrisanne2-07/track.npy,ballroom,0.972972972972973,1.0,0.972972972972973,1.0,0.9416766886395883,0.976653758217484,0.9863013698630138,1.0
ballroom/ballroom_Albums-Chrisanne3-14/track.npy,ballroom,0.9761904761904762,1.0,0.9761904761904762,1.0,0.8839211571900563,0.8888735318224571,1.0,1.0
ballroom/ballroom_Albums-Fire-02/track.npy,ballroom,1.0,1.0,1.0,1.0,0.9278644055973196,0.914977297173097,1.0,1.0
ballroom/ballroom_Albums-Fire-03/track.npy,ballroom,1.0,1.0,1.0,1.0,0.9473890536927563,0.9281221711364832,1.0,1.0
ballroom/ballroom_Albums-Fire-07/track.npy,ballroom,0.9315068493150684,0.9444444444444444,0.9315068493150684,0.9444444444444444,0.9201944020096238,0.9392774002933704,0.9577464788732394,0.9714285714285714
ballroom/ballroom_Albums-Fire-10/track.npy,ballroom,0.9534883720930233,0.9166666666666666,0.9534883720930233,0.9166666666666666,0.9056794335282219,0.8757796125429848,0.9761904761904763,0.9565217391304348
ballroom/ballroom_Albums-GloriaEstefan_MiTierra-04/track.npy,ballroom,0.98,1.0,0.98,1.0,0.9346297271822634,0.964051578697357,0.9696969696969697,1.0
ballroom/ballroom_Albums-GloriaEstefan_MiTierra-06/track.npy,ballroom,1.0,1.0,1.0,1.0,0.970109203408778,0.9592353877925852,1.0,1.0
ballroom/ballroom_Albums-Latin_Jam-12/track.npy,ballroom,0.9864864864864865,0.9,0.9864864864864865,0.9,0.9634994486816097,0.9083056502883168,0.9931972789115647,0.9743589743589743
ballroom/ballroom_Albums-Latin_Jam2-06/track.npy,ballroom,1.0,1.0,1.0,1.0,0.9857034704356541,0.9771007778444437,1.0,1.0
ballroom/ballroom_Albums-Latin_Jam2-12/track.npy,ballroom,0.9726027397260274,1.0,0.9726027397260274,1.0,0.9635969620670716,0.9735627358145487,0.993103448275862,1.0
ballroom/ballroom_Albums-Latin_Jam3-05/track.npy,ballroom,1.0,1.0,1.0,1.0,0.9754620431614685,0.9881898769170739,1.0,1.0
ballroom/ballroom_Albums-Latin_Jam4-01/track.npy,ballroom,1.0,1.0,1.0,1.0,0.98201416215416,0.9798086925723793,1.0,1.0
ballroom/ballroom_Albums-Latin_Jam4-08/track.npy,ballroom,0.9772727272727273,1.0,0.9772727272727273,1.0,0.9513633556578951,0.992686423437291,0.9885057471264368,1.0
ballroom/ballroom_Albums-Macumba-03/track.npy,ballroom,0.9807692307692307,1.0,0.9807692307692307,1.0,0.9707976342609281,0.984927483498483,0.9902912621359222,1.0
ballroom/ballroom_Albums-Macumba-16/track.npy,ballroom,1.0,1.0,1.0,1.0,0.9770764807571398,0.9861178315849294,1.0,1.0
ballroom/ballroom_Albums-Pais_Tropical-12/track.npy,ballroom,1.0,1.0,1.0,1.0,0.944322041470254,0.9273702144328718,1.0,1.0
ballroom/ballroom_Albums-Pais_Tropical-14/track.npy,ballroom,1.0,1.0,1.0,1.0,0.9733821468303219,0.9687299516974868,1.0,1.0
ballroom/ballroom_Albums-Secret_Garden-05/track.npy,ballroom,0.8484848484848485,1.0,0.8484848484848485,1.0,0.742734073615644,0.7693911088212575,0.8253968253968254,0.9
ballroom/ballroom_Albums-Step_By_Step-03/track.npy,ballroom,1.0,1.0,1.0,1.0,0.8893922987422404,0.9484616615964899,1.0,1.0
ballroom/ballroom_Albums-Step_By_Step-06/track.npy,ballroom,1.0,1.0,1.0,1.0,0.905270978166193,0.839654519483979,1.0,1.0
ballroom/ballroom_Albums-Step_By_Step-18/track.npy,ballroom,0.9883720930232558,1.0,0.9883720930232558,1.0,0.9384178903894014,0.9196740074037184,0.9941520467836257,1.0
ballroom/ballroom_Albums-StrictlyDancing_Tango-15/track.npy,ballroom,1.0,1.0,1.0,1.0,0.8749281865747159,0.8575115163643737,1.0,1.0
ballroom/ballroom_Media-100601/track.npy,ballroom,0.972972972972973,1.0,0.972972972972973,1.0,0.9227358664432607,0.9371286654695683,0.9863013698630138,1.0
ballroom/ballroom_Media-100610/track.npy,ballroom,1.0,1.0,1.0,1.0,0.9418192105172881,0.9449150416454082,1.0,1.0
ballroom/ballroom_Media-103306/track.npy,ballroom,0.9814814814814815,1.0,0.9814814814814815,1.0,0.9087378893499758,0.9341432421448103,0.9906542056074767,1.0
ballroom/ballroom_Media-103401/track.npy,ballroom,1.0,1.0,1.0,1.0,0.9651667831823133,0.9748704166347868,1.0,1.0
ballroom/ballroom_Media-103406/track.npy,ballroom,1.0,1.0,1.0,1.0,0.9830658769667712,0.9689327975736158,1.0,1.0
ballroom/ballroom_Media-103409/track.npy,ballroom,0.9807692307692307,0.9230769230769231,0.9807692307692307,0.9230769230769231,0.9700326113656451,0.9389199251670215,0.9902912621359222,0.9600000000000001
ballroom/ballroom_Media-103410/track.npy,ballroom,0.9423076923076923,0.9230769230769231,0.9423076923076923,0.9230769230769231,0.9505958331587617,0.9350754284304367,0.9702970297029703,0.9600000000000001
ballroom/ballroom_Media-103514/track.npy,ballroom,1.0,1.0,1.0,1.0,0.9729205845232344,0.9654310119639433,1.0,1.0
ballroom/ballroom_Media-103606/track.npy,ballroom,0.6666666666666666,0.5,0.6666666666666666,0.5,0.7969744029393498,0.8117643536238962,0.8169014084507042,0.8235294117647058
ballroom/ballroom_Media-103613/track.npy,ballroom,0.9863013698630136,1.0,0.9863013698630136,1.0,0.9642159050796391,0.9675002337212043,0.993103448275862,1.0
ballroom/ballroom_Media-103703/track.npy,ballroom,1.0,1.0,1.0,1.0,0.9683642684913023,0.9735691252075512,1.0,1.0
ballroom/ballroom_Media-103715/track.npy,ballroom,1.0,0.8666666666666667,0.0,0.0,0.7717662489437428,0.7739736488008652,0.6744186046511628,0.6363636363636364
ballroom/ballroom_Media-103718/track.npy,ballroom,0.9245283018867925,0.8461538461538461,0.9245283018867925,0.8461538461538461,0.9374071580214836,0.9329832193884164,0.9615384615384616,0.9600000000000001
ballroom/ballroom_Media-103804/track.npy,ballroom,0.9795918367346939,1.0,0.9795918367346939,1.0,0.9676217304546002,0.9565510159323342,0.9896907216494846,1.0
ballroom/ballroom_Media-103808/track.npy,ballroom,1.0,1.0,1.0,1.0,0.9744025155207062,0.990137465134293,1.0,1.0
ballroom/ballroom_Media-103811/track.npy,ballroom,1.0,1.0,1.0,1.0,0.9487276739463084,0.9590633093808376,1.0,1.0
ballroom/ballroom_Media-103818/track.npy,ballroom,1.0,1.0,1.0,1.0,0.9841928843364902,0.9861121029690866,1.0,1.0
ballroom/ballroom_Media-103907/track.npy,ballroom,1.0,1.0,1.0,1.0,0.9738803516394636,0.9842997715086206,1.0,1.0
ballroom/ballroom_Media-104103/track.npy,ballroom,1.0,1.0,1.0,1.0,0.9451129454768106,0.9629164411682001,1.0,1.0
ballroom/ballroom_Media-104105/track.npy,ballroom,1.0,0.08333333333333333,1.0,0.0,0.9582099971627474,0.2656426176961604,1.0,0.2727272727272727
ballroom/ballroom_Media-104204/track.npy,ballroom,1.0,1.0,1.0,1.0,0.9742215383095001,0.990202039376522,1.0,1.0
ballroom/ballroom_Media-104207/track.npy,ballroom,0.9636363636363636,0.9285714285714286,0.9636363636363636,0.9285714285714286,0.944180336276201,0.9306374213939984,0.9814814814814815,0.962962962962963
ballroom/ballroom_Media-104403/track.npy,ballroom,0.9473684210526315,0.9230769230769231,0.9473684210526315,0.9230769230769231,0.9310405486610391,0.9050703050839943,0.972972972972973,0.9600000000000001
ballroom/ballroom_Media-104406/track.npy,ballroom,0.987012987012987,1.0,0.987012987012987,1.0,0.9584082398367033,0.9559461670658445,0.9934640522875817,1.0
ballroom/ballroom_Media-104415/track.npy,ballroom,0.9438202247191011,0.5714285714285714,0.9438202247191011,0.5714285714285714,0.946786960942601,0.8378186090913426,0.9714285714285714,0.8648648648648648
ballroom/ballroom_Media-104508/track.npy,ballroom,0.9866666666666667,1.0,0.9866666666666667,1.0,0.965895913483306,0.9695621283478825,0.9932885906040269,1.0
ballroom/ballroom_Media-104604/track.npy,ballroom,0.972972972972973,1.0,0.972972972972973,1.0,0.8925410172475944,0.902296076945805,0.9589041095890412,1.0
ballroom/ballroom_Media-104606/track.npy,ballroom,0.9818181818181818,1.0,0.9818181818181818,1.0,0.8946260778105358,0.8739592501409392,0.9908256880733944,1.0
ballroom/ballroom_Media-104607/track.npy,ballroom,0.987012987012987,0.9615384615384616,0.987012987012987,0.9615384615384616,0.9447313056254071,0.9334998708572548,0.9934640522875817,0.9803921568627451
ballroom/ballroom_Media-104617/track.npy,ballroom,0.9885057471264368,1.0,0.9885057471264368,1.0,0.9085949858971404,0.9080102247094799,0.9942196531791908,1.0
ballroom/ballroom_Media-104704/track.npy,ballroom,0.8823529411764706,1.0,0.8823529411764706,1.0,0.7015208615073284,0.8033184456080545,0.7761194029850745,0.9090909090909091
ballroom/ballroom_Media-104717/track.npy,ballroom,1.0,1.0,1.0,1.0,0.9389893873727716,0.9347460200797394,1.0,1.0
ballroom/ballroom_Media-104803/track.npy,ballroom,1.0,1.0,1.0,1.0,0.9129883828929093,0.9633921898349332,1.0,1.0
ballroom/ballroom_Media-104804/track.npy,ballroom,1.0,1.0,1.0,1.0,0.8782499418213002,0.9253762532949502,1.0,1.0
ballroom/ballroom_Media-104808/track.npy,ballroom,0.9821428571428571,1.0,0.9821428571428571,1.0,0.8742030393022,0.9061477438245953,0.9909909909909909,1.0
ballroom/ballroom_Media-104810/track.npy,ballroom,1.0,1.0,1.0,1.0,0.863891257686063,0.8941592416885611,1.0,1.0
ballroom/ballroom_Media-104816/track.npy,ballroom,0.8409090909090909,0.8636363636363636,0.8409090909090909,0.8636363636363636,0.8829619080655394,0.8854437770498789,0.9135802469135803,0.9268292682926829
ballroom/ballroom_Media-104907/track.npy,ballroom,0.9811320754716981,1.0,0.9811320754716981,1.0,0.7034108384999325,0.7158871586483629,0.9523809523809524,0.9230769230769231
ballroom/ballroom_Media-105004/track.npy,ballroom,0.8285714285714286,0.8461538461538461,0.8285714285714286,0.8461538461538461,0.6347738934578745,0.585314044940713,0.7536231884057971,0.6666666666666667
ballroom/ballroom_Media-105101/track.npy,ballroom,0.75,0.9166666666666666,0.75,0.9166666666666666,0.4720420594833714,0.5050412140655302,0.676056338028169,0.6956521739130435
ballroom/ballroom_Media-105110/track.npy,ballroom,0.9315068493150684,1.0,0.9315068493150684,1.0,0.8653679979802065,0.8872493340508957,0.9583333333333334,0.9583333333333334
ballroom/ballroom_Media-105207/track.npy,ballroom,1.0,1.0,1.0,1.0,0.9736293795128953,0.9811011544607834,1.0,1.0
ballroom/ballroom_Media-105305/track.npy,ballroom,0.9811320754716981,1.0,0.9811320754716981,1.0,0.9125562986432486,0.9520501596702149,0.9904761904761905,1.0
ballroom/ballroom_Media-105316/track.npy,ballroom,0.9714285714285714,0.9166666666666666,0.9714285714285714,0.9166666666666666,0.9435111918016594,0.9256185111976909,0.9855072463768115,0.9565217391304348
ballroom/ballroom_Media-105406/track.npy,ballroom,1.0,1.0,1.0,1.0,0.9723283929190107,0.9747956540835682,1.0,1.0
ballroom/ballroom_Media-105601/track.npy,ballroom,0.9807692307692307,1.0,0.9807692307692307,1.0,0.971076759924452,0.9842162011653207,0.9902912621359222,1.0
ballroom/ballroom_Media-105609/track.npy,ballroom,1.0,1.0,1.0,1.0,0.9726284562142353,0.9685427067908374,1.0,1.0
ballroom/ballroom_Media-105820/track.npy,ballroom,0.9882352941176471,1.0,0.9882352941176471,1.0,0.9505901164635197,0.9727431703564665,0.9940828402366864,1.0
ballroom/ballroom_Media-105905/track.npy,ballroom,0.9818181818181818,1.0,0.9818181818181818,1.0,0.9548774769182959,0.9750686108438404,0.9908256880733944,1.0
ballroom/ballroom_Media-105913/track.npy,ballroom,0.9883720930232558,0.9523809523809523,0.9883720930232558,0.0,0.9432869672638775,0.4688120535834575,0.9941520467836257,0.0
ballroom/ballroom_Media-105914/track.npy,ballroom,0.9879518072289156,1.0,0.9879518072289156,1.0,0.9396144011112421,0.941845283823807,0.993939393939394,1.0
ballroom/ballroom_Media-106002/track.npy,ballroom,0.9545454545454546,1.0,0.9545454545454546,1.0,0.9360318547255576,0.9731052956070007,0.9767441860465117,1.0
ballroom/ballroom_Media-106004/track.npy,ballroom,0.9555555555555556,1.0,0.9555555555555556,1.0,0.9594414388039104,0.9893291097288461,0.9772727272727273,1.0
ballroom/ballroom_Media-106110/track.npy,ballroom,0.9523809523809523,0.9090909090909091,0.9523809523809523,0.9090909090909091,0.907298564975668,0.8937484787634179,0.975609756097561,0.9523809523809523
ballroom/ballroom_Media-106113/track.npy,ballroom,0.8292682926829268,0.9,0.8292682926829268,0.9,0.8817409913412151,0.9040127663607574,0.9066666666666667,0.9473684210526316
ballroom/ballroom_Media-106119/track.npy,ballroom,0.9210526315789473,1.0,0.9210526315789473,1.0,0.9136799585438238,0.9439838763017655,0.958904109589041,1.0
beatles/beatles_01_Please_Please_Me_13_Theres_A_Place/track.npy,beatles,0.9958847736625515,0.9836065573770492,0.9958847736625515,0.9836065573770492,0.9538404233044402,0.9471176660001589,0.9958847736625515,0.9836065573770492
beatles/beatles_02_With_the_Beatles_03_All_My_Loving/track.npy,beatles,0.925,0.9625,0.925,0.9625,0.9374919662325597,0.9409540005944844,0.9696969696969696,0.9681528662420381
beatles/beatles_02_With_the_Beatles_04_Dont_Bother_Me/track.npy,beatles,0.9949748743718593,0.66,0.0,0.020202020202020204,0.7903007355987488,0.6544197254006254,0.6655462184873949,0.6438356164383562
beatles/beatles_03_A_Hard_Days_Night_09_Ill_Cry_Instead/track.npy,beatles,0.6702127659574468,0.8297872340425532,0.6702127659574468,0.8297872340425532,0.8555728814728324,0.8606262836363973,0.8979591836734694,0.9069767441860465
beatles/beatles_03_A_Hard_Days_Night_10_Things_We_Said_Today/track.npy,beatles,0.9912023460410557,1.0,0.9912023460410557,1.0,0.9700211337438855,0.9739203611095151,0.9955817378497791,1.0
beatles/beatles_04_Beatles_for_Sale_05_Ill_Follow_the_Sun/track.npy,beatles,0.8155737704918032,0.9482758620689655,0.8155737704918032,0.9482758620689655,0.617709463174258,0.6507973229663157,0.9439655172413793,0.9734513274336283
beatles/beatles_05_Help_03_Youve_Got_To_Hide_Your_Love_Away/track.npy,beatles,0.9673024523160763,1.0,0.9673024523160763,1.0,0.8498653956447505,0.8524981453922259,0.9945355191256832,1.0
beatles/beatles_05_Help_07_Ticket_To_Ride/track.npy,beatles,0.984,0.9789473684210527,0.984,0.9789473684210527,0.7892019498768978,0.8085555210220183,0.9919571045576407,0.9893617021276596
beatles/beatles_06_Rubber_Soul_06_The_Word/track.npy,beatles,0.9305993690851735,0.9625,0.9305993690851735,0.9625,0.7803625251229006,0.7798736659956094,0.9508716323296353,0.9620253164556962
beatles/beatles_06_Rubber_Soul_09_Girl/track.npy,beatles,0.9529914529914529,0.9827586206896551,0.9529914529914529,0.9827586206896551,0.8756943481167806,0.8763582339579752,0.9782608695652174,0.9913043478260869
beatles/beatles_07_Revolver_10_For_No_One/track.npy,beatles,0.7613636363636364,0.8409090909090909,0.0,0.0,0.6980648182811717,0.6848761226915017,0.6244725738396625,0.6218487394957983
beatles/beatles_07_Revolver_14_Tomorrow_Never_Knows/track.npy,beatles,0.9777158774373259,0.9777777777777777,0.9777158774373259,0.9777777777777777,0.90288344065126,0.9094333344037255,0.9901547116736991,0.9887640449438202
beatles/beatles_08_Sgt_Peppers_Lonely_Hearts_Club_Band_06_Shes_Leaving_Home/track.npy,beatles,0.8287671232876712,0.47586206896551725,0.8287671232876712,0.47586206896551725,0.6677621037533995,0.5201552774178549,0.8865979381443299,0.7203065134099617
beatles/beatles_09_Magical_Mystery_Tour_02_The_Fool_On_The_Hill/track.npy,beatles,0.9951690821256038,0.9807692307692307,0.9951690821256038,0.9807692307692307,0.7903328746494189,0.8065725107659854,0.9806763285024155,0.970873786407767
beatles/beatles_09_Magical_Mystery_Tour_11_All_You_Need_Is_Love/track.npy,beatles,0.97911227154047,0.40963855421686746,0.97911227154047,0.40963855421686746,0.8015203443987423,0.4868135433076549,0.9894459102902375,0.5911949685534591
beatles/beatles_10_CD1_The_Beatles_04_Ob-La-Di_Ob-La-Da/track.npy,beatles,0.9882352941176471,0.42857142857142855,0.9882352941176471,0.42857142857142855,0.9293652686521076,0.7652527582552943,0.9941002949852508,0.8275862068965517
beatles/beatles_10_CD1_The_Beatles_06_The_Continuing_Story_of_Bungalow_Bill/track.npy,beatles,0.9347079037800687,0.41025641025641024,0.9347079037800687,0.41025641025641024,0.8464356593484352,0.5670432183788527,0.9668411867364747,0.6580645161290323
beatles/beatles_10_CD2_The_Beatles_03_Mother_Natures_Son/track.npy,beatles,0.8931623931623932,0.3153153153153153,0.8931623931623932,0.3153153153153153,0.8500266964288231,0.6790854728056597,0.9647577092511014,0.7675675675675677
beatles/beatles_11_Abbey_Road_01_Come_Together/track.npy,beatles,0.7350649350649351,0.9111111111111111,0.7350649350649351,0.9111111111111111,0.8516009530385561,0.8118048660038494,0.8846153846153846,0.8409090909090908
beatles/beatles_11_Abbey_Road_11_Mean_Mr_Mustard/track.npy,beatles,1.0,0.8846153846153846,1.0,0.8846153846153846,0.9502858290943649,0.8815871750844384,1.0,0.9230769230769231
beatles/beatles_11_Abbey_Road_17_Her_Majesty/track.npy,beatles,0.8823529411764706,0.9375,0.8823529411764706,0.9375,0.8936134866432934,0.9297301531433436,0.923076923076923,0.967741935483871
beatles/beatles_12_Let_It_Be_03_Across_the_Universe/track.npy,beatles,0.6005154639175257,0.32967032967032966,0.05786618444846293,0.050724637681159424,0.6762967716633344,0.5584194833054594,0.620616365568544,0.6026200873362445
candombe/csic.1995_ansina1_02/track.npy,candombe,1.0,1.0,1.0,1.0,0.9755120027419176,0.9753058145336332,1.0,1.0
candombe/csic.1995_cuareim_03/track.npy,candombe,0.9983108108108109,1.0,0.9983108108108109,1.0,0.9817654209172973,0.9831278494373707,0.9991546914623838,1.0
candombe/proyecto.1992_pelado_01/track.npy,candombe,1.0,1.0,1.0,1.0,0.9725486028986662,0.972969808956111,1.0,1.0
candombe/zavala.muniz.2014_54/track.npy,candombe,0.9965635738831615,1.0,0.9965635738831615,1.0,0.9731730657827065,0.9778946246562219,0.9982788296041308,1.0
filosax/filosax_01/track.npy,filosax,0.8353741496598639,0.9731182795698925,0.8353741496598639,0.9731182795698925,0.9088995184725468,0.93602867322078,0.9472944483485595,0.9837837837837837
filosax/filosax_06/track.npy,filosax,0.9819209039548022,0.9863636363636363,0.9819209039548022,0.9863636363636363,0.9363208396518589,0.9304868981123076,0.9903133903133903,0.9931350114416476
filosax/filosax_12/track.npy,filosax,0.9845238095238096,0.9809523809523809,0.9845238095238096,0.9809523809523809,0.9317232286774929,0.9224996978106658,0.9916067146282973,0.988009592326139
filosax/filosax_31/track.npy,filosax,0.9911361804995971,0.977491961414791,0.9911361804995971,0.977491961414791,0.9618852569431016,0.9564079918040598,0.9959612277867528,0.9919224555735057
filosax/filosax_32/track.npy,filosax,0.9898843930635838,0.9885714285714285,0.9898843930635838,0.9885714285714285,0.9407002563313521,0.9276413915099261,0.9949312092686459,0.9942528735632185
filosax/filosax_35/track.npy,filosax,0.9987608426270136,0.941747572815534,0.9987608426270136,0.941747572815534,0.9493394264824278,0.9298987632642158,0.9987608426270136,0.9828009828009829
groove_midi/drummer10_session1_2_jazz-swing_215_beat_4-4/track.npy,groove_midi,0.9805194805194806,0.8961038961038961,0.9805194805194806,0.8961038961038961,0.8803605457549022,0.8184462244217979,0.9983739837398374,0.9333333333333333
groove_midi/drummer1_eval_session_4_soul-groove4_80_beat_4-4/track.npy,groove_midi,1.0,1.0,1.0,1.0,0.9836786668511167,0.9843392323199754,1.0,1.0
groove_midi/drummer1_session1_201_reggae-slow_64_beat_4-4/track.npy,groove_midi,0.7268722466960352,0.41025641025641024,0.15577889447236182,0.41025641025641024,0.7621532904593781,0.5780616455535939,0.7284345047923323,0.6268656716417911
groove_midi/drummer1_session1_202_rock-halftime_140_beat_4-4/track.npy,groove_midi,0.5317220543806647,0.620253164556962,0.30495049504950494,0.23622047244094488,0.7866256303118904,0.7801865142585482,0.7894736842105263,0.7669902912621359
groove_midi/drummer1_session1_47_jazz_102_beat_4-4/track.npy,groove_midi,1.0,1.0,1.0,1.0,0.9129668760331757,0.908118049323949,0.9966555183946488,0.9864864864864865
groove_midi/drummer1_session1_77_jazz-mediumfast_180_beat_4-4/track.npy,groove_midi,0.8368298368298368,0.6574074074074074,0.8368298368298368,0.6574074074074074,0.8783504891779756,0.7731606062041263,0.9574726609963548,0.8383838383838385
groove_midi/drummer1_session2_110_rock-prog_190_beat_4-4/track.npy,groove_midi,0.6373626373626373,0.4883720930232558,0.03819444444444445,0.125,0.5290194859737664,0.48437430423283,0.6212765957446809,0.6434782608695652
groove_midi/drummer1_session2_62_punk_144_beat_4-4/track.npy,groove_midi,0.9936974789915967,1.0,0.9936974789915967,1.0,0.9506000408957094,0.9496647109711174,0.9957894736842106,1.0
groove_midi/drummer1_session2_9_jazz-march_120_beat_4-4/track.npy,groove_midi,0.7670682730923695,0.864406779661017,0.7670682730923695,0.864406779661017,0.7658506805567713,0.8192185237698564,0.8172484599589322,0.8947368421052632
groove_midi/drummer1_session3_13_rock_115_beat_4-4/track.npy,groove_midi,0.9947916666666666,0.9652777777777778,0.9947916666666666,0.9652777777777778,0.9100640749452822,0.8956159496288185,0.9973935708079931,0.9824561403508771
groove_midi/drummer1_session3_4_jazz-linear_182_beat_4-4/track.npy,groove_midi,0.34774436090225563,0.5315315315315315,0.28,0.055,0.5882836796015657,0.4769534147729838,0.6831831831831832,0.4758842443729903
groove_midi/drummer1_session3_6_dance-disco_120_beat_4-4/track.npy,groove_midi,0.995475113122172,0.9818181818181818,0.995475113122172,0.9818181818181818,0.9524434606639439,0.9407384301189173,0.997737556561086,0.990909090909091
groove_midi/drummer3_session1_18_rock_120_beat_4-4/track.npy,groove_midi,1.0,1.0,1.0,1.0,0.9121809633960155,0.9103087210378171,1.0,1.0
groove_midi/drummer3_session2_1_rock_100_beat_4-4/track.npy,groove_midi,1.0,1.0,1.0,1.0,0.9089530433299294,0.9257840877741061,1.0,1.0
groove_midi/drummer3_session2_43_rock_110_beat_4-4/track.npy,groove_midi,0.8875,0.8571428571428571,0.8875,0.8571428571428571,0.8837253186809264,0.8620066309176934,0.9403973509933775,0.923076923076923
groove_midi/drummer4_session1_3_jazz-klezmer_152_beat_4-4/track.npy,groove_midi,0.40594059405940597,0.6538461538461539,0.40594059405940597,0.6538461538461539,0.3939668330729689,0.33550415757198254,0.5652173913043479,0.47826086956521735
groove_midi/drummer5_eval_session_4_soul-groove4_80_beat_4-4/track.npy,groove_midi,0.9827586206896551,0.9333333333333333,0.9827586206896551,0.9333333333333333,0.9613586384159227,0.9384669298003954,0.9913043478260869,0.9655172413793104
groove_midi/drummer5_eval_session_8_rock-groove8_65_beat_4-4/track.npy,groove_midi,1.0,1.0,1.0,1.0,0.7866876167136179,0.7364452330241588,1.0,1.0
groove_midi/drummer5_session1_10_latin-brazilian-sambareggae_96_beat_4-4/track.npy,groove_midi,0.9868421052631579,0.9473684210526315,0.9868421052631579,0.9473684210526315,0.9465132707323047,0.9413837297917538,0.9933774834437086,0.972972972972973
groove_midi/drummer5_session1_19_middleeastern_126_beat_4-4/track.npy,groove_midi,0.4014084507042254,0.6639344262295082,0.4014084507042254,0.10655737704918032,0.667863799916482,0.28314435591113524,0.6582768635043562,0.15966386554621848
groove_midi/drummer5_session2_11_soul_96_beat_4-4/track.npy,groove_midi,0.9951219512195122,0.9807692307692307,0.9951219512195122,0.9807692307692307,0.9588318627057274,0.959619460126242,0.9975550122249389,0.9902912621359222
groove_midi/drummer5_session2_16_latin-ando_125_beat_3-4/track.npy,groove_midi,0.9244712990936556,0.056074766355140186,0.9244712990936556,0.037037037037037035,0.9115033615577399,0.26898146090165137,0.9542682926829268,0.28140703517587934
groove_midi/drummer5_session2_3_latin-brazilian_101_beat_4-4/track.npy,groove_midi,0.9820359281437125,0.5952380952380952,0.9820359281437125,0.5952380952380952,0.868869272318968,0.5988541222645825,0.9909365558912386,0.6987951807228916
groove_midi/drummer5_session2_8_neworleans-chacha_124_beat_4-4/track.npy,groove_midi,0.5378486055776892,0.7017543859649122,0.5378486055776892,0.7017543859649122,0.6424922913555202,0.7379940346664201,0.6666666666666666,0.7766990291262136
groove_midi/drummer6_session1_2_rock_70_beat_6-8/track.npy,groove_midi,0.828125,0.0,0.828125,0.0,0.7661475625823397,0.1469203982289372,0.8571428571428571,0.13333333333333333
groove_midi/drummer6_session2_3_rock_88_beat_4-4/track.npy,groove_midi,0.9826989619377162,0.9305555555555556,0.9826989619377162,0.9305555555555556,0.8475407258606625,0.8424595454670809,0.9844020797227037,0.979020979020979
groove_midi/drummer6_session3_1_rock_90_beat_4-4/track.npy,groove_midi,0.9868421052631579,0.9473684210526315,0.9868421052631579,0.0,0.8326961949033528,0.40239289732484546,0.9933774834437086,0.0
groove_midi/drummer6_session3_2_rock_100_beat_4-4/track.npy,groove_midi,0.9914529914529915,1.0,0.9914529914529915,1.0,0.8919814411500461,0.8811987110442904,0.9957081545064378,1.0
groove_midi/drummer7_session1_12_funk_102_beat_4-4/track.npy,groove_midi,0.9047619047619048,0.9523809523809523,0.9047619047619048,0.0,0.7565465954726404,0.3616998165011642,0.8571428571428571,0.0
groove_midi/drummer7_session2_101_pop_142_beat_4-4/track.npy,groove_midi,0.9882352941176471,0.9545454545454546,0.9882352941176471,0.9545454545454546,0.8602258654746345,0.8287913423227679,0.9940828402366864,0.9767441860465117
groove_midi/drummer7_session2_115_jazz-fusion_96_beat_4-4/track.npy,groove_midi,1.0,1.0,1.0,1.0,0.9316654689718354,0.9207212215152727,1.0,1.0
groove_midi/drummer7_session2_33_rock_75_beat_4-4/track.npy,groove_midi,0.9666666666666667,0.875,0.9666666666666667,0.875,0.6817739925214492,0.6927678356907795,0.9491525423728815,0.9333333333333333
groove_midi/drummer7_session2_72_funk_100_beat_4-4/track.npy,groove_midi,0.9827586206896551,0.8809523809523809,0.9827586206896551,0.8809523809523809,0.9541907575339362,0.8875953283550333,0.9913043478260869,0.9285714285714286
groove_midi/drummer7_session3_159_soul_98_beat_4-4/track.npy,groove_midi,0.975,0.9,0.975,0.9,0.8955216337772908,0.8787674218255211,0.9873417721518987,0.9473684210526316
groove_midi/drummer7_session3_46_rock-indie_63_beat_4-4/track.npy,groove_midi,0.9508196721311475,0.9333333333333333,0.9508196721311475,0.9333333333333333,0.8963187295441158,0.8922570281442838,0.9747899159663865,0.9655172413793104
groove_midi/drummer7_session3_67_neworleans-funk_93_beat_4-4/track.npy,groove_midi,0.9786096256684492,0.9565217391304348,0.9786096256684492,0.9565217391304348,0.903934543548544,0.8976812692737918,0.9919137466307278,0.989010989010989
groove_midi/drummer8_eval_session_10_soul-groove10_102_beat_4-4/track.npy,groove_midi,1.0,1.0,1.0,1.0,0.935819396609485,0.9464060349758804,1.0,1.0
groove_midi/drummer8_eval_session_9_soul-groove9_105_beat_4-4/track.npy,groove_midi,0.9649122807017544,0.8666666666666667,0.9649122807017544,0.8666666666666667,0.8814982245238879,0.8683721751031567,0.9821428571428572,0.9285714285714286
groove_midi/drummer8_session1_26_afrobeat_94_beat_4-4/track.npy,groove_midi,0.8626465661641541,0.8657718120805369,0.06902654867256637,0.0,0.758984078829668,0.7140977917301158,0.6874999999999999,0.5990783410138248
groove_midi/drummer8_session1_2_funk_95_beat_4-4/track.npy,groove_midi,1.0,1.0,1.0,1.0,0.9488349602884162,0.9448247818786688,1.0,1.0
groove_midi/drummer8_session1_7_funk_80_beat_4-4/track.npy,groove_midi,0.9852941176470589,0.9615384615384616,0.9852941176470589,0.9615384615384616,0.8673454684747984,0.8629007903733429,0.9925925925925926,0.9803921568627451
groove_midi/drummer9_session1_13_rock_120_beat_4-4/track.npy,groove_midi,0.7901234567901234,0.75,0.7901234567901234,0.75,0.7070460731963408,0.6506089878011326,0.8125000000000001,0.7727272727272727
guitarset/00_Rock3-148-C_comp_mix/track.npy,guitarset,0.9272727272727272,0.9230769230769231,0.9272727272727272,0.9230769230769231,0.8913126942218815,0.8259309823977494,0.9622641509433962,0.9600000000000001
guitarset/00_SS1-68-E_comp_mix/track.npy,guitarset,0.875,0.9,0.875,0.9,0.7719084048234934,0.7904057392332184,0.9333333333333333,0.9473684210526316
guitarset/01_BN2-166-Ab_comp_mix/track.npy,guitarset,1.0,1.0,1.0,1.0,0.9325754562016949,0.9390074028564426,1.0,1.0
guitarset/01_Funk2-119-G_comp_mix/track.npy,guitarset,0.9818181818181818,0.9285714285714286,0.9818181818181818,0.9285714285714286,0.9668887021116187,0.9361136290253768,0.9908256880733944,0.962962962962963
guitarset/01_Jazz1-200-B_comp_mix/track.npy,guitarset,1.0,1.0,1.0,1.0,0.978889286326862,0.9796276400923695,1.0,1.0
guitarset/01_Jazz3-150-C_comp_mix/track.npy,guitarset,0.9807692307692307,1.0,0.9807692307692307,1.0,0.9598875377447214,0.9810945020945304,0.9902912621359222,1.0
guitarset/02_BN1-147-Gb_comp_mix/track.npy,guitarset,1.0,0.75,1.0,0.75,0.8900789485380532,0.7805546267885572,1.0,0.9333333333333333
guitarset/02_Jazz1-200-B_comp_mix/track.npy,guitarset,1.0,1.0,1.0,1.0,0.9175300819028374,0.9275985912664159,1.0,1.0
guitarset/02_Rock1-90-C#_comp_mix/track.npy,guitarset,0.975609756097561,0.9090909090909091,0.975609756097561,0.9090909090909091,0.9392613665961574,0.9122156624408229,0.9876543209876543,0.9523809523809523
guitarset/02_Rock2-85-F_comp_mix/track.npy,guitarset,1.0,1.0,1.0,1.0,0.9439030332132863,0.9471500656621706,1.0,1.0
guitarset/02_SS1-100-C#_comp_mix/track.npy,guitarset,1.0,1.0,1.0,1.0,0.8480236112302105,0.8310414312633049,1.0,1.0
guitarset/02_SS2-107-Ab_comp_mix/track.npy,guitarset,0.9821428571428571,0.9285714285714286,0.9821428571428571,0.9285714285714286,0.9403010600630244,0.909811680541668,0.9909909909909909,0.962962962962963
guitarset/03_BN3-119-G_comp_mix/track.npy,guitarset,0.9818181818181818,0.9285714285714286,0.9818181818181818,0.9285714285714286,0.91458306487869,0.8866416336432202,0.9908256880733944,0.962962962962963
guitarset/03_Rock1-130-A_comp_mix/track.npy,guitarset,1.0,1.0,1.0,1.0,0.9527307599326401,0.9417170578826308,1.0,1.0
guitarset/04_Funk1-97-C_comp_mix/track.npy,guitarset,0.875,1.0,0.875,1.0,0.7608863577543366,0.7526231678715286,0.9113924050632911,0.8888888888888888
guitarset/04_Jazz2-187-F#_comp_mix/track.npy,guitarset,0.96,1.0,0.96,1.0,0.8816527769872485,0.8786504113475448,0.9795918367346939,1.0
guitarset/04_Jazz3-150-C_comp_mix/track.npy,guitarset,0.9807692307692307,1.0,0.9807692307692307,1.0,0.919854275801702,0.9282556675850065,0.9902912621359222,1.0
guitarset/04_Rock2-85-F_comp_mix/track.npy,guitarset,0.9824561403508771,0.9333333333333333,0.9824561403508771,0.9333333333333333,0.802325439977864,0.7515922793256029,0.9911504424778761,0.9655172413793104
guitarset/04_SS1-100-C#_comp_mix/track.npy,guitarset,1.0,1.0,1.0,1.0,0.9477541634076624,0.925785226588397,1.0,1.0
guitarset/05_Jazz3-137-Eb_comp_mix/track.npy,guitarset,1.0,1.0,1.0,1.0,0.7828034052784835,0.7896136054650029,1.0,1.0
guitarset/05_Rock1-130-A_comp_mix/track.npy,guitarset,1.0,1.0,1.0,1.0,0.8469051294796432,0.8111415399308997,1.0,1.0
guitarset/05_SS1-68-E_comp_mix/track.npy,guitarset,0.0707070707070707,0.9090909090909091,0.0707070707070707,0.9090909090909091,0.4904853722523075,0.7426744423331046,0.5957446808510638,0.9523809523809523
hainsworth/hainsworth_002/track.npy,hainsworth,0.5700934579439252,0.9629629629629629,0.308411214953271,0.9629629629629629,0.49962589425615067,0.34929152068263497,0.3827751196172249,0.3773584905660377
hainsworth/hainsworth_019/track.npy,hainsworth,1.0,1.0,1.0,1.0,0.9755961376924673,0.9844401752174695,1.0,1.0
hainsworth/hainsworth_035/track.npy,hainsworth,0.8108108108108109,0.6153846153846154,0.8108108108108109,0.6153846153846154,0.8212774922975917,0.6829279676796826,0.9295774647887325,0.8
hainsworth/hainsworth_038/track.npy,hainsworth,1.0,1.0,1.0,1.0,0.9808902675658842,0.9781402451704897,1.0,1.0
hainsworth/hainsworth_041/track.npy,hainsworth,1.0,1.0,1.0,1.0,0.9854384687809282,0.9824897002105771,1.0,1.0
hainsworth/hainsworth_043/track.npy,hainsworth,1.0,1.0,1.0,1.0,0.9644763915989498,0.9710007592021861,1.0,1.0
hainsworth/hainsworth_045/track.npy,hainsworth,1.0,1.0,1.0,1.0,0.9811835267944221,0.9842070628761916,1.0,1.0
hainsworth/hainsworth_051/track.npy,hainsworth,1.0,1.0,1.0,1.0,0.9816640073446901,0.9873132986881457,1.0,1.0
hainsworth/hainsworth_053/track.npy,hainsworth,1.0,0.6060606060606061,1.0,0.6060606060606061,0.9451816481838509,0.6387825571163529,1.0,0.6666666666666666
hainsworth/hainsworth_065/track.npy,hainsworth,1.0,0.5652173913043478,1.0,0.5652173913043478,0.9596745542120377,0.6709399125024565,1.0,0.6976744186046512
hainsworth/hainsworth_067/track.npy,hainsworth,1.0,1.0,1.0,1.0,0.9771180522143614,0.9800171131524418,1.0,1.0
hainsworth/hainsworth_080/track.npy,hainsworth,0.5984251968503937,0.7575757575757576,0.5984251968503937,0.7575757575757576,0.6084602482760378,0.5880183361362546,0.8333333333333334,0.7586206896551725
hainsworth/hainsworth_081/track.npy,hainsworth,1.0,1.0,1.0,1.0,0.9660642211155644,0.9731534197876633,1.0,1.0
hainsworth/hainsworth_092/track.npy,hainsworth,1.0,1.0,1.0,1.0,0.9642021722596839,0.9729376806022754,1.0,1.0
hainsworth/hainsworth_104/track.npy,hainsworth,0.9637096774193549,1.0,0.9637096774193549,1.0,0.8852295623517813,0.9050117946599925,0.997979797979798,1.0
hainsworth/hainsworth_139/track.npy,hainsworth,0.9473684210526315,0.8888888888888888,0.9473684210526315,0.8888888888888888,0.9459260793218516,0.9248117878040607,0.9866666666666666,0.9714285714285714
hainsworth/hainsworth_161/track.npy,hainsworth,1.0,1.0,1.0,1.0,0.9826988944012993,0.9812087973646894,1.0,1.0
hainsworth/hainsworth_170/track.npy,hainsworth,1.0,1.0,1.0,1.0,0.9835510382575418,0.984831902760185,1.0,1.0
hainsworth/hainsworth_175/track.npy,hainsworth,1.0,1.0,1.0,1.0,0.9813302552742028,0.9721398253521943,1.0,1.0
hainsworth/hainsworth_188/track.npy,hainsworth,0.42162162162162165,0.4222222222222222,0.39849624060150374,0.21875,0.7435963679964936,0.62901745164299,0.8141592920353982,0.6545454545454547
hainsworth/hainsworth_194/track.npy,hainsworth,0.6666666666666666,0.56,0.6666666666666666,0.36,0.8254958814697677,0.47296673171898296,0.9010989010989011,0.4000000000000001
hainsworth/hainsworth_215/track.npy,hainsworth,1.0,1.0,1.0,1.0,0.9731580901963428,0.9532697645214757,1.0,1.0
hainsworth/hainsworth_216/track.npy,hainsworth,1.0,1.0,1.0,1.0,0.9701868881985642,0.9640457881398763,1.0,1.0
hainsworth/hainsworth_218/track.npy,hainsworth,0.6732673267326733,0.05,0.6732673267326733,0.0,0.6153263482881676,0.147949453358298,0.7428571428571429,0.052631578947368425
hainsworth/hainsworth_219/track.npy,hainsworth,0.8365384615384616,0.36363636363636365,0.8365384615384616,0.36363636363636365,0.7777690211801043,0.29814038192921893,0.8900523560209425,0.36363636363636365
hainsworth/hainsworth_224/track.npy,hainsworth,1.0,1.0,1.0,1.0,0.8486035943199566,0.9300510051823369,1.0,1.0
hainsworth/hainsworth_235/track.npy,hainsworth,0.9918032786885246,1.0,0.9918032786885246,1.0,0.9773546981965603,0.9788759364815981,0.9958847736625513,1.0
hainsworth/hainsworth_245/track.npy,hainsworth,0.7090909090909091,0.16666666666666666,0.1134020618556701,0.16666666666666666,0.763485263608844,0.4230297482817652,0.6973684210526315,0.380952380952381
harmonix/0001_12step/track.npy,harmonix,1.0,1.0,1.0,1.0,0.9126030162458824,0.9162340447015037,1.0,1.0
harmonix/0022_betteroffalone/track.npy,harmonix,0.777992277992278,0.9206349206349206,0.777992277992278,0.9206349206349206,0.873047671170329,0.8706099792126597,0.895582329317269,0.894308943089431
harmonix/0024_billionaire/track.npy,harmonix,0.9794520547945206,0.972972972972973,0.9794520547945206,0.972972972972973,0.9502288615523001,0.9456540673772025,0.9811320754716981,0.9864864864864865
harmonix/0048_chingaling/track.npy,harmonix,0.9258064516129032,0.9358974358974359,0.9258064516129032,0.9358974358974359,0.8897422242920239,0.8879150261168656,0.961602671118531,0.9668874172185431
harmonix/0056_control/track.npy,harmonix,0.8405797101449275,0.8055555555555556,0.8405797101449275,0.8055555555555556,0.8824001857912538,0.8624997680603785,0.9133858267716535,0.8923076923076924
harmonix/0057_crankthat/track.npy,harmonix,1.0,1.0,0.0,0.0,0.8105829241176348,0.8052753128233683,0.6681715575620767,0.6666666666666666
harmonix/0062_dance/track.npy,harmonix,0.9408284023668639,0.9880952380952381,0.9408284023668639,0.9880952380952381,0.9228787330728019,0.9273005937877868,0.967065868263473,0.9820359281437125
harmonix/0070_dipitlow/track.npy,harmonix,0.42857142857142855,0.527027027027027,0.42857142857142855,0.527027027027027,0.6833458317069923,0.663040022574436,0.8055555555555556,0.784
harmonix/0082_dragosteadintei/track.npy,harmonix,0.9843400447427293,0.9821428571428571,0.9843400447427293,0.9821428571428571,0.8957112936896948,0.8861621327952338,0.992108229988726,0.9909909909909909
harmonix/0105_getdownonit/track.npy,harmonix,0.9929411764705882,0.5981308411214953,0.9929411764705882,0.5981308411214953,0.9805190526999766,0.7663833966593341,0.9964664310954063,0.78125
harmonix/0134_igotmine/track.npy,harmonix,0.936026936026936,0.8933333333333333,0.003367003367003367,0.020134228187919462,0.7640641694340264,0.7658085124839473,0.6439909297052153,0.6454545454545454
harmonix/0135_igottafeeling/track.npy,harmonix,0.9973333333333333,1.0,0.9973333333333333,1.0,0.9481986002248743,0.9486742098276959,0.9986648865153538,1.0
harmonix/0136_igotyoudancing/track.npy,harmonix,1.0,1.0,1.0,1.0,0.9629005572911592,0.9656804799355574,1.0,1.0
harmonix/0143_informer/track.npy,harmonix,0.990521327014218,1.0,0.990521327014218,1.0,0.9305227308835279,0.9322998392878735,0.9952380952380951,1.0
harmonix/0144_ishotthesheriff/track.npy,harmonix,0.36706349206349204,0.3546511627906977,0.3304221251819505,0.3546511627906977,0.7221034726172033,0.6755962049230076,0.7472712006717045,0.6989619377162629
harmonix/0145_iwantyouback/track.npy,harmonix,0.8873239436619719,0.631578947368421,0.8873239436619719,0.631578947368421,0.9027179348295243,0.8121992351375291,0.9340463458110516,0.8435374149659864
harmonix/0148_jesusofsuburbia/track.npy,harmonix,0.5768976897689769,0.33513513513513515,0.5768976897689769,0.33513513513513515,0.8103701833890619,0.6597392826527697,0.8668842945230323,0.702127659574468
harmonix/0165_lucretia/track.npy,harmonix,0.5512295081967213,0.5234375,0.5512295081967213,0.5234375,0.8299226171472097,0.7725954065236602,0.8594657375145179,0.8018018018018019
harmonix/0167_makesomenoise/track.npy,harmonix,0.996996996996997,1.0,0.996996996996997,1.0,0.9488637806953354,0.9492442824140155,0.9984962406015038,1.0
harmonix/0172_marrythenight/track.npy,harmonix,0.9937888198757764,0.8395061728395061,0.9937888198757764,0.8395061728395061,0.9384629240554366,0.9169132530185393,0.9968944099378882,0.9615384615384615
harmonix/0177_milkshake/track.npy,harmonix,1.0,1.0,1.0,1.0,0.913601650342637,0.9093192108065583,1.0,1.0
harmonix/0181_mrsaxobeat/track.npy,harmonix,0.9949367088607595,1.0,0.9949367088607595,1.0,0.9633170120185538,0.9681821533506931,0.9974683544303797,1.0
harmonix/0200_oceansize/track.npy,harmonix,0.7975903614457831,0.8415841584158416,0.7975903614457831,0.8415841584158416,0.8882626513413997,0.8446652599016138,0.9236545682102627,0.8629441624365483
harmonix/0208_opp/track.npy,harmonix,0.9883720930232558,0.35772357723577236,0.9883720930232558,0.35772357723577236,0.9552145240658408,0.5643269177607718,0.9941520467836257,0.5826086956521739
harmonix/0216_poison/track.npy,harmonix,0.9921568627450981,1.0,0.9921568627450981,1.0,0.9738745487406711,0.9845273358958555,0.9960629921259843,1.0
harmonix/0227_replay/track.npy,harmonix,1.0,1.0,1.0,1.0,0.9693797351134448,0.9644204437517163,1.0,1.0
harmonix/0231_rightthurr/track.npy,harmonix,0.9954954954954955,1.0,0.9954954954954955,1.0,0.9292518876538773,0.9502192421117496,0.9977426636568849,1.0
harmonix/0237_run/track.npy,harmonix,0.9864864864864865,1.0,0.9864864864864865,1.0,0.8709026494329205,0.9084431765472682,0.9905020352781547,1.0
harmonix/0276_texasflood/track.npy,harmonix,0.969264544456641,0.9273927392739274,0.969264544456641,0.013333333333333334,0.9353539682773319,0.7511715352522044,0.9828823854224185,0.6415929203539823
harmonix/0284_thehustle/track.npy,harmonix,0.9972451790633609,1.0,0.9972451790633609,1.0,0.9473003846223736,0.9594925987573425,0.9986206896551724,1.0
harmonix/0286_theragelive/track.npy,harmonix,0.7002398081534772,0.6363636363636364,0.7002398081534772,0.6363636363636364,0.7624939964026702,0.6727539922592467,0.9067357512953367,0.851063829787234
harmonix/0293_tomsawyer2/track.npy,harmonix,0.4357405140758874,0.4146341463414634,0.3642495784148398,0.4146341463414634,0.7043851388755025,0.5451344153614007,0.7924151696606787,0.62882096069869
harmonix/0304_weaponofchoice/track.npy,harmonix,0.7464788732394366,0.5256410256410257,0.14350797266514806,0.5256410256410257,0.7311946939499595,0.7691837074667174,0.7238372093023255,0.8510638297872339
harmonix/0310_whineup/track.npy,harmonix,1.0,1.0,1.0,1.0,0.9818405725090285,0.9781665619490535,1.0,1.0
harmonix/0312_whitefalconfuzz/track.npy,harmonix,1.0,0.8271604938271605,1.0,0.8271604938271605,0.839343543938977,0.6989244732753641,0.9936908517350158,0.8679245283018868
harmonix/0319_withoutyou/track.npy,harmonix,0.9959758551307847,1.0,0.9959758551307847,1.0,0.9556328768665463,0.9527525352095249,0.9979838709677419,1.0
harmonix/0322_wordup/track.npy,harmonix,0.9917864476386037,0.9918032786885246,0.9917864476386037,0.9918032786885246,0.9553932301203202,0.9562230408425878,0.9958762886597937,0.9958847736625513
harmonix/0325_ymca/track.npy,harmonix,0.9933774834437086,0.9736842105263158,0.9933774834437086,0.9736842105263158,0.9463128931868435,0.9223771066874379,0.9966777408637874,0.9866666666666666
harmonix/0328_youmakemefeeldc/track.npy,harmonix,0.9969418960244648,1.0,0.9969418960244648,1.0,0.9309001042242395,0.9352855362351039,0.9984686064318529,1.0
harmonix/0329_youreajerk/track.npy,harmonix,1.0,1.0,1.0,1.0,0.9528649521218854,0.9606764594234808,1.0,1.0
harmonix/0338_animal/track.npy,harmonix,0.9959677419354839,1.0,0.9959677419354839,1.0,0.8252685404196873,0.8103162351501869,0.997979797979798,1.0
harmonix/0340_backintime/track.npy,harmonix,0.9952830188679245,1.0,0.9952830188679245,1.0,0.9802225553782803,0.9817558582283371,0.9976359338061466,1.0
harmonix/0352_boogiewonderland/track.npy,harmonix,0.9951612903225806,0.9935483870967742,0.9951612903225806,0.9935483870967742,0.8493865769848599,0.8783499136052323,0.9967689822294021,0.9967637540453074
harmonix/0355_brokenhearted/track.npy,harmonix,0.9954545454545455,0.990909090909091,0.9954545454545455,0.990909090909091,0.8239136071590833,0.8029338385403346,0.9965870307167236,0.995433789954338
harmonix/0358_children/track.npy,harmonix,1.0,1.0,1.0,1.0,0.5640304764841226,0.5846321194728091,1.0,1.0
harmonix/0361_countrymustbecountrywide/track.npy,harmonix,0.9911111111111112,0.8947368421052632,0.9911111111111112,0.8947368421052632,0.9703090720324384,0.9270976097680586,0.9977728285077951,0.954954954954955
harmonix/0369_dontyouworrychild/track.npy,harmonix,0.8683035714285714,0.9074074074074074,0.8683035714285714,0.9074074074074074,0.9021777858694973,0.91551736417952,0.9271070615034169,0.9395348837209302
harmonix/0371_downunder/track.npy,harmonix,0.9681697612732095,0.9787234042553191,0.9681697612732095,0.9787234042553191,0.8763887737776481,0.8659142176193297,0.9838274932614556,0.989247311827957
harmonix/0373_driveby/track.npy,harmonix,0.9946236559139785,1.0,0.9946236559139785,1.0,0.9738252472202581,0.9744478089955159,0.9973045822102425,1.0
harmonix/0392_givemeyourhand/track.npy,harmonix,0.9828693790149893,0.9913793103448276,0.9828693790149893,0.9913793103448276,0.9588397885196206,0.9616499307667826,0.9913606911447085,0.9956709956709957
harmonix/0400_heatofthemoment/track.npy,harmonix,0.9056974459724951,0.6341463414634146,0.9056974459724951,0.6341463414634146,0.7951757274023198,0.6377378310123055,0.9150197628458497,0.7219917012448133
harmonix/0404_holditagainstme/track.npy,harmonix,0.9918367346938776,1.0,0.9918367346938776,1.0,0.9728439396213271,0.9753139799613255,0.9959016393442623,1.0
harmonix/0405_home/track.npy,harmonix,1.0,1.0,1.0,1.0,0.3992152924448924,0.40780642148947477,0.9704545454545455,0.9727272727272728
harmonix/0420_itsrainingmen/track.npy,harmonix,0.9764957264957265,0.9243697478991597,0.9764957264957265,0.9243697478991597,0.8422203845062469,0.8339208450012399,0.988108108108108,0.9743589743589743
harmonix/0422_itwillrain/track.npy,harmonix,0.7661691542288557,0.7748344370860927,0.13246268656716417,0.09774436090225563,0.811387494713164,0.7983684207984888,0.720763723150358,0.6889952153110048
harmonix/0446_midnightcity/track.npy,harmonix,0.9560975609756097,0.9607843137254902,0.9560975609756097,0.9607843137254902,0.9631419289783969,0.9649157304703191,0.9775561097256857,0.98
harmonix/0450_more/track.npy,harmonix,0.8628691983122363,0.9473684210526315,0.8628691983122363,0.9473684210526315,0.9294392978857796,0.9406612151794173,0.9594742606790799,0.9732142857142858
harmonix/0458_notorious/track.npy,harmonix,1.0,1.0,1.0,1.0,0.9490990221905129,0.9460700328837185,1.0,1.0
harmonix/0474_pleasedontgo/track.npy,harmonix,0.9947089947089947,0.9479166666666666,0.9947089947089947,0.9479166666666666,0.9775322746895805,0.9597687586324012,0.9973474801061007,0.9789473684210526
harmonix/0494_somebodythatiusedtoknow/track.npy,harmonix,0.9941176470588236,0.9296875,0.9941176470588236,0.9296875,0.978593085511197,0.927774385579632,0.9970559371933267,0.9448818897637795
harmonix/0497_speakers/track.npy,harmonix,0.7541589648798521,0.9444444444444444,0.7541589648798521,0.9444444444444444,0.9094919835292098,0.9359966189517236,0.9235294117647059,0.951219512195122
harmonix/0521_tooclose/track.npy,harmonix,0.9127134724857685,0.9545454545454546,0.9127134724857685,0.9545454545454546,0.8886786674450208,0.895625162250431,0.9718172983479105,0.9767441860465117
harmonix/0524_undoit/track.npy,harmonix,0.9777777777777777,0.9298245614035088,0.9777777777777777,0.9298245614035088,0.9200206286907673,0.8934118326740299,0.9910313901345292,0.9642857142857142
harmonix/0530_whatthehell/track.npy,harmonix,0.9962546816479401,1.0,0.9962546816479401,1.0,0.9681548024030642,0.9703069002578465,0.99812382739212,1.0
harmonix/0538_you/track.npy,harmonix,0.9790794979079498,1.0,0.9790794979079498,1.0,0.952117922732749,0.9469532146754409,0.9915966386554622,1.0
harmonix/0569_arrow/track.npy,harmonix,0.8672768878718535,0.8990825688073395,0.8672768878718535,0.8990825688073395,0.939100647064939,0.9089052792830462,0.9574468085106383,0.9289099526066351
harmonix/0577_battlefieldmainversion/track.npy,harmonix,0.48205128205128206,0.611764705882353,0.48205128205128206,0.611764705882353,0.6972316636105018,0.7401108272958173,0.8258258258258259,0.8831168831168831
harmonix/0603_breaktheicejasonnevinsmix/track.npy,harmonix,0.9980842911877394,0.7692307692307693,0.9980842911877394,0.7692307692307693,0.9478235675956511,0.7605261732120787,0.9990412272291467,0.8125
harmonix/0616_citygirl/track.npy,harmonix,0.8013468013468014,0.8108108108108109,0.8013468013468014,0.8108108108108109,0.8532992528991695,0.8254225705998407,0.9397163120567377,0.9361702127659575
harmonix/0625_complicated/track.npy,harmonix,0.9834983498349835,0.9868421052631579,0.9834983498349835,0.9868421052631579,0.9601644108784007,0.9502519506810838,0.9916805324459235,0.9933774834437086
harmonix/0643_dontrush/track.npy,harmonix,0.9693251533742331,0.9753086419753086,0.9693251533742331,0.9753086419753086,0.9428443256033026,0.9415002851277231,0.9844236760124611,0.9875
harmonix/0644_dontsayaword/track.npy,harmonix,0.8658227848101265,0.851063829787234,0.8658227848101265,0.851063829787234,0.8701819821298311,0.8247885787862601,0.9376623376623375,0.9032258064516129
harmonix/0662_everytimewetouch/track.npy,harmonix,1.0,1.0,1.0,1.0,0.9208396159679196,0.9242411067431096,0.998371335504886,1.0
harmonix/0666_fallin/track.npy,harmonix,0.06239460370994941,0.6101694915254238,0.06239460370994941,0.2222222222222222,0.4908208956799593,0.7373658053485126,0.5423312883435583,0.7468354430379746
harmonix/0673_feelsliketonight/track.npy,harmonix,0.9959016393442623,1.0,0.9959016393442623,1.0,0.9834983930495041,0.9820922792314414,0.997946611909651,1.0
harmonix/0678_fireflies/track.npy,harmonix,0.9873817034700315,0.9875,0.9873817034700315,0.9875,0.9772387845792755,0.975058288791668,0.9936507936507936,0.9937106918238994
harmonix/0679_firsttime/track.npy,harmonix,0.9951923076923077,1.0,0.9951923076923077,1.0,0.9646636375481902,0.960235347746734,0.9975903614457832,1.0
harmonix/0689_gettinoveryou/track.npy,harmonix,0.9637681159420289,0.9883720930232558,0.9637681159420289,0.9883720930232558,0.9394268704043012,0.9367586417054293,0.9853801169590642,0.9883040935672515
harmonix/0695_goodbyegoodbye/track.npy,harmonix,0.9932735426008968,0.7946428571428571,0.9932735426008968,0.7946428571428571,0.9734581892210663,0.8286581881577468,0.995505617977528,0.8482142857142857
harmonix/0698_goodtime/track.npy,harmonix,0.9571428571428572,0.9619047619047619,0.9571428571428572,0.9619047619047619,0.9431117568610456,0.9470535149601921,0.9781021897810218,0.9805825242718447
harmonix/0715_hellodadalife/track.npy,harmonix,0.9038461538461539,0.8034682080924855,0.9038461538461539,0.8034682080924855,0.9089164863148149,0.8034439970261373,0.9669247009148487,0.8529411764705881
harmonix/0719_hipsdontlie/track.npy,harmonix,0.9745042492917847,0.9772727272727273,0.9745042492917847,0.9772727272727273,0.9030987434091311,0.8870834480270476,0.987087517934003,0.9885057471264368
harmonix/0728_howyouremindme/track.npy,harmonix,0.966996699669967,0.961038961038961,0.966996699669967,0.961038961038961,0.8653205225574886,0.8466762722165166,0.9832214765100671,0.9801324503311257
harmonix/0734_iftodaywasyourlastday/track.npy,harmonix,0.9745762711864406,0.9666666666666667,0.9745762711864406,0.9666666666666667,0.9733785713993183,0.9673073103851678,0.9871244635193133,0.983050847457627
harmonix/0737_ihatethispart/track.npy,harmonix,0.7545045045045045,0.8899082568807339,0.7545045045045045,0.8899082568807339,0.8265235642750383,0.8273443495733749,0.9184652278177456,0.912621359223301
harmonix/0741_iknowyoucare/track.npy,harmonix,0.9272237196765498,0.5555555555555556,0.9272237196765498,0.5555555555555556,0.898510121453366,0.600772437065594,0.9685362517099863,0.6363636363636364
harmonix/0753_inreallife/track.npy,harmonix,0.9823788546255506,0.9821428571428571,0.9823788546255506,0.9821428571428571,0.9274743041010907,0.9252501551032095,0.9911111111111112,0.9909909909909909
harmonix/0773_kissmethruthephone/track.npy,harmonix,0.9871244635193133,0.9655172413793104,0.9871244635193133,0.9655172413793104,0.9783507001823042,0.9733138962806965,0.9935205183585313,0.9913043478260869
harmonix/0780_letmebereal/track.npy,harmonix,0.9973262032085561,1.0,0.9973262032085561,1.0,0.9351356953308001,0.9362783080697603,0.998661311914324,1.0
harmonix/0785_littleliesnow/track.npy,harmonix,0.9935275080906149,1.0,0.9935275080906149,1.0,0.9265049932483683,0.933120175124385,0.9967532467532468,1.0
harmonix/0808_makethemoney/track.npy,harmonix,0.9811912225705329,0.810126582278481,0.9811912225705329,0.810126582278481,0.9255085883480426,0.8030193725760285,0.990506329113924,0.8333333333333334
harmonix/0810_memoriesextended/track.npy,harmonix,0.9985272459499264,1.0,0.9985272459499264,1.0,0.9776145151720249,0.9827440274241273,0.9992630803242447,1.0
harmonix/0811_miami2ibiza/track.npy,harmonix,0.9863760217983651,0.9340659340659341,0.9863760217983651,0.9340659340659341,0.9513778013988116,0.9173347307124091,0.9931600547195624,0.9723756906077348
harmonix/0819_myblood/track.npy,harmonix,0.8491620111731844,0.8131868131868132,0.8491620111731844,0.8131868131868132,0.8724601011676509,0.7914400138069733,0.9446064139941691,0.8670520231213872
harmonix/0825_myloveislikeastar/track.npy,harmonix,0.9755102040816327,0.9836065573770492,0.9755102040816327,0.9836065573770492,0.9370213406711313,0.9295946826350968,0.9876033057851239,0.9917355371900827
harmonix/0830_nightwatch/track.npy,harmonix,0.7626582278481012,0.5,0.7626582278481012,0.5,0.8286818839048555,0.6201880049847899,0.8520325203252033,0.6417910447761194
harmonix/0834_nosurprise/track.npy,harmonix,0.9644808743169399,0.9340659340659341,0.9644808743169399,0.9340659340659341,0.9453994422755118,0.9166497515580354,0.9819193324061196,0.9555555555555557
harmonix/0843_omgalmighty/track.npy,harmonix,0.9892215568862276,0.9857142857142858,0.9892215568862276,0.9857142857142858,0.9596001167054856,0.9632494872067194,0.9945815773630344,0.9928057553956835
harmonix/0854_overmyheadcablecar/track.npy,harmonix,0.9683972911963883,0.972972972972973,0.9683972911963883,0.972972972972973,0.9461110001646927,0.9436801351510838,0.9839816933638443,0.9863013698630138
harmonix/0880_righthere/track.npy,harmonix,0.9933554817275747,1.0,0.9933554817275747,1.0,0.957099347560426,0.9522940692995012,0.9966777408637874,1.0
harmonix/0884_rockstar/track.npy,harmonix,1.0,1.0,1.0,1.0,0.952624175279084,0.9577072653632752,1.0,1.0
harmonix/0891_savetheworld/track.npy,harmonix,0.9095022624434389,0.9727272727272728,0.9095022624434389,0.9727272727272728,0.8558741861573956,0.8641310570840479,0.9447004608294931,0.9493087557603687
harmonix/0903_shakethatbubblenow/track.npy,harmonix,0.9525316455696202,0.9620253164556962,0.9525316455696202,0.9620253164556962,0.95550841223802,0.9528141560628699,0.9756888168557536,0.9806451612903226
harmonix/0904_shewolf/track.npy,harmonix,0.9945652173913043,0.7604166666666666,0.9945652173913043,0.7604166666666666,0.9618972058174597,0.8039855349352945,0.9972752043596731,0.823529411764706
harmonix/0906_shutupanddrive/track.npy,harmonix,0.9869565217391304,0.9051724137931034,0.9869565217391304,0.9051724137931034,0.9792769901354375,0.9267738437091279,0.9934354485776805,0.9391304347826087
harmonix/0907_skyscraper/track.npy,harmonix,0.997275204359673,1.0,0.997275204359673,1.0,0.9472172694339368,0.9379618113627625,0.9986357435197818,1.0
harmonix/0921_stronger/track.npy,harmonix,0.9714964370546318,0.9809523809523809,0.9714964370546318,0.9809523809523809,0.9487657706764191,0.9595467457805569,0.9856801909307876,0.9952153110047847
harmonix/0923_sunandmoon/track.npy,harmonix,0.9617590822179732,0.6731517509727627,0.9617590822179732,0.6731517509727627,0.8786783709355676,0.6416336358117382,0.9850602409638554,0.7218934911242604
harmonix/0945_thewayiareradio/track.npy,harmonix,0.9700598802395209,0.9759036144578314,0.9700598802395209,0.9759036144578314,0.9561308242668167,0.9604285144599934,0.9848024316109423,0.9878048780487805
harmonix/0960_umbrella/track.npy,harmonix,0.9608938547486033,0.9666666666666667,0.9608938547486033,0.9666666666666667,0.9151586481473689,0.9102895680493416,0.9815078236130867,0.983050847457627
harmonix/0962_usagainsttheworldjason/track.npy,harmonix,0.9739010989010989,1.0,0.9739010989010989,1.0,0.7766048582772599,0.7806964001204043,0.9655647382920111,0.9558011049723757
harmonix/0981_whenyouregone/track.npy,harmonix,0.9925925925925926,0.8823529411764706,0.9925925925925926,0.8823529411764706,0.8738624992511792,0.7739543856098886,0.9944341372912802,0.9185185185185185
harmonix/0989_womanizer/track.npy,harmonix,1.0,1.0,1.0,1.0,0.9770979995205087,0.9806430595718634,1.0,1.0
harmonix/1001_yourloveismydrugdave/track.npy,harmonix,0.9850427350427351,0.9914529914529915,0.9850427350427351,0.9914529914529915,0.958246417933739,0.9586232394948896,0.992465016146394,0.9957081545064378
hjdb/hjdb_2_Bad_Mice_Take_You/track.npy,hjdb,0.9932432432432432,0.9736842105263158,0.9932432432432432,0.9736842105263158,0.9745823337783422,0.9709242619298698,0.9966101694915254,0.9866666666666666
hjdb/hjdb_Alright_With_Me/track.npy,hjdb,1.0,1.0,1.0,1.0,0.9619134417885536,0.9768102765697189,1.0,1.0
hjdb/hjdb_Bouncing/track.npy,hjdb,1.0,1.0,1.0,1.0,0.9825057705090885,0.9776020849580614,1.0,1.0
hjdb/hjdb_Captain_Of_This_Ship/track.npy,hjdb,1.0,1.0,1.0,1.0,0.9832418733790812,0.9892472954427298,1.0,1.0
hjdb/hjdb_Champion_Sound/track.npy,hjdb,0.9951456310679612,1.0,0.9951456310679612,1.0,0.9760016465427372,0.9667748683555979,0.9975669099756691,1.0
hjdb/hjdb_Champion_Sound_(Doc_Scott_Remix)/track.npy,hjdb,1.0,1.0,1.0,1.0,0.9790464967547238,0.9756584120181662,1.0,1.0
hjdb/hjdb_Cold_Fresh_Air_(Remix)/track.npy,hjdb,1.0,0.9523809523809523,1.0,0.9523809523809523,0.9785937747586223,0.9479802653794169,1.0,0.975609756097561
hjdb/hjdb_Deep_Cover/track.npy,hjdb,0.9856115107913669,0.9714285714285714,0.9856115107913669,0.9714285714285714,0.9680340667957511,0.9559629387610024,0.9927536231884058,0.9855072463768115
hjdb/hjdb_Deep_Love/track.npy,hjdb,0.975609756097561,0.9523809523809523,0.975609756097561,0.9523809523809523,0.9731424003803383,0.9565352280145584,0.9876543209876543,0.975609756097561
hjdb/hjdb_Digable_Bass/track.npy,hjdb,1.0,0.0,1.0,0.0,0.9802672687056674,0.08159505062514266,1.0,0.07272727272727272
hjdb/hjdb_Do_It_Together_(The_Baggys_Mix)/track.npy,hjdb,1.0,1.0,1.0,1.0,0.9808314808119133,0.9734984049875728,1.0,1.0
hjdb/hjdb_Factor_5/track.npy,hjdb,0.9791666666666666,0.9230769230769231,0.9791666666666666,0.9230769230769231,0.9563242074610376,0.9428173165166858,0.9894736842105264,0.9600000000000001
hjdb/hjdb_Give_A_Little_Love_(Remix)/track.npy,hjdb,1.0,1.0,1.0,1.0,0.9792000472782626,0.9688971409586941,1.0,1.0
hjdb/hjdb_Gonna_Be_Alright/track.npy,hjdb,1.0,1.0,1.0,1.0,0.9810456901262553,0.9752371353614591,1.0,1.0
hjdb/hjdb_Hardcore_Junglism/track.npy,hjdb,1.0,1.0,1.0,1.0,0.9784101679298971,0.9796129063220417,1.0,1.0
hjdb/hjdb_I_Need_Your_Lovin/track.npy,hjdb,1.0,1.0,1.0,1.0,0.9885298339086176,0.9908274881049443,1.0,1.0
hjdb/hjdb_Incredible_Bass_(Remix)/track.npy,hjdb,0.987012987012987,0.95,0.987012987012987,0.95,0.9689760851526826,0.9507411801766642,0.987012987012987,0.9743589743589743
hjdb/hjdb_Last_Action_Hero/track.npy,hjdb,1.0,1.0,1.0,1.0,0.9791774113960807,0.9812359579573134,1.0,1.0
hjdb/hjdb_My_Own_(Hixxy_and_UFO_Remix)/track.npy,hjdb,1.0,1.0,1.0,1.0,0.9718108522801016,0.9674869059389362,1.0,1.0
hjdb/hjdb_On_My_Own_(Rmx)/track.npy,hjdb,1.0,1.0,1.0,1.0,0.9857979998941778,0.9833265105044481,1.0,1.0
hjdb/hjdb_Rhythm/track.npy,hjdb,1.0,1.0,1.0,1.0,0.9732975564892387,0.9808892568546658,1.0,1.0
hjdb/hjdb_Rock_To_The_Groove/track.npy,hjdb,1.0,1.0,1.0,1.0,0.9778769947046244,0.981083927975477,1.0,1.0
hjdb/hjdb_Ruff/track.npy,hjdb,1.0,1.0,1.0,1.0,0.9814830398136154,0.9840688896922543,1.0,1.0
hjdb/hjdb_Ruff_(Remix)/track.npy,hjdb,1.0,0.6538461538461539,1.0,0.6538461538461539,0.9740256162703976,0.8318318294215025,1.0,0.875
hjdb/hjdb_Ruff_Beats/track.npy,hjdb,1.0,1.0,1.0,1.0,0.9744446738589365,0.9832908493824973,1.0,1.0
hjdb/hjdb_Screw_Face/track.npy,hjdb,1.0,1.0,1.0,1.0,0.9780346106344487,0.9877814300392151,1.0,1.0
hjdb/hjdb_So_Good/track.npy,hjdb,0.9932432432432432,1.0,0.9932432432432432,1.0,0.9790202393812609,0.9848151531605159,0.9966101694915254,1.0
hjdb/hjdb_Storm_Trooper/track.npy,hjdb,1.0,1.0,1.0,1.0,0.9837012863012606,0.9878589710675536,1.0,1.0
hjdb/hjdb_The_Core/track.npy,hjdb,1.0,1.0,1.0,1.0,0.9757607805165152,0.9770145333927907,1.0,1.0
hjdb/hjdb_Trip_II_The_Moon/track.npy,hjdb,1.0,1.0,1.0,1.0,0.9794220334989623,0.9818039549095219,1.0,1.0
jaah/jaah_007-bessie_smith_james_p_johnson-black_water_blues/track.npy,jaah,0.8851540616246498,0.36904761904761907,0.8851540616246498,0.36904761904761907,0.7933376489532883,0.4399583364586212,0.9264069264069265,0.5
jaah/jaah_010-duke_ellington_his_orchestra-blue_serge/track.npy,jaah,0.9742647058823529,0.8235294117647058,0.9742647058823529,0.8235294117647058,0.9176011348943427,0.7931317055612579,0.9869646182495345,0.8656716417910447
jaah/jaah_017-duke_ellington_his_orchestra-concerto_for_cootie/track.npy,jaah,0.987460815047022,1.0,0.987460815047022,1.0,0.9487335234661887,0.9562771534727977,0.9921507064364207,1.0
jaah/jaah_036-woody_herman_and_his_orchestra-four_brothers/track.npy,jaah,0.9767103347889374,0.936046511627907,0.9767103347889374,0.936046511627907,0.9421828439645059,0.904598230181116,0.989075018208303,0.9532163742690059
jaah/jaah_044-chick_webb_and_his_orchestra-harlem_congo/track.npy,jaah,0.8972286374133949,0.8029556650246306,0.8972286374133949,0.8029556650246306,0.9245476674759248,0.8769686383719109,0.964860035735557,0.9104859335038363
jaah/jaah_051-the_benny_goodman_sextet-i_found_a_new_baby_feat_charlie_christian_count_basie/track.npy,jaah,1.0,0.815068493150685,1.0,0.815068493150685,0.9754942165665437,0.7993807904958582,1.0,0.821917808219178
jaah/jaah_058-jelly_roll_morton-king_porter_stomp/track.npy,jaah,0.9941520467836257,0.9609375,0.9941520467836257,0.9609375,0.9787610218098103,0.9574683470324414,0.9970731707317074,0.9765625
jaah/jaah_062-original_dixieland_jazz_band-livery_stable_blues/track.npy,jaah,0.8278688524590164,0.8688524590163934,0.8278688524590164,0.8688524590163934,0.7835699010394628,0.8077805974508451,0.9447983014861996,0.9539748953974896
jaah/jaah_075-bud_powell_trio-night_in_tunisia/track.npy,jaah,0.9787878787878788,0.9573170731707317,0.9787878787878788,0.9573170731707317,0.9584825114630579,0.9408808006267708,0.9877675840978593,0.9693251533742332
jaah/jaah_082-louis_armstrong_and_his_hot_five-potato_head_blues/track.npy,jaah,0.7909407665505227,0.8888888888888888,0.7909407665505227,0.8888888888888888,0.868110069899041,0.8877035973744715,0.9448529411764706,0.9429657794676807
jaah/jaah_095-louis_armstrong_and_his_orchestra-swing_that_music/track.npy,jaah,0.7170923379174853,0.8869565217391304,0.14121699196326062,0.05504587155963303,0.6703721476499854,0.6658463130744365,0.7318840579710144,0.6846846846846847
jaah/jaah_101-billie_holiday-these_foolish_things/track.npy,jaah,0.8711111111111111,0.5072463768115942,0.8711111111111111,0.5072463768115942,0.8027293047280237,0.6399926134705114,0.9044289044289044,0.7333333333333333
jaah/jaah_109-cannonball_adderley-work_song/track.npy,jaah,0.9688249400479616,0.9423076923076923,0.9688249400479616,0.9423076923076923,0.7676290978805368,0.7300033007811334,0.9813589897775106,0.966183574879227
jaah/jaah_112-ella_fitzgerald-youd_be_so_nice_to_come_home_to/track.npy,jaah,0.9459459459459459,0.9918032786885246,0.9459459459459459,0.9918032786885246,0.9504605612869751,0.9663144419200173,0.9810526315789475,0.9958847736625513
rwc/rwc_classical_CD2_01/track.npy,rwc_classical,0.41002785515320334,0.43458980044345896,0.3652173913043478,0.258160237388724,0.6728741903026916,0.6299468884421089,0.774849745723532,0.6856127886323268
rwc/rwc_classical_CD2_05/track.npy,rwc_classical,0.8898776418242491,0.31724137931034485,0.8898776418242491,0.31724137931034485,0.7687315273238229,0.49297658871354627,0.9107344632768363,0.5831702544031312
rwc/rwc_classical_CD4_14/track.npy,rwc_classical,0.5111111111111111,0.6078431372549019,0.5111111111111111,0.06818181818181818,0.7100686798153562,0.5178054277396191,0.8535564853556484,0.5714285714285714
rwc/rwc_classical_CD5_03/track.npy,rwc_classical,0.6215559157212318,0.7483870967741936,0.6215559157212318,0.7483870967741936,0.6655188127955565,0.6780651834704416,0.8077430708315003,0.8295254833040421
rwc/rwc_classical_CD5_06/track.npy,rwc_classical,0.2542372881355932,0.2608695652173913,0.2542372881355932,0.2608695652173913,0.5787699370996606,0.39914208145390573,0.6443298969072165,0.45238095238095233
rwc/rwc_classical_CD6_01/track.npy,rwc_classical,0.4409722222222222,0.26119402985074625,0.4409722222222222,0.26119402985074625,0.624366001474913,0.38617803869544887,0.7760000000000001,0.4833333333333333
rwc/rwc_classical_CD6_02/track.npy,rwc_classical,0.3602941176470588,0.28735632183908044,0.08015267175572519,0.28735632183908044,0.494753258223356,0.4660081558773019,0.6381909547738693,0.5815602836879432
rwc/rwc_classical_CD6_15/track.npy,rwc_classical,0.21138211382113822,0.4146341463414634,0.21138211382113822,0.1510791366906475,0.3793633911349395,0.3459824457572561,0.5215605749486653,0.4615384615384615
rwc/rwc_jazz_CD2_03/track.npy,rwc_jazz,0.2749391727493917,0.6063829787234043,0.2749391727493917,0.6063829787234043,0.4948567621257114,0.6182179285934031,0.5788156797331109,0.6954022988505747
rwc/rwc_jazz_CD2_04/track.npy,rwc_jazz,0.8503253796095445,0.8418803418803419,0.8503253796095445,0.8418803418803419,0.8078321873623694,0.775414757469207,0.925601750547046,0.8989247311827958
rwc/rwc_jazz_CD2_09/track.npy,rwc_jazz,0.6437994722955145,0.5465116279069767,0.6437994722955145,0.5465116279069767,0.6907189935305375,0.6403939179276412,0.8033240997229917,0.7307692307692307
rwc/rwc_jazz_CD3_07/track.npy,rwc_jazz,0.9325153374233128,0.8674698795180723,0.9325153374233128,0.8674698795180723,0.8338935715899943,0.8203514617444058,0.9489953632148378,0.9390243902439024
rwc/rwc_jazz_CD3_10/track.npy,rwc_jazz,0.9531914893617022,0.9913419913419913,0.9531914893617022,0.9913419913419913,0.8691730418430093,0.8721011713255662,0.9791516894320632,0.991304347826087
rwc/rwc_jazz_CD4_02/track.npy,rwc_jazz,0.6245353159851301,0.9545454545454546,0.6245353159851301,0.9545454545454546,0.7745256590086135,0.8416103351874787,0.8742268041237112,0.963302752293578
rwc/rwc_popular_CD1_13/track.npy,rwc_popular,0.9944289693593314,1.0,0.9944289693593314,1.0,0.9728559593438652,0.9759980944572807,0.9972067039106145,1.0
rwc/rwc_popular_CD2_01/track.npy,rwc_popular,0.994535519125683,0.9891304347826086,0.994535519125683,0.9891304347826086,0.9756802058587082,0.9637096320916533,0.9958960328317372,0.9891304347826086
rwc/rwc_popular_CD2_10/track.npy,rwc_popular,0.9960629921259843,1.0,0.9960629921259843,1.0,0.9685726368364984,0.9632850703167393,0.9970443349753695,1.0
rwc/rwc_popular_CD3_01/track.npy,rwc_popular,0.9643564356435643,0.983739837398374,0.9643564356435643,0.983739837398374,0.959192031460057,0.9578654325302138,0.986,0.983739837398374
rwc/rwc_popular_CD3_05/track.npy,rwc_popular,0.9405099150141643,0.4228571428571429,0.9405099150141643,0.4228571428571429,0.8647622310543152,0.41158852362910436,0.9594882729211087,0.436046511627907
rwc/rwc_popular_CD3_13/track.npy,rwc_popular,1.0,1.0,1.0,1.0,0.976995743432039,0.9792093027774185,1.0,1.0
rwc/rwc_popular_CD4_04/track.npy,rwc_popular,0.9939271255060729,1.0,0.9939271255060729,1.0,0.9789448022984634,0.9827321691566043,0.9939271255060729,1.0
rwc/rwc_popular_CD4_06/track.npy,rwc_popular,0.9887133182844243,1.0,0.9887133182844243,1.0,0.9694677131884104,0.9727497426562143,0.9943246311010215,1.0
rwc/rwc_popular_CD4_13/track.npy,rwc_popular,0.9963369963369964,0.9197080291970803,0.9963369963369964,0.9197080291970803,0.9660839228474029,0.9198849543425321,0.998165137614679,0.9450549450549451
rwc/rwc_popular_CD5_07/track.npy,rwc_popular,0.9921507064364207,1.0,0.9921507064364207,1.0,0.9128653103256182,0.933966046432815,0.9897879025923018,0.9937106918238994
rwc/rwc_popular_CD5_08/track.npy,rwc_popular,0.9769230769230769,0.46153846153846156,0.9769230769230769,0.46153846153846156,0.8130317166608964,0.45034505817512394,0.9652509652509652,0.48062015503875966
rwc/rwc_popular_CD6_08/track.npy,rwc_popular,0.99375,0.9416666666666667,0.99375,0.9416666666666667,0.9527580891814637,0.9291140332676899,0.9968652037617556,0.9707112970711297
rwc/rwc_royalty-free_CD1_01/track.npy,rwc_royalty-free,0.9705882352941176,0.9830508474576272,0.9705882352941176,0.9830508474576272,0.8732903699044167,0.8733057681510847,0.9850746268656716,0.9914529914529915
rwc/rwc_royalty-free_CD1_07/track.npy,rwc_royalty-free,0.979381443298969,0.9791666666666666,0.979381443298969,0.9791666666666666,0.889946111928159,0.9047575206509102,0.9895833333333333,0.9894736842105264
simac/simac_A_vida_me_fez_assim_04-O_passar_dos_anos/track.npy,simac,0.8518518518518519,0.0,0.8518518518518519,0.0,0.8856329136326012,0.0,0.92,0.0
simac/simac_A_vida_me_fez_assim_14-Embala_eu_Samba_de_roda/track.npy,simac,0.8571428571428571,0.0,0.8571428571428571,0.0,0.8320712327410763,0.0,0.923076923076923,0.0
simac/simac_Alfagamabetizado_05-Argila/track.npy,simac,0.7142857142857143,0.0,0.7142857142857143,0.0,0.7082161066413832,0.0,0.8,0.0
simac/simac_Alfagamabetizado_10-Frases_Ventias/track.npy,simac,0.9,0.0,0.9,0.0,0.8734055349873396,0.0,0.9473684210526316,0.0
simac/simac_As_Time_Goes_By_03-blue_moon/track.npy,simac,0.696969696969697,0.0,0.696969696969697,0.0,0.6443912877395521,0.0,0.7857142857142856,0.0
simac/simac_As_Time_Goes_By_10-i_used_to_be_colourblind/track.npy,simac,0.625,0.0,0.625,0.0,0.4805740904525983,0.0,0.5641025641025641,0.0
simac/simac_As_time_goes_by_disk_2_04-Life_is_beautiful/track.npy,simac,0.8,0.0,0.0,0.0,0.6921180709103795,0.0,0.6153846153846154,0.0
simac/simac_As_time_goes_by_disk_2_08-My_romance/track.npy,simac,0.6785714285714286,0.0,0.6785714285714286,0.0,0.7012690770638745,0.0,0.8085106382978724,0.0
simac/simac_BACH_WTC_03-Prelude_and_Fugue_No._2_in_C_minor_BWV_871_-_1._Praeludium/track.npy,simac,0.9090909090909091,0.0,0.9090909090909091,0.0,0.9327386612916986,0.0,0.9523809523809523,0.0
simac/simac_BACH_WTC_05-Prelude_and_Fugue_No._3_in_C-sharp_major_BWV_872_-_1._Praeludium/track.npy,simac,0.8333333333333334,0.0,0.8333333333333334,0.0,0.8775451748829916,0.0,0.9090909090909091,0.0
simac/simac_Bach_Bach_-_BWV_639_-_Ich_ruf_zu_dir_Herr_Jesu_Christ/track.npy,simac,0.6,0.0,0.6,0.0,0.37101201169593256,0.0,0.5142857142857143,0.0
simac/simac_Bach_The_Well-Tempered_Clavier_II_(Disc_1)_16-Prelude_and_Fugue_No._8_in_D-sharp_minor_BWV_877_-_2._Fuga/track.npy,simac,0.8148148148148148,0.0,0.8148148148148148,0.0,0.8819852773386277,0.0,0.8979591836734693,0.0
simac/simac_Bach_The_Well-Tempered_Clavier_II_(Disc_1)_23-Prelude_and_Fugue_No._12_in_F_minor_BWV_881_-_1._Praeludium/track.npy,simac,0.9333333333333333,0.0,0.9333333333333333,0.0,0.8282956433662021,0.0,0.9655172413793104,0.0
simac/simac_Bach_The_Well-Tempered_Clavier_II_(Disc_2)_08-Prelude_and_Fugue_No._16_G_minor_BWV_885_-_2._Fuga/track.npy,simac,0.8666666666666667,0.0,0.8666666666666667,0.0,0.9247920293897242,0.0,0.9473684210526316,0.0
simac/simac_Bach_The_Well-Tempered_Clavier_II_(Disc_2)_10-Prelude_and_Fugue_No._17_A-flats_major_BWV_886_-_2._Fuga/track.npy,simac,0.8181818181818182,0.0,0.8181818181818182,0.0,0.8322255472979742,0.0,0.8852459016393442,0.0
simac/simac_Beethoven_The_String_Quartets_-_CD_3_07-III_Allegretto_-_Maggiore_(Theme_russe)/track.npy,simac,0.8421052631578947,0.0,0.8421052631578947,0.0,0.7497839506162693,0.0,0.8648648648648649,0.0
simac/simac_Bernstein_conducts_Stravinsky_02-The_augurs_of_spring/track.npy,simac,0.8666666666666667,0.0,0.8666666666666667,0.0,0.6350181092650266,0.0,0.8928571428571429,0.0
simac/simac_Bernstein_conducts_Stravinsky_05-Games_of_the_rival_tribes/track.npy,simac,0.5128205128205128,0.0,0.25,0.0,0.6661489953697253,0.0,0.6923076923076923,0.0
simac/simac_Bernstein_conducts_Stravinsky_25-The_masqueraders/track.npy,simac,0.5641025641025641,0.0,0.07142857142857142,0.0,0.5950942901176468,0.0,0.5833333333333334,0.0
simac/simac_Cafe_Zimmermann_09-Suite_en_ut_majeur_BWV_1066_-_Forlane/track.npy,simac,0.8518518518518519,0.0,0.8518518518518519,0.0,0.876582825903157,0.0,0.92,0.0
simac/simac_Cafe_Zimmermann_11-Suite_en_ut_majeur_BWV_1066_-_Bourres_I_&_II/track.npy,simac,1.0,0.0,1.0,0.0,0.9055023380913059,0.0,1.0,0.0
simac/simac_Chopin_Piano_Concerto_No._1_etc_03-III_Rondo_(Vivace)/track.npy,simac,0.7837837837837838,0.0,0.7837837837837838,0.0,0.7474380274219938,0.0,0.8181818181818181,0.0
simac/simac_Classic_Track_04/track.npy,simac,0.44,0.0,0.44,0.0,0.2678315207090139,0.0,0.37499999999999994,0.0
simac/simac_Concert_02-2._Vivace/track.npy,simac,0.8888888888888888,0.0,0.8888888888888888,0.0,0.6961062924309432,0.0,0.9142857142857143,0.0
simac/simac_Concert_24-4._Presto/track.npy,simac,0.7916666666666666,0.0,0.7916666666666666,0.0,0.8353861035538738,0.0,0.8837209302325582,0.0
simac/simac_Ella_&_Louis_10-Cow_Cow_Boogie/track.npy,simac,0.7272727272727273,0.0,0.7272727272727273,0.0,0.7203860432783071,0.0,0.8524590163934426,0.0
simac/simac_Ella_&_Louis_12-Lover_Come_Back_To_Me/track.npy,simac,0.2978723404255319,0.0,0.10638297872340426,0.0,0.49615232512386986,0.0,0.41463414634146345,0.0
simac/simac_Eventail_14-Prld5/track.npy,simac,0.06896551724137931,0.0,0.0,0.0,0.38040449523001585,0.0,0.4102564102564103,0.0
simac/simac_Fado_02-AudioTrack_02/track.npy,simac,0.8285714285714286,0.0,0.8285714285714286,0.0,0.6475045193577545,0.0,0.8750000000000001,0.0
simac/simac_Family_Tree_-_Greatest_Hits_As_Chosen_By_Bjork_02-Hyperballad/track.npy,simac,0.8292682926829268,0.0,0.8292682926829268,0.0,0.8388228246749939,0.0,0.9066666666666667,0.0
simac/simac_Family_Tree_-_Greatest_Hits_As_Chosen_By_Bjork_03-You_ve_Been_Flirting_Again/track.npy,simac,0.5909090909090909,0.0,0.0,0.0,0.47436001311394427,0.0,0.4999999999999999,0.0
simac/simac_Fight_To_Win_01-Do_your_best/track.npy,simac,0.8125,0.0,0.8125,0.0,0.8789218416594599,0.0,0.896551724137931,0.0
simac/simac_Gold_-_Greatest_Hits_04-Mamma_Mia/track.npy,simac,0.8,0.0,0.8,0.0,0.8645427090748424,0.0,0.8985507246376812,0.0
simac/simac_Gold_-_Greatest_Hits_12-Fernando/track.npy,simac,0.78125,0.0,0.78125,0.0,0.7307911304185709,0.0,0.8421052631578947,0.0
simac/simac_Gold_-_Greatest_Hits_13-Voulez_Vous/track.npy,simac,0.8888888888888888,0.0,0.8888888888888888,0.0,0.9121539692711363,0.0,0.9411764705882353,0.0
simac/simac_Ludwid_van_Beethoven_08-IV._Andante_ma_non_troppo_e_molto_cantabile_-_Andante_moderato_e_lusinghiero/track.npy,simac,0.7,0.0,0.7,0.0,0.6055140594550315,0.0,0.7636363636363636,0.0
simac/simac_Niandra_LaDes_and_Usually_Just_a_T-Shirt_03-Head_(Beach_Arab)/track.npy,simac,0.9047619047619048,0.0,0.9047619047619048,0.0,0.8190350323316586,0.0,0.9,0.0
simac/simac_Niandra_LaDes_and_Usually_Just_a_T-Shirt_07-Mascara/track.npy,simac,0.0,0.0,0.0,0.0,0.4441944464415039,0.0,0.47826086956521735,0.0
simac/simac_Papakonstantinou_12-AudioTrack_12/track.npy,simac,0.7777777777777778,0.0,0.7777777777777778,0.0,0.6812218385323215,0.0,0.8125000000000001,0.0
simac/simac_Papakonstantinou_14-AudioTrack_14/track.npy,simac,0.5833333333333334,0.0,0.5833333333333334,0.0,0.6728140721122572,0.0,0.75,0.0
simac/simac_Primer_Aliento_12-Cita_en_el_asteroide_Eden/track.npy,simac,0.9090909090909091,0.0,0.9090909090909091,0.0,0.9042624477884508,0.0,0.9523809523809523,0.0
simac/simac_Primer_Aliento_13-Obsesion/track.npy,simac,0.8636363636363636,0.0,0.8636363636363636,0.0,0.8954232434307199,0.0,0.9268292682926829,0.0
simac/simac_Primer_Aliento_19-El_nacimiento_de_la_industria/track.npy,simac,0.925,0.0,0.925,0.0,0.942357051739938,0.0,0.961038961038961,0.0
simac/simac_R.A.F.I_03-Black_White/track.npy,simac,0.9090909090909091,0.0,0.9090909090909091,0.0,0.9447443312638749,0.0,0.9523809523809523,0.0
simac/simac_R.A.F.I_06-Modern_Apprentice/track.npy,simac,0.9024390243902439,0.0,0.0,0.0,0.7231779713819178,0.0,0.6333333333333334,0.0
simac/simac_Samba_na_Madrugada_07-Perfeito_Amor/track.npy,simac,0.6818181818181818,0.0,0.6818181818181818,0.0,0.7833391009060187,0.0,0.8780487804878049,0.0
simac/simac_So_Cartola_08-Amor_Proibido/track.npy,simac,0.34615384615384615,0.0,0.0,0.0,0.32430919566943506,0.0,0.360655737704918,0.0
simac/simac_So_Cartola_20-As_Rosas_Nao_Falam/track.npy,simac,0.7142857142857143,0.0,0.0,0.0,0.43558597565426826,0.0,0.07272727272727272,0.0
simac/simac_Songs_Pastora_-_Lola/track.npy,simac,1.0,0.0,1.0,0.0,0.9472088938079366,0.0,1.0,0.0
simac/simac_Tanto_Tempo_05-Mais_Feliz/track.npy,simac,0.4230769230769231,0.0,0.0,0.0,0.43278477182765573,0.0,0.2978723404255319,0.0
simac/simac_Tanto_Tempo_09-Bananeira/track.npy,simac,0.8620689655172413,0.0,0.8620689655172413,0.0,0.867096071073437,0.0,0.9259259259259259,0.0
simac/simac_The_Crackdown_05-Over_and_Over/track.npy,simac,0.4383561643835616,0.0,0.3333333333333333,0.0,0.742400330454261,0.0,0.7659574468085106,0.0
simac/simac_Tomatito_Tomatito-06.Caminillo_viejo/track.npy,simac,0.8076923076923077,0.0,0.8076923076923077,0.0,0.7980493194783113,0.0,0.875,0.0
simac/simac_VOL.3_Musiques_pour_guitare_et_violoncelle_11-Nana/track.npy,simac,0.8275862068965517,0.0,0.8275862068965517,0.0,0.7994686413562134,0.0,0.8727272727272727,0.0
simac/simac_Xatzidakis_10-AudioTrack_10/track.npy,simac,0.4375,0.0,0.4375,0.0,0.5514902639609035,0.0,0.625,0.0
simac/simac_blues_roots_my_jelly_roll_soul/track.npy,simac,0.7073170731707317,0.0,0.0,0.0,0.5389829141225563,0.0,0.5357142857142857,0.0
simac/simac_greek_01_H_mikri_Rallou/track.npy,simac,0.5588235294117647,0.0,0.5588235294117647,0.0,0.6661896325572286,0.0,0.7169811320754718,0.0
simac/simac_more_greek_03_Efriksen_i_gi/track.npy,simac,0.75,0.0,0.75,0.0,0.6521205271044712,0.0,0.8095238095238096,0.0
simac/simac_more_greek_08_Hlios/track.npy,simac,0.0,0.0,0.0,0.0,0.30805528538691473,0.0,0.33962264150943394,0.0
simac/simac_more_greek_Ksylouris_-_Evale_o_8eos_simadi/track.npy,simac,0.5294117647058824,0.0,0.13636363636363635,0.0,0.5869826056403824,0.0,0.6153846153846153,0.0
simac/simac_more_greek_Ksylouris_-_Filentem/track.npy,simac,0.8529411764705882,0.0,0.0,0.0,0.6781188534850908,0.0,0.6122448979591837,0.0
simac/simac_more_greek_Marinella_-_Omorfi_poli/track.npy,simac,0.65,0.0,0.65,0.0,0.5586190598151644,0.0,0.6666666666666667,0.0
simac/simac_more_greek_Mosxoliou_-_Xwrismos/track.npy,simac,0.8461538461538461,0.0,0.8461538461538461,0.0,0.8811751131681906,0.0,0.9166666666666666,0.0
simac/simac_more_greek_Mpellou_-_Kane_ligaki_ypomoni/track.npy,simac,0.8095238095238095,0.0,0.8095238095238095,0.0,0.6662601570476098,0.0,0.8947368421052632,0.0
simac/simac_more_greek_Mpellou_-_Ksimerwnei_kai_vradiazei/track.npy,simac,0.8064516129032258,0.0,0.8064516129032258,0.0,0.8264839203706866,0.0,0.8928571428571428,0.0
simac/simac_more_greek_Mpellou_-_To_minore_tis_avgis/track.npy,simac,0.5666666666666667,0.0,0.0,0.0,0.3842178519135706,0.0,0.35897435897435903,0.0
simac/simac_more_greek_Mpellou_-_Zeimpekiko/track.npy,simac,0.8571428571428571,0.0,0.8571428571428571,0.0,0.8144834102355089,0.0,0.8717948717948718,0.0
simac/simac_more_greek_Mpi8ikwtsis_-_Paei_o_kairos/track.npy,simac,0.6666666666666666,0.0,0.6666666666666666,0.0,0.6710042383500832,0.0,0.8,0.0
simac/simac_more_greek_Mpi8ikwtsis_Xiwtis_-_Myrtia/track.npy,simac,0.7857142857142857,0.0,0.7857142857142857,0.0,0.7583812715296544,0.0,0.88,0.0
simac/simac_more_greek_Ninou_-_Apopse_kaneis_mpam/track.npy,simac,0.8181818181818182,0.0,0.8181818181818182,0.0,0.7485561415195341,0.0,0.9,0.0
simac/simac_more_greek_Smokovitis_-_Prwino_tsigaro/track.npy,simac,0.8064516129032258,0.0,0.03225806451612903,0.0,0.6774355144566977,0.0,0.5777777777777778,0.0
simac/simac_selected_ambient_works_8592_actium/track.npy,simac,1.0,0.0,1.0,0.0,0.9278354495608403,0.0,1.0,0.0
simac/simac_selected_ambient_works_8592_ptolemy/track.npy,simac,0.9354838709677419,0.0,0.9354838709677419,0.0,0.6988517142384028,0.0,0.9508196721311476,0.0
simac/simac_selected_ambient_works_8592_we_are_the_music_makers/track.npy,simac,0.9019607843137255,0.0,0.04081632653061224,0.0,0.766754017895454,0.0,0.6933333333333334,0.0
smc/smc_002/track.npy,smc,0.0,0.0,0.0,0.0,0.3340352864337259,0.0,0.4331210191082802,0.0
smc/smc_009/track.npy,smc,0.0,0.0,0.0,0.0,0.2910268215895058,0.0,0.42424242424242425,0.0
smc/smc_016/track.npy,smc,0.7272727272727273,0.0,0.7272727272727273,0.0,0.6333710994289034,0.0,0.7708333333333333,0.0
smc/smc_030/track.npy,smc,0.603448275862069,0.0,0.603448275862069,0.0,0.6608525157235904,0.0,0.7964601769911505,0.0
smc/smc_052/track.npy,smc,0.65625,0.0,0.65625,0.0,0.45799590343466445,0.0,0.6324786324786325,0.0
smc/smc_058/track.npy,smc,0.6666666666666666,0.0,0.6666666666666666,0.0,0.39005383282167155,0.0,0.5384615384615384,0.0
smc/smc_072/track.npy,smc,0.926829268292683,0.0,0.926829268292683,0.0,0.7119765895439057,0.0,0.9249999999999999,0.0
smc/smc_074/track.npy,smc,0.0,0.0,0.0,0.0,0.36880552978836206,0.0,0.5070422535211268,0.0
smc/smc_087/track.npy,smc,0.7380952380952381,0.0,0.0,0.0,0.5199330708179332,0.0,0.5913978494623655,0.0
smc/smc_105/track.npy,smc,0.11904761904761904,0.0,0.0,0.0,0.16611751557331222,0.0,0.20869565217391303,0.0
smc/smc_126/track.npy,smc,0.8222222222222222,0.0,0.8222222222222222,0.0,0.6829317606232287,0.0,0.8433734939759038,0.0
smc/smc_127/track.npy,smc,0.19672131147540983,0.0,0.1282051282051282,0.0,0.32678810007193804,0.0,0.4571428571428572,0.0
smc/smc_149/track.npy,smc,0.34545454545454546,0.0,0.0,0.0,0.36782306277200816,0.0,0.40522875816993464,0.0
smc/smc_175/track.npy,smc,0.21875,0.0,0.21875,0.0,0.14425402226940184,0.0,0.16,0.0
smc/smc_203/track.npy,smc,0.15555555555555556,0.0,0.15555555555555556,0.0,0.1688949937621787,0.0,0.23809523809523808,0.0
smc/smc_209/track.npy,smc,0.5660377358490566,0.0,0.5660377358490566,0.0,0.363292111836727,0.0,0.5161290322580645,0.0
smc/smc_220/track.npy,smc,0.7843137254901961,0.0,0.7843137254901961,0.0,0.6151851386544279,0.0,0.8387096774193549,0.0
smc/smc_222/track.npy,smc,0.43478260869565216,0.0,0.43478260869565216,0.0,0.4568003715028066,0.0,0.5633802816901409,0.0
smc/smc_227/track.npy,smc,0.21875,0.0,0.21875,0.0,0.27610294350658027,0.0,0.411764705882353,0.0
smc/smc_229/track.npy,smc,0.9361702127659575,0.0,0.9361702127659575,0.0,0.6622206543011881,0.0,0.8571428571428571,0.0
smc/smc_242/track.npy,smc,0.5492957746478874,0.0,0.5492957746478874,0.0,0.5800138793182554,0.0,0.7413793103448275,0.0
smc/smc_253/track.npy,smc,0.6304347826086957,0.0,0.6304347826086957,0.0,0.5145720712819213,0.0,0.6588235294117647,0.0
smc/smc_259/track.npy,smc,0.4666666666666667,0.0,0.4666666666666667,0.0,0.3832991737326803,0.0,0.4788732394366198,0.0
smc/smc_262/track.npy,smc,0.6190476190476191,0.0,0.6190476190476191,0.0,0.6574137805918098,0.0,0.7964601769911505,0.0
smc/smc_279/track.npy,smc,1.0,0.0,1.0,0.0,0.9453417872656522,0.0,1.0,0.0
smc/smc_281/track.npy,smc,1.0,0.0,1.0,0.0,0.8830967612843573,0.0,1.0,0.0
smc/smc_288/track.npy,smc,0.9666666666666667,0.0,0.9666666666666667,0.0,0.8872101734163543,0.0,0.957983193277311,0.0
tapcorrect/004_youtube_IwOfCgkyEj0/track.npy,tapcorrect,0.9947275922671354,0.9859154929577465,0.9947275922671354,0.9859154929577465,0.9702263928146952,0.9668038554212925,0.9982394366197184,0.9964664310954063
tapcorrect/007_youtube_9QnUOrTsxXA/track.npy,tapcorrect,0.9696132596685083,0.9545454545454546,0.9696132596685083,0.9545454545454546,0.9528026626749907,0.9403733865638192,0.9845722300140253,0.9659090909090909
tapcorrect/009_youtube_hRFLv29K__o/track.npy,tapcorrect,0.9957081545064378,0.9482758620689655,0.9957081545064378,0.9482758620689655,0.9796644889341038,0.9404115660949292,0.9978494623655914,0.9568965517241379
tapcorrect/018_youtube_wVyggTKDcOE/track.npy,tapcorrect,0.975,0.9888888888888889,0.975,0.9888888888888889,0.856420419352337,0.9316726943552024,0.9622377622377623,0.9944134078212291
tapcorrect/026_youtube__X6DCz3pkYA/track.npy,tapcorrect,0.9898734177215189,0.98989898989899,0.9898734177215189,0.98989898989899,0.9508403003426089,0.9603868649665839,0.9949109414758269,0.9949238578680203
tapcorrect/038_youtube_eVTXPUF4Oz4/track.npy,tapcorrect,0.9214092140921409,0.9456521739130435,0.9214092140921409,0.9456521739130435,0.9403051370405869,0.944298484201534,0.9667590027700832,0.9666666666666666
tapcorrect/040_youtube_1zrxnqejwCk/track.npy,tapcorrect,0.9825581395348837,0.9956140350877193,0.9825581395348837,0.9956140350877193,0.8613861106143554,0.9184269512649029,0.9934258582907232,0.9978021978021978
tapcorrect/056_youtube_alYFdNGVL1E/track.npy,tapcorrect,0.5080385852090032,0.6571428571428571,0.5080385852090032,0.6571428571428571,0.8030375076878831,0.8251271504204422,0.8385899814471242,0.8750000000000001
tapcorrect/058_youtube_c5dwksSbD34/track.npy,tapcorrect,0.9100850546780073,0.9132653061224489,0.0036452004860267314,0.9132653061224489,0.7600958316202636,0.8932135259301607,0.6447368421052632,0.9411764705882353
tapcorrect/067_youtube_MbmFqUtK2aw/track.npy,tapcorrect,0.5,1.0,0.5,1.0,0.7309347785145069,0.9561638360704265,0.7619047619047619,1.0
tapcorrect/081_youtube_pSdUOTuQzWQ/track.npy,tapcorrect,0.3931133428981349,0.8,0.3931133428981349,0.8,0.7572704075730157,0.8693074275511345,0.7986688851913477,0.923076923076923
tapcorrect/090_youtube_2tmc8rJgxUI/track.npy,tapcorrect,0.7239709443099274,0.9354838709677419,0.7239709443099274,0.9354838709677419,0.8931905149314815,0.9363144695579896,0.9176470588235294,0.9613259668508287
tapcorrect/102_youtube_4aiWPx8RU7I/track.npy,tapcorrect,0.42579505300353354,0.5460992907801419,0.42579505300353354,0.5460992907801419,0.6363203169525075,0.530543503812927,0.815734989648033,0.7073170731707318
asap/Bach_Fugue_bwv_867_HuNY01M/track.npy,asap,0.7222222222222222,0.05555555555555555,0.7222222222222222,0.0,0.899989451100319,0.19478284822471154,0.9253731343283582,0.17283950617283952
asap/Bach_Fugue_bwv_867_Sham01M/track.npy,asap,0.8482758620689655,0.1388888888888889,0.8482758620689655,0.0136986301369863,0.9361693410701676,0.3341633117692912,0.9571428571428572,0.32258064516129037
asap/Bach_Fugue_bwv_885_Guo01M/track.npy,asap,0.5,0.125,0.5,0.125,0.8134437560543349,0.34933806866253553,0.8267148014440433,0.3550295857988165
asap/Bach_Fugue_bwv_885_Huang04M/track.npy,asap,0.8803088803088803,0.2345679012345679,0.8803088803088803,0.2345679012345679,0.9420298259901861,0.536545335631677,0.9681274900398406,0.5503355704697986
asap/Bach_Fugue_bwv_885_JeonH01M/track.npy,asap,0.20416666666666666,0.2345679012345679,0.14107883817427386,0.2345679012345679,0.44260794407258364,0.07071117230873372,0.3821656050955414,0.06802721088435375
asap/Bach_Fugue_bwv_885_SINKEV06/track.npy,asap,0.15282392026578073,0.16770186335403728,0.15282392026578073,0.022222222222222223,0.08750560915023951,0.04785655053338632,0.1143911439114391,0.08187134502923976
asap/Bach_Fugue_bwv_892_Hou01M/track.npy,asap,0.9408866995073891,0.13725490196078433,0.9408866995073891,0.11764705882352941,0.943722059611352,0.4861166831273014,0.9751243781094528,0.5
asap/Bach_Fugue_bwv_892_KabuliL01M/track.npy,asap,0.9852941176470589,0.2549019607843137,0.9852941176470589,0.0392156862745098,0.9700727469018041,0.47880344401163155,0.9926289926289927,0.45454545454545453
asap/Bach_Prelude_bwv_874_BianF01M/track.npy,asap,0.9506726457399103,0.616822429906542,0.9506726457399103,0.10588235294117647,0.9504043768747388,0.7192520318682201,0.9863636363636364,0.6618705035971222
asap/Bach_Prelude_bwv_874_WongWY01M/track.npy,asap,0.45645645645645644,0.43859649122807015,0.45645645645645644,0.043859649122807015,0.7626569939960239,0.5731933028856143,0.7876588021778583,0.5357142857142857
asap/Bach_Prelude_bwv_875_Ahfat01M/track.npy,asap,0.6236559139784946,0.7142857142857143,0.6236559139784946,0.7142857142857143,0.8255867537924253,0.8335737962692008,0.8403361344537815,0.8500000000000001
asap/Bach_Prelude_bwv_875_CaoJ01M/track.npy,asap,0.9028571428571428,0.8793103448275862,0.9028571428571428,0.8793103448275862,0.9189139464149128,0.9040818566909239,0.9394812680115274,0.9217391304347825
asap/Bach_Prelude_bwv_875_HONG04M/track.npy,asap,0.8461538461538461,0.7413793103448276,0.8461538461538461,0.7413793103448276,0.9075789977081574,0.8420492358926588,0.9322033898305084,0.8648648648648648
asap/Beethoven_Piano_Sonatas_12-1_Kleisen05M/track.npy,asap,0.7525773195876289,0.18518518518518517,0.7525773195876289,0.18518518518518517,0.8708791533331933,0.39672818627664685,0.9064856711915535,0.4134615384615385
asap/Beethoven_Piano_Sonatas_21-3_KimSY04M/track.npy,asap,0.8770794824399261,0.47435897435897434,0.8770794824399261,0.14471243042671614,0.8904491685514446,0.6173072233328856,0.9296296296296296,0.6415981198589893
asap/Beethoven_Piano_Sonatas_21-3_Sekino05M/track.npy,asap,0.6737777777777778,0.37216828478964403,0.6737777777777778,0.14842300556586271,0.8162879097020529,0.5764810861496473,0.8588288697231048,0.6037735849056605
asap/Beethoven_Piano_Sonatas_21-3_YOO05M/track.npy,asap,0.7632311977715878,0.4299363057324841,0.7632311977715878,0.10946196660482375,0.8158833579138272,0.5558556391211018,0.8604759682687821,0.5791324736225089
asap/Beethoven_Piano_Sonatas_26-2_LEE_K05M/track.npy,asap,0.4030612244897959,0.06976744186046512,0.015306122448979591,0.06976744186046512,0.48011220156029444,0.33809288115835723,0.460431654676259,0.380952380952381
asap/Beethoven_Piano_Sonatas_28-1_KimHJ02M/track.npy,asap,0.5818181818181818,0.3,0.5818181818181818,0.3,0.6987083811672563,0.522025946242476,0.7238095238095238,0.5380116959064328
asap/Beethoven_Piano_Sonatas_28-1_KyykhynenT06M/track.npy,asap,0.6481481481481481,0.2,0.6481481481481481,0.2,0.7141421325953193,0.4956136834496495,0.7500000000000001,0.5189873417721519
asap/Beethoven_Piano_Sonatas_28-1_WangY04M/track.npy,asap,0.583710407239819,0.23,0.583710407239819,0.23,0.7094801000280394,0.4413609226148916,0.7505938242280286,0.46341463414634143
asap/Beethoven_Piano_Sonatas_31-1_ADIG05M/track.npy,asap,0.513909224011713,0.04205607476635514,0.12667660208643816,0.04205607476635514,0.6563446071146258,0.4443440475835599,0.633761105626851,0.47560975609756095
asap/Beethoven_Piano_Sonatas_31-1_AbdelmoulaJS03M/track.npy,asap,0.5666178623718887,0.1145374449339207,0.11475409836065574,0.10714285714285714,0.6672731700033663,0.4708775925659822,0.6428571428571428,0.49032258064516115
asap/Beethoven_Piano_Sonatas_31-1_Ahfat02M/track.npy,asap,0.6120058565153733,0.07929515418502203,0.07740916271721959,0.07692307692307693,0.6629633519258755,0.4416763707798424,0.6338461538461538,0.46601941747572817
asap/Beethoven_Piano_Sonatas_31-1_BrendleA03M/track.npy,asap,0.5461200585651538,0.1951219512195122,0.10277324632952692,0.1951219512195122,0.6301086373854627,0.4980078518833486,0.6094240837696335,0.525179856115108
asap/Beethoven_Piano_Sonatas_31-1_HuangSW08M/track.npy,asap,0.6559297218155198,0.08522727272727272,0.10396039603960396,0.08522727272727272,0.6699120660362542,0.3646780672802622,0.6561181434599156,0.3931034482758621
asap/Beethoven_Piano_Sonatas_31-1_LeungM03M/track.npy,asap,0.6310395314787701,0.13541666666666666,0.08580343213728549,0.13541666666666666,0.6802751137968467,0.48382746514299346,0.634791454730417,0.5098039215686275
asap/Beethoven_Piano_Sonatas_31-1_Na06M/track.npy,asap,0.5885797950219619,0.14857142857142858,0.09612403100775194,0.14857142857142858,0.6687535509011318,0.4729898120290903,0.6322188449848024,0.49826989619377154
asap/Beethoven_Piano_Sonatas_31-1_Zuber04M/track.npy,asap,0.5021961932650073,0.11894273127753303,0.0578386605783866,0.06701030927835051,0.580132570330324,0.4182016170385133,0.5705705705705706,0.474025974025974
asap/Chopin_Ballades_1_BuiJL04M/track.npy,asap,0.23118279569892472,0.3650190114068441,0.23118279569892472,0.3650190114068441,0.5730454631670174,0.5864567367686057,0.6087580760947595,0.63220675944334
asap/Chopin_Ballades_1_JIA06M/track.npy,asap,0.1449771689497717,0.39492753623188404,0.1449771689497717,0.39492753623188404,0.5295149319039997,0.5963016955793016,0.5714285714285714,0.6382189239332098
asap/Chopin_Ballades_1_KimSuyeon04M/track.npy,asap,0.21148825065274152,0.4490566037735849,0.21148825065274152,0.4490566037735849,0.5759108343139194,0.6142661821875386,0.6186440677966102,0.6628787878787878
asap/Chopin_Ballades_1_Mo07M/track.npy,asap,0.18344519015659955,0.36610169491525424,0.18344519015659955,0.36610169491525424,0.5333223951796343,0.5672315002897955,0.5858716785482825,0.6308243727598567
asap/Chopin_Ballades_1_MunA19M/track.npy,asap,0.186307519640853,0.2507936507936508,0.186307519640853,0.2507936507936508,0.5520775000351471,0.5602877300194089,0.5959661678594665,0.6065857885615252
asap/Chopin_Ballades_1_Richardson13M/track.npy,asap,0.1561771561771562,0.3108108108108108,0.1561771561771562,0.3108108108108108,0.5628568047440318,0.6075004411562693,0.5892501658925016,0.6296958855098389
asap/Chopin_Ballades_1_Sladek04M/track.npy,asap,0.2982216142270862,0.3015267175572519,0.2982216142270862,0.3015267175572519,0.5904552005116166,0.5597557521912252,0.6163886874546773,0.5836575875486382
asap/Chopin_Ballades_1_Zhou06M/track.npy,asap,0.21319199057714958,0.3650190114068441,0.21319199057714958,0.3650190114068441,0.5789042411915152,0.5779009685926275,0.6070713809206137,0.6133333333333334
asap/Chopin_Ballades_4_ChenC04M/track.npy,asap,0.2827669902912621,0.2875,0.2827669902912621,0.2875,0.6006230333178725,0.45844006259035164,0.6457055214723927,0.4989517819706499
asap/Chopin_Ballades_4_Kociuban07M/track.npy,asap,0.3159947984395319,0.26693227091633465,0.3159947984395319,0.26693227091633465,0.6060714641090376,0.47304835997451045,0.6592,0.524390243902439
asap/Chopin_Ballades_4_Levitsky18M/track.npy,asap,0.3057324840764331,0.2875,0.3057324840764331,0.2875,0.6174129642929868,0.5095253113791867,0.6545454545454544,0.5397489539748953
asap/Chopin_Ballades_4_LuEric04M/track.npy,asap,0.2884130982367758,0.21875,0.2884130982367758,0.21875,0.5958878247817195,0.4756857655360622,0.6483516483516483,0.5161290322580646
asap/Chopin_Ballades_4_MiyashitaM04M/track.npy,asap,0.3970802919708029,0.22083333333333333,0.3970802919708029,0.22083333333333333,0.6488293220108036,0.42408946261727454,0.6969957081545064,0.4598698481561822
asap/Chopin_Ballades_4_Mizumoto02M/track.npy,asap,0.31297709923664124,0.25416666666666665,0.31297709923664124,0.25416666666666665,0.5986276581466767,0.4187970708776979,0.6429699842022116,0.46511627906976744
asap/Chopin_Ballades_4_Nikiforov13M/track.npy,asap,0.19672131147540983,0.22338204592901878,0.19672131147540983,0.16151202749140894,0.5401326076432668,0.43820567418661205,0.5835125448028674,0.4783427495291902
asap/Chopin_Etudes_op_25_10_Guo02M/track.npy,asap,0.6426799007444168,0.2440944881889764,0.6426799007444168,0.2440944881889764,0.7597671063712235,0.4268750318765248,0.8151898734177214,0.49382716049382724
asap/Chopin_Etudes_op_25_10_Ozel05M/track.npy,asap,0.7201017811704835,0.19863013698630136,0.7201017811704835,0.19863013698630136,0.7785079950014663,0.4986228278772157,0.8326947637292464,0.532319391634981
asap/Chopin_Etudes_op_25_10_WangA03M/track.npy,asap,0.4845360824742268,0.3620689655172414,0.4845360824742268,0.3620689655172414,0.7030478270266208,0.5524815934353651,0.7319034852546918,0.5767441860465117
asap/Haydn_Keyboard_Sonatas_48-1_GarritsonL02M/track.npy,asap,0.4274322169059011,0.3181818181818182,0.4274322169059011,0.3181818181818182,0.6849553885131918,0.6060643487312517,0.7427536231884058,0.649859943977591
asap/Haydn_Keyboard_Sonatas_48-1_PrjevalskayaM02M/track.npy,asap,0.4585987261146497,0.4378698224852071,0.4585987261146497,0.4378698224852071,0.6626615188536136,0.6021654744461074,0.7427536231884058,0.6524390243902439
asap/Liszt_Gran_Etudes_de_Paganini_6_Theme_and_Variations_repeat_KanM09M/track.npy,asap,0.47676419965576594,0.4429223744292237,0.47676419965576594,0.4429223744292237,0.7341036186799215,0.6579582461709362,0.7803921568627452,0.7016706443914082
asap/Schubert_Impromptu_op.90_D.899_3_LEE_K04M/track.npy,asap,0.8539944903581267,0.9418604651162791,0.8539944903581267,0.9418604651162791,0.7021190915521286,0.6526349047055005,0.8457142857142858,0.8771929824561403
asap/Schubert_Piano_Sonatas_664-3_KabuliL12M/track.npy,asap,0.24671916010498687,0.5858823529411765,0.24671916010498687,0.16809116809116809,0.6754194079373845,0.7281894962820736,0.6941870261162594,0.6808510638297873
asap/Schubert_Wanderer_fantasie_Larionova05M/track.npy,asap,0.5289799072642968,0.33222591362126247,0.5289799072642968,0.33222591362126247,0.7331769338911102,0.625560263448281,0.7667001003009026,0.650185414091471
asap/Schubert_Wanderer_fantasie_SunY10M/track.npy,asap,0.6248520710059171,0.3599537037037037,0.6248520710059171,0.3599537037037037,0.7822102589411186,0.6835813925105516,0.8142741281427412,0.7067764407853071
asap/Schumann_Kreisleriana_1_ParkJH04M/track.npy,asap,0.4190064794816415,0.1736111111111111,0.23607427055702918,0.1736111111111111,0.7003944995908769,0.3867362449704332,0.6962233169129722,0.39999999999999997
asap/Schumann_Kreisleriana_1_Yarden09M/track.npy,asap,0.34379905808477235,0.23809523809523808,0.006279434850863423,0.06635071090047394,0.5154510045012626,0.32681779077789996,0.44367816091954027,0.3425076452599389
asap/Schumann_Toccata_WangY07M/track.npy,asap,0.5428571428571428,0.6161879895561357,0.5428571428571428,0.6161879895561357,0.7382736881652959,0.657392646430912,0.767288033674083,0.6815789473684211
asap/Schumann_Toccata_no_repeat_DupreeF13M/track.npy,asap,0.6729131175468483,0.48028673835125446,0.6729131175468483,0.48028673835125446,0.7381242820721416,0.5892046643333505,0.7604895104895105,0.6054687499999999
asap/Scriabin_Sonatas_5_ChernovA06M/track.npy,asap,0.22990654205607478,0.11607142857142858,0.22990654205607478,0.1111111111111111,0.46280093720180854,0.2675614741330451,0.5012236906510034,0.28828828828828834
asap/Scriabin_Sonatas_5_FaB05M/track.npy,asap,0.19135234590616376,0.17687074829931973,0.19135234590616376,0.10444444444444445,0.4385143942994451,0.2914863813542136,0.4738106679481019,0.303763440860215
asap/Scriabin_Sonatas_5_GarritsonL06M/track.npy,asap,0.2078853046594982,0.1180327868852459,0.2078853046594982,0.07555555555555556,0.4585823500597031,0.25218552846345843,0.49573459715639806,0.27549668874172184
asap/Scriabin_Sonatas_5_Ko07M/track.npy,asap,0.312133072407045,0.16451612903225807,0.312133072407045,0.08463251670378619,0.5094501267037045,0.3173127330215485,0.5412935323383085,0.3346508563899868
asap/Scriabin_Sonatas_5_Na07M/track.npy,asap,0.30386740331491713,0.13031161473087818,0.30386740331491713,0.09333333333333334,0.5122378636280763,0.27074650493468116,0.5442307692307692,0.2914072229140723
asap/Scriabin_Sonatas_5_Yeletskiy07M/track.npy,asap,0.2595419847328244,0.15151515151515152,0.2595419847328244,0.140625,0.5150394430741145,0.3583305021932521,0.5544280442804427,0.3830334190231362
ballroom/ballroom_Albums-AnaBelen_Veneo-02/track.npy,ballroom,0.8636363636363636,0.9166666666666666,0.8636363636363636,0.9166666666666666,0.877022555000262,0.8773138500731743,0.9534883720930233,0.9565217391304348
ballroom/ballroom_Albums-Ballroom_Classics4-03/track.npy,ballroom,1.0,1.0,1.0,1.0,0.7683794611607713,0.847104504832119,0.9166666666666666,0.9166666666666666
ballroom/ballroom_Albums-Ballroom_Classics4-04/track.npy,ballroom,0.972972972972973,1.0,0.972972972972973,1.0,0.8921479760515783,0.9026796196956838,0.9863013698630138,1.0
ballroom/ballroom_Albums-Ballroom_Classics4-13/track.npy,ballroom,0.8767123287671232,1.0,0.8767123287671232,1.0,0.7616856078127568,0.7875439926765337,0.9103448275862068,0.9166666666666666
ballroom/ballroom_Albums-Ballroom_Magic-01/track.npy,ballroom,0.9714285714285714,1.0,0.9714285714285714,1.0,0.8753308325255603,0.9145920706973076,0.9855072463768115,1.0
ballroom/ballroom_Albums-Ballroom_Magic-06/track.npy,ballroom,1.0,1.0,1.0,1.0,0.9712074785741199,0.9841443365556776,1.0,1.0
ballroom/ballroom_Albums-Ballroom_Magic-07/track.npy,ballroom,1.0,1.0,1.0,1.0,0.8705958081671036,0.8768410009539725,1.0,1.0
ballroom/ballroom_Albums-Cafe_Paradiso-04/track.npy,ballroom,1.0,1.0,1.0,1.0,0.9765169506788465,0.9628877130839889,1.0,1.0
ballroom/ballroom_Albums-Cafe_Paradiso-09/track.npy,ballroom,1.0,1.0,1.0,1.0,0.9368729636595343,0.9879934022796496,0.9714285714285714,1.0
ballroom/ballroom_Albums-Chrisanne1-05/track.npy,ballroom,0.9814814814814815,1.0,0.9814814814814815,1.0,0.9413831772703468,0.9059374618708933,0.9814814814814815,0.9285714285714286
ballroom/ballroom_Albums-Chrisanne1-13/track.npy,ballroom,1.0,1.0,1.0,1.0,0.969744781367057,0.9782330841590745,1.0,1.0
ballroom/ballroom_Albums-Chrisanne3-07/track.npy,ballroom,0.9726027397260274,0.96,0.9726027397260274,0.96,0.8707651920986365,0.8563572380952489,0.9861111111111112,0.9795918367346939
ballroom/ballroom_Albums-Fire-01/track.npy,ballroom,0.9807692307692307,1.0,0.9807692307692307,1.0,0.9430281136658102,0.9421584854200032,0.9902912621359222,1.0
ballroom/ballroom_Albums-Fire-08/track.npy,ballroom,0.9811320754716981,1.0,0.9811320754716981,1.0,0.9600682907775434,0.9856604594898766,0.9811320754716981,1.0
ballroom/ballroom_Albums-Latin_Jam2-08/track.npy,ballroom,1.0,1.0,1.0,1.0,0.9781986913894267,0.9831495032128341,1.0,1.0
ballroom/ballroom_Albums-Latin_Jam3-04/track.npy,ballroom,1.0,1.0,1.0,1.0,0.9809179197017444,0.9791995618185491,1.0,1.0
ballroom/ballroom_Albums-Latin_Jam3-07/track.npy,ballroom,0.9772727272727273,1.0,0.9772727272727273,1.0,0.9226250667331914,0.9286767135712837,0.9885057471264368,1.0
ballroom/ballroom_Albums-Latin_Jam3-08/track.npy,ballroom,1.0,1.0,1.0,1.0,0.9696062617984582,0.9595196178712702,1.0,1.0
ballroom/ballroom_Albums-Latin_Jam4-12/track.npy,ballroom,1.0,1.0,1.0,1.0,0.9769603412712959,0.979195973013999,1.0,1.0
ballroom/ballroom_Albums-Macumba-01/track.npy,ballroom,1.0,1.0,1.0,1.0,0.9803363081339665,0.9867315062664469,1.0,1.0
ballroom/ballroom_Albums-Macumba-02/track.npy,ballroom,1.0,1.0,1.0,1.0,0.956113491900904,0.9839319833534621,1.0,1.0
ballroom/ballroom_Albums-Pais_Tropical-01/track.npy,ballroom,0.9534883720930233,0.9166666666666666,0.9534883720930233,0.9166666666666666,0.919169587145983,0.9133471408541046,0.9761904761904763,0.9565217391304348
ballroom/ballroom_Albums-Pais_Tropical-04/track.npy,ballroom,0.9761904761904762,0.9090909090909091,0.9761904761904762,0.9090909090909091,0.9611718184670435,0.9257567246912062,0.9879518072289156,0.9523809523809523
ballroom/ballroom_Albums-Pais_Tropical-16/track.npy,ballroom,0.9861111111111112,0.7894736842105263,0.9861111111111112,0.10526315789473684,0.9784033975696819,0.49488499770037764,0.993006993006993,0.10810810810810811
ballroom/ballroom_Albums-Step_By_Step-07/track.npy,ballroom,0.9814814814814815,1.0,0.9814814814814815,1.0,0.9356167457329109,0.95667916296107,0.9906542056074767,1.0
ballroom/ballroom_Albums-StrictlyDancing_Tango-01/track.npy,ballroom,1.0,1.0,1.0,1.0,0.9472682139304928,0.9405648754578788,1.0,1.0
ballroom/ballroom_Albums-StrictlyDancing_Tango-09/track.npy,ballroom,0.9811320754716981,1.0,0.9811320754716981,1.0,0.952404840388215,0.9811227549498536,0.9904761904761905,1.0
ballroom/ballroom_Albums-StrictlyDancing_Tango-14/track.npy,ballroom,1.0,1.0,1.0,1.0,0.9336558564537375,0.9520941074623344,1.0,1.0
ballroom/ballroom_Media-103402/track.npy,ballroom,1.0,1.0,1.0,1.0,0.9755184184172816,0.9626794455320355,1.0,1.0
ballroom/ballroom_Media-103512/track.npy,ballroom,0.9761904761904762,1.0,0.9761904761904762,1.0,0.9613326935152344,0.9646201816360074,0.9879518072289156,1.0
ballroom/ballroom_Media-103610/track.npy,ballroom,0.9148936170212766,0.9090909090909091,0.9148936170212766,0.9090909090909091,0.9188680391406094,0.9139638736610023,0.9555555555555556,0.9523809523809523
ballroom/ballroom_Media-103714/track.npy,ballroom,0.9863013698630136,0.5555555555555556,0.9863013698630136,0.5555555555555556,0.9680955253714281,0.8623025448816161,0.9863013698630136,0.8750000000000001
ballroom/ballroom_Media-103717/track.npy,ballroom,0.96875,1.0,0.96875,1.0,0.6921449779963073,0.6763896935017268,0.9841269841269841,1.0
ballroom/ballroom_Media-103816/track.npy,ballroom,1.0,1.0,1.0,1.0,0.9727455267265211,0.9764964319150042,1.0,1.0
ballroom/ballroom_Media-103819/track.npy,ballroom,1.0,1.0,1.0,1.0,0.9674163049766987,0.9490590994599909,1.0,1.0
ballroom/ballroom_Media-103904/track.npy,ballroom,1.0,0.9,1.0,0.0,0.9720475095606971,0.4524068814237485,1.0,0.0
ballroom/ballroom_Media-103906/track.npy,ballroom,1.0,1.0,1.0,1.0,0.9842586417289791,0.9808127920754447,1.0,1.0
ballroom/ballroom_Media-103909/track.npy,ballroom,0.9811320754716981,1.0,0.9811320754716981,1.0,0.973212770204921,0.9813090548427383,0.9904761904761905,1.0
ballroom/ballroom_Media-103918/track.npy,ballroom,1.0,1.0,1.0,1.0,0.9733029210833564,0.9832374389182487,1.0,1.0
ballroom/ballroom_Media-104110/track.npy,ballroom,1.0,1.0,1.0,1.0,0.9691608992783864,0.962916645998145,1.0,1.0
ballroom/ballroom_Media-104115/track.npy,ballroom,0.975609756097561,1.0,0.975609756097561,1.0,0.9413460778222488,0.9349165119831501,0.9876543209876543,1.0
ballroom/ballroom_Media-104116/track.npy,ballroom,0.9824561403508771,0.9333333333333333,0.9824561403508771,0.9333333333333333,0.9640541684598096,0.9434025576610602,0.9911504424778761,0.9655172413793104
ballroom/ballroom_Media-104119/track.npy,ballroom,0.972972972972973,0.7,0.972972972972973,0.7,0.9615259096028839,0.8264413464231327,0.9863013698630138,0.8421052631578948
ballroom/ballroom_Media-104205/track.npy,ballroom,1.0,1.0,1.0,1.0,0.9537614682996501,0.9467609003078362,1.0,1.0
ballroom/ballroom_Media-104302/track.npy,ballroom,0.9032258064516129,0.9090909090909091,0.9032258064516129,0.9090909090909091,0.9287963363618118,0.9370217876410448,0.9491525423728813,0.9523809523809523
ballroom/ballroom_Media-104304/track.npy,ballroom,1.0,0.7142857142857143,1.0,0.7142857142857143,0.9563743072701233,0.8049984408325863,1.0,0.8461538461538461
ballroom/ballroom_Media-104309/track.npy,ballroom,0.9868421052631579,0.9615384615384616,0.9868421052631579,0.9615384615384616,0.9347173938054701,0.9388973731528856,0.9933774834437086,0.9803921568627451
ballroom/ballroom_Media-104316/track.npy,ballroom,0.9772727272727273,0.9545454545454546,0.9772727272727273,0.9545454545454546,0.9618091548155777,0.9501394095780559,0.9885057471264368,0.9767441860465117
ballroom/ballroom_Media-104402/track.npy,ballroom,1.0,1.0,1.0,1.0,0.8728704740024129,0.9295118510127223,1.0,1.0
ballroom/ballroom_Media-104503/track.npy,ballroom,0.972972972972973,1.0,0.972972972972973,1.0,0.8969158028985545,0.9082523752915707,0.9863013698630138,1.0
ballroom/ballroom_Media-104608/track.npy,ballroom,0.9733333333333334,1.0,0.9733333333333334,1.0,0.9281574525120095,0.9478856266896274,0.9864864864864865,1.0
ballroom/ballroom_Media-104718/track.npy,ballroom,0.9438202247191011,0.9545454545454546,0.9438202247191011,0.9545454545454546,0.9003183449122965,0.8982496030683418,0.9659090909090908,0.9767441860465117
ballroom/ballroom_Media-105003/track.npy,ballroom,0.8108108108108109,0.9166666666666666,0.8108108108108109,0.9166666666666666,0.6375059266157737,0.6936965123619985,0.7777777777777778,0.8695652173913043
ballroom/ballroom_Media-105006/track.npy,ballroom,0.6388888888888888,0.6666666666666666,0.6388888888888888,0.6666666666666666,0.6852798792059064,0.6855782891688789,0.7796610169491525,0.8
ballroom/ballroom_Media-105010/track.npy,ballroom,0.9868421052631579,0.9615384615384616,0.9868421052631579,0.9615384615384616,0.9282362607589884,0.9372966595760713,0.9933774834437086,0.9803921568627451
ballroom/ballroom_Media-105104/track.npy,ballroom,1.0,1.0,1.0,1.0,0.9498345551933693,0.9020203979184213,1.0,1.0
ballroom/ballroom_Media-105120/track.npy,ballroom,0.9767441860465116,1.0,0.9767441860465116,1.0,0.9388749772177581,0.9531309318707398,0.9941520467836257,1.0
ballroom/ballroom_Media-105303/track.npy,ballroom,1.0,1.0,1.0,1.0,0.8999081621786763,0.9514295401061745,1.0,1.0
ballroom/ballroom_Media-105306/track.npy,ballroom,0.9245283018867925,0.9230769230769231,0.9245283018867925,0.9230769230769231,0.9254083801517774,0.8869290819007393,0.9714285714285713,0.9600000000000001
ballroom/ballroom_Media-105309/track.npy,ballroom,0.9866666666666667,1.0,0.9866666666666667,1.0,0.9597578698567607,0.9721180762779713,0.9932885906040269,1.0
ballroom/ballroom_Media-105314/track.npy,ballroom,0.9176470588235294,0.9523809523809523,0.9176470588235294,0.9523809523809523,0.9121258407418059,0.915860502946689,0.988095238095238,0.975609756097561
ballroom/ballroom_Media-105315/track.npy,ballroom,0.9770114942528736,1.0,0.9770114942528736,1.0,0.9691377743194279,0.9910210427530473,0.9883720930232558,1.0
ballroom/ballroom_Media-105410/track.npy,ballroom,0.9743589743589743,1.0,0.9743589743589743,1.0,0.9381394393775588,0.9758374219172754,0.9743589743589743,1.0
ballroom/ballroom_Media-105413/track.npy,ballroom,0.9705882352941176,0.9411764705882353,0.9705882352941176,0.9411764705882353,0.9588894810239774,0.9297675357436277,0.9850746268656716,0.9696969696969697
ballroom/ballroom_Media-105416/track.npy,ballroom,0.972972972972973,0.9,0.972972972972973,0.9,0.9494001134850275,0.887027249567995,0.9863013698630138,0.9473684210526316
ballroom/ballroom_Media-105504/track.npy,ballroom,1.0,1.0,1.0,1.0,0.8459488597917191,0.8321493426224479,0.9444444444444444,0.9166666666666666
ballroom/ballroom_Media-105510/track.npy,ballroom,0.972972972972973,0.96,0.972972972972973,0.96,0.9392898406423918,0.9391796121991259,0.9863013698630138,0.9795918367346939
ballroom/ballroom_Media-105511/track.npy,ballroom,0.9736842105263158,0.9615384615384616,0.9736842105263158,0.9615384615384616,0.9099465977898686,0.904611831996468,0.9866666666666666,0.9803921568627451
ballroom/ballroom_Media-105517/track.npy,ballroom,0.9764705882352941,0.9523809523809523,0.9764705882352941,0.9523809523809523,0.9552713468294608,0.9488453824634985,0.988095238095238,0.975609756097561
ballroom/ballroom_Media-105518/track.npy,ballroom,0.9764705882352941,1.0,0.9764705882352941,1.0,0.9461358025867312,0.9620802506364566,0.988095238095238,1.0
ballroom/ballroom_Media-105606/track.npy,ballroom,0.9767441860465116,1.0,0.9767441860465116,1.0,0.9609720956178934,0.9657032764771123,0.988235294117647,1.0
ballroom/ballroom_Media-105611/track.npy,ballroom,0.9772727272727273,0.9090909090909091,0.9772727272727273,0.9090909090909091,0.9749254557236996,0.9348038907247158,0.9885057471264368,0.9523809523809523
ballroom/ballroom_Media-105615/track.npy,ballroom,0.9777777777777777,1.0,0.9777777777777777,1.0,0.9451737628044283,0.9656021632302131,0.9887640449438202,1.0
ballroom/ballroom_Media-105701/track.npy,ballroom,0.9736842105263158,1.0,0.9736842105263158,1.0,0.9274753211579116,0.9301434446766186,0.9866666666666666,1.0
ballroom/ballroom_Media-105708/track.npy,ballroom,0.9605263157894737,0.96,0.9605263157894737,0.96,0.9519881601910574,0.9534101219624895,0.9798657718120806,0.9795918367346939
ballroom/ballroom_Media-105802/track.npy,ballroom,1.0,1.0,1.0,1.0,0.9570791308173567,0.961634495630796,1.0,1.0
ballroom/ballroom_Media-105807/track.npy,ballroom,0.9814814814814815,0.9285714285714286,0.9814814814814815,0.9285714285714286,0.9050098819926632,0.880920498387705,0.9906542056074767,0.962962962962963
ballroom/ballroom_Media-105816/track.npy,ballroom,0.9882352941176471,1.0,0.9882352941176471,1.0,0.9745572161585274,0.9819015784467592,0.9940828402366864,1.0
ballroom/ballroom_Media-105818/track.npy,ballroom,1.0,1.0,1.0,1.0,0.9717258255476484,0.9680483919703601,1.0,1.0
ballroom/ballroom_Media-106007/track.npy,ballroom,0.9629629629629629,1.0,0.9629629629629629,1.0,0.968489597864527,0.9926501932270907,0.9811320754716981,1.0
ballroom/ballroom_Media-106012/track.npy,ballroom,0.9534883720930233,0.9090909090909091,0.9534883720930233,0.9090909090909091,0.9349264880535338,0.8837920456062953,0.9761904761904763,0.9523809523809523
ballroom/ballroom_Media-106103/track.npy,ballroom,0.9629629629629629,1.0,0.9629629629629629,1.0,0.9311182443989793,0.9477872952936277,0.9811320754716981,1.0
ballroom/ballroom_Media-106104/track.npy,ballroom,0.9454545454545454,0.9285714285714286,0.9454545454545454,0.9285714285714286,0.9522819012688126,0.9455986059544562,0.9719626168224299,0.962962962962963
ballroom/ballroom_Media-106105/track.npy,ballroom,0.9622641509433962,1.0,0.9622641509433962,1.0,0.9564897657398478,0.9873178200272578,0.9807692307692307,1.0
ballroom/ballroom_Media-106118/track.npy,ballroom,0.9672131147540983,0.6666666666666666,0.01639344262295082,0.23076923076923078,0.8127803442898031,0.8294418065257962,0.673913043478261,0.761904761904762
beatles/beatles_01_Please_Please_Me_08_Love_Me_Do/track.npy,beatles,0.7723076923076924,0.7317073170731707,0.7723076923076924,0.7317073170731707,0.8908306059463634,0.8625120527478842,0.935064935064935,0.9102564102564101
beatles/beatles_01_Please_Please_Me_10_Baby_Its_You/track.npy,beatles,0.9927797833935018,0.9855072463768116,0.9927797833935018,0.9855072463768116,0.8192203389025412,0.8604750839205817,0.9927536231884057,0.9927007299270074
beatles/beatles_02_With_the_Beatles_12_Devil_In_Her_Heart/track.npy,beatles,1.0,1.0,1.0,1.0,0.9640886351882815,0.9594354208157425,1.0,1.0
beatles/beatles_02_With_the_Beatles_13_Not_A_Second_Time/track.npy,beatles,0.9919678714859438,1.0,0.9919678714859438,1.0,0.9719099110536938,0.9758972302098249,0.995967741935484,1.0
beatles/beatles_03_A_Hard_Days_Night_11_When_I_Get_Home/track.npy,beatles,0.9962406015037594,1.0,0.9962406015037594,1.0,0.9443389175398857,0.9522651651423956,0.9981167608286252,1.0
beatles/beatles_03_A_Hard_Days_Night_12_You_Cant_Do_That/track.npy,beatles,0.9808917197452229,0.9746835443037974,0.9808917197452229,0.9746835443037974,0.9612782340258256,0.9530741823118677,0.9903536977491961,0.9871794871794872
beatles/beatles_04_Beatles_for_Sale_12_I_Dont_Want_to_Spoil_the_Party/track.npy,beatles,1.0,0.9333333333333333,1.0,0.9333333333333333,0.7545508222460318,0.7492684345482169,1.0,0.983050847457627
beatles/beatles_05_Help_02_The_Night_Before/track.npy,beatles,0.7794117647058824,1.0,0.7794117647058824,1.0,0.7494710783465459,0.7886634852532076,0.9391979301423027,1.0
beatles/beatles_05_Help_10_You_Like_Me_Too_Much/track.npy,beatles,0.9354838709677419,0.6792452830188679,0.016548463356973995,0.6792452830188679,0.7408591396371076,0.8035675191329689,0.6656249999999999,0.8979591836734695
beatles/beatles_06_Rubber_Soul_10_Im_Looking_Through_You/track.npy,beatles,0.9898734177215189,0.9797979797979798,0.0,0.0,0.7541434597527192,0.7588972914698415,0.6632825719120136,0.6621621621621622
beatles/beatles_06_Rubber_Soul_13_If_I_Needed_Someone/track.npy,beatles,0.9964285714285714,1.0,0.9964285714285714,1.0,0.9685944696196366,0.969331060274802,0.998211091234347,1.0
beatles/beatles_07_Revolver_03_Im_Only_Sleeping/track.npy,beatles,0.9658703071672355,0.9594594594594594,0.9658703071672355,0.9594594594594594,0.8496182190963286,0.8233995568402926,0.9756944444444445,0.9793103448275862
beatles/beatles_07_Revolver_08_Good_Day_Sunshine/track.npy,beatles,0.9705882352941176,0.8166666666666667,0.9705882352941176,0.8166666666666667,0.8968079308117242,0.8256152956787682,0.9829787234042553,0.9075630252100839
beatles/beatles_08_Sgt_Peppers_Lonely_Hearts_Club_Band_07_Being_For_The_Benefit_Of_Mr_Kite/track.npy,beatles,0.9437086092715232,0.8888888888888888,0.9437086092715232,0.8888888888888888,0.8174654427877847,0.8250457369368306,0.9696969696969696,0.95
beatles/beatles_09_Magical_Mystery_Tour_06_I_Am_The_Walrus/track.npy,beatles,0.9974160206718347,1.0,0.9974160206718347,1.0,0.9045811779069193,0.9137425229102908,0.9857697283311773,1.0
beatles/beatles_09_Magical_Mystery_Tour_07_Hello_Goodbye/track.npy,beatles,0.987987987987988,0.6842105263157895,0.987987987987988,0.6842105263157895,0.8923757220332219,0.7979180142375893,0.9939577039274925,0.8777777777777777
beatles/beatles_10_CD1_The_Beatles_16_I_Will/track.npy,beatles,0.9940119760479041,0.47368421052631576,0.9940119760479041,0.47368421052631576,0.9601339134415042,0.8192215028598302,0.996996996996997,0.8484848484848484
beatles/beatles_10_CD2_The_Beatles_01_Birthday/track.npy,beatles,0.9971428571428571,0.9659090909090909,0.9971428571428571,0.9659090909090909,0.9081054381871972,0.8860454894199186,0.9985693848354792,0.9772727272727273
beatles/beatles_10_CD2_The_Beatles_13_Good_Night/track.npy,beatles,0.9365853658536586,0.44329896907216493,0.9365853658536586,0.25333333333333335,0.6480380004305973,0.5003505438112247,0.8450000000000001,0.6290322580645161
beatles/beatles_11_Abbey_Road_12_Polythene_Pam/track.npy,beatles,0.6524064171122995,0.5869565217391305,0.6524064171122995,0.5869565217391305,0.8531371561615977,0.8569822633715237,0.9037900874635568,0.891566265060241
beatles/beatles_11_Abbey_Road_15_Carry_That_Weight/track.npy,beatles,1.0,1.0,1.0,1.0,0.9237075556505578,0.9050929713336338,1.0,1.0
beatles/beatles_12_Let_It_Be_11_For_You_Blue/track.npy,beatles,0.9967213114754099,1.0,0.9967213114754099,1.0,0.9284973857839723,0.9407056797215023,0.9967213114754099,1.0
beatles/beatles_12_Let_It_Be_12_Get_Back/track.npy,beatles,0.9709677419354839,0.8095238095238095,0.9709677419354839,0.8095238095238095,0.866870695988663,0.8109112442497726,0.9741100323624595,0.906832298136646
candombe/csic.1995_ansina2_01/track.npy,candombe,1.0,1.0,1.0,1.0,0.9742771084050224,0.9748301649623861,1.0,1.0
candombe/csic.1995_cuareim_01/track.npy,candombe,0.9962073324905183,0.99,0.9962073324905183,0.99,0.9804166390682739,0.9771395023721404,0.9981024667931688,0.9949748743718593
candombe/zavala.muniz.2014_41/track.npy,candombe,0.9941002949852508,1.0,0.9941002949852508,1.0,0.967769384787827,0.9658510371546615,0.9970501474926253,1.0
candombe/zavala.muniz.2014_47/track.npy,candombe,1.0,1.0,1.0,1.0,0.9569706315829133,0.9629669724666572,1.0,1.0
filosax/filosax_02/track.npy,filosax,0.9943502824858758,1.0,0.9943502824858758,1.0,0.948862699531739,0.9367563305220193,0.9971711456859972,0.9943502824858758
filosax/filosax_03/track.npy,filosax,0.9960552268244576,0.9645669291338582,0.9960552268244576,0.9645669291338582,0.9166892237945847,0.8843155570647305,0.9985199802664035,0.9822485207100592
filosax/filosax_22/track.npy,filosax,0.9889078498293515,0.976271186440678,0.9889078498293515,0.976271186440678,0.9533740693246776,0.9383663618060892,0.9948630136986302,0.9863481228668943
filosax/filosax_36/track.npy,filosax,0.9984214680347278,0.9968454258675079,0.9984214680347278,0.9968454258675079,0.9535234208368454,0.9484716156396873,0.9992101105845181,0.9984202211690364
filosax/filosax_37/track.npy,filosax,0.9853479853479854,0.9615384615384616,0.9853479853479854,0.9615384615384616,0.9144667291374476,0.8984354964960668,0.992619926199262,0.9853658536585366
filosax/filosax_45/track.npy,filosax,0.9960732984293194,0.864321608040201,0.9960732984293194,0.864321608040201,0.9209090786415682,0.8431183434656541,0.9980327868852459,0.923076923076923
groove_midi/drummer10_session1_10_jazz-swing_110_beat_4-4/track.npy,groove_midi,0.9936102236421726,0.4935064935064935,0.9936102236421726,0.2692307692307692,0.9192587514135556,0.4353906638272941,0.9967948717948718,0.3586206896551724
groove_midi/drummer10_session1_4_jazz-swing_215_beat_4-4/track.npy,groove_midi,0.993006993006993,0.9722222222222222,0.993006993006993,0.9722222222222222,0.916824082624809,0.927995511728127,0.9964912280701755,0.9859154929577464
groove_midi/drummer1_eval_session_3_soul-groove3_86_beat_4-4/track.npy,groove_midi,1.0,1.0,1.0,1.0,0.9729039802824377,0.9729979199101155,1.0,1.0
groove_midi/drummer1_session1_184_reggae_78_beat_4-4/track.npy,groove_midi,0.9862068965517241,0.6944444444444444,0.9862068965517241,0.6944444444444444,0.903482902940949,0.7331504267183796,0.9930555555555556,0.7941176470588235
groove_midi/drummer1_session1_1_funk_80_beat_4-4/track.npy,groove_midi,0.9553571428571429,0.9310344827586207,0.9553571428571429,0.9310344827586207,0.8266330109512992,0.8350627574222055,0.9864253393665159,0.9642857142857143
groove_midi/drummer1_session1_2_funk_80_beat_4-4/track.npy,groove_midi,0.990909090909091,0.9642857142857143,0.990909090909091,0.9642857142857143,0.8825183531984595,0.8933432929322775,0.995433789954338,0.9818181818181818
groove_midi/drummer1_session1_48_jazz_93_beat_4-4/track.npy,groove_midi,1.0,1.0,1.0,1.0,0.8902260138604131,0.8799933868168812,1.0,1.0
groove_midi/drummer1_session1_52_jazz_125_beat_4-4/track.npy,groove_midi,0.9956709956709957,1.0,0.9956709956709957,1.0,0.871857910318773,0.8640265595134844,0.9978308026030369,1.0
groove_midi/drummer1_session1_80_dance-breakbeat_170_beat_4-4/track.npy,groove_midi,0.8856209150326797,0.9866666666666667,0.8856209150326797,0.9866666666666667,0.8767604163576826,0.8835994079430486,0.9333333333333332,0.9395973154362416
groove_midi/drummer1_session2_35_punk_128_beat_4-4/track.npy,groove_midi,0.9911894273127754,0.9655172413793104,0.9911894273127754,0.9655172413793104,0.9494997878770117,0.9383564056513278,0.9955752212389382,0.9824561403508771
groove_midi/drummer3_session1_11_rock_120_beat_4-4/track.npy,groove_midi,1.0,1.0,1.0,1.0,0.7596586423946153,0.7448972448446174,1.0,1.0
groove_midi/drummer3_session1_35_rock_120_beat_4-4/track.npy,groove_midi,0.9743589743589743,0.95,0.9743589743589743,0.95,0.8699879261523195,0.8842706850706449,0.9806451612903225,0.9743589743589743
groove_midi/drummer3_session1_4_rock_105_beat_4-4/track.npy,groove_midi,1.0,1.0,1.0,1.0,0.9012462537283894,0.9141932727315565,1.0,1.0
groove_midi/drummer3_session1_8_jazz_105_beat_4-4/track.npy,groove_midi,0.6453900709219859,0.8666666666666667,0.6453900709219859,0.8666666666666667,0.6596483081551023,0.6938448942859976,0.8396946564885496,0.912280701754386
groove_midi/drummer4_session1_5_latin-brazilian_184_beat_4-4/track.npy,groove_midi,0.9811320754716981,0.46153846153846156,0.0,0.0,0.7124893077071554,0.4045990270938226,0.6666666666666666,0.3684210526315789
groove_midi/drummer5_eval_session_10_soul-groove10_102_beat_4-4/track.npy,groove_midi,1.0,1.0,1.0,1.0,0.9600827944254069,0.9680603560328263,1.0,1.0
groove_midi/drummer5_session1_13_afrocuban-calypso_124_beat_4-4/track.npy,groove_midi,0.997179125528914,0.9943820224719101,0.997179125528914,0.9943820224719101,0.9544841257416504,0.9488609211185329,0.998589562764457,0.9971830985915493
groove_midi/drummer5_session1_18_afrocuban_128_beat_4-4/track.npy,groove_midi,0.7775665399239544,0.9274193548387096,0.7775665399239544,0.9274193548387096,0.8132949056126726,0.8468820374678451,0.898898898898899,0.9338842975206612
groove_midi/drummer5_session1_7_latin-brazilian-maracatu_96_beat_4-4/track.npy,groove_midi,0.8329411764705882,0.96,0.8329411764705882,0.96,0.7903716427648754,0.8036060989006388,0.9339853300733496,0.9547738693467336
groove_midi/drummer5_session2_4_reggae_141_beat_4-4/track.npy,groove_midi,0.9008438818565401,0.6504065040650406,0.9008438818565401,0.032520325203252036,0.8461931790215448,0.44729833881064535,0.9689174705251876,0.18181818181818182
groove_midi/drummer7_eval_session_10_soul-groove10_102_beat_4-4/track.npy,groove_midi,1.0,1.0,1.0,1.0,0.9572548838042314,0.9537885771179658,1.0,1.0
groove_midi/drummer7_eval_session_8_rock-groove8_65_beat_4-4/track.npy,groove_midi,0.9830508474576272,0.9333333333333333,0.9830508474576272,0.9333333333333333,0.8518657792159122,0.8122733476686664,0.9743589743589743,0.9655172413793104
groove_midi/drummer7_session1_14_jazz_100_beat_4-4/track.npy,groove_midi,0.989010989010989,0.3870967741935484,0.989010989010989,0.06451612903225806,0.8775835361030143,0.5254653445029808,0.994475138121547,0.3773584905660377
groove_midi/drummer7_session1_38_hiphop_100_beat_4-4/track.npy,groove_midi,1.0,0.0,1.0,0.0,0.9169039832099508,4.5667763257501766e-46,1.0,0.0
groove_midi/drummer7_session1_7_rock_93_beat_4-4/track.npy,groove_midi,0.975609756097561,0.42857142857142855,0.975609756097561,0.42857142857142855,0.8385992946014885,0.706269557898342,0.9876543209876543,0.8333333333333333
groove_midi/drummer7_session2_100_pop_142_beat_4-4/track.npy,groove_midi,1.0,1.0,1.0,1.0,0.8035540143226115,0.7913463563964446,1.0,1.0
groove_midi/drummer7_session2_1_rock_120_beat_4-4/track.npy,groove_midi,0.9754098360655737,1.0,0.9754098360655737,1.0,0.884099487039852,0.8922139936726333,0.9875518672199171,1.0
groove_midi/drummer7_session2_29_rock_75_beat_4-4/track.npy,groove_midi,0.9705882352941176,1.0,0.9705882352941176,1.0,0.8167021376969442,0.8000823197807739,0.9253731343283583,0.8888888888888888
groove_midi/drummer7_session2_8_rock_95_beat_4-4/track.npy,groove_midi,0.9879518072289156,0.9761904761904762,0.9879518072289156,0.9761904761904762,0.9043829903706297,0.910273455801584,0.993939393939394,0.9879518072289156
groove_midi/drummer7_session2_96_pop_142_beat_4-4/track.npy,groove_midi,1.0,1.0,1.0,1.0,0.9408267311432115,0.9409221428350053,1.0,1.0
groove_midi/drummer7_session3_131_soul_105_beat_4-4/track.npy,groove_midi,0.9791666666666666,0.9166666666666666,0.9791666666666666,0.9166666666666666,0.8012157654874711,0.7554245756780926,0.9894736842105264,0.9565217391304348
groove_midi/drummer7_session3_65_funk_112_beat_4-4/track.npy,groove_midi,0.993006993006993,0.9722222222222222,0.993006993006993,0.9722222222222222,0.9537273388874447,0.9358866753541248,0.9964912280701755,0.9859154929577464
groove_midi/drummer7_session3_91_neworleans-funk_93_beat_4-4/track.npy,groove_midi,1.0,1.0,1.0,1.0,0.8774458333497882,0.8545088056343694,1.0,1.0
groove_midi/drummer8_eval_session_6_hiphop-groove6_87_beat_4-4/track.npy,groove_midi,1.0,1.0,1.0,1.0,0.837608573418741,0.856215112658519,1.0,1.0
groove_midi/drummer8_eval_session_7_pop-groove7_138_beat_4-4/track.npy,groove_midi,0.9811320754716981,0.9285714285714286,0.9811320754716981,0.9285714285714286,0.9473637278672803,0.9243360559238957,0.9904761904761905,0.962962962962963
groove_midi/drummer8_session1_18_funk_108_beat_4-4/track.npy,groove_midi,0.9962962962962963,0.6119402985074627,0.9962962962962963,0.3582089552238806,0.9428920056432992,0.4823584888612431,0.9962962962962963,0.35820895522388063
groove_midi/drummer8_session1_19_funk_108_beat_4-4/track.npy,groove_midi,0.9020771513353115,0.9879518072289156,0.9020771513353115,0.9879518072289156,0.9033863024111094,0.914318042671429,0.9563909774436089,0.9696969696969697
groove_midi/drummer8_session1_22_funk_115_beat_4-4/track.npy,groove_midi,0.5222929936305732,0.864406779661017,0.5222929936305732,0.864406779661017,0.6276842793777343,0.6956730779326747,0.6825938566552902,0.7586206896551725
groove_midi/drummer8_session1_5_hiphop_90_beat_4-4/track.npy,groove_midi,0.9945945945945946,0.9787234042553191,0.9945945945945946,0.9787234042553191,0.9573509930978676,0.9517068782660497,0.997289972899729,0.989247311827957
groove_midi/drummer8_session1_9_funk_96_beat_4-4/track.npy,groove_midi,0.987012987012987,0.9743589743589743,0.987012987012987,0.9743589743589743,0.958233333016353,0.9522650021110356,0.9934640522875817,0.9870129870129869
groove_midi/drummer9_session1_25_rock_90_beat_4-4/track.npy,groove_midi,0.8627450980392157,0.8,0.8627450980392157,0.8,0.8198182401989496,0.7272871886492834,0.9494949494949494,0.888888888888889
groove_midi/drummer9_session1_2_rock_100_beat_4-4/track.npy,groove_midi,1.0,0.625,1.0,0.625,0.9759950646178549,0.6256259406631842,1.0,0.6451612903225806
guitarset/00_BN2-166-Ab_comp_mix/track.npy,guitarset,0.98,0.0,0.98,0.0,0.9126766255324972,2.6391702269605627e-17,0.98989898989899,0.0
guitarset/00_BN3-154-E_comp_mix/track.npy,guitarset,1.0,1.0,1.0,1.0,0.9258539774527512,0.904711543915116,1.0,1.0
guitarset/00_Funk1-97-C_comp_mix/track.npy,guitarset,0.9743589743589743,0.8888888888888888,0.9743589743589743,0.8888888888888888,0.9305511169307885,0.9126496126672486,0.9870129870129869,0.9411764705882353
guitarset/01_BN3-119-G_comp_mix/track.npy,guitarset,0.9818181818181818,0.5384615384615384,0.9818181818181818,0.5384615384615384,0.9351976905173126,0.671562758311249,0.9908256880733944,0.7272727272727274
guitarset/01_BN3-154-E_comp_mix/track.npy,guitarset,1.0,1.0,1.0,1.0,0.9796333127762711,0.9894561605524109,1.0,1.0
guitarset/01_Rock1-90-C#_comp_mix/track.npy,guitarset,0.975609756097561,0.9090909090909091,0.975609756097561,0.9090909090909091,0.9382356335919989,0.8809283243685864,0.9876543209876543,0.9523809523809523
guitarset/01_Rock3-148-C_comp_mix/track.npy,guitarset,1.0,1.0,1.0,1.0,0.9466016610173147,0.9544856382817938,1.0,1.0
guitarset/02_BN2-131-B_comp_mix/track.npy,guitarset,1.0,1.0,1.0,1.0,0.9673297672114852,0.9764026269878718,1.0,1.0
guitarset/02_Jazz3-150-C_comp_mix/track.npy,guitarset,1.0,1.0,1.0,1.0,0.9028869818015611,0.8544739656428865,1.0,1.0
guitarset/02_Rock2-142-D_comp_mix/track.npy,guitarset,1.0,1.0,1.0,1.0,0.8375142934093354,0.8557591455318561,1.0,1.0
guitarset/02_Rock3-148-C_comp_mix/track.npy,guitarset,1.0,1.0,1.0,1.0,0.8784176340432079,0.8972644093378571,1.0,1.0
guitarset/02_SS3-98-C_comp_mix/track.npy,guitarset,0.9821428571428571,0.9285714285714286,0.9821428571428571,0.9285714285714286,0.959095172334221,0.925414955923406,0.9909909909909909,0.962962962962963
guitarset/03_BN1-147-Gb_comp_mix/track.npy,guitarset,1.0,1.0,1.0,1.0,0.9575039815044369,0.943702844327393,1.0,1.0
guitarset/03_Jazz2-187-F#_comp_mix/track.npy,guitarset,0.8269230769230769,0.8333333333333334,0.8269230769230769,0.8333333333333334,0.8244880760361321,0.712398430408414,0.9600000000000001,0.9166666666666666
guitarset/03_Rock2-142-D_comp_mix/track.npy,guitarset,1.0,1.0,1.0,1.0,0.9189522068353345,0.926911904527501,1.0,1.0
guitarset/03_SS3-98-C_comp_mix/track.npy,guitarset,0.9821428571428571,0.9285714285714286,0.9821428571428571,0.9285714285714286,0.9382629039625464,0.8858758948658284,0.9909909909909909,0.962962962962963
guitarset/04_BN2-131-B_comp_mix/track.npy,guitarset,0.9433962264150944,1.0,0.9433962264150944,1.0,0.8793960693176778,0.9568945439281327,0.9433962264150944,1.0
guitarset/05_Funk2-108-Eb_comp_mix/track.npy,guitarset,0.7857142857142857,1.0,0.7857142857142857,1.0,0.8001612564958791,0.8490023042484597,0.8828828828828829,0.9230769230769231
guitarset/05_Jazz1-130-D_comp_mix/track.npy,guitarset,1.0,0.5294117647058824,1.0,0.06666666666666667,0.7811061810867944,0.5371802619006009,1.0,0.5833333333333334
guitarset/05_Jazz1-200-B_comp_mix/track.npy,guitarset,1.0,1.0,1.0,1.0,0.9465806483064616,0.9166533103432355,1.0,1.0
guitarset/05_Jazz3-150-C_comp_mix/track.npy,guitarset,0.9607843137254902,1.0,0.9607843137254902,1.0,0.889654310378235,0.9324585068063289,0.99009900990099,1.0
guitarset/05_SS3-84-Bb_comp_mix/track.npy,guitarset,1.0,1.0,1.0,1.0,0.8434797665467374,0.8150429979003818,1.0,1.0
hainsworth/hainsworth_001/track.npy,hainsworth,1.0,0.8181818181818182,1.0,0.8181818181818182,0.976966440705427,0.9171119448954054,1.0,0.9302325581395349
hainsworth/hainsworth_016/track.npy,hainsworth,0.5652173913043478,1.0,0.5652173913043478,0.0,0.8491030764418961,0.7978460879180506,0.878048780487805,0.6666666666666666
hainsworth/hainsworth_046/track.npy,hainsworth,0.8617021276595744,0.8461538461538461,0.8617021276595744,0.8461538461538461,0.9019139449311103,0.8787893320819032,0.9502762430939227,0.9166666666666666
hainsworth/hainsworth_060/track.npy,hainsworth,1.0,0.7346938775510204,1.0,0.11904761904761904,0.9536515630319436,0.7675770088610824,1.0,0.7164179104477612
hainsworth/hainsworth_070/track.npy,hainsworth,0.6612903225806451,0.4722222222222222,0.6612903225806451,0.4722222222222222,0.7354061842743982,0.6472304320434484,0.8810572687224669,0.7741935483870968
hainsworth/hainsworth_074/track.npy,hainsworth,0.5925925925925926,0.9705882352941176,0.25925925925925924,0.0,0.8078374955142147,0.8068061244098701,0.7727272727272727,0.6666666666666666
hainsworth/hainsworth_078/track.npy,hainsworth,1.0,0.42857142857142855,1.0,0.42857142857142855,0.9216668644789697,0.4068446729340987,1.0,0.4642857142857143
hainsworth/hainsworth_087/track.npy,hainsworth,1.0,1.0,1.0,1.0,0.9752312239622678,0.9642075685801043,1.0,1.0
hainsworth/hainsworth_094/track.npy,hainsworth,1.0,0.75,1.0,0.75,0.9165748125699122,0.7692002217191339,1.0,0.8387096774193549
hainsworth/hainsworth_095/track.npy,hainsworth,1.0,0.92,1.0,0.92,0.9748359921409265,0.9510613984824688,1.0,0.9795918367346939
hainsworth/hainsworth_098/track.npy,hainsworth,1.0,1.0,1.0,1.0,0.9754084076744558,0.9734275683333352,1.0,1.0
hainsworth/hainsworth_103/track.npy,hainsworth,0.4883720930232558,0.3939393939393939,0.4883720930232558,0.08695652173913043,0.7260245960246868,0.5682979652803193,0.7973856209150326,0.55
hainsworth/hainsworth_119/track.npy,hainsworth,1.0,0.8461538461538461,1.0,0.8461538461538461,0.9596699093384695,0.9050303378416138,1.0,0.9333333333333333
hainsworth/hainsworth_127/track.npy,hainsworth,0.6486486486486487,0.10714285714285714,0.6486486486486487,0.10714285714285714,0.5695674441178924,0.37886590259160763,0.723076923076923,0.5
hainsworth/hainsworth_133/track.npy,hainsworth,0.64,0.07142857142857142,0.64,0.07142857142857142,0.5033806266591768,0.23580404606136732,0.6666666666666666,0.3703703703703704
hainsworth/hainsworth_134/track.npy,hainsworth,0.2621359223300971,0.24,0.2621359223300971,0.24,0.3846311742569733,0.3406308470570558,0.4891304347826087,0.43243243243243246
hainsworth/hainsworth_146/track.npy,hainsworth,1.0,1.0,1.0,1.0,0.9800010107472071,0.9827129769956257,1.0,1.0
hainsworth/hainsworth_148/track.npy,hainsworth,1.0,0.68,1.0,0.68,0.9609567932558479,0.8094120523424386,1.0,0.8372093023255813
hainsworth/hainsworth_157/track.npy,hainsworth,1.0,0.9230769230769231,1.0,0.9230769230769231,0.980804208409243,0.9282120360471948,1.0,0.9411764705882353
hainsworth/hainsworth_160/track.npy,hainsworth,1.0,1.0,1.0,1.0,0.9636272698181229,0.95742150329501,1.0,1.0
hainsworth/hainsworth_164/track.npy,hainsworth,1.0,1.0,1.0,1.0,0.9695823262088007,0.9831964548356321,1.0,1.0
hainsworth/hainsworth_168/track.npy,hainsworth,1.0,1.0,1.0,1.0,0.9765769990910411,0.9783790493378299,1.0,1.0
hainsworth/hainsworth_205/track.npy,hainsworth,0.0,0.5714285714285714,0.0,0.02857142857142857,0.18926152499750587,0.37494394707466316,0.3333333333333333,0.52
hainsworth/hainsworth_208/track.npy,hainsworth,0.9197080291970803,0.9705882352941176,0.03731343283582089,0.0,0.7687968572102911,0.7307156867310605,0.6798029556650247,0.6666666666666666
hainsworth/hainsworth_217/track.npy,hainsworth,1.0,1.0,1.0,1.0,0.9733104749070803,0.9566006404986294,1.0,1.0
hainsworth/hainsworth_229/track.npy,hainsworth,1.0,1.0,1.0,1.0,0.9801343733286777,0.979758375310104,1.0,1.0
hainsworth/hainsworth_233/track.npy,hainsworth,1.0,1.0,1.0,1.0,0.983408031422226,0.982156234842057,1.0,1.0
hainsworth/hainsworth_241/track.npy,hainsworth,0.9813084112149533,0.02,0.0,0.0,0.7687585681211084,0.4438202567087333,0.6625,0.38095238095238093
harmonix/0011_areyouexperienced/track.npy,harmonix,0.9142011834319527,0.25301204819277107,0.9142011834319527,0.13095238095238096,0.8909996994760331,0.38634124154464716,0.9552238805970149,0.3221476510067114
harmonix/0021_better/track.npy,harmonix,0.941908713692946,0.8067226890756303,0.941908713692946,0.8067226890756303,0.8877331441741256,0.7696890624209651,0.9561586638830898,0.8340425531914895
harmonix/0036_breakingthegirl/track.npy,harmonix,0.8014018691588785,0.6736842105263158,0.8014018691588785,0.13865546218487396,0.8487092032944946,0.7230164761226967,0.9170199878861296,0.7034120734908137
harmonix/0046_castlesmadeofsand/track.npy,harmonix,0.7243816254416962,0.515625,0.7243816254416962,0.515625,0.7240803711187698,0.5132275714417928,0.8336520076481836,0.608
harmonix/0047_chinacatsunflower/track.npy,harmonix,0.9747899159663865,0.6767676767676768,0.9747899159663865,0.6767676767676768,0.8548293710782838,0.7109090242904118,0.9844413012729845,0.851063829787234
harmonix/0059_cupidshuffle/track.npy,harmonix,0.47794117647058826,0.9571428571428572,0.47794117647058826,0.9571428571428572,0.34204924218957145,0.3305737011887302,0.45311049210770654,0.45255474452554745
harmonix/0066_decentdaysandnights/track.npy,harmonix,0.9829683698296837,0.5047619047619047,0.9829683698296837,0.5047619047619047,0.9130474296239199,0.6400557956277738,0.9914738124238732,0.7064676616915423
harmonix/0122_heardemall/track.npy,harmonix,0.6043360433604336,0.8035714285714286,0.06734006734006734,0.8035714285714286,0.6891264569991296,0.6690229862803181,0.5477178423236514,0.6990291262135921
harmonix/0130_hotstuff/track.npy,harmonix,1.0,1.0,1.0,1.0,0.9552616253041355,0.9567179791109555,1.0,1.0
harmonix/0138_ilikeit/track.npy,harmonix,1.0,1.0,1.0,1.0,0.9449522164774968,0.9307713790757436,1.0,1.0
harmonix/0141_indaclub/track.npy,harmonix,1.0,0.9285714285714286,1.0,0.9285714285714286,0.6728083288025157,0.6575100434700726,1.0,0.9818181818181818
harmonix/0142_indestructible/track.npy,harmonix,0.9879154078549849,0.2620689655172414,0.9879154078549849,0.23076923076923078,0.9267230602769984,0.5606840984186157,0.9954614220877459,0.548780487804878
harmonix/0150_justdance/track.npy,harmonix,1.0,1.0,1.0,1.0,0.9508964749720058,0.9606706882655827,1.0,1.0
harmonix/0166_macarena/track.npy,harmonix,1.0,0.7741935483870968,1.0,0.7741935483870968,0.8455790911133072,0.6674950722014843,1.0,0.8064516129032258
harmonix/0169_manicdepression/track.npy,harmonix,0.9504761904761905,0.24,0.9504761904761905,0.24,0.9082094190770643,0.4901444973776954,0.9682997118155618,0.5238095238095238
harmonix/0170_manyshadesofblack/track.npy,harmonix,0.006377551020408163,0.9703703703703703,0.006377551020408163,0.014814814814814815,0.4636149361550543,0.7527294336722083,0.5061611374407582,0.6600985221674877
harmonix/0173_massiveattack/track.npy,harmonix,0.8441926345609065,0.6067415730337079,0.0,0.05263157894736842,0.6840359977736323,0.535768122863437,0.5952380952380952,0.4793388429752066
harmonix/0174_maythisbelove/track.npy,harmonix,0.9042553191489362,0.9428571428571428,0.9042553191489362,0.9428571428571428,0.8895409862536438,0.9138176890591189,0.9381818181818182,0.948905109489051
harmonix/0175_meddle/track.npy,harmonix,0.9972527472527473,1.0,0.0,0.0,0.8065259378924214,0.8167041285132578,0.6666666666666666,0.6715328467153284
harmonix/0186_nearlylostyou/track.npy,harmonix,0.6056910569105691,0.4634146341463415,0.6056910569105691,0.4634146341463415,0.8001141704045648,0.5102524027133343,0.8868778280542986,0.5754716981132075
harmonix/0219_pondereplay/track.npy,harmonix,0.9350348027842227,0.5514018691588785,0.03333333333333333,0.2891566265060241,0.8000511445512697,0.7990910721033094,0.6792452830188679,0.7883211678832116
harmonix/0223_reallove/track.npy,harmonix,1.0,0.8064516129032258,1.0,0.03225806451612903,0.8803226634178519,0.4383590565133412,1.0,0.0967741935483871
harmonix/0236_rumpshaker/track.npy,harmonix,1.0,1.0,1.0,1.0,0.9211756910280351,0.9249299168808329,1.0,1.0
harmonix/0239_sandm/track.npy,harmonix,0.9938080495356038,1.0,0.9938080495356038,1.0,0.9406888249855059,0.9442308518674201,0.9968944099378882,1.0
harmonix/0244_sayaah/track.npy,harmonix,0.8726415094339622,0.8596491228070176,0.8726415094339622,0.8596491228070176,0.727403338768869,0.7279206350636106,0.963680387409201,0.9259259259259259
harmonix/0249_sensualseduction/track.npy,harmonix,0.9745222929936306,0.9915966386554622,0.9745222929936306,0.9915966386554622,0.9476959730445618,0.9322194341393529,0.9755058572949947,0.970464135021097
harmonix/0266_straightup/track.npy,harmonix,1.0,1.0,1.0,1.0,0.8761439299012675,0.8731670961369515,1.0,1.0
harmonix/0272_teachmehowtojerk/track.npy,harmonix,0.9958677685950413,1.0,0.9958677685950413,1.0,0.976787945485034,0.9838723389890812,0.9979296066252588,1.0
harmonix/0273_technologic/track.npy,harmonix,1.0,0.868421052631579,1.0,0.868421052631579,0.9341199624916827,0.8754911521698222,1.0,0.9466666666666667
harmonix/0277_thashiznit/track.npy,harmonix,0.9234338747099768,0.7222222222222222,0.0,0.013953488372093023,0.7604771684654843,0.682618055673311,0.6330708661417322,0.6134185303514377
harmonix/0294_tonighttonight/track.npy,harmonix,0.984375,1.0,0.984375,1.0,0.9646214508392309,0.9510332467188125,0.9921507064364208,1.0
harmonix/0302_venus/track.npy,harmonix,1.0,1.0,1.0,1.0,0.9801008928615085,0.9796765344012605,1.0,1.0
harmonix/0311_whipmyhair/track.npy,harmonix,1.0,1.0,1.0,1.0,0.9057194155400571,0.9166290693288726,1.0,1.0
harmonix/0330_50waystosaygoodbye/track.npy,harmonix,0.9818181818181818,0.9927007299270073,0.9818181818181818,0.9927007299270073,0.9310352621642634,0.9367135818283622,0.995433789954338,0.9963369963369962
harmonix/0334_alltherightplaces/track.npy,harmonix,0.9769736842105263,0.8701298701298701,0.9769736842105263,0.8701298701298701,0.9559971365529721,0.8830410713071615,0.9933774834437086,0.9271523178807948
harmonix/0344_beautifullife/track.npy,harmonix,0.7565543071161048,0.8939393939393939,0.7565543071161048,0.8939393939393939,0.7840319728592963,0.7961902365933857,0.9332003988035893,0.944
harmonix/0348_blackout/track.npy,harmonix,0.9951923076923077,1.0,0.9951923076923077,1.0,0.9582318702956328,0.9630937830134827,0.9975903614457832,1.0
harmonix/0354_brandnewday/track.npy,harmonix,0.9593908629441624,0.9693877551020408,0.9593908629441624,0.9693877551020408,0.9431220534952298,0.9487626404011177,0.9833546734955186,0.9846153846153847
harmonix/0376_earthquake/track.npy,harmonix,0.9145569620253164,0.8987341772151899,0.007911392405063292,0.0,0.6974963728418753,0.672866414240632,0.6251319957761351,0.5957446808510637
harmonix/0399_gotmygirls/track.npy,harmonix,0.9942363112391931,0.8791208791208791,0.9942363112391931,0.8791208791208791,0.8768131205443622,0.8370878220105825,0.9971098265895955,0.9550561797752809
harmonix/0415_illbewaiting/track.npy,harmonix,0.9971751412429378,1.0,0.9971751412429378,1.0,0.9675039866733167,0.9671532620344626,0.9985855728429986,1.0
harmonix/0425_justakiss/track.npy,harmonix,1.0,1.0,1.0,1.0,0.9769109022710434,0.9788587770168979,1.0,1.0
harmonix/0451_mrknowitall/track.npy,harmonix,0.9861111111111112,1.0,0.9861111111111112,1.0,0.9503027856658901,0.9451599642371118,0.99581589958159,1.0
harmonix/0453_mygirl/track.npy,harmonix,0.9652777777777778,0.9722222222222222,0.9652777777777778,0.9722222222222222,0.9580829276658149,0.9641928012104501,0.9823321554770319,0.9859154929577464
harmonix/0454_myohmy/track.npy,harmonix,0.9878048780487805,0.9878048780487805,0.9878048780487805,0.9878048780487805,0.9789440138785444,0.9769775092603569,0.9938650306748467,0.9938650306748467
harmonix/0465_onething/track.npy,harmonix,0.9974874371859297,1.0,0.9974874371859297,1.0,0.9681038234741064,0.9686413180712742,0.9987421383647799,1.0
harmonix/0466_onthedarkside/track.npy,harmonix,0.39211136890951276,0.6296296296296297,0.39211136890951276,0.6296296296296297,0.40399071274545556,0.38864297592344976,0.7411167512690355,0.7208121827411168
harmonix/0470_ours/track.npy,harmonix,0.8793969849246231,0.86,0.8793969849246231,0.86,0.9090391242838379,0.8921058456755767,0.9672413793103448,0.9517241379310346
harmonix/0472_partofme/track.npy,harmonix,0.9888143176733781,0.9910714285714286,0.9888143176733781,0.9910714285714286,0.5611702419354028,0.5592305698397307,0.9943757030371204,0.9955156950672646
harmonix/0488_september/track.npy,harmonix,0.8384879725085911,0.9420289855072463,0.8384879725085911,0.9420289855072463,0.9032611585461024,0.9313239794238569,0.956989247311828,0.9852941176470589
harmonix/0489_shakeyourbody/track.npy,harmonix,0.9976415094339622,0.9056603773584906,0.9976415094339622,0.9056603773584906,0.8860805071544761,0.8642851340702195,0.998819362455726,0.9565217391304348
harmonix/0503_stucklikeglue/track.npy,harmonix,0.87518573551263,0.844311377245509,0.06635071090047394,0.08333333333333333,0.8134104486941458,0.8100915651044699,0.6948453608247422,0.7000000000000001
harmonix/0514_thetimeofmylife/track.npy,harmonix,0.8878504672897196,0.9166666666666666,0.8878504672897196,0.9166666666666666,0.8332180312608009,0.8348436021868102,0.9485935984481086,0.9374999999999999
harmonix/0520_tonight/track.npy,harmonix,0.9957627118644068,0.9915254237288136,0.9957627118644068,0.9915254237288136,0.9643741942190435,0.9632260795271135,0.9978768577494692,0.9957446808510638
harmonix/0531_whenwestandtogether/track.npy,harmonix,1.0,0.9722222222222222,1.0,0.9722222222222222,0.9614626633671659,0.9494897630427511,1.0,0.993006993006993
harmonix/0539_youandi/track.npy,harmonix,0.6636636636636637,0.632183908045977,0.10526315789473684,0.11290322580645161,0.27490963483238146,0.2804616515196636,0.6118500604594921,0.5876777251184834
harmonix/0554_allalright/track.npy,harmonix,0.5986733001658375,0.7218543046357616,0.2459349593495935,0.1590909090909091,0.7800816942116916,0.7815051861272032,0.760705289672544,0.7307692307692308
harmonix/0562_alreadygone/track.npy,harmonix,0.9969879518072289,0.9880952380952381,0.9969879518072289,0.9880952380952381,0.9189524338982896,0.9119876243650148,0.9984917043740573,0.9940119760479043
harmonix/0567_anythingcouldhappen/track.npy,harmonix,0.9790356394129979,0.865546218487395,0.9790356394129979,0.865546218487395,0.9640225212564417,0.8558929443006427,0.9947312961011592,0.8776371308016878
harmonix/0604_bustitbabypart2/track.npy,harmonix,0.6193029490616622,0.7272727272727273,0.2138047138047138,0.13513513513513514,0.7733887157051638,0.7688595779030762,0.750775594622544,0.711864406779661
harmonix/0629_crush/track.npy,harmonix,0.9816849816849816,0.9558823529411765,0.9816849816849816,0.9558823529411765,0.955502280187808,0.9433833118652653,0.9907578558225507,0.9777777777777777
harmonix/0637_daynniteremix/track.npy,harmonix,0.9981308411214953,1.0,0.9981308411214953,1.0,0.8088860687064339,0.8091071666396266,0.9990645463049579,1.0
harmonix/0645_dontstopthemusic/track.npy,harmonix,0.9829545454545454,0.7611940298507462,0.9829545454545454,0.7611940298507462,0.9281007936081774,0.7799198003227722,0.9914204003813155,0.8377358490566038
harmonix/0659_everybody/track.npy,harmonix,0.9832869080779945,0.9888888888888889,0.9832869080779945,0.9888888888888889,0.97160119246248,0.979530177599147,0.9915730337078652,0.9944134078212291
harmonix/0670_fearless/track.npy,harmonix,0.9973821989528796,1.0,0.9973821989528796,1.0,0.9709421035162484,0.9744152742538402,0.998689384010485,1.0
harmonix/0671_feedback/track.npy,harmonix,0.9951219512195122,1.0,0.9951219512195122,1.0,0.9608962424757824,0.9640337272240762,0.9975550122249389,1.0
harmonix/0672_feelitinmybones/track.npy,harmonix,0.9932735426008968,1.0,0.9932735426008968,1.0,0.955450684696485,0.9558164644789614,0.9983155530600786,1.0
harmonix/0685_forgottolaugh/track.npy,harmonix,1.0,0.9710144927536232,1.0,0.9710144927536232,0.9732719997644987,0.9687201735860662,1.0,0.9855072463768116
harmonix/0687_getouttamyway/track.npy,harmonix,0.9944055944055944,0.6455026455026455,0.9944055944055944,0.19047619047619047,0.5007948923984511,0.2503223077610563,0.9971949509116409,0.27792915531335144
harmonix/0688_getthepartystarted/track.npy,harmonix,0.992462311557789,1.0,0.992462311557789,1.0,0.9734660118659489,0.974820211782831,0.9962168978562421,1.0
harmonix/0690_givemeeverything/track.npy,harmonix,0.9981060606060606,1.0,0.9981060606060606,1.0,0.9739261549351754,0.9773876715256489,0.9990521327014218,1.0
harmonix/0702_greenlight/track.npy,harmonix,0.9691780821917808,0.9726027397260274,0.9691780821917808,0.9726027397260274,0.9703373199330928,0.9722456595286979,0.984375,0.9861111111111112
harmonix/0706_halcyon/track.npy,harmonix,0.7081447963800905,0.7876106194690266,0.7081447963800905,0.7876106194690266,0.6287073325497086,0.6100906515930427,0.8115942028985508,0.8038277511961722
harmonix/0707_halfwaygone/track.npy,harmonix,0.9973890339425587,1.0,0.9973890339425587,1.0,0.9704208495876852,0.9700989390996279,0.9986928104575163,1.0
harmonix/0724_hotmessdj/track.npy,harmonix,0.9967213114754099,1.0,0.9967213114754099,1.0,0.7131826664434079,0.709319914698534,0.9983579638752053,1.0
harmonix/0725_hotncold/track.npy,harmonix,0.9934354485776805,1.0,0.9934354485776805,1.0,0.8784082341090306,0.8593615187958856,0.9967069154774972,1.0
harmonix/0730_hurtssogood/track.npy,harmonix,0.9948717948717949,0.5943396226415094,0.9948717948717949,0.5943396226415094,0.9707727775586904,0.6765262250621783,0.9974293059125964,0.6995073891625616
harmonix/0740_ikissedagirljasonnevins/track.npy,harmonix,0.9977973568281938,1.0,0.9977973568281938,1.0,0.9569425721997706,0.9573198583718847,0.9988974641675854,1.0
harmonix/0746_imnotyourhero/track.npy,harmonix,0.9933481152993349,1.0,0.9933481152993349,1.0,0.962498576194734,0.9629538782909679,0.9966629588431591,1.0
harmonix/0762_iwantitthatway/track.npy,harmonix,0.9850299401197605,0.9879518072289156,0.9850299401197605,0.9879518072289156,0.931615941845778,0.933762818023519,0.9880239520958084,0.993939393939394
harmonix/0763_iwasafool/track.npy,harmonix,0.9757785467128027,0.9861111111111112,0.9757785467128027,0.9861111111111112,0.9701450690243316,0.9781881446501413,0.9877408056042032,0.993006993006993
harmonix/0779_letitrockfilthy/track.npy,harmonix,0.9978902953586498,0.7372881355932204,0.9978902953586498,0.7372881355932204,0.9713457608890302,0.7574586798177183,0.9989440337909187,0.7777777777777778
harmonix/0781_lettinggoduttylove/track.npy,harmonix,0.8847262247838616,0.9069767441860465,0.8847262247838616,0.9069767441860465,0.8506971292664469,0.861708307232549,0.9040697674418603,0.9349112426035502
harmonix/0783_lighton/track.npy,harmonix,1.0,0.8620689655172413,1.0,0.8620689655172413,0.9812454047988262,0.9224095374025768,1.0,0.9391304347826087
harmonix/0787_liveyourlife/track.npy,harmonix,0.9791666666666666,0.9583333333333334,0.9791666666666666,0.9583333333333334,0.9447903609483763,0.9406812771581493,0.9934469200524246,0.9789473684210526
harmonix/0791_lollipop/track.npy,harmonix,0.6855524079320113,0.8192771084337349,0.6855524079320113,0.8192771084337349,0.8425053959752524,0.8787808344518487,0.9124423963133641,0.9493670886075949
harmonix/0807_makemebetter/track.npy,harmonix,1.0,1.0,1.0,1.0,0.9643734000981935,0.9729422927473205,1.0,1.0
harmonix/0831_noair/track.npy,harmonix,0.9882352941176471,0.9431818181818182,0.9882352941176471,0.9431818181818182,0.9145080657112888,0.9130426680254257,0.9940828402366864,0.9767441860465117
harmonix/0835_notetogod/track.npy,harmonix,0.793859649122807,0.6140350877192983,0.793859649122807,0.6140350877192983,0.6707659226276284,0.6324698780504372,0.9175377468060394,0.8543689320388349
harmonix/0837_nottonight/track.npy,harmonix,0.9906976744186047,0.8545454545454545,0.9906976744186047,0.8545454545454545,0.9530924738998915,0.9024677581113815,0.9953271028037384,0.9444444444444444
harmonix/0842_obsessionstatic/track.npy,harmonix,0.9955947136563876,0.9912280701754386,0.9955947136563876,0.9912280701754386,0.9547113599156467,0.9533237347870295,0.9977924944812362,0.9955947136563876
harmonix/0849_onlyyou/track.npy,harmonix,1.0,0.7934782608695652,1.0,0.7934782608695652,0.9800648580930893,0.8533139778729713,1.0,0.8700564971751413
harmonix/0850_onlyyoucanlovemethisway/track.npy,harmonix,0.9930313588850174,0.9722222222222222,0.9930313588850174,0.9722222222222222,0.9036494245622013,0.9086509388517618,0.9965034965034965,0.9861111111111112
harmonix/0855_overyou/track.npy,harmonix,0.9961240310077519,0.9846153846153847,0.9961240310077519,0.9846153846153847,0.938752716714516,0.9401498662748607,0.9980582524271845,0.9922480620155039
harmonix/0860_pieceofme/track.npy,harmonix,0.9974619289340102,1.0,0.9974619289340102,1.0,0.9559610755376865,0.9600014106442455,0.9987293519695045,1.0
harmonix/0866_pokerfacedave/track.npy,harmonix,1.0,1.0,1.0,1.0,0.5086356962462616,0.5210942462011003,0.987027027027027,0.9826839826839827
harmonix/0878_replay/track.npy,harmonix,0.9887640449438202,0.9852941176470589,0.9887640449438202,0.9852941176470589,0.9658325811654341,0.9451173262215549,0.9962406015037594,0.9925925925925926
harmonix/0881_rightround/track.npy,harmonix,0.9926289926289926,1.0,0.9926289926289926,1.0,0.9467929019184337,0.9330500935148289,0.991389913899139,0.9901960784313726
harmonix/0889_samelove/track.npy,harmonix,0.7594654788418709,0.8288288288288288,0.7594654788418709,0.8288288288288288,0.5721179519167391,0.5562997248100369,0.7811447811447813,0.7757009345794393
harmonix/0908_sober/track.npy,harmonix,0.989159891598916,0.978494623655914,0.989159891598916,0.978494623655914,0.9391856337182606,0.9237810552766356,0.9945504087193461,0.9891304347826088
harmonix/0910_solo/track.npy,harmonix,0.7336065573770492,0.8688524590163934,0.7336065573770492,0.8688524590163934,0.5803750585603422,0.5803140075758294,0.9230769230769231,0.9210526315789475
harmonix/0913_somuchlove/track.npy,harmonix,0.9906542056074766,0.4251968503937008,0.9906542056074766,0.4251968503937008,0.970447259509443,0.6078086555789504,0.9942678478374153,0.5494949494949495
harmonix/0924_sunisup/track.npy,harmonix,1.0,0.6513761467889908,1.0,0.6513761467889908,0.8990907424866096,0.6629739569274578,1.0,0.732394366197183
harmonix/0939_thecure/track.npy,harmonix,0.9977777777777778,1.0,0.9977777777777778,1.0,0.914820374336916,0.9122957478992108,0.9988876529477196,1.0
harmonix/0946_thinkingofyou/track.npy,harmonix,0.4921875,0.45263157894736844,0.4921875,0.45263157894736844,0.6938091475351488,0.661535344641459,0.8452380952380952,0.8121212121212121
harmonix/0947_thiskiss/track.npy,harmonix,0.989451476793249,1.0,0.989451476793249,1.0,0.9512925812777097,0.9535983811881248,0.9946977730646872,1.0
harmonix/0950_throwyourhandsup/track.npy,harmonix,0.9977324263038548,0.8545454545454545,0.9977324263038548,0.8545454545454545,0.947032778324546,0.8860048225646984,0.9977324263038548,0.9266055045871558
harmonix/0953_tilltheworldends2/track.npy,harmonix,0.996,1.0,0.996,1.0,0.9493072360286973,0.9511157612440898,0.99,0.992
harmonix/0961_unfaithfulfemme/track.npy,harmonix,0.9934354485776805,1.0,0.9934354485776805,1.0,0.9499236189308808,0.9543020181926909,0.9967069154774972,1.0
harmonix/0964_wakingupinvegas/track.npy,harmonix,0.888631090487239,0.7788461538461539,0.888631090487239,0.7788461538461539,0.8889581341791538,0.8371976094124736,0.9407582938388626,0.8823529411764707
harmonix/0965_wakingupinvegascalvin/track.npy,harmonix,0.9780033840947546,0.9864864864864865,0.9780033840947546,0.9864864864864865,0.9342006252352054,0.9378272446048141,0.9820971867007673,0.979591836734694
harmonix/0966_wakingupinvegascalvinh/track.npy,harmonix,0.9829424307036247,1.0,0.9829424307036247,1.0,0.954848300730077,0.9675617323661564,0.9903948772678761,1.0
harmonix/0967_walkingonadream/track.npy,harmonix,0.9988304093567252,0.985981308411215,0.9988304093567252,0.985981308411215,0.9579174553502331,0.9487944389016019,0.9994148624926857,0.9906542056074766
harmonix/0969_webelongtogether/track.npy,harmonix,0.9137931034482759,0.9473684210526315,0.9137931034482759,0.9473684210526315,0.9053620556765356,0.9084641856369509,0.9690265486725664,0.9821428571428572
hjdb/hjdb_Being_With_You/track.npy,hjdb,1.0,1.0,1.0,1.0,0.979250571619614,0.9854254669310355,1.0,1.0
hjdb/hjdb_Being_With_You_(Foul_Play_Remix)/track.npy,hjdb,0.9875518672199171,1.0,0.9875518672199171,1.0,0.9807663509995275,0.9853574154699825,0.9937629937629938,1.0
hjdb/hjdb_Being_With_You_1/track.npy,hjdb,0.9951690821256038,1.0,0.9951690821256038,1.0,0.98231521461897,0.9860261199179877,0.9975786924939467,1.0
hjdb/hjdb_Bombscare/track.npy,hjdb,1.0,1.0,1.0,1.0,0.9833104511997379,0.9670516389324629,1.0,1.0
hjdb/hjdb_Breakage4/track.npy,hjdb,1.0,1.0,1.0,1.0,0.9791641349808777,0.9770363446738559,1.0,1.0
hjdb/hjdb_Cant_Stop_The_Rush_(93_Remix)/track.npy,hjdb,0.9910714285714286,1.0,0.9910714285714286,1.0,0.9709731913233153,0.9743277732650574,0.9955156950672646,1.0
hjdb/hjdb_Dance_With_Power_(Original_Mix)/track.npy,hjdb,1.0,1.0,1.0,1.0,0.9722872322577473,0.9672623398400694,1.0,1.0
hjdb/hjdb_Deep_Space/track.npy,hjdb,1.0,1.0,1.0,1.0,0.9344567662624355,0.9253199862928858,1.0,1.0
hjdb/hjdb_Dis_Generation/track.npy,hjdb,0.9823008849557522,1.0,0.9823008849557522,1.0,0.9634635946033089,0.9607850725551977,0.9955555555555555,1.0
hjdb/hjdb_Do_It_Now/track.npy,hjdb,1.0,1.0,1.0,1.0,0.9794830016279228,0.970293567334677,1.0,1.0
hjdb/hjdb_Drum_Programme_(Remix)/track.npy,hjdb,1.0,1.0,1.0,1.0,0.9804789140134865,0.9634393468965798,1.0,1.0
hjdb/hjdb_Even_Further_Intrigue/track.npy,hjdb,1.0,1.0,1.0,1.0,0.9786678237045286,0.9735371645812847,1.0,1.0
hjdb/hjdb_Further_Intrigue/track.npy,hjdb,1.0,1.0,1.0,1.0,0.9764816151131452,0.9866229440172326,1.0,1.0
hjdb/hjdb_Gotta_Release/track.npy,hjdb,1.0,1.0,1.0,1.0,0.9685389496841527,0.9752962341567663,1.0,1.0
hjdb/hjdb_Imagine_The_Future/track.npy,hjdb,0.9435483870967742,1.0,0.9435483870967742,1.0,0.9439479733529603,0.9523601118241385,0.9836065573770492,1.0
hjdb/hjdb_Johnny_(Dance_Conspiracy_Mix)/track.npy,hjdb,0.9813084112149533,1.0,0.9813084112149533,1.0,0.9766581243323287,0.9805579441778316,0.9953051643192489,1.0
hjdb/hjdb_Light_Years/track.npy,hjdb,0.6590909090909091,0.4482758620689655,0.6590909090909091,0.4482758620689655,0.6676447836947367,0.5969991383218847,0.6896551724137931,0.5882352941176471
hjdb/hjdb_Music_In_Search_Of_Light/track.npy,hjdb,1.0,1.0,1.0,1.0,0.9775284145209735,0.9793613084969218,1.0,1.0
hjdb/hjdb_Music_Takes_You/track.npy,hjdb,1.0,1.0,1.0,1.0,0.9743019252439306,0.9677381643148952,1.0,1.0
hjdb/hjdb_Oblivion/track.npy,hjdb,0.8961038961038961,1.0,0.8961038961038961,1.0,0.9198973634654641,0.9796940699860427,0.9473684210526316,1.0
hjdb/hjdb_Renegade_Snares_(Foul_Play_Remix)/track.npy,hjdb,0.9912280701754386,1.0,0.9912280701754386,1.0,0.9775305749419301,0.9786274035468817,0.9978021978021978,1.0
hjdb/hjdb_Renegade_Snares_(VIP_Remix)/track.npy,hjdb,1.0,1.0,1.0,1.0,0.9860268343720259,0.9893054183985884,1.0,1.0
hjdb/hjdb_Serious_Sounds/track.npy,hjdb,0.9957983193277311,1.0,0.9957983193277311,1.0,0.9819239799610749,0.9876017558695188,0.9978947368421053,1.0
hjdb/hjdb_Spliffhead/track.npy,hjdb,1.0,1.0,1.0,1.0,0.9806840248889117,0.9693805840099684,1.0,1.0
hjdb/hjdb_Terminator/track.npy,hjdb,1.0,1.0,1.0,1.0,0.9688019221998094,0.9776234165155134,1.0,1.0
hjdb/hjdb_Terminator_2/track.npy,hjdb,1.0,1.0,1.0,1.0,0.9829643107763845,0.9779315992189457,1.0,1.0
hjdb/hjdb_The_Warning_(Remix)/track.npy,hjdb,1.0,0.8620689655172413,1.0,0.8620689655172413,0.9820997268205295,0.9062207125356758,1.0,0.9285714285714286
hjdb/hjdb_Total_Xstacy_(Remix)/track.npy,hjdb,1.0,1.0,1.0,1.0,0.9790303719220486,0.9803032135613675,1.0,1.0
hjdb/hjdb_Wait_4_The_Bass/track.npy,hjdb,1.0,1.0,1.0,1.0,0.9808784659550914,0.9711857350974189,1.0,1.0
hjdb/hjdb_Wind_It_Up_(Rewound)/track.npy,hjdb,0.6122448979591837,0.5454545454545454,0.3,0.0,0.4770609123024864,0.10834808832930688,0.3232323232323232,0.09523809523809525
jaah/jaah_000-tito_puente-airegin/track.npy,jaah,0.3065068493150685,0.39461883408071746,0.3065068493150685,0.12844036697247707,0.48030295858717703,0.37948018056997257,0.5227492739593417,0.3636363636363636
jaah/jaah_008-sonny_rollins-blue_7/track.npy,jaah,0.9913964262078094,0.800531914893617,0.9913964262078094,0.800531914893617,0.9586288345679527,0.8279921233840281,0.9963515754560531,0.8602150537634409
jaah/jaah_020-charlie_parker-crazeology_take_4/track.npy,jaah,0.8014888337468983,0.6966824644549763,0.8014888337468983,0.6966824644549763,0.8631275427331007,0.7630902774295203,0.935483870967742,0.836272040302267
jaah/jaah_031-duke_ellington_his_orchestra-east_st_louis_toodleoo/track.npy,jaah,0.8546637744034707,0.8173913043478261,0.8546637744034707,0.8173913043478261,0.8839347451374668,0.8319199892112056,0.948545861297539,0.8959276018099547
jaah/jaah_033-the_boswell_sisters-everybody_loves_my_baby/track.npy,jaah,0.6303571428571428,0.6571428571428571,0.6303571428571428,0.6571428571428571,0.797566859908508,0.7908824114272287,0.8839779005524862,0.8517110266159696
jaah/jaah_037-jimmie_noones_apex_club_orchestra-four_or_five_times/track.npy,jaah,0.9796954314720813,0.5346534653465347,0.9796954314720813,0.5346534653465347,0.959037209840729,0.6259442738336572,0.9859872611464969,0.6432160804020101
jaah/jaah_052-don_byas_slam_stewart-i_got_rhythm/track.npy,jaah,0.7599164926931107,0.23184357541899442,0.7599164926931107,0.12813370473537605,0.8098618467057911,0.2663059379858154,0.9633802816901409,0.24242424242424243
jaah/jaah_063-bessie_smith-lost_your_head_blues/track.npy,jaah,0.9242424242424242,0.9032258064516129,0.9242424242424242,0.9032258064516129,0.9002536235696275,0.9065094055864611,0.9668615984405458,0.959349593495935
jaah/jaah_083-frankie_trumbauer_and_his_orchestra-riverboat_shuffle/track.npy,jaah,0.9937791601866252,1.0,0.9937791601866252,1.0,0.9738220296353989,0.978596604482008,0.9976653696498056,1.0
jaah/jaah_086-dizzy_gillespie_his_all_stars-shaw_nuff/track.npy,jaah,0.8682926829268293,0.7766990291262136,0.8682926829268293,0.7766990291262136,0.86650088976439,0.7320983875557059,0.9705521472392639,0.8088235294117646
jaah/jaah_096-eddie_condons_hot_shots-thats_a_serious_thing/track.npy,jaah,1.0,0.8571428571428571,1.0,0.8571428571428571,0.9541509521303424,0.859012953819727,1.0,0.8950276243093923
jaah/jaah_102-lucky_thompson_trio-tricroism/track.npy,jaah,0.8721910112359551,0.5736842105263158,0.8721910112359551,0.5736842105263158,0.7505545524218292,0.5427144894668345,0.9069111424541608,0.6448087431693988
jaah/jaah_110-sarah_vaughan-wrap_your_troubles_in_dreams/track.npy,jaah,0.9736842105263158,0.9733333333333334,0.9736842105263158,0.9733333333333334,0.926053920719905,0.9313598595797394,0.9783693843594009,0.9733333333333334
jaah/jaah_111-fletcher_henderson_and_his_orchestra-wrappin_it_up/track.npy,jaah,0.9962616822429906,0.9555555555555556,0.9962616822429906,0.9555555555555556,0.9701319683284659,0.9571151055691686,0.9971936389148736,0.9814126394052044
rwc/rwc_classical_CD1_03/track.npy,rwc_classical,0.5579227696404794,0.3215434083601286,0.17684887459807075,0.03376205787781351,0.6261935968409174,0.4489991219380154,0.6676691729323309,0.5219347581552306
rwc/rwc_classical_CD2_04/track.npy,rwc_classical,0.6838461538461539,0.6973365617433414,0.6838461538461539,0.6973365617433414,0.7013737024212714,0.6847421729462223,0.8482039397450754,0.8285356695869838
rwc/rwc_classical_CD4_01/track.npy,rwc_classical,0.4441512752858399,0.3919308357348703,0.4441512752858399,0.3919308357348703,0.7033495753804999,0.517693214072668,0.8078817733990147,0.5958795562599049
rwc/rwc_classical_CD4_03/track.npy,rwc_classical,0.4225028702640643,0.7642276422764228,0.32608695652173914,0.7642276422764228,0.6199335513900964,0.7303477600170748,0.7246891651865008,0.8633405639913233
rwc/rwc_classical_CD5_01/track.npy,rwc_classical,0.5731593662628145,0.49184782608695654,0.5731593662628145,0.07336956521739131,0.7520967137027612,0.5508559993576853,0.8355041003376749,0.5567765567765568
rwc/rwc_classical_CD5_08/track.npy,rwc_classical,0.49859943977591037,0.0830945558739255,0.16463414634146342,0.0830945558739255,0.6558982313854425,0.47876301504663793,0.6789473684210526,0.5313092979127135
rwc/rwc_classical_CD6_11/track.npy,rwc_classical,0.5421052631578948,0.7473684210526316,0.5421052631578948,0.7473684210526316,0.5331472154747706,0.513757706758369,0.7827380952380952,0.7759562841530054
rwc/rwc_jazz_CD1_04/track.npy,rwc_jazz,0.4908675799086758,0.39267015706806285,0.00228310502283105,0.20394736842105263,0.48752338290008035,0.4752131927455765,0.45396825396825397,0.5
rwc/rwc_jazz_CD1_07/track.npy,rwc_jazz,0.6692015209125475,0.49411764705882355,0.6692015209125475,0.49411764705882355,0.5162182529643957,0.42363240359751003,0.6424474187380497,0.543046357615894
rwc/rwc_jazz_CD2_07/track.npy,rwc_jazz,0.9108433734939759,0.5294117647058824,0.9108433734939759,0.5294117647058824,0.7167354244386865,0.5947079206949579,0.8875154511742892,0.7373271889400922
rwc/rwc_jazz_CD3_01/track.npy,rwc_jazz,0.9613095238095238,0.9337349397590361,0.9613095238095238,0.9337349397590361,0.8515828280386949,0.8342391144466732,0.9610778443113774,0.9454545454545454
rwc/rwc_jazz_CD3_09/track.npy,rwc_jazz,0.607497243660419,0.749003984063745,0.23315363881401618,0.749003984063745,0.7222991823926186,0.7758477675865657,0.745819397993311,0.8828451882845189
rwc/rwc_jazz_CD4_08/track.npy,rwc_jazz,0.9914089347079038,0.9795918367346939,0.9914089347079038,0.9795918367346939,0.9245306891816973,0.9203342637917992,0.9939603106125972,0.9863013698630136
rwc/rwc_jazz_CD4_11/track.npy,rwc_jazz,0.9959349593495935,1.0,0.9959349593495935,1.0,0.926245417464712,0.9305072194545115,0.9989827060020345,1.0
rwc/rwc_popular_CD1_07/track.npy,rwc_popular,0.9541595925297114,0.9591836734693877,0.9541595925297114,0.9591836734693877,0.9603215211217271,0.9590416595281804,0.9748482220294884,0.9724137931034483
rwc/rwc_popular_CD1_11/track.npy,rwc_popular,0.9897172236503856,0.9595959595959596,0.9897172236503856,0.9595959595959596,0.9785728737637104,0.9709941998635594,0.9948320413436693,0.989795918367347
rwc/rwc_popular_CD2_04/track.npy,rwc_popular,0.9921568627450981,1.0,0.9921568627450981,1.0,0.9805315094666242,0.9872362662023653,0.9970501474926253,1.0
rwc/rwc_popular_CD2_09/track.npy,rwc_popular,0.9392523364485982,0.9905660377358491,0.9392523364485982,0.9905660377358491,0.9405478918730615,0.9417280719518001,0.9541715628672152,0.957345971563981
rwc/rwc_popular_CD2_12/track.npy,rwc_popular,0.9502262443438914,1.0,0.9502262443438914,1.0,0.8278665103313477,0.8367940063035274,0.9681093394077449,0.963302752293578
rwc/rwc_popular_CD3_07/track.npy,rwc_popular,0.9616519174041298,0.8241758241758241,0.9616519174041298,0.8241758241758241,0.8574584732620204,0.8392341800718736,0.9748148148148148,0.9318181818181819
rwc/rwc_popular_CD4_03/track.npy,rwc_popular,0.9901477832512315,0.9869281045751634,0.9901477832512315,0.9869281045751634,0.9547947471484985,0.9463837734405449,0.9950576606260296,0.9901639344262295
rwc/rwc_popular_CD4_08/track.npy,rwc_popular,0.9946808510638298,1.0,0.9946808510638298,1.0,0.9032999996508285,0.915602542049769,0.9986684420772304,1.0
rwc/rwc_popular_CD5_04/track.npy,rwc_popular,0.9862700228832952,0.9,0.9862700228832952,0.9,0.9266693762820052,0.8301107289756808,0.9747126436781609,0.8899082568807339
rwc/rwc_popular_CD6_04/track.npy,rwc_popular,0.9855072463768116,0.9871794871794872,0.9855072463768116,0.9871794871794872,0.9545754016587004,0.9476792490343393,0.993517017828201,0.9935483870967742
rwc/rwc_popular_CD7_04/track.npy,rwc_popular,0.9927536231884058,1.0,0.9927536231884058,1.0,0.975653087304694,0.9796992723066327,0.9981851179673321,1.0
rwc/rwc_popular_CD7_05/track.npy,rwc_popular,0.8306709265175719,0.75,0.03316749585406302,0.019867549668874173,0.695075115013875,0.6644129326232835,0.6353711790393014,0.5844748858447489
rwc/rwc_royalty-free_CD1_05/track.npy,rwc_royalty-free,0.9731800766283525,0.9846153846153847,0.9731800766283525,0.9846153846153847,0.8806781730442588,0.9103866863670516,0.9846743295019157,0.9922480620155039
rwc/rwc_royalty-free_CD1_11/track.npy,rwc_royalty-free,0.9958847736625515,0.9836065573770492,0.9958847736625515,0.9836065573770492,0.8333118711746614,0.8223508770427477,0.9979381443298969,0.9917355371900827
simac/simac_A_vida_me_fez_assim_05-Ja_era_(Palavra)/track.npy,simac,0.90625,0.0,0.90625,0.0,0.9119458548246389,0.0,0.9508196721311475,0.0
simac/simac_A_vida_me_fez_assim_11-Quantas_lagrimas/track.npy,simac,0.8928571428571429,0.0,0.8928571428571429,0.0,0.9159713010858477,0.0,0.9433962264150945,0.0
simac/simac_A_vida_me_fez_assim_13-Ana_agua_do_rio_A_vida_me_fez_assim/track.npy,simac,0.8888888888888888,0.0,0.8888888888888888,0.0,0.8374081133002556,0.0,0.9411764705882353,0.0
simac/simac_Albedo_0.39_04-Main_Sequence/track.npy,simac,0.2962962962962963,0.0,0.2962962962962963,0.0,0.4608097343377802,0.0,0.5599999999999999,0.0
simac/simac_Alfagamabetizado_04-Cumplicidade_de_Armario/track.npy,simac,0.9130434782608695,0.0,0.9130434782608695,0.0,0.8396913505112955,0.0,0.9545454545454545,0.0
simac/simac_Amber_01-Foil/track.npy,simac,0.639344262295082,0.0,0.19298245614035087,0.0,0.7602199084303598,0.0,0.7045454545454546,0.0
simac/simac_As_Time_Goes_By_06-therell_be_some_changes_made/track.npy,simac,0.7058823529411765,0.0,0.7058823529411765,0.0,0.6343734687990209,0.0,0.7666666666666666,0.0
simac/simac_As_time_goes_by_disk_2_11-Mountain_greenery/track.npy,simac,0.8,0.0,0.8,0.0,0.6891980687661002,0.0,0.8656716417910447,0.0
simac/simac_As_time_goes_by_disk_3_07-Lover/track.npy,simac,0.75,0.0,0.75,0.0,0.7556964299834041,0.0,0.8571428571428571,0.0
simac/simac_As_time_goes_by_disk_3_09-All_mine/track.npy,simac,0.7741935483870968,0.0,0.7741935483870968,0.0,0.7907085605653494,0.0,0.8727272727272727,0.0
simac/simac_As_time_goes_by_disk_3_12-My_heart_stood_still/track.npy,simac,0.6944444444444444,0.0,0.6944444444444444,0.0,0.6738621844932269,0.0,0.819672131147541,0.0
simac/simac_BACH_WTC_04-Prelude_and_Fugue_No._2_in_C_minor_BWV_871_-_2._Fuga/track.npy,simac,0.41379310344827586,0.0,0.41379310344827586,0.0,0.7882193446798962,0.0,0.8163265306122449,0.0
simac/simac_Bach_The_Well-Tempered_Clavier_II_(Disc_1)_11-Prelude_and_Fugue_No._6_in_D_minor_BWV_875_-_1._Praeludium/track.npy,simac,0.9259259259259259,0.0,0.9259259259259259,0.0,0.9206629182430464,0.0,0.9615384615384615,0.0
simac/simac_Bach_The_Well-Tempered_Clavier_II_(Disc_2)_05-Prelude_and_Fugue_No._15_G_major_BWV_884_-_1._Praeludium/track.npy,simac,0.5121951219512195,0.0,0.02857142857142857,0.0,0.5024120493135604,0.0,0.4642857142857143,0.0
simac/simac_Bach_The_Well-Tempered_Clavier_II_(Disc_2)_19-Prelude_and_Fugue_No._22_B-flat_minor_BWV_891_-_1._Praeludium/track.npy,simac,0.9285714285714286,0.0,0.9285714285714286,0.0,0.9298903092786381,0.0,0.962962962962963,0.0
simac/simac_Bach_The_Well-Tempered_Clavier_II_(Disc_2)_21-Prelude_and_Fugue_No._23_B_major_BWV_892_-_1._Praeludium/track.npy,simac,0.9032258064516129,0.0,0.9032258064516129,0.0,0.9181383651607191,0.0,0.9491525423728813,0.0
simac/simac_Beethoven_-_The_String_Quartets_#1_05-G_major_op._18_no._2_-_Allegro/track.npy,simac,0.75,0.0,0.75,0.0,0.8079212904027763,0.0,0.8571428571428571,0.0
simac/simac_Beethoven_-_The_String_Quartets_#1_07-G_major_op._18_no._2_-_Scherzo._Allegro/track.npy,simac,0.8604651162790697,0.0,0.8604651162790697,0.0,0.7826808671417009,0.0,0.9135802469135803,0.0
simac/simac_Bela_Bartok_05-The_Miraculous_Mandarin_5.1_Maestoso_5.2_Allegro/track.npy,simac,0.3157894736842105,0.0,0.3157894736842105,0.0,0.4885558631061906,0.0,0.5294117647058824,0.0
simac/simac_Bernstein_conducts_Stravinsky_01-Introduction_Part_1-_The_adoration_of_the_earth_/track.npy,simac,0.06666666666666667,0.0,0.06666666666666667,0.0,0.34875942521967274,0.0,0.5714285714285715,0.0
simac/simac_Bernstein_conducts_Stravinsky_06-Procession_of_the_wise_elder/track.npy,simac,0.48484848484848486,0.0,0.25,0.0,0.5852713421791416,0.0,0.6530612244897959,0.0
simac/simac_Bernstein_conducts_Stravinsky_11-Glorfication_of_the_chosen_victim/track.npy,simac,0.0,0.0,0.0,0.0,0.2420099244473656,0.0,0.3561643835616438,0.0
simac/simac_Bernstein_conducts_Stravinsky_21-Danse_of_the_nursemaids/track.npy,simac,0.8709677419354839,0.0,0.03225806451612903,0.0,0.7204573766668592,0.0,0.6521739130434783,0.0
simac/simac_Cafe_Zimmermann_02-3e_Concert_Brandebourgeois_en_sol_majeur_BWV_1048_-_Allegro/track.npy,simac,0.014084507042253521,0.0,0.0,0.0,0.47869710279818,0.0,0.4893617021276596,0.0
simac/simac_Cafe_Zimmermann_08-Suite_en_ut_majeur_BWV_1066_-_OuvertureGavottes_I_&_II/track.npy,simac,0.8235294117647058,0.0,0.8235294117647058,0.0,0.8597557448493797,0.0,0.9032258064516129,0.0
simac/simac_Clandestino_-_esperando_la_ultima_ola_01-Clandestino/track.npy,simac,0.7407407407407407,0.0,0.0,0.0,0.6299070431995106,0.0,0.56,0.0
simac/simac_Concert_16-4._Menuet/track.npy,simac,0.7142857142857143,0.0,0.7142857142857143,0.0,0.8254012958224565,0.0,0.8493150684931507,0.0
simac/simac_DGG_419_047-2_03-Praludium_u._Fuge_f-moll_BWV_534_-_I_Praludium/track.npy,simac,0.8666666666666667,0.0,0.8666666666666667,0.0,0.6540380937133145,0.0,0.7857142857142856,0.0
simac/simac_Ella_&_Louis_08-Flying_Home/track.npy,simac,0.75,0.0,0.75,0.0,0.7231782461240682,0.0,0.8571428571428571,0.0
simac/simac_Ella_&_Louis_16-If_You_Ever_Change_Your_Mind/track.npy,simac,0.75,0.0,0.75,0.0,0.5972891402602736,0.0,0.8253968253968254,0.0
simac/simac_Fado_11-AudioTrack_11/track.npy,simac,0.43333333333333335,0.0,0.43333333333333335,0.0,0.4393041948548668,0.0,0.5098039215686274,0.0
simac/simac_Family_Tree_-_Greatest_Hits_As_Chosen_By_Bjork_04-Isobel/track.npy,simac,1.0,0.0,1.0,0.0,0.9734134010944784,0.0,1.0,0.0
simac/simac_Family_Tree_-_Greatest_Hits_As_Chosen_By_Bjork_06-Unravel/track.npy,simac,0.6875,0.0,0.6875,0.0,0.6887894208200064,0.0,0.8275862068965517,0.0
simac/simac_Fight_To_Win_03-Traitors_of_Africa/track.npy,simac,0.7941176470588235,0.0,0.7941176470588235,0.0,0.8104905303838941,0.0,0.8484848484848485,0.0
simac/simac_Gold_-_Greatest_Hits_01-Dancing_Queen/track.npy,simac,0.9615384615384616,0.0,0.9615384615384616,0.0,0.8904034359095871,0.0,0.9803921568627451,0.0
simac/simac_Gold_-_Greatest_Hits_05-Lay_All_Your_Love_On_Me/track.npy,simac,0.9705882352941176,0.0,0.9705882352941176,0.0,0.8786459074148978,0.0,0.9850746268656716,0.0
simac/simac_Gold_-_Greatest_Hits_08-The_Winner_Takes_It_All/track.npy,simac,0.8421052631578947,0.0,0.0,0.0,0.6396436884965423,0.0,0.6399999999999999,0.0
simac/simac_Niandra_LaDes_and_Usually_Just_a_T-Shirt_01-As_Can_Be/track.npy,simac,0.9047619047619048,0.0,0.9047619047619048,0.0,0.887604257255917,0.0,0.9500000000000001,0.0
simac/simac_Papakonstantinou_02-AudioTrack_02/track.npy,simac,0.8055555555555556,0.0,0.0,0.0,0.5915647822793654,0.0,0.5490196078431373,0.0
simac/simac_Papakonstantinou_10-AudioTrack_10/track.npy,simac,0.8076923076923077,0.0,0.8076923076923077,0.0,0.7664968077199122,0.0,0.8510638297872339,0.0
simac/simac_Papakonstantinou_21-AudioTrack_21/track.npy,simac,0.8947368421052632,0.0,0.8947368421052632,0.0,0.8513608372681474,0.0,0.9444444444444444,0.0
simac/simac_Primer_Aliento_03-El_retorno_de_Godzilla/track.npy,simac,0.8928571428571429,0.0,0.8928571428571429,0.0,0.9100347573493974,0.0,0.9433962264150945,0.0
simac/simac_Primer_Aliento_07-Telepatia/track.npy,simac,0.8857142857142857,0.0,0.8857142857142857,0.0,0.9139087203407247,0.0,0.9393939393939393,0.0
simac/simac_R.A.F.I_07-Operation_Eagle_Lie/track.npy,simac,0.4,0.0,0.4,0.0,0.5312105248379366,0.0,0.5517241379310346,0.0
simac/simac_Santana_01-Jingo/track.npy,simac,0.9090909090909091,0.0,0.9090909090909091,0.0,0.8889822601901173,0.0,0.9523809523809523,0.0
simac/simac_So_Cartola_11-O_Que_e_Feito_de_Voce_/track.npy,simac,0.7307692307692307,0.0,0.0,0.0,0.3612088893735437,0.0,0.0,0.0
simac/simac_So_Cartola_19-Injuria_O_Sol_Nascera/track.npy,simac,0.8,0.0,0.0,0.0,0.3458295075045839,0.0,0.0,0.0
simac/simac_Songs_Alejandro_(Alex_Benson)_-_Golondrina/track.npy,simac,0.8461538461538461,0.0,0.8461538461538461,0.0,0.8975399248435432,0.0,0.9166666666666666,0.0
simac/simac_Songs_Caracas_Latin_Brothers_-_Los_hombres_tambien_lo_mueven/track.npy,simac,0.8918918918918919,0.0,0.8918918918918919,0.0,0.9164873450193549,0.0,0.9428571428571428,0.0
simac/simac_Tales_Of_Mystery_And_Imagination_03-The_Tell-tale_Heart/track.npy,simac,0.6585365853658537,0.0,0.0,0.0,0.5512207897853565,0.0,0.5090909090909091,0.0
simac/simac_Tanto_Tempo_06-Alguem/track.npy,simac,0.8378378378378378,0.0,0.0,0.0,0.718864600633576,0.0,0.6037735849056604,0.0
simac/simac_Tanto_Tempo_07-So_Nice_Summer_Samba_/track.npy,simac,0.9310344827586207,0.0,0.0,0.0,0.7690101227432149,0.0,0.6511627906976745,0.0
simac/simac_The_Art_of_Spanish_Guitar_01-Tarrega_Recuerdos_de_la_Alhambra/track.npy,simac,0.4117647058823529,0.0,0.4117647058823529,0.0,0.625514470893899,0.0,0.7272727272727274,0.0
simac/simac_The_Art_of_Spanish_Guitar_05-Sojo_Cancion/track.npy,simac,0.625,0.0,0.625,0.0,0.5126917983857885,0.0,0.6341463414634146,0.0
simac/simac_The_Crackdown_02-In_the_Shadows/track.npy,simac,0.9565217391304348,0.0,0.9565217391304348,0.0,0.9182885400000796,0.0,0.9777777777777777,0.0
simac/simac_Tomatito_Tomatito-04.Armonias_del_Romane/track.npy,simac,0.42857142857142855,0.0,0.42857142857142855,0.0,0.30270632880151116,0.0,0.5079365079365079,0.0
simac/simac_VOL.3_Musiques_pour_guitare_et_violoncelle_06-E._Granados_Intermezzo_(de_Goyescas_)/track.npy,simac,0.6976744186046512,0.0,0.0,0.0,0.645406962776224,0.0,0.5769230769230769,0.0
simac/simac_Xatzidakis_02-AudioTrack_02/track.npy,simac,0.7307692307692307,0.0,0.7307692307692307,0.0,0.6371312081268063,0.0,0.7999999999999999,0.0
simac/simac_Xatzidakis_13-AudioTrack_13/track.npy,simac,0.75,0.0,0.75,0.0,0.5928889610463646,0.0,0.6285714285714286,0.0
simac/simac_aire_01-Aire/track.npy,simac,0.0,0.0,0.0,0.0,0.3933018826818719,0.0,0.4489795918367347,0.0
simac/simac_greek_12_evzwnakia/track.npy,simac,0.5,0.0,0.5,0.0,0.7638134088653222,0.0,0.787878787878788,0.0
simac/simac_greek_Mpellou_-_Nyxtwse_xwris_feggari/track.npy,simac,0.7619047619047619,0.0,0.7619047619047619,0.0,0.6791468241227268,0.0,0.7567567567567567,0.0
simac/simac_greek_Paisa_sti_vrysi_-_Velvento/track.npy,simac,0.84375,0.0,0.84375,0.0,0.8349482332073562,0.0,0.9152542372881356,0.0
simac/simac_more_greek_Gkoles_-_Kori_paraxaidemeni/track.npy,simac,0.9,0.0,0.9,0.0,0.8849898609985306,0.0,0.9473684210526316,0.0
simac/simac_more_greek_Ksylouris_-_Erwtiko_tragoudi_(Palikarou_palikarou)/track.npy,simac,0.9411764705882353,0.0,0.9411764705882353,0.0,0.8443492887249291,0.0,0.9696969696969697,0.0
simac/simac_more_greek_Makedonas_-_Ena_deilino/track.npy,simac,0.8947368421052632,0.0,0.8947368421052632,0.0,0.8781631707830219,0.0,0.9444444444444444,0.0
simac/simac_more_greek_Marinella_-_Agapi_pou_gines_dikopo_maxairi/track.npy,simac,0.7894736842105263,0.0,0.7894736842105263,0.0,0.4371961373427523,0.0,0.5882352941176471,0.0
simac/simac_more_greek_Mpellou_-_Kapoio_vrady_t_oneiro_mou/track.npy,simac,0.65,0.0,0.65,0.0,0.5717260030146717,0.0,0.7272727272727274,0.0
simac/simac_more_greek_Mpellou_-_To_teleftaio_gramma_sou/track.npy,simac,0.9444444444444444,0.0,0.9444444444444444,0.0,0.759356980424019,0.0,0.9714285714285714,0.0
simac/simac_more_greek_Mpellou_-_Xwrisame_ena_deilino/track.npy,simac,0.7307692307692307,0.0,0.7307692307692307,0.0,0.6987984871597183,0.0,0.7999999999999999,0.0
simac/simac_more_greek_Mpi8ikwtsis_-_Gwnia_gwnia/track.npy,simac,0.9375,0.0,0.9375,0.0,0.7800835323679867,0.0,0.8387096774193549,0.0
simac/simac_more_greek_Mpi8ikwtsis_-_H_kyra/track.npy,simac,1.0,0.0,1.0,0.0,0.650360560022308,0.0,0.9285714285714286,0.0
simac/simac_more_greek_Mpi8ikwtsis_-_Matia_vourkwmena/track.npy,simac,0.65625,0.0,0.125,0.0,0.5906003421340953,0.0,0.5833333333333334,0.0
simac/simac_selected_ambient_works_8592_delphium/track.npy,simac,0.40350877192982454,0.0,0.32608695652173914,0.0,0.7465628910606017,0.0,0.7200000000000001,0.0
smc/smc_004/track.npy,smc,0.6176470588235294,0.0,0.6176470588235294,0.0,0.6224537330443831,0.0,0.6865671641791046,0.0
smc/smc_007/track.npy,smc,0.44680851063829785,0.0,0.44680851063829785,0.0,0.3291147923217731,0.0,0.4675324675324675,0.0
smc/smc_013/track.npy,smc,0.8813559322033898,0.0,0.8813559322033898,0.0,0.691944102193333,0.0,0.8521739130434782,0.0
smc/smc_021/track.npy,smc,0.5172413793103449,0.0,0.5172413793103449,0.0,0.36523886359650826,0.0,0.5045045045045045,0.0
smc/smc_032/track.npy,smc,0.4444444444444444,0.0,0.4444444444444444,0.0,0.4741974662323814,0.0,0.6222222222222222,0.0
smc/smc_034/track.npy,smc,0.74,0.0,0.74,0.0,0.6679637951051394,0.0,0.8045977011494254,0.0
smc/smc_037/track.npy,smc,0.7647058823529411,0.0,0.029411764705882353,0.0,0.5222741322121904,0.0,0.627450980392157,0.0
smc/smc_041/track.npy,smc,0.7804878048780488,0.0,0.7804878048780488,0.0,0.7065595943442635,0.0,0.8641975308641976,0.0
smc/smc_043/track.npy,smc,0.5901639344262295,0.0,0.5901639344262295,0.0,0.6798049237535811,0.0,0.7747747747747747,0.0
smc/smc_063/track.npy,smc,0.6470588235294118,0.0,0.6470588235294118,0.0,0.5375059782511354,0.0,0.7058823529411765,0.0
smc/smc_066/track.npy,smc,0.5555555555555556,0.0,0.5555555555555556,0.0,0.3860258766939495,0.0,0.4897959183673469,0.0
smc/smc_076/track.npy,smc,0.061224489795918366,0.0,0.061224489795918366,0.0,0.27727379501314453,0.0,0.35416666666666663,0.0
smc/smc_100/track.npy,smc,0.18309859154929578,0.0,0.18309859154929578,0.0,0.3496791001381614,0.0,0.40740740740740744,0.0
smc/smc_109/track.npy,smc,0.06976744186046512,0.0,0.0,0.0,0.25369723745912787,0.0,0.33870967741935487,0.0
smc/smc_117/track.npy,smc,0.46511627906976744,0.0,0.46511627906976744,0.0,0.4971025300743339,0.0,0.6153846153846154,0.0
smc/smc_173/track.npy,smc,0.7,0.0,0.0,0.0,0.5316792824861147,0.0,0.4999999999999999,0.0
smc/smc_176/track.npy,smc,0.08888888888888889,0.0,0.08888888888888889,0.0,0.24730014104640116,0.0,0.4057971014492754,0.0
smc/smc_181/track.npy,smc,0.0,0.0,0.0,0.0,0.2252320243697081,0.0,0.3283582089552239,0.0
smc/smc_194/track.npy,smc,0.0,0.0,0.0,0.0,0.0,0.0,0.0,0.0
smc/smc_204/track.npy,smc,0.09259259259259259,0.0,0.09259259259259259,0.0,0.24061037730157533,0.0,0.34,0.0
smc/smc_216/track.npy,smc,0.6111111111111112,0.0,0.6111111111111112,0.0,0.41875402869744377,0.0,0.591549295774648,0.0
smc/smc_217/track.npy,smc,0.6122448979591837,0.0,0.6122448979591837,0.0,0.5237039776282002,0.0,0.7000000000000001,0.0
smc/smc_266/track.npy,smc,0.35714285714285715,0.0,0.35714285714285715,0.0,0.4480053802742789,0.0,0.6,0.0
smc/smc_269/track.npy,smc,0.8387096774193549,0.0,0.8387096774193549,0.0,0.5698335004980367,0.0,0.8387096774193549,0.0
smc/smc_275/track.npy,smc,0.0,0.0,0.0,0.0,0.4335292031936338,0.0,0.4946236559139785,0.0
smc/smc_277/track.npy,smc,0.19626168224299065,0.0,0.0,0.0,0.48754993730675894,0.0,0.4492753623188406,0.0
smc/smc_282/track.npy,smc,0.9636363636363636,0.0,0.9636363636363636,0.0,0.8769570863682368,0.0,0.9818181818181818,0.0
tapcorrect/043_youtube_CWEqbuJ6DlQ/track.npy,tapcorrect,0.18661971830985916,0.5957446808510638,0.18661971830985916,0.21739130434782608,0.586518082578294,0.778129396328648,0.6021328958162429,0.7311827956989247
tapcorrect/048_youtube_B_e7QbWc5mI/track.npy,tapcorrect,0.8237410071942446,0.7654320987654321,0.8237410071942446,0.7654320987654321,0.8917025871433882,0.8535102882432248,0.9277218664226898,0.8910891089108911
tapcorrect/050_youtube_vx2u5uUu3DE/track.npy,tapcorrect,0.9507494646680942,0.9487179487179487,0.9507494646680942,0.9487179487179487,0.9503889099815079,0.9510639492428639,0.9758771929824561,0.9781659388646288
tapcorrect/052_youtube_LjffPO71TJs/track.npy,tapcorrect,0.7224409448818898,0.8214285714285714,0.7224409448818898,0.8214285714285714,0.7982690791395174,0.7942356799750446,0.8790983606557378,0.8706365503080081
tapcorrect/059_youtube_-tJYN-eG1zk/track.npy,tapcorrect,0.9820359281437125,0.34146341463414637,0.9820359281437125,0.34146341463414637,0.939835617725655,0.603276449487578,0.9909365558912386,0.6451612903225806
tapcorrect/060_youtube_FY9v147BZuE/track.npy,tapcorrect,0.44356435643564357,0.7777777777777778,0.38419618528610355,0.7777777777777778,0.7964486298669794,0.90313441193457,0.8161290322580644,0.9333333333333333
tapcorrect/063_youtube_uFEK4fpYOS4/track.npy,tapcorrect,0.9879518072289156,0.9452054794520548,0.9879518072289156,0.9452054794520548,0.9627204284817855,0.9518804866079258,0.9905090595340811,0.975609756097561
tapcorrect/070_youtube_m-M1AtrxztU/track.npy,tapcorrect,0.9917184265010351,0.7520661157024794,0.9917184265010351,0.7520661157024794,0.9566124663610495,0.8097801554166661,0.9937759336099584,0.8340425531914893
tapcorrect/071_youtube_WBQ03PXMpqY/track.npy,tapcorrect,0.7922077922077922,0.9851851851851852,0.7922077922077922,0.9851851851851852,0.8939048689872833,0.9655023332921261,0.9462365591397849,0.996282527881041
tapcorrect/082_youtube_M84S81FL5FY/track.npy,tapcorrect,0.9971671388101983,0.7731958762886598,0.9971671388101983,0.7731958762886598,0.9663189392546179,0.873568695859999,0.9985815602836879,0.8972972972972973
tapcorrect/092_youtube_oh2LWWORoiM/track.npy,tapcorrect,0.9228723404255319,0.9263157894736842,0.9228723404255319,0.9263157894736842,0.9108781324475371,0.9035454974488404,0.967479674796748,0.956989247311828
tapcorrect/100_youtube_QinABEXzutY/track.npy,tapcorrect,0.7626262626262627,0.5533980582524272,0.7626262626262627,0.5533980582524272,0.8311862540283108,0.6768390546496791,0.8728702490170379,0.7142857142857143
asap/Bach_Fugue_bwv_857_Bult-ItoS02M/track.npy,asap,0.9774774774774775,0.4774774774774775,0.9774774774774775,0.06329113924050633,0.9481769921524997,0.5569515409559942,0.9774774774774775,0.5333333333333333
asap/Bach_Fugue_bwv_857_Lisiecki04M/track.npy,asap,0.9820627802690582,0.4144144144144144,0.9820627802690582,0.12658227848101267,0.9700179648765818,0.5625314051523673,0.9954954954954954,0.5333333333333333
asap/Bach_Fugue_bwv_857_ToA01M/track.npy,asap,0.9605263157894737,0.44144144144144143,0.9605263157894737,0.08433734939759036,0.9691500934054156,0.5598823674147058,0.9844789356984479,0.5035971223021584
asap/Bach_Fugue_bwv_857_WangA01M/track.npy,asap,0.9866071428571429,0.5225225225225225,0.9866071428571429,0.034482758620689655,0.96770972633656,0.5643162150872345,0.9888143176733781,0.4895104895104895
asap/Bach_Fugue_bwv_857_YuP01M/track.npy,asap,0.9646017699115044,0.40540540540540543,0.9646017699115044,0.10126582278481013,0.9585900937931994,0.5248259375672792,0.9844097995545658,0.4888888888888889
asap/Bach_Fugue_bwv_875_Ahfat01M/track.npy,asap,0.46774193548387094,0.19607843137254902,0.46774193548387094,0.19047619047619047,0.6860304737035341,0.4274551977493366,0.7048458149779735,0.4411764705882353
asap/Bach_Fugue_bwv_875_CaoJ01M/track.npy,asap,0.8181818181818182,0.16,0.8181818181818182,0.16,0.9268872854607353,0.5163587670710189,0.9433962264150944,0.5217391304347826
asap/Bach_Fugue_bwv_876_SirajA01M/track.npy,asap,0.5168539325842697,0.29850746268656714,0.3082706766917293,0.29850746268656714,0.8062944896204929,0.7296001221517888,0.7927927927927927,0.7476635514018691
asap/Bach_Fugue_bwv_876_Song01M/track.npy,asap,0.916030534351145,0.4444444444444444,0.916030534351145,0.13636363636363635,0.9630405181890145,0.6948856379375156,0.9805447470817121,0.7058823529411764
asap/Bach_Fugue_bwv_883_GuoE01M/track.npy,asap,0.8897058823529411,0.34814814814814815,0.8897058823529411,0.06741573033707865,0.9438987733743154,0.5080627745214064,0.967984934086629,0.4585987261146497
asap/Bach_Fugue_bwv_883_Herbert02/track.npy,asap,0.19047619047619047,0.08148148148148149,0.19047619047619047,0.010416666666666666,0.009034493550609151,0.0016707241003742742,0.007339449541284403,0.0
asap/Bach_Fugue_bwv_883_KaiRuiR03/track.npy,asap,0.7084870848708487,0.10416666666666667,0.03308823529411765,0.09375,0.16250827799667344,0.00031382868074500707,0.014732965009208104,0.0
asap/Bach_Fugue_bwv_883_Khmara04/track.npy,asap,0.13970588235294118,0.08888888888888889,0.0,0.0707070707070707,0.004643875317645915,2.9084711338786745e-11,0.003853564547206166,0.0
asap/Bach_Fugue_bwv_883_LuM01M/track.npy,asap,0.9963235294117647,0.37037037037037035,0.9963235294117647,0.0851063829787234,0.9637412577556458,0.4943380928816071,0.990791896869245,0.4444444444444445
asap/Bach_Fugue_bwv_889_Giesbrecht01M/track.npy,asap,0.4647887323943662,0.8823529411764706,0.4647887323943662,0.0,0.8266299949472352,0.7325107803199871,0.8455284552845529,0.6133333333333333
asap/Bach_Fugue_bwv_889_LiuY01M/track.npy,asap,0.47342995169082125,0.9423076923076923,0.33548387096774196,0.0,0.7880165251656805,0.7475132373803917,0.7953667953667953,0.6410256410256411
asap/Bach_Fugue_bwv_889_MunA01M/track.npy,asap,0.45454545454545453,0.9215686274509803,0.45454545454545453,0.0,0.8229806560469306,0.7792449515411591,0.8387096774193549,0.631578947368421
asap/Bach_Fugue_bwv_889_Wang01M/track.npy,asap,0.47586206896551725,0.9038461538461539,0.47586206896551725,0.0,0.8065946834555814,0.7522474218941194,0.832,0.6410256410256411
asap/Bach_Fugue_bwv_889_YangY02M/track.npy,asap,0.9904306220095693,0.373134328358209,0.0,0.0,0.7961734748142177,0.5366851967861417,0.6687898089171974,0.4731182795698925
asap/Bach_Fugue_bwv_889_ZhangW02M/track.npy,asap,0.7053140096618358,0.8518518518518519,0.16111111111111112,0.0,0.7898289508193403,0.7129903099148869,0.7253521126760564,0.6
asap/Bach_Prelude_bwv_856_LuoJ01M/track.npy,asap,0.0,0.3673469387755102,0.0,0.02040816326530612,0.4762129074371166,0.5861235561874585,0.48888888888888893,0.4923076923076923
asap/Bach_Prelude_bwv_857_Bult-ItoS02M/track.npy,asap,1.0,0.4878048780487805,1.0,0.06896551724137931,0.9802993217236001,0.5486519094874649,1.0,0.56
asap/Bach_Prelude_bwv_857_Lan01M/track.npy,asap,0.9878048780487805,0.8780487804878049,0.9878048780487805,0.0,0.9730585409517237,0.6961043476055524,0.9938650306748467,0.6129032258064516
asap/Bach_Prelude_bwv_857_Lisiecki04M/track.npy,asap,0.9146341463414634,0.5609756097560976,0.9146341463414634,0.03225806451612903,0.9369706516941153,0.551962636693641,0.9634146341463414,0.5384615384615384
asap/Bach_Prelude_bwv_857_ToA01M/track.npy,asap,0.9176470588235294,0.9024390243902439,0.9176470588235294,0.0,0.9345596856106657,0.6322194938617146,0.9700598802395209,0.6229508196721311
asap/Bach_Prelude_bwv_857_WangA01M/track.npy,asap,0.9634146341463414,0.6097560975609756,0.9634146341463414,0.02631578947368421,0.9274683300241559,0.5972349718860532,0.9634146341463414,0.5423728813559322
asap/Bach_Prelude_bwv_857_YuP01M/track.npy,asap,1.0,0.8048780487804879,1.0,0.0,0.9717224765417863,0.6560598670248032,1.0,0.6206896551724138
asap/Beethoven_Piano_Sonatas_16-1_BuiJL02M/track.npy,asap,0.7978056426332288,0.36363636363636365,0.7978056426332288,0.36363636363636365,0.8685196591862455,0.7383069175826267,0.9156626506024097,0.7692307692307693
asap/Beethoven_Piano_Sonatas_16-1_Khmara05M/track.npy,asap,0.7962382445141066,0.3469387755102041,0.7962382445141066,0.31347962382445144,0.8478114915923908,0.6834959610807091,0.8930008045052292,0.7145631067961165
asap/Beethoven_Piano_Sonatas_16-1_LeeSH02M/track.npy,asap,0.7699530516431925,0.3667711598746082,0.7699530516431925,0.3667711598746082,0.8045987709970819,0.6857938680657925,0.8483412322274881,0.7142857142857142
asap/Beethoven_Piano_Sonatas_16-1_LuoJ03M/track.npy,asap,0.8598425196850393,0.2712765957446808,0.8598425196850393,0.24921135646687698,0.8966834121254612,0.6900174312436557,0.9483037156704363,0.7287128712871288
asap/Beethoven_Piano_Sonatas_16-1_Woo05M/track.npy,asap,0.7601880877742947,0.47668393782383417,0.7601880877742947,0.2507836990595611,0.820741099036429,0.6885997188809485,0.8754045307443366,0.6875000000000001
asap/Beethoven_Piano_Sonatas_24-1_Lisiecki05M/track.npy,asap,0.7677345537757437,0.7336448598130841,0.7677345537757437,0.7336448598130841,0.8254575472600592,0.7636737716000653,0.9080118694362018,0.8448687350835322
asap/Beethoven_Piano_Sonatas_24-1_no_repeat_Lou02M/track.npy,asap,0.9193154034229829,0.8518518518518519,0.9193154034229829,0.8518518518518519,0.9296821555298652,0.9089233722512263,0.9656862745098039,0.9433962264150944
asap/Beethoven_Piano_Sonatas_24-2_Lisiecki05M/track.npy,asap,0.5824175824175825,0.4166666666666667,0.5824175824175825,0.0847457627118644,0.69324317242553,0.4876307417708724,0.7475592747559274,0.5128205128205128
asap/Beethoven_Piano_Sonatas_27-1_GiacomelliN04M/track.npy,asap,0.3914246196403873,0.26556016597510373,0.3914246196403873,0.26556016597510373,0.6715342221022385,0.5614245004238684,0.7007299270072993,0.5850340136054423
asap/Beethoven_Piano_Sonatas_27-1_Ko05M/track.npy,asap,0.28769017980636236,0.14545454545454545,0.28769017980636236,0.12033195020746888,0.6478608698642119,0.46012746272367805,0.6777003484320557,0.4778325123152709
asap/Beethoven_Piano_Sonatas_27-1_MiyashitaM02M/track.npy,asap,0.6597510373443983,0.36929460580912865,0.6597510373443983,0.36929460580912865,0.8017398335682139,0.5762488323302556,0.8348082595870208,0.5982532751091703
asap/Beethoven_Piano_Sonatas_5-1_Colafelice02M/track.npy,asap,0.11736526946107785,0.3227848101265823,0.11736526946107785,0.12903225806451613,0.562190547084936,0.5923603992030145,0.5844370860927153,0.6132723112128147
asap/Beethoven_Piano_Sonatas_5-1_SunD02M/track.npy,asap,0.4014423076923077,0.3273381294964029,0.4014423076923077,0.3273381294964029,0.7279087151878476,0.6938704246803977,0.7552958363769176,0.7233115468409587
asap/Beethoven_Piano_Sonatas_8-1_Na06M/track.npy,asap,0.7418032786885246,0.35064935064935066,0.7418032786885246,0.35064935064935066,0.8560343913284967,0.6825287605558757,0.8879248011569054,0.7030965391621129
asap/Chopin_Etudes_op_10_2_Hebert03M/track.npy,asap,0.967391304347826,0.8367346938775511,0.967391304347826,0.8367346938775511,0.955377822581903,0.9314646651819065,0.989010989010989,0.9574468085106383
asap/Chopin_Etudes_op_10_2_JeonH02M/track.npy,asap,0.9890710382513661,0.6923076923076923,0.9890710382513661,0.6923076923076923,0.9763187523363259,0.8831869748583159,0.9972602739726028,0.8979591836734695
asap/Chopin_Etudes_op_25_11_Richardson_2015_03M/track.npy,asap,0.8883248730964467,0.898989898989899,0.8883248730964467,0.898989898989899,0.8928002126923389,0.9093232039391933,0.9442282749675747,0.9484536082474226
asap/Chopin_Scherzos_31_ChenW04M/track.npy,asap,0.04827586206896552,0.3333333333333333,0.040103492884864166,0.054333764553686936,0.44250670639731177,0.4658369211951244,0.4832550860719875,0.5069204152249135
asap/Chopin_Scherzos_31_HuNY08M/track.npy,asap,0.03710094909404659,0.330749354005168,0.031910306166451054,0.03622250970245795,0.4579284384554131,0.49949361453258,0.4985994397759103,0.5425531914893618
asap/Chopin_Scherzos_31_Jussow11M/track.npy,asap,0.029386343993085567,0.22797927461139897,0.028077753779697623,0.025906735751295335,0.4494284682408201,0.44664782387059226,0.48346055979643765,0.4721189591078067
asap/Chopin_Scherzos_31_LeeN04M/track.npy,asap,0.03626943005181347,0.3549222797927461,0.03626943005181347,0.02072538860103627,0.46317145386907577,0.44707522941472594,0.4867088607594936,0.47015610651974293
asap/Chopin_Scherzos_31_LinTami06M/track.npy,asap,0.023295944779982744,0.2661498708010336,0.007333908541846419,0.015523932729624839,0.43030177157367355,0.44610469174120454,0.4559014267185473,0.47521047708138453
asap/Chopin_Scherzos_31_LuoJ12M/track.npy,asap,0.021570319240724764,0.35142118863049093,0.0056082830025884385,0.014230271668822769,0.4093929543914383,0.47415459827407325,0.4403131115459883,0.510054844606947
asap/Chopin_Scherzos_31_SunD04M/track.npy,asap,0.020743301642178046,0.2538860103626943,0.006911447084233261,0.011658031088082901,0.4307211637200054,0.47038893085084515,0.4557377049180328,0.4976437323279924
asap/Chopin_Scherzos_31_TongB04M/track.npy,asap,0.024158757549611734,0.3049095607235142,0.0090595340811044,0.00517464424320828,0.4022012241895042,0.4091823245471485,0.4455958549222798,0.45318352059925093
asap/Chopin_Scherzos_31_TuanS05M/track.npy,asap,0.014667817083692839,0.32299741602067183,0.003882657463330457,0.028460543337645538,0.4247420019268487,0.4822653188803735,0.46143958868894597,0.5224416517055656
asap/Chopin_Scherzos_31_ZhangW04M/track.npy,asap,0.01639344262295082,0.3152454780361757,0.010785159620362382,0.016817593790426907,0.4197189570770113,0.45992953419301047,0.45946811919256647,0.5013477088948787
asap/Chopin_Sonata_2_4th_KaszoS16M/track.npy,asap,0.5202702702702703,0.2692307692307692,0.006825938566552901,0.2692307692307692,0.4456384027519698,0.32254442376326187,0.5079365079365079,0.35761589403973504
asap/Haydn_Keyboard_Sonatas_50-1_no_repeat_GalantM02M/track.npy,asap,0.9404958677685951,0.864406779661017,0.9404958677685951,0.04609929078014184,0.9334447074131031,0.7482735188382337,0.9749163879598662,0.6651162790697676
asap/Haydn_Keyboard_Sonatas_50-1_no_repeat_HamSY02M/track.npy,asap,0.7310664605873262,0.6779661016949152,0.7310664605873262,0.11355311355311355,0.8438617604967769,0.6945445520736274,0.8788368336025849,0.6460807600950119
asap/Haydn_Keyboard_Sonatas_50-1_no_repeat_Huang05M/track.npy,asap,0.8213716108452951,0.5631399317406144,0.8213716108452951,0.13043478260869565,0.8745243750639274,0.6461159779657017,0.9104354971240757,0.595
asap/Haydn_Keyboard_Sonatas_50-1_no_repeat_JeonH03M/track.npy,asap,0.45660377358490567,0.7709677419354839,0.45660377358490567,0.0064516129032258064,0.7583617409358783,0.6516466300141486,0.8023088023088023,0.5720524017467249
asap/Haydn_Keyboard_Sonatas_50-1_no_repeat_KARYAG06M/track.npy,asap,0.8034321372854915,0.7474402730375427,0.8034321372854915,0.08550185873605948,0.8967276556610646,0.733305981235357,0.934092758340114,0.6682692307692308
asap/Haydn_Keyboard_Sonatas_50-1_no_repeat_Shi07M/track.npy,asap,0.55420054200542,0.7661016949152543,0.55420054200542,0.04513888888888889,0.8004939931446139,0.6713326943551645,0.8337095560571858,0.6009174311926605
asap/Haydn_Keyboard_Sonatas_50-1_no_repeat_YoungS02M/track.npy,asap,0.4585987261146497,0.8166666666666667,0.4585987261146497,0.006666666666666667,0.7774304291250901,0.6778640875921822,0.8066860465116279,0.5848214285714286
asap/Liszt_Gran_Etudes_de_Paganini_6_Theme_and_Variations_WangA07M/track.npy,asap,0.6008064516129032,0.6325581395348837,0.6008064516129032,0.6325581395348837,0.7583238774009694,0.6971697017606847,0.8069039913700108,0.7548076923076923
asap/Schubert_Piano_Sonatas_894-2_Yeletskiy08M/track.npy,asap,0.48080133555926546,0.5898617511520737,0.48080133555926546,0.5898617511520737,0.6573392564306304,0.655941533873857,0.74235807860262,0.7577937649880097
asap/Schubert_Piano_Sonatas_894-2_no_repeat_CHEN11M/track.npy,asap,0.6385767790262172,0.5879396984924623,0.6385767790262172,0.5879396984924623,0.7744474791117014,0.7721944126258815,0.8234146341463415,0.8222811671087533
asap/Schubert_Piano_Sonatas_894-2_no_repeat_Lee10M/track.npy,asap,0.7565543071161048,0.6507936507936508,0.7565543071161048,0.6507936507936508,0.8542178171457822,0.7835120196031237,0.8875968992248062,0.8228882833787466
asap/Schubert_Piano_Sonatas_894-2_no_repeat_SINKEV12M/track.npy,asap,0.602996254681648,0.616504854368932,0.602996254681648,0.616504854368932,0.7125287163086085,0.66654530553612,0.7865612648221344,0.7656250000000001
asap/Scriabin_Etudes_op_8_11_Shi08M/track.npy,asap,0.4,0.10256410256410256,0.4,0.10256410256410256,0.6931617803298354,0.4481988575976376,0.7394957983193279,0.47328244274809156
ballroom/ballroom_Albums-AnaBelen_Veneo-01/track.npy,ballroom,1.0,1.0,1.0,1.0,0.9699038221476879,0.9781609823177609,1.0,1.0
ballroom/ballroom_Albums-Ballroom_Classics4-01/track.npy,ballroom,1.0,1.0,1.0,1.0,0.42467037008807146,0.6354819339303828,0.6388888888888888,1.0
ballroom/ballroom_Albums-Ballroom_Classics4-11/track.npy,ballroom,0.9863013698630136,1.0,0.9863013698630136,1.0,0.9561576389561001,0.9740255533080268,0.993103448275862,1.0
ballroom/ballroom_Albums-Ballroom_Classics4-19/track.npy,ballroom,1.0,1.0,1.0,1.0,0.9298131741515488,0.9315909474849825,1.0,1.0
ballroom/ballroom_Albums-Ballroom_Magic-08/track.npy,ballroom,1.0,1.0,1.0,1.0,0.9740182524321036,0.972014057879192,1.0,1.0
ballroom/ballroom_Albums-Ballroom_Magic-10/track.npy,ballroom,0.9733333333333334,1.0,0.9733333333333334,1.0,0.9599901640864956,0.9731146903659165,0.9932885906040269,1.0
ballroom/ballroom_Albums-Cafe_Paradiso-12/track.npy,ballroom,0.9523809523809523,0.9090909090909091,0.9523809523809523,0.9090909090909091,0.9345031170934667,0.9246914945759401,0.975609756097561,0.9523809523809523
ballroom/ballroom_Albums-Chrisanne3-05/track.npy,ballroom,0.8035714285714286,0.9285714285714286,0.8035714285714286,0.9285714285714286,0.7901559170667838,0.8351151335445023,0.8468468468468467,0.888888888888889
ballroom/ballroom_Albums-Chrisanne3-15/track.npy,ballroom,0.9186046511627907,1.0,0.9186046511627907,1.0,0.9012484858039601,0.8596628270678995,0.9704142011834319,0.9523809523809523
ballroom/ballroom_Albums-Fire-14/track.npy,ballroom,0.9811320754716981,0.9285714285714286,0.9811320754716981,0.9285714285714286,0.9740355735193081,0.94371989760489,0.9904761904761905,0.962962962962963
ballroom/ballroom_Albums-Fire-15/track.npy,ballroom,1.0,1.0,1.0,1.0,0.9751716405977923,0.9882500590567294,1.0,1.0
ballroom/ballroom_Albums-GloriaEstefan_MiTierra-01/track.npy,ballroom,1.0,1.0,1.0,1.0,0.9568855555166996,0.9417361472034348,1.0,1.0
ballroom/ballroom_Albums-Latin_Jam-02/track.npy,ballroom,1.0,1.0,1.0,1.0,0.9884960008310316,0.9881769054098635,1.0,1.0
ballroom/ballroom_Albums-Latin_Jam4-11/track.npy,ballroom,0.9814814814814815,1.0,0.9814814814814815,1.0,0.9675297928333724,0.9695499716879058,0.9906542056074767,1.0
ballroom/ballroom_Albums-Latin_Jam5-02/track.npy,ballroom,1.0,1.0,1.0,1.0,0.9762322576860415,0.964949028613222,1.0,1.0
ballroom/ballroom_Albums-Latin_Jam5-03/track.npy,ballroom,1.0,1.0,1.0,1.0,0.9290523886138473,0.9584954670347501,1.0,1.0
ballroom/ballroom_Albums-Latin_Jam5-04/track.npy,ballroom,1.0,1.0,1.0,1.0,0.9567853292707404,0.954632699206188,1.0,1.0
ballroom/ballroom_Albums-Latin_Jam5-10/track.npy,ballroom,1.0,1.0,1.0,1.0,0.9651462064808163,0.953032941006471,1.0,1.0
ballroom/ballroom_Albums-Latino_Latino-01/track.npy,ballroom,1.0,1.0,1.0,1.0,0.9752659357393518,0.9867312612138492,1.0,1.0
ballroom/ballroom_Albums-Macumba-08/track.npy,ballroom,1.0,1.0,1.0,1.0,0.9800355340520042,0.9856810024764993,1.0,1.0
ballroom/ballroom_Albums-Macumba-09/track.npy,ballroom,1.0,1.0,1.0,1.0,0.9840847486478033,0.9801502091926958,1.0,1.0
ballroom/ballroom_Albums-Macumba-15/track.npy,ballroom,1.0,1.0,1.0,1.0,0.967751188967392,0.9648597213037134,1.0,1.0
ballroom/ballroom_Albums-Pais_Tropical-05/track.npy,ballroom,1.0,1.0,1.0,1.0,0.9852121563711833,0.9814733945954041,1.0,1.0
ballroom/ballroom_Albums-Pais_Tropical-09/track.npy,ballroom,1.0,1.0,1.0,1.0,0.9857182073272776,0.9792679515603535,1.0,1.0
ballroom/ballroom_Albums-Secret_Garden-01/track.npy,ballroom,0.8157894736842105,0.75,0.8157894736842105,0.75,0.6702863638282043,0.675311816133475,0.7887323943661972,0.7826086956521738
ballroom/ballroom_Albums-StrictlyDancing_Tango-02/track.npy,ballroom,1.0,1.0,1.0,1.0,0.9716160024850004,0.9784860961777678,1.0,1.0
ballroom/ballroom_Albums-StrictlyDancing_Tango-13/track.npy,ballroom,1.0,1.0,1.0,1.0,0.9830973001194547,0.9718848198718869,1.0,1.0
ballroom/ballroom_Media-103314/track.npy,ballroom,1.0,1.0,1.0,1.0,0.978574087790981,0.9764850355337138,1.0,1.0
ballroom/ballroom_Media-103413/track.npy,ballroom,0.9807692307692307,1.0,0.9807692307692307,1.0,0.9696894008122035,0.9814556921574302,0.9902912621359222,1.0
ballroom/ballroom_Media-103503/track.npy,ballroom,1.0,1.0,1.0,1.0,0.9833465707766155,0.9907480482244704,1.0,1.0
ballroom/ballroom_Media-103510/track.npy,ballroom,0.9811320754716981,1.0,0.9811320754716981,1.0,0.9630826235894556,0.98557756186936,0.9904761904761905,1.0
ballroom/ballroom_Media-103607/track.npy,ballroom,0.9772727272727273,1.0,0.9772727272727273,1.0,0.9308578894325489,0.9426431507771892,0.9885057471264368,1.0
ballroom/ballroom_Media-103612/track.npy,ballroom,1.0,1.0,1.0,1.0,0.9305028831284824,0.9130257902111253,1.0,1.0
ballroom/ballroom_Media-103616/track.npy,ballroom,0.9166666666666666,0.8888888888888888,0.9166666666666666,0.8888888888888888,0.7893601791657462,0.7482223836795662,0.9565217391304348,0.9411764705882353
ballroom/ballroom_Media-103617/track.npy,ballroom,1.0,1.0,1.0,1.0,0.9827473599842717,0.9853619110505204,1.0,1.0
ballroom/ballroom_Media-103619/track.npy,ballroom,1.0,0.6111111111111112,1.0,0.6111111111111112,0.9333736805508664,0.838255510989743,1.0,0.8750000000000001
ballroom/ballroom_Media-103702/track.npy,ballroom,1.0,1.0,1.0,1.0,0.9753038164903766,0.9841572688447163,1.0,1.0
ballroom/ballroom_Media-103708/track.npy,ballroom,1.0,1.0,1.0,1.0,0.9609483900380152,0.9868969191846038,1.0,1.0
ballroom/ballroom_Media-103803/track.npy,ballroom,0.9807692307692307,1.0,0.9807692307692307,1.0,0.9646617364891944,0.9478290247753942,0.9902912621359222,1.0
ballroom/ballroom_Media-103812/track.npy,ballroom,0.9761904761904762,0.9090909090909091,0.9761904761904762,0.9090909090909091,0.9736401403778483,0.9456809137005012,0.9879518072289156,0.9523809523809523
ballroom/ballroom_Media-103813/track.npy,ballroom,0.9863013698630136,0.9473684210526315,0.9863013698630136,0.9473684210526315,0.9683942779113897,0.9435631612576704,0.993103448275862,0.972972972972973
ballroom/ballroom_Media-104003/track.npy,ballroom,1.0,1.0,1.0,1.0,0.9668604284345645,0.9644801294545632,1.0,1.0
ballroom/ballroom_Media-104005/track.npy,ballroom,0.975609756097561,0.9090909090909091,0.975609756097561,0.9090909090909091,0.9064152681519984,0.8576223083314279,0.9876543209876543,0.9523809523809523
ballroom/ballroom_Media-104006/track.npy,ballroom,1.0,1.0,1.0,1.0,0.9431265170959277,0.9854284380906269,1.0,1.0
ballroom/ballroom_Media-104009/track.npy,ballroom,0.9791666666666666,1.0,0.9791666666666666,1.0,0.9310045555978669,0.9425763544612541,0.9791666666666666,1.0
ballroom/ballroom_Media-104106/track.npy,ballroom,1.0,1.0,1.0,1.0,0.9728701529049635,0.9793426126897095,1.0,1.0
ballroom/ballroom_Media-104201/track.npy,ballroom,0.972972972972973,1.0,0.972972972972973,1.0,0.9252521911538201,0.9721396372203647,0.9863013698630138,1.0
ballroom/ballroom_Media-104202/track.npy,ballroom,0.972972972972973,1.0,0.972972972972973,1.0,0.8619774163055278,0.8755805050456051,0.9863013698630138,1.0
ballroom/ballroom_Media-104212/track.npy,ballroom,0.9868421052631579,0.9615384615384616,0.9868421052631579,0.9615384615384616,0.9624171303776707,0.9473514107951517,0.9933774834437086,0.9803921568627451
ballroom/ballroom_Media-104219/track.npy,ballroom,0.9883720930232558,0.9545454545454546,0.9883720930232558,0.9545454545454546,0.9569300639765375,0.9583854405840679,0.9941520467836257,0.9767441860465117
ballroom/ballroom_Media-104305/track.npy,ballroom,0.9814814814814815,0.9285714285714286,0.9814814814814815,0.9285714285714286,0.9604808833273848,0.9351708299198657,0.9906542056074767,0.962962962962963
ballroom/ballroom_Media-104314/track.npy,ballroom,0.9886363636363636,0.9545454545454546,0.9886363636363636,0.9545454545454546,0.9441854963916865,0.9240207736379963,0.9942857142857142,0.9767441860465117
ballroom/ballroom_Media-104315/track.npy,ballroom,0.9659090909090909,0.47619047619047616,0.9659090909090909,0.42857142857142855,0.8358639747316475,0.46613971583039093,0.9942857142857142,0.42857142857142855
ballroom/ballroom_Media-104407/track.npy,ballroom,0.987012987012987,1.0,0.987012987012987,1.0,0.9648128504236152,0.9660320070736741,0.9934640522875817,1.0
ballroom/ballroom_Media-104501/track.npy,ballroom,1.0,1.0,1.0,1.0,0.8391876303114747,0.8850479308209062,1.0,1.0
ballroom/ballroom_Media-104505/track.npy,ballroom,0.9814814814814815,0.9285714285714286,0.9814814814814815,0.9285714285714286,0.9442326456684319,0.9187558439506139,0.9906542056074767,0.962962962962963
ballroom/ballroom_Media-104515/track.npy,ballroom,0.9772727272727273,0.9545454545454546,0.9772727272727273,0.9545454545454546,0.9601319188212328,0.9394235228080688,0.9885057471264368,0.9767441860465117
ballroom/ballroom_Media-104603/track.npy,ballroom,0.972972972972973,1.0,0.972972972972973,1.0,0.8567438408529956,0.918415411846193,0.9863013698630138,1.0
ballroom/ballroom_Media-104605/track.npy,ballroom,0.9818181818181818,1.0,0.9818181818181818,1.0,0.9224054431174185,0.9170256735600232,0.9908256880733944,1.0
ballroom/ballroom_Media-104702/track.npy,ballroom,1.0,1.0,1.0,1.0,0.8732069684561318,0.9058431255441765,1.0,1.0
ballroom/ballroom_Media-104809/track.npy,ballroom,0.9868421052631579,0.9615384615384616,0.9868421052631579,0.9615384615384616,0.8944480823751911,0.8779285095747915,0.9933774834437086,0.9803921568627451
ballroom/ballroom_Media-104902/track.npy,ballroom,0.9722222222222222,1.0,0.9722222222222222,1.0,0.8121970833804173,0.8472596988396907,0.9722222222222222,1.0
ballroom/ballroom_Media-105008/track.npy,ballroom,1.0,1.0,1.0,1.0,0.9460862287837788,0.935236243834297,1.0,1.0
ballroom/ballroom_Media-105009/track.npy,ballroom,1.0,1.0,1.0,1.0,0.9555838150854192,0.9734237274061842,1.0,1.0
ballroom/ballroom_Media-105016/track.npy,ballroom,0.9882352941176471,0.9545454545454546,0.9882352941176471,0.9545454545454546,0.9669275748875223,0.9436347185953969,0.9940828402366864,0.9767441860465117
ballroom/ballroom_Media-105017/track.npy,ballroom,0.9655172413793104,1.0,0.9655172413793104,1.0,0.9005899003084441,0.9230097768004759,0.9883720930232558,1.0
ballroom/ballroom_Media-105020/track.npy,ballroom,0.9425287356321839,1.0,0.9425287356321839,1.0,0.9240273730162788,0.9310402630789647,0.9826589595375722,0.9523809523809523
ballroom/ballroom_Media-105102/track.npy,ballroom,1.0,1.0,1.0,1.0,0.8565327131603937,0.8706980321780352,1.0,1.0
ballroom/ballroom_Media-105109/track.npy,ballroom,1.0,1.0,1.0,1.0,0.9569623700440962,0.9548310587207818,1.0,1.0
ballroom/ballroom_Media-105212/track.npy,ballroom,1.0,1.0,1.0,1.0,0.8350206535018362,0.8204173603013005,1.0,1.0
ballroom/ballroom_Media-105214/track.npy,ballroom,0.9393939393939394,1.0,0.9393939393939394,1.0,0.7957791268457649,0.8437749728034958,0.9393939393939394,1.0
ballroom/ballroom_Media-105302/track.npy,ballroom,0.2826086956521739,0.5714285714285714,0.2826086956521739,0.5714285714285714,0.2211608873655099,0.2664343619594974,0.271604938271605,0.4
ballroom/ballroom_Media-105403/track.npy,ballroom,1.0,1.0,1.0,1.0,0.9566627915945576,0.9646030137955109,1.0,1.0
ballroom/ballroom_Media-105405/track.npy,ballroom,1.0,1.0,1.0,1.0,0.9807016066139366,0.9803704100408894,1.0,1.0
ballroom/ballroom_Media-105409/track.npy,ballroom,1.0,1.0,1.0,1.0,0.9605576678286124,0.9618360659422143,1.0,1.0
ballroom/ballroom_Media-105417/track.npy,ballroom,0.9791666666666666,0.9166666666666666,0.9791666666666666,0.9166666666666666,0.9699826699620687,0.9199687833258495,0.9894736842105264,0.9565217391304348
ballroom/ballroom_Media-105420/track.npy,ballroom,0.9811320754716981,0.9285714285714286,0.9811320754716981,0.9285714285714286,0.937286514925952,0.9073698687128847,0.9904761904761905,0.962962962962963
ballroom/ballroom_Media-105803/track.npy,ballroom,1.0,1.0,1.0,1.0,0.7866318544187298,0.8309664462715826,1.0,1.0
ballroom/ballroom_Media-105804/track.npy,ballroom,1.0,1.0,1.0,1.0,0.9336069515851643,0.9611353660292723,1.0,1.0
ballroom/ballroom_Media-105809/track.npy,ballroom,1.0,1.0,1.0,1.0,0.9445249393789562,0.9609264130285868,1.0,1.0
ballroom/ballroom_Media-105812/track.npy,ballroom,0.958904109589041,0.96,0.958904109589041,0.96,0.7840321372828684,0.7857102117038621,0.9655172413793104,0.9795918367346939
ballroom/ballroom_Media-105907/track.npy,ballroom,1.0,1.0,1.0,1.0,0.8584915892470283,0.8317081009916808,1.0,1.0
ballroom/ballroom_Media-106001/track.npy,ballroom,0.9767441860465116,0.5,0.9767441860465116,0.36363636363636365,0.960897881117877,0.5102110067727181,0.988235294117647,0.380952380952381
ballroom/ballroom_Media-106016/track.npy,ballroom,0.9866666666666667,1.0,0.9866666666666667,1.0,0.9709724567402773,0.9729880799776959,0.9932885906040269,1.0
ballroom/ballroom_Media-106108/track.npy,ballroom,0.9545454545454546,1.0,0.9545454545454546,1.0,0.9269916233930401,0.9638826156331494,0.9767441860465117,1.0
beatles/beatles_01_Please_Please_Me_06_Ask_Me_Why/track.npy,beatles,0.9770491803278688,0.96,0.9770491803278688,0.96,0.9336961204543676,0.9336237210281609,0.990066225165563,0.9866666666666668
beatles/beatles_01_Please_Please_Me_12_A_Taste_Of_Honey/track.npy,beatles,0.8781725888324873,0.85,0.8781725888324873,0.85,0.8371101739594343,0.8668859438743121,0.8992248062015503,0.9230769230769231
beatles/beatles_02_With_the_Beatles_01_It_Wont_Be_Long/track.npy,beatles,0.9520295202952029,0.9558823529411765,0.9520295202952029,0.9558823529411765,0.936210007908218,0.9405016894112712,0.960747663551402,0.9701492537313432
beatles/beatles_02_With_the_Beatles_02_All_Ive_Got_To_Do/track.npy,beatles,0.9956521739130435,0.9827586206896551,0.9956521739130435,0.9827586206896551,0.9687385789086194,0.9593594011273205,0.9978213507625272,0.9913043478260869
beatles/beatles_03_A_Hard_Days_Night_13_Ill_Be_Back/track.npy,beatles,0.9891696750902527,0.9014084507042254,0.9891696750902527,0.9014084507042254,0.9544726699458844,0.9182057794332934,0.9945750452079566,0.9571428571428571
beatles/beatles_04_Beatles_for_Sale_04_Rock_and_Roll_Music/track.npy,beatles,0.9975,1.0,0.9975,1.0,0.6973997956515959,0.6906433189430524,0.9987484355444306,1.0
beatles/beatles_04_Beatles_for_Sale_09_Words_of_Love/track.npy,beatles,0.5904761904761905,0.7948717948717948,0.5904761904761905,0.7948717948717948,0.44161340332922433,0.4450597114645394,0.7864768683274022,0.8142857142857143
beatles/beatles_05_Help_01_Help/track.npy,beatles,0.9854368932038835,0.8888888888888888,0.9854368932038835,0.8888888888888888,0.851878248086929,0.8027728244926771,0.9926650366748166,0.9622641509433962
beatles/beatles_05_Help_14_Dizzy_Miss_Lizzy/track.npy,beatles,0.9893333333333333,0.9468085106382979,0.9893333333333333,0.9468085106382979,0.760161940805592,0.7522658849063667,0.9919786096256684,0.9732620320855615
beatles/beatles_06_Rubber_Soul_03_You_Wont_See_Me/track.npy,beatles,0.9838274932614556,0.967741935483871,0.9838274932614556,0.967741935483871,0.9168729216244107,0.9019981130576962,0.9905277401894452,0.9837837837837837
beatles/beatles_06_Rubber_Soul_04_Nowhere_Man/track.npy,beatles,0.9837662337662337,1.0,0.9837662337662337,1.0,0.9461656066405894,0.9403788941449835,0.9837662337662337,0.987012987012987
beatles/beatles_07_Revolver_09_And_Your_Bird_Can_Sing/track.npy,beatles,0.9798387096774194,0.9838709677419355,0.9798387096774194,0.9838709677419355,0.8646814822304612,0.8679862949699297,0.9898167006109979,0.991869918699187
beatles/beatles_08_Sgt_Peppers_Lonely_Hearts_Club_Band_05_Fixing_A_Hole/track.npy,beatles,0.985663082437276,0.9857142857142858,0.985663082437276,0.9857142857142858,0.9023729679451543,0.8636827226176352,0.9927797833935018,0.9857142857142858
beatles/beatles_08_Sgt_Peppers_Lonely_Hearts_Club_Band_11_Good_Morning_Good_Morning/track.npy,beatles,0.883495145631068,0.4444444444444444,0.883495145631068,0.4444444444444444,0.8765732150969784,0.5726868128687594,0.9523809523809523,0.6143790849673203
beatles/beatles_09_Magical_Mystery_Tour_04_Blue_Jay_Way/track.npy,beatles,0.918918918918919,0.7142857142857143,0.918918918918919,0.7142857142857143,0.8511188696356302,0.6615479493507321,0.9333333333333333,0.736196319018405
beatles/beatles_10_CD1_The_Beatles_05_Wild_Honey_Pie/track.npy,beatles,0.9859154929577465,0.55,0.9859154929577465,0.55,0.7945856620135454,0.46639104340835974,0.971830985915493,0.6842105263157895
beatles/beatles_10_CD1_The_Beatles_10_Im_So_Tired/track.npy,beatles,0.9854014598540146,0.8055555555555556,0.9854014598540146,0.8055555555555556,0.880862629798942,0.7911383492459606,0.9926470588235294,0.9142857142857143
beatles/beatles_10_CD1_The_Beatles_13_Rocky_Raccoon/track.npy,beatles,0.7523809523809524,0.5434782608695652,0.7523809523809524,0.5434782608695652,0.8535928201442358,0.7818972106032429,0.9285714285714286,0.85
beatles/beatles_10_CD2_The_Beatles_06_Helter_Skelter/track.npy,beatles,0.938375350140056,0.8588235294117647,0.938375350140056,0.8588235294117647,0.8484313576517749,0.8010131442553656,0.9553956834532374,0.9047619047619048
beatles/beatles_11_Abbey_Road_10_Sun_King/track.npy,beatles,0.9887640449438202,0.9777777777777777,0.9887640449438202,0.9777777777777777,0.9315603816121008,0.9411523195452288,0.9802816901408451,0.9887640449438202
beatles/beatles_11_Abbey_Road_13_She_Came_In_Through_The_Bathroom_Window/track.npy,beatles,0.9798657718120806,0.972972972972973,0.9798657718120806,0.972972972972973,0.9534026989223745,0.9564698397397753,0.9898305084745762,0.9863013698630138
beatles/beatles_12_Let_It_Be_02_Dig_a_Pony/track.npy,beatles,0.9579439252336449,0.8661971830985915,0.9579439252336449,0.8661971830985915,0.8156294532810314,0.7725588503696319,0.956419316843345,0.9169675090252708
beatles/beatles_12_Let_It_Be_09_One_After_909/track.npy,beatles,0.9874476987447699,0.9833333333333333,0.0,0.0,0.6940132263241695,0.6855152782539196,0.6638772663877266,0.6555555555555556
candombe/csic.1995_ansina2_02/track.npy,candombe,0.998546511627907,0.9942196531791907,0.998546511627907,0.9942196531791907,0.9769050313613302,0.9806871043233372,0.9992727272727273,0.9971014492753623
candombe/proyecto.1992_gimenez_06/track.npy,candombe,0.9952380952380953,1.0,0.9952380952380953,1.0,0.9269240690908085,0.9505541099340586,0.9976133651551313,1.0
candombe/zavala.muniz.2014_42/track.npy,candombe,1.0,1.0,1.0,1.0,0.9668832288101801,0.9651442244997962,1.0,1.0
candombe/zavala.muniz.2014_46/track.npy,candombe,1.0,1.0,1.0,1.0,0.9720106445310588,0.9719329247060334,1.0,1.0
filosax/filosax_11/track.npy,filosax,0.8335644937586685,0.9132947976878613,0.8335644937586685,0.9132947976878613,0.847418368477433,0.8694713877785276,0.9160086145010768,0.9501466275659823
filosax/filosax_19/track.npy,filosax,0.9926578560939795,0.9970674486803519,0.9926578560939795,0.9970674486803519,0.9251253073656132,0.9134782139563608,0.9985294117647059,0.9985315712187959
filosax/filosax_23/track.npy,filosax,0.9954254345837146,0.9927272727272727,0.9954254345837146,0.9927272727272727,0.9520580553048409,0.9395127763434277,0.998166819431714,0.9963503649635036
filosax/filosax_24/track.npy,filosax,0.9896907216494846,0.976027397260274,0.9896907216494846,0.976027397260274,0.8767920338308474,0.8431783564325264,0.9957044673539519,0.9777015437392796
filosax/filosax_42/track.npy,filosax,0.9941944847605225,0.953757225433526,0.9941944847605225,0.953757225433526,0.874646927156006,0.8371536218712857,0.9970887918486171,0.9681159420289854
filosax/filosax_48/track.npy,filosax,0.9879903923138511,0.9904153354632588,0.9879903923138511,0.9904153354632588,0.9463341912649406,0.9372231455617757,0.9951923076923077,0.9952
groove_midi/drummer10_session1_1_jazz-swing_124_beat_4-4/track.npy,groove_midi,0.9756838905775076,0.8292682926829268,0.9756838905775076,0.8292682926829268,0.8376393582194506,0.7166047769373867,0.9876923076923076,0.8588957055214724
groove_midi/drummer1_eval_session_10_soul-groove10_102_beat_4-4/track.npy,groove_midi,1.0,1.0,1.0,1.0,0.9008957650484354,0.8951714837769853,1.0,1.0
groove_midi/drummer1_eval_session_6_hiphop-groove6_87_beat_4-4/track.npy,groove_midi,1.0,1.0,1.0,1.0,0.9305711229777468,0.914138734627051,1.0,1.0
groove_midi/drummer1_session1_3_funk_80_beat_4-4/track.npy,groove_midi,0.4608294930875576,0.7045454545454546,0.4608294930875576,0.7045454545454546,0.6047881232865776,0.5662389305229484,0.8342245989304813,0.7951807228915662
groove_midi/drummer1_session1_51_rock-shuffle_125_beat_4-4/track.npy,groove_midi,0.9661971830985916,0.9418604651162791,0.9661971830985916,0.9418604651162791,0.9231371568669827,0.8996092962488849,0.9828571428571428,0.9707602339181286
groove_midi/drummer1_session1_75_jazz_125_beat_4-4/track.npy,groove_midi,0.559322033898305,0.41935483870967744,0.559322033898305,0.41935483870967744,0.587195164917928,0.4036763415610573,0.7169811320754716,0.45901639344262296
groove_midi/drummer1_session1_82_neworleans-funk_84_beat_4-4/track.npy,groove_midi,0.9791666666666666,0.7884615384615384,0.9791666666666666,0.7884615384615384,0.8978694361768875,0.8361968338987544,0.9921259842519685,0.9199999999999999
groove_midi/drummer1_session2_111_rock-prog_110_beat_5-4/track.npy,groove_midi,0.28688524590163933,0.5555555555555556,0.28688524590163933,0.02564102564102564,0.4974514613450356,0.5823722237071665,0.5616883116883117,0.5625
groove_midi/drummer1_session2_112_afrocuban-bembe_122_beat_4-4/track.npy,groove_midi,0.8578199052132701,0.6893203883495146,0.8578199052132701,0.6893203883495146,0.8235431485519549,0.6995820288920164,0.9014423076923077,0.7586206896551724
groove_midi/drummer1_session2_3_latin-chacarera_118_beat_4-4/track.npy,groove_midi,0.44711538461538464,0.34782608695652173,0.44711538461538464,0.34782608695652173,0.5901436315914483,0.377182361837565,0.6412213740458016,0.4235294117647059
groove_midi/drummer1_session2_5_jazz_200_beat_3-4/track.npy,groove_midi,0.6746031746031746,0.527027027027027,0.6746031746031746,0.11904761904761904,0.875408001602098,0.6675442173280188,0.90961262553802,0.62
groove_midi/drummer1_session3_1_rock-prog_125_beat_4-4/track.npy,groove_midi,0.9868421052631579,0.9867549668874173,0.9868421052631579,0.9867549668874173,0.9008679723839971,0.900572946817843,0.9933774834437086,0.9966777408637874
groove_midi/drummer3_session1_13_rock_120_beat_4-4/track.npy,groove_midi,1.0,1.0,1.0,1.0,0.9252342796621554,0.9386281159160704,1.0,1.0
groove_midi/drummer3_session2_10_rock_100_beat_4-4/track.npy,groove_midi,0.9310344827586207,0.75,0.9310344827586207,0.75,0.8226969335112256,0.7193044820868572,0.9642857142857143,0.8571428571428571
groove_midi/drummer5_eval_session_5_funk-groove5_84_beat_4-4/track.npy,groove_midi,0.9824561403508771,0.6666666666666666,0.9824561403508771,0.6666666666666666,0.8921496120089815,0.7458446131685469,0.9911504424778761,0.8275862068965518
groove_midi/drummer5_session1_12_latin-brazilian-sambareggae_96_beat_4-4/track.npy,groove_midi,1.0,1.0,1.0,1.0,0.9603946911739006,0.9625191667340194,1.0,1.0
groove_midi/drummer5_session1_15_funk_100_beat_4-4/track.npy,groove_midi,0.9938900203665988,0.943089430894309,0.9938900203665988,0.943089430894309,0.9353965162946033,0.9165308556923148,0.9969356486210419,0.9795918367346939
groove_midi/drummer5_session2_13_rock_140_beat_4-4/track.npy,groove_midi,0.975609756097561,0.967741935483871,0.975609756097561,0.967741935483871,0.9291852534240602,0.9356845806494437,0.9876543209876543,0.9836065573770492
groove_midi/drummer5_session2_18_latin-brazilian-samba_93_beat_4-4/track.npy,groove_midi,0.987012987012987,0.95,0.987012987012987,0.95,0.8261019708661305,0.8052586243055021,0.9934640522875817,0.9743589743589743
groove_midi/drummer5_session2_19_latin-brazilian-ijexa_108_beat_4-4/track.npy,groove_midi,0.9936708860759493,1.0,0.0,1.0,0.4144452123526852,2.6363723088575948e-11,0.0,0.0
groove_midi/drummer6_session3_6_rock_88_beat_4-4/track.npy,groove_midi,0.9958677685950413,1.0,0.9958677685950413,1.0,0.8520634105689624,0.8484176938074941,0.9979296066252588,1.0
groove_midi/drummer7_eval_session_9_soul-groove9_105_beat_4-4/track.npy,groove_midi,0.9821428571428571,0.9285714285714286,0.9821428571428571,0.9285714285714286,0.9586391110629994,0.9310729195504849,0.9909909909909909,0.962962962962963
groove_midi/drummer7_session1_13_funk_102_beat_4-4/track.npy,groove_midi,0.9685534591194969,0.8947368421052632,0.9685534591194969,0.0,0.7991361160679534,0.3939724452194138,0.9872611464968153,0.02631578947368421
groove_midi/drummer7_session1_15_jazz_112_beat_4-4/track.npy,groove_midi,0.9685534591194969,0.8048780487804879,0.9685534591194969,0.8048780487804879,0.8806623451286646,0.777337353474913,0.9840255591054313,0.860759493670886
groove_midi/drummer7_session1_22_hiphop_100_beat_4-4/track.npy,groove_midi,1.0,1.0,1.0,1.0,0.951271225767281,0.9449411607528283,1.0,1.0
groove_midi/drummer7_session1_8_rock_93_beat_4-4/track.npy,groove_midi,0.9920948616600791,0.984375,0.9920948616600791,0.984375,0.8149639272409497,0.8132523558317739,0.9782178217821782,0.9921259842519685
groove_midi/drummer7_session1_9_rock_93_beat_4-4/track.npy,groove_midi,0.9865771812080537,0.972972972972973,0.9865771812080537,0.0,0.8331560212651318,0.41364243790234223,0.9864864864864865,0.0
groove_midi/drummer7_session2_37_rock_112_beat_4-4/track.npy,groove_midi,0.9959677419354839,0.796875,0.9959677419354839,0.796875,0.8817479156546234,0.7974572311243133,0.997979797979798,0.9047619047619047
groove_midi/drummer7_session2_64_rock_145_beat_4-4/track.npy,groove_midi,0.989010989010989,1.0,0.989010989010989,1.0,0.9222773538093801,0.9279676595217684,0.994475138121547,1.0
groove_midi/drummer7_session2_97_pop_142_beat_4-4/track.npy,groove_midi,0.6923076923076923,0.7647058823529411,0.1791044776119403,0.7647058823529411,0.7696644903604735,0.8892872561563057,0.7358490566037735,0.9375
groove_midi/drummer7_session3_11_pop-soft_83_beat_4-4/track.npy,groove_midi,0.9946236559139785,0.8,0.9946236559139785,0.06521739130434782,0.8081961385144614,0.3946247621414768,0.9973045822102425,0.11111111111111112
groove_midi/drummer7_session3_120_rock_93_beat_4-4/track.npy,groove_midi,0.9027777777777778,0.9210526315789473,0.9027777777777778,0.9210526315789473,0.8608684775364437,0.8597444068390904,0.9679715302491104,0.958904109589041
groove_midi/drummer7_session3_132_soul_105_beat_4-4/track.npy,groove_midi,0.9945652173913043,0.9782608695652174,0.9945652173913043,0.9782608695652174,0.8214873216890138,0.8201216140606774,0.9972752043596731,0.989010989010989
groove_midi/drummer7_session3_133_soul_105_beat_4-4/track.npy,groove_midi,0.99,0.96,0.99,0.96,0.7815231200265496,0.7731151041739812,0.9949748743718593,0.9795918367346939
groove_midi/drummer7_session3_22_pop-soft_83_beat_4-4/track.npy,groove_midi,0.9838709677419355,0.4666666666666667,0.9838709677419355,0.4666666666666667,0.8280366538642617,0.4974881787615453,0.991869918699187,0.5714285714285715
groove_midi/drummer8_eval_session_5_funk-groove5_84_beat_4-4/track.npy,groove_midi,0.9827586206896551,0.9333333333333333,0.9827586206896551,0.9333333333333333,0.9226146797930678,0.9312618200480229,0.9913043478260869,0.9655172413793104
groove_midi/drummer8_session1_10_neworleans-funk_82_beat_4-4/track.npy,groove_midi,0.9950738916256158,1.0,0.9950738916256158,1.0,0.9311042813198959,0.9158157222971124,0.9975308641975309,1.0
groove_midi/drummer8_session1_15_hiphop_94_beat_4-4/track.npy,groove_midi,0.9858156028368794,0.9859154929577465,0.9858156028368794,0.9859154929577465,0.9367965505975743,0.9258255091335993,0.99288256227758,0.9929078014184397
groove_midi/drummer8_session1_23_hiphop_70_beat_4-4/track.npy,groove_midi,0.9908256880733946,1.0,0.9908256880733946,1.0,0.9163540431400287,0.9248338073675682,0.9954128440366973,1.0
groove_midi/drummer8_session1_24_funk-latin_100_beat_4-4/track.npy,groove_midi,0.9842271293375394,0.9512195121951219,0.9842271293375394,0.9512195121951219,0.9354088233200355,0.9138995490213885,0.9920508744038156,0.975
groove_midi/drummer9_session1_14_rock_120_beat_4-4/track.npy,groove_midi,0.995575221238938,0.9824561403508771,0.995575221238938,0.9824561403508771,0.9211538552917131,0.9144524009031035,0.995575221238938,0.9911504424778761
groove_midi/drummer9_session1_23_rock_120_beat_4-4/track.npy,groove_midi,0.9734513274336283,1.0,0.9734513274336283,1.0,0.898040902214576,0.9134387631780466,0.9821428571428571,1.0
guitarset/00_Funk2-108-Eb_comp_mix/track.npy,guitarset,0.875,1.0,0.875,1.0,0.8498291097609896,0.8474633062417293,0.918918918918919,0.9230769230769231
guitarset/00_Jazz1-200-B_comp_mix/track.npy,guitarset,1.0,1.0,1.0,1.0,0.9797787628189846,0.9796080555336578,1.0,1.0
guitarset/00_Jazz3-150-C_comp_mix/track.npy,guitarset,1.0,1.0,1.0,1.0,0.9398684987545024,0.9402586309084261,1.0,1.0
guitarset/00_Rock2-85-F_comp_mix/track.npy,guitarset,0.9824561403508771,0.9333333333333333,0.9824561403508771,0.9333333333333333,0.9488837348322561,0.9241089694659697,0.9911504424778761,0.9655172413793104
guitarset/01_Rock1-130-A_comp_mix/track.npy,guitarset,0.4318181818181818,0.8888888888888888,0.4318181818181818,0.8888888888888888,0.7499842931073313,0.8609009589817408,0.7654320987654323,0.8888888888888888
guitarset/01_Rock2-142-D_comp_mix/track.npy,guitarset,1.0,1.0,1.0,1.0,0.939766417379744,0.9460100353147344,1.0,1.0
guitarset/01_SS1-100-C#_comp_mix/track.npy,guitarset,1.0,1.0,1.0,1.0,0.9645624477898898,0.9662392269832042,1.0,1.0
guitarset/01_SS2-88-F_comp_mix/track.npy,guitarset,0.0375,0.16666666666666666,0.0,0.0,0.35746735115016104,9.408994731175517e-07,0.4117647058823529,0.0
guitarset/01_SS3-84-Bb_comp_mix/track.npy,guitarset,0.9827586206896551,0.9333333333333333,0.9827586206896551,0.9333333333333333,0.8625173857450055,0.8423840460390224,0.9913043478260869,0.9655172413793104
guitarset/01_SS3-98-C_comp_mix/track.npy,guitarset,0.9821428571428571,0.9285714285714286,0.9821428571428571,0.9285714285714286,0.9087594960868925,0.8714600560775879,0.9909909909909909,0.962962962962963
guitarset/02_BN2-166-Ab_comp_mix/track.npy,guitarset,1.0,1.0,1.0,1.0,0.8828868796154856,0.8766281652434565,1.0,1.0
guitarset/02_Jazz1-130-D_comp_mix/track.npy,guitarset,1.0,1.0,1.0,1.0,0.8371068826420882,0.8722155381759794,1.0,1.0
guitarset/02_SS3-84-Bb_comp_mix/track.npy,guitarset,0.9655172413793104,0.9333333333333333,0.9655172413793104,0.9333333333333333,0.798840090922961,0.8222227394112727,0.9739130434782608,0.9655172413793104
guitarset/03_Jazz3-150-C_comp_mix/track.npy,guitarset,0.9807692307692307,1.0,0.9807692307692307,1.0,0.9264171321616897,0.9301129451992179,0.9902912621359222,1.0
guitarset/04_Funk3-98-A_comp_mix/track.npy,guitarset,0.9821428571428571,0.9285714285714286,0.9821428571428571,0.9285714285714286,0.9419007864285517,0.9117370034997924,0.9909909909909909,0.962962962962963
guitarset/04_Jazz2-110-Bb_comp_mix/track.npy,guitarset,0.7741935483870968,0.8125,0.7741935483870968,0.8125,0.6868791664679186,0.7222521498505473,0.8620689655172414,0.896551724137931
guitarset/05_BN1-129-Eb_comp_mix/track.npy,guitarset,0.9736842105263158,1.0,0.9736842105263158,1.0,0.8661337992343029,0.8605562125304855,0.9866666666666666,1.0
guitarset/05_BN3-119-G_comp_mix/track.npy,guitarset,0.9818181818181818,0.9285714285714286,0.9818181818181818,0.9285714285714286,0.7154931507896976,0.6691374444200475,0.9908256880733944,0.962962962962963
guitarset/05_Funk3-112-C#_comp_mix/track.npy,guitarset,0.9642857142857143,0.9285714285714286,0.9642857142857143,0.9285714285714286,0.9473327418992633,0.9413260645850899,0.9818181818181818,0.962962962962963
guitarset/05_Jazz2-187-F#_comp_mix/track.npy,guitarset,0.9215686274509803,0.9230769230769231,0.9215686274509803,0.9230769230769231,0.805166264104016,0.8343934865053284,0.9696969696969697,0.9600000000000001
guitarset/05_SS1-100-C#_comp_mix/track.npy,guitarset,0.07407407407407407,1.0,0.02564102564102564,1.0,0.32189978487417004,0.9183526287649644,0.30303030303030304,1.0
guitarset/05_SS2-88-F_comp_mix/track.npy,guitarset,0.9824561403508771,0.9333333333333333,0.9824561403508771,0.9333333333333333,0.9261666737811636,0.896592479850898,0.9911504424778761,0.9655172413793104
hainsworth/hainsworth_006/track.npy,hainsworth,0.6422764227642277,0.5806451612903226,0.13392857142857142,0.5806451612903226,0.6555793988635715,0.6959886653093724,0.7011494252873562,0.8214285714285714
hainsworth/hainsworth_024/track.npy,hainsworth,0.8034188034188035,0.8275862068965517,0.008547008547008548,0.037037037037037035,0.7083611796690211,0.729687909532138,0.6206896551724138,0.6666666666666667
hainsworth/hainsworth_039/track.npy,hainsworth,1.0,1.0,1.0,1.0,0.9787969561371958,0.9700515408132296,1.0,1.0
hainsworth/hainsworth_047/track.npy,hainsworth,1.0,1.0,1.0,1.0,0.9798901811727377,0.9775603449684008,1.0,1.0
hainsworth/hainsworth_058/track.npy,hainsworth,0.9852941176470589,0.8235294117647058,0.9852941176470589,0.8235294117647058,0.8989058974572092,0.7532134946097723,0.9925925925925926,0.8235294117647058
hainsworth/hainsworth_069/track.npy,hainsworth,0.9868421052631579,0.95,0.9868421052631579,0.95,0.9673260280773994,0.9396637717144619,0.9933774834437086,0.9743589743589743
hainsworth/hainsworth_079/track.npy,hainsworth,0.9915254237288136,0.9032258064516129,0.9915254237288136,0.9032258064516129,0.9318572161635132,0.9074625308595511,0.9957446808510638,0.9666666666666666
hainsworth/hainsworth_099/track.npy,hainsworth,1.0,1.0,1.0,1.0,0.8389050562208171,0.8792545288934819,1.0,1.0
hainsworth/hainsworth_108/track.npy,hainsworth,1.0,1.0,1.0,1.0,0.9615864813648778,0.9702108318424322,1.0,1.0
hainsworth/hainsworth_110/track.npy,hainsworth,0.9918032786885246,1.0,0.9918032786885246,1.0,0.9684174659972041,0.9610413148600248,0.9958847736625513,1.0
hainsworth/hainsworth_124/track.npy,hainsworth,0.6967213114754098,0.40625,0.6967213114754098,0.40625,0.6236666612869769,0.4276891999346232,0.7945205479452057,0.5762711864406779
hainsworth/hainsworth_130/track.npy,hainsworth,0.7049180327868853,0.5,0.7049180327868853,0.5,0.5805393733080144,0.5258421391544423,0.7272727272727273,0.7272727272727272
hainsworth/hainsworth_144/track.npy,hainsworth,0.9,0.95,0.0,0.95,0.16263412647270134,5.0727564251380134e-05,0.0,0.0
hainsworth/hainsworth_151/track.npy,hainsworth,1.0,1.0,1.0,1.0,0.9807798475193223,0.9833803504413746,1.0,1.0
hainsworth/hainsworth_153/track.npy,hainsworth,1.0,1.0,1.0,1.0,0.9200562685680066,0.9091119678598059,1.0,1.0
hainsworth/hainsworth_156/track.npy,hainsworth,1.0,1.0,1.0,1.0,0.9504105964034509,0.9565361752393385,1.0,1.0
hainsworth/hainsworth_159/track.npy,hainsworth,1.0,1.0,1.0,1.0,0.98158245734829,0.9868486399361748,1.0,1.0
hainsworth/hainsworth_163/track.npy,hainsworth,1.0,1.0,1.0,1.0,0.9782220456106074,0.9793558192935213,1.0,1.0
hainsworth/hainsworth_177/track.npy,hainsworth,1.0,1.0,1.0,1.0,0.9735444611785411,0.9678396889810768,1.0,1.0
hainsworth/hainsworth_178/track.npy,hainsworth,0.6721311475409836,0.9285714285714286,0.6721311475409836,0.9285714285714286,0.8597488098371845,0.8923350127447708,0.9107142857142857,0.962962962962963
hainsworth/hainsworth_184/track.npy,hainsworth,1.0,1.0,1.0,1.0,0.9672807300826918,0.9606884916378391,1.0,1.0
hainsworth/hainsworth_197/track.npy,hainsworth,1.0,1.0,0.0,1.0,0.7960086916458691,0.9509183246152642,0.6666666666666666,1.0
hainsworth/hainsworth_210/track.npy,hainsworth,0.5984251968503937,0.5714285714285714,0.5984251968503937,0.5714285714285714,0.8177201306272952,0.7223672818047251,0.8820960698689957,0.7777777777777778
hainsworth/hainsworth_212/track.npy,hainsworth,1.0,1.0,1.0,1.0,0.9792273380277687,0.978089141516288,1.0,1.0
hainsworth/hainsworth_227/track.npy,hainsworth,0.8852459016393442,0.9,0.8852459016393442,0.9,0.9561017054181346,0.9505190510564197,0.9704641350210971,0.9655172413793104
hainsworth/hainsworth_231/track.npy,hainsworth,0.9910714285714286,1.0,0.9910714285714286,1.0,0.9770004028066919,0.9866793688426351,0.9955156950672646,1.0
hainsworth/hainsworth_243/track.npy,hainsworth,0.6486486486486487,0.45161290322580644,0.21311475409836064,0.1935483870967742,0.7184015155953586,0.41791952169047053,0.7551020408163265,0.32786885245901637
harmonix/0006_aint2proud2beg/track.npy,harmonix,0.9966777408637874,1.0,0.9966777408637874,1.0,0.9393724790826632,0.9391841418451634,0.9983361064891847,1.0
harmonix/0018_bassdownlow/track.npy,harmonix,1.0,1.0,1.0,1.0,0.8947479883243334,0.9012780693722027,1.0,1.0
harmonix/0037_breakyourheart/track.npy,harmonix,0.9956140350877193,1.0,0.9956140350877193,1.0,0.71947582801209,0.7283256825097757,0.9978021978021978,1.0
harmonix/0042_callme/track.npy,harmonix,0.9966329966329966,0.9866666666666667,0.9966329966329966,0.9866666666666667,0.9440435383651193,0.938337385419654,0.9983136593591906,0.9932885906040269
harmonix/0045_cantgetyououtofmyhead/track.npy,harmonix,1.0,1.0,1.0,1.0,0.8200017239858883,0.8083673484397019,1.0,1.0
harmonix/0050_clubcanthandleme/track.npy,harmonix,1.0,1.0,1.0,1.0,0.9355755261711829,0.9250369344734537,1.0,1.0
harmonix/0058_criticalacclaim/track.npy,harmonix,0.9619326500732065,0.7177914110429447,0.9619326500732065,0.7177914110429447,0.9452927944392367,0.7770419920813645,0.9859571322985957,0.802469135802469
harmonix/0075_dontcha/track.npy,harmonix,0.9924528301886792,0.9850746268656716,0.9924528301886792,0.9850746268656716,0.9452899899239859,0.9406900391646339,0.9962121212121212,0.9924812030075187
harmonix/0078_donttouchme/track.npy,harmonix,0.9949109414758269,0.98989898989899,0.9949109414758269,0.98989898989899,0.9660179017289583,0.9685665249928502,0.9961783439490446,0.9949238578680203
harmonix/0101_galang/track.npy,harmonix,1.0,0.6428571428571429,1.0,0.21428571428571427,0.9692460473367815,0.4814604787820274,1.0,0.2702702702702703
harmonix/0112_giveitup/track.npy,harmonix,0.9556313993174061,1.0,0.9556313993174061,1.0,0.5967873752810556,0.5997245293968493,0.9351535836177475,0.9594594594594594
harmonix/0115_gonnamakeyousweat/track.npy,harmonix,1.0,1.0,1.0,1.0,0.9671203516332885,0.9659745405436286,1.0,1.0
harmonix/0131_iamthebest/track.npy,harmonix,1.0,0.9605263157894737,1.0,0.9605263157894737,0.951232450235917,0.9248827144323376,1.0,0.9801324503311258
harmonix/0149_johnnyguitar/track.npy,harmonix,0.9821882951653944,0.8947368421052632,0.9821882951653944,0.8947368421052632,0.9264107898929348,0.8894515100664119,0.9910141206675225,0.9523809523809523
harmonix/0156_lastnight/track.npy,harmonix,1.0,0.5238095238095238,1.0,0.390625,0.8867671242958635,0.47496655091343576,1.0,0.42857142857142855
harmonix/0160_likeag6/track.npy,harmonix,1.0,1.0,1.0,1.0,0.8521351741052149,0.8475433490282526,1.0,1.0
harmonix/0179_moveslikejagger/track.npy,harmonix,0.9947916666666666,1.0,0.9947916666666666,1.0,0.9612185875197555,0.9569092545465874,0.9973958333333334,1.0
harmonix/0183_mynameisjonas/track.npy,harmonix,0.8755980861244019,0.6583333333333333,0.8755980861244019,0.6583333333333333,0.8493479028236597,0.7780490081744443,0.9550286181520851,0.867579908675799
harmonix/0199_numberofthebeast2/track.npy,harmonix,0.8072153325817362,0.5833333333333334,0.8072153325817362,0.5833333333333334,0.7780527762657949,0.5660649338109053,0.9073446327683615,0.6443914081145584
harmonix/0242_satisfaction/track.npy,harmonix,0.9924242424242424,0.40625,0.9924242424242424,0.35384615384615387,0.9492600428405085,0.5069783753632541,0.9961977186311787,0.4444444444444444
harmonix/0248_screamingfor/track.npy,harmonix,0.8149646107178968,0.8431372549019608,0.8149646107178968,0.8431372549019608,0.7774360410135394,0.7313691744610935,0.9409368635437881,0.8875502008032129
harmonix/0264_stereolove/track.npy,harmonix,0.9844660194174757,0.9694656488549618,0.9844660194174757,0.9694656488549618,0.9619354237129035,0.9617374747713027,0.9892682926829268,0.9844961240310077
harmonix/0271_teachmehowtodougie/track.npy,harmonix,0.9950738916256158,0.9807692307692307,0.9950738916256158,0.9807692307692307,0.9599512385313331,0.9410388384165362,0.9975308641975309,0.9902912621359222
harmonix/0278_thatsthahomie/track.npy,harmonix,0.531442663378545,0.4647887323943662,0.28217054263565894,0.4647887323943662,0.7751295161413865,0.7868104870161032,0.7630827783063748,0.8196721311475409
harmonix/0280_thedayitriedtolive/track.npy,harmonix,0.7677224736048266,0.22377622377622378,0.7677224736048266,0.22377622377622378,0.8141255550231553,0.5649952226654993,0.915873015873016,0.6578947368421052
harmonix/0281_theedgeofglory/track.npy,harmonix,0.997275204359673,0.989247311827957,0.997275204359673,0.989247311827957,0.9586169723286576,0.9590417326388933,0.997275204359673,0.9945945945945946
harmonix/0288_thewayiare/track.npy,harmonix,0.9786324786324786,0.9830508474576272,0.9786324786324786,0.9830508474576272,0.889137522712887,0.9047334902398879,0.9892008639308855,0.9914529914529915
harmonix/0290_thisishowwedoit/track.npy,harmonix,1.0,1.0,1.0,1.0,0.9361390643660873,0.9603899242374987,1.0,1.0
harmonix/0307_whatdoesntkillyou/track.npy,harmonix,0.9863760217983651,1.0,0.9863760217983651,1.0,0.9152148706335915,0.9182280826565692,0.9945205479452055,1.0
harmonix/0318_windup/track.npy,harmonix,1.0,0.9113924050632911,1.0,0.9113924050632911,0.8642129314739526,0.8105234286583568,1.0,0.9299363057324842
harmonix/0333_allday/track.npy,harmonix,0.6754098360655738,0.7625,0.6754098360655738,0.7625,0.7900902375304715,0.7787944445716443,0.9087656529516995,0.888888888888889
harmonix/0339_aslongasyouloveme/track.npy,harmonix,0.9806949806949807,0.984375,0.9806949806949807,0.984375,0.9247815333629548,0.9186997987282667,0.9863547758284601,0.9763779527559054
harmonix/0368_dontwakemeup/track.npy,harmonix,0.9926650366748166,1.0,0.9926650366748166,1.0,0.9496643872581916,0.9456232222642232,0.996319018404908,1.0
harmonix/0398_goodtime/track.npy,harmonix,0.9802955665024631,0.9900990099009901,0.9802955665024631,0.9900990099009901,0.9296006330036568,0.9355343525430457,0.9888475836431226,0.9950248756218906
harmonix/0409_idontlikeyou/track.npy,harmonix,0.9943074003795066,0.9618320610687023,0.9943074003795066,0.9618320610687023,0.9438207702955277,0.9310203066372623,0.9971455756422455,0.9769230769230769
harmonix/0424_justadream/track.npy,harmonix,0.9771428571428571,0.9886363636363636,0.9771428571428571,0.9886363636363636,0.9043051625882568,0.9064955902798636,0.989928057553957,0.9828571428571428
harmonix/0427_justthewayyouare/track.npy,harmonix,0.9868766404199475,0.9894736842105263,0.9868766404199475,0.9894736842105263,0.9556697999510315,0.9605984300691182,0.9933949801849407,0.9947089947089947
harmonix/0429_kissinu/track.npy,harmonix,0.9745042492917847,0.9885057471264368,0.9745042492917847,0.9885057471264368,0.9633478251066441,0.9700241618047595,0.987087517934003,0.9942196531791908
harmonix/0435_lookatmenow/track.npy,harmonix,0.9731800766283525,0.8955223880597015,0.9731800766283525,0.8955223880597015,0.9253366587799754,0.9121180258314515,0.9693486590038314,0.9473684210526316
harmonix/0437_lovelikewoe/track.npy,harmonix,0.996551724137931,1.0,0.996551724137931,1.0,0.9769988002515656,0.9796243316394037,0.9982728842832469,1.0
harmonix/0442_lullaby/track.npy,harmonix,0.9971098265895953,0.9318181818181818,0.9971098265895953,0.9318181818181818,0.9510240622061735,0.9199152890244727,0.9985528219971056,0.9714285714285714
harmonix/0443_magic/track.npy,harmonix,0.5836575875486382,0.5542168674698795,0.5836575875486382,0.2868217054263566,0.8712549069266765,0.8216861288692017,0.8800000000000001,0.7830188679245284
harmonix/0448_mine/track.npy,harmonix,0.9931818181818182,1.0,0.9931818181818182,1.0,0.951895478131885,0.9473046267317288,0.9965792474344356,1.0
harmonix/0457_nothing/track.npy,harmonix,0.9536231884057971,0.9647058823529412,0.9536231884057971,0.9647058823529412,0.8916542426743518,0.8880485930994039,0.981021897810219,0.988095238095238
harmonix/0461_obsession/track.npy,harmonix,1.0,1.0,1.0,1.0,0.9793702190146079,0.9790441373032756,1.0,1.0
harmonix/0469_ordinaryworld/track.npy,harmonix,0.975,0.975,0.0,0.0,0.7440536597008318,0.7380404318621404,0.6610169491525423,0.6610169491525423
harmonix/0492_sm/track.npy,harmonix,0.998019801980198,0.9921259842519685,0.998019801980198,0.9921259842519685,0.963472595692916,0.9596667056807127,0.9990089197224975,0.9960474308300395
harmonix/0511_theonlyexception/track.npy,harmonix,0.9845626072041166,0.576,0.9845626072041166,0.576,0.8205259167079366,0.7460753509679988,0.9879725085910652,0.8699551569506727
harmonix/0522_turnupthemusic/track.npy,harmonix,0.9543568464730291,0.8823529411764706,0.9543568464730291,0.8823529411764706,0.9136371334756166,0.8630561617025779,0.9747899159663866,0.9198312236286919
harmonix/0523_ucanttouchthis/track.npy,harmonix,0.985480943738657,0.9927007299270073,0.985480943738657,0.9927007299270073,0.9562441611961143,0.9676410304926872,0.9926873857404023,0.9963369963369962
harmonix/0540_youandme/track.npy,harmonix,0.9933993399339934,1.0,0.9933993399339934,1.0,0.945474705029082,0.9438246243542961,0.9966887417218543,1.0
harmonix/0547_1901boflexdpassionpitremix/track.npy,harmonix,0.9469026548672567,0.9210526315789473,0.9469026548672567,0.9210526315789473,0.9009586567056718,0.8767745823962314,0.9743589743589743,0.9469026548672567
harmonix/0549_515/track.npy,harmonix,0.9901960784313726,1.0,0.9901960784313726,1.0,0.9537166786014215,0.9534152779185859,0.9918166939443536,0.9868421052631579
harmonix/0553_alivefeatthegoodnatured/track.npy,harmonix,1.0,1.0,1.0,1.0,0.9148862141745473,0.9154053816894382,1.0,1.0
harmonix/0556_allaroundtheworld/track.npy,harmonix,0.9940711462450593,1.0,0.9940711462450593,1.0,0.6817006329758034,0.6828220616696687,0.9970267591674926,1.0
harmonix/0560_almostlovenow/track.npy,harmonix,0.9865319865319865,1.0,0.9865319865319865,1.0,0.9692994574383078,0.9731680537155459,0.9932203389830507,1.0
harmonix/0572_awake/track.npy,harmonix,0.9806094182825484,0.989010989010989,0.9806094182825484,0.989010989010989,0.9444004831890561,0.9539993591480125,0.9805013927576602,0.9834254143646408
harmonix/0576_barbrastreisand/track.npy,harmonix,0.8116788321167884,0.9011627906976745,0.8116788321167884,0.9011627906976745,0.9263738269044753,0.9278390293092946,0.9485801995395242,0.9480122324159022
harmonix/0593_blameitradioedit/track.npy,harmonix,0.9866310160427807,0.9893617021276596,0.9866310160427807,0.9893617021276596,0.970997775134638,0.9677001157667562,0.9932705248990579,0.9946524064171123
harmonix/0599_boyfriend/track.npy,harmonix,1.0,0.0,1.0,0.0,0.9661152409102717,3.7657400251648983e-50,1.0,0.0
harmonix/0609_carryon/track.npy,harmonix,0.858,0.9669421487603306,0.858,0.9669421487603306,0.8825922597426951,0.935772582693899,0.918,0.9752066115702479
harmonix/0613_celebrationbennybenassi/track.npy,harmonix,0.8505917159763313,0.7100591715976331,0.8505917159763313,0.7100591715976331,0.8534294310687189,0.6237098229417759,0.8857356235997013,0.6447761194029851
harmonix/0620_closertands/track.npy,harmonix,0.9891774891774892,0.7876106194690266,0.9891774891774892,0.7876106194690266,0.9729694179540581,0.8115575674726021,0.9945593035908596,0.8303571428571428
harmonix/0631_curiosity/track.npy,harmonix,0.9534883720930233,0.9252336448598131,0.9534883720930233,0.9252336448598131,0.9333301396898346,0.9046125929052529,0.9545983701979045,0.9238095238095239
harmonix/0632_cyclone/track.npy,harmonix,0.9928571428571429,1.0,0.9928571428571429,1.0,0.9745916934236036,0.9802540266667945,0.996415770609319,1.0
harmonix/0635_daynnite/track.npy,harmonix,0.8825910931174089,0.7619047619047619,0.8825910931174089,0.7619047619047619,0.8542866700705534,0.766652526919524,0.9502074688796681,0.8688524590163935
harmonix/0652_drovemewild/track.npy,harmonix,0.9957716701902748,0.9661016949152542,0.9957716701902748,0.9661016949152542,0.9828450505165551,0.9564561151687674,0.9978813559322034,0.9745762711864406
harmonix/0669_fastforwardffwd/track.npy,harmonix,0.9976019184652278,1.0,0.9976019184652278,1.0,0.9808266207462596,0.9820169335860912,0.9987995198079231,1.0
harmonix/0674_feelsocloseextendedmix/track.npy,harmonix,1.0,1.0,1.0,1.0,0.9293003166789824,0.909330463492805,1.0,1.0
harmonix/0682_forever/track.npy,harmonix,0.9760147601476015,0.9779411764705882,0.9760147601476015,0.9779411764705882,0.9607787318397972,0.9594410692815826,0.9878618113912232,0.9888475836431226
harmonix/0691_givesyouhell/track.npy,harmonix,0.9940828402366864,1.0,0.9940828402366864,1.0,0.9686236403443537,0.9689058911282006,0.9970326409495549,1.0
harmonix/0697_goodlife/track.npy,harmonix,0.9106753812636166,0.9819819819819819,0.9106753812636166,0.9819819819819819,0.935102868709164,0.9602059217609709,0.9708520179372198,0.9909090909090909
harmonix/0705_haditall/track.npy,harmonix,0.9403669724770642,0.9090909090909091,0.9403669724770642,0.9090909090909091,0.9571523738916105,0.9226902764711865,0.9836829836829836,0.9629629629629629
harmonix/0708_haloradioedit/track.npy,harmonix,0.9965635738831615,1.0,0.9965635738831615,1.0,0.9712052538680305,0.9717308764013847,0.9982788296041308,1.0
harmonix/0711_heartheartheartbreak/track.npy,harmonix,1.0,1.0,1.0,1.0,0.9657305002893998,0.9640350645108252,1.0,1.0
harmonix/0713_heartofgoldnow/track.npy,harmonix,0.9977324263038548,0.8108108108108109,0.9977324263038548,0.8108108108108109,0.9706731251754371,0.8120919598162792,0.9988649262202043,0.8325791855203618
harmonix/0714_hell/track.npy,harmonix,0.9981515711645101,0.9703703703703703,0.9981515711645101,0.9703703703703703,0.9213534436383005,0.8999069142202729,0.9990749306197965,0.9851851851851852
harmonix/0721_holdup/track.npy,harmonix,0.9747191011235955,0.9886363636363636,0.9747191011235955,0.9886363636363636,0.966266364083574,0.9703691161414112,0.9871977240398292,0.9942857142857142
harmonix/0739_ikissedagirl/track.npy,harmonix,0.9946808510638298,1.0,0.9946808510638298,1.0,0.9816963672973277,0.9848471611764517,0.9973333333333333,1.0
harmonix/0742_iknowyouwantme/track.npy,harmonix,0.9525065963060686,0.968421052631579,0.9525065963060686,0.968421052631579,0.8841167789408185,0.8796477047525768,0.9825503355704697,0.983957219251337
harmonix/0744_immabe/track.npy,harmonix,0.9796437659033079,1.0,0.9796437659033079,1.0,0.9128766774318848,0.9070741259150462,0.9656050955414013,0.9494949494949495
harmonix/0751_inlovewithagirl/track.npy,harmonix,0.9925650557620818,0.9552238805970149,0.9925650557620818,0.9552238805970149,0.9531397123749905,0.9371315852268918,0.9981378026070763,0.9850746268656716
harmonix/0760_iwannarock/track.npy,harmonix,1.0,1.0,1.0,1.0,0.9826291157120284,0.9855213298195843,1.0,1.0
harmonix/0761_iwant/track.npy,harmonix,0.9943342776203966,1.0,0.9943342776203966,1.0,0.9611477614295102,0.9589122071385551,0.9971590909090908,1.0
harmonix/0768_keepsgettinbetter/track.npy,harmonix,0.9893617021276596,0.8936170212765957,0.9893617021276596,0.8936170212765957,0.961118171323737,0.878081045483329,0.9946524064171123,0.9090909090909091
harmonix/0784_lightweight/track.npy,harmonix,0.46642685851318944,0.5102040816326531,0.46642685851318944,0.5102040816326531,0.6542924088415756,0.5570011270178142,0.8298279158699808,0.7185185185185183
harmonix/0797_loveisgone/track.npy,harmonix,1.0,1.0,1.0,1.0,0.95079085754341,0.9493157070123748,1.0,1.0
harmonix/0799_lovesexmagic/track.npy,harmonix,0.9947780678851175,0.9895833333333334,0.9947780678851175,0.9895833333333334,0.9721293365073642,0.963186432781254,0.996078431372549,0.9947643979057591
harmonix/0806_mad/track.npy,harmonix,0.6655948553054662,0.4806201550387597,0.6655948553054662,0.3541666666666667,0.8881031893535195,0.8088973753329405,0.9052631578947369,0.8074534161490683
harmonix/0812_miserybimbo/track.npy,harmonix,0.98698224852071,0.990521327014218,0.98698224852071,0.990521327014218,0.9327638717581287,0.9333487948919408,0.9934640522875817,0.9952380952380951
harmonix/0814_mistake/track.npy,harmonix,0.989010989010989,1.0,0.0,0.0,0.8168065251816605,0.8213423391218413,0.6642066420664207,0.6699507389162561
harmonix/0817_morethanthis/track.npy,harmonix,0.960431654676259,0.9428571428571428,0.960431654676259,0.9428571428571428,0.9320099012283878,0.9245963451155896,0.9764065335753176,0.9710144927536232
harmonix/0820_mychickbad/track.npy,harmonix,1.0,1.0,1.0,1.0,0.9712768645333243,0.9693935143883216,1.0,1.0
harmonix/0841_obsessedcahill/track.npy,harmonix,0.9890710382513661,0.9621621621621622,0.9890710382513661,0.0,0.9737552612937295,0.4851351846131186,0.9945130315500686,0.010899182561307902
harmonix/0844_ondirecting/track.npy,harmonix,0.9868073878627969,0.96875,0.9868073878627969,0.96875,0.9378833739474921,0.9282424440746622,0.9933598937583002,0.9841269841269841
harmonix/0846_onelove/track.npy,harmonix,0.8352059925093633,0.8872180451127819,0.8352059925093633,0.8872180451127819,0.9157150453052235,0.9208296858049819,0.9362549800796812,0.9402390438247012
harmonix/0848_onething/track.npy,harmonix,0.9925,0.99,0.9925,0.99,0.5638552944119966,0.5703313531582909,0.9962358845671266,0.9949748743718593
harmonix/0853_outonthetown/track.npy,harmonix,0.9960629921259843,0.9921259842519685,0.9960629921259843,0.9921259842519685,0.9637740698811191,0.9612628656066909,0.9980276134122288,0.9960474308300395
harmonix/0865_pocketfulofsunshine/track.npy,harmonix,0.6896551724137931,0.8494623655913979,0.6896551724137931,0.8494623655913979,0.7198834959748378,0.7069005486176945,0.8802308802308804,0.8837209302325582
harmonix/0872_readyfortheweekend/track.npy,harmonix,0.9958762886597938,1.0,0.9958762886597938,1.0,0.9831932580188195,0.9860697236530072,0.9979381443298969,1.0
harmonix/0874_realize/track.npy,harmonix,0.8734693877551021,0.8211382113821138,0.8734693877551021,0.8211382113821138,0.9262916670085902,0.9068880254889765,0.9609292502639917,0.944206008583691
harmonix/0892_saveyoutonight/track.npy,harmonix,0.9904534606205251,1.0,0.9904534606205251,1.0,0.6865769365846974,0.6981577445972802,0.9928057553956835,1.0
harmonix/0893_say/track.npy,harmonix,0.8317757009345794,0.7368421052631579,0.8317757009345794,0.7368421052631579,0.7977799345930465,0.7300845114533727,0.8667736757624399,0.7919463087248322
harmonix/0900_sexychickakon/track.npy,harmonix,0.9950980392156863,1.0,0.9950980392156863,1.0,0.97546137466137,0.9780637099896293,0.9975429975429976,1.0
harmonix/0916_sowhat/track.npy,harmonix,0.9954441913439636,0.9819819819819819,0.9954441913439636,0.9819819819819819,0.6873290211500122,0.7042471847557592,0.997716894977169,0.9909090909090909
harmonix/0922_suffocate/track.npy,harmonix,0.9591836734693877,0.9351851851851852,0.9591836734693877,0.9351851851851852,0.9482766826338442,0.9261557143742727,0.9780853517877739,0.9532710280373832
harmonix/0938_thebusiness/track.npy,harmonix,0.8951612903225806,0.9180327868852459,0.014256619144602852,0.0,0.7529154520572846,0.7384361201031373,0.6576454668470906,0.6195652173913043
harmonix/0948_thislove/track.npy,harmonix,0.9651898734177216,0.9746835443037974,0.9651898734177216,0.9746835443037974,0.9500317906182276,0.9508703032027495,0.9822866344605475,0.9871794871794872
harmonix/0952_tiktok/track.npy,harmonix,0.9870466321243523,0.9896907216494846,0.9870466321243523,0.9896907216494846,0.9245834035295809,0.9271585018658648,0.9934980494148246,0.9948186528497409
harmonix/0968_walltowall/track.npy,harmonix,0.9737609329446064,0.9882352941176471,0.9737609329446064,0.9882352941176471,0.9685131252532673,0.9808105871811977,0.9867060561299852,0.9940828402366864
harmonix/0972_whatchasay/track.npy,harmonix,0.8767123287671232,0.8503937007874016,0.06378600823045268,0.08403361344537816,0.7116571766145589,0.7165075911752282,0.6873315363881402,0.6994535519125683
harmonix/0973_whateverittakes/track.npy,harmonix,0.9918032786885246,0.9836065573770492,0.9918032786885246,0.9836065573770492,0.9277129101458284,0.9269751272243012,0.9958847736625513,0.9917355371900827
harmonix/0978_whenigrowup/track.npy,harmonix,0.9296703296703297,0.38181818181818183,0.9296703296703297,0.38181818181818183,0.9543898110342498,0.42638738853503194,0.9776286353467563,0.43809523809523804
harmonix/0986_winner/track.npy,harmonix,0.8702702702702703,0.9666666666666667,0.8702702702702703,0.9666666666666667,0.8716660761770361,0.879773050652516,0.9296551724137931,0.9385474860335196
hjdb/hjdb_Come_Back_2_Me/track.npy,hjdb,1.0,1.0,1.0,1.0,0.9665484587762185,0.9585646623762336,1.0,1.0
hjdb/hjdb_Dance_Factor/track.npy,hjdb,1.0,1.0,1.0,1.0,0.9798696965999846,0.9734282419240441,1.0,1.0
hjdb/hjdb_Drowning_In_Her/track.npy,hjdb,0.3242009132420091,0.39285714285714285,0.272108843537415,0.39285714285714285,0.6733548666912963,0.4897992337140634,0.5914396887159533,0.5
hjdb/hjdb_Ecstatic_House/track.npy,hjdb,0.7738095238095238,0.7894736842105263,0.7738095238095238,0.0,0.834214809292543,0.3604147217146282,0.8484848484848484,0.0
hjdb/hjdb_Essence_Ep/track.npy,hjdb,1.0,1.0,1.0,1.0,0.9750662860354821,0.9831611911388541,1.0,1.0
hjdb/hjdb_Exodus_(When_The_Lion_Awakes)/track.npy,hjdb,1.0,1.0,1.0,1.0,0.9651096582722021,0.9681892116740952,1.0,1.0
hjdb/hjdb_Fearless_Wonder_(Remix)/track.npy,hjdb,0.9929078014184397,1.0,0.9929078014184397,1.0,0.9713920993564151,0.9779817566204414,0.9964412811387899,1.0
hjdb/hjdb_Final_Conflict/track.npy,hjdb,1.0,1.0,1.0,1.0,0.9710899310674158,0.9744945776800825,1.0,1.0
hjdb/hjdb_Future_Funk/track.npy,hjdb,0.9657534246575342,0.972972972972973,0.9657534246575342,0.972972972972973,0.9635236237191958,0.965399253801429,0.9825783972125435,0.9863013698630138
hjdb/hjdb_How_Should_I_Start/track.npy,hjdb,0.9886363636363636,0.9545454545454546,0.9886363636363636,0.9545454545454546,0.9703379217504828,0.956999074050687,0.9942857142857142,0.9767441860465117
hjdb/hjdb_Johnny_94_(Origin_Unkown_Remix)/track.npy,hjdb,1.0,1.0,1.0,1.0,0.9801270322682519,0.9853231901700484,1.0,1.0
hjdb/hjdb_Mr._Logic/track.npy,hjdb,1.0,1.0,1.0,1.0,0.9835976185901488,0.988286817807802,1.0,1.0
hjdb/hjdb_Never_Try_The_Hippodrome_(Remix)/track.npy,hjdb,1.0,1.0,1.0,1.0,0.9765812429316478,0.9825253136544456,1.0,1.0
hjdb/hjdb_Oh_So_Nice/track.npy,hjdb,1.0,1.0,1.0,1.0,0.9569967015123206,0.9475816664355213,1.0,1.0
hjdb/hjdb_Slow_Jam/track.npy,hjdb,1.0,1.0,1.0,1.0,0.9740001334881225,0.9728633557111686,1.0,1.0
hjdb/hjdb_Street_Knowledge/track.npy,hjdb,0.9911504424778761,1.0,0.9911504424778761,1.0,0.9755206647298829,0.983877181385772,0.9955555555555555,1.0
hjdb/hjdb_Summer_Breeze/track.npy,hjdb,1.0,1.0,1.0,1.0,0.9838491203561984,0.9847957010619741,1.0,1.0
hjdb/hjdb_Sweet_Vibrations/track.npy,hjdb,1.0,1.0,1.0,1.0,0.9824061028862422,0.981559646597548,1.0,1.0
hjdb/hjdb_T-N-T/track.npy,hjdb,0.9959183673469387,1.0,0.9959183673469387,1.0,0.973575542616384,0.9727734684654163,0.9979550102249488,1.0
hjdb/hjdb_Tales_From_The_Darkside/track.npy,hjdb,1.0,1.0,1.0,1.0,0.9772387753264152,0.9771974141702578,1.0,1.0
hjdb/hjdb_Tales_From_The_Darkside_2/track.npy,hjdb,0.995,1.0,0.995,1.0,0.9805475098832382,0.9765569298363862,0.9974937343358395,1.0
hjdb/hjdb_The_Criminal/track.npy,hjdb,1.0,1.0,1.0,1.0,0.9701115466341238,0.979757991640277,1.0,1.0
hjdb/hjdb_The_Grand_National_(DJ_SS_and_EQ_Remix)/track.npy,hjdb,1.0,1.0,1.0,1.0,0.9671171574469216,0.972538028925096,1.0,1.0
hjdb/hjdb_The_Way_(VIP_Mix)/track.npy,hjdb,1.0,1.0,1.0,1.0,0.9751004044852272,0.976729620605435,1.0,1.0
hjdb/hjdb_Unfriendly/track.npy,hjdb,0.8679245283018868,0.9166666666666666,0.8679245283018868,0.9166666666666666,0.9075575070839489,0.9394699363469092,0.923076923076923,0.9565217391304348
hjdb/hjdb_United/track.npy,hjdb,0.9944444444444445,1.0,0.9944444444444445,1.0,0.9774194952815233,0.9825767221069633,0.9972144846796658,1.0
hjdb/hjdb_United_(Grooverider_Remix)/track.npy,hjdb,1.0,1.0,1.0,1.0,0.9808445733260784,0.9729235191298492,1.0,1.0
hjdb/hjdb_Until_The_Night_Is_Morning/track.npy,hjdb,1.0,1.0,1.0,1.0,0.9782596687306456,0.9745458688369928,1.0,1.0
hjdb/hjdb_What_Kind_of_World/track.npy,hjdb,0.9914529914529915,1.0,0.9914529914529915,1.0,0.9747742963489967,0.9756556843249385,0.9957081545064378,1.0
jaah/jaah_001-sarah_vaughan-all_alone/track.npy,jaah,0.9586206896551724,0.5555555555555556,0.9586206896551724,0.5555555555555556,0.9220730530851954,0.5956644776587678,0.9789473684210526,0.6013986013986014
jaah/jaah_009-sidney_bechets_blue_note_jazzmen-blue_horizon/track.npy,jaah,0.9857142857142858,0.4146341463414634,0.9857142857142858,0.4146341463414634,0.9035074049071952,0.6500556116259529,0.974910394265233,0.6973684210526315
jaah/jaah_021-the_clifford_brownmax_roach_quintet-daahoud/track.npy,jaah,0.7273673257023934,0.8978723404255319,0.7273673257023934,0.8978723404255319,0.7362484153810702,0.6797291040029052,0.8208640674394099,0.7612903225806451
jaah/jaah_034-thelonious_monk-evidence/track.npy,jaah,0.7727272727272727,0.8484848484848485,0.7727272727272727,0.8484848484848485,0.8698857527399488,0.8697050959051056,0.8997429305912596,0.9035532994923858
jaah/jaah_038-bix_beiderbecke_paul_whiteman_and_his_orchestra-from_monday_on/track.npy,jaah,0.7093023255813954,0.8235294117647058,0.7093023255813954,0.8235294117647058,0.8479948116376447,0.8515684259333305,0.8981191222570534,0.8958990536277602
jaah/jaah_040-stan_getz_joao_gilberto_antonio_carlos_jobim-the_girl_from_ipanema/track.npy,jaah,0.5036390101892285,0.9534883720930233,0.5036390101892285,0.9534883720930233,0.707093105899518,0.8124113302596248,0.8557213930348259,0.9853372434017595
jaah/jaah_045-billie_holiday-hes_funny_that_way/track.npy,jaah,0.9962121212121212,1.0,0.9962121212121212,1.0,0.9722868702756449,0.9815693922172879,0.9981024667931689,1.0
jaah/jaah_053-louis_armstrong_his_orchestra-i_gotta_right_to_sing_the_blues/track.npy,jaah,0.7512820512820513,0.85,0.7512820512820513,0.85,0.7526184822545331,0.7394308848650638,0.9220246238030096,0.9189189189189189
jaah/jaah_059-duke_ellington_and_his_famous_orchestra-koko/track.npy,jaah,0.9604938271604938,0.7079646017699115,0.9604938271604938,0.7079646017699115,0.7742793570678443,0.6197080248962007,0.9888751545117429,0.8411214953271028
jaah/jaah_064-dizzy_gillespie_and_his_orchestra-manteca/track.npy,jaah,0.8817829457364341,0.9015151515151515,0.8817829457364341,0.9015151515151515,0.7707472451394392,0.7109387415522079,0.9269717624148003,0.8582375478927203
jaah/jaah_076-charlie_parker-oh_lady_be_good_feat_jazz_at_the_philharmonic/track.npy,jaah,0.9906759906759907,0.7641509433962265,0.9906759906759907,0.7641509433962265,0.9460870263506915,0.7625330475483934,0.9953271028037383,0.8058252427184467
jaah/jaah_084-gene_krupa_and_his_orchestra-rockin_chair/track.npy,jaah,0.78515625,0.796875,0.78515625,0.796875,0.7124118162957817,0.6954574114156223,0.8636363636363636,0.823529411764706
jaah/jaah_089-sonny_rollins-st_thomas/track.npy,jaah,0.7801516195727085,0.856353591160221,0.7801516195727085,0.856353591160221,0.7344762033555614,0.7311632314074484,0.9381037567084078,0.9375
jaah/jaah_103-the_gerry_mulligan_quartet_chet_baker-walkin_shoes/track.npy,jaah,0.9876847290640394,0.83,0.9876847290640394,0.83,0.8288180519661653,0.722868817935905,0.9938042131350682,0.8629441624365483
rwc/rwc_classical_CD2_02/track.npy,rwc_classical,0.7339130434782609,0.375,0.017391304347826087,0.020833333333333332,0.6837999006638205,0.5093806024095919,0.6138259833134684,0.5569007263922517
rwc/rwc_classical_CD3_04/track.npy,rwc_classical,0.7004538577912254,0.3737864077669903,0.7004538577912254,0.3737864077669903,0.6177714917336632,0.45091090501864856,0.8026755852842808,0.59375
rwc/rwc_classical_CD4_05/track.npy,rwc_classical,0.9864864864864865,0.65,0.9864864864864865,0.65,0.8902472672833422,0.7541580131144974,0.9864864864864865,0.7894736842105262
rwc/rwc_classical_CD4_06/track.npy,rwc_classical,0.632183908045977,0.08695652173913043,0.632183908045977,0.05333333333333334,0.7330953721849154,0.3071455875082368,0.8108108108108107,0.34710743801652894
rwc/rwc_classical_CD5_12/track.npy,rwc_classical,0.9655172413793104,0.9827586206896551,0.9655172413793104,0.9827586206896551,0.9291138903412133,0.9642665486549369,0.9709302325581395,0.9913043478260869
rwc/rwc_classical_CD6_04/track.npy,rwc_classical,0.8548707753479126,0.701195219123506,0.8548707753479126,0.701195219123506,0.676462205006304,0.5893343061337789,0.8961303462321792,0.7983706720977596
rwc/rwc_classical_CD6_14/track.npy,rwc_classical,0.7781818181818182,0.7349397590361446,0.7781818181818182,0.7349397590361446,0.7374843457712337,0.6594148144814203,0.8850574712643677,0.8
rwc/rwc_jazz_CD1_01/track.npy,rwc_jazz,0.20220588235294118,0.224,0.20220588235294118,0.224,0.31801078700455004,0.21520675556728777,0.3563218390804597,0.22009569377990432
rwc/rwc_jazz_CD1_05/track.npy,rwc_jazz,0.35185185185185186,0.25925925925925924,0.35185185185185186,0.25925925925925924,0.42166524159755764,0.39333275887116703,0.5321428571428571,0.47191011235955055
rwc/rwc_jazz_CD2_05/track.npy,rwc_jazz,0.7978723404255319,0.9344262295081968,0.7978723404255319,0.9344262295081968,0.7431680990847904,0.7872259381885752,0.8475033738191633,0.9090909090909091
rwc/rwc_jazz_CD3_06/track.npy,rwc_jazz,0.7199248120300752,0.9826839826839827,0.0,0.0,0.690112618175581,0.7430365878945826,0.5955204216073781,0.6550724637681159
rwc/rwc_jazz_CD4_03/track.npy,rwc_jazz,0.4877384196185286,0.9456521739130435,0.3357664233576642,0.9456521739130435,0.6637003639483297,0.7776432278689562,0.7860262008733624,0.956043956043956
rwc/rwc_jazz_CD4_07/track.npy,rwc_jazz,0.9703125,0.9629629629629629,0.9703125,0.9629629629629629,0.8995884371329396,0.9023096766572531,0.9803613511390415,0.9751552795031055
rwc/rwc_jazz_CD4_14/track.npy,rwc_jazz,0.9454545454545454,0.7714285714285715,0.9454545454545454,0.7714285714285715,0.8830853657951312,0.7750664608707035,0.9615975422427036,0.8633093525179856
rwc/rwc_popular_CD1_05/track.npy,rwc_popular,0.9896907216494846,1.0,0.9896907216494846,1.0,0.9642959684765847,0.9613164042731788,0.9937888198757765,0.9917355371900827
rwc/rwc_popular_CD1_06/track.npy,rwc_popular,0.992462311557789,0.9705882352941176,0.992462311557789,0.9705882352941176,0.9634391989281605,0.9513493956248369,0.9962168978562421,0.9850746268656716
rwc/rwc_popular_CD1_12/track.npy,rwc_popular,0.6681318681318681,0.8785046728971962,0.6681318681318681,0.8785046728971962,0.8415325711813699,0.8641376184054714,0.9064748201438849,0.9306930693069306
rwc/rwc_popular_CD1_14/track.npy,rwc_popular,0.9879518072289156,0.9879518072289156,0.9879518072289156,0.9879518072289156,0.9766846403238396,0.9806853939432096,0.993939393939394,0.993939393939394
rwc/rwc_popular_CD2_03/track.npy,rwc_popular,0.9950657894736842,0.9869281045751634,0.9950657894736842,0.9869281045751634,0.9817601371967525,0.9771700408324724,0.9975267930750207,0.993421052631579
rwc/rwc_popular_CD2_11/track.npy,rwc_popular,0.989010989010989,0.9936708860759493,0.989010989010989,0.9936708860759493,0.9707980768421324,0.9802444453998922,0.9936908517350158,0.9968253968253968
rwc/rwc_popular_CD3_02/track.npy,rwc_popular,0.626465661641541,0.23684210526315788,0.626465661641541,0.23684210526315788,0.832757239001687,0.513913611601172,0.8919667590027701,0.5575221238938053
rwc/rwc_popular_CD3_06/track.npy,rwc_popular,0.31952662721893493,0.4675324675324675,0.17011834319526628,0.045454545454545456,0.44032689238874917,0.06399441091692798,0.3910149750415973,0.07017543859649122
rwc/rwc_popular_CD3_08/track.npy,rwc_popular,0.997716894977169,0.9819819819819819,0.997716894977169,0.9819819819819819,0.9844660981181119,0.976707490779413,0.9988571428571429,0.9909090909090909
rwc/rwc_popular_CD3_09/track.npy,rwc_popular,0.828125,0.59375,0.828125,0.59375,0.9281743225525516,0.8390821647227732,0.9532520325203251,0.8607594936708861
rwc/rwc_popular_CD4_02/track.npy,rwc_popular,0.9857954545454546,0.4943820224719101,0.0,0.045714285714285714,0.8091434721391259,0.6521891806093496,0.6628679962013296,0.6666666666666667
rwc/rwc_popular_CD6_02/track.npy,rwc_popular,0.9691358024691358,0.9916666666666667,0.9691358024691358,0.9916666666666667,0.796028972864636,0.7931240347022758,0.9698857736240913,0.9539748953974896
rwc/rwc_royalty-free_CD1_02/track.npy,rwc_royalty-free,0.8888888888888888,0.8703703703703703,0.8888888888888888,0.8703703703703703,0.813784775705921,0.8065891803728017,0.9575471698113207,0.9433962264150944
rwc/rwc_royalty-free_CD1_03/track.npy,rwc_royalty-free,0.9519230769230769,0.9622641509433962,0.9519230769230769,0.9622641509433962,0.7893088105549233,0.8248814669172266,0.944578313253012,0.9714285714285713
simac/simac_A_vida_me_fez_assim_12-Lavoura/track.npy,simac,0.8333333333333334,0.0,0.8333333333333334,0.0,0.8756600506982402,0.0,0.9090909090909091,0.0
simac/simac_A_vida_me_fez_assim_15-Portela/track.npy,simac,0.8571428571428571,0.0,0.8571428571428571,0.0,0.8241164906193057,0.0,0.923076923076923,0.0
simac/simac_Alfagamabetizado_08-O_Bode/track.npy,simac,0.8387096774193549,0.0,0.8387096774193549,0.0,0.6875420381074673,0.0,0.8771929824561403,0.0
simac/simac_Alfagamabetizado_09-Comunidade-Lobos/track.npy,simac,0.9090909090909091,0.0,0.9090909090909091,0.0,0.9177668837412197,0.0,0.9523809523809523,0.0
simac/simac_Alfagamabetizado_12-Seo_Ze/track.npy,simac,0.8888888888888888,0.0,0.0,0.0,0.7596318034863683,0.0,0.64,0.0
simac/simac_Amber_03-Silverside/track.npy,simac,0.8620689655172413,0.0,0.8620689655172413,0.0,0.8063618069783467,0.0,0.9090909090909091,0.0
simac/simac_As_Time_Goes_By_01-as_time_goes_by/track.npy,simac,0.7241379310344828,0.0,0.7241379310344828,0.0,0.7008839673773762,0.0,0.8400000000000001,0.0
simac/simac_As_Time_Goes_By_04-theres_a_small_hotel/track.npy,simac,0.8275862068965517,0.0,0.8275862068965517,0.0,0.8029373566562266,0.0,0.888888888888889,0.0
simac/simac_Bach_The_Well-Tempered_Clavier_II_(Disc_1)_08-Prelude_and_Fugue_No._4_in_C-sharp_minor_BWV_873_-_2._Fuga/track.npy,simac,0.9047619047619048,0.0,0.9047619047619048,0.0,0.9207188568238871,0.0,0.9500000000000001,0.0
simac/simac_Bach_The_Well-Tempered_Clavier_II_(Disc_1)_09-Prelude_and_Fugue_No._5_in_D_major_BWV_874_-_1._Praeludium/track.npy,simac,0.9444444444444444,0.0,0.9444444444444444,0.0,0.9316912341117571,0.0,0.9714285714285714,0.0
simac/simac_Bach_The_Well-Tempered_Clavier_II_(Disc_1)_24-Prelude_and_Fugue_No._12_in_F_minor_BWV_881_-_2._Fuga/track.npy,simac,0.8571428571428571,0.0,0.8571428571428571,0.0,0.8714775676045686,0.0,0.923076923076923,0.0
simac/simac_Bach_The_Well-Tempered_Clavier_II_(Disc_2)_03-Prelude_and_Fugue_No._14_F-sharp_minor_BWV_883_-_1._Praeludium/track.npy,simac,0.9047619047619048,0.0,0.9047619047619048,0.0,0.8855957767185169,0.0,0.9268292682926829,0.0
simac/simac_Bach_The_Well-Tempered_Clavier_II_(Disc_2)_12-Prelude_and_Fugue_No._18_G-sharp_minor_BWV_887_-_2._Fuga/track.npy,simac,0.23076923076923078,0.0,0.23076923076923078,0.0,0.6194046795659841,0.0,0.6511627906976744,0.0
simac/simac_Bach_The_Well-Tempered_Clavier_II_(Disc_2)_14-Prelude_and_Fugue_No._19_A_major_BWV_888_-_2._Fuga/track.npy,simac,0.7142857142857143,0.0,0.7142857142857143,0.0,0.8020877940654745,0.0,0.8387096774193549,0.0
simac/simac_Beethoven_The_String_Quartets_-_CD_3_02-II_Allegretto_vivace_e_sempre_scherzando/track.npy,simac,0.7291666666666666,0.0,0.7291666666666666,0.0,0.7463723282227296,0.0,0.8351648351648352,0.0
simac/simac_Beethoven_The_String_Quartets_-_CD_3_04-IV_Theme_russe-_Allegro/track.npy,simac,0.7419354838709677,0.0,0.7419354838709677,0.0,0.8699978185325162,0.0,0.9152542372881356,0.0
simac/simac_Bela_Bartok_03-The_Miraculous_Mandarin_3_2nd_Decoy_Game/track.npy,simac,0.391304347826087,0.0,0.21739130434782608,0.0,0.41923533857900763,0.0,0.3255813953488372,0.0
simac/simac_Bernstein_conducts_Stravinsky_17-Scene_2-_Petrushka_s_room/track.npy,simac,0.6538461538461539,0.0,0.6538461538461539,0.0,0.6074485689083187,0.0,0.6956521739130435,0.0
simac/simac_Bernstein_conducts_Stravinsky_20-Scene_4-_The_Shrovetie_fair_toward_evening_/track.npy,simac,0.14285714285714285,0.0,0.09090909090909091,0.0,0.35404348893669557,0.0,0.39999999999999997,0.0
simac/simac_Bernstein_conducts_Stravinsky_23-The_jovial_merchant_with_two_gypsy_girls/track.npy,simac,0.75,0.0,0.75,0.0,0.4449372280584701,0.0,0.6,0.0
simac/simac_Billie_Holiday_CD1_01-Summertime/track.npy,simac,0.8333333333333334,0.0,0.8333333333333334,0.0,0.7391754745779522,0.0,0.8727272727272728,0.0
simac/simac_Classic_Pergolesi_-_Stabat_Mater_02/track.npy,simac,0.0,0.0,0.0,0.0,0.2992222439043964,0.0,0.3225806451612903,0.0
simac/simac_Concert_01-Concerto_en_La_Majeur_pour_deux_Violons_A_Scordatura_et_basse_continue._Affetuoso/track.npy,simac,0.8,0.0,0.8,0.0,0.795004231851093,0.0,0.8444444444444444,0.0
simac/simac_Concert_11-3._Dolce/track.npy,simac,0.7333333333333333,0.0,0.7333333333333333,0.0,0.719994682739296,0.0,0.7924528301886793,0.0
simac/simac_Ella_&_Louis_07-Taking_A_Chance_On_Love/track.npy,simac,0.6071428571428571,0.0,0.6071428571428571,0.0,0.6203592465642193,0.0,0.7555555555555554,0.0
simac/simac_Ella_&_Louis_13-Holiday_In_Harlem/track.npy,simac,0.875,0.0,0.875,0.0,0.6897315737610521,0.0,0.888888888888889,0.0
simac/simac_Ella_&_Louis_17-Three_Little_Words/track.npy,simac,0.5121951219512195,0.0,0.05,0.0,0.5035617397613349,0.0,0.42622950819672134,0.0
simac/simac_Eres_luz_01-Eres_luz_(Rumba)/track.npy,simac,0.896551724137931,0.0,0.896551724137931,0.0,0.7266808042491987,0.0,0.9454545454545454,0.0
simac/simac_Eventail_07_Romanza_Del_Pescador/track.npy,simac,0.5333333333333333,0.0,0.5333333333333333,0.0,0.5829151083677522,0.0,0.7333333333333333,0.0
simac/simac_Eventail_09-Asturias/track.npy,simac,0.28125,0.0,0.28125,0.0,0.47326604186041865,0.0,0.5423728813559322,0.0
simac/simac_Fado_10-AudioTrack_10/track.npy,simac,0.7931034482758621,0.0,0.7931034482758621,0.0,0.7993418745545944,0.0,0.8846153846153846,0.0
simac/simac_Fight_To_Win_02-Walk_on_the_right_side/track.npy,simac,0.16,0.0,0.16,0.0,0.25840963214675383,0.0,0.2666666666666666,0.0
simac/simac_Gold_-_Greatest_Hits_09-Money_Money_Money/track.npy,simac,0.90625,0.0,0.90625,0.0,0.8560420746947828,0.0,0.9354838709677419,0.0
simac/simac_Kocani_Orkester_03._Romski_Cocek/track.npy,simac,0.775,0.0,0.775,0.0,0.7674078101026417,0.0,0.8732394366197184,0.0
simac/simac_Ludwid_van_Beethoven_02-II._Adagio_ma_non_troppo_e_molto_cantabile_-_Andante_con_moto_-_Adagio_molto_espressivo/track.npy,simac,0.88,0.0,0.88,0.0,0.7512691826747968,0.0,0.9361702127659575,0.0
simac/simac_Niandra_LaDes_and_Usually_Just_a_T-Shirt_14-Usually_Just_a_T-Shirt_Untitled_2/track.npy,simac,0.84,0.0,0.84,0.0,0.765456147394453,0.0,0.8695652173913043,0.0
simac/simac_Niandra_LaDes_and_Usually_Just_a_T-Shirt_16-Usually_Just_a_T-Shirt_Untitled_4/track.npy,simac,0.75,0.0,0.0,0.0,0.6608221530409315,0.0,0.6,0.0
simac/simac_Papakonstantinou_07-AudioTrack_07/track.npy,simac,0.9565217391304348,0.0,0.9565217391304348,0.0,0.8787652756862302,0.0,0.9777777777777777,0.0
simac/simac_Papakonstantinou_13-AudioTrack_13/track.npy,simac,0.7586206896551724,0.0,0.0,0.0,0.5333796201734939,0.0,0.4878048780487806,0.0
simac/simac_Papakonstantinou_16-AudioTrack_16/track.npy,simac,0.7096774193548387,0.0,0.7096774193548387,0.0,0.6974360251169173,0.0,0.8301886792452831,0.0
simac/simac_Primer_Aliento_01-Sintonia_del_refugio_atomico/track.npy,simac,1.0,0.0,1.0,0.0,0.9791222917938885,0.0,1.0,0.0
simac/simac_Primer_Aliento_17-Selector_de_frecuencias/track.npy,simac,0.8222222222222222,0.0,0.0,0.0,0.7368143271408736,0.0,0.59375,0.0
simac/simac_R.A.F.I_01-Assassin/track.npy,simac,0.08695652173913043,0.0,0.0,0.0,0.07888261862628196,0.0,0.0,0.0
simac/simac_R.A.F.I_02-Change/track.npy,simac,0.9534883720930233,0.0,0.9534883720930233,0.0,0.851204674484252,0.0,0.9761904761904763,0.0
simac/simac_R.A.F.I_04-Buzzing/track.npy,simac,0.06666666666666667,0.0,0.0,0.0,0.06646591162456372,0.0,0.06060606060606061,0.0
simac/simac_R.A.F.I_09-Naxalite/track.npy,simac,0.9545454545454546,0.0,0.9545454545454546,0.0,0.9055360433222808,0.0,0.9767441860465117,0.0
simac/simac_Santana_02-El_Corazon_Manada/track.npy,simac,0.90625,0.0,0.90625,0.0,0.8935223212902844,0.0,0.9508196721311475,0.0
simac/simac_So_Cartola_05-Fiz_por_Voce_o_que_Pude/track.npy,simac,0.782608695652174,0.0,0.782608695652174,0.0,0.7763835949799986,0.0,0.878048780487805,0.0
simac/simac_So_Cartola_06-O_Inverno_do_Meu_Tempo/track.npy,simac,0.6444444444444445,0.0,0.6444444444444445,0.0,0.665691259985825,0.0,0.7733333333333334,0.0
simac/simac_So_Cartola_07-Tive_Sim/track.npy,simac,0.5666666666666667,0.0,0.0,0.0,0.2850123970193433,0.0,0.0,0.0
simac/simac_Songs_Adalberto_(Adalberto_Alvarez_y_su_son)_-_Pura_imagen/track.npy,simac,0.75,0.0,0.75,0.0,0.6861742816353114,0.0,0.8571428571428571,0.0
simac/simac_Songs_Caledonia_Blues_Band_-_Burning_Heart/track.npy,simac,0.7317073170731707,0.0,0.7317073170731707,0.0,0.7333604321763854,0.0,0.8767123287671234,0.0
simac/simac_Tales_Of_Mystery_And_Imagination_01-A_Dream_Within_A_Dream/track.npy,simac,0.9545454545454546,0.0,0.9545454545454546,0.0,0.8087357265073971,0.0,0.9767441860465117,0.0
simac/simac_Tales_Of_Mystery_And_Imagination_09-The_Fall_Of_The_House_Of_Usher_IV_Pavane/track.npy,simac,0.047619047619047616,0.0,0.047619047619047616,0.0,0.2811173567595855,0.0,0.3414634146341463,0.0
simac/simac_Tanto_Tempo_02-August_Day_Song/track.npy,simac,0.8620689655172413,0.0,0.8620689655172413,0.0,0.7407334711997318,0.0,0.888888888888889,0.0
simac/simac_The_Art_of_Spanish_Guitar_04-Sojo_Guaso/track.npy,simac,0.07692307692307693,0.0,0.07692307692307693,0.0,0.2718947971602032,0.0,0.30769230769230776,0.0
simac/simac_The_Crackdown_10-Diskono/track.npy,simac,1.0,0.0,1.0,0.0,0.9493047170589141,0.0,1.0,0.0
simac/simac_Xatzidakis_05-AudioTrack_05/track.npy,simac,0.6296296296296297,0.0,0.6296296296296297,0.0,0.645549767026635,0.0,0.7727272727272727,0.0
simac/simac_Xatzidakis_08-AudioTrack_08/track.npy,simac,0.8918918918918919,0.0,0.8918918918918919,0.0,0.8050518569135208,0.0,0.9428571428571428,0.0
simac/simac_Xatzidakis_12-AudioTrack_12/track.npy,simac,0.6842105263157895,0.0,0.6842105263157895,0.0,0.7076396134275718,0.0,0.8125000000000001,0.0
simac/simac_Xatzidakis_16-AudioTrack_16/track.npy,simac,0.12,0.0,0.12,0.0,0.3705844991890366,0.0,0.46808510638297873,0.0
simac/simac_Xatzidakis_19-AudioTrack_19/track.npy,simac,0.7368421052631579,0.0,0.7368421052631579,0.0,0.7187711134998833,0.0,0.8484848484848484,0.0
simac/simac_aire_04-La_Vida_Sale/track.npy,simac,0.8928571428571429,0.0,0.8928571428571429,0.0,0.8275518006153079,0.0,0.9433962264150945,0.0
simac/simac_blues_roots_wednesday_night_prayer_meeting/track.npy,simac,0.5,0.0,0.5,0.0,0.4789134275408121,0.0,0.5866666666666667,0.0
simac/simac_greek_Gkoles_-_S_ena_apokrimno_akrogiali/track.npy,simac,0.7916666666666666,0.0,0.7916666666666666,0.0,0.7896300685584859,0.0,0.8837209302325582,0.0
simac/simac_more_greek_04_H_Stamoula/track.npy,simac,0.65,0.0,0.0,0.0,0.6359713453296704,0.0,0.553191489361702,0.0
simac/simac_more_greek_Giannakopoulou_-_O_kipos_empaine_sti_8alassa/track.npy,simac,0.8571428571428571,0.0,0.8571428571428571,0.0,0.8471483217718622,0.0,0.923076923076923,0.0
simac/simac_more_greek_Gkoles_-_Filenaditsa_mou/track.npy,simac,0.8571428571428571,0.0,0.8571428571428571,0.0,0.8520279100914447,0.0,0.923076923076923,0.0
simac/simac_more_greek_Ksylouris_-_Htane_mia_fora/track.npy,simac,0.4090909090909091,0.0,0.4090909090909091,0.0,0.603689334945807,0.0,0.7027027027027029,0.0
simac/simac_more_greek_Ksylouris_-_Pote_8a_kanei_ksasteria/track.npy,simac,0.4117647058823529,0.0,0.041666666666666664,0.0,0.539565481118325,0.0,0.6341463414634146,0.0
simac/simac_more_greek_Mosxoliou_-_Ta_deilina/track.npy,simac,0.8125,0.0,0.8125,0.0,0.6103700071897611,0.0,0.7586206896551724,0.0
simac/simac_more_greek_Mpellou_-_Peftoun_tis_vroxis_oi_stales/track.npy,simac,0.8095238095238095,0.0,0.8095238095238095,0.0,0.8297190825278014,0.0,0.8947368421052632,0.0
simac/simac_more_greek_Vamvakaris_-_Fragkosyriani/track.npy,simac,0.76,0.0,0.76,0.0,0.7595322556523761,0.0,0.8636363636363636,0.0
simac/simac_selected_ambient_works_8592_green_calx/track.npy,simac,0.75,0.0,0.0,0.0,0.3761425290084942,0.0,0.0,0.0
smc/smc_028/track.npy,smc,0.4883720930232558,0.0,0.11290322580645161,0.0,0.47370828249791475,0.0,0.5714285714285715,0.0
smc/smc_061/track.npy,smc,0.5517241379310345,0.0,0.5517241379310345,0.0,0.5625832205588656,0.0,0.7307692307692308,0.0
smc/smc_071/track.npy,smc,0.9787234042553191,0.0,0.9787234042553191,0.0,0.6772475268021722,0.0,0.9032258064516129,0.0
smc/smc_093/track.npy,smc,0.631578947368421,0.0,0.631578947368421,0.0,0.654558142340935,0.0,0.7733333333333334,0.0
smc/smc_101/track.npy,smc,0.13333333333333333,0.0,0.0,0.0,0.38783281768899597,0.0,0.48192771084337344,0.0
smc/smc_116/track.npy,smc,0.038461538461538464,0.0,0.038461538461538464,0.0,0.20095339672642937,0.0,0.2564102564102564,0.0
smc/smc_120/track.npy,smc,0.9814814814814815,0.0,0.9814814814814815,0.0,0.7495067622402886,0.0,0.9719626168224299,0.0
smc/smc_133/track.npy,smc,0.8444444444444444,0.0,0.8444444444444444,0.0,0.5181792309837564,0.0,0.746987951807229,0.0
smc/smc_152/track.npy,smc,0.0,0.0,0.0,0.0,0.4364955277557358,0.0,0.49230769230769234,0.0
smc/smc_154/track.npy,smc,0.1875,0.0,0.1875,0.0,0.31306108065490407,0.0,0.4126984126984127,0.0
smc/smc_158/track.npy,smc,0.08695652173913043,0.0,0.043478260869565216,0.0,0.2226665689055167,0.0,0.2608695652173913,0.0
smc/smc_161/track.npy,smc,0.6938775510204082,0.0,0.6938775510204082,0.0,0.47943556389147346,0.0,0.5952380952380952,0.0
smc/smc_170/track.npy,smc,0.8269230769230769,0.0,0.8269230769230769,0.0,0.6754565369655338,0.0,0.8210526315789475,0.0
smc/smc_184/track.npy,smc,0.9117647058823529,0.0,0.9117647058823529,0.0,0.6074654186958244,0.0,0.8235294117647058,0.0
smc/smc_187/track.npy,smc,0.2916666666666667,0.0,0.2916666666666667,0.0,0.18810020486730075,0.0,0.23255813953488372,0.0
smc/smc_215/track.npy,smc,0.7777777777777778,0.0,0.7777777777777778,0.0,0.6556761387192921,0.0,0.8115942028985507,0.0
smc/smc_221/track.npy,smc,0.26666666666666666,0.0,0.26666666666666666,0.0,0.24020581910111222,0.0,0.3529411764705882,0.0
smc/smc_224/track.npy,smc,0.26666666666666666,0.0,0.26666666666666666,0.0,0.19383206418550672,0.0,0.3092783505154639,0.0
smc/smc_226/track.npy,smc,0.5681818181818182,0.0,0.5681818181818182,0.0,0.3847066419027949,0.0,0.5,0.0
smc/smc_235/track.npy,smc,0.575,0.0,0.575,0.0,0.4792371910335603,0.0,0.5789473684210527,0.0
smc/smc_239/track.npy,smc,0.2702702702702703,0.0,0.2702702702702703,0.0,0.22815741798785918,0.0,0.3384615384615385,0.0
smc/smc_249/track.npy,smc,0.7555555555555555,0.0,0.7555555555555555,0.0,0.667142171305867,0.0,0.7901234567901234,0.0
smc/smc_265/track.npy,smc,0.17857142857142858,0.0,0.17857142857142858,0.0,0.45266302516578377,0.0,0.5826771653543307,0.0
smc/smc_278/track.npy,smc,1.0,0.0,1.0,0.0,0.8671228801731946,0.0,1.0,0.0
smc/smc_280/track.npy,smc,1.0,0.0,1.0,0.0,0.8955474191912698,0.0,1.0,0.0
smc/smc_284/track.npy,smc,1.0,0.0,1.0,0.0,0.9077348779535968,0.0,1.0,0.0
smc/smc_287/track.npy,smc,1.0,0.0,1.0,0.0,0.8311797883812471,0.0,1.0,0.0
tapcorrect/002_youtube_CvMfvuJsYmE/track.npy,tapcorrect,0.8687872763419483,0.046511627906976744,0.8687872763419483,0.023255813953488372,0.9128785007373671,0.08859909889013157,0.9552845528455285,0.09411764705882353
tapcorrect/003_youtube_tXjqKzX28LI/track.npy,tapcorrect,0.9245742092457421,0.9523809523809523,0.9245742092457421,0.9523809523809523,0.8743780128133549,0.8631992150513177,0.9729729729729729,0.9758454106280193
tapcorrect/022_youtube_Z4z0LjchwOo/track.npy,tapcorrect,0.7014925373134329,0.515625,0.7014925373134329,0.515625,0.8108198224972044,0.5915293888831047,0.8345035105315949,0.6065573770491803
tapcorrect/031_youtube_Y8R9ZPT2T-I/track.npy,tapcorrect,0.826530612244898,0.9175257731958762,0.826530612244898,0.9175257731958762,0.8286241603464458,0.8368719524939422,0.936,0.9411764705882353
tapcorrect/034_youtube_F6Dw6ZFmM4c/track.npy,tapcorrect,0.8833619210977701,0.36220472440944884,0.0492091388400703,0.36220472440944884,0.7722282491866881,0.6669061227044562,0.6759581881533101,0.7288888888888888
tapcorrect/039_youtube_ph9NQ8ASmX4/track.npy,tapcorrect,0.6476683937823834,0.6354166666666666,0.6476683937823834,0.6354166666666666,0.8685243100570125,0.752710035554642,0.888888888888889,0.7752808988764045
tapcorrect/054_youtube_UgL4N4Hf1dk/track.npy,tapcorrect,0.9909706546275395,0.990990990990991,0.9909706546275395,0.990990990990991,0.9761534366540534,0.9750142914921652,0.9954648526077097,0.9954751131221719
tapcorrect/061_youtube_KlujizeNNQM/track.npy,tapcorrect,0.975609756097561,0.9516129032258065,0.975609756097561,0.9516129032258065,0.9077301554982237,0.9021718567172952,0.9876543209876543,0.975609756097561
tapcorrect/065_youtube_u9Dg-g7t2l4/track.npy,tapcorrect,0.8746438746438746,0.5348837209302325,0.8746438746438746,0.5348837209302325,0.8648822179265311,0.6515041752165655,0.9174041297935103,0.6783625730994152
tapcorrect/077_youtube_g6FU3s6mbGI/track.npy,tapcorrect,0.7495711835334476,0.5241379310344828,0.11538461538461539,0.21367521367521367,0.7717597290041234,0.7299025263868197,0.6968973747016707,0.7052631578947369
tapcorrect/087_youtube_ej93qIAlhXs/track.npy,tapcorrect,0.9922118380062306,0.9875776397515528,0.9922118380062306,0.9875776397515528,0.9718633814898144,0.9717601311710478,0.9960906958561376,0.99375
tapcorrect/097_youtube_Nco69szMp0Y/track.npy,tapcorrect,0.9660574412532638,0.8514851485148515,0.9660574412532638,0.8514851485148515,0.9056560515326852,0.8753596715504234,0.9735449735449735,0.9333333333333335
asap/Bach_Fugue_bwv_864_SunD01M/track.npy,asap,0.2140221402214022,0.1,0.2140221402214022,0.05,0.6250740756428478,0.2818182972422038,0.6352941176470589,0.28571428571428575
asap/Bach_Fugue_bwv_891_Duepree06M/track.npy,asap,0.564625850340136,0.061224489795918366,0.564625850340136,0.061224489795918366,0.6460217451506003,0.21463709798380082,0.6594202898550725,0.20512820512820512
asap/Bach_Prelude_bwv_848_Denisova06M/track.npy,asap,0.006896551724137931,0.2708333333333333,0.006896551724137931,0.010309278350515464,0.48743150615072184,0.5711301560561248,0.5,0.453125
asap/Bach_Prelude_bwv_848_Lee01M/track.npy,asap,0.0273972602739726,0.2857142857142857,0.00684931506849315,0.030612244897959183,0.49686987488904377,0.5636047502681405,0.5102040816326531,0.5
asap/Bach_Prelude_bwv_848_LeeSH01M/track.npy,asap,0.939799331103679,0.4264705882352941,0.939799331103679,0.35714285714285715,0.9521688572033082,0.7906219624622542,0.9695945945945945,0.8072289156626505
asap/Bach_Prelude_bwv_848_Lin04M/track.npy,asap,0.017123287671232876,0.3673469387755102,0.017123287671232876,0.0,0.49360404428540405,0.5654325114022146,0.5113924050632911,0.4566929133858268
asap/Bach_Prelude_bwv_848_Lou01M/track.npy,asap,0.010309278350515464,0.3541666666666667,0.010309278350515464,0.010309278350515464,0.48025404657185095,0.5927508825156934,0.4948453608247423,0.48062015503875966
asap/Bach_Prelude_bwv_848_MiyashitaM01M/track.npy,asap,0.0136986301369863,0.8653846153846154,0.00684931506849315,0.02040816326530612,0.49519925672779197,0.72618404162263,0.5063938618925831,0.6133333333333333
asap/Bach_Prelude_bwv_848_Mizumoto03M/track.npy,asap,0.0136986301369863,0.40816326530612246,0.0136986301369863,0.01020408163265306,0.4943484904568662,0.63620304094409,0.5063938618925831,0.5151515151515151
asap/Bach_Prelude_bwv_848_SunY01M/track.npy,asap,0.027777777777777776,0.9215686274509803,0.01730103806228374,0.010309278350515464,0.49967624050570353,0.7833680460388137,0.5089058524173028,0.6486486486486487
asap/Bach_Prelude_bwv_848_Zhou01M/track.npy,asap,0.013793103448275862,0.8541666666666666,0.0034482758620689655,0.010309278350515464,0.48563675749380136,0.7785995133668093,0.49350649350649356,0.6338028169014084
asap/Bach_Prelude_bwv_860_Ko04M/track.npy,asap,0.8625954198473282,0.4666666666666667,0.8625954198473282,0.0,0.9353591913043536,0.6598984502744296,0.9568627450980393,0.5483870967741935
asap/Bach_Prelude_bwv_860_Nikiforov05M/track.npy,asap,0.40458015267175573,0.3617021276595745,0.40458015267175573,0.02127659574468085,0.7893864067794978,0.5874397588196647,0.8105726872246696,0.5
asap/Bach_Prelude_bwv_860_Tetzloff04M/track.npy,asap,0.7518796992481203,0.5384615384615384,0.7518796992481203,0.0,0.8593322340517371,0.4882171421164625,0.8897338403041826,0.42857142857142866
asap/Bach_Prelude_bwv_860_TuanS01M/track.npy,asap,0.4621212121212121,0.6666666666666666,0.4621212121212121,0.0,0.7639455353683894,0.6066412972022944,0.7950819672131147,0.5
asap/Bach_Prelude_bwv_860_YoungS01M/track.npy,asap,0.8529411764705882,0.4166666666666667,0.022900763358778626,0.4166666666666667,0.7589735700062361,0.7636444205872576,0.6733668341708542,0.7804878048780487
asap/Bach_Prelude_bwv_860_ZhangH04M/track.npy,asap,0.5681818181818182,0.9393939393939394,0.5681818181818182,0.0,0.8490115991078877,0.7722366270519703,0.8691983122362869,0.64
asap/Bach_Prelude_bwv_883_GuoE01M/track.npy,asap,0.562753036437247,0.11320754716981132,0.23618090452261306,0.11320754716981132,0.7411877600838891,0.4397851046513225,0.7554179566563468,0.4631578947368421
asap/Bach_Prelude_bwv_883_LuM01M/track.npy,asap,0.46938775510204084,0.05128205128205128,0.34615384615384615,0.04878048780487805,0.7647978263377881,0.4055327433970361,0.7934426229508197,0.42500000000000004
asap/Bach_Prelude_bwv_885_Guo01M/track.npy,asap,0.9938271604938271,0.38461538461538464,0.0,0.029411764705882353,0.7743592231146375,0.5582962688561501,0.6584362139917695,0.5555555555555556
asap/Bach_Prelude_bwv_885_Huang04M/track.npy,asap,0.9575757575757575,0.1794871794871795,0.0,0.0,0.7736040871330225,0.36010953253252875,0.6585365853658536,0.34615384615384615
asap/Bach_Prelude_bwv_885_JeonH01M/track.npy,asap,0.9636363636363636,0.1794871794871795,0.012121212121212121,0.0,0.7280797231305349,0.3169401436446114,0.6639676113360323,0.32727272727272727
asap/Bach_Prelude_bwv_885_SINKEV06/track.npy,asap,0.7975460122699386,0.045454545454545456,0.0,0.045454545454545456,0.06339387286284924,3.1820594220464363e-74,0.07377049180327867,0.0
asap/Beethoven_Piano_Sonatas_23-1_Duepree05M/track.npy,asap,0.6776315789473685,0.5777027027027027,0.6776315789473685,0.5777027027027027,0.7534313294348665,0.7297054513962493,0.8064669519733714,0.7661870503597124
asap/Beethoven_Piano_Sonatas_23-1_Guo03M/track.npy,asap,0.6770025839793282,0.5714285714285714,0.6770025839793282,0.5714285714285714,0.7729999117072931,0.7417557236629239,0.8290909090909091,0.7827529021558873
asap/Beethoven_Piano_Sonatas_23-1_LiuC02M/track.npy,asap,0.6482504604051565,0.5849673202614379,0.6482504604051565,0.5849673202614379,0.7642310991511225,0.7374070738265127,0.8060263653483992,0.7703180212014133
asap/Beethoven_Piano_Sonatas_23-1_Mizumoto06M/track.npy,asap,0.7212806026365348,0.6164383561643836,0.7212806026365348,0.6164383561643836,0.7699763927628658,0.7524457445907468,0.8300809138505473,0.7862318840579711
asap/Beethoven_Piano_Sonatas_23-1_Teo02M/track.npy,asap,0.7176050044682752,0.49117647058823527,0.7176050044682752,0.49117647058823527,0.8005939265503506,0.7247952085954472,0.8567454798331015,0.7766666666666667
asap/Beethoven_Piano_Sonatas_23-1_Yi02M/track.npy,asap,0.7386046511627907,0.49044585987261147,0.7386046511627907,0.49044585987261147,0.802051209246514,0.7505622872670846,0.859981078524125,0.7874564459930313
asap/Beethoven_Piano_Sonatas_26-2_HONG05M/track.npy,asap,0.6388888888888888,0.2222222222222222,0.011111111111111112,0.14545454545454545,0.5924352266419951,0.45296380412562604,0.5648854961832062,0.5208333333333334
asap/Beethoven_Piano_Sonatas_27-2_GiacomelliN05M/track.npy,asap,0.8208695652173913,0.25165562913907286,0.8208695652173913,0.15331010452961671,0.8520736472346236,0.563253115716849,0.8879082082965579,0.593607305936073
asap/Beethoven_Piano_Sonatas_7-4_Larionova04M/track.npy,asap,0.6295546558704453,0.4246575342465753,0.6295546558704453,0.1952662721893491,0.7574363695648788,0.6094119150546884,0.7909967845659164,0.6021505376344086
asap/Beethoven_Piano_Sonatas_7-4_LeeS05M/track.npy,asap,0.6262833675564682,0.4520547945205479,0.6262833675564682,0.18681318681318682,0.7537890651612006,0.6023595483077694,0.7961165048543688,0.5958904109589042
asap/Beethoven_Piano_Sonatas_8-3_Na06M/track.npy,asap,0.7239819004524887,0.6116504854368932,0.7239819004524887,0.6116504854368932,0.8598607641942696,0.7857093356936831,0.8875878220140515,0.8042328042328043
asap/Chopin_Berceuse_op_57_LeungM07M/track.npy,asap,0.29957805907172996,0.42962962962962964,0.29957805907172996,0.29906542056074764,0.6457667390403528,0.7087316561371384,0.6863270777479893,0.7542857142857143
asap/Chopin_Berceuse_op_57_MiyashitaM06M/track.npy,asap,0.23868312757201646,0.4,0.23868312757201646,0.4,0.6017439721423209,0.6713570855684827,0.668421052631579,0.7804878048780488
asap/Chopin_Berceuse_op_57_Tario07M/track.npy,asap,0.49714285714285716,0.5777777777777777,0.49714285714285716,0.5777777777777777,0.7128468699331372,0.7756954665434097,0.7692307692307693,0.8301886792452831
asap/Chopin_Berceuse_op_57_Teo11M/track.npy,asap,0.056485355648535567,0.5636363636363636,0.012552301255230125,0.10909090909090909,0.3046478316134651,0.39499893004847997,0.39674796747967483,0.5470085470085471
asap/Chopin_Berceuse_op_57_ZhangE09M/track.npy,asap,0.29515418502202645,0.48175182481751827,0.29515418502202645,0.29906542056074764,0.6610465460060244,0.7025998520893162,0.7142857142857143,0.7613636363636365
asap/Chopin_Etudes_op_10_12_Bult-ItoS04M/track.npy,asap,0.345679012345679,0.8160919540229885,0.23148148148148148,0.8160919540229885,0.6075801278954123,0.7867888754181982,0.6278659611992945,0.8452380952380952
asap/Chopin_Etudes_op_10_12_HuNY03M/track.npy,asap,0.4606741573033708,0.4948453608247423,0.4606741573033708,0.4948453608247423,0.6806113277960878,0.6891678481744352,0.7245949926362296,0.7303370786516855
asap/Chopin_Etudes_op_10_12_LuoJ08M/track.npy,asap,0.6420118343195266,0.7282608695652174,0.6420118343195266,0.7282608695652174,0.7897962085363597,0.7929418347344313,0.8260211800302572,0.8323699421965318
asap/Chopin_Etudes_op_10_12_WuuE06M/track.npy,asap,0.6780185758513931,0.43636363636363634,0.6780185758513931,0.43636363636363634,0.7959366751578906,0.688619289855663,0.834920634920635,0.7434554973821991
asap/Chopin_Etudes_op_10_12_ZhangYunling02M/track.npy,asap,0.6604938271604939,0.6966292134831461,0.6604938271604939,0.6966292134831461,0.7760610291000519,0.7415662747527294,0.8272583201267829,0.7882352941176471
asap/Chopin_Etudes_op_25_1_LeeN03M/track.npy,asap,0.0733652312599681,0.0,0.0,0.0,0.46275279723894286,0.38159556489283086,0.4422604422604422,0.36885245901639346
asap/Chopin_Etudes_op_25_1_TongB02M/track.npy,asap,0.16741071428571427,0.21476510067114093,0.08928571428571429,0.0,0.4971489045625891,0.36840265474055944,0.5543307086614173,0.4285714285714285
asap/Chopin_Etudes_op_25_1_TuanS04M/track.npy,asap,0.09791666666666667,0.07236842105263158,0.09791666666666667,0.013157894736842105,0.5189842143338526,0.4204875673927727,0.5427286356821589,0.43216080402010054
asap/Chopin_Etudes_op_25_1_Wong03M/track.npy,asap,0.22772277227722773,0.11875,0.02574257425742574,0.0,0.5334297254086589,0.431978191620425,0.514450867052023,0.41545893719806765
asap/Debussy_Images_Book_1_1_Reflets_dans_lEau_Kleisen11M/track.npy,asap,0.3787465940054496,0.20765027322404372,0.3787465940054496,0.19083969465648856,0.5536253949538096,0.473361526391458,0.6017191977077364,0.5112107623318386
asap/Debussy_Images_Book_1_1_Reflets_dans_lEau_ParkJH13M/track.npy,asap,0.30708661417322836,0.20218579234972678,0.30708661417322836,0.12962962962962962,0.5508302984162563,0.4336261837842621,0.5847797062750334,0.4566929133858268
asap/Haydn_Keyboard_Sonatas_46-1_WongWY02M/track.npy,asap,0.41708542713567837,0.6210045662100456,0.41708542713567837,0.047619047619047616,0.7396180180690597,0.5845588777915748,0.766859344894027,0.5351170568561874
asap/Haydn_Keyboard_Sonatas_46-1_YuP03M/track.npy,asap,0.8244444444444444,0.4611872146118721,0.8244444444444444,0.12101910828025478,0.8314165026410869,0.5735554229659982,0.8641975308641975,0.5692883895131087
asap/Liszt_Transcendental_Etudes_3_Huang14M/track.npy,asap,0.4926829268292683,0.22340425531914893,0.4926829268292683,0.2,0.5991373136077272,0.30979202614118034,0.6313131313131314,0.32258064516129026
asap/Liszt_Transcendental_Etudes_5_Huang16M/track.npy,asap,0.6731141199226306,0.3105590062111801,0.025691699604743084,0.3105590062111801,0.6101485248477636,0.4585367039051987,0.538562091503268,0.48797250859106533
asap/Liszt_Transcendental_Etudes_5_LiuY06M/track.npy,asap,0.7038461538461539,0.33852140077821014,0.015384615384615385,0.2222222222222222,0.6465442934386232,0.5608053879498345,0.5784061696658098,0.599388379204893
asap/Liszt_Transcendental_Etudes_5_Min03M/track.npy,asap,0.580896686159844,0.445859872611465,0.057692307692307696,0.445859872611465,0.63134297716537,0.5905689448123435,0.5903448275862069,0.6433566433566433
asap/Liszt_Transcendental_Etudes_5_Park03M/track.npy,asap,0.5617977528089888,0.171875,0.04119850187265917,0.171875,0.6022767312128636,0.4339283960142056,0.5479797979797979,0.4610591900311527
asap/Liszt_Transcendental_Etudes_5_Wang06M/track.npy,asap,0.7067961165048544,0.3,0.049689440993788817,0.3,0.6668001930811788,0.5148206535801878,0.5910931174089068,0.5551839464882943
asap/Liszt_Transcendental_Etudes_5_WangY02M/track.npy,asap,0.5281553398058253,0.23952095808383234,0.033663366336633666,0.23952095808383234,0.5626210962121367,0.3821223127213324,0.5321100917431193,0.42567567567567566
asap/Schubert_Impromptu_op142_1_Kleisen10M/track.npy,asap,0.5807106598984771,0.42105263157894735,0.5807106598984771,0.42105263157894735,0.7880684566939793,0.6875450242293758,0.8359846407021394,0.736842105263158
asap/Schubert_Impromptu_op142_1_Lisiecki10M/track.npy,asap,0.7030685920577617,0.6180555555555556,0.7030685920577617,0.6180555555555556,0.7699458695230238,0.7450436586458941,0.813266696955929,0.7864768683274023
asap/Schubert_Impromptu_op142_1_Ozaki07M/track.npy,asap,0.6906693711967545,0.4756554307116105,0.6906693711967545,0.4756554307116105,0.8431486970756729,0.7472872927807219,0.8767268862911796,0.7859922178988326
ballroom/ballroom_Albums-AnaBelen_Veneo-13/track.npy,ballroom,1.0,1.0,1.0,1.0,0.9555677038383191,0.9290449166506355,1.0,1.0
ballroom/ballroom_Albums-Ballroom_Classics4-02/track.npy,ballroom,1.0,1.0,1.0,1.0,0.857881669316383,0.8827230423812368,0.9444444444444444,1.0
ballroom/ballroom_Albums-Ballroom_Classics4-18/track.npy,ballroom,1.0,1.0,1.0,1.0,0.9586316102036248,0.9664200590705546,1.0,1.0
ballroom/ballroom_Albums-Ballroom_Magic-09/track.npy,ballroom,1.0,1.0,1.0,1.0,0.9372425185778841,0.9486237482295036,1.0,1.0
ballroom/ballroom_Albums-Ballroom_Magic-15/track.npy,ballroom,1.0,1.0,1.0,1.0,0.9547734497611263,0.9578181152188167,1.0,1.0
ballroom/ballroom_Albums-Cafe_Paradiso-03/track.npy,ballroom,1.0,1.0,1.0,1.0,0.9650501258216926,0.968216302905557,1.0,1.0
ballroom/ballroom_Albums-Chrisanne1-03/track.npy,ballroom,1.0,1.0,1.0,1.0,0.7577422278431828,0.8623072474729413,0.9705882352941176,1.0
ballroom/ballroom_Albums-Chrisanne1-07/track.npy,ballroom,1.0,1.0,1.0,1.0,0.9372189799838948,0.9380754171931458,1.0,1.0
ballroom/ballroom_Albums-Chrisanne1-08/track.npy,ballroom,0.972972972972973,1.0,0.972972972972973,1.0,0.8228974794832468,0.8172634996189001,0.979591836734694,0.96
ballroom/ballroom_Albums-Chrisanne1-12/track.npy,ballroom,0.963855421686747,1.0,0.963855421686747,1.0,0.8980194509059358,0.8736209489073711,0.963855421686747,0.9523809523809523
ballroom/ballroom_Albums-Chrisanne3-03/track.npy,ballroom,1.0,0.16666666666666666,1.0,0.16666666666666666,0.9162230692567298,0.38948502607390006,0.9722222222222222,0.4
ballroom/ballroom_Albums-Chrisanne3-13/track.npy,ballroom,0.9764705882352941,0.9545454545454546,0.9764705882352941,0.9545454545454546,0.9064664329142873,0.8922687786886615,0.9882352941176471,0.9767441860465117
ballroom/ballroom_Albums-Fire-12/track.npy,ballroom,1.0,1.0,1.0,1.0,0.978881015525216,0.9839238565285505,1.0,1.0
ballroom/ballroom_Albums-I_Like_It2-02/track.npy,ballroom,0.9433962264150944,0.9230769230769231,0.9433962264150944,0.9230769230769231,0.9479893831323473,0.9368836631443664,0.970873786407767,0.9600000000000001
ballroom/ballroom_Albums-I_Like_It2-09/track.npy,ballroom,1.0,1.0,1.0,1.0,0.7858040409187054,0.7672936006256864,1.0,1.0
ballroom/ballroom_Albums-Latin_Jam2-02/track.npy,ballroom,1.0,1.0,1.0,1.0,0.9703997546175777,0.9622284863238294,1.0,1.0
ballroom/ballroom_Albums-Latin_Jam3-02/track.npy,ballroom,0.9807692307692307,0.18181818181818182,0.9807692307692307,0.15384615384615385,0.9589150141890811,0.24457296171690587,0.9807692307692307,0.24999999999999994
ballroom/ballroom_Albums-Latin_Jam3-09/track.npy,ballroom,1.0,1.0,1.0,1.0,0.9718246174126841,0.978271769397428,1.0,1.0
ballroom/ballroom_Albums-Latin_Jam4-02/track.npy,ballroom,1.0,1.0,1.0,1.0,0.9825635052794487,0.9783832194061042,1.0,1.0
ballroom/ballroom_Albums-Latino_Latino-04/track.npy,ballroom,0.7731958762886598,0.07692307692307693,0.011363636363636364,0.07692307692307693,0.7155345930114838,0.20961153574138203,0.5693430656934307,0.21052631578947367
ballroom/ballroom_Albums-Macumba-06/track.npy,ballroom,1.0,1.0,1.0,1.0,0.9821551478152403,0.9881521147748437,1.0,1.0
ballroom/ballroom_Albums-Macumba-14/track.npy,ballroom,0.9861111111111112,0.5555555555555556,0.9861111111111112,0.5555555555555556,0.9724898513805826,0.6904890080129713,0.993006993006993,0.7058823529411765
ballroom/ballroom_Albums-Mambo_Kings-12/track.npy,ballroom,0.9183673469387755,0.9166666666666666,0.9183673469387755,0.9166666666666666,0.9591206305435588,0.9437193806749768,0.9791666666666666,0.9565217391304348
ballroom/ballroom_Albums-Pais_Tropical-03/track.npy,ballroom,1.0,1.0,1.0,1.0,0.9863388826930989,0.9906267828561685,1.0,1.0
ballroom/ballroom_Albums-Pais_Tropical-13/track.npy,ballroom,1.0,1.0,1.0,1.0,0.981050649591151,0.9843320977927621,1.0,1.0
ballroom/ballroom_Albums-Secret_Garden-06/track.npy,ballroom,0.9,0.7692307692307693,0.9,0.7692307692307693,0.8128998980674634,0.875863350477574,0.961038961038961,0.9600000000000001
ballroom/ballroom_Albums-Step_By_Step-02/track.npy,ballroom,0.972972972972973,0.9166666666666666,0.972972972972973,0.9166666666666666,0.8979470322235348,0.8835669501040002,0.9863013698630138,0.9565217391304348
ballroom/ballroom_Albums-Step_By_Step-08/track.npy,ballroom,1.0,1.0,1.0,1.0,0.9554770970841829,0.9443100692653886,1.0,1.0
ballroom/ballroom_Albums-StrictlyDancing_Tango-06/track.npy,ballroom,0.98,0.9230769230769231,0.98,0.9230769230769231,0.8724304732393657,0.8574625824982399,0.98989898989899,0.9600000000000001
ballroom/ballroom_Albums-StrictlyDancing_Tango-11/track.npy,ballroom,1.0,1.0,1.0,1.0,0.9298464245366078,0.9387267224501067,1.0,1.0
ballroom/ballroom_Media-103302/track.npy,ballroom,1.0,1.0,1.0,1.0,0.9450302632828044,0.9171179365980552,1.0,1.0
ballroom/ballroom_Media-103304/track.npy,ballroom,1.0,1.0,1.0,1.0,0.9620584511283519,0.9347162805810523,1.0,1.0
ballroom/ballroom_Media-103305/track.npy,ballroom,1.0,1.0,1.0,1.0,0.9426322111281431,0.9555354766171624,1.0,1.0
ballroom/ballroom_Media-103307/track.npy,ballroom,1.0,1.0,1.0,1.0,0.9101273895487054,0.901476456378232,1.0,1.0
ballroom/ballroom_Media-103312/track.npy,ballroom,1.0,1.0,1.0,1.0,0.9659517611696707,0.9671491041436656,1.0,1.0
ballroom/ballroom_Media-103313/track.npy,ballroom,0.9883720930232558,0.38095238095238093,0.9883720930232558,0.38095238095238093,0.9486240069179002,0.6362629158983937,0.9941520467836257,0.6666666666666666
ballroom/ballroom_Media-103405/track.npy,ballroom,1.0,1.0,1.0,1.0,0.9736625992201233,0.9523463765676444,1.0,1.0
ballroom/ballroom_Media-103407/track.npy,ballroom,0.9811320754716981,1.0,0.9811320754716981,1.0,0.9757772342984233,0.9818499048319818,0.9904761904761905,1.0
ballroom/ballroom_Media-103411/track.npy,ballroom,0.9803921568627451,1.0,0.9803921568627451,1.0,0.9744136680857084,0.9757263094582417,0.99009900990099,1.0
ballroom/ballroom_Media-103502/track.npy,ballroom,0.9761904761904762,0.9090909090909091,0.9761904761904762,0.9090909090909091,0.9393392485043683,0.8717046263556834,0.9879518072289156,0.9523809523809523
ballroom/ballroom_Media-103507/track.npy,ballroom,0.9807692307692307,0.9230769230769231,0.9807692307692307,0.9230769230769231,0.9645261814779214,0.9424156691359393,0.9902912621359222,0.9600000000000001
ballroom/ballroom_Media-103508/track.npy,ballroom,1.0,1.0,1.0,1.0,0.9558863967823206,0.9618206984382538,1.0,1.0
ballroom/ballroom_Media-103701/track.npy,ballroom,1.0,1.0,1.0,1.0,0.9853352449053608,0.9757736503676617,1.0,1.0
ballroom/ballroom_Media-103704/track.npy,ballroom,1.0,1.0,1.0,1.0,0.9760874864521147,0.9787780876192218,1.0,1.0
ballroom/ballroom_Media-103705/track.npy,ballroom,1.0,1.0,1.0,1.0,0.9581661261810247,0.9673214923407861,1.0,1.0
ballroom/ballroom_Media-103706/track.npy,ballroom,1.0,1.0,1.0,1.0,0.972179343754489,0.9567848925995579,1.0,1.0
ballroom/ballroom_Media-103710/track.npy,ballroom,0.975609756097561,1.0,0.975609756097561,1.0,0.9513160160670444,0.9875453087978858,0.9876543209876543,1.0
ballroom/ballroom_Media-103814/track.npy,ballroom,1.0,1.0,1.0,1.0,0.9707288363525981,0.9791011296299799,1.0,1.0
ballroom/ballroom_Media-103817/track.npy,ballroom,0.96875,1.0,0.96875,1.0,0.9309422893790719,0.9731192541854424,0.9841269841269841,1.0
ballroom/ballroom_Media-103917/track.npy,ballroom,1.0,1.0,1.0,1.0,0.9761855537143321,0.9876160262173678,1.0,1.0
ballroom/ballroom_Media-104017/track.npy,ballroom,1.0,1.0,1.0,1.0,0.9793207398948912,0.9671871252336612,1.0,1.0
ballroom/ballroom_Media-104112/track.npy,ballroom,1.0,1.0,1.0,1.0,0.9291245792918764,0.9145869120737505,1.0,1.0
ballroom/ballroom_Media-104114/track.npy,ballroom,0.9761904761904762,1.0,0.9761904761904762,1.0,0.9339604447111322,0.9618113670453345,0.9879518072289156,1.0
ballroom/ballroom_Media-104118/track.npy,ballroom,0.9726027397260274,1.0,0.9726027397260274,1.0,0.9568428429832806,0.9690605139710718,0.9861111111111112,1.0
ballroom/ballroom_Media-104303/track.npy,ballroom,1.0,1.0,1.0,1.0,0.9125095902025395,0.8829366826439152,0.9722222222222222,0.9166666666666666
ballroom/ballroom_Media-104401/track.npy,ballroom,1.0,1.0,1.0,1.0,0.9695327005324736,0.9755398108682861,1.0,1.0
ballroom/ballroom_Media-104404/track.npy,ballroom,0.9821428571428571,1.0,0.9821428571428571,1.0,0.9177610889636835,0.9250434129834836,0.9909909909909909,1.0
ballroom/ballroom_Media-104416/track.npy,ballroom,0.9886363636363636,0.7391304347826086,0.9886363636363636,0.7391304347826086,0.943969840966634,0.8385153843397278,0.9942857142857142,0.888888888888889
ballroom/ballroom_Media-104418/track.npy,ballroom,0.9662921348314607,0.9545454545454546,0.9662921348314607,0.9545454545454546,0.9624578226259612,0.9590387346246771,0.9828571428571428,0.9767441860465117
ballroom/ballroom_Media-104701/track.npy,ballroom,1.0,1.0,1.0,1.0,0.9008013295661086,0.8886992857524422,0.9714285714285714,1.0
ballroom/ballroom_Media-104709/track.npy,ballroom,0.9636363636363636,0.9285714285714286,0.9636363636363636,0.9285714285714286,0.9102112505682058,0.8991759785648056,0.9814814814814815,0.962962962962963
ballroom/ballroom_Media-104710/track.npy,ballroom,0.6909090909090909,1.0,0.0,1.0,0.4087438038369525,2.5048167060793945e-05,0.0,0.0
ballroom/ballroom_Media-104712/track.npy,ballroom,0.9210526315789473,1.0,0.9210526315789473,1.0,0.7360093149268447,0.8216586330302502,0.9605263157894737,1.0
ballroom/ballroom_Media-104716/track.npy,ballroom,0.9764705882352941,0.9523809523809523,0.9764705882352941,0.9523809523809523,0.9642315948737674,0.9571702908884258,0.988095238095238,0.975609756097561
ballroom/ballroom_Media-104805/track.npy,ballroom,0.8717948717948718,0.9230769230769231,0.8717948717948718,0.9230769230769231,0.8316143701776278,0.8283791892366815,0.9210526315789475,0.8799999999999999
ballroom/ballroom_Media-104909/track.npy,ballroom,0.9866666666666667,1.0,0.9866666666666667,1.0,0.9403488288839232,0.9424468913947621,0.9932885906040269,1.0
ballroom/ballroom_Media-105007/track.npy,ballroom,0.9473684210526315,1.0,0.9473684210526315,1.0,0.65285966372622,0.6709879388649221,0.8378378378378377,0.8333333333333334
ballroom/ballroom_Media-105107/track.npy,ballroom,0.9814814814814815,1.0,0.9814814814814815,1.0,0.9037940122624643,0.9685984421480113,0.9719626168224299,1.0
ballroom/ballroom_Media-105108/track.npy,ballroom,0.9814814814814815,1.0,0.9814814814814815,1.0,0.9356797633192676,0.9331374917168477,0.9906542056074767,1.0
ballroom/ballroom_Media-105112/track.npy,ballroom,0.9733333333333334,1.0,0.9733333333333334,1.0,0.8868692333597102,0.9247323892708365,0.9932885906040269,1.0
ballroom/ballroom_Media-105320/track.npy,ballroom,0.9772727272727273,0.9545454545454546,0.9772727272727273,0.9545454545454546,0.9701883183892495,0.9506846093631957,0.9885057471264368,0.9767441860465117
ballroom/ballroom_Media-105501/track.npy,ballroom,1.0,1.0,1.0,1.0,0.8746436524377353,0.8563968081071344,1.0,1.0
ballroom/ballroom_Media-105605/track.npy,ballroom,0.9622641509433962,1.0,0.9622641509433962,1.0,0.96327290273024,0.9832934026968144,0.9807692307692307,1.0
ballroom/ballroom_Media-105608/track.npy,ballroom,1.0,1.0,1.0,1.0,0.9465495995189501,0.9201441903649406,1.0,1.0
ballroom/ballroom_Media-105612/track.npy,ballroom,0.9772727272727273,1.0,0.9772727272727273,1.0,0.8869570166410153,0.9177436060495677,0.9885057471264368,1.0
ballroom/ballroom_Media-105613/track.npy,ballroom,0.9772727272727273,0.9090909090909091,0.9772727272727273,0.9090909090909091,0.9637512794339012,0.9333532209906704,0.9885057471264368,0.9523809523809523
ballroom/ballroom_Media-105702/track.npy,ballroom,1.0,1.0,1.0,1.0,0.8829433925125074,0.8508106501964064,1.0,1.0
ballroom/ballroom_Media-105705/track.npy,ballroom,0.9636363636363636,1.0,0.9636363636363636,1.0,0.8943474717829907,0.9283992516430685,0.9814814814814815,1.0
ballroom/ballroom_Media-105810/track.npy,ballroom,0.9863013698630136,0.96,0.9863013698630136,0.96,0.9612672336448004,0.9610397004542521,0.993103448275862,0.9795918367346939
ballroom/ballroom_Media-106003/track.npy,ballroom,0.9772727272727273,0.5384615384615384,0.9772727272727273,0.5384615384615384,0.9634928696521537,0.8255006984498525,0.9885057471264368,0.8333333333333333
ballroom/ballroom_Media-106006/track.npy,ballroom,0.9629629629629629,0.9285714285714286,0.9629629629629629,0.9285714285714286,0.961675614532342,0.9402814594326118,0.9811320754716981,0.962962962962963
ballroom/ballroom_Media-106010/track.npy,ballroom,0.95,0.8,0.95,0.8,0.9446369774115942,0.889286704783812,0.9743589743589743,0.9
ballroom/ballroom_Media-106102/track.npy,ballroom,0.9629629629629629,0.9285714285714286,0.9629629629629629,0.9285714285714286,0.9630352508966797,0.9298665939840773,0.9811320754716981,0.962962962962963
ballroom/ballroom_Media-106106/track.npy,ballroom,1.0,0.9090909090909091,1.0,0.9090909090909091,0.9863546782445676,0.9375681740442087,1.0,0.9523809523809523
ballroom/ballroom_Media-106111/track.npy,ballroom,0.9545454545454546,0.9090909090909091,0.9545454545454546,0.9090909090909091,0.9266511059319739,0.9066806385472965,0.9767441860465117,0.9523809523809523
beatles/beatles_01_Please_Please_Me_05_Boys/track.npy,beatles,0.9939024390243902,0.8505747126436781,0.9939024390243902,0.8505747126436781,0.9308339311355796,0.8573605945070009,0.9969418960244648,0.9230769230769231
beatles/beatles_01_Please_Please_Me_09_P_S_I_Love_You/track.npy,beatles,0.8303886925795053,0.9285714285714286,0.8303886925795053,0.9285714285714286,0.8927686698210047,0.9059086687583083,0.9537892791127541,0.962962962962963
beatles/beatles_02_With_the_Beatles_06_Till_There_Was_You/track.npy,beatles,0.9920948616600791,1.0,0.9920948616600791,1.0,0.8913996835612154,0.9183221218633609,0.9960474308300395,1.0
beatles/beatles_02_With_the_Beatles_14_Money/track.npy,beatles,0.9941176470588236,0.8352941176470589,0.9941176470588236,0.8352941176470589,0.9446593165799645,0.8711031614364837,0.995581737849779,0.9166666666666667
beatles/beatles_03_A_Hard_Days_Night_07_Cant_Buy_Me_Love/track.npy,beatles,0.9886363636363636,0.9545454545454546,0.9886363636363636,0.9545454545454546,0.8980633434604526,0.8897980263892585,0.9943019943019943,0.9885057471264368
beatles/beatles_04_Beatles_for_Sale_02_Im_a_Loser/track.npy,beatles,0.6047058823529412,0.6261682242990654,0.2222222222222222,0.16279069767441862,0.5476412756003255,0.5305204322046457,0.7423423423423423,0.6857142857142857
beatles/beatles_04_Beatles_for_Sale_10_Honey_Dont/track.npy,beatles,0.9804347826086957,0.8956521739130435,0.9804347826086957,0.8956521739130435,0.5851963640455123,0.5337540968380494,0.9956331877729258,0.968609865470852
beatles/beatles_05_Help_08_Act_Naturally/track.npy,beatles,0.9954128440366973,0.9636363636363636,0.9954128440366973,0.9636363636363636,0.9492568383266136,0.9381335020684554,0.9977011494252873,0.9908256880733944
beatles/beatles_05_Help_09_Its_Only_Love/track.npy,beatles,0.9950248756218906,1.0,0.9950248756218906,1.0,0.9105153507294494,0.9112355894113605,0.9975062344139651,1.0
beatles/beatles_06_Rubber_Soul_08_What_Goes_On/track.npy,beatles,0.48520710059171596,0.6456692913385826,0.3394736842105263,0.6456692913385826,0.7945312909624949,0.8667975499213378,0.7981072555205047,0.8965517241379312
beatles/beatles_06_Rubber_Soul_14_Run_For_Your_Life/track.npy,beatles,0.9897435897435898,1.0,0.0,0.0,0.7769989081996624,0.7854735636803345,0.6643835616438356,0.6712328767123288
beatles/beatles_07_Revolver_02_Eleanor_Rigby/track.npy,beatles,0.6708074534161491,0.7160493827160493,0.6708074534161491,0.7160493827160493,0.7504056813972295,0.7278199361308778,0.8918918918918919,0.8590604026845637
beatles/beatles_08_Sgt_Peppers_Lonely_Hearts_Club_Band_03_Lucy_In_The_Sky_With_Diamonds/track.npy,beatles,0.6855670103092784,0.6410256410256411,0.6855670103092784,0.6410256410256411,0.7575330306112341,0.767573950831616,0.8346883468834688,0.8826291079812206
beatles/beatles_08_Sgt_Peppers_Lonely_Hearts_Club_Band_04_Getting_Better/track.npy,beatles,0.9969604863221885,1.0,0.9969604863221885,1.0,0.9306771508564701,0.9297514052566996,0.9984779299847794,1.0
beatles/beatles_09_Magical_Mystery_Tour_01_Magical_Mystery_Tour/track.npy,beatles,0.6452830188679245,0.5652173913043478,0.6452830188679245,0.5652173913043478,0.7601906690350445,0.7547502636478334,0.8725868725868726,0.8484848484848485
beatles/beatles_10_CD1_The_Beatles_01_Back_in_the_USSR/track.npy,beatles,0.9830028328611898,0.9662921348314607,0.9830028328611898,0.9662921348314607,0.9633035453407736,0.9442759738964297,0.9914772727272727,0.9775280898876404
beatles/beatles_10_CD1_The_Beatles_02_Dear_Prudence/track.npy,beatles,0.6997167138810199,0.34,0.6997167138810199,0.34,0.800335228977026,0.6526741401678038,0.8940809968847353,0.6820809248554913
beatles/beatles_10_CD2_The_Beatles_08_Revolution_1/track.npy,beatles,0.9711538461538461,0.6851851851851852,0.9711538461538461,0.6851851851851852,0.9305426290399621,0.7460218148962288,0.9842424242424243,0.794392523364486
beatles/beatles_10_CD2_The_Beatles_10_Savoy_Truffle/track.npy,beatles,0.9912280701754386,0.9764705882352941,0.9912280701754386,0.9764705882352941,0.933654784705854,0.9309388439554203,0.9912023460410556,0.9764705882352941
beatles/beatles_11_Abbey_Road_02_Something/track.npy,beatles,1.0,1.0,1.0,1.0,0.9428142913895831,0.9523741408888823,0.9947089947089947,1.0
beatles/beatles_11_Abbey_Road_03_Maxwells_Silver_Hammer/track.npy,beatles,0.7254004576659039,0.8256880733944955,0.7254004576659039,0.8256880733944955,0.8543273052662975,0.8802810163340558,0.9262899262899262,0.9519230769230769
beatles/beatles_12_Let_It_Be_01_Two_of_Us/track.npy,beatles,0.978319783197832,0.4019607843137255,0.978319783197832,0.08021390374331551,0.9221366759611461,0.6112902206191225,0.9864130434782609,0.6505190311418685
beatles/beatles_12_Let_It_Be_05_Dig_It/track.npy,beatles,0.8434782608695652,0.868421052631579,0.8434782608695652,0.868421052631579,0.8790001770859581,0.8900340807177776,0.9150943396226415,0.9295774647887324
candombe/csic.1995_ansina2_04/track.npy,candombe,0.99880810488677,1.0,0.99880810488677,1.0,0.9565097150540288,0.9624991364872801,0.9994036970781157,1.0
candombe/proyecto.1992_gimenez_02/track.npy,candombe,0.9464566929133859,1.0,0.9464566929133859,1.0,0.7080524058581187,0.6808227913245485,0.9086614173228347,0.8930817610062893
candombe/zavala.muniz.2014_48/track.npy,candombe,0.9969230769230769,1.0,0.9969230769230769,1.0,0.9734893734339212,0.9753220489634468,0.9984591679506933,1.0
candombe/zavala.muniz.2014_53/track.npy,candombe,0.9953271028037384,1.0,0.9953271028037384,1.0,0.9620602266580744,0.9572994112162092,0.9976635514018691,0.9906542056074766
filosax/filosax_08/track.npy,filosax,0.9969666329625885,0.828996282527881,0.9969666329625885,0.828996282527881,0.9414590043068115,0.8899763118515891,0.9984810126582278,0.9514563106796117
filosax/filosax_15/track.npy,filosax,0.9900414937759336,0.9966777408637874,0.9900414937759336,0.9966777408637874,0.9277065648022723,0.9198638178707509,0.9962577962577963,0.9983361064891847
filosax/filosax_21/track.npy,filosax,0.9928469241773963,0.9314285714285714,0.9928469241773963,0.9314285714285714,0.9155153694674328,0.8821393478782633,0.9957020057306589,0.9651162790697676
filosax/filosax_29/track.npy,filosax,0.9973776223776224,0.993006993006993,0.9973776223776224,0.993006993006993,0.9566350191957937,0.946639788642547,0.9991258741258742,0.9965034965034965
filosax/filosax_39/track.npy,filosax,0.9844236760124611,0.9968847352024922,0.9844236760124611,0.9968847352024922,0.9430521627891003,0.9301667564786629,0.9957081545064377,0.9984399375975038
filosax/filosax_43/track.npy,filosax,0.9902386117136659,0.9870689655172413,0.9902386117136659,0.9870689655172413,0.9154253649637879,0.902858735933846,0.9945593035908596,0.9934924078091106
groove_midi/drummer1_eval_session_5_funk-groove5_84_beat_4-4/track.npy,groove_midi,0.9824561403508771,1.0,0.9824561403508771,1.0,0.9244999066467388,0.9360119914991704,0.9911504424778761,1.0
groove_midi/drummer1_session1_102_funk_95_beat_4-4/track.npy,groove_midi,0.6505681818181818,0.8505747126436781,0.6505681818181818,0.8505747126436781,0.6258962490279297,0.6335973864786913,0.6742857142857143,0.6860465116279069
groove_midi/drummer1_session1_126_funk-fast_125_beat_4-4/track.npy,groove_midi,0.9752650176678446,0.9859154929577465,0.9752650176678446,0.9859154929577465,0.9371840316404682,0.9460310095974085,0.9875222816399288,0.9929078014184397
groove_midi/drummer1_session1_81_dance-breakbeat_170_beat_4-4/track.npy,groove_midi,1.0,1.0,1.0,1.0,0.9500995323384841,0.9454537641936158,1.0,1.0
groove_midi/drummer1_session2_10_country_114_beat_4-4/track.npy,groove_midi,0.7574692442882249,0.425531914893617,0.13572854291417166,0.40594059405940597,0.7813841441394431,0.7882472847558166,0.7226463104325701,0.8255813953488372
groove_midi/drummer1_session2_142_gospel_120_beat_4-4/track.npy,groove_midi,0.9888888888888889,1.0,0.9888888888888889,1.0,0.9270267896066949,0.9381959468380889,0.9944134078212291,1.0
groove_midi/drummer1_session2_1_latin-chacarera_157_beat_3-4/track.npy,groove_midi,0.0053475935828877,0.13709677419354838,0.0053475935828877,0.0,0.37417685820231716,0.30281901021677016,0.40445859872611467,0.030769230769230767
groove_midi/drummer1_session3_10_rock-folk_90_beat_4-4/track.npy,groove_midi,0.5819774718397998,0.5193798449612403,0.25274725274725274,0.5193798449612403,0.7190350466520037,0.7388023328331622,0.76374156219865,0.8471615720524017
groove_midi/drummer1_session3_8_rock_135_beat_4-4/track.npy,groove_midi,0.9824561403508771,0.9333333333333333,0.9824561403508771,0.9333333333333333,0.9571272824050852,0.9097970982161517,0.9911504424778761,0.9655172413793104
groove_midi/drummer1_session3_9_rock_135_beat_4-4/track.npy,groove_midi,0.9954022988505747,0.9174311926605505,0.9954022988505747,0.9174311926605505,0.9512824483126868,0.9051551123061905,0.9976958525345622,0.9541284403669725
groove_midi/drummer3_session1_3_rock_105_beat_4-4/track.npy,groove_midi,0.9302325581395349,1.0,0.9302325581395349,1.0,0.8593193949395082,0.882584473441517,0.963855421686747,1.0
groove_midi/drummer3_session1_7_rock_105_beat_4-4/track.npy,groove_midi,0.9807692307692307,0.9230769230769231,0.9807692307692307,0.9230769230769231,0.7905329559960461,0.7757863931441858,0.9902912621359222,0.9600000000000001
groove_midi/drummer3_session2_16_rock_100_beat_4-4/track.npy,groove_midi,1.0,1.0,1.0,1.0,0.9530345655875424,0.9630056863137455,1.0,1.0
groove_midi/drummer4_session1_4_latin-brazilian_92_beat_4-4/track.npy,groove_midi,0.9473684210526315,0.8666666666666667,0.0,0.0,0.6177156736595741,0.6107302766585196,0.6588235294117647,0.6363636363636364
groove_midi/drummer5_eval_session_7_pop-groove7_138_beat_4-4/track.npy,groove_midi,1.0,0.0,1.0,0.0,0.96136662565964,5.010849455055297e-25,1.0,0.0
groove_midi/drummer5_session1_11_latin-brazilian-sambareggae_96_beat_4-4/track.npy,groove_midi,0.9924528301886792,0.9850746268656716,0.9924528301886792,0.9850746268656716,0.9262065921326501,0.9151711164467538,0.9924242424242423,0.9774436090225564
groove_midi/drummer5_session1_6_latin-brazilian-maracatu_96_beat_4-4/track.npy,groove_midi,0.6917098445595855,0.4473684210526316,0.6917098445595855,0.4473684210526316,0.7214194738416013,0.5798694830582979,0.9057665260196905,0.7244897959183674
groove_midi/drummer5_session1_8_latin-venezuelan-merengue_162_beat_5-8/track.npy,groove_midi,0.6605922551252847,0.034482758620689655,0.057208237986270026,0.0,0.681480849440314,0.13474296016799314,0.6656511805026657,0.12244897959183673
groove_midi/drummer5_session2_17_latin-brazilian-samba_110_beat_4-4/track.npy,groove_midi,0.9915966386554622,0.559322033898305,0.9915966386554622,0.559322033898305,0.9083480594137618,0.6038528676310486,0.9873417721518987,0.6363636363636364
groove_midi/drummer5_session2_22_latin-brazilian-frevo_133_beat_4-4/track.npy,groove_midi,0.9453376205787781,0.9871794871794872,0.9453376205787781,0.9871794871794872,0.921019328024412,0.9302486352373861,0.9693053311793215,0.9806451612903225
groove_midi/drummer5_session2_2_latin-brazilian_101_beat_4-4/track.npy,groove_midi,1.0,0.92,1.0,0.92,0.9234709098554884,0.9013213913882056,1.0,0.9795918367346939
groove_midi/drummer5_session2_7_neworleans-secondline_124_beat_4-4/track.npy,groove_midi,1.0,0.6086956521739131,1.0,0.6086956521739131,0.920179227032821,0.7954574730698154,1.0,0.8641975308641976
groove_midi/drummer6_session3_3_rock_100_beat_4-4/track.npy,groove_midi,0.996996996996997,0.8433734939759037,0.996996996996997,0.8433734939759037,0.7689803138414059,0.6500379817416806,0.9834586466165414,0.8313253012048193
groove_midi/drummer6_session3_4_rock_127_beat_4-4/track.npy,groove_midi,0.9823008849557522,0.40963855421686746,0.9823008849557522,0.03571428571428571,0.8400073375449396,0.34400520721149574,0.9881656804733727,0.1506849315068493
groove_midi/drummer6_session3_5_rock_180_beat_4-4/track.npy,groove_midi,0.9809976247030879,0.9351851851851852,0.9809976247030879,0.0,0.9030749477747729,0.4561124618401332,0.9940405244338499,0.01869158878504673
groove_midi/drummer6_session3_7_rock_88_beat_4-4/track.npy,groove_midi,0.9942528735632183,0.7272727272727273,0.9942528735632183,0.7272727272727273,0.8423717618937023,0.6665326152316925,0.9971181556195965,0.7727272727272727
groove_midi/drummer7_session1_39_hiphop_100_beat_4-4/track.npy,groove_midi,1.0,0.0,1.0,0.0,0.9045933013734901,4.019367793596008e-46,0.967741935483871,0.0
groove_midi/drummer7_session2_36_rock_75_fill_4-4/track.npy,groove_midi,0.9761904761904762,1.0,0.9761904761904762,1.0,0.9369723863367018,0.9436185823336842,0.9879518072289156,1.0
groove_midi/drummer7_session2_63_soul-motown_148_beat_4-4/track.npy,groove_midi,0.7115384615384616,0.5,0.23076923076923078,0.5,0.3512745008303091,0.06369825646398045,0.23076923076923078,0.1935483870967742
groove_midi/drummer7_session2_6_rock_120_beat_4-4/track.npy,groove_midi,0.9634146341463414,1.0,0.9634146341463414,1.0,0.8798441112010341,0.8993210721954558,0.9813664596273292,1.0
groove_midi/drummer7_session3_106_hiphop_70_beat_4-4/track.npy,groove_midi,0.9833333333333333,0.9375,0.9833333333333333,0.9375,0.8739213465017166,0.8353795730456917,0.9747899159663865,0.967741935483871
groove_midi/drummer7_session3_119_rock_95_beat_4-4/track.npy,groove_midi,1.0,1.0,1.0,1.0,0.9520978025296597,0.9806843617767144,1.0,1.0
groove_midi/drummer7_session3_23_pop-soft_83_beat_4-4/track.npy,groove_midi,1.0,1.0,1.0,1.0,0.9315596141281443,0.8989511795464395,1.0,1.0
groove_midi/drummer7_session3_39_rock-indie_63_beat_4-4/track.npy,groove_midi,1.0,1.0,1.0,1.0,0.8011616140206015,0.824423681416926,0.9866666666666668,0.972972972972973
groove_midi/drummer7_session3_49_funk_112_beat_4-4/track.npy,groove_midi,0.9814814814814815,1.0,0.9814814814814815,1.0,0.940858766567841,0.9520272162720401,0.9906542056074767,1.0
groove_midi/drummer8_session1_11_neworleans-funk_82_beat_4-4/track.npy,groove_midi,0.47477744807121663,0.5,0.357429718875502,0.5,0.7141831205262179,0.7564332214704035,0.8086124401913876,0.8571428571428571
groove_midi/drummer8_session1_25_funk-latin_100_beat_4-4/track.npy,groove_midi,0.9950248756218906,1.0,0.9950248756218906,1.0,0.9486301072118218,0.9425747727268415,0.9975062344139651,1.0
groove_midi/drummer8_session1_3_hiphop_90_beat_4-4/track.npy,groove_midi,1.0,1.0,1.0,1.0,0.931645009255355,0.9610377378717001,1.0,1.0
groove_midi/drummer9_session1_19_rock_120_beat_4-4/track.npy,groove_midi,0.9696969696969697,1.0,0.9696969696969697,1.0,0.9195402648239475,0.9398011116993333,0.9770992366412214,1.0
groove_midi/drummer9_session1_26_rock_90_beat_4-4/track.npy,groove_midi,1.0,0.8461538461538461,1.0,0.8461538461538461,0.895666274163833,0.8684827404958536,1.0,0.9600000000000001
groove_midi/drummer9_session1_5_rock_100_beat_4-4/track.npy,groove_midi,0.9910714285714286,0.9642857142857143,0.9910714285714286,0.9642857142857143,0.8983383601383446,0.8888492726980862,0.9955156950672646,0.9818181818181818
groove_midi/drummer9_session1_7_rock_100_beat_4-4/track.npy,groove_midi,0.9393939393939394,0.5,0.9393939393939394,0.5,0.9209036036605861,0.5204816996222761,0.96875,0.5333333333333333
guitarset/00_BN1-147-Gb_comp_mix/track.npy,guitarset,1.0,1.0,1.0,1.0,0.9217494707536075,0.9466947712695479,1.0,1.0
guitarset/00_Jazz2-110-Bb_comp_mix/track.npy,guitarset,0.9818181818181818,0.9285714285714286,0.9818181818181818,0.9285714285714286,0.9001951194467108,0.8897916184616054,0.9908256880733944,0.962962962962963
guitarset/00_Rock2-142-D_comp_mix/track.npy,guitarset,1.0,1.0,1.0,1.0,0.8997029761530455,0.8728668821096536,1.0,1.0
guitarset/01_Funk1-97-C_comp_mix/track.npy,guitarset,0.975,0.9,0.975,0.9,0.947974377853224,0.9182675842270456,0.9873417721518987,0.9473684210526316
guitarset/01_Rock3-117-Bb_comp_mix/track.npy,guitarset,0.9818181818181818,0.9285714285714286,0.9818181818181818,0.9285714285714286,0.9607145864592654,0.9239856237327092,0.9908256880733944,0.962962962962963
guitarset/02_Funk3-98-A_comp_mix/track.npy,guitarset,1.0,1.0,1.0,1.0,0.9564185933060704,0.9266290964556567,1.0,1.0
guitarset/02_Jazz2-110-Bb_comp_mix/track.npy,guitarset,0.9818181818181818,0.9285714285714286,0.9818181818181818,0.9285714285714286,0.8572772687781524,0.8775931580757219,0.9908256880733944,0.962962962962963
guitarset/02_SS2-88-F_comp_mix/track.npy,guitarset,0.9824561403508771,0.9333333333333333,0.9824561403508771,0.9333333333333333,0.7503243296542307,0.7383568463656737,0.9911504424778761,0.9655172413793104
guitarset/03_BN2-131-B_comp_mix/track.npy,guitarset,1.0,1.0,1.0,1.0,0.9608588326164983,0.9632863688362646,1.0,1.0
guitarset/03_Funk2-119-G_comp_mix/track.npy,guitarset,1.0,1.0,1.0,1.0,0.9225409242724659,0.9430533891801864,1.0,1.0
guitarset/03_Jazz1-130-D_comp_mix/track.npy,guitarset,1.0,0.5555555555555556,1.0,0.5555555555555556,0.8490334849761227,0.5659249685271556,1.0,0.5882352941176471
guitarset/03_Jazz1-200-B_comp_mix/track.npy,guitarset,0.6,0.0,0.6,0.0,0.7043991197088809,0.30845360362766394,0.8732394366197184,0.3529411764705882
guitarset/03_Jazz3-137-Eb_comp_mix/track.npy,guitarset,0.6610169491525424,0.8125,0.6610169491525424,0.8125,0.6321022195781023,0.6447597699740986,0.7927927927927929,0.7586206896551724
guitarset/03_SS2-107-Ab_comp_mix/track.npy,guitarset,0.9821428571428571,0.9285714285714286,0.9821428571428571,0.9285714285714286,0.9562542541600813,0.9098416528842203,0.9909909909909909,0.962962962962963
guitarset/04_BN1-147-Gb_comp_mix/track.npy,guitarset,1.0,1.0,1.0,1.0,0.953492863598384,0.9692499415814925,1.0,1.0
guitarset/04_Funk2-119-G_comp_mix/track.npy,guitarset,0.9818181818181818,0.9285714285714286,0.9818181818181818,0.9285714285714286,0.9524982896339306,0.9258424519855255,0.9908256880733944,0.962962962962963
guitarset/04_Funk3-112-C#_comp_mix/track.npy,guitarset,1.0,1.0,1.0,1.0,0.9509979652404305,0.9609264109646957,1.0,1.0
guitarset/04_SS3-98-C_comp_mix/track.npy,guitarset,0.9821428571428571,0.9285714285714286,0.9821428571428571,0.9285714285714286,0.9010235411563134,0.8867358155168913,0.9909909909909909,0.962962962962963
guitarset/05_BN1-147-Gb_comp_mix/track.npy,guitarset,0.9722222222222222,1.0,0.9722222222222222,1.0,0.9530236958510765,0.9807144992987349,0.9859154929577464,1.0
guitarset/05_Funk1-97-C_comp_mix/track.npy,guitarset,0.7435897435897436,0.2857142857142857,0.7435897435897436,0.2222222222222222,0.6939457590976098,0.45134635386598787,0.8051948051948051,0.5
guitarset/05_Rock2-142-D_comp_mix/track.npy,guitarset,1.0,1.0,1.0,1.0,0.9792949929398023,0.9845905356709217,1.0,1.0
guitarset/05_SS3-98-C_comp_mix/track.npy,guitarset,0.9642857142857143,1.0,0.9642857142857143,1.0,0.8753303886960626,0.87764180297242,0.9909909909909909,1.0
hainsworth/hainsworth_003/track.npy,hainsworth,0.782258064516129,0.043478260869565216,0.782258064516129,0.0,0.7551258151859991,0.15889843663579498,0.8512396694214875,0.15094339622641512
hainsworth/hainsworth_009/track.npy,hainsworth,0.9916666666666667,1.0,0.9916666666666667,1.0,0.9088227726256045,0.9097905773707502,0.99581589958159,1.0
hainsworth/hainsworth_012/track.npy,hainsworth,0.7865168539325843,0.08333333333333333,0.7865168539325843,0.05,0.8608704996385972,0.24789147042459547,0.8941176470588234,0.25
hainsworth/hainsworth_017/track.npy,hainsworth,1.0,1.0,1.0,1.0,0.9655397748152508,0.9636890468125834,1.0,1.0
hainsworth/hainsworth_023/track.npy,hainsworth,1.0,1.0,1.0,1.0,0.9809156462410891,0.9834489096311498,1.0,1.0
hainsworth/hainsworth_055/track.npy,hainsworth,0.8957345971563981,0.7115384615384616,0.8957345971563981,0.7115384615384616,0.9480121200346012,0.8126998496253414,0.9732360097323601,0.8431372549019608
hainsworth/hainsworth_057/track.npy,hainsworth,0.8,0.5217391304347826,0.8,0.5217391304347826,0.7940020755616001,0.5354321151529073,0.8837209302325582,0.6046511627906976
hainsworth/hainsworth_059/track.npy,hainsworth,0.7117117117117117,0.8205128205128205,0.02702702702702703,0.8205128205128205,0.695670687989715,0.7850122510771285,0.6105919003115264,0.8888888888888888
hainsworth/hainsworth_082/track.npy,hainsworth,1.0,1.0,1.0,1.0,0.9689638839041294,0.9705890812363752,1.0,1.0
hainsworth/hainsworth_083/track.npy,hainsworth,1.0,1.0,1.0,1.0,0.7031911204310428,0.7155791936440656,1.0,1.0
hainsworth/hainsworth_085/track.npy,hainsworth,1.0,1.0,1.0,1.0,0.9286549609767382,0.9097930362417824,1.0,1.0
hainsworth/hainsworth_093/track.npy,hainsworth,1.0,0.3333333333333333,1.0,0.3333333333333333,0.9663065428456956,0.6308375764985512,1.0,0.5526315789473685
hainsworth/hainsworth_111/track.npy,hainsworth,0.9263157894736842,0.9183673469387755,0.0,0.0,0.7673518710370146,0.7694830919447957,0.6501766784452297,0.6388888888888888
hainsworth/hainsworth_129/track.npy,hainsworth,0.5841584158415841,0.5909090909090909,0.5841584158415841,0.5909090909090909,0.6458668333834445,0.7228401317099864,0.760233918128655,0.7999999999999999
hainsworth/hainsworth_132/track.npy,hainsworth,0.6557377049180327,0.07142857142857142,0.6557377049180327,0.0,0.6290871336425091,0.22354313460688358,0.7766990291262135,0.23999999999999996
hainsworth/hainsworth_135/track.npy,hainsworth,0.6559139784946236,0.5263157894736842,0.6559139784946236,0.5263157894736842,0.5589650287912593,0.5933616766315631,0.7044025157232705,0.6857142857142857
hainsworth/hainsworth_145/track.npy,hainsworth,0.9891304347826086,0.4782608695652174,0.0,0.0,0.7895579358183389,0.4910393386801379,0.6666666666666666,0.3428571428571428
hainsworth/hainsworth_149/track.npy,hainsworth,0.9894736842105263,1.0,0.9894736842105263,1.0,0.9662926206956743,0.9712464818845922,0.9947089947089947,1.0
hainsworth/hainsworth_155/track.npy,hainsworth,1.0,0.5909090909090909,1.0,0.5909090909090909,0.9835785024122838,0.6683759078412955,1.0,0.6818181818181818
hainsworth/hainsworth_166/track.npy,hainsworth,0.6,0.5,0.25,0.5,0.8154116091209214,0.8409567916988114,0.7741935483870968,0.8571428571428571
hainsworth/hainsworth_171/track.npy,hainsworth,1.0,1.0,1.0,1.0,0.9769905808123205,0.9665740182998391,1.0,1.0
hainsworth/hainsworth_190/track.npy,hainsworth,0.8930817610062893,0.974025974025974,0.0,0.0,0.6703669965534537,0.6780875302969172,0.6382978723404256,0.6608695652173914
hainsworth/hainsworth_198/track.npy,hainsworth,1.0,0.8333333333333334,1.0,0.8333333333333334,0.913036339091123,0.8360638718846447,1.0,0.9166666666666666
hainsworth/hainsworth_201/track.npy,hainsworth,1.0,0.7083333333333334,1.0,0.7083333333333334,0.9366615927279712,0.868939126500538,1.0,0.9090909090909091
hainsworth/hainsworth_211/track.npy,hainsworth,0.9887640449438202,0.43478260869565216,0.9887640449438202,0.43478260869565216,0.9007477207903121,0.4476502247205322,0.9943502824858756,0.4888888888888889
hainsworth/hainsworth_214/track.npy,hainsworth,1.0,1.0,1.0,1.0,0.9799009569834567,0.9655145068387949,1.0,1.0
hainsworth/hainsworth_220/track.npy,hainsworth,0.6610169491525424,0.48148148148148145,0.6610169491525424,0.48148148148148145,0.5384344023618814,0.5121610006394914,0.74,0.6382978723404256
harmonix/0003_6foot7foot/track.npy,harmonix,1.0,0.9607843137254902,1.0,0.9607843137254902,0.9397204343389703,0.9193837625340965,1.0,0.99009900990099
harmonix/0017_badromance/track.npy,harmonix,1.0,1.0,1.0,1.0,0.9409335363939347,0.9419096531410358,1.0,1.0
harmonix/0026_blackandyellow/track.npy,harmonix,0.9825783972125436,0.9861111111111112,0.9825783972125436,0.9861111111111112,0.9648591252117182,0.9762922623454401,0.9912126537785589,0.993006993006993
harmonix/0027_blackened/track.npy,harmonix,0.6038251366120219,0.5271966527196653,0.6038251366120219,0.5271966527196653,0.6307427898231669,0.5654533460522494,0.6983833718244804,0.6226012793176973
harmonix/0044_cameraeye/track.npy,harmonix,0.7860791826309068,0.6721763085399449,0.7860791826309068,0.6721763085399449,0.8789099914293197,0.7920105692952737,0.9062918340026774,0.8112676056338028
harmonix/0065_deadandbloated/track.npy,harmonix,0.9869706840390879,0.5338345864661654,0.0,0.04838709677419355,0.7368423145123275,0.5423982053648121,0.6608695652173914,0.544502617801047
harmonix/0071_dirtypool/track.npy,harmonix,0.9804741980474198,0.6388888888888888,0.9804741980474198,0.20502092050209206,0.9527240513583348,0.7841736328765865,0.9887482419127989,0.741514360313316
harmonix/0085_electricboogie/track.npy,harmonix,0.9976470588235294,0.9906542056074766,0.9976470588235294,0.9906542056074766,0.9720977772517596,0.9672675901518145,0.9988221436984689,0.9953051643192489
harmonix/0095_firework/track.npy,harmonix,1.0,1.0,1.0,1.0,0.7795494252232157,0.783650380346308,0.9969418960244648,0.9878048780487805
harmonix/0104_getbusy/track.npy,harmonix,0.85,0.9696969696969697,0.85,0.9696969696969697,0.752350745691746,0.7635135563530075,0.9534450651769087,0.9692307692307692
harmonix/0108_getup/track.npy,harmonix,0.829225352112676,0.958041958041958,0.829225352112676,0.958041958041958,0.8539736821944636,0.844994504883045,0.8772241992882562,0.8865248226950354
harmonix/0116_goodies/track.npy,harmonix,0.994579945799458,1.0,0.994579945799458,1.0,0.9601412698393361,0.9778844262526283,0.9972826086956521,1.0
harmonix/0119_gunpowderandlead/track.npy,harmonix,0.9485294117647058,0.9104477611940298,0.9485294117647058,0.9104477611940298,0.8735169662122272,0.8421887679108082,0.9573283858998145,0.9172932330827067
harmonix/0124_hello/track.npy,harmonix,0.9912536443148688,0.9883720930232558,0.9912536443148688,0.9883720930232558,0.9250487899401377,0.922646425262755,0.9956076134699853,0.9941520467836257
harmonix/0125_hellogoodmorning/track.npy,harmonix,0.9892857142857143,1.0,0.9892857142857143,1.0,0.9116597562057761,0.9400317405826002,0.998211091234347,1.0
harmonix/0140_impacto/track.npy,harmonix,1.0,1.0,1.0,1.0,0.9764018176547954,0.9702217188678818,1.0,1.0
harmonix/0151_kingofdancehall/track.npy,harmonix,0.9090909090909091,0.9318181818181818,0.9090909090909091,0.9318181818181818,0.8750014936245152,0.8633339410798637,0.9147727272727273,0.9069767441860465
harmonix/0184_myprerogative/track.npy,harmonix,1.0,1.0,1.0,1.0,0.8825539146346307,0.8761604894982865,1.0,1.0
harmonix/0185_nasty/track.npy,harmonix,1.0,1.0,1.0,1.0,0.9740208226941235,0.9744005940434113,1.0,1.0
harmonix/0194_nomoretears/track.npy,harmonix,0.9,0.8181818181818182,0.9,0.8181818181818182,0.8920525790935536,0.8218424733635036,0.9483115093039284,0.8767123287671234
harmonix/0226_rendezvu/track.npy,harmonix,1.0,1.0,1.0,1.0,0.9180927701749333,0.9171749658880681,1.0,1.0
harmonix/0229_ridingonthewind/track.npy,harmonix,0.8592321755027422,0.9259259259259259,0.8592321755027422,0.9259259259259259,0.7593418901974784,0.7197989435934083,0.8788990825688073,0.8421052631578948
harmonix/0233_rocknrollnightmare/track.npy,harmonix,0.9958677685950413,0.7903225806451613,0.9958677685950413,0.7903225806451613,0.9376595512605842,0.805563441784123,0.9979338842975206,0.8760330578512397
harmonix/0243_saucyjack/track.npy,harmonix,0.9595375722543352,0.574468085106383,0.9595375722543352,0.574468085106383,0.9404692046715211,0.7120585445800168,0.9795918367346939,0.7380952380952381
harmonix/0247_scream/track.npy,harmonix,1.0,1.0,1.0,1.0,0.9554982215487676,0.9529855030530561,1.0,1.0
harmonix/0259_spiceupyourlife/track.npy,harmonix,0.9623188405797102,0.9651162790697675,0.9623188405797102,0.9651162790697675,0.9486837379469063,0.9514168274128726,0.980797636632201,0.9822485207100593
harmonix/0262_stash/track.npy,harmonix,0.7269021739130435,0.3791469194312796,0.7269021739130435,0.3791469194312796,0.7931584255963572,0.670180848181885,0.9030390738060782,0.7513513513513514
harmonix/0289_thisisexile/track.npy,harmonix,0.4131147540983607,0.639344262295082,0.4131147540983607,0.639344262295082,0.5237274034226058,0.5188408758957489,0.7140151515151515,0.6949152542372881
harmonix/0291_thrasher/track.npy,harmonix,0.42780748663101603,0.605,0.42780748663101603,0.605,0.6191069915222049,0.5306245858577735,0.6559999999999999,0.6033519553072625
harmonix/0299_turnthebeataround/track.npy,harmonix,1.0,1.0,1.0,1.0,0.9788730669104695,0.9789136937422642,1.0,1.0
harmonix/0301_unclejohnsband/track.npy,harmonix,0.8856682769726248,0.73125,0.8856682769726248,0.73125,0.7742429487901432,0.6694380939199038,0.9597370583401809,0.8410596026490065
harmonix/0320_wolflikeme/track.npy,harmonix,0.6368098159509202,0.645320197044335,0.08391608391608392,0.17777777777777778,0.6924245633201391,0.7092365515670287,0.6625111308993766,0.6950354609929078
harmonix/0321_wonderwall/track.npy,harmonix,0.9690140845070423,0.8571428571428571,0.9690140845070423,0.8571428571428571,0.8840227246844145,0.8222976110285588,0.9886363636363636,0.9162011173184357
harmonix/0324_yeah3x/track.npy,harmonix,1.0,0.8780487804878049,1.0,0.8780487804878049,0.9274246210136429,0.8635206730542139,1.0,0.9316770186335404
harmonix/0327_youmakemefeel/track.npy,harmonix,0.9933333333333333,0.9649122807017544,0.9933333333333333,0.9649122807017544,0.9433828185275046,0.9351015076204446,0.996662958843159,0.9823008849557523
harmonix/0346_birthdaydress/track.npy,harmonix,0.9834254143646409,1.0,0.9834254143646409,1.0,0.8792218936792771,0.8798840296088949,0.9958391123439667,1.0
harmonix/0359_cominghome/track.npy,harmonix,0.8343023255813954,0.8255813953488372,0.8343023255813954,0.8255813953488372,0.9069986983487001,0.9062545223693453,0.9545454545454545,0.9518072289156626
harmonix/0364_deuces/track.npy,harmonix,0.987987987987988,0.9879518072289156,0.987987987987988,0.9879518072289156,0.9687878144485708,0.9660802081038419,0.9939577039274925,0.993939393939394
harmonix/0366_domino/track.npy,harmonix,0.8966244725738397,0.8389830508474576,0.8966244725738397,0.8389830508474576,0.8970788430639193,0.7662519542509268,0.9098621420996819,0.7777777777777778
harmonix/0381_everythingyouwant/track.npy,harmonix,0.9384615384615385,0.9072164948453608,0.9384615384615385,0.9072164948453608,0.800092825341349,0.7861050966293253,0.9669749009247026,0.9417989417989417
harmonix/0388_gangnamstyle/track.npy,harmonix,0.9913419913419913,0.9743589743589743,0.9913419913419913,0.9743589743589743,0.9431901966575175,0.9431328943506179,0.9956521739130434,0.9913793103448275
harmonix/0390_getyourselfbackhome/track.npy,harmonix,0.9870689655172413,0.9913793103448276,0.9870689655172413,0.9913793103448276,0.9357687347081732,0.9399815219268968,0.9934924078091106,0.9956709956709957
harmonix/0394_godgavemetoyou/track.npy,harmonix,0.9928057553956835,0.9857142857142858,0.9928057553956835,0.9857142857142858,0.8558474799118944,0.8736371579806735,0.9945945945945946,0.9928057553956835
harmonix/0396_goodfeeling/track.npy,harmonix,0.98828125,0.9922480620155039,0.98828125,0.9922480620155039,0.9697268227816872,0.9744637582055293,0.9941291585127201,0.9961089494163424
harmonix/0417_imtoosexy/track.npy,harmonix,0.9970238095238095,1.0,0.9970238095238095,1.0,0.9805976182240658,0.9834555354109182,0.9985096870342772,1.0
harmonix/0423_iwannago/track.npy,harmonix,0.9931972789115646,0.972972972972973,0.9931972789115646,0.972972972972973,0.9748775031638923,0.9682937400573458,0.9977272727272727,0.9909090909090909
harmonix/0430_lastfridaynight/track.npy,harmonix,0.9914163090128756,0.9914529914529915,0.9914163090128756,0.9914529914529915,0.9790720889067528,0.9816239028944165,0.9956896551724138,0.9957081545064378
harmonix/0436_loveactually/track.npy,harmonix,0.9827213822894169,0.9827586206896551,0.9827213822894169,0.9827586206896551,0.9077762458439285,0.9061140786445767,0.991285403050109,0.9913043478260869
harmonix/0438_loverlover/track.npy,harmonix,0.9943342776203966,0.6067415730337079,0.9943342776203966,0.6067415730337079,0.9325382745950163,0.6165689590459308,0.9971590909090908,0.6440677966101696
harmonix/0440_loveyoulikealovesong/track.npy,harmonix,0.9886039886039886,0.9886363636363636,0.9886039886039886,0.9886363636363636,0.9406558213040367,0.9380105725401618,0.994269340974212,0.9942857142857142
harmonix/0452_myfirstkiss/track.npy,harmonix,0.9976798143851509,1.0,0.9976798143851509,1.0,0.5507158667424868,0.5406375444801809,0.9976798143851509,1.0
harmonix/0464_oneofus/track.npy,harmonix,0.9861495844875346,0.9888888888888889,0.9861495844875346,0.9888888888888889,0.9581683300490254,0.963248246753822,0.9930458970792767,0.9944134078212291
harmonix/0478_prayforyou/track.npy,harmonix,0.9935897435897436,0.717948717948718,0.9935897435897436,0.717948717948718,0.86137343833102,0.6502109463229676,0.9967845659163987,0.7532467532467534
harmonix/0486_rundatback/track.npy,harmonix,0.9912663755458515,0.9396551724137931,0.9912663755458515,0.9396551724137931,0.9807724668767956,0.9597628116422652,0.9956140350877193,0.9739130434782608
harmonix/0505_takeitoff/track.npy,harmonix,1.0,1.0,1.0,1.0,0.9869625127829377,0.9887782399000593,1.0,1.0
harmonix/0506_takemehometonight/track.npy,harmonix,0.8914027149321267,0.8558558558558559,0.8914027149321267,0.8558558558558559,0.9055194120507903,0.8823200639786054,0.9620253164556962,0.9537037037037037
harmonix/0509_thelazysong/track.npy,harmonix,0.9962406015037594,1.0,0.9962406015037594,1.0,0.860585548371802,0.8795325551025672,0.9962406015037594,1.0
harmonix/0510_theonethatgotaway/track.npy,harmonix,0.9958592132505176,1.0,0.9958592132505176,1.0,0.7346074213801869,0.7384798166232611,0.9968911917098446,1.0
harmonix/0512_theshowgoeson/track.npy,harmonix,0.9424460431654677,0.8904109589041096,0.0,0.037037037037037035,0.7955043462163716,0.7884117223158658,0.6576687116564417,0.6634615384615384
harmonix/0517_tilltheworldends/track.npy,harmonix,0.996,1.0,0.996,1.0,0.9617349726434611,0.9621694613497371,0.9979959919839679,1.0
harmonix/0525_venus/track.npy,harmonix,0.9977064220183486,1.0,0.9977064220183486,1.0,0.9824963674191887,0.9855199061496615,0.9988518943742823,1.0
harmonix/0526_waitingoutsidethelines/track.npy,harmonix,0.6475903614457831,0.6428571428571429,0.6475903614457831,0.6428571428571429,0.8224904942261924,0.8262139133828453,0.8542024013722127,0.8435374149659863
harmonix/0527_wantuback/track.npy,harmonix,0.8982558139534884,0.5454545454545454,0.8982558139534884,0.2159090909090909,0.9225735540076426,0.4668494723421517,0.9376854599406528,0.2923976608187135
harmonix/0535_withoutyou/track.npy,harmonix,0.9836829836829837,0.9814814814814815,0.9836829836829837,0.9814814814814815,0.9353934435480723,0.935710705300389,0.9917743830787309,0.9906542056074767
harmonix/0542_yougetwhatyougive/track.npy,harmonix,0.9980806142034548,1.0,0.9980806142034548,1.0,0.9681215372924753,0.9683660626133243,0.9990393852065321,1.0
harmonix/0543_yougonnafly/track.npy,harmonix,1.0,0.547945205479452,1.0,0.547945205479452,0.9787861612556568,0.5959031678542794,1.0,0.5655172413793104
harmonix/0555_allaroundme/track.npy,harmonix,0.9912280701754386,0.9827586206896551,0.0,0.0,0.7851259186682409,0.7784734853867601,0.6647058823529411,0.6666666666666666
harmonix/0559_alltherightmoves/track.npy,harmonix,0.99644128113879,0.9571428571428572,0.0,0.014285714285714285,0.7981618513039916,0.7766264765457418,0.6658739595719382,0.6602870813397129
harmonix/0561_alorsondanse/track.npy,harmonix,0.9951573849878934,1.0,0.9951573849878934,1.0,0.8802814666404242,0.9021543845067557,0.9975786924939467,1.0
harmonix/0611_catchingfeelings/track.npy,harmonix,0.9761194029850746,0.9880952380952381,0.9761194029850746,0.9880952380952381,0.9665072816149455,0.9767382487912155,0.9879518072289157,0.9940119760479043
harmonix/0617_citylights/track.npy,harmonix,1.0,0.9047619047619048,1.0,0.9047619047619048,0.955542457783172,0.9233194961598035,1.0,0.9696969696969696
harmonix/0618_clocks/track.npy,harmonix,0.5815485996705108,0.8686131386861314,0.5815485996705108,0.8686131386861314,0.7306314781706196,0.6607510370148814,0.7684117125110913,0.696629213483146
harmonix/0619_closer/track.npy,harmonix,0.9744680851063829,0.9747899159663865,0.9744680851063829,0.9747899159663865,0.961307041462878,0.9594459468539612,0.9893390191897654,0.9873417721518987
harmonix/0621_clubcanthandleme/track.npy,harmonix,0.9874213836477987,0.9915966386554622,0.9874213836477987,0.9915966386554622,0.9683313711067976,0.9689959382248313,0.9936708860759493,0.9957805907172996
harmonix/0622_clumsy/track.npy,harmonix,0.9966555183946488,0.6666666666666666,0.9966555183946488,0.6666666666666666,0.9717751599867447,0.7927644880109466,0.998324958123953,0.8258064516129032
harmonix/0623_comeongethigher/track.npy,harmonix,0.9934426229508196,1.0,0.9934426229508196,1.0,0.9585460894312164,0.9453259264043881,0.9967213114754099,1.0
harmonix/0661_everythingaboutyou/track.npy,harmonix,0.9955555555555555,1.0,0.9955555555555555,1.0,0.955753012852714,0.963469939396631,0.9977728285077951,1.0
harmonix/0677_fireburning/track.npy,harmonix,0.9747368421052631,0.9830508474576272,0.9747368421052631,0.9830508474576272,0.9240636395476188,0.9238716526156081,0.9757127771911298,0.9745762711864406
harmonix/0712_heartless/track.npy,harmonix,0.5714285714285714,1.0,0.5714285714285714,1.0,0.8128732573593663,0.9097601440942009,0.8477611940298508,0.9466666666666667
harmonix/0729_hurricane/track.npy,harmonix,0.9973474801061007,0.9894736842105263,0.9973474801061007,0.9894736842105263,0.9655122831302607,0.9714764060059732,0.9973474801061007,0.9947089947089947
harmonix/0731_icouldntbeyourfriend/track.npy,harmonix,0.9539823008849557,0.9507042253521126,0.9539823008849557,0.9507042253521126,0.95328012200702,0.9618551947091052,0.9672276350752879,0.974910394265233
harmonix/0749_indestructible2/track.npy,harmonix,0.9974424552429667,0.9897959183673469,0.9974424552429667,0.9897959183673469,0.9849808947216718,0.9813328291709524,0.998719590268886,0.9948717948717948
harmonix/0755_intothenight/track.npy,harmonix,0.977924944812362,0.9649122807017544,0.977924944812362,0.9649122807017544,0.9500692753940989,0.942622763098932,0.9888392857142858,0.9823008849557523
harmonix/0769_killa/track.npy,harmonix,0.9445727482678984,0.9369369369369369,0.9445727482678984,0.9369369369369369,0.9048906948574847,0.9072920205617568,0.9775678866587957,0.9674418604651163
harmonix/0770_kingofmycastle/track.npy,harmonix,0.9865470852017937,0.990990990990991,0.9865470852017937,0.990990990990991,0.9687160836387112,0.9690458045634316,0.9932279909706546,0.9954751131221719
harmonix/0771_kisskissmainversion/track.npy,harmonix,0.9380530973451328,0.9432624113475178,0.005454545454545455,0.0,0.7672762537072645,0.7658846397705152,0.6434573829531812,0.6411483253588516
harmonix/0772_kissmebackcrytonight/track.npy,harmonix,1.0,0.9452054794520548,1.0,0.9452054794520548,0.9578513710980149,0.9107968465929015,1.0,0.952054794520548
harmonix/0790_locapeople/track.npy,harmonix,0.9984447900466563,0.6211180124223602,0.9984447900466563,0.6211180124223602,0.8939395983009396,0.6083593547412273,0.9992217898832686,0.6583850931677019
harmonix/0796_loveinthisclub/track.npy,harmonix,1.0,1.0,1.0,1.0,0.8434471026845575,0.834527468555522,1.0,1.0
harmonix/0798_lovelikethis/track.npy,harmonix,1.0,1.0,1.0,1.0,0.9765707984815676,0.9762007372746349,1.0,1.0
harmonix/0801_lovesong/track.npy,harmonix,0.998015873015873,1.0,0.998015873015873,1.0,0.9804852179270889,0.9803345864568037,0.9990069513406157,1.0
harmonix/0823_mylifewouldsuckwithoutyou/track.npy,harmonix,0.9524752475247524,0.953125,0.9524752475247524,0.953125,0.91227182260121,0.8955287427310256,0.9808274470232089,0.976
harmonix/0824_mylifewouldsuckwithoutyous/track.npy,harmonix,0.9870689655172413,0.9913793103448276,0.9870689655172413,0.9913793103448276,0.9584066105123318,0.960384233995766,0.9934924078091106,0.9956709956709957
harmonix/0839_nowyouseeit/track.npy,harmonix,1.0,0.7909090909090909,1.0,0.7909090909090909,0.9564662144479197,0.8637477029143555,1.0,0.9014084507042254
harmonix/0845_onefoot/track.npy,harmonix,0.5573770491803278,0.4117647058823529,0.2549800796812749,0.264,0.7681755148701345,0.7122878634931125,0.748451053283767,0.7428571428571429
harmonix/0847_onestepatatime/track.npy,harmonix,0.7525773195876289,0.8842105263157894,0.7525773195876289,0.8842105263157894,0.8616408842639436,0.8582809126802494,0.9325997248968363,0.9385474860335195
harmonix/0851_openurmind/track.npy,harmonix,0.822992700729927,0.9124087591240876,0.822992700729927,0.9124087591240876,0.778829737113095,0.7957220239831627,0.9522900763358779,0.9541984732824427
harmonix/0852_oursong/track.npy,harmonix,0.99644128113879,0.7972972972972973,0.99644128113879,0.7972972972972973,0.9240742613245526,0.8439032855030132,0.9982174688057042,0.9230769230769231
harmonix/0858_peoplearepeople/track.npy,harmonix,0.9616252821670429,0.9732142857142857,0.9616252821670429,0.9732142857142857,0.9494701988425439,0.9526769263899889,0.9886104783599089,0.9864253393665159
harmonix/0867_pokerfacedos/track.npy,harmonix,1.0,1.0,1.0,1.0,0.9781910308154261,0.9797270360323934,1.0,1.0
harmonix/0882_rightroundbenny/track.npy,harmonix,0.9531615925058547,0.9541284403669725,0.9531615925058547,0.9541284403669725,0.937241561756292,0.9277679451596474,0.966903073286052,0.9626168224299064
harmonix/0894_sayheyiloveyou/track.npy,harmonix,0.9907120743034056,1.0,0.9907120743034056,1.0,0.9387517481445858,0.9466336660575104,0.9953488372093025,1.0
harmonix/0898_sexyback/track.npy,harmonix,0.9825708061002179,0.375,0.9825708061002179,0.34513274336283184,0.9224624640568654,0.5057253939670259,0.9912087912087912,0.4666666666666667
harmonix/0901_sexydj/track.npy,harmonix,1.0,1.0,1.0,1.0,0.9758409372917245,0.976468762716203,1.0,1.0
harmonix/0911_someday/track.npy,harmonix,0.9094650205761317,0.890625,0.9094650205761317,0.890625,0.9392083358004892,0.9212235944171463,0.9685534591194969,0.943089430894309
harmonix/0920_stopandstare/track.npy,harmonix,0.9938837920489296,0.926829268292683,0.9938837920489296,0.926829268292683,0.9669120718518776,0.9060448647127886,0.9969325153374233,0.9447852760736196
harmonix/0930_takeyourtime/track.npy,harmonix,0.8473520249221184,0.7738095238095238,0.8473520249221184,0.7738095238095238,0.8700549117176379,0.8209437828467209,0.9355371900826446,0.8774193548387098
harmonix/0937_thatsnotmyname/track.npy,harmonix,0.9306122448979591,0.8790322580645161,0.9306122448979591,0.8790322580645161,0.8392290862529036,0.8160062366854955,0.9477993858751279,0.9333333333333333
harmonix/0941_theocean/track.npy,harmonix,0.9014778325123153,0.7727272727272727,0.9014778325123153,0.11764705882352941,0.9128802167530401,0.7743009602739156,0.9698492462311559,0.7136929460580913
harmonix/0954_timeaftertimevan/track.npy,harmonix,0.9864559819413092,1.0,0.9864559819413092,1.0,0.9511979920658846,0.9452607006330536,0.9943246311010215,1.0
harmonix/0977_wheelsnow/track.npy,harmonix,0.9896907216494846,0.9836065573770492,0.9896907216494846,0.9836065573770492,0.8941483304426792,0.8932105672850614,0.9855670103092784,0.9918032786885246
harmonix/0992_wrongthinwhiteduke/track.npy,harmonix,0.9618320610687023,0.63125,0.9618320610687023,0.63125,0.9550612065891315,0.6646265616836506,0.9805447470817121,0.679245283018868
harmonix/0998_youregonnamissthis/track.npy,harmonix,1.0,1.0,1.0,1.0,0.833116344294781,0.8484979584924397,1.0,1.0
hjdb/hjdb_4_Am/track.npy,hjdb,1.0,1.0,1.0,1.0,0.9734569002575753,0.9723258793645463,1.0,1.0
hjdb/hjdb_Beyond_Control/track.npy,hjdb,1.0,1.0,1.0,1.0,0.9853821351293252,0.9830762114259592,1.0,1.0
hjdb/hjdb_Bish_Bosh/track.npy,hjdb,0.9871794871794872,1.0,0.9871794871794872,1.0,0.9626718317876194,0.9707818014597741,0.9935483870967742,1.0
hjdb/hjdb_Crystalize/track.npy,hjdb,0.9702602230483272,1.0,0.9702602230483272,1.0,0.9400290114378372,0.9601511077180196,0.9776951672862454,0.9850746268656716
hjdb/hjdb_DJ_Business/track.npy,hjdb,1.0,1.0,1.0,1.0,0.9769732402594088,0.9774789359187744,1.0,1.0
hjdb/hjdb_Dam_Tuff/track.npy,hjdb,0.9879518072289156,1.0,0.9879518072289156,1.0,0.9744330266759841,0.9745442015057243,0.993939393939394,1.0
hjdb/hjdb_Dark_Stranger_(Origin_Unknown_Remix)/track.npy,hjdb,1.0,1.0,1.0,1.0,0.9818751181116693,0.9900649992885946,1.0,1.0
hjdb/hjdb_Darkman/track.npy,hjdb,1.0,1.0,1.0,1.0,0.9853577189489214,0.9821945597918811,1.0,1.0
hjdb/hjdb_Dont_Come_No_Ruffer_(Ruff_Mix)/track.npy,hjdb,0.9879518072289156,0.7619047619047619,0.9879518072289156,0.7619047619047619,0.952873021926514,0.8778340535311379,1.0,0.923076923076923
hjdb/hjdb_Dream_Sequence/track.npy,hjdb,1.0,0.9534883720930233,1.0,0.9534883720930233,0.9786175728541626,0.9523950955896324,1.0,0.9767441860465116
hjdb/hjdb_Finest_Illusion_(Legal_Mix)/track.npy,hjdb,1.0,1.0,1.0,1.0,0.9766025366674865,0.9831629656015108,1.0,1.0
hjdb/hjdb_Get_High_(New_Jack_London)/track.npy,hjdb,1.0,1.0,1.0,1.0,0.9816364725426373,0.9853315553268092,1.0,1.0
hjdb/hjdb_Happiness/track.npy,hjdb,1.0,1.0,1.0,1.0,0.9802935310937305,0.9773025079621012,1.0,1.0
hjdb/hjdb_Hardcore_Will_Never_Die/track.npy,hjdb,1.0,1.0,1.0,1.0,0.9787608676872704,0.9795208221298144,1.0,1.0
hjdb/hjdb_Horizons/track.npy,hjdb,1.0,1.0,1.0,1.0,0.9704273620956194,0.9835408742012224,1.0,1.0
hjdb/hjdb_In_Complete_Darkness_(Slipmatt_remix)/track.npy,hjdb,1.0,1.0,1.0,1.0,0.9772359407629562,0.9738530141850671,1.0,1.0
hjdb/hjdb_Inna_Year_4000/track.npy,hjdb,1.0,1.0,1.0,1.0,0.9817557403723799,0.9855667794859452,1.0,1.0
hjdb/hjdb_Let_Me_Be_Your_Fantasy/track.npy,hjdb,1.0,1.0,1.0,1.0,0.9621233415776342,0.9689608354589693,1.0,1.0
hjdb/hjdb_NHS_(Midday_Mix)/track.npy,hjdb,1.0,1.0,1.0,1.0,0.9862717480943098,0.9848353289042706,1.0,1.0
hjdb/hjdb_No_Worries/track.npy,hjdb,0.9642857142857143,1.0,0.9642857142857143,1.0,0.9708907388566922,0.9829280272932567,0.9909909909909909,1.0
hjdb/hjdb_Peakin_Thru_The_Window/track.npy,hjdb,0.9904761904761905,1.0,0.9904761904761905,1.0,0.97649282288994,0.9737763906802225,0.9952153110047847,1.0
hjdb/hjdb_Phizical_(Moody_Mix)/track.npy,hjdb,0.6930232558139535,0.7592592592592593,0.6930232558139535,0.7592592592592593,0.8994154740818714,0.9135407199031735,0.9168765743073048,0.9306930693069307
hjdb/hjdb_R-type/track.npy,hjdb,0.8723404255319149,0.9714285714285714,0.8723404255319149,0.9714285714285714,0.9477462011239259,0.9682672218570881,0.9635036496350365,0.9855072463768115
hjdb/hjdb_Return_Of_The_Donut_Pt2/track.npy,hjdb,1.0,1.0,1.0,1.0,0.9849355398041592,0.9846419737612364,1.0,1.0
hjdb/hjdb_Scottie/track.npy,hjdb,0.8837209302325582,0.9130434782608695,0.8837209302325582,0.9130434782608695,0.9317465532488091,0.9323764630600958,0.9523809523809524,0.9545454545454545
hjdb/hjdb_Spiritual_Aura/track.npy,hjdb,0.9964028776978417,0.9857142857142858,0.9964028776978417,0.9857142857142858,0.9791831871101182,0.9757729211560715,0.9981981981981982,0.9928057553956835
hjdb/hjdb_The_Slammer/track.npy,hjdb,1.0,1.0,1.0,1.0,0.9811712724238318,0.9791190261977497,1.0,1.0
hjdb/hjdb_Too_Much_(Ray_Keith_Rmx)/track.npy,hjdb,0.9841269841269841,1.0,0.9841269841269841,1.0,0.9724340211415692,0.9788761276904486,0.9919999999999999,1.0
hjdb/hjdb_You_Got_Me_Burnin_(A.A.S_Mix)/track.npy,hjdb,0.9824561403508771,1.0,0.9824561403508771,1.0,0.9640066991435194,0.9594556597393017,0.9911504424778761,1.0
jaah/jaah_002-thelonious_monk-bags_groove/track.npy,jaah,0.9952941176470588,0.8301886792452831,0.9952941176470588,0.8301886792452831,0.9702458886950532,0.8691848570011611,0.9976415094339623,0.8909952606635072
jaah/jaah_011-charlie_parker-blues_for_alice/track.npy,jaah,0.9866369710467706,0.9646017699115044,0.9866369710467706,0.9646017699115044,0.8949316775369868,0.8889742939550134,0.9899665551839465,0.9866666666666667
jaah/jaah_022-jelly_roll_mortons_red_hot_peppers-dead_man_blues/track.npy,jaah,0.9782016348773842,1.0,0.9782016348773842,1.0,0.9548217139765188,0.9685363087510845,0.9917582417582418,1.0
jaah/jaah_035-jimmie_lunceford_and_his_orchestra-for_dancers_only/track.npy,jaah,0.9871794871794872,0.5104166666666666,0.9871794871794872,0.5104166666666666,0.9668171702112508,0.5797453466042548,0.9935649935649936,0.5869565217391304
jaah/jaah_039-john_coltrane-giant_steps/track.npy,jaah,0.7107623318385651,0.7703488372093024,0.7107623318385651,0.7703488372093024,0.7498865878638695,0.6649443892054427,0.9659348978046934,0.82179675994109
jaah/jaah_046-benny_goodman_and_his_orchestra-honeysuckle_rose/track.npy,jaah,0.9968701095461658,0.8695652173913043,0.9968701095461658,0.8695652173913043,0.9622302876417963,0.890915220131873,0.9992169146436961,0.91875
jaah/jaah_054-duke_ellington_his_orchestra-in_a_mellotone/track.npy,jaah,0.9975369458128078,0.8712871287128713,0.9975369458128078,0.8712871287128713,0.9660576586761641,0.8667114663059885,0.9987669543773119,0.8955223880597015
jaah/jaah_068-billie_holiday_teddy_wilson_and_his_orchestra-mean_to_me/track.npy,jaah,1.0,0.926829268292683,1.0,0.926829268292683,0.7523281813705357,0.7021109998091127,1.0,0.9382716049382716
jaah/jaah_077-art_blakey_the_jazz_messengers-one_by_one/track.npy,jaah,0.9877600979192166,0.7892156862745098,0.9877600979192166,0.7892156862745098,0.9461342559455037,0.8118151313291141,0.9938725490196078,0.8478802992518704
jaah/jaah_085-the_george_shearing_quintet-september_in_the_rain/track.npy,jaah,0.7073170731707317,0.2268041237113402,0.7073170731707317,0.2268041237113402,0.579450073758314,0.17963533428312778,0.8782816229116944,0.2359550561797753
jaah/jaah_088-bessie_smith_louis_armstrong-st_louis_blues/track.npy,jaah,0.528052805280528,0.32926829268292684,0.528052805280528,0.32926829268292684,0.47646243948669326,0.35830227416742727,0.5877712031558185,0.42105263157894735
jaah/jaah_090-louis_armstrong_ella_fitzgerald-stompin_at_the_savoy/track.npy,jaah,0.9713983050847458,0.9067796610169492,0.9713983050847458,0.9067796610169492,0.9585716028248927,0.9211728646466424,0.9888238424693986,0.9482758620689654
jaah/jaah_097-count_basie_octet-the_golden_bullet/track.npy,jaah,0.986,0.904,0.986,0.904,0.9681091059237417,0.9121051913252938,0.9909547738693467,0.9387755102040817
jaah/jaah_104-herbie_hancock-watermelon_man/track.npy,jaah,0.663023679417122,0.4594594594594595,0.17118093174431204,0.2554112554112554,0.6508376644886488,0.5930434356740624,0.717391304347826,0.6860158311345648
rwc/rwc_classical_CD1_06/track.npy,rwc_classical,0.37037037037037035,0.3360323886639676,0.37037037037037035,0.16363636363636364,0.5174946656967224,0.42033806930868695,0.6043405676126878,0.4767441860465117
rwc/rwc_classical_CD3_01/track.npy,rwc_classical,0.5933852140077821,0.7128712871287128,0.5933852140077821,0.7128712871287128,0.7390955373402411,0.6774359101262732,0.8649237472766884,0.7909319899244333
rwc/rwc_classical_CD4_08/track.npy,rwc_classical,0.34331337325349304,0.2215568862275449,0.34331337325349304,0.2215568862275449,0.6481913213600083,0.538116633036202,0.7215980024968789,0.5815602836879432
rwc/rwc_classical_CD4_10/track.npy,rwc_classical,0.967391304347826,0.7166666666666667,0.967391304347826,0.7166666666666667,0.8801919986473294,0.7637585101763928,0.9835164835164836,0.9107142857142857
rwc/rwc_classical_CD5_04/track.npy,rwc_classical,0.6532258064516129,0.22580645161290322,0.6532258064516129,0.22580645161290322,0.7900179660061382,0.575024732857486,0.8744588744588745,0.6000000000000001
rwc/rwc_classical_CD5_05/track.npy,rwc_classical,0.07228915662650602,0.06722689075630252,0.07228915662650602,0.008403361344537815,0.4965112326445892,0.3728138200069989,0.5548387096774193,0.4078947368421053
rwc/rwc_classical_CD6_08/track.npy,rwc_classical,0.251984126984127,0.53125,0.251984126984127,0.53125,0.43250355649375377,0.4632700179168673,0.600997506234414,0.6444444444444444
rwc/rwc_jazz_CD1_08/track.npy,rwc_jazz,0.36363636363636365,0.45098039215686275,0.24705882352941178,0.45098039215686275,0.5636508172103698,0.419476414528237,0.6397058823529411,0.4999999999999999
rwc/rwc_jazz_CD1_11/track.npy,rwc_jazz,0.9646464646464646,0.9696969696969697,0.9646464646464646,0.9696969696969697,0.8509521180421875,0.8443489432605713,0.9605095541401274,0.9567430025445293
rwc/rwc_jazz_CD1_12/track.npy,rwc_jazz,0.751412429378531,0.8089887640449438,0.751412429378531,0.8089887640449438,0.6680645987451914,0.5932977218169658,0.7883435582822087,0.7344632768361583
rwc/rwc_jazz_CD3_02/track.npy,rwc_jazz,0.9771689497716894,0.9636363636363636,0.9771689497716894,0.9636363636363636,0.797490741578395,0.817519719497427,0.9493087557603686,0.9629629629629629
rwc/rwc_jazz_CD3_05/track.npy,rwc_jazz,0.9798270893371758,0.8782608695652174,0.9798270893371758,0.8782608695652174,0.7507293169523146,0.7271283265179903,0.9248554913294799,0.8771929824561404
rwc/rwc_jazz_CD4_12/track.npy,rwc_jazz,0.981651376146789,0.963302752293578,0.981651376146789,0.963302752293578,0.8313813878284009,0.7995391547441516,0.9426605504587156,0.9216589861751153
rwc/rwc_popular_CD1_01/track.npy,rwc_popular,0.9977678571428571,1.0,0.9977678571428571,1.0,0.9743108940910472,0.9755826962757611,0.9988826815642458,1.0
rwc/rwc_popular_CD1_15/track.npy,rwc_popular,0.9881305637982196,0.9880952380952381,0.9881305637982196,0.9880952380952381,0.9768057435270822,0.9751288102129203,0.9940298507462687,0.9940119760479043
rwc/rwc_popular_CD2_02/track.npy,rwc_popular,0.49917898193760263,0.7054263565891473,0.49917898193760263,0.7054263565891473,0.807304757782389,0.8443660459710343,0.8547328959700092,0.897119341563786
rwc/rwc_popular_CD2_07/track.npy,rwc_popular,0.8580931263858093,0.9292035398230089,0.8580931263858093,0.9292035398230089,0.9286429442560623,0.9259887931861411,0.9598163030998852,0.9633027522935781
rwc/rwc_popular_CD2_08/track.npy,rwc_popular,1.0,1.0,1.0,1.0,0.9701762471657186,0.9716589567484746,1.0,1.0
rwc/rwc_popular_CD2_14/track.npy,rwc_popular,1.0,1.0,1.0,1.0,0.9815145255886113,0.9881229626706238,1.0,1.0
rwc/rwc_popular_CD3_10/track.npy,rwc_popular,0.9859437751004017,1.0,0.9859437751004017,1.0,0.964832066303512,0.9703985917732719,0.995967741935484,1.0
rwc/rwc_popular_CD4_10/track.npy,rwc_popular,1.0,1.0,1.0,1.0,0.941967557887578,0.945226626801128,1.0,1.0
rwc/rwc_popular_CD4_12/track.npy,rwc_popular,0.6443148688046647,0.6950354609929078,0.21631205673758866,0.6950354609929078,0.7600547236108453,0.8364681483368429,0.7563395810363837,0.9195402298850576
rwc/rwc_popular_CD4_14/track.npy,rwc_popular,0.9794238683127572,1.0,0.9794238683127572,1.0,0.9517829901972827,0.9415506208940331,0.9896907216494846,1.0
rwc/rwc_popular_CD5_05/track.npy,rwc_popular,0.705718270571827,0.6983240223463687,0.16611842105263158,0.16447368421052633,0.7962660947395,0.7997257867025283,0.7259565667011376,0.7272727272727273
rwc/rwc_popular_CD5_15/track.npy,rwc_popular,0.9125964010282777,0.95,0.9125964010282777,0.95,0.9311521507236672,0.9300821108776874,0.9672346002621232,0.9696969696969697
rwc/rwc_popular_CD7_01/track.npy,rwc_popular,0.9932279909706546,1.0,0.9932279909706546,1.0,0.9710955782251316,0.9846434062921559,0.9966101694915254,1.0
rwc/rwc_royalty-free_CD1_06/track.npy,rwc_royalty-free,0.9720930232558139,0.6111111111111112,0.9720930232558139,0.6111111111111112,0.9331132933677034,0.6265942554872965,0.988235294117647,0.673076923076923
rwc/rwc_royalty-free_CD1_14/track.npy,rwc_royalty-free,0.9942196531791907,0.9318181818181818,0.0,0.011494252873563218,0.6704410364392901,0.6667040405261486,0.664092664092664,0.6615384615384615
simac/simac_Albedo_0.39_06-Alpha/track.npy,simac,0.8076923076923077,0.0,0.8076923076923077,0.0,0.8228374577225445,0.0,0.8936170212765957,0.0
simac/simac_Alfagamabetizado_07-Bog_La_Bag/track.npy,simac,0.9655172413793104,0.0,0.9655172413793104,0.0,0.9220280274104675,0.0,0.9824561403508771,0.0
simac/simac_Amber_02-Montreal/track.npy,simac,0.6842105263157895,0.0,0.6842105263157895,0.0,0.8112914787999613,0.0,0.8823529411764706,0.0
simac/simac_Amber_10-Nil/track.npy,simac,0.78125,0.0,0.78125,0.0,0.8654883874869547,0.0,0.8771929824561403,0.0
simac/simac_As_time_goes_by_disk_3_05-This_cant_be_love/track.npy,simac,0.6829268292682927,0.0,0.15789473684210525,0.0,0.7019534041924931,0.0,0.6779661016949152,0.0
simac/simac_Bach_The_Well-Tempered_Clavier_II_(Disc_1)_12-Prelude_and_Fugue_No._6_in_D_minor_BWV_875_-_2._Fuga/track.npy,simac,0.5652173913043478,0.0,0.5652173913043478,0.0,0.796298859164845,0.0,0.85,0.0
simac/simac_Bach_The_Well-Tempered_Clavier_II_(Disc_1)_17-Prelude_and_Fugue_No._9_in_E_major_BWV_878_-_1._Praeludium/track.npy,simac,0.8709677419354839,0.0,0.8709677419354839,0.0,0.7820245215811686,0.0,0.896551724137931,0.0
simac/simac_Bach_The_Well-Tempered_Clavier_II_(Disc_1)_19-Prelude_and_Fugue_No._10_in_E_minor_BWV_879_-_1._Praeludium/track.npy,simac,0.0,0.0,0.0,0.0,0.39150481114833435,0.0,0.456140350877193,0.0
simac/simac_Bach_The_Well-Tempered_Clavier_II_(Disc_1)_20-Prelude_and_Fugue_No._10_in_E_minor_BWV_879_-_2._Fuga/track.npy,simac,0.8571428571428571,0.0,0.8571428571428571,0.0,0.9072548305036711,0.0,0.923076923076923,0.0
simac/simac_Bach_The_Well-Tempered_Clavier_II_(Disc_1)_21-Prelude_and_Fugue_No._11_in_F_major_BWV_880_-_1._Praeludium/track.npy,simac,0.9642857142857143,0.0,0.9642857142857143,0.0,0.925458915044324,0.0,0.9818181818181818,0.0
simac/simac_Bach_The_Well-Tempered_Clavier_II_(Disc_2)_07-Prelude_and_Fugue_No._16_G_minor_BWV_885_-_1._Praeludium/track.npy,simac,0.6875,0.0,0.6875,0.0,0.8516341050113798,0.0,0.9333333333333333,0.0
simac/simac_Bela_Bartok_06-The_Miraculous_Mandarin_6.1_Sempre_vivo_6.2_Adagio/track.npy,simac,0.0,0.0,0.0,0.0,1.6117390318019805e-12,0.0,0.0,0.0
simac/simac_Bela_Bartok_09-Music_for_Strings_Percussion_and_Celesta_I_Andante_tranquillo/track.npy,simac,0.7666666666666667,0.0,0.7666666666666667,0.0,0.4917545754791952,0.0,0.6785714285714285,0.0
simac/simac_Bernstein_conducts_Stravinsky_12-Summoning_of_the_ancestors/track.npy,simac,0.3333333333333333,0.0,0.2,0.0,0.5222388619871546,0.0,0.6874999999999999,0.0
simac/simac_Bernstein_conducts_Stravinsky_14-Sacrifical_dance-_the_chosen_victim/track.npy,simac,0.25,0.0,0.25,0.0,0.5377571708619898,0.0,0.6071428571428571,0.0
simac/simac_Billie_Holiday_CD1_02-Carelessly/track.npy,simac,0.9642857142857143,0.0,0.9642857142857143,0.0,0.9448817157339449,0.0,0.9818181818181818,0.0
simac/simac_Billie_Holiday_CD1_06-Who_loves_you/track.npy,simac,0.7692307692307693,0.0,0.7692307692307693,0.0,0.8106418753626652,0.0,0.8695652173913044,0.0
simac/simac_Cafe_Zimmermann_03-Concerto_pour_deux_violons_&_cordes_en_r_mineur_BWV_1043_-_Vivace/track.npy,simac,0.8064516129032258,0.0,0.8064516129032258,0.0,0.8608106578214367,0.0,0.9122807017543859,0.0
simac/simac_Cafe_Zimmermann_14-Concerto_pour_hautbois_&_violon_en_ut_mineur_BWV_1060_-_Adagio/track.npy,simac,0.7575757575757576,0.0,0.7575757575757576,0.0,0.7778383201863796,0.0,0.8620689655172413,0.0
simac/simac_Classic_Borodin_-_String_quartet_2_D_01/track.npy,simac,0.7272727272727273,0.0,0.7272727272727273,0.0,0.4249070243922859,0.0,0.5365853658536586,0.0
simac/simac_Classic_Track_01/track.npy,simac,0.391304347826087,0.0,0.391304347826087,0.0,0.44905636318125774,0.0,0.6153846153846153,0.0
simac/simac_Concert_04-4._Bourre/track.npy,simac,0.8421052631578947,0.0,0.0,0.0,0.695468304343432,0.0,0.6274509803921569,0.0
simac/simac_Concert_18-2._Allegro/track.npy,simac,0.8571428571428571,0.0,0.8571428571428571,0.0,0.882357617593926,0.0,0.923076923076923,0.0
simac/simac_DGG_419_047-2_09-Toccata_Adagio_u._Fuge_C-dur_BWV_564_-_III_Fuge/track.npy,simac,0.5,0.0,0.5,0.0,0.6802041219277067,0.0,0.7857142857142858,0.0
simac/simac_Ella_&_Louis_02-We_Cant_Go_On_This_Way/track.npy,simac,0.6944444444444444,0.0,0.6944444444444444,0.0,0.7339104097348225,0.0,0.819672131147541,0.0
simac/simac_Ella_&_Louis_03-A_Tisket-A_Tasket/track.npy,simac,0.7,0.0,0.7,0.0,0.6758428646030114,0.0,0.7843137254901961,0.0
simac/simac_Ella_&_Louis_04-Sing_Song_Swing/track.npy,simac,0.8260869565217391,0.0,0.8260869565217391,0.0,0.7576346709698152,0.0,0.9047619047619047,0.0
simac/simac_Ella_&_Louis_14-Coochi_Coochi_Coo/track.npy,simac,0.5531914893617021,0.0,0.5531914893617021,0.0,0.6902880395418576,0.0,0.7466666666666666,0.0
simac/simac_Eres_luz_04-Como_tu_ninguna_(Rumba)/track.npy,simac,0.8571428571428571,0.0,0.8571428571428571,0.0,0.8096161118368463,0.0,0.9056603773584904,0.0
simac/simac_Fado_09-AudioTrack_09/track.npy,simac,0.5909090909090909,0.0,0.5909090909090909,0.0,0.6356400176949639,0.0,0.6857142857142856,0.0
simac/simac_Family_Tree_-_Greatest_Hits_As_Chosen_By_Bjork_09-Scatterheart/track.npy,simac,0.5806451612903226,0.0,0.5806451612903226,0.0,0.779665896347499,0.0,0.8571428571428571,0.0
simac/simac_Gold_-_Greatest_Hits_06-Super_Trouper/track.npy,simac,0.90625,0.0,0.90625,0.0,0.9181551760666095,0.0,0.9508196721311475,0.0
simac/simac_Gold_-_Greatest_Hits_07-I_Have_A_Dream/track.npy,simac,0.8125,0.0,0.0,0.0,0.6896822345217197,0.0,0.6341463414634146,0.0
simac/simac_Gold_-_Greatest_Hits_14-Gimme_Gimme_Gimme_(A_Man_After_Midnight)/track.npy,simac,0.967741935483871,0.0,0.967741935483871,0.0,0.942090287356109,0.0,0.9836065573770492,0.0
simac/simac_Gold_-_Greatest_Hits_16-One_Of_Us/track.npy,simac,0.8695652173913043,0.0,0.0,0.0,0.706255289938703,0.0,0.625,0.0
simac/simac_Kocani_Orkester_Kocani_Orkestar_-_Burkan_Cocek/track.npy,simac,0.8846153846153846,0.0,0.8846153846153846,0.0,0.6859694456315314,0.0,0.8979591836734695,0.0
simac/simac_Niandra_LaDes_and_Usually_Just_a_T-Shirt_06-Running_Away_Into_You/track.npy,simac,0.7368421052631579,0.0,0.0,0.0,0.5686449433379879,0.0,0.5660377358490566,0.0
simac/simac_Niandra_LaDes_and_Usually_Just_a_T-Shirt_19-Usually_Just_a_T-Shirt_Untitled_7/track.npy,simac,0.95,0.0,0.0,0.0,0.717292852281277,0.0,0.6440677966101694,0.0
simac/simac_Papakonstantinou_15-AudioTrack_15/track.npy,simac,0.7857142857142857,0.0,0.0,0.0,0.5946735327127282,0.0,0.6111111111111112,0.0
simac/simac_Primer_Aliento_05-Programa_en_espiral/track.npy,simac,1.0,0.0,0.0,0.0,0.7080699117987674,0.0,0.6666666666666666,0.0
simac/simac_Primer_Aliento_06-La_persecucion/track.npy,simac,0.8846153846153846,0.0,0.8846153846153846,0.0,0.7819323074326442,0.0,0.8571428571428572,0.0
simac/simac_Primer_Aliento_08-El_ultimo_asalto_a_la_Bastilla/track.npy,simac,0.6896551724137931,0.0,0.6896551724137931,0.0,0.825380667044691,0.0,0.8627450980392156,0.0
simac/simac_Samba_na_Madrugada_04-Sofreguidao/track.npy,simac,0.7857142857142857,0.0,0.7857142857142857,0.0,0.8225504099878924,0.0,0.88,0.0
simac/simac_Samba_na_Madrugada_06-Minha_Cofissao/track.npy,simac,0.76,0.0,0.76,0.0,0.6503024937533319,0.0,0.7111111111111111,0.0
simac/simac_Samba_na_Madrugada_09-Depois_de_Tanto_Amor/track.npy,simac,0.0,0.0,0.0,0.0,0.0002760983981090154,0.0,0.0,0.0
simac/simac_Samba_na_Madrugada_10-Samba_Original/track.npy,simac,0.8064516129032258,0.0,0.8064516129032258,0.0,0.7855590147972125,0.0,0.8928571428571428,0.0
simac/simac_So_Cartola_03-Sala_de_Recepcao/track.npy,simac,0.8,0.0,0.0,0.0,0.5567262869446026,0.0,0.6274509803921569,0.0
simac/simac_Songs_Afrocuba_-_A_Luisa/track.npy,simac,0.1794871794871795,0.0,0.1794871794871795,0.0,0.12848974298797924,0.0,0.21212121212121213,0.0
simac/simac_Songs_Alejandro_(Alex_Benson)_-_Tengo_una_penita/track.npy,simac,1.0,0.0,1.0,0.0,0.9384354362107125,0.0,1.0,0.0
simac/simac_Songs_Alfredo_-_La_rumba_de_Alfredo/track.npy,simac,0.7714285714285715,0.0,0.7714285714285715,0.0,0.8136338439046952,0.0,0.870967741935484,0.0
simac/simac_Songs_Caracas_Latin_Brothers_-_El_espectaculo/track.npy,simac,0.84375,0.0,0.84375,0.0,0.8672477959209228,0.0,0.9152542372881356,0.0
simac/simac_Tanto_Tempo_08-Lonely/track.npy,simac,0.7857142857142857,0.0,0.7857142857142857,0.0,0.740581425520267,0.0,0.88,0.0
simac/simac_The_Crackdown_09-Crackdown/track.npy,simac,0.9354838709677419,0.0,0.9354838709677419,0.0,0.9523168134987262,0.0,0.9666666666666666,0.0
simac/simac_Tomatito_Tomatito-02.La_voz_del_tiempo/track.npy,simac,0.6388888888888888,0.0,0.6388888888888888,0.0,0.706574224234992,0.0,0.819672131147541,0.0
simac/simac_VOL.3_Musiques_pour_guitare_et_violoncelle_04-4._Hommage_ade_Falla_(Allegro)/track.npy,simac,0.41379310344827586,0.0,0.41379310344827586,0.0,0.7070869543644335,0.0,0.8163265306122449,0.0
simac/simac_VOL.3_Musiques_pour_guitare_et_violoncelle_12-Cancion/track.npy,simac,0.0,0.0,0.0,0.0,0.39121406451248686,0.0,0.44776119402985076,0.0
simac/simac_Xatzidakis_22-AudioTrack_22/track.npy,simac,0.7647058823529411,0.0,0.7647058823529411,0.0,0.6791913670908958,0.0,0.8000000000000002,0.0
simac/simac_greek_Gkoles_-_Mou_fages_ta_daxtylidia/track.npy,simac,0.7333333333333333,0.0,0.7333333333333333,0.0,0.7224015846456623,0.0,0.846153846153846,0.0
simac/simac_greek_Perdika(xwris_logia)/track.npy,simac,0.6785714285714286,0.0,0.03571428571428571,0.0,0.4959939584154903,0.0,0.5128205128205129,0.0
simac/simac_more_greek_07_Psevdoixos/track.npy,simac,0.8518518518518519,0.0,0.8518518518518519,0.0,0.8144123754668535,0.0,0.9259259259259259,0.0
simac/simac_more_greek_Dionysiou_-_Na_eixa_to_kouragio/track.npy,simac,0.35714285714285715,0.0,0.35714285714285715,0.0,0.2801215570989298,0.0,0.27450980392156865,0.0
simac/simac_more_greek_Gkoles_-_Mortissa_ki_alanis/track.npy,simac,0.75,0.0,0.75,0.0,0.7189303125077506,0.0,0.8571428571428571,0.0
simac/simac_more_greek_Gkoles_-_Peristeriwtissa/track.npy,simac,0.8095238095238095,0.0,0.8095238095238095,0.0,0.7825929767508858,0.0,0.8947368421052632,0.0
simac/simac_more_greek_Marinella_-_Pes_pws_m_antamwses/track.npy,simac,0.9333333333333333,0.0,0.9333333333333333,0.0,0.9082080233414613,0.0,0.9655172413793104,0.0
simac/simac_more_greek_Marinella_-_Stalia_stalia/track.npy,simac,0.7368421052631579,0.0,0.7368421052631579,0.0,0.7838561021125998,0.0,0.8484848484848484,0.0
simac/simac_more_greek_Mpellou_-_Anastenazw_kai_ponw/track.npy,simac,0.75,0.0,0.75,0.0,0.778432520873127,0.0,0.8571428571428571,0.0
simac/simac_more_greek_Mpellou_-_Apopse_kaneis_mpam/track.npy,simac,1.0,0.0,1.0,0.0,0.8042298317041079,0.0,0.9375,0.0
simac/simac_more_greek_Mpellou_-_Kardia_paraponiara/track.npy,simac,0.8888888888888888,0.0,0.8888888888888888,0.0,0.8732452382499359,0.0,0.9411764705882353,0.0
simac/simac_more_greek_Mpellou_-_Prin_to_xarama_monaxos/track.npy,simac,0.7272727272727273,0.0,0.7272727272727273,0.0,0.7069894073105499,0.0,0.7894736842105263,0.0
simac/simac_more_greek_Mpi8ikwtsis_-_Drapetswna/track.npy,simac,0.8947368421052632,0.0,0.8947368421052632,0.0,0.7737021120574318,0.0,0.8333333333333333,0.0
simac/simac_more_greek_Mpi8ikwtsis_-_Eimai_aitos_xwris_ftera/track.npy,simac,0.8095238095238095,0.0,0.8095238095238095,0.0,0.8089603617246014,0.0,0.8947368421052632,0.0
simac/simac_more_greek_Mpi8ikwtsis_-_Sta_xeria_sou_megalwsan/track.npy,simac,0.6,0.0,0.6,0.0,0.6650506213242291,0.0,0.7499999999999999,0.0
simac/simac_selected_ambient_works_8592_hedphelym/track.npy,simac,0.8064516129032258,0.0,0.8064516129032258,0.0,0.6144695811327808,0.0,0.9491525423728813,0.0
simac/simac_selected_ambient_works_8592_heliosphan/track.npy,simac,0.9411764705882353,0.0,0.9411764705882353,0.0,0.9032750746126134,0.0,0.9696969696969697,0.0
smc/smc_008/track.npy,smc,0.11392405063291139,0.0,0.11392405063291139,0.0,0.3660769134626981,0.0,0.4999999999999999,0.0
smc/smc_010/track.npy,smc,0.8823529411764706,0.0,0.8823529411764706,0.0,0.7162735991386336,0.0,0.8541666666666666,0.0
smc/smc_014/track.npy,smc,0.6,0.0,0.6,0.0,0.6581316026732996,0.0,0.8048780487804879,0.0
smc/smc_015/track.npy,smc,0.4666666666666667,0.0,0.0,0.0,0.3896118589547525,0.0,0.42424242424242425,0.0
smc/smc_023/track.npy,smc,0.7317073170731707,0.0,0.10526315789473684,0.0,0.7079744232777478,0.0,0.6779661016949152,0.0
smc/smc_024/track.npy,smc,0.3137254901960784,0.0,0.26666666666666666,0.0,0.664181241176748,0.0,0.6984126984126984,0.0
smc/smc_036/track.npy,smc,0.4225352112676056,0.0,0.3508771929824561,0.0,0.5836122670312403,0.0,0.7526881720430108,0.0
smc/smc_046/track.npy,smc,0.8048780487804879,0.0,0.8048780487804879,0.0,0.5387884218930685,0.0,0.6582278481012659,0.0
smc/smc_064/track.npy,smc,0.1978021978021978,0.0,0.0,0.0,0.08782008237586338,0.0,0.08620689655172414,0.0
smc/smc_079/track.npy,smc,0.7614678899082569,0.0,0.7614678899082569,0.0,0.8236047320037974,0.0,0.8940092165898618,0.0
smc/smc_080/track.npy,smc,0.20754716981132076,0.0,0.0,0.0,0.3753994118139433,0.0,0.4444444444444445,0.0
smc/smc_092/track.npy,smc,0.8043478260869565,0.0,0.0,0.0,0.6046483217921121,0.0,0.5833333333333334,0.0
smc/smc_119/track.npy,smc,0.2830188679245283,0.0,0.2830188679245283,0.0,0.3009292918846521,0.0,0.4235294117647059,0.0
smc/smc_146/track.npy,smc,0.5306122448979592,0.0,0.5306122448979592,0.0,0.42566093924231496,0.0,0.5853658536585367,0.0
smc/smc_148/track.npy,smc,0.11904761904761904,0.0,0.023255813953488372,0.0,0.08276043203091762,0.0,0.09230769230769229,0.0
smc/smc_151/track.npy,smc,0.18421052631578946,0.0,0.12987012987012986,0.0,0.43390105344507895,0.0,0.5263157894736842,0.0
smc/smc_153/track.npy,smc,0.2777777777777778,0.0,0.10909090909090909,0.0,0.307980021747888,0.0,0.27956989247311825,0.0
smc/smc_159/track.npy,smc,0.675,0.0,0.0,0.0,0.414821568804029,0.0,0.4042553191489362,0.0
smc/smc_182/track.npy,smc,0.9111111111111111,0.0,0.9111111111111111,0.0,0.6007555095439375,0.0,0.7906976744186047,0.0
smc/smc_192/track.npy,smc,0.22857142857142856,0.0,0.17857142857142858,0.0,0.15658158298077202,0.0,0.21739130434782608,0.0
smc/smc_193/track.npy,smc,0.6491228070175439,0.0,0.6491228070175439,0.0,0.5394223016368227,0.0,0.74,0.0
smc/smc_195/track.npy,smc,0.3269230769230769,0.0,0.0,0.0,0.24965009650276637,0.0,0.2988505747126437,0.0
smc/smc_205/track.npy,smc,0.8222222222222222,0.0,0.8222222222222222,0.0,0.7023944686767967,0.0,0.8735632183908046,0.0
smc/smc_211/track.npy,smc,0.6122448979591837,0.0,0.6122448979591837,0.0,0.3524560351705488,0.0,0.5681818181818182,0.0
smc/smc_236/track.npy,smc,0.7297297297297297,0.0,0.7297297297297297,0.0,0.5218652527327715,0.0,0.6470588235294118,0.0
smc/smc_257/track.npy,smc,0.3448275862068966,0.0,0.17647058823529413,0.0,0.41279686531116244,0.0,0.5555555555555555,0.0
smc/smc_272/track.npy,smc,0.5245901639344263,0.0,0.0,0.0,0.6199529887362984,0.0,0.6408839779005524,0.0
smc/smc_285/track.npy,smc,0.4838709677419355,0.0,0.010752688172043012,0.0,0.5078798778254335,0.0,0.294478527607362,0.0
tapcorrect/015_youtube_ltRgb4SJ1uk/track.npy,tapcorrect,0.9784791965566715,0.8742857142857143,0.9784791965566715,0.8742857142857143,0.9375531980406099,0.9227545552788924,0.9949531362653209,0.967551622418879
tapcorrect/021_youtube_lzdGpNGH9BI/track.npy,tapcorrect,0.9413919413919414,0.9305555555555556,0.9413919413919414,0.9305555555555556,0.9243978989963564,0.9286398163874829,0.962962962962963,0.9640287769784173
tapcorrect/025_youtube_8jsFGdeWNPo/track.npy,tapcorrect,0.8338658146964856,0.2375,0.8338658146964856,0.2375,0.8510954334632855,0.5527519483231678,0.8907849829351536,0.5100671140939598
tapcorrect/053_youtube_yuxchcK5Gek/track.npy,tapcorrect,0.9979550102249489,1.0,0.9979550102249489,1.0,0.9745049494871921,0.968235077188621,0.9989764585465711,1.0
tapcorrect/062_youtube_Yi3GJEEMX4s/track.npy,tapcorrect,0.9805194805194806,0.9790575916230366,0.9805194805194806,0.9790575916230366,0.9662326661768291,0.9670945109798222,0.9875898105813193,0.9842931937172775
tapcorrect/073_youtube_qZuH-5St80A/track.npy,tapcorrect,0.9212121212121213,0.6165413533834586,0.9212121212121213,0.6165413533834586,0.9276086198742708,0.7063044560184396,0.9589905362776024,0.7258064516129032
tapcorrect/076_youtube_pjcOzqxu4JQ/track.npy,tapcorrect,0.9961832061068703,0.9538461538461539,0.9961832061068703,0.9538461538461539,0.9731963632397633,0.9291824609396208,0.9980879541108987,0.9538461538461539
tapcorrect/084_youtube_zH9sXggRlxc/track.npy,tapcorrect,1.0,1.0,1.0,1.0,0.9571724050039457,0.9551515660775203,1.0,1.0
tapcorrect/088_youtube_D1ACUFvxAGQ/track.npy,tapcorrect,0.9186602870813397,0.7924528301886793,0.9186602870813397,0.7924528301886793,0.8647684499880212,0.8553046478541613,0.912621359223301,0.9019607843137256
tapcorrect/089_youtube_Ghg70fI6HLI/track.npy,tapcorrect,0.9962264150943396,0.9850746268656716,0.9962264150943396,0.9850746268656716,0.9733541237514537,0.9725403699246707,0.998109640831758,0.9924812030075187
tapcorrect/094_youtube_FrGARptU-kQ/track.npy,tapcorrect,0.9805527123848515,0.5564516129032258,0.9805527123848515,0.5564516129032258,0.9596999655666411,0.626807416394509,0.9845837615621789,0.641025641025641
tapcorrect/101_youtube_O64IDCVI3eM/track.npy,tapcorrect,0.9553903345724907,0.9558823529411765,0.9553903345724907,0.9558823529411765,0.9058780517127355,0.9081093846794929,0.9643527204502814,0.955223880597015
