piece,dataset,AMLt_beat,AMLt_downbeat,CMLt_beat,CMLt_downbeat,Cemgil_beat,Cemgil_downbeat,F-measure_beat,F-measure_downbeat
asap/Bach_Fugue_bwv_862_Song04M/track.npy,asap,0.9219858156028369,0.19047619047619047,0.9219858156028369,0.14285714285714285,0.9439759528414062,0.22262805474269054,0.9672727272727273,0.18666666666666665
asap/Bach_Fugue_bwv_863_LeeN01M/track.npy,asap,0.9870967741935484,0.631578947368421,0.9870967741935484,0.10256410256410256,0.9733727914034213,0.32009243752587974,0.9935483870967742,0.12987012987012986
asap/Bach_Fugue_bwv_863_Shychko01M/track.npy,asap,0.8782051282051282,0.35064935064935066,0.8782051282051282,0.16666666666666666,0.9417292566429121,0.5532778968080181,0.9639344262295082,0.5376344086021506
asap/Bach_Fugue_bwv_863_TongB01M/track.npy,asap,1.0,0.3191489361702128,1.0,0.23404255319148937,0.9660358730378426,0.5038360464981386,1.0,0.4418604651162791
asap/Bach_Fugue_bwv_868_GonzalezJ05M/track.npy,asap,0.7046979865771812,0.6060606060606061,0.7046979865771812,0.6060606060606061,0.8932637128673089,0.6957024537315074,0.9130434782608696,0.7076923076923077
asap/Bach_Fugue_bwv_873_Lisiecki13M/track.npy,asap,0.9635036496350365,0.3974358974358974,0.9635036496350365,0.3974358974358974,0.955777470841685,0.7341309375590813,0.985239852398524,0.7586206896551725
asap/Bach_Fugue_bwv_888_ZhaoK01M/track.npy,asap,0.6239316239316239,0.11764705882352941,0.6239316239316239,0.0,0.7617437304694743,0.13965701149293305,0.7713004484304934,0.0930232558139535
asap/Bach_Prelude_bwv_867_HuNY01M/track.npy,asap,0.7692307692307693,0.37777777777777777,0.7692307692307693,0.09375,0.8816110258777946,0.4518278935823499,0.9183673469387755,0.4727272727272727
asap/Bach_Prelude_bwv_867_Sham01M/track.npy,asap,0.75,0.37777777777777777,0.75,0.0,0.8984383753369323,0.3419315195939415,0.9285714285714286,0.28125
asap/Bach_Prelude_bwv_868_GonzalezJ05M/track.npy,asap,0.9452054794520548,0.4444444444444444,0.9452054794520548,0.3888888888888889,0.9594560126098913,0.5377300509414336,0.9790209790209791,0.45714285714285713
asap/Bach_Prelude_bwv_880_LeungR01M/track.npy,asap,0.9905660377358491,0.3,0.9905660377358491,0.3,0.9689205196213188,0.6161190622952533,0.9929078014184397,0.6446280991735537
asap/Bach_Prelude_bwv_880_WangA04M/track.npy,asap,0.6720647773279352,0.37142857142857144,0.6720647773279352,0.37142857142857144,0.861512989439024,0.5080378526098055,0.8840262582056893,0.5190839694656487
asap/Bach_Prelude_bwv_891_BLINOV04M/track.npy,asap,0.7377049180327869,0.4634146341463415,0.7377049180327869,0.0,0.8967734315011042,0.5060285833824144,0.9186046511627907,0.4705882352941177
asap/Bach_Prelude_bwv_891_Duepree06M/track.npy,asap,0.9386503067484663,0.2857142857142857,0.9386503067484663,0.225,0.9606540136462233,0.6406190475808702,0.978328173374613,0.6511627906976745
asap/Beethoven_Piano_Sonatas_17-1_KaszoS09M/track.npy,asap,0.5674653215636822,0.27927927927927926,0.0952006294256491,0.13522012578616352,0.6842986633699177,0.47350678283493347,0.6550387596899225,0.4925925925925925
asap/Beethoven_Piano_Sonatas_17-1_no_repeat_GuoE02M/track.npy,asap,0.5411558669001751,0.17256637168141592,0.1273532668881506,0.17256637168141592,0.6783342974152606,0.46082408032843725,0.6472184531886024,0.4827586206896552
asap/Beethoven_Piano_Sonatas_17-1_no_repeat_KabuliL02M/track.npy,asap,0.4834983498349835,0.2229299363057325,0.17054263565891473,0.14601769911504425,0.6843860278697597,0.42601228748417025,0.6746189529489728,0.4386422976501306
asap/Beethoven_Piano_Sonatas_17-1_no_repeat_Richardson02M/track.npy,asap,0.5226890756302521,0.30612244897959184,0.08758314855875832,0.10176991150442478,0.6595875115802705,0.41419748292295905,0.6332665330661322,0.40750670241286874
asap/Beethoven_Piano_Sonatas_17-1_no_repeat_TuanS02M/track.npy,asap,0.5855379188712522,0.28169014084507044,0.09856035437430787,0.10619469026548672,0.6872900670147237,0.42991467608634354,0.6462585034013605,0.42934782608695654
asap/Beethoven_Piano_Sonatas_17-1_no_repeat_WangH03M/track.npy,asap,0.6007130124777184,0.22123893805309736,0.06984478935698447,0.22123893805309736,0.690602776556501,0.5175001158938358,0.6288448393711552,0.5384615384615384
asap/Beethoven_Piano_Sonatas_21-1_KaiRuiR02M/track.npy,asap,0.8315926892950392,0.3015075376884422,0.8315926892950392,0.3015075376884422,0.8983893878173592,0.5714726035642029,0.9231775089898661,0.5813060179257363
asap/Beethoven_Piano_Sonatas_21-1_Sekino05M/track.npy,asap,0.7982315112540193,0.36515912897822445,0.7982315112540193,0.16791979949874686,0.8767109201227207,0.5638538322905323,0.9097621000820344,0.5558739255014327
asap/Beethoven_Piano_Sonatas_21-1_no_repeat_GonzalezJ06M/track.npy,asap,0.721709974853311,0.3745819397993311,0.721709974853311,0.3745819397993311,0.8373887788034521,0.543718612816645,0.8724489795918368,0.5684931506849314
asap/Beethoven_Piano_Sonatas_21-1_no_repeat_KimSY02M/track.npy,asap,0.7710355987055016,0.33432835820895523,0.7710355987055016,0.33432835820895523,0.8524091222335191,0.5538477838524923,0.8917249897076986,0.580441640378549
asap/Beethoven_Piano_Sonatas_21-1_no_repeat_LeeN02M/track.npy,asap,0.7616666666666667,0.4878048780487805,0.7616666666666667,0.4878048780487805,0.848705311800511,0.633951570331018,0.8825741746761389,0.6666666666666666
asap/Beethoven_Piano_Sonatas_21-1_no_repeat_RichardsonC02M/track.npy,asap,0.7208398133748056,0.3256484149855908,0.7208398133748056,0.3256484149855908,0.843133091657028,0.5834498562447709,0.8793868495361032,0.6068111455108359
asap/Beethoven_Piano_Sonatas_21-1_no_repeat_Shychko02M/track.npy,asap,0.7914572864321608,0.2711864406779661,0.7914572864321608,0.2711864406779661,0.8789851664408197,0.581899065008414,0.909928780896523,0.6033690658499236
asap/Beethoven_Piano_Sonatas_21-1_no_repeat_Sladek02M/track.npy,asap,0.7160596026490066,0.38461538461538464,0.7160596026490066,0.38461538461538464,0.8418263234210444,0.5835149305046936,0.872969596001666,0.6
asap/Beethoven_Piano_Sonatas_21-1_no_repeat_Song03M/track.npy,asap,0.7740585774058577,0.47854785478547857,0.7740585774058577,0.47854785478547857,0.8804957496583936,0.6534825043000057,0.9084687767322498,0.6744186046511628
asap/Beethoven_Piano_Sonatas_21-1_no_repeat_SunY02M/track.npy,asap,0.7439807383627608,0.3707165109034268,0.7439807383627608,0.3707165109034268,0.8418381227315254,0.5421860624813819,0.8712059064807218,0.5589660743134087
asap/Beethoven_Piano_Sonatas_21-1_no_repeat_Tetzloff05M/track.npy,asap,0.6936135812449474,0.3198757763975155,0.6936135812449474,0.3198757763975155,0.8241053568653114,0.5202852151885488,0.8703170028818443,0.5419354838709677
asap/Beethoven_Piano_Sonatas_21-1_no_repeat_ToA02M/track.npy,asap,0.7783291976840364,0.40384615384615385,0.7783291976840364,0.40384615384615385,0.8573949202648683,0.591804728818406,0.8825978351373855,0.6055646481178397
asap/Beethoven_Piano_Sonatas_21-1_no_repeat_TongB03M/track.npy,asap,0.8142741281427412,0.24623115577889448,0.8142741281427412,0.2188365650969529,0.8786624763599642,0.5046039060455848,0.9167353668590272,0.5272727272727272
asap/Beethoven_Piano_Sonatas_21-1_no_repeat_WangA02M/track.npy,asap,0.7464435146443514,0.2674772036474164,0.7464435146443514,0.2674772036474164,0.8323172963902132,0.5295937126557598,0.8613322161709258,0.5550239234449761
asap/Beethoven_Piano_Sonatas_21-1_no_repeat_YeZ02M/track.npy,asap,0.80440097799511,0.4414715719063545,0.80440097799511,0.4414715719063545,0.8854379535063428,0.5911735963613491,0.9169764560099132,0.6124567474048442
asap/Beethoven_Piano_Sonatas_21-1_no_repeat_ZhangW01M/track.npy,asap,0.8064516129032258,0.32266666666666666,0.8064516129032258,0.32266666666666666,0.8717395088369161,0.621431688194737,0.9075770191507078,0.6439169139465876
asap/Beethoven_Piano_Sonatas_9-3_Tysman05M/track.npy,asap,0.6345776031434185,0.28654970760233917,0.11515151515151516,0.28654970760233917,0.7133275740926033,0.5235865024283776,0.6666666666666667,0.5418060200668896
asap/Chopin_Ballades_3_Ko11M/track.npy,asap,0.5283018867924528,0.19665271966527198,0.5283018867924528,0.19665271966527198,0.7228877885512783,0.46044192977456766,0.7641509433962264,0.47783251231527096
asap/Chopin_Ballades_3_LinPeng06M/track.npy,asap,0.4850863422291994,0.18410041841004185,0.4850863422291994,0.18410041841004185,0.7054898313453992,0.3698967017693685,0.7432675044883305,0.3932038834951457
asap/Chopin_Etudes_op_10_1_ChenW03M/track.npy,asap,0.765625,0.20833333333333334,0.765625,0.12,0.8306481523996623,0.30273772436319873,0.8935483870967742,0.3089430894308943
asap/Chopin_Etudes_op_10_1_KaiRuiR03M/track.npy,asap,0.822429906542056,0.42105263157894735,0.822429906542056,0.42105263157894735,0.8888790723230022,0.5163242959359584,0.9292604501607716,0.5342465753424657
asap/Chopin_Etudes_op_10_1_LiYZ02M/track.npy,asap,0.9543973941368078,0.5466666666666666,0.9543973941368078,0.5466666666666666,0.9463594965814038,0.6642594187215631,0.985172981878089,0.6808510638297872
asap/Chopin_Etudes_op_10_1_LuM02M/track.npy,asap,0.5826086956521739,0.13559322033898305,0.5826086956521739,0.13513513513513514,0.7395441397872257,0.2820983065581,0.7981366459627329,0.2857142857142857
asap/Chopin_Etudes_op_10_1_MunA07M/track.npy,asap,0.778816199376947,0.3409090909090909,0.778816199376947,0.13333333333333333,0.8584259437406054,0.41963101944323855,0.9404186795491144,0.4369747899159664
asap/Chopin_Etudes_op_10_1_SunY03M/track.npy,asap,0.8099688473520249,0.22916666666666666,0.8099688473520249,0.16,0.8607380531273549,0.40271191248807087,0.9339774557165861,0.4227642276422764
asap/Chopin_Etudes_op_10_1_YeF03M/track.npy,asap,0.5210843373493976,0.13636363636363635,0.5210843373493976,0.09333333333333334,0.7257935920625052,0.3404315998780145,0.8227848101265823,0.3697478991596639
asap/Chopin_Etudes_op_10_1_YuP02M/track.npy,asap,0.9009584664536742,0.3684210526315789,0.9009584664536742,0.3684210526315789,0.9294501533613828,0.5477927873689801,0.9674267100977199,0.573529411764706
asap/Haydn_Keyboard_Sonatas_39-3_Yarden07M/track.npy,asap,0.9230769230769231,0.6313559322033898,0.9230769230769231,0.6313559322033898,0.9343838796571511,0.7332994649962014,0.9730848861283643,0.7621145374449338
asap/Liszt_Annees_de_pelerinage_2_1_Gondoliera_LeungM08M/track.npy,asap,0.25547445255474455,0.22033898305084745,0.25547445255474455,0.22033898305084745,0.4942935870732525,0.31169931831720776,0.5347758887171561,0.3394495412844037
asap/Liszt_Annees_de_pelerinage_2_1_Gondoliera_LeungM12M/track.npy,asap,0.1411764705882353,0.16101694915254236,0.1411764705882353,0.16101694915254236,0.40295784916086924,0.23834400391556557,0.44504021447721176,0.24413145539906103
asap/Rachmaninoff_Preludes_op_23_6_Nikiforov14M/track.npy,asap,0.33636363636363636,0.16326530612244897,0.33636363636363636,0.08163265306122448,0.6241010724077788,0.25997085241660645,0.6510416666666666,0.26666666666666666
asap/Schubert_Impromptu_op142_3_Richardson07M/track.npy,asap,0.6950182260024301,0.4306569343065693,0.0959902794653706,0.10108303249097472,0.6830571140216672,0.5495412738502132,0.654251012145749,0.5797101449275363
asap/Schubert_Impromptu_op142_3_RichardsonC06M/track.npy,asap,0.6829545454545455,0.23904382470119523,0.06818181818181818,0.23904382470119523,0.6402733987652433,0.540358382388503,0.631981637337414,0.5935483870967742
asap/Schubert_Impromptu_op142_3_SunY08M/track.npy,asap,0.7165991902834008,0.28699551569506726,0.02699055330634278,0.28699551569506726,0.6245923509035491,0.5210500650256874,0.5992647058823529,0.5692695214105793
asap/Schubert_Impromptu_op142_3_WangH06M/track.npy,asap,0.7458379578246392,0.26229508196721313,0.02774694783573807,0.18076923076923077,0.6160984155831645,0.4389381139488161,0.6109857035364936,0.4894514767932489
asap/Schubert_Impromptu_op142_3_YoungS06M/track.npy,asap,0.6743916570104287,0.28337236533957844,0.09269988412514485,0.2109090909090909,0.6586820601465713,0.5153337739515099,0.6475600309837336,0.5439672801635993
ballroom/ballroom_Albums-AnaBelen_Veneo-11/track.npy,ballroom,1.0,1.0,1.0,1.0,0.9746226337231263,0.9725759389951611,1.0,1.0
ballroom/ballroom_Albums-Ballroom_Classics4-07/track.npy,ballroom,1.0,1.0,1.0,1.0,0.9145284341466573,0.9115493233791019,1.0,1.0
ballroom/ballroom_Albums-Ballroom_Classics4-09/track.npy,ballroom,1.0,1.0,1.0,1.0,0.9250500382795726,0.9374884049769943,1.0,1.0
ballroom/ballroom_Albums-Cafe_Paradiso-02/track.npy,ballroom,0.9761904761904762,1.0,0.9761904761904762,1.0,0.9561995095064537,0.9694221036113287,0.9879518072289156,1.0
ballroom/ballroom_Albums-Chrisanne2-03/track.npy,ballroom,0.8918918918918919,0.8333333333333334,0.8918918918918919,0.0,0.7234007270571154,0.23156107342891796,0.8055555555555555,0.23529411764705885
ballroom/ballroom_Albums-Chrisanne3-08/track.npy,ballroom,0.9736842105263158,0.8461538461538461,0.9736842105263158,0.0,0.9301688044882743,0.4935290625758857,0.9801324503311258,0.4210526315789474
ballroom/ballroom_Albums-GloriaEstefan_MiTierra-08/track.npy,ballroom,0.972972972972973,1.0,0.972972972972973,1.0,0.8639250409621456,0.9457646958649144,0.9863013698630138,1.0
ballroom/ballroom_Albums-Latin_Jam-01/track.npy,ballroom,0.9807692307692307,1.0,0.9807692307692307,1.0,0.9747658414537467,0.9831537973011186,0.9902912621359222,1.0
ballroom/ballroom_Albums-Latin_Jam-05/track.npy,ballroom,1.0,1.0,1.0,1.0,0.9812037802516052,0.9860852415765522,1.0,1.0
ballroom/ballroom_Albums-Latin_Jam-07/track.npy,ballroom,1.0,1.0,1.0,1.0,0.9839066947637828,0.9908619015241354,1.0,1.0
ballroom/ballroom_Albums-Latin_Jam2-11/track.npy,ballroom,1.0,1.0,1.0,1.0,0.965971316197493,0.9501649378595106,1.0,1.0
ballroom/ballroom_Albums-Latin_Jam4-13/track.npy,ballroom,0.9555555555555556,0.0,0.9555555555555556,0.0,0.9109741174527872,0.4141201356938944,0.9318181818181819,0.4210526315789474
ballroom/ballroom_Albums-Latin_Jam5-06/track.npy,ballroom,0.9761904761904762,1.0,0.9761904761904762,1.0,0.935976344104003,0.9711850974998871,0.9879518072289156,1.0
ballroom/ballroom_Albums-Latin_Jam5-07/track.npy,ballroom,1.0,1.0,1.0,1.0,0.9727799161142086,0.9644733980694237,1.0,1.0
ballroom/ballroom_Albums-Latin_Jam5-09/track.npy,ballroom,1.0,1.0,1.0,1.0,0.9704523962879951,0.9698049529302413,1.0,1.0
ballroom/ballroom_Albums-Latino_Latino-05/track.npy,ballroom,0.9787234042553191,0.9166666666666666,0.9787234042553191,0.9166666666666666,0.9520857103112453,0.9194857446520526,0.989247311827957,0.9565217391304348
ballroom/ballroom_Albums-Macumba-04/track.npy,ballroom,1.0,1.0,1.0,1.0,0.9720161059465469,0.9835756578711311,1.0,1.0
ballroom/ballroom_Albums-Macumba-07/track.npy,ballroom,1.0,1.0,1.0,1.0,0.9823381117723823,0.9855616253499319,1.0,1.0
ballroom/ballroom_Albums-Macumba-11/track.npy,ballroom,1.0,1.0,1.0,1.0,0.9616868654694004,0.962682860839902,1.0,1.0
ballroom/ballroom_Albums-Mambo_Kings-03/track.npy,ballroom,0.9791666666666666,1.0,0.9791666666666666,1.0,0.9634417191957929,0.9650781146645091,0.9894736842105264,1.0
ballroom/ballroom_Albums-Mambo_Kings-11/track.npy,ballroom,1.0,1.0,1.0,1.0,0.9773005078390443,0.9686037822330883,1.0,1.0
ballroom/ballroom_Albums-Pais_Tropical-07/track.npy,ballroom,1.0,1.0,1.0,1.0,0.9828611778402562,0.9837669990568703,1.0,1.0
ballroom/ballroom_Albums-Pais_Tropical-08/track.npy,ballroom,0.9811320754716981,0.6428571428571429,0.9811320754716981,0.6428571428571429,0.9639242273328713,0.7148790460223986,0.9904761904761905,0.7407407407407408
ballroom/ballroom_Albums-Pais_Tropical-10/track.npy,ballroom,0.9090909090909091,0.8181818181818182,0.9090909090909091,0.8181818181818182,0.924379033611218,0.8436691408038915,0.9767441860465117,0.8571428571428572
ballroom/ballroom_Albums-Step_By_Step-04/track.npy,ballroom,1.0,1.0,1.0,1.0,0.9176449829587007,0.9671499352227327,1.0,1.0
ballroom/ballroom_Albums-Step_By_Step-09/track.npy,ballroom,0.974025974025974,0.72,0.974025974025974,0.72,0.9560044539699333,0.6953903747535394,0.9868421052631579,0.72
ballroom/ballroom_Albums-Step_By_Step-11/track.npy,ballroom,1.0,1.0,1.0,1.0,0.9770535744752289,0.9734951453976752,1.0,1.0
ballroom/ballroom_Albums-Step_By_Step-16/track.npy,ballroom,0.9759036144578314,1.0,0.9759036144578314,1.0,0.7514902672989197,0.759051978284077,1.0,1.0
ballroom/ballroom_Albums-StrictlyDancing_Tango-05/track.npy,ballroom,0.8461538461538461,0.0,0.061224489795918366,0.0,0.7045344964317997,0.3678181221258376,0.6133333333333333,0.375
ballroom/ballroom_Albums-StrictlyDancing_Tango-10/track.npy,ballroom,1.0,1.0,1.0,1.0,0.9420066988530655,0.9680378226079775,1.0,1.0
ballroom/ballroom_Media-100603/track.npy,ballroom,1.0,1.0,1.0,1.0,0.9126851910527327,0.9456579299220897,1.0,1.0
ballroom/ballroom_Media-100604/track.npy,ballroom,1.0,1.0,1.0,1.0,0.8687979459234172,0.8343454450240846,1.0,1.0
ballroom/ballroom_Media-100605/track.npy,ballroom,0.49122807017543857,0.5714285714285714,0.3157894736842105,0.0,0.5318389335779738,0.2512261957631384,0.4144144144144144,0.2
ballroom/ballroom_Media-103303/track.npy,ballroom,0.972972972972973,0.6153846153846154,0.972972972972973,0.6153846153846154,0.8905164293037477,0.5843802875879097,0.9863013698630138,0.64
ballroom/ballroom_Media-103315/track.npy,ballroom,0.9868421052631579,1.0,0.9868421052631579,1.0,0.9086540611757784,0.8997459452494119,1.0,1.0
ballroom/ballroom_Media-103408/track.npy,ballroom,0.9811320754716981,0.9285714285714286,0.9811320754716981,0.9285714285714286,0.9714217427822713,0.9522204985603945,0.9904761904761905,0.962962962962963
ballroom/ballroom_Media-103504/track.npy,ballroom,0.6265060240963856,0.4,0.20588235294117646,0.4,0.6842461658433532,0.5103981405298554,0.7454545454545454,0.5263157894736842
ballroom/ballroom_Media-103509/track.npy,ballroom,0.9807692307692307,1.0,0.9807692307692307,1.0,0.9727479262547867,0.972331173381587,0.9902912621359222,1.0
ballroom/ballroom_Media-103511/track.npy,ballroom,1.0,1.0,1.0,1.0,0.9463237830625717,0.9569063640668773,1.0,1.0
ballroom/ballroom_Media-103515/track.npy,ballroom,1.0,1.0,1.0,1.0,0.9774640718524693,0.9776356444399525,1.0,1.0
ballroom/ballroom_Media-103605/track.npy,ballroom,1.0,1.0,1.0,1.0,0.9781400762242867,0.9777767679951299,1.0,1.0
ballroom/ballroom_Media-103611/track.npy,ballroom,1.0,0.9444444444444444,1.0,0.9444444444444444,0.9628162440328948,0.9527733419224635,1.0,0.9714285714285714
ballroom/ballroom_Media-103618/track.npy,ballroom,1.0,1.0,1.0,1.0,0.9888166108088295,0.9910281220002403,1.0,1.0
ballroom/ballroom_Media-103815/track.npy,ballroom,0.95,0.6,0.95,0.6,0.9182136677600494,0.5914962445803768,0.9620253164556962,0.6
ballroom/ballroom_Media-103902/track.npy,ballroom,1.0,0.9,1.0,0.0,0.9672785233510179,0.4508620442134622,1.0,0.0
ballroom/ballroom_Media-103905/track.npy,ballroom,0.25301204819277107,0.2,0.17567567567567569,0.2,0.4146132602178613,0.027872778322985927,0.5,0.0
ballroom/ballroom_Media-103910/track.npy,ballroom,1.0,1.0,1.0,1.0,0.9641757822296578,0.9653162588188298,1.0,1.0
ballroom/ballroom_Media-104007/track.npy,ballroom,1.0,1.0,1.0,1.0,0.9784808118420107,0.9601809969241415,1.0,1.0
ballroom/ballroom_Media-104010/track.npy,ballroom,1.0,1.0,1.0,1.0,0.9709152285483507,0.960524409861914,1.0,1.0
ballroom/ballroom_Media-104203/track.npy,ballroom,1.0,1.0,1.0,1.0,0.9363586075322468,0.9539812235385217,1.0,1.0
ballroom/ballroom_Media-104210/track.npy,ballroom,0.974025974025974,0.9615384615384616,0.974025974025974,0.9615384615384616,0.9376990814827966,0.9450406936536966,0.9868421052631579,0.9803921568627451
ballroom/ballroom_Media-104307/track.npy,ballroom,0.9868421052631579,1.0,0.9868421052631579,1.0,0.9593160433183497,0.9720556654568978,0.9933774834437086,1.0
ballroom/ballroom_Media-104417/track.npy,ballroom,0.9886363636363636,0.9545454545454546,0.9886363636363636,0.9545454545454546,0.9296388617159776,0.9230593467735833,0.9942857142857142,0.9767441860465117
ballroom/ballroom_Media-104502/track.npy,ballroom,1.0,1.0,1.0,1.0,0.7651369553771116,0.733855603401243,0.9722222222222222,0.9166666666666666
ballroom/ballroom_Media-104516/track.npy,ballroom,0.9222222222222223,1.0,0.9222222222222223,1.0,0.8872666318599597,0.9443055923349299,0.983050847457627,1.0
ballroom/ballroom_Media-104706/track.npy,ballroom,0.9636363636363636,0.7857142857142857,0.9636363636363636,0.7857142857142857,0.8931154031749848,0.8349045155275228,0.9629629629629629,0.888888888888889
ballroom/ballroom_Media-104707/track.npy,ballroom,0.9814814814814815,0.9285714285714286,0.9814814814814815,0.9285714285714286,0.9462242920457166,0.9143496481355436,0.9906542056074767,0.962962962962963
ballroom/ballroom_Media-104711/track.npy,ballroom,0.92,0.08333333333333333,0.92,0.0,0.8024257769973323,0.17099564162867165,0.9594594594594594,0.17142857142857143
ballroom/ballroom_Media-104806/track.npy,ballroom,0.9821428571428571,1.0,0.9821428571428571,1.0,0.9146323633005566,0.9422955263935423,0.9909909909909909,1.0
ballroom/ballroom_Media-104904/track.npy,ballroom,0.8888888888888888,1.0,0.8888888888888888,1.0,0.7828689694203499,0.749207937625854,0.9014084507042254,0.9166666666666666
ballroom/ballroom_Media-104905/track.npy,ballroom,1.0,0.9166666666666666,1.0,0.9166666666666666,0.8556597928581046,0.8730949157895667,1.0,0.9565217391304348
ballroom/ballroom_Media-105019/track.npy,ballroom,0.9767441860465116,1.0,0.9767441860465116,1.0,0.9111710734499326,0.9335926785122947,0.9941520467836257,1.0
ballroom/ballroom_Media-105119/track.npy,ballroom,0.9770114942528736,1.0,0.9770114942528736,1.0,0.9280870490849031,0.9297359784779528,0.9883720930232558,1.0
ballroom/ballroom_Media-105122/track.npy,ballroom,0.9550561797752809,0.5454545454545454,0.9550561797752809,0.5454545454545454,0.9047123449793113,0.5181826111759208,0.9886363636363636,0.5581395348837208
ballroom/ballroom_Media-105211/track.npy,ballroom,0.8823529411764706,0.5,0.8823529411764706,0.0,0.6530888529115721,0.151455783756018,0.9090909090909091,0.125
ballroom/ballroom_Media-105215/track.npy,ballroom,0.9574468085106383,0.25,0.9574468085106383,0.0,0.9332883493734822,0.2815634548371866,0.9782608695652174,0.28571428571428575
ballroom/ballroom_Media-105401/track.npy,ballroom,0.9761904761904762,1.0,0.9761904761904762,1.0,0.9651837360156966,0.9743101009349384,0.9879518072289156,1.0
ballroom/ballroom_Media-105404/track.npy,ballroom,0.9523809523809523,1.0,0.9523809523809523,1.0,0.8942119691689153,0.8747330150891742,0.9285714285714286,0.9090909090909091
ballroom/ballroom_Media-105407/track.npy,ballroom,0.9629629629629629,0.6428571428571429,0.9629629629629629,0.6428571428571429,0.9569443844861619,0.640459859839753,0.9811320754716981,0.6666666666666666
ballroom/ballroom_Media-105414/track.npy,ballroom,0.972972972972973,1.0,0.972972972972973,1.0,0.948213100105762,0.9553924751625585,0.9863013698630138,1.0
ballroom/ballroom_Media-105419/track.npy,ballroom,0.78125,0.875,0.78125,0.875,0.8366175046828491,0.918838085171651,0.8771929824561403,0.9333333333333333
ballroom/ballroom_Media-105503/track.npy,ballroom,1.0,1.0,1.0,1.0,0.9094270577942514,0.9545981655638771,0.972972972972973,1.0
ballroom/ballroom_Media-105507/track.npy,ballroom,0.9636363636363636,1.0,0.9636363636363636,1.0,0.9618614094115093,0.9680559295419819,0.9814814814814815,1.0
ballroom/ballroom_Media-105508/track.npy,ballroom,0.9636363636363636,0.46153846153846156,0.9636363636363636,0.46153846153846156,0.8727983604825106,0.4227112451251665,0.9814814814814815,0.46153846153846156
ballroom/ballroom_Media-105516/track.npy,ballroom,0.9882352941176471,1.0,0.9882352941176471,1.0,0.9538017193785702,0.9480021998015301,0.9940828402366864,1.0
ballroom/ballroom_Media-105614/track.npy,ballroom,0.9772727272727273,1.0,0.9772727272727273,1.0,0.9683539602889858,0.9813592614898781,0.9885057471264368,1.0
ballroom/ballroom_Media-105704/track.npy,ballroom,0.9714285714285714,1.0,0.9714285714285714,1.0,0.9331951045095436,0.9571229198045657,0.9855072463768115,1.0
ballroom/ballroom_Media-105806/track.npy,ballroom,0.9814814814814815,0.9285714285714286,0.9814814814814815,0.9285714285714286,0.9726278648386103,0.9455470013693974,0.9906542056074767,0.962962962962963
ballroom/ballroom_Media-105811/track.npy,ballroom,1.0,1.0,1.0,1.0,0.9734832447024625,0.9719966102285277,1.0,1.0
ballroom/ballroom_Media-105817/track.npy,ballroom,1.0,1.0,1.0,1.0,0.9756140252974249,0.9790238322945333,1.0,1.0
ballroom/ballroom_Media-105819/track.npy,ballroom,1.0,1.0,1.0,1.0,0.9779006698326211,0.9742384323464751,1.0,1.0
ballroom/ballroom_Media-106011/track.npy,ballroom,0.9523809523809523,0.9090909090909091,0.9523809523809523,0.9090909090909091,0.9270916893699456,0.9118440347431923,0.975609756097561,0.9523809523809523
ballroom/ballroom_Media-106015/track.npy,ballroom,0.958904109589041,0.9444444444444444,0.958904109589041,0.9444444444444444,0.9218812704048546,0.9306864507759504,0.9790209790209791,0.9714285714285714
ballroom/ballroom_Media-106017/track.npy,ballroom,0.9473684210526315,0.8421052631578947,0.9473684210526315,0.8421052631578947,0.9625405282949747,0.9016057995929418,0.972972972972973,0.918918918918919
ballroom/ballroom_Media-106101/track.npy,ballroom,0.9629629629629629,0.9285714285714286,0.9629629629629629,0.9285714285714286,0.9637125150864513,0.940966391129293,0.9811320754716981,0.962962962962963
ballroom/ballroom_Media-106112/track.npy,ballroom,0.9767441860465116,1.0,0.9767441860465116,1.0,0.8947708281893372,0.8769200175495929,0.988235294117647,1.0
beatles/beatles_01_Please_Please_Me_11_Do_You_Want_To_Know_A_Secret/track.npy,beatles,0.9126637554585153,0.9122807017543859,0.9126637554585153,0.9122807017543859,0.873249396252241,0.870500313539916,0.9523809523809524,0.9454545454545454
beatles/beatles_01_Please_Please_Me_14_Twist_And_Shout/track.npy,beatles,0.9900332225913622,0.92,0.9900332225913622,0.92,0.9302776237303506,0.87687953579,0.994991652754591,0.9395973154362416
beatles/beatles_02_With_the_Beatles_07_Please_Mister_Postman/track.npy,beatles,0.9833887043189369,0.9866666666666667,0.9833887043189369,0.9866666666666667,0.961018617067875,0.9639181713223243,0.9916247906197655,0.9932885906040269
beatles/beatles_02_With_the_Beatles_10_You_Really_Got_A_Hold_On_Me/track.npy,beatles,0.76,0.6166666666666667,0.76,0.6166666666666667,0.8311699310792602,0.6804821745681185,0.8955223880597014,0.7272727272727272
beatles/beatles_03_A_Hard_Days_Night_01_A_Hard_Days_Night/track.npy,beatles,0.9818731117824774,0.9759036144578314,0.9818731117824774,0.9759036144578314,0.9600991476345685,0.9602863061321042,0.9908536585365855,0.9878048780487805
beatles/beatles_04_Beatles_for_Sale_11_Every_Little_Thing/track.npy,beatles,0.9915254237288136,0.8813559322033898,0.9915254237288136,0.8813559322033898,0.6697461540011085,0.6049666901951926,0.9957446808510638,0.8983050847457628
beatles/beatles_04_Beatles_for_Sale_14_Everybodys_Trying_to_Be_My_Baby/track.npy,beatles,0.8695652173913043,0.5106382978723404,0.05483028720626632,0.0,0.4829877565663294,0.33766018794020936,0.6779661016949152,0.4558823529411765
beatles/beatles_05_Help_11_Tell_Me_What_You_See/track.npy,beatles,0.9706744868035191,0.8571428571428571,0.9706744868035191,0.8571428571428571,0.8899729218460148,0.7897881155107275,0.9792899408284025,0.8809523809523809
beatles/beatles_05_Help_13_Yesterday/track.npy,beatles,0.9836956521739131,0.9574468085106383,0.9836956521739131,0.9574468085106383,0.7338715324754536,0.7142865416180175,0.9754768392370572,0.967741935483871
beatles/beatles_06_Rubber_Soul_12_Wait/track.npy,beatles,0.9806201550387597,0.984375,0.9806201550387597,0.984375,0.9077790615675199,0.9011959205906395,0.978640776699029,0.984375
beatles/beatles_07_Revolver_07_She_Said_She_Said/track.npy,beatles,0.9182156133828996,0.5857142857142857,0.9182156133828996,0.5857142857142857,0.864145017849833,0.6279987793600288,0.9378531073446328,0.6861313868613139
beatles/beatles_07_Revolver_12_I_Want_To_Tell_You/track.npy,beatles,0.9932432432432432,1.0,0.9932432432432432,1.0,0.9543749693209722,0.9659476606484574,0.9966101694915254,1.0
beatles/beatles_08_Sgt_Peppers_Lonely_Hearts_Club_Band_02_With_A_Little_Help_From_My_Friends/track.npy,beatles,0.9965277777777778,1.0,0.9965277777777778,1.0,0.9246355915032728,0.9279918973829607,0.9982608695652174,1.0
beatles/beatles_08_Sgt_Peppers_Lonely_Hearts_Club_Band_12_Sgt_Peppers_Lonely_Hearts_Club_Band_(Reprise)/track.npy,beatles,0.9795918367346939,1.0,0.9795918367346939,1.0,0.847612093042932,0.8599747942791117,0.9896907216494846,1.0
beatles/beatles_09_Magical_Mystery_Tour_10_Baby_Youre_A_Rich_Man/track.npy,beatles,0.9787234042553191,0.8028169014084507,0.9787234042553191,0.8028169014084507,0.8506421064552158,0.7125438480852149,0.9892857142857143,0.8368794326241136
beatles/beatles_10_CD1_The_Beatles_03_Glass_Onion/track.npy,beatles,0.9673469387755103,0.8032786885245902,0.9673469387755103,0.8032786885245902,0.9098744314191026,0.7824858242805148,0.9773195876288661,0.8264462809917356
beatles/beatles_10_CD1_The_Beatles_09_Martha_My_Dear/track.npy,beatles,0.985781990521327,0.46153846153846156,0.985781990521327,0.0,0.9398488294183125,0.5158170466965724,0.9952380952380951,0.543046357615894
beatles/beatles_10_CD1_The_Beatles_15_Why_Dont_We_Do_It_In_The_Road/track.npy,beatles,0.9731543624161074,0.8108108108108109,0.9731543624161074,0.8108108108108109,0.8879122008005099,0.7915493798930004,0.9863945578231292,0.8648648648648649
beatles/beatles_10_CD2_The_Beatles_11_Cry_Baby_Cry/track.npy,beatles,0.9380530973451328,0.6491228070175439,0.9380530973451328,0.6491228070175439,0.8410290053166268,0.5890376402025052,0.9521640091116172,0.7017543859649122
beatles/beatles_11_Abbey_Road_14_Golden_Slumbers/track.npy,beatles,0.9747899159663865,0.3870967741935484,0.9747899159663865,0.3870967741935484,0.895312127999687,0.5257471512297474,0.9702127659574468,0.5818181818181819
beatles/beatles_11_Abbey_Road_16_The_End/track.npy,beatles,0.7991967871485943,0.7096774193548387,0.7991967871485943,0.7096774193548387,0.8889385847959108,0.7805777826266617,0.9256900212314225,0.8214285714285714
beatles/beatles_12_Let_It_Be_04_I_Me_Mine/track.npy,beatles,0.3370165745856354,0.15789473684210525,0.3370165745856354,0.15789473684210525,0.6365000865050408,0.3889984878067454,0.688026981450253,0.41250000000000003
beatles/beatles_12_Let_It_Be_10_The_Long_and_Winding_Road/track.npy,beatles,0.9517543859649122,0.8771929824561403,0.9517543859649122,0.8771929824561403,0.9025235777686741,0.8151921008137742,0.9734513274336283,0.8849557522123894
candombe/csic.1995_ansina1_04/track.npy,candombe,0.9937304075235109,0.8930817610062893,0.9937304075235109,0.8930817610062893,0.9752845607401879,0.9012084411975257,0.9968553459119497,0.9182389937106918
candombe/csic.1995_ansina2_03/track.npy,candombe,0.9967159277504105,0.9150326797385621,0.9967159277504105,0.9150326797385621,0.9839251560556868,0.9180082484092338,0.9983552631578947,0.9311475409836065
candombe/proyecto.1992_lobo_01/track.npy,candombe,0.9952718676122931,0.9528301886792453,0.9952718676122931,0.9528301886792453,0.9102913061067139,0.8756189009493748,0.9976303317535545,0.9622641509433962
candombe/zavala.muniz.2014_44/track.npy,candombe,0.9947368421052631,0.96875,0.9947368421052631,0.96875,0.9395146109941686,0.9253834215157424,0.9973614775725593,0.9842931937172775
candombe/zavala.muniz.2014_49/track.npy,candombe,1.0,1.0,1.0,1.0,0.9776243393763094,0.9832810484893304,1.0,1.0
filosax/filosax_25/track.npy,filosax,0.9913589945011784,0.8660436137071651,0.9913589945011784,0.8660436137071651,0.9494842638919465,0.8392333401275006,0.9968503937007873,0.8840125391849529
filosax/filosax_27/track.npy,filosax,0.9883236030025021,0.8662207357859532,0.9883236030025021,0.8662207357859532,0.9473453678215048,0.8391479541360539,0.9958228905597325,0.8862876254180602
filosax/filosax_28/track.npy,filosax,0.8689740420271941,0.8888888888888888,0.8689740420271941,0.8888888888888888,0.9008943000505936,0.8553490479050705,0.9603580562659846,0.9124668435013262
filosax/filosax_38/track.npy,filosax,0.99609375,0.9416342412451362,0.99609375,0.9416342412451362,0.9628705583952277,0.9132781631429547,0.9985330073349633,0.9551656920077973
filosax/filosax_41/track.npy,filosax,0.9908952959028832,0.9036144578313253,0.9908952959028832,0.9036144578313253,0.9284962991245828,0.8527590551638953,0.9908675799086758,0.9151515151515153
filosax/filosax_44/track.npy,filosax,0.9733637747336378,0.896969696969697,0.9733637747336378,0.896969696969697,0.9375698509909121,0.8642227491397385,0.9865021210952565,0.92
groove_midi/drummer10_session1_3_jazz-swing_215_beat_4-4/track.npy,groove_midi,0.5449101796407185,0.6363636363636364,0.5449101796407185,0.0,0.8038192639508513,0.2609711613182807,0.862876254180602,0.28125
groove_midi/drummer10_session1_5_jazz-swing_215_beat_4-4/track.npy,groove_midi,0.9728260869565217,0.723404255319149,0.9728260869565217,0.723404255319149,0.8879442143783508,0.6955595016615628,0.9863760217983651,0.7741935483870968
groove_midi/drummer1_eval_session_1_funk-groove1_138_beat_4-4/track.npy,groove_midi,0.9811320754716981,0.9285714285714286,0.9811320754716981,0.9285714285714286,0.966536027210925,0.9444762070587773,0.9904761904761905,0.962962962962963
groove_midi/drummer1_session1_183_afrocuban_105_beat_4-4/track.npy,groove_midi,0.9826839826839827,0.5964912280701754,0.9826839826839827,0.5964912280701754,0.9601253065462563,0.6926292687321973,0.9891067538126361,0.7222222222222222
groove_midi/drummer1_session1_38_latin-samba_116_beat_4-4/track.npy,groove_midi,0.9902912621359223,0.9615384615384616,0.9902912621359223,0.9615384615384616,0.8212488279423956,0.8085435908795328,0.9951219512195122,0.9803921568627451
groove_midi/drummer1_session1_5_jazz-funk_116_beat_4-4/track.npy,groove_midi,0.9929577464788732,0.9142857142857143,0.9929577464788732,0.9142857142857143,0.874614869387995,0.8377139489828566,0.9964664310954063,0.9428571428571428
groove_midi/drummer1_session1_79_latin-reggaeton_90_beat_4-4/track.npy,groove_midi,0.984,0.90625,0.984,0.90625,0.9246562877671664,0.8795967912035514,0.9959839357429718,0.9375
groove_midi/drummer1_session2_181_rock_115_beat_4-4/track.npy,groove_midi,0.7283464566929134,0.6451612903225806,0.7283464566929134,0.6451612903225806,0.8061643201756393,0.6811794317637825,0.8412698412698412,0.7058823529411764
groove_midi/drummer1_session2_4_jazz_120_beat_3-4/track.npy,groove_midi,0.9921875,0.012048192771084338,0.9921875,0.0,0.9302136323591719,0.3071493605843734,0.996078431372549,0.27027027027027023
groove_midi/drummer1_session3_11_afrobeat_94_beat_4-4/track.npy,groove_midi,0.2783661119515885,0.3942307692307692,0.2783661119515885,0.3942307692307692,0.6170228560328224,0.45235581509633693,0.6073793755912961,0.4827586206896552
groove_midi/drummer1_session3_12_latin-bomba_96_beat_4-4/track.npy,groove_midi,0.9418282548476454,0.8045977011494253,0.9418282548476454,0.8045977011494253,0.9118268353078793,0.7927506811460026,0.9760225669957686,0.8402366863905325
groove_midi/drummer1_session3_14_rock_94_beat_4-4/track.npy,groove_midi,0.9777777777777777,0.8383838383838383,0.9777777777777777,0.8383838383838383,0.9533848881624175,0.849208945734712,0.9887640449438202,0.8820512820512821
groove_midi/drummer1_session3_17_afrocuban-calypso_108_beat_4-4/track.npy,groove_midi,0.8297872340425532,0.7570093457943925,0.8297872340425532,0.7570093457943925,0.8537512494604816,0.6949868627244122,0.9456159822419533,0.7751196172248803
groove_midi/drummer3_session1_12_rock_120_beat_4-4/track.npy,groove_midi,0.9482758620689655,1.0,0.9482758620689655,1.0,0.8838361156349785,0.9071079424667933,0.9734513274336283,1.0
groove_midi/drummer3_session1_16_jazz_120_beat_4-4/track.npy,groove_midi,0.8205128205128205,0.46153846153846156,0.1,0.23529411764705882,0.7919658546940217,0.720928564279841,0.7155963302752294,0.7333333333333334
groove_midi/drummer3_session1_5_rock_105_beat_4-4/track.npy,groove_midi,0.9629629629629629,1.0,0.9629629629629629,1.0,0.665933379318492,0.7453501413361048,0.9433962264150944,1.0
groove_midi/drummer3_session2_20_rock_92_beat_4-4/track.npy,groove_midi,1.0,1.0,1.0,1.0,0.809192831981452,0.8389626692736082,1.0,1.0
groove_midi/drummer3_session2_24_rock_92_beat_4-4/track.npy,groove_midi,0.9375,0.5833333333333334,0.9375,0.5833333333333334,0.8303156644612645,0.5914296360345411,0.967741935483871,0.6666666666666666
groove_midi/drummer3_session2_2_rock_100_beat_4-4/track.npy,groove_midi,0.0,0.7142857142857143,0.0,0.0,0.00460270089341376,3.16129042186275e-05,0.0,0.0
groove_midi/drummer5_eval_session_9_soul-groove9_105_beat_4-4/track.npy,groove_midi,1.0,1.0,1.0,1.0,0.927994862031883,0.9081967167854162,1.0,1.0
groove_midi/drummer5_session1_16_rock_136_beat_4-4/track.npy,groove_midi,0.9526627218934911,0.863905325443787,0.9526627218934911,0.863905325443787,0.9019076004629748,0.8263856625889121,0.982823002240478,0.9014925373134328
groove_midi/drummer5_session1_17_blues-shuffle_72_beat_4-4/track.npy,groove_midi,0.021518987341772152,0.445859872611465,0.021518987341772152,0.09090909090909091,0.494862216967265,0.4226427260039036,0.5293586269196024,0.3696682464454977
groove_midi/drummer5_session1_20_latin-brazilian-baiao_110_beat_4-4/track.npy,groove_midi,0.854066985645933,0.7156862745098039,0.854066985645933,0.7156862745098039,0.8411212984282231,0.7229574010848862,0.8872727272727273,0.7700000000000001
groove_midi/drummer5_session1_5_latin-brazilian-samba_89_beat_4-4/track.npy,groove_midi,0.9949494949494949,0.95,0.9949494949494949,0.95,0.9438248733713207,0.9194995876416588,0.9974747474747475,0.964824120603015
groove_midi/drummer5_session2_10_neworleans-funk_102_beat_4-4/track.npy,groove_midi,0.9873015873015873,0.9358974358974359,0.9873015873015873,0.9358974358974359,0.9593762222143417,0.9394537907122823,0.9936305732484076,0.967741935483871
groove_midi/drummer5_session2_15_latin-venezuelan-joropo_80_beat_4-4/track.npy,groove_midi,0.02109704641350211,0.22727272727272727,0.02109704641350211,0.20454545454545456,0.44245489758005685,0.35783604994432566,0.4623115577889447,0.380952380952381
groove_midi/drummer7_eval_session_2_funk-groove2_105_beat_4-4/track.npy,groove_midi,0.9649122807017544,0.5714285714285714,0.9649122807017544,0.5714285714285714,0.9201950603235148,0.5432055394425321,0.9821428571428572,0.5925925925925927
groove_midi/drummer7_eval_session_5_funk-groove5_84_beat_4-4/track.npy,groove_midi,0.9827586206896551,1.0,0.9827586206896551,1.0,0.84999808459559,0.8476848397219516,0.9913043478260869,1.0
groove_midi/drummer7_eval_session_7_pop-groove7_138_beat_4-4/track.npy,groove_midi,1.0,1.0,1.0,1.0,0.9632676167318663,0.973367269455015,1.0,1.0
groove_midi/drummer7_session2_103_pop_132_beat_4-4/track.npy,groove_midi,0.9583333333333334,0.75,0.9583333333333334,0.75,0.9294837611814575,0.7616102308369183,0.9787234042553191,0.8085106382978724
groove_midi/drummer7_session2_15_rock_118_beat_4-4/track.npy,groove_midi,0.9817351598173516,0.7777777777777778,0.9817351598173516,0.7777777777777778,0.9471502828956476,0.8381204440457918,0.9907834101382489,0.8761904761904761
groove_midi/drummer7_session3_10_rock_60_beat_4-4/track.npy,groove_midi,0.9895833333333334,0.9583333333333334,0.9895833333333334,0.9583333333333334,0.9412094631497969,0.9184866618507709,0.9947643979057591,0.9787234042553191
groove_midi/drummer7_session3_130_soul_105_beat_4-4/track.npy,groove_midi,1.0,1.0,1.0,1.0,0.6924408476198981,0.6873809858804828,1.0,1.0
groove_midi/drummer7_session3_150_soul_105_beat_4-4/track.npy,groove_midi,1.0,1.0,1.0,1.0,0.8576807494484304,0.8722473083106005,1.0,1.0
groove_midi/drummer7_session3_151_soul_98_beat_4-4/track.npy,groove_midi,0.9854014598540146,0.9117647058823529,0.9854014598540146,0.9117647058823529,0.9535886187551308,0.9177592389975658,0.9926470588235294,0.955223880597015
groove_midi/drummer7_session3_64_funk_112_beat_4-4/track.npy,groove_midi,0.9473684210526315,0.4666666666666667,0.9473684210526315,0.4666666666666667,0.8081849882563727,0.43902260352338845,0.972972972972973,0.5714285714285715
groove_midi/drummer8_eval_session_1_funk-groove1_138_beat_4-4/track.npy,groove_midi,1.0,1.0,1.0,1.0,0.9375482246822233,0.9475596169042996,1.0,1.0
groove_midi/drummer8_session1_16_afrobeat_90_beat_4-4/track.npy,groove_midi,0.9929078014184397,0.9583333333333334,0.9929078014184397,0.9583333333333334,0.8608031900623383,0.8266005248745417,0.9964412811387899,0.9859154929577464
groove_midi/drummer8_session1_1_funk_95_beat_4-4/track.npy,groove_midi,0.9927007299270073,0.8846153846153846,0.9927007299270073,0.8846153846153846,0.9514258465435407,0.8681902391117324,0.9963369963369962,0.9126213592233009
groove_midi/drummer8_session1_28_rock_102_beat_4-4/track.npy,groove_midi,0.9937888198757764,0.9,0.9937888198757764,0.9,0.9593870058649673,0.8860700606179879,0.9953343701399688,0.925
groove_midi/drummer9_session1_22_rock_120_beat_4-4/track.npy,groove_midi,1.0,1.0,1.0,1.0,0.9609143791007506,0.9646666524592842,1.0,1.0
groove_midi/drummer9_session1_3_rock_100_beat_4-4/track.npy,groove_midi,1.0,1.0,1.0,1.0,0.896881898623227,0.8903023878208149,1.0,1.0
guitarset/00_Jazz2-187-F#_comp_mix/track.npy,guitarset,1.0,1.0,1.0,1.0,0.9461900768969418,0.9451965508844729,1.0,1.0
guitarset/00_Jazz3-137-Eb_comp_mix/track.npy,guitarset,1.0,1.0,1.0,1.0,0.8488056248160019,0.835091896871526,1.0,1.0
guitarset/00_Rock1-90-C#_comp_mix/track.npy,guitarset,0.8222222222222222,0.75,0.8222222222222222,0.75,0.780545497558448,0.7064550182935627,0.9176470588235294,0.8181818181818182
guitarset/00_SS1-100-C#_comp_mix/track.npy,guitarset,1.0,1.0,1.0,1.0,0.9640780742804165,0.9550530165982956,1.0,1.0
guitarset/01_Jazz1-130-D_comp_mix/track.npy,guitarset,1.0,1.0,1.0,1.0,0.9058147351694751,0.8991993308147538,1.0,1.0
guitarset/01_Jazz2-187-F#_comp_mix/track.npy,guitarset,1.0,1.0,1.0,1.0,0.9631693299574314,0.979328745267916,1.0,1.0
guitarset/01_Rock2-85-F_comp_mix/track.npy,guitarset,0.9824561403508771,0.9333333333333333,0.9824561403508771,0.9333333333333333,0.8771149976913052,0.8309014778324311,0.9911504424778761,0.9655172413793104
guitarset/01_SS2-107-Ab_comp_mix/track.npy,guitarset,0.6119402985074627,0.7142857142857143,0.6119402985074627,0.7142857142857143,0.8288672576697844,0.7243041190012439,0.8524590163934428,0.7407407407407408
guitarset/02_Funk2-108-Eb_comp_mix/track.npy,guitarset,0.9818181818181818,1.0,0.9818181818181818,1.0,0.9377723499258986,0.9451802206096949,0.9908256880733944,1.0
guitarset/02_Funk2-119-G_comp_mix/track.npy,guitarset,0.9818181818181818,0.9285714285714286,0.9818181818181818,0.9285714285714286,0.9675116015551889,0.9386076428088609,0.9908256880733944,0.962962962962963
guitarset/02_Rock1-130-A_comp_mix/track.npy,guitarset,1.0,1.0,1.0,1.0,0.904425531305559,0.925403418546579,1.0,1.0
guitarset/03_BN2-166-Ab_comp_mix/track.npy,guitarset,1.0,1.0,1.0,1.0,0.9674398366204432,0.9636331048219944,1.0,1.0
guitarset/03_Funk1-114-Ab_comp_mix/track.npy,guitarset,0.6041666666666666,0.5,0.6041666666666666,0.2222222222222222,0.8581388452783381,0.4586984833287231,0.8837209302325582,0.4
guitarset/03_Funk1-97-C_comp_mix/track.npy,guitarset,1.0,1.0,1.0,1.0,0.9738795601397019,0.9812145570368668,1.0,1.0
guitarset/03_Rock3-148-C_comp_mix/track.npy,guitarset,1.0,1.0,1.0,1.0,0.9713727101347638,0.9784308036431911,1.0,1.0
guitarset/03_SS3-84-Bb_comp_mix/track.npy,guitarset,0.9473684210526315,0.7142857142857143,0.9473684210526315,0.7142857142857143,0.8231773187162976,0.571808281244186,0.9734513274336283,0.7142857142857143
guitarset/04_BN1-129-Eb_comp_mix/track.npy,guitarset,1.0,1.0,1.0,1.0,0.8939664047305147,0.8802951012156235,1.0,1.0
guitarset/04_BN3-154-E_comp_mix/track.npy,guitarset,1.0,1.0,1.0,1.0,0.9594103897816033,0.9688728530263743,1.0,1.0
guitarset/04_Rock3-117-Bb_comp_mix/track.npy,guitarset,1.0,1.0,1.0,1.0,0.95829743645165,0.9687403208227785,1.0,1.0
guitarset/04_Rock3-148-C_comp_mix/track.npy,guitarset,1.0,1.0,1.0,1.0,0.967248954108968,0.9597037162306443,1.0,1.0
guitarset/04_SS1-68-E_comp_mix/track.npy,guitarset,0.7,0.5,0.7,0.5,0.779927300337672,0.435411501230525,0.8913043478260869,0.5454545454545454
guitarset/05_BN2-166-Ab_comp_mix/track.npy,guitarset,1.0,1.0,1.0,1.0,0.9546111993489201,0.9271037451790357,1.0,1.0
guitarset/05_Funk2-119-G_comp_mix/track.npy,guitarset,0.7857142857142857,0.6153846153846154,0.7857142857142857,0.6153846153846154,0.7740417026144855,0.5658289803826679,0.8545454545454546,0.6153846153846154
hainsworth/hainsworth_018/track.npy,hainsworth,1.0,1.0,1.0,1.0,0.9767946716023207,0.976194497976506,1.0,1.0
hainsworth/hainsworth_021/track.npy,hainsworth,1.0,1.0,1.0,1.0,0.9525263245654975,0.9704908713494093,1.0,1.0
hainsworth/hainsworth_037/track.npy,hainsworth,0.9726027397260274,0.9459459459459459,0.9726027397260274,0.9459459459459459,0.9113991780382713,0.9036441357951239,0.993103448275862,0.9589041095890412
hainsworth/hainsworth_040/track.npy,hainsworth,0.9827586206896551,0.7142857142857143,0.9827586206896551,0.7142857142857143,0.9784753287619223,0.7391835152338679,0.9913043478260869,0.75
hainsworth/hainsworth_049/track.npy,hainsworth,1.0,1.0,1.0,1.0,0.9729881027872413,0.9789763618658225,1.0,1.0
hainsworth/hainsworth_052/track.npy,hainsworth,1.0,1.0,1.0,1.0,0.9803171461506195,0.9841688366603388,1.0,1.0
hainsworth/hainsworth_061/track.npy,hainsworth,0.8367346938775511,0.4782608695652174,0.8367346938775511,0.4782608695652174,0.8950951266972873,0.7534403640782801,0.9263157894736843,0.7804878048780488
hainsworth/hainsworth_063/track.npy,hainsworth,1.0,1.0,1.0,0.0,0.9221241796493578,0.7719950668234538,1.0,0.6779661016949152
hainsworth/hainsworth_064/track.npy,hainsworth,1.0,1.0,1.0,1.0,0.9750966432159278,0.9791504778140373,1.0,1.0
hainsworth/hainsworth_076/track.npy,hainsworth,0.9859154929577465,0.3888888888888889,0.9859154929577465,0.16666666666666666,0.9398255563928916,0.3122289424913512,0.9929078014184397,0.17142857142857143
hainsworth/hainsworth_096/track.npy,hainsworth,1.0,1.0,1.0,1.0,0.9607900904097012,0.9632477104215093,1.0,1.0
hainsworth/hainsworth_100/track.npy,hainsworth,1.0,1.0,1.0,1.0,0.9671413791033946,0.9821023366974045,1.0,1.0
hainsworth/hainsworth_106/track.npy,hainsworth,1.0,1.0,1.0,1.0,0.9146300712405072,0.922177812560875,1.0,1.0
hainsworth/hainsworth_107/track.npy,hainsworth,0.5,0.2727272727272727,0.5,0.0,0.685231082657981,0.23610495554483796,0.7338709677419354,0.17721518987341772
hainsworth/hainsworth_121/track.npy,hainsworth,0.5677966101694916,0.47058823529411764,0.5677966101694916,0.05555555555555555,0.6038013820454229,0.2697461914398925,0.723404255319149,0.11428571428571428
hainsworth/hainsworth_122/track.npy,hainsworth,0.47126436781609193,0.5,0.47126436781609193,0.5,0.2825965511692858,0.3109826055613827,0.46808510638297873,0.4444444444444445
hainsworth/hainsworth_138/track.npy,hainsworth,0.8727272727272727,0.5357142857142857,0.8727272727272727,0.5357142857142857,0.883179032961392,0.5933667093627176,0.9266055045871558,0.6181818181818182
hainsworth/hainsworth_143/track.npy,hainsworth,0.9803921568627451,1.0,0.9803921568627451,1.0,0.9490480196406309,0.9601467648689402,0.99009900990099,1.0
hainsworth/hainsworth_158/track.npy,hainsworth,1.0,0.9583333333333334,1.0,0.0,0.9691157143475118,0.4675735997986418,1.0,0.0
hainsworth/hainsworth_167/track.npy,hainsworth,0.6385542168674698,0.6842105263157895,0.21739130434782608,0.17647058823529413,0.8048321610495524,0.7942101472368059,0.7567567567567568,0.7407407407407407
hainsworth/hainsworth_179/track.npy,hainsworth,1.0,1.0,1.0,1.0,0.9837429488538768,0.9884191496949383,1.0,1.0
hainsworth/hainsworth_183/track.npy,hainsworth,1.0,1.0,1.0,1.0,0.9769670495207806,0.9845377917528629,1.0,1.0
hainsworth/hainsworth_187/track.npy,hainsworth,0.9893617021276596,0.9130434782608695,0.9893617021276596,0.9130434782608695,0.9551312929161654,0.9067683320569424,0.9946524064171123,0.9565217391304348
hainsworth/hainsworth_196/track.npy,hainsworth,0.9823008849557522,0.02857142857142857,0.9823008849557522,0.0,0.9116479338090179,0.3064815986921633,0.9910714285714286,0.30769230769230765
hainsworth/hainsworth_206/track.npy,hainsworth,0.6086956521739131,0.2857142857142857,0.22522522522522523,0.03571428571428571,0.7908523004730079,0.19835135470747148,0.7444444444444446,0.19047619047619047
hainsworth/hainsworth_223/track.npy,hainsworth,1.0,1.0,1.0,1.0,0.9675745677348737,0.9723772562530184,1.0,1.0
hainsworth/hainsworth_236/track.npy,hainsworth,1.0,1.0,1.0,0.0,0.9859249517255261,0.49037412102504874,1.0,0.0
hainsworth/hainsworth_240/track.npy,hainsworth,0.6216216216216216,0.35714285714285715,0.6216216216216216,0.0,0.8180060512953155,0.1281567189001215,0.8811881188118812,0.10256410256410255
harmonix/0030_bodymovin/track.npy,harmonix,1.0,1.0,1.0,1.0,0.8974232496835911,0.8960757998004826,1.0,1.0
harmonix/0040_bustamove/track.npy,harmonix,0.9901768172888016,0.889763779527559,0.9901768172888016,0.889763779527559,0.8988922907022193,0.8060956438582407,0.9940828402366865,0.905511811023622
harmonix/0049_closer/track.npy,harmonix,1.0,1.0,1.0,1.0,0.9467172073102704,0.9523970987082941,1.0,1.0
harmonix/0055_constantmotion/track.npy,harmonix,0.582716049382716,0.3602693602693603,0.582716049382716,0.3602693602693603,0.7926761031598164,0.6050610169697794,0.8664850136239782,0.66793893129771
harmonix/0073_disturbia/track.npy,harmonix,0.9936974789915967,0.9915966386554622,0.9936974789915967,0.9915966386554622,0.978607302598412,0.9760843545225854,0.9968387776606955,0.9957805907172996
harmonix/0077_dontsweat/track.npy,harmonix,0.9959514170040485,0.9180327868852459,0.9959514170040485,0.9180327868852459,0.948019173295357,0.903096866955081,0.9979716024340771,0.9344262295081968
harmonix/0080_down/track.npy,harmonix,0.9966101694915255,0.972972972972973,0.9966101694915255,0.972972972972973,0.906098769494072,0.9119621174867032,0.99830220713073,0.9864864864864865
harmonix/0081_downonme/track.npy,harmonix,1.0,1.0,1.0,1.0,0.9451834793658009,0.9506954560243912,1.0,1.0
harmonix/0084_dropitlikeitshot/track.npy,harmonix,0.9957627118644068,1.0,0.9957627118644068,1.0,0.9627902304518474,0.9721748298556656,0.9978768577494692,1.0
harmonix/0086_escapade/track.npy,harmonix,0.9944029850746269,0.8432835820895522,0.9944029850746269,0.8432835820895522,0.9536588589934257,0.8614033652345738,0.9971988795518207,0.9042145593869733
harmonix/0091_fellonblackdays/track.npy,harmonix,0.9558498896247241,0.37373737373737376,0.9558498896247241,0.37373737373737376,0.878515577515276,0.5193042496556785,0.9601769911504424,0.5806451612903226
harmonix/0102_gangstaluv/track.npy,harmonix,0.9924050632911392,0.4387755102040816,0.9924050632911392,0.4387755102040816,0.9384416271879161,0.5087805942724579,0.9961880559085133,0.4842105263157895
harmonix/0126_heymami/track.npy,harmonix,0.9977220956719818,1.0,0.9977220956719818,1.0,0.9583081336729479,0.9645989841381756,0.9988597491448118,1.0
harmonix/0129_hotinherre/track.npy,harmonix,0.9498069498069498,0.8923076923076924,0.9498069498069498,0.8923076923076924,0.9376253759109496,0.9093582263816288,0.96484375,0.9302325581395349
harmonix/0158_letitrock/track.npy,harmonix,0.993006993006993,0.9014084507042254,0.993006993006993,0.9014084507042254,0.8927016207775066,0.8110514223453525,0.9964912280701755,0.9295774647887324
harmonix/0159_letthemusicplay/track.npy,harmonix,0.99,0.83,0.99,0.83,0.9197521018693351,0.8003039256572755,0.9962453066332916,0.8599999999999999
harmonix/0161_limelight/track.npy,harmonix,0.9761029411764706,0.4722222222222222,0.9761029411764706,0.4722222222222222,0.8783886166072132,0.596044762559903,0.9851851851851852,0.6618705035971223
harmonix/0164_low/track.npy,harmonix,0.9939759036144579,0.963855421686747,0.9939759036144579,0.963855421686747,0.922764802776983,0.9072688386361385,0.9969879518072289,0.963855421686747
harmonix/0191_newslang/track.npy,harmonix,0.9916492693110647,0.5923076923076923,0.9916492693110647,0.5923076923076923,0.9433337214796971,0.6817512841746101,0.9958071278825995,0.7228915662650601
harmonix/0207_oopsohmy/track.npy,harmonix,0.34355828220858897,0.25882352941176473,0.0,0.08196721311475409,0.48749896070124177,0.23514850149897892,0.47344461305007585,0.23076923076923075
harmonix/0240_sandstorm/track.npy,harmonix,1.0,0.7428571428571429,1.0,0.7428571428571429,0.924337856323734,0.7052005455115355,1.0,0.7571428571428571
harmonix/0250_sexyandiknowit/track.npy,harmonix,0.9969604863221885,0.6829268292682927,0.9969604863221885,0.6829268292682927,0.9360143773654654,0.654175492095051,0.9984779299847794,0.6951219512195121
harmonix/0254_sixsixsix/track.npy,harmonix,0.8615611192930781,0.5063291139240507,0.8615611192930781,0.5063291139240507,0.686419800838322,0.4429116134906351,0.91339748334567,0.5796178343949043
harmonix/0258_sorry/track.npy,harmonix,0.9656357388316151,0.703030303030303,0.9656357388316151,0.14776632302405499,0.882518286919408,0.6781012990153957,0.9752161383285303,0.6798245614035088
harmonix/0261_starships/track.npy,harmonix,1.0,1.0,1.0,1.0,0.9570358732168557,0.9531905901557324,1.0,1.0
harmonix/0265_straightlines/track.npy,harmonix,0.9961089494163424,0.7054263565891473,0.9961089494163424,0.7054263565891473,0.9737420379758555,0.7500069913377513,0.9980506822612086,0.7729083665338645
harmonix/0274_temperature/track.npy,harmonix,1.0,0.7714285714285715,1.0,0.7714285714285715,0.9170455912405068,0.7232648846231419,1.0,0.7857142857142857
harmonix/0283_thehumptydance/track.npy,harmonix,0.9925093632958801,1.0,0.9925093632958801,1.0,0.9193579003829476,0.9241191384763306,0.99812382739212,1.0
harmonix/0287_therewasatime/track.npy,harmonix,0.9747048903878583,0.8926174496644296,0.9747048903878583,0.8926174496644296,0.8380689874379041,0.7737157546772232,0.9772151898734177,0.9121621621621622
harmonix/0303_wakeupdead/track.npy,harmonix,0.7789473684210526,0.6194029850746269,0.7789473684210526,0.6194029850746269,0.8186514940589197,0.5906664114585062,0.8584392014519057,0.623574144486692
harmonix/0315_whygo/track.npy,harmonix,0.9517426273458445,0.8924731182795699,0.9517426273458445,0.8924731182795699,0.9042543936288089,0.8560091572209126,0.9688768606224627,0.8972972972972973
harmonix/0341_baggageclaim/track.npy,harmonix,0.9961240310077519,0.9846153846153847,0.9961240310077519,0.9846153846153847,0.9455128164840493,0.918711290919166,0.9980582524271845,0.9922480620155039
harmonix/0343_banjo/track.npy,harmonix,0.9785522788203753,0.8602150537634409,0.9785522788203753,0.8602150537634409,0.8930630241402556,0.8104249659064532,0.9891598915989159,0.8972972972972973
harmonix/0347_bitch/track.npy,harmonix,0.9720812182741116,0.9591836734693877,0.9720812182741116,0.9591836734693877,0.9251821134262047,0.9251083045952698,0.9858429858429858,0.9793814432989691
harmonix/0356_californiagurls/track.npy,harmonix,1.0,1.0,1.0,1.0,0.9693376611725081,0.9626898460917218,1.0,1.0
harmonix/0357_cheers/track.npy,harmonix,0.9872611464968153,0.9358974358974359,0.9872611464968153,0.9358974358974359,0.955152100340122,0.9255051804961568,0.9935897435897436,0.9615384615384616
harmonix/0362_crazygirl/track.npy,harmonix,0.865934065934066,0.935064935064935,0.865934065934066,0.935064935064935,0.9096709536155373,0.9203991029545641,0.9369369369369369,0.9542483660130718
harmonix/0365_dirtroadanthem/track.npy,harmonix,0.54421768707483,0.6923076923076923,0.54421768707483,0.6923076923076923,0.8269696739639422,0.6773832064936202,0.8675623800383877,0.7049180327868853
harmonix/0374_drunkonyou/track.npy,harmonix,0.8941176470588236,0.8275862068965517,0.8941176470588236,0.8275862068965517,0.9150900514259851,0.8538955797084767,0.9440993788819877,0.8869565217391304
harmonix/0379_et/track.npy,harmonix,0.6230088495575221,0.524822695035461,0.23060344827586207,0.23478260869565218,0.7392923237687374,0.6760728230837397,0.7576974564926372,0.6989247311827957
harmonix/0383_feelsoclose/track.npy,harmonix,0.9905437352245863,0.9428571428571428,0.9905437352245863,0.9428571428571428,0.9275628791335586,0.8791170365642136,0.995249406175772,0.9523809523809523
harmonix/0389_gettinoveryou/track.npy,harmonix,0.9846938775510204,0.8041237113402062,0.9846938775510204,0.8041237113402062,0.9732307988453619,0.8153230066094221,0.9922879177377892,0.8350515463917526
harmonix/0406_honeybee/track.npy,harmonix,1.0,1.0,1.0,1.0,0.9295653714988432,0.9287604746594278,1.0,1.0
harmonix/0412_ifitmakesyouhappy/track.npy,harmonix,0.9880382775119617,0.9904761904761905,0.9880382775119617,0.9904761904761905,0.920227460461551,0.9239652536967048,0.9939831528279182,0.9952153110047847
harmonix/0413_ifyoucouldonlysee/track.npy,harmonix,0.9874686716791979,0.9696969696969697,0.9874686716791979,0.9696969696969697,0.8898001694171995,0.8736387726763415,0.9936948297604036,0.9847715736040609
harmonix/0418_inthedark/track.npy,harmonix,0.9781659388646288,0.8695652173913043,0.9781659388646288,0.8695652173913043,0.9420021131851971,0.8670842297142205,0.9945115257958288,0.911504424778761
harmonix/0421_ittakestwo/track.npy,harmonix,0.9895561357702349,0.9473684210526315,0.9895561357702349,0.9473684210526315,0.9269993346264653,0.8960529105356028,0.994750656167979,0.962962962962963
harmonix/0426_justcantgetenough/track.npy,harmonix,0.9153439153439153,0.8043478260869565,0.9153439153439153,0.8043478260869565,0.9005134457076179,0.83660325494147,0.9502018842530283,0.8715083798882682
harmonix/0433_lighters/track.npy,harmonix,0.9931818181818182,1.0,0.9931818181818182,1.0,0.9282481007319531,0.9407694062071329,0.9965792474344356,1.0
harmonix/0462_oldalabama/track.npy,harmonix,0.7673343605546995,0.7622377622377622,0.7673343605546995,0.7622377622377622,0.8732378313129845,0.7794615008450017,0.9026982829108748,0.7942238267148015
harmonix/0468_openarms/track.npy,harmonix,0.9936102236421726,0.9523809523809523,0.9936102236421726,0.9523809523809523,0.9445389439358575,0.9256814499677679,0.987220447284345,0.9569377990430622
harmonix/0471_paradise/track.npy,harmonix,0.9525316455696202,0.8375,0.011419249592169658,0.006493506493506494,0.6719750193749636,0.6271014044768646,0.6329386437029063,0.6153846153846153
harmonix/0483_ridinsolo/track.npy,harmonix,0.9867109634551495,0.88,0.9867109634551495,0.88,0.9701792777695836,0.884746720139231,0.9933110367892978,0.9066666666666666
harmonix/0490_showme/track.npy,harmonix,0.987152034261242,0.8793103448275862,0.987152034261242,0.8793103448275862,0.9577777848748862,0.8906266106980102,0.9935344827586208,0.9177489177489179
harmonix/0507_teenagedream/track.npy,harmonix,0.9885321100917431,0.9908256880733946,0.9885321100917431,0.9908256880733946,0.9790411955391558,0.9820169334187309,0.9942329873125721,0.9953917050691244
harmonix/0508_tennesseeme/track.npy,harmonix,0.9923664122137404,0.6818181818181818,0.9923664122137404,0.6818181818181818,0.8849426269467966,0.6661532624535775,0.9770114942528735,0.7480916030534351
harmonix/0518_timeaftertime/track.npy,harmonix,0.7370242214532872,0.8244274809160306,0.7370242214532872,0.8244274809160306,0.8369615464011148,0.7868855362849241,0.919776119402985,0.831372549019608
harmonix/0532_whistle/track.npy,harmonix,0.9973474801061007,1.0,0.9973474801061007,1.0,0.9617166785831316,0.9601238922292586,0.99867197875166,1.0
harmonix/0536_workout/track.npy,harmonix,0.9943502824858758,0.8863636363636364,0.9943502824858758,0.8863636363636364,0.9413938408783784,0.8439402595419554,0.9971671388101983,0.9090909090909091
harmonix/0548_2getherextended/track.npy,harmonix,0.9936788874841972,0.8888888888888888,0.9936788874841972,0.8888888888888888,0.974412239379515,0.886503099173903,0.9968294229549778,0.9063291139240507
harmonix/0551_accordingtoyou/track.npy,harmonix,0.9639423076923077,0.9134615384615384,0.9639423076923077,0.9134615384615384,0.9587420938539264,0.9204428355530009,0.9757281553398058,0.9320388349514563
harmonix/0552_addicted/track.npy,harmonix,0.7857142857142857,0.9491525423728814,0.11789473684210526,0.0,0.8026189411594926,0.7637497484886837,0.7152496626180836,0.632768361581921
harmonix/0558_allnightlong/track.npy,harmonix,0.9752252252252253,0.9,0.9752252252252253,0.9,0.9155601229888238,0.8835947716813974,0.9886621315192743,0.9444444444444444
harmonix/0573_babyludacris/track.npy,harmonix,0.9909502262443439,0.990990990990991,0.9909502262443439,0.990990990990991,0.9736452406681826,0.9743328521870975,0.9954545454545455,0.9954751131221719
harmonix/0582_beautifulday/track.npy,harmonix,0.9623352165725048,0.8787878787878788,0.9623352165725048,0.8787878787878788,0.9352040703041063,0.862821123850448,0.9705603038936373,0.897338403041825
harmonix/0587_bedrock/track.npy,harmonix,0.997134670487106,0.9545454545454546,0.997134670487106,0.9545454545454546,0.981552601645588,0.9510715673104018,0.9985652797704447,0.9714285714285714
harmonix/0591_biggirlsdontcry/track.npy,harmonix,0.9850107066381156,0.896551724137931,0.9850107066381156,0.896551724137931,0.9565650816857697,0.8898435583319865,0.9935483870967742,0.9264069264069263
harmonix/0594_bleedinglove/track.npy,harmonix,0.98,0.9292929292929293,0.98,0.9292929292929293,0.8251050684358993,0.794825072302373,0.9723618090452262,0.9191919191919192
harmonix/0598_boomboompow/track.npy,harmonix,0.995260663507109,1.0,0.995260663507109,1.0,0.9466224362212545,0.9536196478431347,0.997624703087886,1.0
harmonix/0600_breakeven/track.npy,harmonix,0.974937343358396,0.9,0.974937343358396,0.9,0.9591790711380327,0.9063668018185947,0.9873096446700507,0.9393939393939393
harmonix/0610_castle/track.npy,harmonix,0.9718875502008032,0.9758064516129032,0.9718875502008032,0.9758064516129032,0.9338708915591664,0.9348511208564906,0.9817444219066938,0.983739837398374
harmonix/0615_circus/track.npy,harmonix,0.9970588235294118,1.0,0.9970588235294118,1.0,0.9540985057931137,0.957241237953805,0.9985272459499264,1.0
harmonix/0627_cowboyboots/track.npy,harmonix,0.6684931506849315,0.7142857142857143,0.6684931506849315,0.7142857142857143,0.6893384742564765,0.6419842889855265,0.8734939759036146,0.779874213836478
harmonix/0628_crankthatsouljaboy/track.npy,harmonix,0.9921104536489151,0.9285714285714286,0.0,0.0,0.7999155214116959,0.7554895125907894,0.6640316205533597,0.6243386243386244
harmonix/0633_dancingmachine/track.npy,harmonix,0.9621621621621622,0.8913043478260869,0.9621621621621622,0.8913043478260869,0.9330175281346239,0.8683191468388756,0.9890710382513661,0.9120879120879122
harmonix/0634_dangerous/track.npy,harmonix,0.981941309255079,0.9279279279279279,0.981941309255079,0.9279279279279279,0.9757267189443226,0.9313197133160966,0.9908883826879271,0.9454545454545454
harmonix/0638_deadandgone/track.npy,harmonix,0.800711743772242,0.7714285714285715,0.800711743772242,0.7714285714285715,0.905300142698625,0.8615786128887097,0.9365671641791045,0.8955223880597014
harmonix/0648_donttrustme/track.npy,harmonix,0.9926650366748166,0.8137254901960784,0.9926650366748166,0.8137254901960784,0.9026324380996484,0.8141466051530609,0.996319018404908,0.8979591836734694
harmonix/0657_enursbonfire/track.npy,harmonix,0.988795518207283,0.9111111111111111,0.988795518207283,0.9111111111111111,0.9513733281245431,0.8786271489543901,0.9943820224719101,0.9273743016759777
harmonix/0660_everymorning/track.npy,harmonix,0.9885057471264368,0.8211920529801324,0.9885057471264368,0.8211920529801324,0.9598229511366747,0.861230616668665,0.9942291838417148,0.891891891891892
harmonix/0664_eyesextendedmix/track.npy,harmonix,0.9987730061349693,0.9166666666666666,0.9987730061349693,0.9166666666666666,0.933795478000302,0.8629078004189948,0.9993861264579497,0.9264705882352942
harmonix/0683_foreverextendedmix/track.npy,harmonix,0.997872340425532,1.0,0.997872340425532,1.0,0.9849936921727918,0.9881415099794514,0.9989350372736955,1.0
harmonix/0692_giveyourheartabreakdos/track.npy,harmonix,0.9975490196078431,1.0,0.9975490196078431,1.0,0.9599571740760732,0.9582447590654982,0.9987730061349693,1.0
harmonix/0693_gold/track.npy,harmonix,0.9912023460410557,0.9294117647058824,0.9912023460410557,0.9294117647058824,0.9520913033100799,0.89346396556482,0.9955817378497791,0.9411764705882353
harmonix/0699_gotmoney/track.npy,harmonix,0.9665653495440729,0.75,0.9665653495440729,0.0,0.9484934712694374,0.5066155008617883,0.9829984544049459,0.11627906976744186
harmonix/0701_gottabeyou/track.npy,harmonix,0.7360703812316716,0.7105263157894737,0.7360703812316716,0.7105263157894737,0.78245531542703,0.7255157469297806,0.8111455108359132,0.7516778523489932
harmonix/0726_hotplay/track.npy,harmonix,0.9900990099009901,0.7559055118110236,0.9900990099009901,0.7559055118110236,0.9482449428203864,0.7442018547292548,0.9930486593843099,0.7905138339920948
harmonix/0732_idontwannabeinlove/track.npy,harmonix,0.9934354485776805,1.0,0.9934354485776805,1.0,0.9804998888357126,0.9811648581662487,0.9967069154774972,1.0
harmonix/0745_immabewolf/track.npy,harmonix,0.987987987987988,0.9461077844311377,0.987987987987988,0.9461077844311377,0.667154046820662,0.6408430861943167,0.9939759036144578,0.9609609609609611
harmonix/0750_ineedyourlove/track.npy,harmonix,0.9703389830508474,0.9661016949152542,0.9703389830508474,0.9661016949152542,0.9645833961593593,0.9663190375358572,0.9829424307036247,0.978723404255319
harmonix/0765_jimmyiovine/track.npy,harmonix,0.7513043478260869,0.40217391304347827,0.13680154142581888,0.40217391304347827,0.7748055474329644,0.5148720601224882,0.7137546468401487,0.5121951219512195
harmonix/0767_justfine/track.npy,harmonix,0.9979123173277662,0.9495798319327731,0.9979123173277662,0.9495798319327731,0.9785735826153429,0.9370817957011442,0.9989550679205852,0.957983193277311
harmonix/0774_knockyoudown/track.npy,harmonix,0.7252396166134185,0.2897196261682243,0.7252396166134185,0.2692307692307692,0.8246395210257172,0.5442856790388032,0.9173693086003373,0.5931558935361217
harmonix/0778_letitrock/track.npy,harmonix,0.9836065573770492,0.8584905660377359,0.9836065573770492,0.8584905660377359,0.8891583350764147,0.7935865780932022,0.9893742621015348,0.8909952606635072
harmonix/0786_livelikeweredying/track.npy,harmonix,0.9713375796178344,0.9746835443037974,0.9713375796178344,0.9746835443037974,0.9512051301109494,0.9562962456702278,0.9854604200323103,0.9871794871794872
harmonix/0789_livingroom/track.npy,harmonix,0.8945686900958466,0.7532467532467533,0.8945686900958466,0.7532467532467533,0.8601202320294759,0.7253695254732518,0.9265905383360523,0.7763157894736841
harmonix/0792_lovedrunk/track.npy,harmonix,0.9731285988483686,0.9767441860465116,0.9731285988483686,0.9767441860465116,0.9456966873378253,0.9310644948311223,0.9883720930232557,0.9883268482490272
harmonix/0821_myfeelingsforyou/track.npy,harmonix,0.9923430321592649,0.8159509202453987,0.9923430321592649,0.8159509202453987,0.8962543460559137,0.774108157137763,0.9961627014581734,0.8500000000000001
harmonix/0828_neoncathedral/track.npy,harmonix,0.9888268156424581,0.9010989010989011,0.9888268156424581,0.9010989010989011,0.8966851808971198,0.8381825806867763,0.9943820224719102,0.9333333333333335
harmonix/0829_nevertoolate/track.npy,harmonix,0.6941580756013745,0.5757575757575758,0.1774193548387097,0.13709677419354838,0.8150835762067794,0.6978025171906745,0.7369758576874206,0.631578947368421
harmonix/0832_noone/track.npy,harmonix,1.0,1.0,1.0,1.0,0.9846609408779388,0.9830891146153876,1.0,1.0
harmonix/0836_notmyselftonight/track.npy,harmonix,0.9638009049773756,0.918918918918919,0.9638009049773756,0.918918918918919,0.8824562264689969,0.8667676270849454,0.9885583524027459,0.9589041095890412
harmonix/0838_nowimallmessedup/track.npy,harmonix,1.0,0.7236842105263158,1.0,0.7236842105263158,0.9490029051553427,0.7878355109040918,1.0,0.8163265306122449
harmonix/0862_pleasedontleaveme/track.npy,harmonix,0.996078431372549,0.5130890052356021,0.996078431372549,0.5130890052356021,0.9816184262824528,0.5651641802358186,0.9980353634577603,0.5340314136125655
harmonix/0863_pleasedontleavemedigi/track.npy,harmonix,0.9881889763779528,0.9291338582677166,0.9881889763779528,0.9291338582677166,0.9720674646993891,0.9217432507092564,0.9940828402366864,0.9407114624505929
harmonix/0869_raiseyourweapon/track.npy,harmonix,0.5128205128205128,0.3858267716535433,0.5128205128205128,0.3858267716535433,0.6921349817053001,0.5950929225844187,0.7890005288207297,0.665158371040724
harmonix/0919_stereolove/track.npy,harmonix,0.9614643545279383,0.8294573643410853,0.9614643545279383,0.8294573643410853,0.7863407981376767,0.6949736751754972,0.9803921568627451,0.8661417322834645
harmonix/0928_takeabow/track.npy,harmonix,0.7056603773584905,0.3918918918918919,0.7056603773584905,0.3918918918918919,0.6662906191566512,0.4173502081854896,0.879177377892031,0.5343137254901961
harmonix/0934_teenagedreamkaskade/track.npy,harmonix,1.0,1.0,1.0,1.0,0.9790557145654556,0.9793656503284136,1.0,1.0
harmonix/0971_whatayawantfromme/track.npy,harmonix,0.9940298507462687,0.9404761904761905,0.9940298507462687,0.9404761904761905,0.9310823634201566,0.9055522180175385,0.997005988023952,0.9523809523809523
harmonix/0975_whathappensinvegas/track.npy,harmonix,0.9941860465116279,0.7209302325581395,0.9941860465116279,0.7209302325581395,0.8930161084643252,0.6649985322865682,0.9970845481049563,0.7441860465116278
harmonix/0988_withyoukovas/track.npy,harmonix,0.9984802431610942,0.9939393939393939,0.9984802431610942,0.9939393939393939,0.970391132396781,0.9675223716299537,0.9992395437262357,0.9969604863221885
harmonix/0993_youandidanny/track.npy,harmonix,0.9899091826437941,0.9718875502008032,0.9899091826437941,0.9718875502008032,0.9769171082281405,0.9654431732572728,0.9939271255060729,0.9818181818181818
harmonix/0995_youfoundme/track.npy,harmonix,0.5698924731182796,0.5568181818181818,0.5698924731182796,0.5568181818181818,0.7475601252629542,0.7404175419619333,0.8623853211009175,0.8481012658227849
hjdb/hjdb_6_Million_Ways_To_Die_(DJ_Hype_Remix)/track.npy,hjdb,0.9931972789115646,0.9444444444444444,0.9931972789115646,0.9444444444444444,0.9780728254868055,0.9237544748889864,0.9965870307167235,0.9444444444444444
hjdb/hjdb_A_Musical_Box/track.npy,hjdb,0.9879518072289156,0.65,0.9879518072289156,0.65,0.9772220955633111,0.6834180053113432,0.993939393939394,0.7
hjdb/hjdb_Aftershock/track.npy,hjdb,1.0,1.0,1.0,1.0,0.9771357684674097,0.9674431778904291,1.0,1.0
hjdb/hjdb_Beyond_Bass/track.npy,hjdb,1.0,1.0,1.0,1.0,0.9851266003711031,0.9886853086800925,1.0,1.0
hjdb/hjdb_Cookin_Up_Yah_Brain/track.npy,hjdb,0.9913793103448276,1.0,0.9913793103448276,1.0,0.9750736590466162,0.9787399546929524,0.9956709956709957,1.0
hjdb/hjdb_Crackman_The_Return_(DJ_Ron_Remix)/track.npy,hjdb,0.9565217391304348,0.6071428571428571,0.9565217391304348,0.6071428571428571,0.9496915763702382,0.6307633330545865,0.9777777777777777,0.6545454545454545
hjdb/hjdb_Damage/track.npy,hjdb,1.0,1.0,1.0,1.0,0.9706529798480533,0.9743008696364932,1.0,1.0
hjdb/hjdb_Dark_Angel/track.npy,hjdb,1.0,1.0,1.0,1.0,0.9825110219436852,0.9837364195999242,1.0,1.0
hjdb/hjdb_Enticer/track.npy,hjdb,1.0,1.0,1.0,1.0,0.9828987811117113,0.9823595243237356,1.0,1.0
hjdb/hjdb_Feel_(Feel_Good)/track.npy,hjdb,1.0,1.0,1.0,1.0,0.9829242885513432,0.9918775990694647,1.0,1.0
hjdb/hjdb_Ghetto_People/track.npy,hjdb,1.0,1.0,1.0,1.0,0.9828233747824384,0.9862412859545647,1.0,1.0
hjdb/hjdb_Ghetto_People_(Remix)/track.npy,hjdb,1.0,1.0,1.0,1.0,0.9792800671909229,0.9855826362231133,1.0,1.0
hjdb/hjdb_I_Wanna_Be_Your_Lover/track.npy,hjdb,0.775,0.8,0.775,0.8,0.7717485449432036,0.5953883064261386,0.7875,0.6
hjdb/hjdb_Music/track.npy,hjdb,0.9967213114754099,0.868421052631579,0.9967213114754099,0.868421052631579,0.9834946948376916,0.8810794252508064,0.9983579638752053,0.8933333333333332
hjdb/hjdb_New_Direction/track.npy,hjdb,1.0,1.0,1.0,1.0,0.9809310547951554,0.9820108301719894,1.0,1.0
hjdb/hjdb_Nightmare_Walking/track.npy,hjdb,0.9940119760479041,0.5853658536585366,0.9940119760479041,0.5853658536585366,0.952118949749387,0.7515654274470249,0.996996996996997,0.7837837837837839
hjdb/hjdb_Open_Secrets/track.npy,hjdb,1.0,1.0,1.0,1.0,0.9751436346565451,0.9719634106477647,1.0,1.0
hjdb/hjdb_R_Yeah/track.npy,hjdb,1.0,1.0,1.0,1.0,0.9861593353379363,0.9920350388430549,1.0,1.0
hjdb/hjdb_Re-Baptised_By_Dub_(Selectors_Revenge)/track.npy,hjdb,1.0,1.0,1.0,1.0,0.9847309243631541,0.9848600970293524,1.0,1.0
hjdb/hjdb_Right_Before_My_Eyes/track.npy,hjdb,0.9827586206896551,0.8,0.9827586206896551,0.8,0.9702855808135387,0.8758540446474399,0.9913043478260869,0.896551724137931
hjdb/hjdb_Special_Request/track.npy,hjdb,0.994413407821229,1.0,0.994413407821229,1.0,0.9762939378076749,0.9804790245419446,0.9971988795518207,1.0
hjdb/hjdb_Sweet_Sensation_(12_Mix)/track.npy,hjdb,1.0,1.0,1.0,1.0,0.9826213988649787,0.9797053526578963,1.0,1.0
hjdb/hjdb_The_End_(Alternative_Version)/track.npy,hjdb,1.0,1.0,1.0,1.0,0.9749836485574231,0.979254240909313,1.0,1.0
hjdb/hjdb_The_Helicopter_Tune/track.npy,hjdb,0.9888888888888889,0.8222222222222222,0.9888888888888889,0.8222222222222222,0.9786125826383264,0.8378776858703334,0.9944134078212291,0.853932584269663
hjdb/hjdb_This_Way/track.npy,hjdb,0.8947368421052632,1.0,0.053763440860215055,1.0,0.8049364870507406,0.40666768021506733,0.6808510638297872,0.4166666666666667
hjdb/hjdb_Time_Bomb/track.npy,hjdb,1.0,1.0,1.0,1.0,0.9597051409586558,0.9667479322621876,1.0,1.0
hjdb/hjdb_Time_Bomb_(Remix)/track.npy,hjdb,1.0,0.8,1.0,0.8,0.9761703153883353,0.7885823419429865,1.0,0.8000000000000002
hjdb/hjdb_Touch_Somebody/track.npy,hjdb,0.9911504424778761,0.8571428571428571,0.9911504424778761,0.8571428571428571,0.9753006088380257,0.8321637051567715,0.9955555555555555,0.8571428571428571
hjdb/hjdb_Twisted/track.npy,hjdb,0.975609756097561,0.6,0.975609756097561,0.6,0.97117433608635,0.5912725033089388,0.9876543209876543,0.6
jaah/jaah_003-louis_armstrong_and_his_hot_seven-big_butter_and_egg_man_from_the_west/track.npy,jaah,0.9495798319327731,0.5277777777777778,0.9495798319327731,0.5277777777777778,0.9411885583587166,0.6509677067362879,0.9794871794871794,0.6766917293233082
jaah/jaah_023-dexter_gordon-dexter_rides_again/track.npy,jaah,0.9922839506172839,0.7204968944099379,0.9922839506172839,0.7204968944099379,0.9749315320995687,0.7869733650553709,0.9961270333075135,0.7999999999999999
jaah/jaah_025-django_reinhardt-dinah/track.npy,jaah,0.9625468164794008,0.8805970149253731,0.9625468164794008,0.8805970149253731,0.9556058925660122,0.8747638332381905,0.9848771266540642,0.9056603773584906
jaah/jaah_026-fats_waller_and_his_rhythm-dinah/track.npy,jaah,0.9836552748885586,0.9285714285714286,0.9836552748885586,0.9285714285714286,0.9706061632413238,0.9153504998414629,0.9955223880597015,0.9432835820895523
jaah/jaah_027-red_nichols_his_five_pennies-dinah/track.npy,jaah,0.9925187032418953,0.92,0.9925187032418953,0.92,0.9618925098049338,0.8947973557178568,0.9962453066332916,0.9346733668341709
jaah/jaah_043-eddie_lang_lonnie_johnson-a_handful_of_riffs/track.npy,jaah,0.9842180774748924,0.622093023255814,0.9842180774748924,0.622093023255814,0.9704823517553747,0.6861400997454855,0.9935018050541516,0.7069486404833837
jaah/jaah_047-meade_lux_lewis-honky_tonk_train_blues/track.npy,jaah,0.9334677419354839,0.4303030303030303,0.9334677419354839,0.4303030303030303,0.8492921603901653,0.7018409019747313,0.9774590163934426,0.8028169014084506
jaah/jaah_055-bunks_brass_band-in_gloryland/track.npy,jaah,0.9880952380952381,0.6027397260273972,0.9880952380952381,0.6027397260273972,0.9591589764335925,0.7444520793835939,0.9931856899488927,0.7749077490774908
jaah/jaah_057-duke_ellington_and_his_orchestra-isfahan/track.npy,jaah,0.8875502008032129,0.3275862068965517,0.8875502008032129,0.2711864406779661,0.7895924890949039,0.3325375767156608,0.8907216494845361,0.2982456140350877
jaah/jaah_069-quintette_du_hot_club_de_france-minor_swing/track.npy,jaah,0.9826224328593997,0.7371794871794872,0.9826224328593997,0.7371794871794872,0.7440528763501276,0.6174007927050064,0.9920508744038155,0.8172757475083056
jaah/jaah_078-count_basie_and_his_orchestra-one_oclock_jump/track.npy,jaah,0.9919839679358717,0.92,0.9919839679358717,0.92,0.7882272136898634,0.7306695573089999,0.995983935742972,0.9397590361445783
jaah/jaah_087-frankie_trumbauer_and_his_orchestra-singin_the_blues_til_my_daddy_comes_home/track.npy,jaah,0.8439897698209718,0.8247422680412371,0.8439897698209718,0.8247422680412371,0.5287748434755819,0.47553362619735073,0.8087291399229781,0.7311827956989247
jaah/jaah_091-louis_armstrong_and_his_hot_five-struttin_with_some_barbecue/track.npy,jaah,0.8202846975088968,0.3475177304964539,0.8202846975088968,0.3475177304964539,0.9023927741502255,0.4524934496374766,0.9463955637707948,0.4696356275303643
jaah/jaah_098-coleman_hawkins_quartet-the_man_i_love/track.npy,jaah,0.9866284622731614,0.9578544061302682,0.9866284622731614,0.9578544061302682,0.9414960966265787,0.9164633987475682,0.9956875898418784,0.9712092130518234
jaah/jaah_105-louis_armstrong_earl_hines-weather_bird/track.npy,jaah,0.8628158844765343,0.8333333333333334,0.8628158844765343,0.8333333333333334,0.820251349127709,0.7310002056476691,0.9568480300187617,0.8615384615384615
rwc/rwc_classical_CD1_01/track.npy,rwc_classical,0.34600197433366237,0.1780821917808219,0.34600197433366237,0.1780821917808219,0.6208699071775462,0.39263996247094446,0.7412546978895634,0.47191011235955055
rwc/rwc_classical_CD1_02/track.npy,rwc_classical,0.4438807863031072,0.21012658227848102,0.4438807863031072,0.21012658227848102,0.6831389370361828,0.4239314055467177,0.8106007067137809,0.4918032786885246
rwc/rwc_classical_CD3_03/track.npy,rwc_classical,0.5864312267657993,0.21933085501858737,0.5864312267657993,0.06691449814126393,0.6854209486350551,0.3696297504319036,0.8227909222597779,0.4492939666238768
rwc/rwc_classical_CD3_07/track.npy,rwc_classical,0.1514028586553732,0.33015873015873015,0.1514028586553732,0.07631160572337042,0.514784598221256,0.45006503878487336,0.5967799642218247,0.4922048997772829
rwc/rwc_classical_CD4_02/track.npy,rwc_classical,0.5368603642671292,0.48951048951048953,0.20987654320987653,0.48951048951048953,0.637628433983502,0.5112428194061377,0.6804389928986443,0.5951940850277264
rwc/rwc_classical_CD5_09/track.npy,rwc_classical,0.030084235860409144,0.2826086956521739,0.030084235860409144,0.2826086956521739,0.4203091436652529,0.4088241122431874,0.46626814688300594,0.45106382978723397
rwc/rwc_classical_CD5_11/track.npy,rwc_classical,0.9788359788359788,0.8253968253968254,0.9788359788359788,0.8253968253968254,0.9359786613794013,0.8909359654347454,0.9841269841269841,0.9180327868852458
rwc/rwc_classical_CD6_10/track.npy,rwc_classical,0.27946127946127947,0.3,0.27946127946127947,0.3,0.4725985966667955,0.3244751322034215,0.6102449888641425,0.45045045045045046
rwc/rwc_jazz_CD1_03/track.npy,rwc_jazz,0.2648809523809524,0.1623931623931624,0.2648809523809524,0.1623931623931624,0.4060555187748081,0.1877358326973808,0.47635726795096317,0.2095238095238095
rwc/rwc_jazz_CD1_06/track.npy,rwc_jazz,0.9271844660194175,0.7227722772277227,0.9271844660194175,0.7227722772277227,0.7899993481291636,0.6937047987038264,0.911764705882353,0.8020833333333334
rwc/rwc_jazz_CD1_13/track.npy,rwc_jazz,0.5629453681710214,0.573170731707317,0.5629453681710214,0.573170731707317,0.628418240425359,0.47930805713462943,0.7546666666666668,0.5686900958466454
rwc/rwc_jazz_CD4_04/track.npy,rwc_jazz,0.992,0.8829787234042553,0.992,0.8829787234042553,0.9159132799133181,0.8262872070992994,0.9933065595716198,0.8983957219251337
rwc/rwc_jazz_CD4_05/track.npy,rwc_jazz,0.5587786259541985,0.4957983193277311,0.5587786259541985,0.4957983193277311,0.651465240336378,0.5814781621475783,0.8187444739168876,0.7158836689038032
rwc/rwc_jazz_CD4_06/track.npy,rwc_jazz,0.6941529235382309,0.5898203592814372,0.6941529235382309,0.5898203592814372,0.6349859970763726,0.5356972578139816,0.7608024691358024,0.650231124807396
rwc/rwc_popular_CD2_15/track.npy,rwc_popular,0.937381404174573,0.8062015503875969,0.937381404174573,0.8062015503875969,0.9247287908994575,0.8458516428802006,0.9578544061302683,0.8685258964143425
rwc/rwc_popular_CD3_04/track.npy,rwc_popular,0.8505079825834543,0.893491124260355,0.8505079825834543,0.893491124260355,0.7521853531650807,0.7075965049970857,0.8672046955245781,0.8224852071005917
rwc/rwc_popular_CD3_14/track.npy,rwc_popular,0.9903846153846154,0.6615384615384615,0.9903846153846154,0.6615384615384615,0.9717109560975571,0.8126682870361288,0.9951876804619827,0.8319327731092437
rwc/rwc_popular_CD4_05/track.npy,rwc_popular,0.993421052631579,0.9385964912280702,0.993421052631579,0.9385964912280702,0.9791925611840638,0.916403619752836,0.9934065934065934,0.9385964912280702
rwc/rwc_popular_CD4_09/track.npy,rwc_popular,0.9633333333333334,0.9054054054054054,0.9633333333333334,0.9054054054054054,0.9140961671511161,0.9076585087177191,0.9664429530201343,0.9379310344827587
rwc/rwc_popular_CD4_16/track.npy,rwc_popular,0.9913793103448276,0.9913793103448276,0.9913793103448276,0.9913793103448276,0.9635205586789655,0.9612315323988918,0.9956803455723542,0.9913793103448276
rwc/rwc_popular_CD5_06/track.npy,rwc_popular,0.9874686716791979,0.9696969696969697,0.9874686716791979,0.9696969696969697,0.9613700224806817,0.932065681714582,0.9924623115577889,0.9696969696969697
rwc/rwc_popular_CD5_12/track.npy,rwc_popular,0.968,0.9047619047619048,0.968,0.9047619047619048,0.8700598676125628,0.8320614045309039,0.9799196787148594,0.944
rwc/rwc_popular_CD5_16/track.npy,rwc_popular,0.9892086330935251,0.9857142857142858,0.9892086330935251,0.9857142857142858,0.9594365975150624,0.9613596446283569,0.9945750452079565,0.9928057553956835
rwc/rwc_popular_CD6_01/track.npy,rwc_popular,0.9880239520958084,0.8658536585365854,0.9880239520958084,0.8658536585365854,0.9739111021872743,0.8850052087225949,0.9939759036144578,0.9024390243902439
rwc/rwc_popular_CD7_03/track.npy,rwc_popular,0.9811827956989247,0.8172043010752689,0.9811827956989247,0.8172043010752689,0.9621017608679604,0.8256565323266358,0.9905020352781547,0.854054054054054
rwc/rwc_popular_CD7_06/track.npy,rwc_popular,0.99830220713073,1.0,0.99830220713073,1.0,0.9770218431998674,0.9732246349161839,0.9991503823279524,1.0
rwc/rwc_popular_CD7_09/track.npy,rwc_popular,0.989010989010989,0.7692307692307693,0.989010989010989,0.7692307692307693,0.8266205450400479,0.7100883487248749,0.9848693259972489,0.8068181818181818
rwc/rwc_royalty-free_CD1_04/track.npy,rwc_royalty-free,0.9172413793103448,0.7142857142857143,0.9172413793103448,0.7142857142857143,0.48181769843812455,0.42831800106812573,0.8661971830985916,0.7246376811594202
rwc/rwc_royalty-free_CD1_13/track.npy,rwc_royalty-free,0.9682539682539683,0.9761904761904762,0.9682539682539683,0.9761904761904762,0.9204045832146275,0.9238815248438863,0.9838709677419354,0.9879518072289156
simac/simac_A_vida_me_fez_assim_01-Acalanto/track.npy,simac,0.88,0.0,0.88,0.0,0.8251142965401829,0.0,0.9361702127659575,0.0
simac/simac_Albedo_0.39_01-Pulstar/track.npy,simac,0.3448275862068966,0.0,0.2903225806451613,0.0,0.6206234975778963,0.0,0.6666666666666667,0.0
simac/simac_Alfagamabetizado_06-Tour/track.npy,simac,0.9615384615384616,0.0,0.9615384615384616,0.0,0.8649966679830797,0.0,0.9803921568627451,0.0
simac/simac_Amber_04-Slip/track.npy,simac,0.0,0.0,0.0,0.0,2.8093002416579344e-06,0.0,0.0,0.0
simac/simac_Amber_11-Teartear/track.npy,simac,0.9736842105263158,0.0,0.0,0.0,0.7914395472633662,0.0,0.6666666666666666,0.0
simac/simac_As_time_goes_by_disk_2_02-Ive_got_five_dollars/track.npy,simac,0.6744186046511628,0.0,0.6744186046511628,0.0,0.7079763699016595,0.0,0.7945205479452055,0.0
simac/simac_As_time_goes_by_disk_3_08-Have_you_et_Miss_Jones/track.npy,simac,0.575,0.0,0.575,0.0,0.5341653001322876,0.0,0.625,0.0
simac/simac_BACH_WTC_06-Prelude_and_Fugue_No._3_in_C-sharp_major_BWV_872_-_2._Fuga/track.npy,simac,0.84,0.0,0.84,0.0,0.8817822555472902,0.0,0.9130434782608696,0.0
simac/simac_Bach_Bach_-_Cello_suite_1_G_-_01_Prelude/track.npy,simac,0.5227272727272727,0.0,0.5227272727272727,0.0,0.525251798712666,0.0,0.732394366197183,0.0
simac/simac_Bach_The_Well-Tempered_Clavier_II_(Disc_1)_18-Prelude_and_Fugue_No._9_in_E_major_BWV_878_-_2._Fuga/track.npy,simac,0.8064516129032258,0.0,0.8064516129032258,0.0,0.8708267172542825,0.0,0.8928571428571428,0.0
simac/simac_Bach_The_Well-Tempered_Clavier_II_(Disc_2)_04-Prelude_and_Fugue_No._14_F-sharp_minor_BWV_883_-_2._Fuga/track.npy,simac,0.8666666666666667,0.0,0.8666666666666667,0.0,0.8976945223494939,0.0,0.9285714285714286,0.0
simac/simac_Bach_The_Well-Tempered_Clavier_II_(Disc_2)_13-Prelude_and_Fugue_No._19_A_major_BWV_888_-_1._Praeludium/track.npy,simac,0.8620689655172413,0.0,0.8620689655172413,0.0,0.8492111647240264,0.0,0.9259259259259259,0.0
simac/simac_Bach_The_Well-Tempered_Clavier_II_(Disc_2)_16-Prelude_and_Fugue_No._20_A_minor_BWV_889_-_2._Fuga/track.npy,simac,0.9090909090909091,0.0,0.9090909090909091,0.0,0.8152466642805584,0.0,0.9523809523809523,0.0
simac/simac_Bach_The_Well-Tempered_Clavier_II_(Disc_2)_20-Prelude_and_Fugue_No._22_B-flat_minor_BWV_891_-_2._Fuga/track.npy,simac,0.7931034482758621,0.0,0.0,0.0,0.43642639112945286,0.0,0.0,0.0
simac/simac_Bach_The_Well-Tempered_Clavier_II_(Disc_2)_23-Prelude_and_Fugue_No._24_B_minor_BWV_893_-_1._Praeludium/track.npy,simac,0.6551724137931034,0.0,0.6551724137931034,0.0,0.7056515012138889,0.0,0.8076923076923076,0.0
simac/simac_Beethoven_-_The_String_Quartets_#1_04-F_major_op._18_no._1_-_Allegro/track.npy,simac,0.45454545454545453,0.0,0.45454545454545453,0.0,0.6768269009065284,0.0,0.7415730337078651,0.0
simac/simac_Beethoven_-_The_String_Quartets_#1_10-D_major_op._18_no._3_-_Andante_con_moto/track.npy,simac,0.6923076923076923,0.0,0.6923076923076923,0.0,0.6655926873172174,0.0,0.7999999999999999,0.0
simac/simac_Bela_Bartok_01-The_Miraculous_Mandarin_1.1_Allegro_1.2_Curtain/track.npy,simac,0.28,0.0,0.28,0.0,0.43498196629641955,0.0,0.5106382978723404,0.0
simac/simac_Billie_Holiday_CD1_09-Lets_call_a_heart_to_heart/track.npy,simac,0.6944444444444444,0.0,0.6944444444444444,0.0,0.6729347898532222,0.0,0.819672131147541,0.0
simac/simac_Billie_Holiday_CD1_14-Loverman/track.npy,simac,0.38235294117647056,0.0,0.38235294117647056,0.0,0.48104090861432863,0.0,0.6399999999999999,0.0
simac/simac_Cafe_Zimmermann_04-Concerto_pour_deux_violons_&_cordes_en_r_mineur_BWV_1043_-_Largo_ma_non_tanto/track.npy,simac,0.6216216216216216,0.0,0.6216216216216216,0.0,0.621892978762585,0.0,0.7936507936507937,0.0
simac/simac_Cafe_Zimmermann_07-Suite_en_ut_majeur_BWV_1066_-_Courante/track.npy,simac,0.5862068965517241,0.0,0.5862068965517241,0.0,0.6329779833387862,0.0,0.7346938775510204,0.0
simac/simac_Cafe_Zimmermann_10-Suite_en_ut_majeur_BWV_1066_-_Menuets_I_&_II/track.npy,simac,0.7755102040816326,0.0,0.7755102040816326,0.0,0.7939691108555876,0.0,0.8863636363636364,0.0
simac/simac_Cafe_Zimmermann_13-Concerto_pour_hautbois_&_violon_en_ut_mineur_BWV_1060_-_Allegro/track.npy,simac,0.6944444444444444,0.0,0.6944444444444444,0.0,0.7140535887567078,0.0,0.819672131147541,0.0
simac/simac_Chopin_Piano_Concerto_No._1_etc_01-I_Allegro_maestoso_risoluto/track.npy,simac,0.26666666666666666,0.0,0.26666666666666666,0.0,0.527960476528125,0.0,0.6923076923076923,0.0
simac/simac_Clandestino_-_esperando_la_ultima_ola_02-Desaparecido/track.npy,simac,0.7741935483870968,0.0,0.7741935483870968,0.0,0.77539358846689,0.0,0.8727272727272727,0.0
simac/simac_Clandestino_-_esperando_la_ultima_ola_03-Bongo_bong/track.npy,simac,0.660377358490566,0.0,0.018867924528301886,0.0,0.6183127095365549,0.0,0.5277777777777778,0.0
simac/simac_Clandestino_-_esperando_la_ultima_ola_05-Mentira/track.npy,simac,0.7037037037037037,0.0,0.7037037037037037,0.0,0.7949264409220909,0.0,0.8260869565217391,0.0
simac/simac_Classic_Vivaldi_-_Stabat_Mater_01/track.npy,simac,0.5172413793103449,0.0,0.13793103448275862,0.0,0.3920805509800447,0.0,0.4878048780487806,0.0
simac/simac_Classic_Vivaldi_-_Stabat_Mater_09/track.npy,simac,0.0,0.0,0.0,0.0,0.30697155921782704,0.0,0.39999999999999997,0.0
simac/simac_DGG_419_047-2_02-Toccata_u._Fuge_d-moll_BWV_565_-_II_Fuge/track.npy,simac,0.8695652173913043,0.0,0.8695652173913043,0.0,0.7885065991106435,0.0,0.9302325581395349,0.0
simac/simac_Eres_luz_07-En_una_canasta_(Rumba-Tango)/track.npy,simac,0.5609756097560976,0.0,0.5609756097560976,0.0,0.7100688330480874,0.0,0.7575757575757575,0.0
simac/simac_Fado_05-AudioTrack_05/track.npy,simac,0.4411764705882353,0.0,0.058823529411764705,0.0,0.220682931376943,0.0,0.06896551724137931,0.0
simac/simac_Family_Tree_-_Greatest_Hits_As_Chosen_By_Bjork_07-Bachelorette/track.npy,simac,0.7741935483870968,0.0,0.7741935483870968,0.0,0.7660788614331333,0.0,0.8571428571428571,0.0
simac/simac_Gold_-_Greatest_Hits_02-Knowing_Me_Knowing_You/track.npy,simac,0.8709677419354839,0.0,0.8709677419354839,0.0,0.8341419109471877,0.0,0.896551724137931,0.0
simac/simac_Gold_-_Greatest_Hits_10-S._O._S/track.npy,simac,0.7142857142857143,0.0,0.7142857142857143,0.0,0.8037626437251291,0.0,0.8333333333333333,0.0
simac/simac_Gold_-_Greatest_Hits_15-Does_Your_Mother_Know/track.npy,simac,0.9444444444444444,0.0,0.9444444444444444,0.0,0.942379100720251,0.0,0.9714285714285714,0.0
simac/simac_Gold_-_Greatest_Hits_17-The_Name_Of_The_Game/track.npy,simac,0.8260869565217391,0.0,0.0,0.0,0.6977057563919158,0.0,0.6229508196721311,0.0
simac/simac_Kocani_Orkester_Trubaci_-_Solo_tapan/track.npy,simac,0.7931034482758621,0.0,0.7931034482758621,0.0,0.8122478473820126,0.0,0.8846153846153846,0.0
simac/simac_Niandra_LaDes_and_Usually_Just_a_T-Shirt_18-Usually_Just_a_T-Shirt_Untitled_6/track.npy,simac,0.6785714285714286,0.0,0.6785714285714286,0.0,0.777849264202317,0.0,0.88,0.0
simac/simac_Papakonstantinou_01-AudioTrack_01/track.npy,simac,0.5666666666666667,0.0,0.5666666666666667,0.0,0.5647098574119446,0.0,0.7234042553191489,0.0
simac/simac_Papakonstantinou_06-AudioTrack_06/track.npy,simac,0.38461538461538464,0.0,0.38461538461538464,0.0,0.6127007648961581,0.0,0.6976744186046512,0.0
simac/simac_Papakonstantinou_18-AudioTrack_18/track.npy,simac,0.6052631578947368,0.0,0.6052631578947368,0.0,0.6873633850956158,0.0,0.7540983606557378,0.0
simac/simac_Papakonstantinou_20-AudioTrack_20/track.npy,simac,0.896551724137931,0.0,0.896551724137931,0.0,0.8584264922846803,0.0,0.9454545454545454,0.0
simac/simac_Primer_Aliento_09-Brigada_de_demolicion/track.npy,simac,0.9111111111111111,0.0,0.0,0.0,0.7728582313068167,0.0,0.6363636363636364,0.0
simac/simac_Primer_Aliento_11-La_television_es_nutritiva/track.npy,simac,0.88,0.0,0.88,0.0,0.8801893528171835,0.0,0.9361702127659575,0.0
simac/simac_R.A.F.I_08-Hypocrite/track.npy,simac,0.9047619047619048,0.0,0.9047619047619048,0.0,0.9254027194939836,0.0,0.9500000000000001,0.0
simac/simac_Samba_na_Madrugada_08-Mascarada/track.npy,simac,0.9,0.0,0.9,0.0,0.8657503376951606,0.0,0.9473684210526316,0.0
simac/simac_So_Cartola_01-Quem_me_Ve_Sorrindo_Sei_Chorar_Alegria/track.npy,simac,0.09090909090909091,0.0,0.05454545454545454,0.0,0.3490821467158689,0.0,0.35,0.0
simac/simac_So_Cartola_16-Sofreguidao/track.npy,simac,0.8214285714285714,0.0,0.8214285714285714,0.0,0.8213174631356219,0.0,0.8627450980392156,0.0
simac/simac_So_Cartola_17-A_Mesma_Historia/track.npy,simac,0.7777777777777778,0.0,0.7777777777777778,0.0,0.5686861875892825,0.0,0.8307692307692308,0.0
simac/simac_So_Cartola_18-Peito_Vazio/track.npy,simac,0.6756756756756757,0.0,0.0,0.0,0.3182364324894849,0.0,0.0,0.0
simac/simac_Songs_Adalberto_(Adalberto_Alvarez_y_su_son)_-_Sobre_tu_piel/track.npy,simac,0.6585365853658537,0.0,0.0975609756097561,0.0,0.6469143678589923,0.0,0.5806451612903225,0.0
simac/simac_Songs_Afrocuba_-_Cambio_de_Clima/track.npy,simac,0.14634146341463414,0.0,0.14634146341463414,0.0,0.2673286781885054,0.0,0.3283582089552239,0.0
simac/simac_Tales_Of_Mystery_And_Imagination_05-_The_System_Of_Doctor_Tarr_And_Professor_Fether/track.npy,simac,0.875,0.0,0.875,0.0,0.8787519497979892,0.0,0.9333333333333333,0.0
simac/simac_Tales_Of_Mystery_And_Imagination_11-To_One_In_Paradise/track.npy,simac,0.9523809523809523,0.0,0.9523809523809523,0.0,0.8349907816132309,0.0,0.9268292682926829,0.0
simac/simac_Xatzidakis_11-AudioTrack_11/track.npy,simac,0.7857142857142857,0.0,0.7857142857142857,0.0,0.7645675347948555,0.0,0.88,0.0
simac/simac_a_love_supreme_part_1_acknowledgement/track.npy,simac,0.4576271186440678,0.0,0.4576271186440678,0.0,0.5079103288648134,0.0,0.6444444444444444,0.0
simac/simac_aire_07-La_Alcoba_y_la_mosca/track.npy,simac,0.8275862068965517,0.0,0.8275862068965517,0.0,0.8301111344948144,0.0,0.9056603773584906,0.0
simac/simac_blues_roots_es_flat_ahs_flat_too/track.npy,simac,0.5769230769230769,0.0,0.5769230769230769,0.0,0.7172951632991625,0.0,0.8444444444444443,0.0
simac/simac_blues_roots_moanin/track.npy,simac,0.7352941176470589,0.0,0.0,0.0,0.6403105817857875,0.0,0.5684210526315789,0.0
simac/simac_greek_Gkoles_-_Atimi_tyxi/track.npy,simac,0.7,0.0,0.7,0.0,0.7701453257193971,0.0,0.8235294117647058,0.0
simac/simac_more_greek_Gkoles_-_O_8ermastis/track.npy,simac,0.6521739130434783,0.0,0.6521739130434783,0.0,0.7310844652656135,0.0,0.7894736842105263,0.0
simac/simac_more_greek_Gkoles_-_Xatzikyriakeio/track.npy,simac,0.6842105263157895,0.0,0.6842105263157895,0.0,0.7353848275839521,0.0,0.7999999999999999,0.0
simac/simac_more_greek_Glykeria_-_To_agalma/track.npy,simac,0.9375,0.0,0.9375,0.0,0.8103358562356122,0.0,0.967741935483871,0.0
simac/simac_more_greek_Ksylouris_-_Afton_ton_kosmo_ton_kalo/track.npy,simac,0.6206896551724138,0.0,0.23076923076923078,0.0,0.7546828537438021,0.0,0.7317073170731707,0.0
simac/simac_more_greek_Marinella_-_Koita_me_sta_matia/track.npy,simac,0.7368421052631579,0.0,0.7368421052631579,0.0,0.7173031035888502,0.0,0.8484848484848484,0.0
simac/simac_more_greek_Marinella_-_Prin_to_xarama/track.npy,simac,0.5925925925925926,0.0,0.5925925925925926,0.0,0.7155540300195438,0.0,0.7441860465116279,0.0
simac/simac_more_greek_Mitropanos_-_Brexei_sti_ftwxogeitonia/track.npy,simac,0.782608695652174,0.0,0.782608695652174,0.0,0.806521932213693,0.0,0.8292682926829269,0.0
simac/simac_more_greek_Mosxoliou_-_Koimisou_palikari/track.npy,simac,0.6764705882352942,0.0,0.0,0.0,0.4955452287484895,0.0,0.4782608695652174,0.0
simac/simac_more_greek_Mpi8ikwtsis_-_H_mpalanta_tou_Antrikou/track.npy,simac,0.7209302325581395,0.0,0.7209302325581395,0.0,0.779751459960768,0.0,0.8378378378378378,0.0
simac/simac_more_greek_Mpi8ikwtsis_-_Sto_perigiali_to_kryfo/track.npy,simac,0.5833333333333334,0.0,0.5833333333333334,0.0,0.688569031466178,0.0,0.7368421052631579,0.0
simac/simac_more_greek_Mpi8ikwtsis_-_Xrysoprasino_fyllo/track.npy,simac,0.5384615384615384,0.0,0.5384615384615384,0.0,0.5743170624887854,0.0,0.7000000000000001,0.0
simac/simac_selected_ambient_works_8592_ageispolis/track.npy,simac,0.9629629629629629,0.0,0.9629629629629629,0.0,0.9653097045531223,0.0,0.9811320754716981,0.0
simac/simac_selected_ambient_works_8592_xtal/track.npy,simac,0.9354838709677419,0.0,0.9354838709677419,0.0,0.8529510026365655,0.0,0.9666666666666666,0.0
smc/smc_005/track.npy,smc,0.5641025641025641,0.0,0.5641025641025641,0.0,0.28717679058735707,0.0,0.4193548387096774,0.0
smc/smc_011/track.npy,smc,0.5076923076923077,0.0,0.5076923076923077,0.0,0.6440702492496428,0.0,0.7413793103448276,0.0
smc/smc_022/track.npy,smc,0.7441860465116279,0.0,0.7441860465116279,0.0,0.8248072663121405,0.0,0.9135802469135803,0.0
smc/smc_042/track.npy,smc,0.8,0.0,0.8,0.0,0.6692054484332114,0.0,0.8070175438596491,0.0
smc/smc_044/track.npy,smc,0.45161290322580644,0.0,0.3488372093023256,0.0,0.5422608000372959,0.0,0.6756756756756758,0.0
smc/smc_054/track.npy,smc,0.875,0.0,0.875,0.0,0.7088333092514102,0.0,0.88,0.0
smc/smc_055/track.npy,smc,0.16071428571428573,0.0,0.16071428571428573,0.0,0.3738237681577863,0.0,0.4631578947368421,0.0
smc/smc_067/track.npy,smc,0.9411764705882353,0.0,0.9411764705882353,0.0,0.6060717301379065,0.0,0.8316831683168315,0.0
smc/smc_088/track.npy,smc,0.45454545454545453,0.0,0.45454545454545453,0.0,0.40656016662012173,0.0,0.5168539325842696,0.0
smc/smc_099/track.npy,smc,0.6888888888888889,0.0,0.6888888888888889,0.0,0.3998782684722992,0.0,0.6153846153846153,0.0
smc/smc_103/track.npy,smc,0.2835820895522388,0.0,0.2835820895522388,0.0,0.3289539890285195,0.0,0.4297520661157025,0.0
smc/smc_135/track.npy,smc,0.4482758620689655,0.0,0.4482758620689655,0.0,0.5793660778580345,0.0,0.6923076923076923,0.0
smc/smc_150/track.npy,smc,0.8985507246376812,0.0,0.8985507246376812,0.0,0.7571710175382015,0.0,0.9323308270676692,0.0
smc/smc_168/track.npy,smc,0.2676056338028169,0.0,0.014084507042253521,0.0,0.22951134263172826,0.0,0.26666666666666666,0.0
smc/smc_171/track.npy,smc,0.524390243902439,0.0,0.0,0.0,0.41998751901826004,0.0,0.3928571428571429,0.0
smc/smc_179/track.npy,smc,0.358974358974359,0.0,0.358974358974359,0.0,0.4158169235254053,0.0,0.5333333333333333,0.0
smc/smc_188/track.npy,smc,0.9,0.0,0.9,0.0,0.7405427929848991,0.0,0.9655172413793104,0.0
smc/smc_190/track.npy,smc,0.033707865168539325,0.0,0.033707865168539325,0.0,0.3324516246176442,0.0,0.4201680672268907,0.0
smc/smc_197/track.npy,smc,0.5,0.0,0.5,0.0,0.34284527731220593,0.0,0.4444444444444444,0.0
smc/smc_208/track.npy,smc,0.5576923076923077,0.0,0.5576923076923077,0.0,0.5307777387645668,0.0,0.6746987951807228,0.0
smc/smc_212/track.npy,smc,0.38636363636363635,0.0,0.38636363636363635,0.0,0.24287777201543115,0.0,0.3529411764705882,0.0
smc/smc_237/track.npy,smc,0.4153846153846154,0.0,0.4153846153846154,0.0,0.42836757091926464,0.0,0.5631067961165048,0.0
smc/smc_241/track.npy,smc,0.43283582089552236,0.0,0.43283582089552236,0.0,0.29538616010281604,0.0,0.41818181818181815,0.0
smc/smc_260/track.npy,smc,0.6724137931034483,0.0,0.6724137931034483,0.0,0.6564991742278105,0.0,0.7747747747747747,0.0
smc/smc_274/track.npy,smc,0.9879518072289156,0.0,0.0,0.0,0.44832794053034475,0.0,0.0,0.0
smc/smc_286/track.npy,smc,0.9811320754716981,0.0,0.9811320754716981,0.0,0.9694760821686236,0.0,0.9904761904761905,0.0
smc/smc_289/track.npy,smc,1.0,0.0,1.0,0.0,0.8109424850543133,0.0,0.9827586206896551,0.0
tapcorrect/001_youtube_fV4DiAyExN0/track.npy,tapcorrect,0.9775641025641025,0.9102564102564102,0.9775641025641025,0.9102564102564102,0.9647223576573953,0.9169616618035702,0.9886547811993517,0.9419354838709677
tapcorrect/011_youtube_M7u5SdjDSQQ/track.npy,tapcorrect,0.9878542510121457,0.7777777777777778,0.9878542510121457,0.7777777777777778,0.9403953615782934,0.7790626998652112,0.9938900203665988,0.8225806451612904
tapcorrect/019_youtube_jSDukB1pc30/track.npy,tapcorrect,0.9437386569872959,0.8305084745762712,0.9437386569872959,0.8305084745762712,0.9218987888912046,0.8445974677417454,0.9768732654949123,0.8850574712643677
tapcorrect/024_youtube_S4X_l8PIobc/track.npy,tapcorrect,0.8228782287822878,0.55,0.8228782287822878,0.55,0.7995485404152036,0.5528316340928047,0.9206349206349206,0.6218487394957983
tapcorrect/032_youtube_zsmUOdmm02A/track.npy,tapcorrect,0.9915254237288136,0.9887640449438202,0.9915254237288136,0.9887640449438202,0.929311391468791,0.9377975712258052,0.9971671388101983,0.9943502824858756
tapcorrect/041_youtube_Eh44QPT1mPE/track.npy,tapcorrect,0.7972508591065293,0.5875,0.7972508591065293,0.5875,0.8554318790766432,0.7742998649621571,0.9194139194139194,0.8333333333333334
tapcorrect/046_youtube_ebZZpVFUQDY/track.npy,tapcorrect,0.9027027027027027,0.5789473684210527,0.0036036036036036037,0.12173913043478261,0.7217780738497049,0.6308210724955059,0.6262135922330098,0.5824175824175825
tapcorrect/047_youtube_WNa60w5HOB4/track.npy,tapcorrect,0.8270509977827051,0.7075471698113207,0.8270509977827051,0.7075471698113207,0.8583103220329115,0.7278349691321296,0.886857142857143,0.7488151658767772
tapcorrect/057_youtube_UrN3-lDk9Rs/track.npy,tapcorrect,0.7683453237410072,0.8448275862068966,0.7683453237410072,0.8448275862068966,0.8783268127526183,0.7686514709070493,0.9097801364670205,0.7911111111111111
tapcorrect/068_youtube_a8LcePfI6Hs/track.npy,tapcorrect,0.890881913303438,0.5106382978723404,0.890881913303438,0.5106382978723404,0.8992460294175612,0.6943170838054523,0.9424242424242424,0.732283464566929
tapcorrect/069_youtube_8kl6q_9qZOs/track.npy,tapcorrect,0.9266169154228856,0.900990099009901,0.9266169154228856,0.900990099009901,0.9172820935527513,0.8954661056270953,0.9595375722543351,0.9514066496163682
tapcorrect/086_youtube_-2WQ_caqBiY/track.npy,tapcorrect,1.0,1.0,1.0,1.0,0.9699250444245727,0.968900215811062,1.0,1.0
tapcorrect/099_youtube_WHWqj6gKS9g/track.npy,tapcorrect,0.4636363636363636,0.16666666666666666,0.18888888888888888,0.014925373134328358,0.5551347062908127,0.2717593590360209,0.6285714285714286,0.2912621359223301
asap/Bach_Fugue_bwv_860_Ko04M/track.npy,asap,0.0031645569620253164,0.07142857142857142,0.0031645569620253164,0.04819277108433735,0.45316216137868387,0.20981658536749348,0.46376811594202894,0.21582733812949642
asap/Bach_Fugue_bwv_860_Nikiforov05M/track.npy,asap,0.009009009009009009,0.047619047619047616,0.0030303030303030303,0.0,0.43415085536940423,0.2248872006675058,0.44668008048289737,0.2328767123287671
asap/Bach_Fugue_bwv_860_Tetzloff04M/track.npy,asap,0.006237006237006237,0.40606060606060607,0.002079002079002079,0.0,0.46731591729585786,0.4236119905747801,0.48456790123456794,0.3495145631067961
asap/Bach_Fugue_bwv_860_TuanS01M/track.npy,asap,0.00516795865633075,0.30120481927710846,0.0,0.30120481927710846,0.44668430557075633,0.46604108684877754,0.4584837545126354,0.4761904761904762
asap/Bach_Fugue_bwv_860_YoungS01M/track.npy,asap,0.007317073170731708,0.27710843373493976,0.007317073170731708,0.27710843373493976,0.49058610351699145,0.3485635404038318,0.5034722222222222,0.35526315789473684
asap/Bach_Fugue_bwv_860_ZhangH04M/track.npy,asap,0.0,0.30952380952380953,0.0,0.30952380952380953,0.447698687658639,0.47693826606497347,0.46434494195688225,0.49101796407185627
asap/Bach_Fugue_bwv_880_LeungR01M/track.npy,asap,0.9946524064171123,0.6956521739130435,0.9946524064171123,0.0,0.9681506326729709,0.6134190550655862,0.9973190348525469,0.5611510791366907
asap/Bach_Fugue_bwv_880_WangA04M/track.npy,asap,0.9789473684210527,0.5319148936170213,0.9789473684210527,0.0,0.9691354845042077,0.46739601845743456,0.9920424403183024,0.3829787234042553
asap/Bach_Fugue_bwv_893_Kleisen04M/track.npy,asap,0.5422535211267606,0.2765957446808511,0.5422535211267606,0.0,0.8232786563978971,0.2602134301630245,0.8599605522682446,0.26666666666666666
asap/Bach_Fugue_bwv_893_Levitsky04M/track.npy,asap,0.32947976878612717,0.19148936170212766,0.21830985915492956,0.0,0.7254398378817538,0.2691476937371591,0.7571115973741794,0.27067669172932335
asap/Bach_Fugue_bwv_893_Wong01M/track.npy,asap,0.22285714285714286,0.0851063829787234,0.1824561403508772,0.010526315789473684,0.5623148268413815,0.3125855445034572,0.5869565217391304,0.30400000000000005
asap/Bach_Prelude_bwv_864_SunD01M/track.npy,asap,0.4838709677419355,0.36363636363636365,0.4838709677419355,0.36363636363636365,0.640930828858512,0.3722172767689718,0.6187845303867403,0.380952380952381
asap/Bach_Prelude_bwv_884_LiA01M/track.npy,asap,0.920863309352518,0.6818181818181818,0.920863309352518,0.6818181818181818,0.9408224994450156,0.7446359159361571,0.9670329670329669,0.7586206896551724
asap/Bach_Prelude_bwv_887_LiYZ01M/track.npy,asap,0.9246231155778895,0.7291666666666666,0.9246231155778895,0.7291666666666666,0.956399182481508,0.7951644587492714,0.9769820971867007,0.8085106382978724
asap/Balakirev_Islamey_CHEN10M/track.npy,asap,0.5133587786259542,0.18823529411764706,0.5133587786259542,0.18823529411764706,0.6979341005870103,0.35635815971600415,0.7501203659123736,0.38142620232172475
asap/Balakirev_Islamey_Na08M/track.npy,asap,0.33528265107212474,0.1592920353982301,0.33528265107212474,0.1592920353982301,0.6529470734566165,0.3824068806122389,0.6962351727694688,0.4059900166389352
asap/Balakirev_Islamey_Yi04M/track.npy,asap,0.6472868217054264,0.1859504132231405,0.6472868217054264,0.10294117647058823,0.7897635928073328,0.3477437116135127,0.8259815802229762,0.3642611683848797
asap/Beethoven_Piano_Sonatas_17-2_USHIKI05M/track.npy,asap,0.5826513911620295,0.15789473684210525,0.1657250470809793,0.07017543859649122,0.6667778857936701,0.2693377215354811,0.6762246117084827,0.28703703703703703
asap/Beethoven_Piano_Sonatas_26-1_HuNY02M/track.npy,asap,0.7787742899850523,0.3333333333333333,0.03347280334728033,0.016286644951140065,0.7532940765858914,0.5006643693916192,0.650214592274678,0.5142857142857143
asap/Beethoven_Piano_Sonatas_26-1_Sham03M/track.npy,asap,0.797191887675507,0.24157303370786518,0.024267782426778243,0.1986970684039088,0.7549568181313113,0.6014036333689338,0.6437908496732027,0.6185567010309279
asap/Beethoven_Piano_Sonatas_26-1_Zhdanov05M/track.npy,asap,0.7704402515723271,0.4560260586319218,0.012552301255230125,0.4560260586319218,0.725929387357598,0.6456664216841985,0.6258874931731295,0.6757281553398059
asap/Beethoven_Piano_Sonatas_26-1_no_repeat_Kim02M/track.npy,asap,0.5802047781569966,0.2248062015503876,0.10071210579857579,0.1062992125984252,0.7104563570127456,0.45730806358388276,0.6500956022944551,0.4751958224543081
asap/Beethoven_Piano_Sonatas_4-1_Chon03M/track.npy,asap,0.6426858513189448,0.48314606741573035,0.6426858513189448,0.0028089887640449437,0.7839820871622398,0.43955724251123374,0.8181229773462783,0.4098671726755218
asap/Beethoven_Piano_Sonatas_4-1_LeeE02M/track.npy,asap,0.5938189845474614,0.5025906735751295,0.5938189845474614,0.08426966292134831,0.8016690390579971,0.5518990139715374,0.826221397649969,0.5100182149362478
asap/Beethoven_Piano_Sonatas_4-1_LiA04M/track.npy,asap,0.7639429312581063,0.25257731958762886,0.7639429312581063,0.17415730337078653,0.8450783770036504,0.49686757223778055,0.874493927125506,0.49818181818181817
asap/Beethoven_Piano_Sonatas_4-1_SirajA02M/track.npy,asap,0.6349942062572422,0.2247191011235955,0.6349942062572422,0.0,0.8087558330672721,0.3112283642674324,0.8431746031746031,0.27888446215139445
asap/Chopin_Etudes_op_10_10_WangH02M/track.npy,asap,0.42342342342342343,0.2702702702702703,0.05102040816326531,0.2702702702702703,0.6044059072295479,0.40900200169133477,0.5852713178294575,0.45714285714285713
asap/Chopin_Etudes_op_10_4_Duepree06M/track.npy,asap,0.8707692307692307,0.6829268292682927,0.8707692307692307,0.6829268292682927,0.8873700471250993,0.7173194349921185,0.9452269170579028,0.7453416149068323
asap/Chopin_Etudes_op_10_4_Knoll03M/track.npy,asap,0.9369085173501577,0.825,0.9369085173501577,0.825,0.9227206826481165,0.8022901400293362,0.9714285714285715,0.8427672955974843
asap/Chopin_Etudes_op_10_4_Kurz03M/track.npy,asap,0.9119496855345912,0.3291139240506329,0.9119496855345912,0.3291139240506329,0.9228407054731276,0.34502658898987065,0.9525316455696202,0.35443037974683544
asap/Chopin_Etudes_op_10_4_LeeSH03M/track.npy,asap,0.93125,0.7654320987654321,0.93125,0.7654320987654321,0.9161009901394194,0.7010775826308312,0.966824644549763,0.75
asap/Chopin_Etudes_op_10_4_Sladek03M/track.npy,asap,0.8158730158730159,0.3037974683544304,0.8158730158730159,0.3037974683544304,0.8654488229241436,0.4074426343326461,0.9076433121019107,0.42176870748299317
asap/Chopin_Etudes_op_10_4_Yi03M/track.npy,asap,0.8636363636363636,0.7804878048780488,0.8636363636363636,0.7804878048780488,0.8768048226542334,0.7431946081350499,0.9192546583850931,0.782608695652174
asap/Chopin_Etudes_op_10_4_ZhangE03M/track.npy,asap,0.939297124600639,0.6344086021505376,0.939297124600639,0.6344086021505376,0.9192945984728929,0.7775174404517707,0.9903846153846154,0.8604651162790697
asap/Chopin_Etudes_op_10_4_ZhaoA03M/track.npy,asap,0.9465408805031447,0.925,0.9465408805031447,0.925,0.9314406656750898,0.8521117393566696,0.9778481012658228,0.9056603773584907
asap/Chopin_Etudes_op_25_11_KimSuyeon03M/track.npy,asap,0.7314814814814815,0.6145833333333334,0.7314814814814815,0.6145833333333334,0.8127542579262824,0.6481785833954523,0.8836633663366336,0.6842105263157895
asap/Chopin_Etudes_op_25_11_KyykhynenT10M/track.npy,asap,0.8155339805825242,0.6421052631578947,0.8155339805825242,0.6421052631578947,0.8595650597819383,0.7006842292988874,0.9252217997465146,0.7301587301587302
asap/Chopin_Etudes_op_25_11_Lisiecki07M/track.npy,asap,0.6777777777777778,0.5238095238095238,0.6777777777777778,0.5238095238095238,0.7958576072668933,0.6054745982921939,0.8502415458937197,0.64
asap/Chopin_Etudes_op_25_11_MiyashitaM03M/track.npy,asap,0.8076923076923077,0.5169491525423728,0.8076923076923077,0.5169491525423728,0.8543315740613294,0.6842166408394292,0.8978562421185372,0.7042253521126761
asap/Chopin_Etudes_op_25_11_Sham02M/track.npy,asap,0.8223844282238443,0.5052631578947369,0.8223844282238443,0.5052631578947369,0.8643490394345738,0.5976548722691644,0.9125475285171103,0.6236559139784945
asap/Chopin_Etudes_op_25_11_Shychko03M/track.npy,asap,0.7914691943127962,0.44166666666666665,0.7914691943127962,0.44166666666666665,0.8308928204542426,0.6179937880921634,0.8972431077694235,0.6542056074766355
asap/Chopin_Etudes_op_25_11_Song02M/track.npy,asap,0.8281622911694511,0.7669902912621359,0.8281622911694511,0.7669902912621359,0.8679696921941473,0.7955683590282775,0.9184441656210791,0.8080808080808081
asap/Chopin_Etudes_op_25_11_WangA02M/track.npy,asap,0.7488262910798122,0.26865671641791045,0.7488262910798122,0.26865671641791045,0.8281052460060971,0.525877249246653,0.8764044943820225,0.5438596491228069
asap/Chopin_Sonata_3_4th_GarritsonL11M/track.npy,asap,0.7307086614173228,0.1951219512195122,0.7307086614173228,0.12142857142857143,0.8175980249439141,0.4674667383281156,0.8894472361809045,0.5
asap/Chopin_Sonata_3_4th_HuangSW06M/track.npy,asap,0.7947019867549668,0.3142857142857143,0.7947019867549668,0.3142857142857143,0.8446013625146552,0.6047965221290055,0.9097162510748066,0.640495867768595
asap/Chopin_Sonata_3_4th_KimSJ10M/track.npy,asap,0.45292014302741357,0.35231316725978645,0.45292014302741357,0.35231316725978645,0.7353092662281636,0.4644607294968844,0.7757142857142857,0.4835589941972921
asap/Chopin_Sonata_3_4th_KimSY23M/track.npy,asap,0.6566951566951567,0.2785714285714286,0.6566951566951567,0.2785714285714286,0.806096438749324,0.5411879272697658,0.8621236133122028,0.5821205821205822
asap/Haydn_Keyboard_Sonatas_39-1_Yarden07M/track.npy,asap,0.5205811138014528,0.14414414414414414,0.5205811138014528,0.11920529801324503,0.7538064780310985,0.4209332179926761,0.7832167832167832,0.42748091603053434
asap/Haydn_Keyboard_Sonatas_48-2_GarritsonL03M/track.npy,asap,0.6404494382022472,0.26573426573426573,0.16753926701570682,0.03484320557491289,0.7767248819049659,0.5018899591234963,0.7255113024757806,0.5188679245283019
asap/Haydn_Keyboard_Sonatas_48-2_PrjevalskayaM03M/track.npy,asap,0.4121951219512195,0.16783216783216784,0.34843205574912894,0.006968641114982578,0.7645854040973096,0.3783855562281817,0.7784552845528455,0.3896103896103897
asap/Mozart_Piano_Sonatas_12-3_MunA05M/track.npy,asap,0.8161350844277674,0.3,0.8161350844277674,0.3,0.8996160229766044,0.6880078868001158,0.9289940828402368,0.715
asap/Mozart_Piano_Sonatas_12-3_WuuE04M/track.npy,asap,0.6553480475382003,0.3,0.6553480475382003,0.3,0.8119746514186141,0.579937884381343,0.8373831775700935,0.6024691358024692
asap/Schubert_Impromptu_op.90_D.899_4_no_repeat_Huang10M/track.npy,asap,0.6425061425061425,0.2911392405063291,0.6425061425061425,0.11764705882352941,0.7906155494624942,0.42547312112140534,0.8378557246856387,0.43720930232558136
asap/Schubert_Impromptu_op.90_D.899_4_no_repeat_Lin11M/track.npy,asap,0.7220172201722017,0.36162361623616235,0.7220172201722017,0.36162361623616235,0.8313771797765942,0.6215269305049426,0.8656906429026098,0.6419213973799126
asap/Schubert_Impromptu_op.90_D.899_4_no_repeat_LuoJ09M/track.npy,asap,0.5571955719557196,0.35793357933579334,0.5571955719557196,0.35793357933579334,0.8009122365925994,0.6936349377039458,0.8200836820083682,0.7085201793721974
asap/Schubert_Impromptu_op.90_D.899_4_no_repeat_WongWY08M/track.npy,asap,0.44649446494464945,0.21323529411764705,0.44649446494464945,0.08856088560885608,0.6880029452848583,0.39919201577397107,0.7357293868921775,0.44221105527638194
asap/Schubert_Moment_Musical_no_1_MunA10M/track.npy,asap,0.4417910447761194,0.18543046357615894,0.4417910447761194,0.18543046357615894,0.7048014916013068,0.34087137656416056,0.7689562890276539,0.3695652173913044
ballroom/ballroom_Albums-AnaBelen_Veneo-03/track.npy,ballroom,1.0,0.9230769230769231,1.0,0.9230769230769231,0.8957446113189707,0.8284194868455674,1.0,0.9600000000000001
ballroom/ballroom_Albums-Ballroom_Classics4-05/track.npy,ballroom,0.972972972972973,1.0,0.972972972972973,1.0,0.7093413665801631,0.7935712823537143,0.9041095890410958,0.9166666666666666
ballroom/ballroom_Albums-Ballroom_Magic-03/track.npy,ballroom,0.9736842105263158,1.0,0.9736842105263158,0.0,0.8652231992002275,0.5029204882026669,0.9333333333333332,0.4444444444444444
ballroom/ballroom_Albums-Ballroom_Magic-11/track.npy,ballroom,0.9866666666666667,1.0,0.9866666666666667,1.0,0.9565160969991278,0.9557632766444744,0.9932885906040269,1.0
ballroom/ballroom_Albums-Cafe_Paradiso-05/track.npy,ballroom,0.9622641509433962,0.7692307692307693,0.9622641509433962,0.7692307692307693,0.9746958522370922,0.7611493959692465,0.9904761904761905,0.7692307692307693
ballroom/ballroom_Albums-Cafe_Paradiso-08/track.npy,ballroom,0.9807692307692307,1.0,0.9807692307692307,1.0,0.9669808854367024,0.9679505563681732,0.9902912621359222,1.0
ballroom/ballroom_Albums-Cafe_Paradiso-11/track.npy,ballroom,1.0,1.0,1.0,1.0,0.97262947140485,0.9825604755588818,1.0,1.0
ballroom/ballroom_Albums-Cafe_Paradiso-16/track.npy,ballroom,0.9861111111111112,1.0,0.9861111111111112,1.0,0.9544525891693213,0.954124560811421,0.993006993006993,1.0
ballroom/ballroom_Albums-Chrisanne1-01/track.npy,ballroom,0.9722222222222222,1.0,0.9722222222222222,1.0,0.8099468299724878,0.8220014044099458,0.9859154929577464,1.0
ballroom/ballroom_Albums-Chrisanne1-04/track.npy,ballroom,1.0,1.0,1.0,1.0,0.8941960196530419,0.898556098322661,1.0,1.0
ballroom/ballroom_Albums-Chrisanne1-14/track.npy,ballroom,0.9880952380952381,1.0,0.9880952380952381,1.0,0.9090447960954503,0.9118049168181501,1.0,1.0
ballroom/ballroom_Albums-Chrisanne2-05/track.npy,ballroom,1.0,0.875,1.0,0.0,0.9570979180103376,0.10895705601477158,1.0,0.09090909090909091
ballroom/ballroom_Albums-Chrisanne2-06/track.npy,ballroom,1.0,1.0,1.0,1.0,0.9746385205977387,0.963160141370851,1.0,1.0
ballroom/ballroom_Albums-Chrisanne3-01/track.npy,ballroom,1.0,0.9166666666666666,1.0,0.9166666666666666,0.906774010144285,0.8634373472364324,1.0,0.9565217391304348
ballroom/ballroom_Albums-Chrisanne3-02/track.npy,ballroom,1.0,1.0,1.0,1.0,0.932663997667789,0.8957532907610986,1.0,1.0
ballroom/ballroom_Albums-Chrisanne3-06/track.npy,ballroom,1.0,1.0,1.0,1.0,0.9425820361182407,0.9313537043060959,1.0,1.0
ballroom/ballroom_Albums-Chrisanne3-09/track.npy,ballroom,0.9605263157894737,0.8,0.9605263157894737,0.8,0.9418357353254744,0.7488296974767831,0.9933774834437086,0.8000000000000002
ballroom/ballroom_Albums-GloriaEstefan_MiTierra-11/track.npy,ballroom,1.0,1.0,1.0,1.0,0.948069277579804,0.9688057196676471,1.0,1.0
ballroom/ballroom_Albums-Latin_Jam-04/track.npy,ballroom,0.9636363636363636,0.9285714285714286,0.9636363636363636,0.9285714285714286,0.948088453313963,0.9265696616560137,0.9814814814814815,0.962962962962963
ballroom/ballroom_Albums-Latin_Jam-08/track.npy,ballroom,1.0,1.0,1.0,1.0,0.962666685397948,0.9612726915522851,1.0,1.0
ballroom/ballroom_Albums-Latin_Jam-09/track.npy,ballroom,0.9772727272727273,1.0,0.9772727272727273,1.0,0.9607514726630776,0.980355053843727,0.9885057471264368,1.0
ballroom/ballroom_Albums-Latin_Jam-11/track.npy,ballroom,1.0,1.0,1.0,1.0,0.9696824543824549,0.9575401332913686,1.0,1.0
ballroom/ballroom_Albums-Latin_Jam2-05/track.npy,ballroom,1.0,1.0,1.0,1.0,0.9843146444967357,0.9845590941959365,1.0,1.0
ballroom/ballroom_Albums-Latin_Jam2-07/track.npy,ballroom,0.9772727272727273,1.0,0.9772727272727273,1.0,0.9452848080695085,0.9857814970678195,0.9885057471264368,1.0
ballroom/ballroom_Albums-Latin_Jam3-01/track.npy,ballroom,0.9807692307692307,1.0,0.9807692307692307,1.0,0.97027355670413,0.9743858758624526,0.9902912621359222,1.0
ballroom/ballroom_Albums-Latin_Jam3-06/track.npy,ballroom,1.0,1.0,1.0,1.0,0.9821262890972351,0.9773670164848374,1.0,1.0
ballroom/ballroom_Albums-Latin_Jam4-05/track.npy,ballroom,1.0,0.8947368421052632,1.0,0.0,0.9855011879700811,0.4648237397190163,1.0,0.0
ballroom/ballroom_Albums-Pais_Tropical-11/track.npy,ballroom,1.0,1.0,1.0,1.0,0.9420691223143177,0.9725558411817415,1.0,1.0
ballroom/ballroom_Albums-Pais_Tropical-15/track.npy,ballroom,1.0,1.0,1.0,1.0,0.9757430107936709,0.9720099098543336,1.0,1.0
ballroom/ballroom_Albums-Step_By_Step-15/track.npy,ballroom,0.9883720930232558,1.0,0.9883720930232558,1.0,0.9532974368844722,0.9561340849945108,0.9941520467836257,1.0
ballroom/ballroom_Albums-Step_By_Step-17/track.npy,ballroom,0.9770114942528736,0.7272727272727273,0.9770114942528736,0.7272727272727273,0.9478778045027252,0.7373569592751317,0.9883720930232558,0.7727272727272727
ballroom/ballroom_Albums-StrictlyDancing_Tango-08/track.npy,ballroom,0.9807692307692307,1.0,0.9807692307692307,1.0,0.9514716713835752,0.9508123150625517,0.9902912621359222,1.0
ballroom/ballroom_Media-100606/track.npy,ballroom,1.0,1.0,1.0,1.0,0.9720879501166765,0.9712122167786933,1.0,1.0
ballroom/ballroom_Media-100615/track.npy,ballroom,1.0,1.0,1.0,1.0,0.9351775930870009,0.9197446445879658,1.0,1.0
ballroom/ballroom_Media-103403/track.npy,ballroom,0.98,0.9230769230769231,0.98,0.9230769230769231,0.9695056717159101,0.9479781687415314,0.98989898989899,0.9600000000000001
ballroom/ballroom_Media-103404/track.npy,ballroom,0.9807692307692307,1.0,0.9807692307692307,1.0,0.970833550534429,0.9794290336460428,0.9902912621359222,1.0
ballroom/ballroom_Media-103416/track.npy,ballroom,1.0,1.0,1.0,1.0,0.9630471569542335,0.9753224554388749,1.0,1.0
ballroom/ballroom_Media-103506/track.npy,ballroom,1.0,1.0,1.0,1.0,0.9363038756352191,0.9626885137629058,1.0,1.0
ballroom/ballroom_Media-103513/track.npy,ballroom,1.0,1.0,1.0,1.0,0.9614686936989536,0.95645924441865,1.0,1.0
ballroom/ballroom_Media-103516/track.npy,ballroom,1.0,1.0,1.0,1.0,0.8771670248660138,0.8670411199229643,1.0,1.0
ballroom/ballroom_Media-103601/track.npy,ballroom,0.9795918367346939,1.0,0.9795918367346939,1.0,0.9719424850754418,0.9662876159391436,0.9896907216494846,1.0
ballroom/ballroom_Media-103609/track.npy,ballroom,0.9761904761904762,1.0,0.9761904761904762,1.0,0.8864172270933459,0.9040782585140403,0.9879518072289156,1.0
ballroom/ballroom_Media-103707/track.npy,ballroom,0.9767441860465116,0.9090909090909091,0.9767441860465116,0.9090909090909091,0.9673076213028348,0.9311779653818019,0.988235294117647,0.9523809523809523
ballroom/ballroom_Media-103711/track.npy,ballroom,1.0,1.0,1.0,1.0,0.9416478002043027,0.9052852572292864,1.0,1.0
ballroom/ballroom_Media-103719/track.npy,ballroom,1.0,1.0,1.0,1.0,0.9784959921973718,0.9728802338031078,1.0,1.0
ballroom/ballroom_Media-103801/track.npy,ballroom,0.6730769230769231,0.8461538461538461,0.25,0.8461538461538461,0.44649680734120967,0.2099704740035041,0.27450980392156865,0.24000000000000002
ballroom/ballroom_Media-103802/track.npy,ballroom,1.0,1.0,1.0,1.0,0.9879031474668735,0.9822952896454465,1.0,1.0
ballroom/ballroom_Media-103805/track.npy,ballroom,1.0,1.0,1.0,1.0,0.9714185366738047,0.986489119289718,1.0,1.0
ballroom/ballroom_Media-103806/track.npy,ballroom,0.9523809523809523,0.5454545454545454,0.9523809523809523,0.5454545454545454,0.9733617663920433,0.5679268638664674,0.9879518072289156,0.5714285714285713
ballroom/ballroom_Media-103810/track.npy,ballroom,0.9534883720930233,1.0,0.9534883720930233,1.0,0.9137273918310714,0.9423413584211243,0.9761904761904763,1.0
ballroom/ballroom_Media-103908/track.npy,ballroom,1.0,1.0,1.0,1.0,0.9792941050323564,0.9681018586499957,1.0,1.0
ballroom/ballroom_Media-103911/track.npy,ballroom,0.3611111111111111,0.4444444444444444,0.3611111111111111,0.4444444444444444,0.5169533042546633,0.6082252551173661,0.5306122448979591,0.6153846153846153
ballroom/ballroom_Media-104004/track.npy,ballroom,0.975609756097561,0.0,0.975609756097561,0.0,0.9461828776905953,2.8583575641388426e-48,0.9876543209876543,0.0
ballroom/ballroom_Media-104206/track.npy,ballroom,0.9814814814814815,0.9285714285714286,0.9814814814814815,0.9285714285714286,0.9365010602464622,0.9181660255019308,0.9906542056074767,0.962962962962963
ballroom/ballroom_Media-104209/track.npy,ballroom,0.974025974025974,0.9615384615384616,0.974025974025974,0.9615384615384616,0.9492027344524014,0.9438368960386289,0.9868421052631579,0.9803921568627451
ballroom/ballroom_Media-104216/track.npy,ballroom,0.9880952380952381,0.9523809523809523,0.9880952380952381,0.9523809523809523,0.9696495038416517,0.9472854393815762,0.9940119760479043,0.975609756097561
ballroom/ballroom_Media-104308/track.npy,ballroom,0.9868421052631579,0.9615384615384616,0.9868421052631579,0.9615384615384616,0.9730311759172613,0.9598570084334427,0.9933774834437086,0.9803921568627451
ballroom/ballroom_Media-104317/track.npy,ballroom,0.9886363636363636,1.0,0.9886363636363636,1.0,0.9509493507314489,0.9464350138070359,0.9942857142857142,1.0
ballroom/ballroom_Media-104507/track.npy,ballroom,0.9736842105263158,1.0,0.9736842105263158,1.0,0.9335513457713543,0.9232371714843208,0.9933774834437086,1.0
ballroom/ballroom_Media-104807/track.npy,ballroom,0.9821428571428571,1.0,0.9821428571428571,1.0,0.9626697323971228,0.9660928313242989,0.9909909909909909,1.0
ballroom/ballroom_Media-104901/track.npy,ballroom,0.9714285714285714,1.0,0.9714285714285714,1.0,0.9110952165316482,0.9591401948344506,0.9855072463768115,1.0
ballroom/ballroom_Media-104908/track.npy,ballroom,0.9733333333333334,0.96,0.9733333333333334,0.96,0.9466978317525818,0.9544461916191394,0.9864864864864865,0.9795918367346939
ballroom/ballroom_Media-104918/track.npy,ballroom,1.0,1.0,1.0,1.0,0.9350184527082285,0.9472799621087633,1.0,1.0
ballroom/ballroom_Media-105002/track.npy,ballroom,1.0,1.0,1.0,1.0,0.8842040475212878,0.9271618981223472,1.0,1.0
ballroom/ballroom_Media-105005/track.npy,ballroom,0.972972972972973,1.0,0.972972972972973,1.0,0.9122150667992357,0.9228820769378442,0.9863013698630138,1.0
ballroom/ballroom_Media-105011/track.npy,ballroom,0.9868421052631579,0.9615384615384616,0.9868421052631579,0.9615384615384616,0.9529925276305435,0.9450182712806013,0.9933774834437086,0.9803921568627451
ballroom/ballroom_Media-105103/track.npy,ballroom,0.9722222222222222,0.9166666666666666,0.9722222222222222,0.9166666666666666,0.8211867306176992,0.7905089058742768,0.9859154929577464,0.9565217391304348
ballroom/ballroom_Media-105210/track.npy,ballroom,1.0,1.0,1.0,1.0,0.9283684551909106,0.9382808937431776,1.0,1.0
ballroom/ballroom_Media-105304/track.npy,ballroom,0.9722222222222222,0.9166666666666666,0.9722222222222222,0.9166666666666666,0.8875127198049552,0.861068521493771,0.9859154929577464,0.9565217391304348
ballroom/ballroom_Media-105313/track.npy,ballroom,0.9764705882352941,0.9523809523809523,0.9764705882352941,0.9523809523809523,0.904569084311335,0.8557296714565654,0.988095238095238,0.975609756097561
ballroom/ballroom_Media-105317/track.npy,ballroom,0.9636363636363636,0.9285714285714286,0.9636363636363636,0.9285714285714286,0.886505648785129,0.8702603101687905,0.9814814814814815,0.962962962962963
ballroom/ballroom_Media-105402/track.npy,ballroom,0.9761904761904762,1.0,0.9761904761904762,1.0,0.9525503627831818,0.9752671168673365,0.9879518072289156,1.0
ballroom/ballroom_Media-105411/track.npy,ballroom,1.0,1.0,1.0,1.0,0.9384239153951562,0.9779733475701299,1.0,1.0
ballroom/ballroom_Media-105415/track.npy,ballroom,0.9726027397260274,1.0,0.9726027397260274,1.0,0.9527544090432669,0.9540630025151141,0.9861111111111112,1.0
ballroom/ballroom_Media-105502/track.npy,ballroom,0.972972972972973,1.0,0.972972972972973,1.0,0.7672066579989656,0.828547654955092,0.9589041095890412,1.0
ballroom/ballroom_Media-105509/track.npy,ballroom,0.9594594594594594,1.0,0.9594594594594594,1.0,0.9424218644594683,0.957388538439009,0.9864864864864865,1.0
ballroom/ballroom_Media-105607/track.npy,ballroom,0.9761904761904762,1.0,0.9761904761904762,1.0,0.9712625645223582,0.9837284165069655,0.9879518072289156,1.0
ballroom/ballroom_Media-105706/track.npy,ballroom,0.9464285714285714,0.9285714285714286,0.9464285714285714,0.9285714285714286,0.9479832437974327,0.9303152683116869,0.9724770642201834,0.962962962962963
ballroom/ballroom_Media-105715/track.npy,ballroom,0.9550561797752809,0.9565217391304348,0.9550561797752809,0.9565217391304348,0.9105512694691478,0.8890121940465373,0.9770114942528736,0.9777777777777777
ballroom/ballroom_Media-105717/track.npy,ballroom,0.9550561797752809,0.9565217391304348,0.9550561797752809,0.9565217391304348,0.8894401850935845,0.8783835839681727,0.9770114942528736,0.9777777777777777
ballroom/ballroom_Media-105805/track.npy,ballroom,1.0,1.0,1.0,1.0,0.9211015677880686,0.9591352380906889,1.0,1.0
ballroom/ballroom_Media-105904/track.npy,ballroom,1.0,1.0,1.0,1.0,0.9723452578214697,0.9745887408661101,1.0,1.0
ballroom/ballroom_Media-106107/track.npy,ballroom,0.9534883720930233,0.9090909090909091,0.9534883720930233,0.9090909090909091,0.9418514955608922,0.9173604344717076,0.9761904761904763,0.9523809523809523
ballroom/ballroom_Media-106109/track.npy,ballroom,0.9772727272727273,1.0,0.9772727272727273,1.0,0.9630085767989103,0.9771460399035341,0.9885057471264368,1.0
ballroom/ballroom_Media-106116/track.npy,ballroom,0.9594594594594594,1.0,0.9594594594594594,1.0,0.9620866719497974,0.9773153192013102,0.9793103448275862,1.0
ballroom/ballroom_Media-106117/track.npy,ballroom,0.95,1.0,0.95,1.0,0.8526967232906235,0.8403177093667378,0.9743589743589743,1.0
beatles/beatles_01_Please_Please_Me_02_Misery/track.npy,beatles,0.9506726457399103,0.8070175438596491,0.9506726457399103,0.8070175438596491,0.9291901113329213,0.8011565675019959,0.9661399548532731,0.8392857142857144
beatles/beatles_01_Please_Please_Me_07_Please_Please_Me/track.npy,beatles,0.99609375,1.0,0.99609375,1.0,0.9402338170852859,0.9417669051750697,0.9980430528375733,1.0
beatles/beatles_02_With_the_Beatles_11_I_Wanna_Be_Your_Man/track.npy,beatles,0.5352112676056338,0.45054945054945056,0.2604166666666667,0.20634920634920634,0.7370509793199762,0.6508772190124648,0.759656652360515,0.6788990825688073
beatles/beatles_03_A_Hard_Days_Night_02_I_Should_Have_Known_Better/track.npy,beatles,0.9940476190476191,1.0,0.9940476190476191,1.0,0.9747571570647692,0.9773710994200518,0.9970149253731343,1.0
beatles/beatles_03_A_Hard_Days_Night_05_And_I_Love_Her/track.npy,beatles,0.9962406015037594,1.0,0.9962406015037594,1.0,0.9732675474373553,0.977133988849302,0.9981167608286252,1.0
beatles/beatles_04_Beatles_for_Sale_03_Babys_In_Black/track.npy,beatles,0.6424242424242425,0.4117647058823529,0.6424242424242425,0.4117647058823529,0.30247111724879505,0.1302513951255968,0.6598639455782314,0.28125
beatles/beatles_04_Beatles_for_Sale_06_Mr_Moonlight/track.npy,beatles,0.9904153354632588,0.717948717948718,0.9904153354632588,0.717948717948718,0.7246587578454133,0.6107894747446475,0.9887640449438203,0.8211920529801324
beatles/beatles_05_Help_05_Another_Girl/track.npy,beatles,0.9770773638968482,0.8735632183908046,0.002898550724637681,0.0,0.6694803853833551,0.6038847472989055,0.6615384615384615,0.6
beatles/beatles_05_Help_12_Ive_Just_Seen_a_Face/track.npy,beatles,0.7054263565891473,0.703125,0.7054263565891473,0.703125,0.7301846812951229,0.6157888310214078,0.8588957055214723,0.7213114754098361
beatles/beatles_06_Rubber_Soul_02_Norwegian_Wood_(This_Bird_Has_Flown)/track.npy,beatles,0.9941520467836257,0.7719298245614035,0.9941520467836257,0.7719298245614035,0.9017378765566378,0.8352486873845938,0.9956076134699854,0.9302325581395348
beatles/beatles_07_Revolver_01_Taxman/track.npy,beatles,0.9881305637982196,0.8928571428571429,0.9881305637982196,0.8928571428571429,0.9237537539334153,0.8467498250584408,0.9940298507462687,0.9047619047619048
beatles/beatles_07_Revolver_05_Here_There_And_Everywhere/track.npy,beatles,0.8292682926829268,0.875,0.8292682926829268,0.875,0.8766396185711561,0.7843772516385148,0.9198966408268734,0.8297872340425533
beatles/beatles_08_Sgt_Peppers_Lonely_Hearts_Club_Band_08_Within_You_Without_You/track.npy,beatles,0.6576,0.4326241134751773,0.6576,0.4326241134751773,0.6946625020082822,0.4409688241181024,0.7495854063018242,0.4697508896797153
beatles/beatles_08_Sgt_Peppers_Lonely_Hearts_Club_Band_10_Lovely_Rita/track.npy,beatles,1.0,1.0,1.0,1.0,0.9625459104134325,0.9531135540607827,1.0,1.0
beatles/beatles_09_Magical_Mystery_Tour_08_Strawberry_Fields_Forever/track.npy,beatles,0.8753246753246753,0.5673076923076923,0.8753246753246753,0.5673076923076923,0.7309372263651837,0.5792318946254502,0.8900523560209422,0.7199999999999999
beatles/beatles_10_CD1_The_Beatles_07_While_My_Guitar_Gently_Weeps/track.npy,beatles,0.8937381404174574,0.8409090909090909,0.8937381404174574,0.8409090909090909,0.9235859811612912,0.877705073553334,0.9708171206225681,0.9285714285714285
beatles/beatles_10_CD1_The_Beatles_12_Piggies/track.npy,beatles,0.9209039548022598,0.43103448275862066,0.9209039548022598,0.43103448275862066,0.8752550420621938,0.6821514965584582,0.956268221574344,0.7599999999999999
beatles/beatles_10_CD1_The_Beatles_17_Julia/track.npy,beatles,0.5201612903225806,0.5543478260869565,0.5201612903225806,0.5543478260869565,0.7944747922125358,0.7204450207450773,0.8491879350348028,0.7647058823529412
beatles/beatles_10_CD2_The_Beatles_02_Yer_Blues/track.npy,beatles,0.8664259927797834,0.36879432624113473,0.8664259927797834,0.36879432624113473,0.8474582106719497,0.5704308225141564,0.9186155285313377,0.6083650190114068
beatles/beatles_11_Abbey_Road_04_Oh_Darling/track.npy,beatles,0.0,0.47107438016528924,0.0,0.0,0.47508755771888495,0.6018589691721603,0.4927536231884057,0.5
beatles/beatles_11_Abbey_Road_06_I_Want_You/track.npy,beatles,0.8038815117466803,0.3790523690773067,0.8038815117466803,0.11494252873563218,0.9041863616931072,0.5939492215355365,0.9310163243812531,0.5541125541125541
beatles/beatles_12_Let_It_Be_07_Maggie_Mae/track.npy,beatles,0.956989247311828,0.5833333333333334,0.0,0.0,0.7775806578504779,0.5409782922711582,0.6521739130434783,0.4571428571428572
candombe/csic.1995_ansina1_01/track.npy,candombe,1.0,1.0,1.0,1.0,0.9770274694126118,0.97209352474203,1.0,1.0
candombe/csic.1995_cuareim_02/track.npy,candombe,1.0,1.0,1.0,1.0,0.9845284931921966,0.9840855949289321,1.0,1.0
candombe/proyecto.1992_lobo_06/track.npy,candombe,0.9759358288770054,0.9354838709677419,0.9759358288770054,0.9354838709677419,0.9706965550261876,0.9252401514400629,0.9892183288409704,0.9405405405405404
candombe/zavala.muniz.2014_52/track.npy,candombe,0.9974093264248705,1.0,0.9974093264248705,1.0,0.9791575220767427,0.9827291090796991,0.9987029831387808,1.0
candombe/zavala.muniz.2014_55/track.npy,candombe,0.9922630560928434,0.9922480620155039,0.9922630560928434,0.9922480620155039,0.9664686497814452,0.965389664012998,0.997090203685742,0.9922480620155039
filosax/filosax_04/track.npy,filosax,0.9984894259818731,0.9698795180722891,0.9984894259818731,0.9698795180722891,0.9324656426079773,0.9003135464830334,0.999244142101285,0.9759036144578314
filosax/filosax_05/track.npy,filosax,0.9930555555555556,0.9791666666666666,0.9930555555555556,0.9791666666666666,0.9418784293850245,0.9348818873049102,0.9965156794425087,0.9895470383275262
filosax/filosax_09/track.npy,filosax,0.9886201991465149,0.9517045454545454,0.9886201991465149,0.9517045454545454,0.945678401922504,0.9058237103042925,0.9949964260185846,0.9628571428571429
filosax/filosax_13/track.npy,filosax,0.9264305177111717,0.9601449275362319,0.9264305177111717,0.9601449275362319,0.9087403223754391,0.893020857124677,0.9796860572483841,0.967391304347826
filosax/filosax_20/track.npy,filosax,0.9895968790637191,0.9375,0.9895968790637191,0.9375,0.8191825255676893,0.7862361855129625,0.9902152641878669,0.9451697127937336
filosax/filosax_26/track.npy,filosax,0.9854586129753915,0.968609865470852,0.9854586129753915,0.968609865470852,0.9377405674645758,0.9128346781198245,0.9926842993809791,0.9774774774774775
groove_midi/drummer10_session1_9_jazz-swing_110_beat_4-4/track.npy,groove_midi,0.99,0.6842105263157895,0.99,0.17105263157894737,0.6026821440187982,0.2620671064409478,0.9916247906197655,0.18666666666666668
groove_midi/drummer1_eval_session_8_rock-groove8_65_beat_4-4/track.npy,groove_midi,1.0,1.0,1.0,1.0,0.9298924077362375,0.9048389251227948,1.0,1.0
groove_midi/drummer1_eval_session_9_soul-groove9_105_beat_4-4/track.npy,groove_midi,1.0,1.0,1.0,1.0,0.9482284418074316,0.9316471671763484,1.0,1.0
groove_midi/drummer1_session1_176_afrocuban_105_beat_4-4/track.npy,groove_midi,0.6008316008316008,0.6210526315789474,0.6008316008316008,0.6210526315789474,0.740206198547181,0.5807651697269375,0.800925925925926,0.6243386243386243
groove_midi/drummer1_session1_78_jazz-fast_290_beat_4-4/track.npy,groove_midi,0.4254032258064516,0.3064516129032258,0.4254032258064516,0.0,0.6792556728411105,0.3022967526552474,0.7667031763417306,0.3222222222222222
groove_midi/drummer1_session2_161_afrocuban-rhumba_110_beat_4-4/track.npy,groove_midi,0.6445497630331753,0.7425742574257426,0.6445497630331753,0.7425742574257426,0.6109230788076441,0.5893377574005989,0.6739130434782609,0.6532663316582915
groove_midi/drummer1_session2_32_punk_140_beat_4-4/track.npy,groove_midi,0.9941176470588236,1.0,0.9941176470588236,1.0,0.8915372237361328,0.8967657215229077,0.9985272459499264,1.0
groove_midi/drummer1_session3_15_funk_117_beat_4-4/track.npy,groove_midi,0.996309963099631,0.5942028985507246,0.996309963099631,0.5942028985507246,0.9362037806333677,0.5726363964057146,0.996309963099631,0.6131386861313869
groove_midi/drummer1_session3_16_funk_117_beat_4-4/track.npy,groove_midi,0.8022598870056498,0.7,0.8022598870056498,0.7,0.9010246142515795,0.7825562129754913,0.9436201780415431,0.8205128205128205
groove_midi/drummer1_session3_3_rock-rockabilly_200_beat_4-4/track.npy,groove_midi,0.9941634241245136,0.937984496124031,0.0,0.0,0.7962923656950694,0.7633297014638336,0.6645035691109669,0.6337662337662338
groove_midi/drummer1_session3_5_jazz-linear_128_beat_4-4/track.npy,groove_midi,0.681075888568684,0.14671814671814673,0.12172088142707241,0.11946902654867257,0.7026497525084278,0.3221046286608107,0.6960651289009497,0.3089887640449438
groove_midi/drummer3_session2_25_hiphop_92_beat_4-4/track.npy,groove_midi,1.0,1.0,1.0,1.0,0.8488872833052663,0.8557121719250498,1.0,1.0
groove_midi/drummer3_session2_37_rock_92_beat_4-4/track.npy,groove_midi,1.0,1.0,1.0,1.0,0.9098349525815447,0.894671270686892,1.0,1.0
groove_midi/drummer3_session2_5_rock_100_beat_4-4/track.npy,groove_midi,0.9833333333333333,1.0,0.9833333333333333,1.0,0.8080524141430284,0.8361840141414085,0.9915966386554621,1.0
groove_midi/drummer4_session1_1_rock_87_beat_4-4/track.npy,groove_midi,0.987012987012987,0.8947368421052632,0.987012987012987,0.0,0.8915779307778158,0.41519658887902705,0.9934640522875817,0.0
groove_midi/drummer4_session1_2_jazz_158_beat_4-4/track.npy,groove_midi,0.9915966386554622,0.9666666666666667,0.9915966386554622,0.9666666666666667,0.7053325266248697,0.6891593340264544,0.9957805907172996,0.983050847457627
groove_midi/drummer5_eval_session_1_funk-groove1_138_beat_4-4/track.npy,groove_midi,0.9811320754716981,0.9285714285714286,0.9811320754716981,0.9285714285714286,0.7901777944565974,0.803257127533967,0.9904761904761905,0.962962962962963
groove_midi/drummer5_session1_14_latin-brazilian-songo_112_beat_4-4/track.npy,groove_midi,0.9960835509138382,1.0,0.9960835509138382,1.0,0.9449085183505261,0.9488322172986451,0.9980379332897319,1.0
groove_midi/drummer5_session1_1_latin-brazilian-bossa_127_beat_4-4/track.npy,groove_midi,0.6044444444444445,0.5686274509803921,0.6044444444444445,0.5686274509803921,0.6945587759678276,0.5991993817325254,0.7503888024883358,0.6475548060708263
groove_midi/drummer5_session1_2_latin-brazilian-bossa_127_beat_4-4/track.npy,groove_midi,0.9845679012345679,0.8473520249221184,0.9845679012345679,0.8473520249221184,0.9271195637074179,0.8277362796574791,0.9937984496124032,0.8840125391849529
groove_midi/drummer5_session2_21_latin-brazilian-ijexa_108_beat_4-4/track.npy,groove_midi,0.9833333333333333,0.9333333333333333,0.9833333333333333,0.0,0.9576143025836233,0.46623305936875736,0.9915966386554621,0.0
groove_midi/drummer5_session2_24_latin-brazilian-songo_120_beat_4-4/track.npy,groove_midi,0.9139784946236559,0.8,0.9139784946236559,0.8,0.8714528004021169,0.7990005447633917,0.9258589511754068,0.8260869565217392
groove_midi/drummer6_session1_3_rock_80_beat_6-8/track.npy,groove_midi,1.0,0.0,1.0,0.0,0.8210038182457811,0.4439308910932284,1.0,0.4
groove_midi/drummer6_session1_4_rock_80_beat_6-8/track.npy,groove_midi,1.0,0.0,1.0,0.0,0.8941399592193523,0.44299668048771274,1.0,0.5
groove_midi/drummer6_session1_5_rock_60_beat_6-8/track.npy,groove_midi,0.0,0.0,0.0,0.0,0.4183837492410786,0.3079880700284546,0.4947368421052631,0.26923076923076916
groove_midi/drummer6_session2_1_rock_95_beat_4-4/track.npy,groove_midi,0.9860627177700348,0.9305555555555556,0.9860627177700348,0.9305555555555556,0.8377456346945183,0.7927484689683608,0.993006993006993,0.951048951048951
groove_midi/drummer6_session2_2_rock_95_beat_4-4/track.npy,groove_midi,0.9038901601830663,0.6055045871559633,0.006896551724137931,0.23863636363636365,0.6601614242850931,0.6220529603721163,0.6391437308868501,0.6573426573426572
groove_midi/drummer7_eval_session_1_funk-groove1_138_beat_4-4/track.npy,groove_midi,0.9811320754716981,0.9285714285714286,0.9811320754716981,0.9285714285714286,0.9303579927823316,0.9122522146758295,0.9904761904761905,0.962962962962963
groove_midi/drummer7_session2_112_jazz-fusion_96_beat_4-4/track.npy,groove_midi,1.0,1.0,1.0,1.0,0.9470195241363503,0.934475311324561,1.0,1.0
groove_midi/drummer7_session2_123_hiphop_140_beat_4-4/track.npy,groove_midi,0.9919354838709677,1.0,0.0,0.0,0.7599540332573789,0.7726797173554483,0.6666666666666667,0.6666666666666666
groove_midi/drummer7_session2_79_funk_100_beat_4-4/track.npy,groove_midi,0.96875,0.5,0.96875,0.5,0.9687071814797921,0.5250939596152543,0.9841269841269841,0.5333333333333333
groove_midi/drummer7_session3_38_hiphop_67_beat_4-4/track.npy,groove_midi,0.9841269841269841,0.8666666666666667,0.9841269841269841,0.8666666666666667,0.9170115761106284,0.8507984190234654,0.9919999999999999,0.9333333333333333
groove_midi/drummer7_session3_47_funk_112_beat_4-4/track.npy,groove_midi,0.9941520467836257,0.8604651162790697,0.9941520467836257,0.8604651162790697,0.9397844964109556,0.8386286444423582,0.9970674486803519,0.8941176470588236
groove_midi/drummer8_session1_12_latin_118_beat_4-4/track.npy,groove_midi,0.9625850340136054,0.7222222222222222,0.9625850340136054,0.7222222222222222,0.8831015707228009,0.7497431981096185,0.9810671256454389,0.8115942028985507
groove_midi/drummer8_session1_13_latin_118_beat_4-4/track.npy,groove_midi,0.6778523489932886,0.36923076923076925,0.6778523489932886,0.36923076923076925,0.763335234780722,0.48066363527354106,0.8642857142857143,0.5439999999999999
groove_midi/drummer8_session1_17_afrobeat_90_beat_4-4/track.npy,groove_midi,0.9908675799086758,1.0,0.9908675799086758,1.0,0.964419244247108,0.9705308076837124,0.9954128440366972,1.0
groove_midi/drummer8_session1_20_rock-shuffle_112_beat_4-4/track.npy,groove_midi,0.9964285714285714,1.0,0.9964285714285714,1.0,0.9331331258160285,0.9420611877925579,0.998211091234347,1.0
groove_midi/drummer8_session1_4_hiphop_90_beat_4-4/track.npy,groove_midi,1.0,1.0,1.0,1.0,0.9413171914545678,0.9386419379115137,1.0,1.0
groove_midi/drummer8_session1_8_funk_96_beat_4-4/track.npy,groove_midi,0.9959839357429718,0.9841269841269841,0.9959839357429718,0.9841269841269841,0.9639025964100717,0.9539619627366238,0.9979879275653923,0.9919999999999999
groove_midi/drummer9_session1_18_rock_120_beat_4-4/track.npy,groove_midi,0.9714285714285714,1.0,0.9714285714285714,1.0,0.7217933335494453,0.7551025090235532,0.9855072463768115,1.0
groove_midi/drummer9_session1_20_rock_120_beat_4-4/track.npy,groove_midi,0.9966101694915255,1.0,0.9966101694915255,1.0,0.885862262123645,0.8945140488622798,0.99830220713073,1.0
groove_midi/drummer9_session1_24_rock_90_beat_4-4/track.npy,groove_midi,0.9896907216494846,0.96,0.9896907216494846,0.96,0.911539051464204,0.8960135590544401,0.9948186528497409,0.9795918367346939
guitarset/00_Funk2-119-G_comp_mix/track.npy,guitarset,0.8166666666666667,0.8666666666666667,0.8166666666666667,0.8666666666666667,0.8988504921357984,0.8974074897882656,0.9298245614035088,0.9285714285714286
guitarset/00_Jazz1-130-D_comp_mix/track.npy,guitarset,0.9736842105263158,0.0,0.9736842105263158,0.0,0.9094920766198907,0.16233159638024522,0.9866666666666666,0.13333333333333333
guitarset/00_Rock1-130-A_comp_mix/track.npy,guitarset,0.9736842105263158,1.0,0.9736842105263158,0.0,0.910126538977619,0.5111660659733614,0.9866666666666666,0.42857142857142855
guitarset/00_SS3-98-C_comp_mix/track.npy,guitarset,0.9821428571428571,0.9285714285714286,0.9821428571428571,0.9285714285714286,0.9581509088605397,0.9262540931412532,0.9909909909909909,0.962962962962963
guitarset/01_BN1-129-Eb_comp_mix/track.npy,guitarset,1.0,1.0,1.0,1.0,0.9646559905192397,0.9620368953418755,1.0,1.0
guitarset/01_BN1-147-Gb_comp_mix/track.npy,guitarset,1.0,1.0,1.0,1.0,0.9778272316115141,0.9783307590048412,1.0,1.0
guitarset/01_Funk3-98-A_comp_mix/track.npy,guitarset,0.9821428571428571,0.9285714285714286,0.9821428571428571,0.9285714285714286,0.9631199175711828,0.9153835125795632,0.9909909909909909,0.962962962962963
guitarset/01_SS1-68-E_comp_mix/track.npy,guitarset,0.8888888888888888,0.9090909090909091,0.8888888888888888,0.9090909090909091,0.8524094813837829,0.8169084234306961,0.9655172413793104,0.9523809523809523
guitarset/02_BN1-129-Eb_comp_mix/track.npy,guitarset,1.0,1.0,1.0,1.0,0.9403860717008662,0.9339525132712316,1.0,1.0
guitarset/02_BN3-154-E_comp_mix/track.npy,guitarset,1.0,1.0,1.0,1.0,0.9662893871492514,0.9519156443945107,1.0,1.0
guitarset/02_Funk1-114-Ab_comp_mix/track.npy,guitarset,1.0,1.0,1.0,1.0,0.951584366059419,0.9516878907871708,1.0,1.0
guitarset/02_Funk1-97-C_comp_mix/track.npy,guitarset,1.0,1.0,1.0,1.0,0.954899156694058,0.9433893415173793,1.0,1.0
guitarset/03_Funk3-112-C#_comp_mix/track.npy,guitarset,0.7966101694915254,0.8,0.7966101694915254,0.8,0.8536385465079048,0.8114766163855222,0.9026548672566371,0.8571428571428571
guitarset/03_Rock1-90-C#_comp_mix/track.npy,guitarset,0.3333333333333333,0.3333333333333333,0.3333333333333333,0.0,0.5146724841767304,0.2518488848821885,0.5227272727272727,0.25
guitarset/03_SS2-88-F_comp_mix/track.npy,guitarset,0.9824561403508771,0.9333333333333333,0.9824561403508771,0.9333333333333333,0.9185576523428312,0.9104884812833371,0.9911504424778761,0.9655172413793104
guitarset/04_BN3-119-G_comp_mix/track.npy,guitarset,0.9818181818181818,0.9285714285714286,0.9818181818181818,0.9285714285714286,0.9617309587955023,0.9355021964805829,0.9908256880733944,0.962962962962963
guitarset/04_Funk1-114-Ab_comp_mix/track.npy,guitarset,0.9743589743589743,0.9,0.9743589743589743,0.9,0.9508850092410138,0.8950204541030552,0.9870129870129869,0.9473684210526316
guitarset/04_Jazz1-130-D_comp_mix/track.npy,guitarset,1.0,1.0,1.0,1.0,0.9626730805559826,0.9522013380551226,1.0,1.0
guitarset/04_Rock2-142-D_comp_mix/track.npy,guitarset,1.0,1.0,1.0,1.0,0.9594895393289495,0.9502743365296472,1.0,1.0
guitarset/04_SS3-84-Bb_comp_mix/track.npy,guitarset,0.75,0.75,0.75,0.75,0.7744369141797589,0.6778272472302564,0.9090909090909092,0.7333333333333334
guitarset/05_Funk3-98-A_comp_mix/track.npy,guitarset,0.9821428571428571,0.9285714285714286,0.9821428571428571,0.9285714285714286,0.9389191039729483,0.9003848499403313,0.9909909909909909,0.962962962962963
guitarset/05_Rock3-117-Bb_comp_mix/track.npy,guitarset,0.9818181818181818,0.9285714285714286,0.9818181818181818,0.9285714285714286,0.9318256417666634,0.9182055897068807,0.9908256880733944,0.962962962962963
guitarset/05_Rock3-148-C_comp_mix/track.npy,guitarset,0.9622641509433962,0.8571428571428571,0.9622641509433962,0.0,0.9520751283950207,0.5131193194160164,0.9807692307692307,0.4210526315789474
hainsworth/hainsworth_008/track.npy,hainsworth,0.9900990099009901,0.48,0.9900990099009901,0.44,0.9118782763022123,0.49599242460672005,0.9950248756218906,0.44
hainsworth/hainsworth_013/track.npy,hainsworth,0.4823529411764706,0.18181818181818182,0.4823529411764706,0.13333333333333333,0.5740410414849495,0.08851617625072158,0.736111111111111,0.0
hainsworth/hainsworth_015/track.npy,hainsworth,1.0,1.0,1.0,1.0,0.9631505121789499,0.9462383982137226,1.0,1.0
hainsworth/hainsworth_020/track.npy,hainsworth,1.0,1.0,1.0,1.0,0.9565259124127072,0.9506461282101791,1.0,1.0
hainsworth/hainsworth_022/track.npy,hainsworth,0.5604395604395604,0.6086956521739131,0.2777777777777778,0.0,0.7938068511353424,0.6412824854331542,0.7796610169491525,0.4666666666666666
hainsworth/hainsworth_048/track.npy,hainsworth,1.0,1.0,1.0,1.0,0.9760070753598531,0.9893927378275814,1.0,1.0
hainsworth/hainsworth_066/track.npy,hainsworth,1.0,1.0,1.0,1.0,0.9789962922487775,0.9808891453766811,1.0,1.0
hainsworth/hainsworth_071/track.npy,hainsworth,1.0,0.5490196078431373,1.0,0.3,0.9716553158659964,0.8094858445836874,1.0,0.787878787878788
hainsworth/hainsworth_072/track.npy,hainsworth,1.0,1.0,1.0,1.0,0.9785991132545334,0.9786858462032436,1.0,1.0
hainsworth/hainsworth_077/track.npy,hainsworth,1.0,0.6363636363636364,1.0,0.21428571428571427,0.9170261715007266,0.7417019854292073,1.0,0.7555555555555554
hainsworth/hainsworth_086/track.npy,hainsworth,1.0,1.0,1.0,1.0,0.943235964095363,0.9335500232351479,1.0,1.0
hainsworth/hainsworth_090/track.npy,hainsworth,1.0,1.0,1.0,1.0,0.9738073560921375,0.9665552206118637,1.0,1.0
hainsworth/hainsworth_091/track.npy,hainsworth,1.0,0.4666666666666667,1.0,0.4,0.9474276056783506,0.5497814814067593,1.0,0.4827586206896552
hainsworth/hainsworth_097/track.npy,hainsworth,0.7326732673267327,0.5,0.7326732673267327,0.5,0.8319565305857979,0.6179173620458106,0.913978494623656,0.6666666666666666
hainsworth/hainsworth_102/track.npy,hainsworth,1.0,1.0,1.0,1.0,0.9581883558103327,0.962850014568832,1.0,1.0
hainsworth/hainsworth_125/track.npy,hainsworth,0.3963963963963964,0.4,0.3963963963963964,0.4,0.40603545082323866,0.2549864967289776,0.5232558139534884,0.3333333333333333
hainsworth/hainsworth_126/track.npy,hainsworth,0.308411214953271,0.28,0.308411214953271,0.0,0.44505548346758605,0.22570758357360649,0.5660377358490566,0.27777777777777773
hainsworth/hainsworth_131/track.npy,hainsworth,0.4177215189873418,0.5714285714285714,0.4177215189873418,0.5714285714285714,0.43294699730623143,0.299455160991163,0.5511811023622047,0.4615384615384615
hainsworth/hainsworth_137/track.npy,hainsworth,0.6666666666666666,0.47368421052631576,0.6666666666666666,0.47368421052631576,0.869039586991451,0.6453917408621628,0.9024390243902439,0.6666666666666667
hainsworth/hainsworth_147/track.npy,hainsworth,1.0,1.0,1.0,1.0,0.9530095065774672,0.9368418377805735,1.0,1.0
hainsworth/hainsworth_152/track.npy,hainsworth,0.5588235294117647,0.25,0.0,0.25,0.4902185160986273,0.2619821107379691,0.4489795918367347,0.25
hainsworth/hainsworth_169/track.npy,hainsworth,1.0,1.0,1.0,1.0,0.9846613606002195,0.9935309966916179,1.0,1.0
hainsworth/hainsworth_172/track.npy,hainsworth,1.0,1.0,1.0,1.0,0.9617055885703066,0.9764866914403861,1.0,1.0
hainsworth/hainsworth_173/track.npy,hainsworth,1.0,1.0,1.0,1.0,0.9755913196835204,0.9628401766034669,1.0,1.0
hainsworth/hainsworth_195/track.npy,hainsworth,0.8783783783783784,0.5263157894736842,0.8783783783783784,0.5263157894736842,0.8525123841263356,0.5272713087285247,0.9589041095890412,0.6486486486486486
hainsworth/hainsworth_209/track.npy,hainsworth,0.9310344827586207,0.15,0.0,0.0,0.7435436534334492,0.39780736752704304,0.6532258064516129,0.339622641509434
hainsworth/hainsworth_213/track.npy,hainsworth,1.0,1.0,1.0,1.0,0.9714808547483128,0.9714650971619128,1.0,1.0
hainsworth/hainsworth_226/track.npy,hainsworth,1.0,1.0,1.0,1.0,0.9680561742751542,0.9748853404312424,1.0,1.0
harmonix/0008_america/track.npy,harmonix,0.9950124688279302,1.0,0.9950124688279302,1.0,0.9168934614436679,0.8970285684692619,0.9925187032418953,0.99
harmonix/0010_andjusticeforall/track.npy,harmonix,0.8740786240786241,0.5513513513513514,0.8740786240786241,0.5513513513513514,0.8496584171451455,0.5880745302732907,0.9581218274111675,0.6703448275862068
harmonix/0013_athingaboutyou/track.npy,harmonix,0.9649595687331537,0.5978260869565217,0.9649595687331537,0.5978260869565217,0.9251060640906651,0.6755809971334021,0.9769335142469471,0.7068965517241378
harmonix/0035_boyfriend/track.npy,harmonix,0.9888059701492538,0.05970149253731343,0.9888059701492538,0.05970149253731343,0.9375817804287044,0.07406456523716823,0.9943714821763603,0.07518796992481203
harmonix/0039_bulletproof/track.npy,harmonix,0.9957627118644068,0.9152542372881356,0.9957627118644068,0.9152542372881356,0.9066522337065548,0.8494677586474053,0.9978768577494692,0.9322033898305084
harmonix/0041_calabria/track.npy,harmonix,1.0,1.0,1.0,1.0,0.9799366752919314,0.9788943196562052,1.0,1.0
harmonix/0043_callmemaybe/track.npy,harmonix,0.9655172413793104,0.925531914893617,0.9655172413793104,0.925531914893617,0.9314894655321642,0.8973211412789979,0.983957219251337,0.9411764705882354
harmonix/0061_dabutt/track.npy,harmonix,0.9717223650385605,0.979381443298969,0.9717223650385605,0.979381443298969,0.9544467184852944,0.9590852880733544,0.9856584093872229,0.9895833333333333
harmonix/0067_deep/track.npy,harmonix,0.9626972740315638,0.49137931034482757,0.9626972740315638,0.0,0.9142923358833025,0.550550523760993,0.9812949640287769,0.5763688760806917
harmonix/0068_devilsisland/track.npy,harmonix,0.9177750906892382,0.7177033492822966,0.9177750906892382,0.7177033492822966,0.9192546930762368,0.7978046737258776,0.9754601226993865,0.845771144278607
harmonix/0072_discoinferno/track.npy,harmonix,0.4594594594594595,0.7076923076923077,0.4594594594594595,0.7076923076923077,0.3242084160340974,0.29134150576780915,0.42342342342342343,0.3833333333333333
harmonix/0079_dontyouwantme/track.npy,harmonix,0.9977973568281938,0.9557522123893806,0.9977973568281938,0.9557522123893806,0.9517424756608426,0.9341342044893007,0.9977973568281938,0.9646017699115044
harmonix/0092_fergalicious/track.npy,harmonix,0.985553772070626,0.9294871794871795,0.985553772070626,0.9294871794871795,0.9767222288560451,0.9247589094930647,0.9951612903225807,0.9419354838709677
harmonix/0093_fireburning/track.npy,harmonix,0.9964539007092199,0.8888888888888888,0.9964539007092199,0.8888888888888888,0.9402391894845453,0.8540386658549441,0.9982238010657194,0.9090909090909091
harmonix/0096_fivemagics/track.npy,harmonix,0.7025906735751295,0.5219512195121951,0.7025906735751295,0.5219512195121951,0.7947439476833356,0.6303444389743295,0.8591938155715074,0.6684073107049607
harmonix/0098_floods/track.npy,harmonix,0.5308254963427377,0.3435897435897436,0.5308254963427377,0.3435897435897436,0.7315403880749031,0.3719129725530988,0.7739283617146212,0.386058981233244
harmonix/0100_futureperfecttense/track.npy,harmonix,0.505338078291815,0.22388059701492538,0.1702127659574468,0.22388059701492538,0.6801929593700228,0.3117191288452156,0.7036797934151064,0.336283185840708
harmonix/0113_giveituptome/track.npy,harmonix,1.0,0.559322033898305,1.0,0.4067796610169492,0.9483046998618987,0.513871752622207,1.0,0.423728813559322
harmonix/0114_givemeeverything/track.npy,harmonix,1.0,1.0,1.0,1.0,0.9386002660034133,0.9388516526937352,1.0,1.0
harmonix/0128_homecoming/track.npy,harmonix,0.6897069872276483,0.6745762711864407,0.6897069872276483,0.6745762711864407,0.8241106395382325,0.740814698057301,0.8624229979466118,0.7762237762237763
harmonix/0137_iknowyouwantme/track.npy,harmonix,0.9926470588235294,0.9705882352941176,0.9926470588235294,0.9705882352941176,0.9784454719644866,0.96904159189964,0.996309963099631,0.9852941176470589
harmonix/0139_imcomingout/track.npy,harmonix,0.9965811965811966,0.6891891891891891,0.9965811965811966,0.6891891891891891,0.9748410123300685,0.7051414685192812,0.9982876712328768,0.7210884353741497
harmonix/0197_nothinonyou/track.npy,harmonix,0.9929824561403509,0.9014084507042254,0.9929824561403509,0.9014084507042254,0.938515971005372,0.8683436554313712,0.9964788732394366,0.921985815602837
harmonix/0234_roundandround/track.npy,harmonix,0.9793510324483776,0.8470588235294118,0.9793510324483776,0.8470588235294118,0.9657348162565595,0.8378464002955324,0.9940652818991098,0.863905325443787
harmonix/0238_sambadejaneiro/track.npy,harmonix,0.7925,0.8791208791208791,0.7925,0.8791208791208791,0.8655751685041453,0.7854890107125904,0.9375830013280213,0.8379888268156425
harmonix/0246_scenario/track.npy,harmonix,0.9952038369304557,0.9230769230769231,0.9952038369304557,0.9230769230769231,0.9682225877351502,0.9150852088466624,0.9975961538461539,0.9468599033816425
harmonix/0251_sexychick/track.npy,harmonix,1.0,1.0,1.0,1.0,0.9599152257937027,0.9607818516035512,1.0,1.0
harmonix/0255_sleepwalker/track.npy,harmonix,0.7873786407766991,0.7309236947791165,0.7873786407766991,0.7309236947791165,0.8267032589768959,0.7426457385335621,0.8926663428848955,0.8099173553719008
harmonix/0279_thebreaks/track.npy,harmonix,0.9988412514484357,1.0,0.9988412514484357,1.0,0.9293136972498208,0.933410648970083,0.9994202898550725,1.0
harmonix/0292_timeslikethese/track.npy,harmonix,0.9029850746268657,0.4222222222222222,0.9029850746268657,0.4222222222222222,0.9208383243880488,0.6251071575271681,0.9490196078431373,0.646551724137931
harmonix/0295_toxic/track.npy,harmonix,0.9914163090128756,0.8983050847457628,0.9914163090128756,0.8983050847457628,0.9698723374060436,0.904625447360466,0.9956896551724138,0.9356223175965666
harmonix/0298_turnmeon/track.npy,harmonix,0.9959677419354839,0.7903225806451613,0.9959677419354839,0.1774193548387097,0.9624674513673762,0.47921685540546943,0.997979797979798,0.17886178861788615
harmonix/0308_whatislove/track.npy,harmonix,1.0,1.0,1.0,1.0,0.9551479811442581,0.9567603174143632,1.0,1.0
harmonix/0337_alwayssomethingthere/track.npy,harmonix,0.7221324717285945,0.6541353383458647,0.7221324717285945,0.6541353383458647,0.7980724097381624,0.5841105235133173,0.9033391915641475,0.6463878326996199
harmonix/0345_beinlovetonight/track.npy,harmonix,0.9947916666666666,1.0,0.9947916666666666,1.0,0.9838125107028013,0.9855258672266345,0.9973890339425587,1.0
harmonix/0349_blow/track.npy,harmonix,0.9952038369304557,0.9326923076923077,0.9952038369304557,0.9326923076923077,0.9736164848286676,0.920925195147614,0.9975961538461539,0.9423076923076923
harmonix/0350_blowme/track.npy,harmonix,0.9906103286384976,1.0,0.9906103286384976,1.0,0.9773695553097274,0.981342453348997,0.9952941176470589,1.0
harmonix/0351_blowup/track.npy,harmonix,0.9957446808510638,0.9830508474576272,0.9957446808510638,0.9830508474576272,0.8452828262873417,0.8283604476988234,0.9978678038379531,0.9830508474576272
harmonix/0353_bottomsup/track.npy,harmonix,0.9862068965517241,0.875,0.0,0.0,0.786464796478654,0.7293654923998167,0.6635730858468677,0.6255924170616114
harmonix/0363_darkside/track.npy,harmonix,0.9809976247030879,0.9523809523809523,0.9809976247030879,0.9523809523809523,0.9590378376048184,0.9360964034724035,0.9774078478002378,0.9523809523809523
harmonix/0372_drinkinmyhand/track.npy,harmonix,1.0,1.0,1.0,1.0,0.9173981001952112,0.9091021928501997,1.0,1.0
harmonix/0377_eatdirt/track.npy,harmonix,0.9722863741339491,0.9444444444444444,0.9722863741339491,0.9444444444444444,0.9480708764162403,0.9272669139444675,0.9930232558139535,0.9674418604651163
harmonix/0382_fatherofmine/track.npy,harmonix,1.0,1.0,1.0,1.0,0.9579793409319018,0.9531391232254285,1.0,1.0
harmonix/0385_fiveoclock/track.npy,harmonix,0.9895470383275261,1.0,0.9895470383275261,1.0,0.9305693000090527,0.9259174487495204,0.9947460595446586,1.0
harmonix/0393_giveyourheartabreak/track.npy,harmonix,1.0,1.0,1.0,1.0,0.9586912901922263,0.957422283596241,1.0,1.0
harmonix/0395_gold/track.npy,harmonix,0.9963768115942029,0.9855072463768116,0.9963768115942029,0.9855072463768116,0.980644971809646,0.9694841775687243,0.9981851179673321,0.9927007299270074
harmonix/0401_hello/track.npy,harmonix,0.9235181644359465,0.6870229007633588,0.9235181644359465,0.6870229007633588,0.9270602536554806,0.7801076619079562,0.9766990291262136,0.824
harmonix/0403_heybaby/track.npy,harmonix,0.9929411764705882,1.0,0.9929411764705882,1.0,0.9705615707072432,0.9770322296894783,0.9964580873671782,1.0
harmonix/0428_kingofanything/track.npy,harmonix,0.8588807785888077,0.7789473684210526,0.8588807785888077,0.7789473684210526,0.5525777134631942,0.48555294686442607,0.9558638083228247,0.8449197860962567
harmonix/0431_letitrain/track.npy,harmonix,0.9858657243816255,0.9859154929577465,0.9858657243816255,0.9859154929577465,0.9562406401625407,0.9546775358696288,0.9928825622775801,0.9929078014184397
harmonix/0439_lovethewayyoulie/track.npy,harmonix,0.972972972972973,1.0,0.972972972972973,1.0,0.5203039675024621,0.46682733439623114,0.9201623815967523,0.9239130434782609
harmonix/0445_memories/track.npy,harmonix,0.9954441913439636,0.990909090909091,0.9954441913439636,0.990909090909091,0.7417046510095134,0.757746115418366,0.997716894977169,0.995433789954338
harmonix/0447_mindyourmanners/track.npy,harmonix,0.9931506849315068,1.0,0.9931506849315068,1.0,0.9573882219739875,0.9527845275636417,0.9965635738831615,1.0
harmonix/0455_nevertearusapart/track.npy,harmonix,0.8218181818181818,0.6413043478260869,0.8218181818181818,0.6413043478260869,0.8152722550607625,0.6285107831124392,0.9118198874296436,0.718232044198895
harmonix/0467_onthefloor/track.npy,harmonix,1.0,1.0,1.0,1.0,0.9386958753253253,0.9415474738429653,1.0,1.0
harmonix/0479_pricetag/track.npy,harmonix,0.9962406015037594,0.8955223880597015,0.9962406015037594,0.8955223880597015,0.9239105102950195,0.8225819940267479,0.9962406015037594,0.9172932330827067
harmonix/0481_reallove/track.npy,harmonix,0.9613733905579399,0.75,0.9613733905579399,0.75,0.9200578692934546,0.7209742342892514,0.9803063457330417,0.7692307692307692
harmonix/0491_skyscraper/track.npy,harmonix,0.9945652173913043,0.967032967032967,0.9945652173913043,0.967032967032967,0.9664440711734094,0.952289191088706,0.9972752043596731,0.9834254143646408
harmonix/0493_somebodysheartbreak/track.npy,harmonix,0.7859531772575251,0.7866666666666666,0.7859531772575251,0.7866666666666666,0.9117429648257018,0.9136874639731942,0.9434628975265017,0.9436619718309859
harmonix/0500_stay/track.npy,harmonix,0.991304347826087,0.9827586206896551,0.991304347826087,0.9827586206896551,0.9356397992226082,0.9292303914856503,0.9956331877729258,0.9913043478260869
harmonix/0513_thetime/track.npy,harmonix,0.9847328244274809,0.8625954198473282,0.9847328244274809,0.8625954198473282,0.9693310471721844,0.8478544056096452,0.9923224568138195,0.8735632183908046
harmonix/0515_thisafternoon/track.npy,harmonix,0.43797856049004597,0.5714285714285714,0.3865546218487395,0.5714285714285714,0.8018407878597893,0.6626386897028446,0.8144458281444583,0.6783625730994152
harmonix/0516_thisorthat/track.npy,harmonix,0.9969230769230769,1.0,0.9969230769230769,1.0,0.9698244826542819,0.9743420462917545,0.9984591679506933,1.0
harmonix/0541_youdroppedabombonme/track.npy,harmonix,0.9701195219123506,0.8174603174603174,0.9701195219123506,0.8174603174603174,0.8821812625849462,0.7722681362463102,0.9848331648129424,0.8548387096774194
harmonix/0545_youkeepmehangingon/track.npy,harmonix,1.0,1.0,1.0,1.0,0.9424359128361344,0.94065218853107,1.0,1.0
harmonix/0546_18days/track.npy,harmonix,0.5244299674267101,0.5194805194805194,0.5244299674267101,0.5194805194805194,0.7526309435743744,0.7613716403602682,0.862962962962963,0.8676470588235293
harmonix/0575_badromanceskrillexremix/track.npy,harmonix,0.9943714821763602,0.9323308270676691,0.9943714821763602,0.9323308270676691,0.9766582998072642,0.9194779442146201,0.9971777986829726,0.9398496240601504
harmonix/0581_beautifulcarlyrae/track.npy,harmonix,0.9969604863221885,0.7682926829268293,0.9969604863221885,0.7682926829268293,0.9204010284431623,0.7576493094535087,0.9984779299847794,0.8148148148148149
harmonix/0586_bed/track.npy,harmonix,0.9789915966386554,0.5757575757575758,0.0,0.1282051282051282,0.7800701483105719,0.6796388497195471,0.662873399715505,0.6775956284153006
harmonix/0589_bestieverhad/track.npy,harmonix,0.9649122807017544,0.9529411764705882,0.9649122807017544,0.9529411764705882,0.8991701520407896,0.9050462497090491,0.9821428571428572,0.9761904761904762
harmonix/0597_boomboomguetta/track.npy,harmonix,0.996,1.0,0.996,1.0,0.9540574758050036,0.9512208514882851,0.9979959919839679,1.0
harmonix/0602_breaktheice/track.npy,harmonix,0.6923076923076923,0.6086956521739131,0.6923076923076923,0.6086956521739131,0.7018045161559123,0.6187341076136402,0.7412398921832883,0.6557377049180327
harmonix/0607_cantholdus/track.npy,harmonix,0.996742671009772,0.8169934640522876,0.996742671009772,0.8169934640522876,0.9445454920252354,0.7864967968190166,0.99836867862969,0.8300653594771242
harmonix/0639_dieinyourarms/track.npy,harmonix,0.9939577039274925,0.9518072289156626,0.9939577039274925,0.9518072289156626,0.9764207432562607,0.9464007526383287,0.996969696969697,0.963855421686747
harmonix/0647_dontthinkidontthinkaboutit/track.npy,harmonix,0.9759615384615384,0.9607843137254902,0.9759615384615384,0.9607843137254902,0.9730878907360642,0.9651495446683694,0.9878934624697335,0.9803921568627451
harmonix/0653_dynamite/track.npy,harmonix,0.9944674965421854,0.994475138121547,0.9944674965421854,0.994475138121547,0.9792446375123647,0.982393875059439,0.9972260748959778,0.9972299168975068
harmonix/0654_dynamitemixinmarc/track.npy,harmonix,0.9973958333333334,1.0,0.9973958333333334,1.0,0.9609768974914701,0.9618532205861658,0.998696219035202,1.0
harmonix/0655_earthquakey/track.npy,harmonix,0.9527272727272728,0.8759124087591241,0.9527272727272728,0.8759124087591241,0.9228940596311905,0.8079670059669454,0.9517743403093721,0.8321167883211679
harmonix/0658_evacuatethedancefloor/track.npy,harmonix,0.9976359338061466,0.9150943396226415,0.9976359338061466,0.9150943396226415,0.9813454673782287,0.9075016521832349,0.9988165680473373,0.9245283018867925
harmonix/0665_fall/track.npy,harmonix,1.0,1.0,1.0,1.0,0.9111781730466441,0.9294268980215054,1.0,1.0
harmonix/0709_hangingon/track.npy,harmonix,0.8477366255144033,0.8392857142857143,0.8477366255144033,0.8392857142857143,0.6885375543187408,0.623823907202038,0.9484978540772532,0.8648648648648648
harmonix/0716_heroheroine/track.npy,harmonix,0.7585585585585586,0.7482014388489209,0.12810707456978968,0.11450381679389313,0.7817221346776981,0.7559247672570929,0.6941323345817728,0.6666666666666666
harmonix/0723_hotelroomservice/track.npy,harmonix,0.9870967741935484,0.8205128205128205,0.9870967741935484,0.8205128205128205,0.952985335708687,0.8098861857856363,0.9935064935064934,0.8448275862068965
harmonix/0736_igotafeeling/track.npy,harmonix,0.9980119284294234,0.9603174603174603,0.9980119284294234,0.9603174603174603,0.9500077070963348,0.9242385862084459,0.999004975124378,0.9682539682539683
harmonix/0738_ihearnoises/track.npy,harmonix,0.9977678571428571,1.0,0.9977678571428571,1.0,0.9687810471491021,0.9716056084781848,0.9988826815642458,1.0
harmonix/0743_iminloveiwannadoit/track.npy,harmonix,0.9777553083923155,0.9068825910931174,0.9777553083923155,0.9068825910931174,0.9382239392931191,0.8705746941715253,0.9877924720244151,0.9190283400809717
harmonix/0747_imreal/track.npy,harmonix,0.991304347826087,0.8837209302325582,0.991304347826087,0.8837209302325582,0.9692425650996146,0.8848283295647635,0.9956331877729258,0.9005847953216374
harmonix/0748_imyours/track.npy,harmonix,0.5085910652920962,0.4589041095890411,0.5085910652920962,0.4589041095890411,0.8018236161487617,0.7126347247071878,0.8426103646833014,0.7480916030534351
harmonix/0775_knockyoudownbimbojones/track.npy,harmonix,0.9947275922671354,1.0,0.9947275922671354,1.0,0.6989707446994377,0.7141361368903036,0.9973568281938325,1.0
harmonix/0782_lifeafteryou/track.npy,harmonix,0.983402489626556,0.6326530612244898,0.983402489626556,0.6326530612244898,0.8159893474577314,0.7314998551172811,0.9916317991631798,0.824858757062147
harmonix/0805_lovetheysay/track.npy,harmonix,0.9784615384615385,0.9,0.9784615384615385,0.9,0.9360969749850337,0.8781135552172294,0.9891135303265941,0.9375
harmonix/0813_missindependent/track.npy,harmonix,0.8328530259365994,0.6296296296296297,0.0,0.012738853503184714,0.7583274738333359,0.6397854658637154,0.6413155190133607,0.6638655462184875
harmonix/0818_mrsaxobeatext/track.npy,harmonix,0.9756554307116105,0.924812030075188,0.9756554307116105,0.924812030075188,0.9703043493131385,0.9214266991689294,0.9876777251184834,0.935361216730038
harmonix/0840_obsessed/track.npy,harmonix,0.9649122807017544,0.9651162790697675,0.9649122807017544,0.9651162790697675,0.9665892346887427,0.9689597346661009,0.9821428571428572,0.9822485207100593
harmonix/0856_paperbackhead/track.npy,harmonix,0.9866220735785953,0.9864864864864865,0.9866220735785953,0.9864864864864865,0.9549023517917952,0.9505804443220206,0.9932659932659933,0.9931972789115647
harmonix/0859_picturesofyou/track.npy,harmonix,0.990228013029316,0.9736842105263158,0.990228013029316,0.9736842105263158,0.9751796938256816,0.9673910379784155,0.9950900163666121,0.9868421052631579
harmonix/0864_pleasedontleavememain/track.npy,harmonix,0.9784313725490196,0.937007874015748,0.9784313725490196,0.937007874015748,0.9511508534166797,0.9210508118285463,0.9890981169474726,0.9523809523809523
harmonix/0873_readyornot/track.npy,harmonix,1.0,1.0,1.0,1.0,0.9824077990857163,0.9802889547937109,1.0,1.0
harmonix/0877_releasemenow/track.npy,harmonix,0.9937106918238994,0.9411764705882353,0.9937106918238994,0.9411764705882353,0.7890725644184073,0.8721714030936945,0.9926393270241851,0.9620253164556962
harmonix/0886_rudeboy/track.npy,harmonix,0.990506329113924,1.0,0.990506329113924,1.0,0.9492367962527072,0.9566563954736781,0.9952305246422893,1.0
harmonix/0888_russianroulettejump/track.npy,harmonix,0.9910714285714286,0.8823529411764706,0.9910714285714286,0.8823529411764706,0.9048422071675846,0.8299964112713428,0.9955156950672646,0.9166666666666667
harmonix/0897_sentimentaltune/track.npy,harmonix,0.9962476547842402,0.9699248120300752,0.9962476547842402,0.9699248120300752,0.9776392442445792,0.9623892418930989,0.9981203007518797,0.981132075471698
harmonix/0899_sexycani/track.npy,harmonix,0.9895470383275261,0.9166666666666666,0.9895470383275261,0.9166666666666666,0.9778602170181097,0.9151903692641217,0.9947460595446586,0.9370629370629372
harmonix/0902_shakeitradiomix/track.npy,harmonix,0.9705215419501134,0.7818181818181819,0.9705215419501134,0.7818181818181819,0.9319960070169578,0.7655077018978326,0.9850402761795167,0.8294930875576038
harmonix/0909_sofineed/track.npy,harmonix,0.7511792452830188,0.6269430051813472,0.7511792452830188,0.6269430051813472,0.8563510235812479,0.6246523257205564,0.8991282689912826,0.6527415143603134
harmonix/0918_starstrukk/track.npy,harmonix,1.0,1.0,1.0,1.0,0.9757973630261892,0.9767338622524679,1.0,1.0
harmonix/0925_sweetdisposition/track.npy,harmonix,0.6986062717770035,0.7377049180327869,0.6986062717770035,0.7377049180327869,0.8515210637996412,0.7252631069198213,0.9142318567389256,0.7647058823529412
harmonix/0933_teardropsonmyguitar/track.npy,harmonix,1.0,1.0,1.0,1.0,0.9434557282211065,0.9315649169087078,1.0,1.0
harmonix/0943_thetheayer/track.npy,harmonix,0.9982332155477032,0.9929577464788732,0.9982332155477032,0.9929577464788732,0.97809438904574,0.9774029649727489,0.9991158267020336,0.9964664310954063
harmonix/0970_whataboutnow/track.npy,harmonix,0.9937888198757764,0.9753086419753086,0.9937888198757764,0.9753086419753086,0.974719968014667,0.9634420330125429,0.9984447900466563,0.9813664596273292
harmonix/0974_whateveryoulike/track.npy,harmonix,0.9925373134328358,0.9552238805970149,0.9925373134328358,0.9552238805970149,0.9681195269498238,0.9428158620213608,0.9962546816479401,0.9701492537313433
harmonix/0979_whenlovetakesover/track.npy,harmonix,0.9472361809045227,0.88,0.9472361809045227,0.88,0.9438133650198943,0.8665271504763321,0.9746192893401016,0.8989898989898989
harmonix/0982_whoknewdos/track.npy,harmonix,0.9702127659574468,0.6637931034482759,0.9702127659574468,0.6637931034482759,0.9409134216559615,0.7496544280898142,0.9903329752953813,0.7909090909090908
harmonix/0994_youbelongwithme/track.npy,harmonix,0.9894291754756871,0.9915254237288136,0.9894291754756871,0.9915254237288136,0.8119267341951432,0.8101503487020567,0.9925611052072264,0.9872340425531915
hjdb/hjdb_A21/track.npy,hjdb,1.0,1.0,1.0,1.0,0.9808626615905152,0.9845656955709035,1.0,1.0
hjdb/hjdb_A_New_Dawn/track.npy,hjdb,0.9877300613496932,0.8780487804878049,0.9877300613496932,0.8780487804878049,0.9776200319485228,0.8793823772906193,0.9969230769230769,0.888888888888889
hjdb/hjdb_Breaking_Free/track.npy,hjdb,1.0,1.0,1.0,1.0,0.9818464166281431,0.9795808043845202,1.0,1.0
hjdb/hjdb_Breaking_Free_2/track.npy,hjdb,1.0,1.0,1.0,1.0,0.9794863809215485,0.9790877652799937,1.0,1.0
hjdb/hjdb_Cant_Stop_Thinking_About/track.npy,hjdb,1.0,1.0,1.0,1.0,0.9816966278504545,0.9851070735175282,1.0,1.0
hjdb/hjdb_Chasin_A_Dream/track.npy,hjdb,0.9914529914529915,0.8666666666666667,0.9914529914529915,0.8666666666666667,0.9703553235333807,0.860293226448378,0.9957081545064378,0.8813559322033899
hjdb/hjdb_Demons_Theme/track.npy,hjdb,0.9932432432432432,0.972972972972973,0.9932432432432432,0.972972972972973,0.9527412395468243,0.9407823520530826,0.9966101694915254,0.9863013698630138
hjdb/hjdb_Divine_Rhythm/track.npy,hjdb,1.0,1.0,1.0,1.0,0.9841660429885793,0.9833902677954084,1.0,1.0
hjdb/hjdb_Drummer_Of_Doom/track.npy,hjdb,0.9833333333333333,0.4666666666666667,0.9833333333333333,0.4666666666666667,0.9730204696541688,0.46004625026055707,0.9915966386554621,0.4666666666666667
hjdb/hjdb_Freeaneazy/track.npy,hjdb,0.975609756097561,0.7,0.975609756097561,0.7,0.9705130507852834,0.733295784840214,0.9876543209876543,0.75
hjdb/hjdb_Going_Out_For_Da_Loot/track.npy,hjdb,0.4888888888888889,0.5,0.4888888888888889,0.5,0.8412913216603098,0.8525559426058943,0.8559322033898306,0.8666666666666666
hjdb/hjdb_Here_Comes_The_Drumz_(Drumz_VIP_Mix)/track.npy,hjdb,1.0,1.0,1.0,1.0,0.9607546452413526,0.9700054284153173,1.0,1.0
hjdb/hjdb_Ill_Take_You_(Original_Mix)/track.npy,hjdb,0.06363636363636363,0.3103448275862069,0.06363636363636363,0.3103448275862069,0.5017996822352379,0.23860946098672703,0.6646706586826346,0.24561403508771928
hjdb/hjdb_Im_Gonna_Get_You/track.npy,hjdb,1.0,1.0,1.0,1.0,0.9822463986472217,0.9868062431353427,1.0,1.0
hjdb/hjdb_Keep_The_Fires_Burning/track.npy,hjdb,1.0,1.0,1.0,1.0,0.9868136009946965,0.9891565811477635,1.0,1.0
hjdb/hjdb_Lords_Of_The_Null_Lines_(Foul_Play_Remix)/track.npy,hjdb,1.0,1.0,1.0,1.0,0.9782378232880758,0.978452448420933,1.0,1.0
hjdb/hjdb_Manic_Stampede/track.npy,hjdb,1.0,1.0,1.0,1.0,0.968344383777101,0.9689284622184305,1.0,1.0
hjdb/hjdb_Open_Your_Mind/track.npy,hjdb,0.6666666666666666,0.1,0.0963855421686747,0.0,0.712125283928412,0.2708887627748045,0.6412213740458014,0.0
hjdb/hjdb_Original_Badboy/track.npy,hjdb,1.0,1.0,1.0,1.0,0.9785972586859704,0.9849663695944242,1.0,1.0
hjdb/hjdb_Promised_Land/track.npy,hjdb,0.9545454545454546,0.9210526315789473,0.9545454545454546,0.9210526315789473,0.9628180492812145,0.9423053926426841,0.9868421052631579,0.9599999999999999
hjdb/hjdb_Showtime/track.npy,hjdb,0.9795918367346939,1.0,0.9795918367346939,1.0,0.9643368315722993,0.9895209639830095,0.9896907216494846,1.0
hjdb/hjdb_Star_Eyes/track.npy,hjdb,1.0,1.0,1.0,1.0,0.9637680922922484,0.9733454564764759,1.0,1.0
hjdb/hjdb_Terrorist_(Grooverider_Remix)/track.npy,hjdb,1.0,1.0,1.0,1.0,0.9778428351233743,0.976698767901388,1.0,1.0
hjdb/hjdb_Terrorist_(PA_Mix)/track.npy,hjdb,1.0,1.0,1.0,1.0,0.982088467015078,0.9844527247196788,1.0,1.0
hjdb/hjdb_Terrorist_(original)/track.npy,hjdb,1.0,1.0,1.0,1.0,0.9507376635182853,0.9390255692243831,1.0,1.0
hjdb/hjdb_Volume_1/track.npy,hjdb,0.9910714285714286,0.9642857142857143,0.9910714285714286,0.9642857142857143,0.9730530404123344,0.9527154670717731,0.9955156950672646,0.9818181818181818
hjdb/hjdb_Wots_My_Code_(Ray_Keith_Final_Plate)/track.npy,hjdb,1.0,1.0,1.0,1.0,0.9668095192861905,0.958055867936391,1.0,1.0
hjdb/hjdb_Yaaah/track.npy,hjdb,0.9967213114754099,0.987012987012987,0.9967213114754099,0.987012987012987,0.9781954020426027,0.9727534869674821,0.9983579638752053,0.9934640522875817
hjdb/hjdb_You_Dont_Know/track.npy,hjdb,1.0,1.0,1.0,1.0,0.9808384381333598,0.9820717319313857,1.0,1.0
jaah/jaah_004-dexter_gordon_quartet-bikini/track.npy,jaah,0.9500657030223391,0.7021276595744681,0.9500657030223391,0.7021276595744681,0.9236696496702285,0.7654200871740074,0.9861202908129544,0.8194842406876791
jaah/jaah_012-stan_getz_jj_johnson-blues_in_the_closet/track.npy,jaah,0.9880611270296084,0.9137931034482759,0.9880611270296084,0.9137931034482759,0.9192909633459205,0.8491323884832096,0.9940119760479043,0.9242569511025888
jaah/jaah_024-duke_ellington_his_orchestra-diminuendo_in_blue_and_crescendo_in_blue/track.npy,jaah,0.9894179894179894,0.7843137254901961,0.9894179894179894,0.7843137254901961,0.9696931761039647,0.8786057851088339,0.9946902654867258,0.903225806451613
jaah/jaah_032-charlie_parker_quintet-embraceable_you/track.npy,jaah,0.7298245614035088,0.7142857142857143,0.7298245614035088,0.7142857142857143,0.7749938049897854,0.6136110107537035,0.8914728682170542,0.6942148760330579
jaah/jaah_048-louis_armstrong_and_his_hot_five-hotter_than_that/track.npy,jaah,0.9058641975308642,0.803680981595092,0.9058641975308642,0.803680981595092,0.914805324793744,0.8118942508212561,0.9560439560439561,0.84375
jaah/jaah_065-new_orleans_feetwarmers-maple_leaf_rag/track.npy,jaah,0.8103448275862069,0.7210526315789474,0.8103448275862069,0.7210526315789474,0.900528051507092,0.701784631107814,0.9480968858131489,0.7354497354497356
jaah/jaah_066-anthony_braxton_muhal_richard_abrams-maple_leaf_rag/track.npy,jaah,0.46748466257668714,0.25980392156862747,0.0938722294654498,0.25980392156862747,0.5040006534136074,0.3160542513723078,0.5957446808510638,0.4385964912280702
jaah/jaah_067-dick_hyman-maple_leaf_rag/track.npy,jaah,0.42493638676844786,0.34532374100719426,0.42493638676844786,0.34532374100719426,0.6230216391637947,0.4511023068149574,0.8214285714285715,0.5932203389830508
jaah/jaah_070-thelonious_monk_quartet-misterioso/track.npy,jaah,0.757679180887372,0.109375,0.757679180887372,0.109375,0.7480093297787982,0.17045655430492107,0.8994515539305301,0.192
jaah/jaah_073-john_coltrane_quartet-my_favorite_things_part_1_single_version/track.npy,jaah,0.9792147806004619,0.593103448275862,0.9792147806004619,0.593103448275862,0.929730427464545,0.7918316055019495,0.9895712630359211,0.8582375478927203
jaah/jaah_074-duke_ellington_his_orchestra-the_new_east_st_louis_toodleoo/track.npy,jaah,0.965034965034965,0.9583333333333334,0.965034965034965,0.9583333333333334,0.9375518849393566,0.9483820532498863,0.9823321554770317,0.9859154929577464
jaah/jaah_079-jimmie_lunceford_and_his_orchestra-organ_grinders_swing/track.npy,jaah,0.98,0.8648648648648649,0.98,0.8648648648648649,0.8832660001288372,0.797327714049498,0.9848739495798319,0.870748299319728
jaah/jaah_092-lennie_tristano-subconscious_lee/track.npy,jaah,0.9788519637462235,0.8848484848484849,0.9788519637462235,0.8848484848484849,0.9657774771010589,0.9344521646272524,0.9916855631141346,0.9595015576323987
jaah/jaah_106-wes_montgomery-west_coast_blues_abridged/track.npy,jaah,0.991389913899139,0.34572490706319703,0.991389913899139,0.34572490706319703,0.966233189327891,0.6584463391220349,0.9956763434218654,0.6796536796536796
rwc/rwc_classical_CD1_05/track.npy,rwc_classical,0.12184673964778676,0.2737430167597765,0.12184673964778676,0.2737430167597765,0.4540413320371743,0.3438952194744843,0.5666555295689943,0.4165232358003442
rwc/rwc_classical_CD2_03/track.npy,rwc_classical,0.30907960199004975,0.1610738255033557,0.30907960199004975,0.06688963210702341,0.3733859585361119,0.17231276043384922,0.49361702127659585,0.22535211267605637
rwc/rwc_classical_CD3_06/track.npy,rwc_classical,0.40535372848948376,0.1858974358974359,0.40535372848948376,0.1736842105263158,0.6551718913585447,0.45606977275405114,0.7606217616580311,0.5202312138728323
rwc/rwc_classical_CD4_09/track.npy,rwc_classical,0.9151515151515152,0.37735849056603776,0.9151515151515152,0.37735849056603776,0.8127698463371961,0.5024608988744022,0.9444444444444444,0.556701030927835
rwc/rwc_classical_CD4_12/track.npy,rwc_classical,0.5903614457831325,0.11764705882352941,0.078125,0.0625,0.6812929769214118,0.24352985259317977,0.6540284360189573,0.24489795918367344
rwc/rwc_classical_CD5_02/track.npy,rwc_classical,0.7534766118836915,0.49404761904761907,0.7534766118836915,0.025157232704402517,0.8264874222216704,0.5058113874070359,0.9077238550922762,0.5020576131687243
rwc/rwc_classical_CD6_05/track.npy,rwc_classical,0.8253424657534246,0.42857142857142855,0.8253424657534246,0.42857142857142855,0.6955038474903981,0.497156483584744,0.8546409807355517,0.6164383561643835
rwc/rwc_classical_CD6_12/track.npy,rwc_classical,0.2903225806451613,0.4117647058823529,0.2903225806451613,0.4117647058823529,0.507105605126639,0.3212334166933099,0.6127659574468085,0.38787878787878793
rwc/rwc_jazz_CD1_02/track.npy,rwc_jazz,0.7698863636363636,0.3032258064516129,0.7698863636363636,0.29411764705882354,0.7751010918747728,0.6043559231601151,0.8678678678678678,0.6666666666666667
rwc/rwc_jazz_CD1_10/track.npy,rwc_jazz,0.7462311557788944,0.5537190082644629,0.7462311557788944,0.5537190082644629,0.7154264416282465,0.5850188021809222,0.8256880733944955,0.658008658008658
rwc/rwc_jazz_CD2_02/track.npy,rwc_jazz,0.9205128205128205,0.4727272727272727,0.9205128205128205,0.4727272727272727,0.7489310434448885,0.5577560904345337,0.8987012987012988,0.6568627450980393
rwc/rwc_jazz_CD3_08/track.npy,rwc_jazz,0.9029126213592233,0.8819444444444444,0.9029126213592233,0.8819444444444444,0.8784211959733862,0.8459580936216884,0.9648241206030151,0.9507042253521126
rwc/rwc_jazz_CD4_13/track.npy,rwc_jazz,0.9931972789115646,0.9459459459459459,0.9931972789115646,0.9459459459459459,0.8455256884944435,0.8125892132212635,0.9897843359818388,0.9411764705882352
rwc/rwc_jazz_CD4_15/track.npy,rwc_jazz,0.8713355048859935,0.869281045751634,0.8713355048859935,0.869281045751634,0.8714047630982223,0.8762034345248104,0.9647058823529412,0.9562289562289562
rwc/rwc_popular_CD1_02/track.npy,rwc_popular,0.9971751412429378,1.0,0.9971751412429378,1.0,0.9880352608033123,0.9886451537727624,0.9985855728429986,1.0
rwc/rwc_popular_CD1_04/track.npy,rwc_popular,0.9909638554216867,1.0,0.9909638554216867,1.0,0.9713649922588885,0.9707017578823629,0.9954614220877459,1.0
rwc/rwc_popular_CD1_09/track.npy,rwc_popular,0.8264705882352941,0.8023255813953488,0.8264705882352941,0.8023255813953488,0.9070878526981051,0.8854197117941532,0.9538461538461539,0.9447852760736196
rwc/rwc_popular_CD2_05/track.npy,rwc_popular,0.9761336515513126,0.9333333333333333,0.9761336515513126,0.9333333333333333,0.9666900923229739,0.9418022661212849,0.984468339307049,0.9569377990430622
rwc/rwc_popular_CD2_06/track.npy,rwc_popular,0.9955357142857143,0.8392857142857143,0.9955357142857143,0.8392857142857143,0.9748360469556256,0.8982966638978132,0.9977628635346756,0.9209302325581395
rwc/rwc_popular_CD2_13/track.npy,rwc_popular,0.9971590909090909,0.9886363636363636,0.9971590909090909,0.9886363636363636,0.9787932976599408,0.9709088275861589,0.9985775248933144,0.9942857142857142
rwc/rwc_popular_CD2_16/track.npy,rwc_popular,1.0,1.0,1.0,1.0,0.9839929159860071,0.9831624545595948,1.0,1.0
rwc/rwc_popular_CD3_12/track.npy,rwc_popular,0.9775967413441955,0.983739837398374,0.9775967413441955,0.983739837398374,0.9764044563062215,0.9622940649737709,0.9908069458631257,0.975609756097561
rwc/rwc_popular_CD3_16/track.npy,rwc_popular,0.9973333333333333,0.9893617021276596,0.9973333333333333,0.9893617021276596,0.9735963630967353,0.9717594220655813,0.9986648865153538,0.9946524064171123
rwc/rwc_popular_CD4_11/track.npy,rwc_popular,0.9904761904761905,1.0,0.9904761904761905,1.0,0.9632665343117525,0.9838871395681799,0.9920255183413078,1.0
rwc/rwc_popular_CD5_11/track.npy,rwc_popular,0.9790419161676647,0.9879518072289156,0.9790419161676647,0.9879518072289156,0.897599631149326,0.91556342365447,0.9909638554216867,0.993939393939394
rwc/rwc_popular_CD5_14/track.npy,rwc_popular,0.937888198757764,0.7692307692307693,0.937888198757764,0.7692307692307693,0.8901595097195641,0.7572988443648567,0.9810126582278481,0.8366013071895425
rwc/rwc_popular_CD6_09/track.npy,rwc_popular,0.99581589958159,0.9663865546218487,0.99581589958159,0.9663865546218487,0.9777770429584788,0.9577977402829816,0.9979035639412999,0.9747899159663865
rwc/rwc_royalty-free_CD1_08/track.npy,rwc_royalty-free,0.9803921568627451,0.984375,0.9803921568627451,0.984375,0.7636294476066905,0.7644582575865485,0.99009900990099,0.9921259842519685
rwc/rwc_royalty-free_CD1_15/track.npy,rwc_royalty-free,0.953125,0.9534883720930233,0.953125,0.9534883720930233,0.6627896235798147,0.6812433324171226,0.84251968503937,0.8235294117647058
simac/simac_A_vida_me_fez_assim_03-candeeiro/track.npy,simac,0.9615384615384616,0.0,0.9615384615384616,0.0,0.9520060866478665,0.0,0.9803921568627451,0.0
simac/simac_A_vida_me_fez_assim_08-Pedro_e_Tereza/track.npy,simac,0.8620689655172413,0.0,0.8620689655172413,0.0,0.8997821982286451,0.0,0.9259259259259259,0.0
simac/simac_A_vida_me_fez_assim_10-Sorri/track.npy,simac,0.78125,0.0,0.78125,0.0,0.7914368913868156,0.0,0.8620689655172413,0.0
simac/simac_Amber_05-Glitch/track.npy,simac,0.0,0.0,0.0,0.0,0.2745740607992863,0.0,0.0,0.0
simac/simac_Amber_06-Piezo/track.npy,simac,0.782608695652174,0.0,0.782608695652174,0.0,0.8344901431803204,0.0,0.878048780487805,0.0
simac/simac_As_Time_Goes_By_12-i_could_write_a_book/track.npy,simac,0.7,0.0,0.7,0.0,0.7573371249629712,0.0,0.8235294117647058,0.0
simac/simac_As_time_goes_by_disk_2_13-Experiment/track.npy,simac,0.8055555555555556,0.0,0.8055555555555556,0.0,0.8253812671328492,0.0,0.8923076923076924,0.0
simac/simac_As_time_goes_by_disk_2_14-Isntit_romantic/track.npy,simac,0.6,0.0,0.6,0.0,0.6795106118088527,0.0,0.7499999999999999,0.0
simac/simac_As_time_goes_by_disk_3_01-One/track.npy,simac,0.37037037037037035,0.0,0.34375,0.0,0.6449726161373396,0.0,0.711864406779661,0.0
simac/simac_BACH_WTC_02-Prelude_and_Fugue_No._1_in_C_major_BWV_870_-_2._Fuga/track.npy,simac,0.8571428571428571,0.0,0.8571428571428571,0.0,0.8734756527232358,0.0,0.923076923076923,0.0
simac/simac_Bach_Bach_-_Cello_suite_1_G_-_03_Courante/track.npy,simac,0.4594594594594595,0.0,0.4594594594594595,0.0,0.5399488940689106,0.0,0.6000000000000001,0.0
simac/simac_Bach_Bach_-_Cello_suite_2_d_-_01_Prelude/track.npy,simac,0.17647058823529413,0.0,0.17647058823529413,0.0,0.4066492066787726,0.0,0.45833333333333326,0.0
simac/simac_Bach_The_Well-Tempered_Clavier_II_(Disc_1)_14-Prelude_and_Fugue_No._7_in_E-flat_major_BWV_876_-_2._Fuga/track.npy,simac,0.7586206896551724,0.0,0.7586206896551724,0.0,0.8207330929359509,0.0,0.8627450980392156,0.0
simac/simac_Beethoven_The_String_Quartets_-_CD_3_08-IV_Finale-_Presto/track.npy,simac,0.6666666666666666,0.0,0.0,0.0,0.5150900746337149,0.0,0.5428571428571427,0.0
simac/simac_Bela_Bartok_02-The_Miraculous_Mandarin_2_1st_Decoy_Game/track.npy,simac,0.625,0.0,0.625,0.0,0.5794635956502766,0.0,0.6923076923076923,0.0
simac/simac_Bela_Bartok_11-Music_for_Strings_Percussion_and_Celesta_III_Adagio/track.npy,simac,0.48717948717948717,0.0,0.48717948717948717,0.0,0.5084214427491058,0.0,0.6875,0.0
simac/simac_Bernstein_conducts_Stravinsky_08-Dance_of_the_earth/track.npy,simac,0.6333333333333333,0.0,0.0,0.0,0.31572695075978036,0.0,0.0,0.0
simac/simac_Bernstein_conducts_Stravinsky_10-Mystical_circles_of_the_young_girls/track.npy,simac,0.4358974358974359,0.0,0.02564102564102564,0.0,0.41425285655524097,0.0,0.4230769230769231,0.0
simac/simac_Bernstein_conducts_Stravinsky_19-Waltz_ballerina_and_the_moor/track.npy,simac,0.0,0.0,0.0,0.0,0.2922789267133821,0.0,0.33333333333333337,0.0
simac/simac_Bernstein_conducts_Stravinsky_22-The_bear_and_the_peasant/track.npy,simac,0.47368421052631576,0.0,0.47368421052631576,0.0,0.4893478959960128,0.0,0.6111111111111113,0.0
simac/simac_Bernstein_conducts_Stravinsky_24-Danse_of_the_coachmen_and_grooms/track.npy,simac,0.40476190476190477,0.0,0.40476190476190477,0.0,0.5013796286618438,0.0,0.6197183098591549,0.0
simac/simac_Cafe_Zimmermann_06-Suite_en_ut_majeur_BWV_1066_-_Ouverture/track.npy,simac,0.45098039215686275,0.0,0.0,0.0,0.40613465731183823,0.0,0.4411764705882352,0.0
simac/simac_Cafe_Zimmermann_15-Concerto_pour_hautbois_&_violon_en_ut_mineur_BWV_1060_-_Allegro/track.npy,simac,0.7142857142857143,0.0,0.7142857142857143,0.0,0.7971151791599947,0.0,0.8333333333333333,0.0
simac/simac_Clandestino_-_esperando_la_ultima_ola_04-Je_ne_t_aime_plus/track.npy,simac,0.6333333333333333,0.0,0.6333333333333333,0.0,0.6785921082469839,0.0,0.7346938775510204,0.0
simac/simac_Clandestino_-_esperando_la_ultima_ola_06-Lagrimas_de_oro/track.npy,simac,0.8571428571428571,0.0,0.8571428571428571,0.0,0.8877824880675023,0.0,0.923076923076923,0.0
simac/simac_DGG_419_047-2_08-Toccata_Adagio_u._Fuge_C-dur_BWV_564_-_II_Adagio/track.npy,simac,0.65,0.0,0.65,0.0,0.4704719511390242,0.0,0.6666666666666667,0.0
simac/simac_DGG_419_047-2_10-Triosonate_Nr._1_Es-Dur_BWV_525_-_I_(Allegro)/track.npy,simac,0.48484848484848486,0.0,0.48484848484848486,0.0,0.5619229959213591,0.0,0.7307692307692308,0.0
simac/simac_DGG_419_047-2_12-Triosonate_Nr._1_Es-Dur_BWV_525_-_III_Allegro/track.npy,simac,0.6764705882352942,0.0,0.6764705882352942,0.0,0.639029978734569,0.0,0.7719298245614036,0.0
simac/simac_Ella_&_Louis_11-Oh_Johnny/track.npy,simac,0.6153846153846154,0.0,0.6153846153846154,0.0,0.6637987451840097,0.0,0.761904761904762,0.0
simac/simac_Ella_&_Louis_15-Billy/track.npy,simac,0.6857142857142857,0.0,0.6857142857142857,0.0,0.7239801503103097,0.0,0.8135593220338984,0.0
simac/simac_Fado_08-AudioTrack_08/track.npy,simac,0.6153846153846154,0.0,0.6153846153846154,0.0,0.5164465721260367,0.0,0.6666666666666667,0.0
simac/simac_Family_Tree_-_Greatest_Hits_As_Chosen_By_Bjork_01-Venus_As_A_Boy/track.npy,simac,0.825,0.0,0.0,0.0,0.7341541711160091,0.0,0.5964912280701754,0.0
simac/simac_Family_Tree_-_Greatest_Hits_As_Chosen_By_Bjork_05-Joga/track.npy,simac,0.7111111111111111,0.0,0.06666666666666667,0.0,0.6035707062943135,0.0,0.59375,0.0
simac/simac_Ludwid_van_Beethoven_05-Quartet_in_C-sharp_major_Op._131_I._Adagio_ma_non_troppo_e_molto_espressivo_-_attacca/track.npy,simac,0.5714285714285714,0.0,0.5714285714285714,0.0,0.5275224013793637,0.0,0.5777777777777777,0.0
simac/simac_Niandra_LaDes_and_Usually_Just_a_T-Shirt_04-Big_Takeover/track.npy,simac,0.7391304347826086,0.0,0.0,0.0,0.6655294469957368,0.0,0.5862068965517241,0.0
simac/simac_Niandra_LaDes_and_Usually_Just_a_T-Shirt_08-Been_Insane/track.npy,simac,0.84,0.0,0.84,0.0,0.7570359552421391,0.0,0.9130434782608696,0.0
simac/simac_Niandra_LaDes_and_Usually_Just_a_T-Shirt_09-Skin_Blues/track.npy,simac,0.125,0.0,0.125,0.0,0.5255536472739332,0.0,0.6,0.0
simac/simac_Niandra_LaDes_and_Usually_Just_a_T-Shirt_10-Your_Pussys_Glued_to_a_Building_on_Fire/track.npy,simac,0.6071428571428571,0.0,0.6071428571428571,0.0,0.6821298206159808,0.0,0.7555555555555554,0.0
simac/simac_Niandra_LaDes_and_Usually_Just_a_T-Shirt_12-Ten_to_Butter_Blood_Voodoo/track.npy,simac,0.6666666666666666,0.0,0.037037037037037035,0.0,0.6118109709469772,0.0,0.5526315789473685,0.0
simac/simac_Papakonstantinou_05-AudioTrack_05/track.npy,simac,0.7352941176470589,0.0,0.7352941176470589,0.0,0.8027844179687631,0.0,0.8474576271186441,0.0
simac/simac_Papakonstantinou_17-AudioTrack_17/track.npy,simac,0.7142857142857143,0.0,0.7142857142857143,0.0,0.7089038730976442,0.0,0.8333333333333333,0.0
simac/simac_Primer_Aliento_04-Varsovia_en_llamas/track.npy,simac,0.9285714285714286,0.0,0.9285714285714286,0.0,0.9446669328474485,0.0,0.962962962962963,0.0
simac/simac_Primer_Aliento_16-Kraken/track.npy,simac,1.0,0.0,1.0,0.0,0.9676788992762306,0.0,1.0,0.0
simac/simac_R.A.F.I_13-Real_Areas_For_Investigation/track.npy,simac,0.56,0.0,0.13636363636363635,0.0,0.5306705586699766,0.0,0.5714285714285714,0.0
simac/simac_Samba_na_Madrugada_05-Momento_de_Fraqueza/track.npy,simac,0.8064516129032258,0.0,0.8064516129032258,0.0,0.7713768511938978,0.0,0.8928571428571428,0.0
simac/simac_Samba_na_Madrugada_11-Alo_Alo/track.npy,simac,0.02564102564102564,0.0,0.02564102564102564,0.0,0.03649199742038964,0.0,0.030769230769230774,0.0
simac/simac_Santana_03-La_Puesta_De_Sol/track.npy,simac,0.9666666666666667,0.0,0.9666666666666667,0.0,0.9274044896424879,0.0,0.983050847457627,0.0
simac/simac_So_Cartola_12-Divina_Dama/track.npy,simac,0.8214285714285714,0.0,0.8214285714285714,0.0,0.8532124675961175,0.0,0.9019607843137255,0.0
simac/simac_Songs_Afrocuba_-_Mezquinidad/track.npy,simac,0.08,0.0,0.08,0.0,0.5382594996754146,0.0,0.5675675675675675,0.0
simac/simac_Tales_Of_Mystery_And_Imagination_02-The_Raven/track.npy,simac,0.3157894736842105,0.0,0.3157894736842105,0.0,0.16120069682853763,0.0,0.1724137931034483,0.0
simac/simac_Tanto_Tempo_01-Samba_da_Bencao/track.npy,simac,0.8695652173913043,0.0,0.8695652173913043,0.0,0.7600866998350124,0.0,0.9302325581395349,0.0
simac/simac_Tanto_Tempo_11-Close_Your_Eyes/track.npy,simac,0.896551724137931,0.0,0.896551724137931,0.0,0.9215920434596605,0.0,0.9454545454545454,0.0
simac/simac_The_Art_of_Spanish_Guitar_02-Lauro_Dos_Valses_Venezolanos_-_Uno/track.npy,simac,0.7083333333333334,0.0,0.7083333333333334,0.0,0.7520066671388596,0.0,0.8292682926829268,0.0
simac/simac_The_Crackdown_03-Talking_Time/track.npy,simac,0.675,0.0,0.675,0.0,0.777976363003277,0.0,0.8059701492537313,0.0
simac/simac_The_Crackdown_04-Animation/track.npy,simac,0.9393939393939394,0.0,0.9393939393939394,0.0,0.9509583634137032,0.0,0.96875,0.0
simac/simac_Tomatito_Tomatito-01.Barrio_negro/track.npy,simac,0.09433962264150944,0.0,0.09433962264150944,0.0,0.20684228744218824,0.0,0.24096385542168675,0.0
simac/simac_VOL.3_Musiques_pour_guitare_et_violoncelle_09-M._de_Falla_7_chansons_populaires_espagnoles_(extraits)_-_El_pano_moruno/track.npy,simac,0.06896551724137931,0.0,0.06896551724137931,0.0,0.3646391844626927,0.0,0.35294117647058826,0.0
simac/simac_Xatzidakis_17-AudioTrack_17/track.npy,simac,0.5714285714285714,0.0,0.5714285714285714,0.0,0.673165240414333,0.0,0.7272727272727273,0.0
simac/simac_aire_06-Arrengao/track.npy,simac,0.7307692307692307,0.0,0.7307692307692307,0.0,0.7943961371563987,0.0,0.8695652173913044,0.0
simac/simac_blues_roots_cryin_blues/track.npy,simac,0.5161290322580645,0.0,0.5161290322580645,0.0,0.5649708461050026,0.0,0.6666666666666666,0.0
simac/simac_greek_Mavili_-_Afto_t_agori/track.npy,simac,0.6,0.0,0.6,0.0,0.6958807146107817,0.0,0.7499999999999999,0.0
simac/simac_more_greek_03_Virginouda/track.npy,simac,0.0,0.0,0.0,0.0,0.2904752049378685,0.0,0.28571428571428564,0.0
simac/simac_more_greek_08_Kapoios_peftei.../track.npy,simac,0.7857142857142857,0.0,0.7857142857142857,0.0,0.8534150189716593,0.0,0.88,0.0
simac/simac_more_greek_Giannakopoulou_-_Marina/track.npy,simac,0.7333333333333333,0.0,0.08695652173913043,0.0,0.7123671716641478,0.0,0.6842105263157895,0.0
simac/simac_more_greek_Ksylouris_-_Xilia_myria_kymata/track.npy,simac,0.6086956521739131,0.0,0.6086956521739131,0.0,0.7048252586606052,0.0,0.7567567567567568,0.0
simac/simac_more_greek_Makedonas_-_Savvatovrado_stin_Kaisariani/track.npy,simac,0.6206896551724138,0.0,0.6206896551724138,0.0,0.5757063674147528,0.0,0.6938775510204082,0.0
simac/simac_more_greek_Mosxoliou_-_Eipa_na_svisw_ta_palia/track.npy,simac,0.7272727272727273,0.0,0.7272727272727273,0.0,0.6879519471501855,0.0,0.8421052631578948,0.0
simac/simac_more_greek_Mpellou_-_De_les_kouventa/track.npy,simac,0.75,0.0,0.75,0.0,0.7676961509365973,0.0,0.8571428571428571,0.0
simac/simac_more_greek_Mpellou_-_O_kosmos_einai_san_mpakses/track.npy,simac,0.75,0.0,0.75,0.0,0.7677879223688111,0.0,0.8571428571428571,0.0
simac/simac_more_greek_Mpi8ikwtsis_-_Brexei_sti_ftwxogeitonia/track.npy,simac,0.6428571428571429,0.0,0.6428571428571429,0.0,0.6810482238774672,0.0,0.782608695652174,0.0
simac/simac_more_greek_Mpi8ikwtsis_-_Kokotas_-_Stou_O8wna_ta_xronia/track.npy,simac,0.6,0.0,0.6,0.0,0.6073719790921294,0.0,0.7272727272727274,0.0
simac/simac_more_greek_Mpi8ikwtsis_-_Mia_Kyriaki/track.npy,simac,0.6086956521739131,0.0,0.6086956521739131,0.0,0.630635305162186,0.0,0.7027027027027025,0.0
simac/simac_more_greek_NinouTsitsanis_-_Synnefiasmeni_Kyriaki/track.npy,simac,0.7272727272727273,0.0,0.7272727272727273,0.0,0.7547409958279464,0.0,0.8421052631578948,0.0
simac/simac_more_greek_Ntalaras_-_Ta_matoklada_sou_lampoun/track.npy,simac,0.6666666666666666,0.0,0.6666666666666666,0.0,0.764338990325169,0.0,0.8421052631578947,0.0
simac/simac_more_greek_Panou_Dionysiou_Tsitsanis_-_Axaristi/track.npy,simac,0.6521739130434783,0.0,0.6521739130434783,0.0,0.7129621165732706,0.0,0.8095238095238095,0.0
smc/smc_006/track.npy,smc,0.6111111111111112,0.0,0.6111111111111112,0.0,0.8033288867129323,0.0,0.8529411764705882,0.0
smc/smc_018/track.npy,smc,0.12903225806451613,0.0,0.12903225806451613,0.0,0.36873959823182273,0.0,0.3943661971830986,0.0
smc/smc_026/track.npy,smc,0.5294117647058824,0.0,0.5294117647058824,0.0,0.4761073395553531,0.0,0.625,0.0
smc/smc_027/track.npy,smc,0.5,0.0,0.5,0.0,0.49566573021844457,0.0,0.6813186813186813,0.0
smc/smc_065/track.npy,smc,1.0,0.0,1.0,0.0,0.7578543666716072,0.0,1.0,0.0
smc/smc_068/track.npy,smc,0.9285714285714286,0.0,0.9285714285714286,0.0,0.632264189599111,0.0,0.8623853211009174,0.0
smc/smc_082/track.npy,smc,0.7571428571428571,0.0,0.7571428571428571,0.0,0.7551504561624436,0.0,0.8976377952755905,0.0
smc/smc_089/track.npy,smc,0.4153846153846154,0.0,0.4153846153846154,0.0,0.47283741283019165,0.0,0.608695652173913,0.0
smc/smc_104/track.npy,smc,0.3108108108108108,0.0,0.3108108108108108,0.0,0.4618350580660935,0.0,0.6017699115044248,0.0
smc/smc_106/track.npy,smc,0.5945945945945946,0.0,0.013513513513513514,0.0,0.38530570926997343,0.0,0.4181818181818182,0.0
smc/smc_111/track.npy,smc,0.21839080459770116,0.0,0.21839080459770116,0.0,0.5286200749676626,0.0,0.5777777777777777,0.0
smc/smc_118/track.npy,smc,0.17105263157894737,0.0,0.05263157894736842,0.0,0.31747437655728705,0.0,0.40366972477064217,0.0
smc/smc_130/track.npy,smc,0.12698412698412698,0.0,0.06349206349206349,0.0,0.3670235833030302,0.0,0.45454545454545453,0.0
smc/smc_142/track.npy,smc,0.41379310344827586,0.0,0.41379310344827586,0.0,0.3498770075334259,0.0,0.45544554455445546,0.0
smc/smc_157/track.npy,smc,0.6,0.0,0.6,0.0,0.3692441016624445,0.0,0.5454545454545455,0.0
smc/smc_167/track.npy,smc,0.30434782608695654,0.0,0.30434782608695654,0.0,0.35835530780795555,0.0,0.41791044776119407,0.0
smc/smc_169/track.npy,smc,0.16494845360824742,0.0,0.16494845360824742,0.0,0.4938009340696353,0.0,0.5548387096774193,0.0
smc/smc_174/track.npy,smc,0.0851063829787234,0.0,0.0851063829787234,0.0,0.3209253845500744,0.0,0.3428571428571428,0.0
smc/smc_198/track.npy,smc,0.47619047619047616,0.0,0.47619047619047616,0.0,0.536475090450303,0.0,0.6268656716417911,0.0
smc/smc_219/track.npy,smc,0.4583333333333333,0.0,0.4583333333333333,0.0,0.5823448128989337,0.0,0.7272727272727272,0.0
smc/smc_243/track.npy,smc,0.8148148148148148,0.0,0.8148148148148148,0.0,0.6077518293261973,0.0,0.7407407407407407,0.0
smc/smc_248/track.npy,smc,0.2857142857142857,0.0,0.07692307692307693,0.0,0.3028020677807086,0.0,0.3908045977011494,0.0
smc/smc_251/track.npy,smc,0.7125,0.0,0.7125,0.0,0.6300621920132123,0.0,0.7916666666666667,0.0
smc/smc_256/track.npy,smc,0.85,0.0,0.0,0.0,0.6265034981958164,0.0,0.6428571428571429,0.0
smc/smc_261/track.npy,smc,0.25757575757575757,0.0,0.25757575757575757,0.0,0.3870768436233306,0.0,0.4901960784313726,0.0
smc/smc_271/track.npy,smc,0.9836065573770492,0.0,0.9836065573770492,0.0,0.9631883724633362,0.0,0.9917355371900827,0.0
smc/smc_276/track.npy,smc,1.0,0.0,0.0,0.0,0.7703138411663519,0.0,0.6666666666666666,0.0
tapcorrect/005_youtube_RB-RcX5DS5A/track.npy,tapcorrect,0.9903225806451613,1.0,0.9903225806451613,1.0,0.9558503033130203,0.9656755506090051,0.9951377633711508,1.0
tapcorrect/013_youtube_6iGpdkgr57g/track.npy,tapcorrect,0.9832635983263598,0.907563025210084,0.9832635983263598,0.907563025210084,0.9670740299095067,0.9016344135869248,0.9926393270241851,0.9243697478991597
tapcorrect/016_youtube_eelfrHtmk68/track.npy,tapcorrect,0.95,0.9629629629629629,0.95,0.9629629629629629,0.8784129472882998,0.8709803751012949,0.9621451104100948,0.9559748427672956
tapcorrect/028_youtube_StFfXP4eAgU/track.npy,tapcorrect,0.9901639344262295,0.9342105263157895,0.9901639344262295,0.9342105263157895,0.9524417954904322,0.9130123841008165,0.9950576606260296,0.9473684210526315
tapcorrect/033_youtube_0Jj9rOwkfLM/track.npy,tapcorrect,0.725,0.6947368421052632,0.725,0.6947368421052632,0.9021581054140625,0.8270479220612771,0.9236947791164659,0.8461538461538461
tapcorrect/035_youtube_NCnT_grZvLE/track.npy,tapcorrect,0.9921568627450981,1.0,0.9921568627450981,1.0,0.9310927250205394,0.9510229664516837,0.9881889763779527,1.0
tapcorrect/044_youtube_BwKPJJxSnOE/track.npy,tapcorrect,0.9819819819819819,0.8691588785046729,0.9819819819819819,0.06796116504854369,0.9522729639311024,0.7465732648989879,0.9909090909090909,0.6242038216560509
tapcorrect/072_youtube_sABVieMgwlA/track.npy,tapcorrect,0.9952038369304557,1.0,0.9952038369304557,1.0,0.9668618520794392,0.9725942028380429,0.9976019184652278,1.0
tapcorrect/078_youtube_DL_uU76w5eQ/track.npy,tapcorrect,0.5238095238095238,0.3508771929824561,0.5238095238095238,0.3508771929824561,0.4980755044491522,0.30587234394071866,0.7789855072463767,0.4464285714285714
tapcorrect/079_youtube_aEW001GcS9s/track.npy,tapcorrect,0.8927038626609443,0.40350877192982454,0.8927038626609443,0.40350877192982454,0.9174135031496101,0.5639736642051393,0.9646017699115044,0.5555555555555555
tapcorrect/080_youtube_9z1A1R8RQZs/track.npy,tapcorrect,0.7727272727272727,0.7972972972972973,0.7727272727272727,0.7972972972972973,0.7598982733695201,0.7371960183077518,0.9016393442622951,0.8611111111111112
tapcorrect/091_youtube_NCtzkaL2t_Y/track.npy,tapcorrect,0.85,0.765625,0.85,0.765625,0.8902548706833456,0.7955747085585999,0.9461966604823748,0.8480000000000001
tapcorrect/095_youtube_zO6D_BAuYCI/track.npy,tapcorrect,0.8875305623471883,0.7669902912621359,0.8875305623471883,0.7669902912621359,0.915119843081844,0.8062404587171883,0.9506172839506173,0.8374384236453202
asap/Bach_Fugue_bwv_854_LuA01M/track.npy,asap,0.7876106194690266,0.4230769230769231,0.7876106194690266,0.4230769230769231,0.9070592442034978,0.44564304035036145,0.9259259259259259,0.4680851063829788
asap/Bach_Fugue_bwv_854_MiyashitaM01M/track.npy,asap,0.7463414634146341,0.2857142857142857,0.14444444444444443,0.03571428571428571,0.8149747476774952,0.19541602026470312,0.7279151943462897,0.14814814814814817
asap/Bach_Fugue_bwv_854_Ozaki01M/track.npy,asap,1.0,0.5,1.0,0.5,0.9787584684612461,0.5942231723707605,1.0,0.5384615384615384
asap/Bach_Fugue_bwv_854_Richardson01M/track.npy,asap,0.9428571428571428,0.0,0.9428571428571428,0.0,0.9516403178478327,0.43430725896271244,0.9758454106280193,0.40909090909090906
asap/Bach_Fugue_bwv_854_WangA01M/track.npy,asap,0.7706422018348624,0.2857142857142857,0.7706422018348624,0.0,0.8741212856383496,0.2507202904602531,0.8962264150943398,0.15
asap/Bach_Fugue_bwv_856_LuoJ01M/track.npy,asap,0.065,0.4411764705882353,0.065,0.0,0.5391217361070875,0.526362949388095,0.5507246376811594,0.5274725274725275
asap/Bach_Fugue_bwv_870_ChenW01M/track.npy,asap,0.949685534591195,0.5384615384615384,0.949685534591195,0.0,0.9676615100894288,0.5768318725677232,0.9841269841269842,0.5862068965517242
asap/Bach_Fugue_bwv_870_LeeE01M/track.npy,asap,1.0,0.6923076923076923,1.0,0.01282051282051282,0.9795505810862507,0.6604414327993643,1.0,0.6666666666666666
asap/Bach_Fugue_bwv_870_MaximovI01M/track.npy,asap,0.9935897435897436,0.675,0.9935897435897436,0.01282051282051282,0.9729967023979887,0.672126140651975,0.9967845659163987,0.6610169491525423
asap/Bach_Prelude_bwv_854_LuA01M/track.npy,asap,0.9130434782608695,0.6363636363636364,0.9130434782608695,0.6363636363636364,0.9152410533826477,0.6756875637060974,0.9444444444444444,0.7142857142857143
asap/Bach_Prelude_bwv_854_MiyashitaM01M/track.npy,asap,0.9540229885057471,0.4482758620689655,0.9540229885057471,0.4482758620689655,0.9620024039610056,0.8015120819637949,0.9883720930232558,0.823529411764706
asap/Bach_Prelude_bwv_854_Ozaki01M/track.npy,asap,0.3724137931034483,0.5116279069767442,0.3724137931034483,0.23529411764705882,0.7232125509407161,0.6610622143780981,0.7381974248927037,0.6785714285714287
asap/Bach_Prelude_bwv_854_Richardson01M/track.npy,asap,0.9021739130434783,0.41379310344827586,0.9021739130434783,0.41379310344827586,0.9482520471890267,0.7714396726042562,0.9666666666666666,0.7843137254901961
asap/Bach_Prelude_bwv_854_WangA01M/track.npy,asap,0.9310344827586207,0.36363636363636365,0.9310344827586207,0.36363636363636365,0.9283187376693279,0.48022239718311743,0.9595375722543352,0.47619047619047616
asap/Bach_Prelude_bwv_862_Song04M/track.npy,asap,0.921875,0.5609756097560976,0.921875,0.5609756097560976,0.9441835302846014,0.7427577469698009,0.9721115537848606,0.7567567567567567
asap/Bach_Prelude_bwv_865_Rizikov01M/track.npy,asap,0.22641509433962265,0.24242424242424243,0.22641509433962265,0.24242424242424243,0.6363275947712392,0.4301279030875792,0.6468085106382979,0.4406779661016949
asap/Bach_Prelude_bwv_865_Teo01M/track.npy,asap,0.06097560975609756,0.07407407407407407,0.06097560975609756,0.07407407407407407,0.5689662792308616,0.3053581036393185,0.5774058577405857,0.30769230769230765
asap/Bach_Prelude_bwv_865_ZhangE01M/track.npy,asap,0.3103448275862069,0.18181818181818182,0.3103448275862069,0.07692307692307693,0.746853927365577,0.36811552118771407,0.7604166666666667,0.37500000000000006
asap/Bach_Prelude_bwv_892_Hou01M/track.npy,asap,0.9710982658959537,0.6590909090909091,0.9710982658959537,0.6590909090909091,0.9725484516644768,0.6645814558456148,0.991304347826087,0.6818181818181818
asap/Bach_Prelude_bwv_892_KabuliL01M/track.npy,asap,1.0,0.41509433962264153,1.0,0.41509433962264153,0.9778478972813852,0.677055990703264,1.0,0.6597938144329897
asap/Bach_Prelude_bwv_893_Kleisen04M/track.npy,asap,0.46808510638297873,0.2903225806451613,0.46808510638297873,0.0,0.6733478055185376,0.35242168439122534,0.6816479400749064,0.3555555555555555
asap/Bach_Prelude_bwv_893_Levitsky04M/track.npy,asap,0.6623376623376623,0.4603174603174603,0.6623376623376623,0.4603174603174603,0.8646690840536836,0.5720877244743998,0.8857142857142857,0.5811965811965812
asap/Bach_Prelude_bwv_893_Wong01M/track.npy,asap,0.27956989247311825,0.4,0.27956989247311825,0.015625,0.6078827512526952,0.3958048860571697,0.6198083067092652,0.36363636363636365
asap/Beethoven_Piano_Sonatas_10-1_Hou02M/track.npy,asap,0.6950354609929078,0.30158730158730157,0.6950354609929078,0.14213197969543148,0.7632751256036003,0.49823654185000465,0.8014705882352942,0.5139318885448917
asap/Beethoven_Piano_Sonatas_11-1_LiC03M/track.npy,asap,0.8494897959183674,0.35294117647058826,0.8494897959183674,0.2551440329218107,0.9204112106544337,0.6605581298057388,0.9491961414790996,0.6605922551252847
asap/Beethoven_Piano_Sonatas_11-1_LiYZ03M/track.npy,asap,0.9591836734693877,0.7464788732394366,0.9591836734693877,0.7464788732394366,0.9564723058783097,0.8612697692088265,0.980140935297886,0.8850855745721271
asap/Beethoven_Piano_Sonatas_11-1_MaximovI02M/track.npy,asap,0.7108585858585859,0.3543307086614173,0.7108585858585859,0.3543307086614173,0.8660047349416448,0.663666737337522,0.8926984126984125,0.6844444444444444
asap/Beethoven_Piano_Sonatas_11-1_ZhaoK02M/track.npy,asap,0.7874213836477988,0.4649122807017544,0.7874213836477988,0.4649122807017544,0.8961860198928392,0.683025393709316,0.9150823827629911,0.7028301886792453
asap/Beethoven_Piano_Sonatas_22-2_KOLESO04M/track.npy,asap,0.43727598566308246,0.3148148148148148,0.43727598566308246,0.08866995073891626,0.7725217781539901,0.44654965995791646,0.7925311203319502,0.4565916398713827
asap/Beethoven_Piano_Sonatas_31-2_ADIG05M/track.npy,asap,0.5315315315315315,0.009009009009009009,0.5315315315315315,0.0,0.8007138555120146,0.17283328882703317,0.8302354399008673,0.14074074074074072
asap/Beethoven_Piano_Sonatas_32-1_DupreeF03M/track.npy,asap,0.45829596412556056,0.26987951807228916,0.45829596412556056,0.07220216606498195,0.7502867659112292,0.36411430532899,0.7753213367609254,0.35051546391752575
asap/Beethoven_Piano_Sonatas_32-1_HouY04M/track.npy,asap,0.2987326493663247,0.12184873949579832,0.2721758908263836,0.12184873949579832,0.6473594578429687,0.2391207077828518,0.6750465549348231,0.242152466367713
asap/Beethoven_Piano_Sonatas_32-1_Jussow06M/track.npy,asap,0.43023255813953487,0.163855421686747,0.43023255813953487,0.05660377358490566,0.6950242208435679,0.28442240031907534,0.7310061601642711,0.2748414376321353
asap/Chopin_Etudes_op_10_4_Richardson_2013_03M/track.npy,asap,0.9390243902439024,0.7469879518072289,0.9390243902439024,0.7469879518072289,0.9245309731223387,0.7161873801530828,0.9688473520249221,0.7654320987654321
asap/Chopin_Etudes_op_25_12_BorickC04M/track.npy,asap,0.446524064171123,0.18181818181818182,0.446524064171123,0.0875,0.6026577634056772,0.2777376359098454,0.7175792507204611,0.32592592592592595
asap/Chopin_Etudes_op_25_12_HouKimberly03M/track.npy,asap,0.547752808988764,0.225,0.547752808988764,0.225,0.6646111920159935,0.34303939539158684,0.7762962962962964,0.36842105263157887
asap/Chopin_Etudes_op_25_12_LuA04M/track.npy,asap,0.69164265129683,0.2875,0.69164265129683,0.2875,0.7541540898835261,0.45224647316001537,0.8425787106446776,0.47222222222222215
asap/Haydn_Keyboard_Sonatas_31-1_Song05M/track.npy,asap,0.592079207920792,0.2235294117647059,0.13090128755364808,0.2235294117647059,0.6869099919307566,0.33117547465317443,0.6397774687065368,0.33783783783783783
asap/Liszt_Concert_Etude_S145_2_Lu03M/track.npy,asap,0.6037296037296037,0.10975609756097561,0.6037296037296037,0.018292682926829267,0.8029110353035648,0.35042388141569836,0.8385481852315394,0.36206896551724144
asap/Liszt_Concert_Etude_S145_2_Tario06M/track.npy,asap,0.6570048309178744,0.12195121951219512,0.6570048309178744,0.12195121951219512,0.777678094638082,0.32120406021044545,0.840764331210191,0.34959349593495936
asap/Liszt_Gran_Etudes_de_Paganini_2_La_campanella_BuiJL03M/track.npy,asap,0.032,0.22641509433962265,0.032,0.22641509433962265,0.3857124391954777,0.30333711971587884,0.4204152249134947,0.3066666666666667
asap/Liszt_Gran_Etudes_de_Paganini_2_La_campanella_LeungR04M/track.npy,asap,0.05174488567990373,0.2925170068027211,0.05174488567990373,0.2925170068027211,0.41494956689343265,0.3123695730696249,0.4446444644464446,0.3414634146341463
asap/Liszt_Gran_Etudes_de_Paganini_2_La_campanella_Levitsky06M/track.npy,asap,0.030637254901960783,0.2565789473684211,0.030637254901960783,0.2565789473684211,0.4004647914879347,0.280823226493287,0.42661804922515945,0.3003412969283277
asap/Liszt_Gran_Etudes_de_Paganini_2_La_campanella_Lin07M/track.npy,asap,0.0223463687150838,0.4507042253521127,0.01005586592178771,0.4507042253521127,0.3964635850415843,0.38341201734674785,0.41702127659574467,0.3971631205673759
asap/Liszt_Gran_Etudes_de_Paganini_2_La_campanella_LiuC05M/track.npy,asap,0.04875148632580262,0.29577464788732394,0.04875148632580262,0.29577464788732394,0.4137564712951546,0.3081398724176786,0.43710972346119537,0.31914893617021284
asap/Liszt_Gran_Etudes_de_Paganini_2_La_campanella_LiuY03M/track.npy,asap,0.1027900146842878,0.22142857142857142,0.1027900146842878,0.22142857142857142,0.43201982988096793,0.2718731288358844,0.48283038501560865,0.3154121863799283
asap/Liszt_Gran_Etudes_de_Paganini_2_La_campanella_MunA08M/track.npy,asap,0.07079646017699115,0.33544303797468356,0.07079646017699115,0.33544303797468356,0.4302772993327921,0.3193531570896205,0.4664179104477612,0.33444816053511706
asap/Liszt_Gran_Etudes_de_Paganini_2_La_campanella_VuV06M/track.npy,asap,0.024943310657596373,0.33986928104575165,0.024943310657596373,0.33986928104575165,0.3701493950056605,0.228639598632716,0.39242685025817553,0.2525597269624573
asap/Liszt_Gran_Etudes_de_Paganini_2_La_campanella_Yang05M/track.npy,asap,0.057034220532319393,0.1056338028169014,0.057034220532319393,0.1056338028169014,0.4283874224327756,0.24063936087266363,0.4510717614165889,0.24902723735408563
asap/Liszt_Gran_Etudes_de_Paganini_2_La_campanella_ZhangH07M/track.npy,asap,0.0306553911205074,0.21518987341772153,0.0021141649048625794,0.21518987341772153,0.3700180228333501,0.2666365375452986,0.39314845024469824,0.28859060402684567
ballroom/ballroom_Albums-Ballroom_Classics4-20/track.npy,ballroom,1.0,1.0,1.0,1.0,0.9632019664655741,0.9637393173531247,1.0,1.0
ballroom/ballroom_Albums-Ballroom_Magic-16/track.npy,ballroom,1.0,1.0,1.0,1.0,0.9734491609527525,0.9772046802365251,1.0,1.0
ballroom/ballroom_Albums-Ballroom_Magic-17/track.npy,ballroom,1.0,1.0,1.0,1.0,0.9750357244260872,0.9826390346295678,1.0,1.0
ballroom/ballroom_Albums-Cafe_Paradiso-06/track.npy,ballroom,1.0,1.0,1.0,1.0,0.962582603446442,0.9671490282942119,1.0,1.0
ballroom/ballroom_Albums-Chrisanne2-04/track.npy,ballroom,0.9824561403508771,1.0,0.9824561403508771,1.0,0.9561734415589872,0.9436277710746773,0.9911504424778761,1.0
ballroom/ballroom_Albums-Chrisanne3-04/track.npy,ballroom,0.49206349206349204,0.3125,0.49206349206349204,0.3125,0.6300796224022926,0.3311708272348341,0.6218487394957983,0.3333333333333333
ballroom/ballroom_Albums-Commitments-08/track.npy,ballroom,0.9436619718309859,0.9411764705882353,0.9436619718309859,0.9411764705882353,0.9539833800320755,0.9508641111927563,0.9710144927536231,0.9696969696969697
ballroom/ballroom_Albums-Commitments-10/track.npy,ballroom,1.0,1.0,1.0,1.0,0.9745893105380278,0.9845766857181999,1.0,1.0
ballroom/ballroom_Albums-Commitments-11/track.npy,ballroom,1.0,1.0,1.0,1.0,0.9565159963378023,0.9778934941044368,1.0,1.0
ballroom/ballroom_Albums-Latin_Jam-03/track.npy,ballroom,0.9772727272727273,0.9090909090909091,0.9772727272727273,0.9090909090909091,0.9759301636334778,0.9408479786852834,0.9885057471264368,0.9523809523809523
ballroom/ballroom_Albums-Latin_Jam3-03/track.npy,ballroom,0.9807692307692307,1.0,0.9807692307692307,1.0,0.9693022535094961,0.9745202020176726,0.9902912621359222,1.0
ballroom/ballroom_Albums-Latin_Jam3-11/track.npy,ballroom,0.9864864864864865,0.9473684210526315,0.9864864864864865,0.9473684210526315,0.9695513559493835,0.9522799327051121,0.9931972789115647,0.972972972972973
ballroom/ballroom_Albums-Latin_Jam4-03/track.npy,ballroom,1.0,1.0,1.0,1.0,0.9676303303605237,0.9814509681497323,1.0,1.0
ballroom/ballroom_Albums-Latin_Jam4-06/track.npy,ballroom,1.0,1.0,1.0,1.0,0.9738939242015009,0.9758041950136431,1.0,1.0
ballroom/ballroom_Albums-Latin_Jam4-07/track.npy,ballroom,0.9772727272727273,0.9090909090909091,0.9772727272727273,0.9090909090909091,0.9761211823500164,0.9439127699812311,0.9885057471264368,0.9523809523809523
ballroom/ballroom_Albums-Latin_Jam4-10/track.npy,ballroom,0.9864864864864865,0.9473684210526315,0.9864864864864865,0.9473684210526315,0.971146330399455,0.9554355199198984,0.9931972789115647,0.972972972972973
ballroom/ballroom_Albums-Latin_Jam5-11/track.npy,ballroom,1.0,1.0,1.0,1.0,0.9873678371756782,0.9898697358807833,1.0,1.0
ballroom/ballroom_Albums-Latino_Latino-03/track.npy,ballroom,1.0,1.0,1.0,1.0,0.9577353393458443,0.9718932212647406,1.0,1.0
ballroom/ballroom_Albums-Latino_Latino-09/track.npy,ballroom,0.9830508474576272,1.0,0.9830508474576272,1.0,0.964596655717631,0.9784351812885279,0.9914529914529915,1.0
ballroom/ballroom_Albums-Latino_Latino-10/track.npy,ballroom,0.84,0.6666666666666666,0.84,0.0,0.9214629916621152,0.32836759765921747,0.9484536082474226,0.3333333333333333
ballroom/ballroom_Albums-Macumba-05/track.npy,ballroom,1.0,1.0,1.0,1.0,0.9571218067508758,0.9506622754116004,1.0,1.0
ballroom/ballroom_Albums-Macumba-10/track.npy,ballroom,0.975,1.0,0.975,1.0,0.923656927080737,0.9383666694040003,0.9873417721518987,1.0
ballroom/ballroom_Albums-Macumba-12/track.npy,ballroom,1.0,1.0,1.0,1.0,0.962440734528091,0.9706197395160425,1.0,1.0
ballroom/ballroom_Albums-Pais_Tropical-02/track.npy,ballroom,1.0,1.0,1.0,1.0,0.9830403981780155,0.9904361228974263,1.0,1.0
ballroom/ballroom_Albums-Pais_Tropical-06/track.npy,ballroom,1.0,1.0,1.0,1.0,0.9801157838294157,0.9826074727764333,1.0,1.0
ballroom/ballroom_Albums-StrictlyDancing_Tango-07/track.npy,ballroom,0.9807692307692307,0.9230769230769231,0.9807692307692307,0.0,0.9617752492399275,0.4630437200533567,0.9902912621359222,0.0
ballroom/ballroom_Albums-StrictlyDancing_Tango-12/track.npy,ballroom,0.9803921568627451,1.0,0.9803921568627451,1.0,0.9369079422498428,0.9672774518842819,0.99009900990099,1.0
ballroom/ballroom_Media-100608/track.npy,ballroom,1.0,1.0,1.0,1.0,0.9700259934106922,0.9849923585537177,1.0,1.0
ballroom/ballroom_Media-100609/track.npy,ballroom,1.0,1.0,1.0,1.0,0.9212739066267347,0.9516891416842083,1.0,1.0
ballroom/ballroom_Media-100614/track.npy,ballroom,1.0,1.0,1.0,1.0,0.9686777601955447,0.96014208295969,1.0,1.0
ballroom/ballroom_Media-103308/track.npy,ballroom,0.9726027397260274,0.96,0.9726027397260274,0.96,0.9157563786596223,0.9002936610183473,0.9793103448275863,0.9795918367346939
ballroom/ballroom_Media-103505/track.npy,ballroom,1.0,1.0,1.0,1.0,0.9451741944322402,0.9764535725243112,1.0,1.0
ballroom/ballroom_Media-103602/track.npy,ballroom,1.0,1.0,1.0,1.0,0.9546283849840712,0.9248119226219735,1.0,1.0
ballroom/ballroom_Media-103603/track.npy,ballroom,1.0,1.0,1.0,1.0,0.975405967960192,0.9819736213782897,1.0,1.0
ballroom/ballroom_Media-103709/track.npy,ballroom,1.0,1.0,1.0,1.0,0.9142563199032344,0.9027816444099377,1.0,1.0
ballroom/ballroom_Media-103713/track.npy,ballroom,1.0,1.0,1.0,1.0,0.9769922026300866,0.9775930924232102,1.0,1.0
ballroom/ballroom_Media-103716/track.npy,ballroom,1.0,1.0,1.0,1.0,0.978192803843506,0.9854736480830807,1.0,1.0
ballroom/ballroom_Media-103901/track.npy,ballroom,0.5116279069767442,0.5454545454545454,0.5116279069767442,0.5454545454545454,0.6645066827590138,0.6887027640833039,0.676923076923077,0.7058823529411764
ballroom/ballroom_Media-103903/track.npy,ballroom,1.0,1.0,1.0,1.0,0.9448973694304381,0.9643192183586232,1.0,1.0
ballroom/ballroom_Media-103912/track.npy,ballroom,0.9736842105263158,0.6666666666666666,0.9736842105263158,0.6666666666666666,0.9083810198126296,0.6124873335369622,0.9866666666666666,0.6666666666666666
ballroom/ballroom_Media-103913/track.npy,ballroom,1.0,1.0,1.0,1.0,0.935266659171129,0.9704511637043097,0.9761904761904762,1.0
ballroom/ballroom_Media-103914/track.npy,ballroom,1.0,1.0,1.0,1.0,0.8833422038265483,0.8985986416139807,0.975609756097561,1.0
ballroom/ballroom_Media-103920/track.npy,ballroom,1.0,1.0,1.0,1.0,0.9787501339793998,0.9718887939906519,1.0,1.0
ballroom/ballroom_Media-104001/track.npy,ballroom,1.0,1.0,1.0,1.0,0.9844016811768238,0.9908376540376537,1.0,1.0
ballroom/ballroom_Media-104002/track.npy,ballroom,1.0,1.0,1.0,1.0,0.9740849807324536,0.9790552035055737,1.0,1.0
ballroom/ballroom_Media-104107/track.npy,ballroom,1.0,1.0,1.0,1.0,0.9808840127130719,0.979205495440155,1.0,1.0
ballroom/ballroom_Media-104111/track.npy,ballroom,0.9807692307692307,1.0,0.9807692307692307,1.0,0.9629061583112646,0.9526917196561328,0.9902912621359222,1.0
ballroom/ballroom_Media-104117/track.npy,ballroom,0.9726027397260274,1.0,0.9726027397260274,1.0,0.966681232277244,0.9729984505845491,0.9861111111111112,1.0
ballroom/ballroom_Media-104208/track.npy,ballroom,0.9818181818181818,1.0,0.9818181818181818,1.0,0.9544997964832972,0.9747732814938307,0.9908256880733944,1.0
ballroom/ballroom_Media-104211/track.npy,ballroom,0.9736842105263158,0.8,0.9736842105263158,0.8,0.9317986011192585,0.7560135323078679,0.9866666666666666,0.8000000000000002
ballroom/ballroom_Media-104217/track.npy,ballroom,0.9767441860465116,1.0,0.9767441860465116,1.0,0.9652973952348695,0.971098775656792,0.9941520467836257,1.0
ballroom/ballroom_Media-104218/track.npy,ballroom,0.8372093023255814,0.7619047619047619,0.8372093023255814,0.7619047619047619,0.8371314417594994,0.7039033428984786,0.8837209302325582,0.7142857142857143
ballroom/ballroom_Media-104301/track.npy,ballroom,0.9722222222222222,1.0,0.9722222222222222,1.0,0.6962749947997797,0.7052582316370835,0.8888888888888888,0.8333333333333334
ballroom/ballroom_Media-104306/track.npy,ballroom,0.9818181818181818,0.9285714285714286,0.9818181818181818,0.9285714285714286,0.9424144128537999,0.9319863924470796,0.9908256880733944,0.962962962962963
ballroom/ballroom_Media-104405/track.npy,ballroom,0.9814814814814815,0.9285714285714286,0.9814814814814815,0.9285714285714286,0.9413712642815035,0.9236287461643609,0.9906542056074767,0.962962962962963
ballroom/ballroom_Media-104504/track.npy,ballroom,0.972972972972973,1.0,0.972972972972973,1.0,0.8121633846256109,0.7937455895156157,0.9315068493150684,0.9166666666666666
ballroom/ballroom_Media-104514/track.npy,ballroom,0.9886363636363636,1.0,0.9886363636363636,1.0,0.9683588347536074,0.981593325344019,0.9942857142857142,1.0
ballroom/ballroom_Media-104601/track.npy,ballroom,0.9210526315789473,0.9230769230769231,0.9210526315789473,0.9230769230769231,0.7957534363809502,0.805739053857758,0.9315068493150684,0.9600000000000001
ballroom/ballroom_Media-104602/track.npy,ballroom,0.9722222222222222,1.0,0.9722222222222222,1.0,0.8638074402421699,0.8885190602241558,0.9859154929577464,1.0
ballroom/ballroom_Media-104618/track.npy,ballroom,0.9555555555555556,1.0,0.0,0.0,0.7296187838633807,0.7562774924866962,0.6615384615384614,0.6666666666666666
ballroom/ballroom_Media-104703/track.npy,ballroom,0.9444444444444444,0.9166666666666666,0.9444444444444444,0.9166666666666666,0.8644459960139725,0.8878585235779459,0.9577464788732395,0.9565217391304348
ballroom/ballroom_Media-104708/track.npy,ballroom,0.9444444444444444,0.9285714285714286,0.9444444444444444,0.9285714285714286,0.8739172070806168,0.8816043810310633,0.9811320754716981,0.962962962962963
ballroom/ballroom_Media-104801/track.npy,ballroom,0.9459459459459459,1.0,0.9459459459459459,1.0,0.7490378032694263,0.8430093241908624,0.8767123287671232,0.9166666666666666
ballroom/ballroom_Media-104811/track.npy,ballroom,0.961038961038961,0.6666666666666666,0.961038961038961,0.6666666666666666,0.8621130831792202,0.6368599563233123,0.9736842105263157,0.6923076923076923
ballroom/ballroom_Media-104903/track.npy,ballroom,0.9722222222222222,1.0,0.9722222222222222,1.0,0.7097831731229696,0.7339335132658841,0.9295774647887323,1.0
ballroom/ballroom_Media-104906/track.npy,ballroom,0.9814814814814815,0.9285714285714286,0.9814814814814815,0.9285714285714286,0.9346507328065197,0.9085046363454601,0.9906542056074767,0.962962962962963
ballroom/ballroom_Media-104917/track.npy,ballroom,0.7674418604651163,0.9545454545454546,0.7674418604651163,0.9545454545454546,0.6978252772895421,0.7290161508361445,0.935672514619883,0.9302325581395349
ballroom/ballroom_Media-105105/track.npy,ballroom,0.9722222222222222,0.9166666666666666,0.9722222222222222,0.9166666666666666,0.9089450011541403,0.8640225296671169,0.9859154929577464,0.9565217391304348
ballroom/ballroom_Media-105111/track.npy,ballroom,0.9459459459459459,1.0,0.9459459459459459,1.0,0.8289182595790044,0.8367603749319236,0.979591836734694,1.0
ballroom/ballroom_Media-105121/track.npy,ballroom,0.8604651162790697,0.7727272727272727,0.8604651162790697,0.7727272727272727,0.7381416280291919,0.6884210798468162,0.935672514619883,0.8181818181818182
ballroom/ballroom_Media-105318/track.npy,ballroom,0.9868421052631579,0.9615384615384616,0.9868421052631579,0.9615384615384616,0.874633821763834,0.8503858910332921,0.9933774834437086,0.9803921568627451
ballroom/ballroom_Media-105408/track.npy,ballroom,0.3469387755102041,0.3,0.14285714285714285,0.3,0.5323575138413171,0.18273981591455835,0.449438202247191,0.22222222222222224
ballroom/ballroom_Media-105418/track.npy,ballroom,0.96875,1.0,0.96875,1.0,0.9138686654772656,0.9716448753540968,0.9841269841269841,1.0
ballroom/ballroom_Media-105603/track.npy,ballroom,0.9811320754716981,1.0,0.9811320754716981,1.0,0.9617917532992758,0.9793171845256331,0.9904761904761905,1.0
ballroom/ballroom_Media-105703/track.npy,ballroom,0.9473684210526315,1.0,0.9473684210526315,1.0,0.9513816411188137,0.9832034289089094,0.972972972972973,1.0
ballroom/ballroom_Media-105709/track.npy,ballroom,0.9736842105263158,1.0,0.9736842105263158,1.0,0.9260450323442054,0.9396893615992191,0.9866666666666666,1.0
ballroom/ballroom_Media-105716/track.npy,ballroom,0.9647058823529412,0.9545454545454546,0.9647058823529412,0.9545454545454546,0.9456356031450387,0.9526378631828257,0.9761904761904762,0.9767441860465117
ballroom/ballroom_Media-105801/track.npy,ballroom,1.0,1.0,1.0,1.0,0.9047804130984134,0.8889121361447141,1.0,1.0
ballroom/ballroom_Media-105808/track.npy,ballroom,0.9814814814814815,0.9285714285714286,0.9814814814814815,0.9285714285714286,0.9546367796457439,0.9222111634207067,0.9906542056074767,0.962962962962963
ballroom/ballroom_Media-105901/track.npy,ballroom,1.0,1.0,1.0,1.0,0.8848821222957761,0.8890840712515908,1.0,1.0
ballroom/ballroom_Media-105902/track.npy,ballroom,1.0,1.0,1.0,1.0,0.8433952400336396,0.8351172640871097,1.0,1.0
ballroom/ballroom_Media-105903/track.npy,ballroom,1.0,1.0,1.0,1.0,0.7874997638164661,0.7504233070005218,1.0,1.0
ballroom/ballroom_Media-106005/track.npy,ballroom,0.9629629629629629,1.0,0.9629629629629629,1.0,0.9302192821296512,0.9567198256201431,0.9811320754716981,1.0
ballroom/ballroom_Media-106008/track.npy,ballroom,0.9629629629629629,1.0,0.9629629629629629,1.0,0.9643630923130307,0.9707131100434275,0.9811320754716981,1.0
ballroom/ballroom_Media-106009/track.npy,ballroom,0.9473684210526315,1.0,0.9473684210526315,1.0,0.9550188421510739,0.9879712492412855,0.972972972972973,1.0
ballroom/ballroom_Media-106114/track.npy,ballroom,0.958904109589041,0.9444444444444444,0.958904109589041,0.9444444444444444,0.9592779050830752,0.9530604448769058,0.9790209790209791,0.9714285714285714
beatles/beatles_01_Please_Please_Me_01_I_Saw_Her_Standing_There/track.npy,beatles,0.997737556561086,0.990990990990991,0.997737556561086,0.990990990990991,0.958972165182529,0.9498271214301286,0.997737556561086,0.9954751131221719
beatles/beatles_01_Please_Please_Me_04_Chains/track.npy,beatles,0.9966101694915255,0.9864864864864865,0.9966101694915255,0.9864864864864865,0.9720633551564652,0.9733137554773076,0.99830220713073,0.9931972789115647
beatles/beatles_02_With_the_Beatles_09_Hold_Me_Tight/track.npy,beatles,0.9875389408099688,0.95,0.9875389408099688,0.95,0.9565231652305258,0.9231600992920297,0.9953051643192489,0.9625000000000001
beatles/beatles_03_A_Hard_Days_Night_06_Tell_Me_Why/track.npy,beatles,0.9838187702265372,0.987012987012987,0.9838187702265372,0.987012987012987,0.9632172980859341,0.9604285998719367,0.9951219512195122,0.987012987012987
beatles/beatles_03_A_Hard_Days_Night_08_Any_Time_At_All/track.npy,beatles,0.9965397923875432,0.9863013698630136,0.9965397923875432,0.9863013698630136,0.9785082439258692,0.9749140797155752,0.9982668977469671,0.993103448275862
beatles/beatles_04_Beatles_for_Sale_01_No_Reply/track.npy,beatles,0.9850187265917603,0.9850746268656716,0.9850187265917603,0.9850746268656716,0.6370792023955902,0.6315329373609976,0.9849056603773584,0.9924812030075187
beatles/beatles_04_Beatles_for_Sale_08_Eight_Days_a_Week/track.npy,beatles,1.0,1.0,1.0,1.0,0.6551062740437219,0.684919588848896,1.0,1.0
beatles/beatles_05_Help_06_Youre_Going_To_Lose_That_Girl/track.npy,beatles,0.9964539007092199,0.9295774647887324,0.9964539007092199,0.9295774647887324,0.7737513388485174,0.7500127954779809,0.9982238010657194,0.9295774647887324
beatles/beatles_06_Rubber_Soul_01_Drive_My_Car/track.npy,beatles,0.9656357388316151,0.8493150684931506,0.9656357388316151,0.8493150684931506,0.8968154117811428,0.7926801177712611,0.9825174825174825,0.875
beatles/beatles_06_Rubber_Soul_07_Michelle/track.npy,beatles,0.9966666666666667,1.0,0.9966666666666667,1.0,0.9432722712884266,0.9243416319158634,0.9983305509181971,1.0
beatles/beatles_07_Revolver_06_Yellow_Submarine/track.npy,beatles,0.9855595667870036,0.9857142857142858,0.9855595667870036,0.9857142857142858,0.9011292224759726,0.9106159150906253,0.9909255898366605,0.9928057553956835
beatles/beatles_07_Revolver_11_Doctor_Robert/track.npy,beatles,0.9884393063583815,0.6627906976744186,0.9884393063583815,0.6627906976744186,0.9690538565230606,0.768588341587491,0.9942028985507246,0.7901234567901234
beatles/beatles_08_Sgt_Peppers_Lonely_Hearts_Club_Band_01_Sgt_Peppers_Lonely_Hearts_Club_Band/track.npy,beatles,0.967032967032967,0.9565217391304348,0.967032967032967,0.9565217391304348,0.7675442659150489,0.7703607062418639,0.9776536312849162,0.9777777777777777
beatles/beatles_08_Sgt_Peppers_Lonely_Hearts_Club_Band_09_When_Im_Sixty-Four/track.npy,beatles,0.9860724233983287,0.8111111111111111,0.9860724233983287,0.8111111111111111,0.8553673386207227,0.7059267981226898,0.9930069930069931,0.8491620111731844
beatles/beatles_09_Magical_Mystery_Tour_03_Flying/track.npy,beatles,0.83125,0.8717948717948718,0.83125,0.8717948717948718,0.800871461259534,0.8176048344865491,0.9078498293515359,0.9315068493150686
beatles/beatles_10_CD1_The_Beatles_08_Happiness_is_a_Warm_Gun/track.npy,beatles,0.6208053691275168,0.2857142857142857,0.6208053691275168,0.2857142857142857,0.8037312459283469,0.5603354146699353,0.8684684684684685,0.6103896103896105
beatles/beatles_10_CD1_The_Beatles_11_Black_Bird/track.npy,beatles,0.9701492537313433,0.7058823529411765,0.9701492537313433,0.010526315789473684,0.8830082006025951,0.619193569664609,0.9724310776942355,0.5753424657534246
beatles/beatles_10_CD2_The_Beatles_04_Everybodys_Got_Something_To_Hide_Except_Me_and_My_Monkey/track.npy,beatles,0.9635036496350365,0.6428571428571429,0.9635036496350365,0.6428571428571429,0.9354154290015313,0.7415935585383728,0.9724770642201834,0.7633587786259541
beatles/beatles_10_CD2_The_Beatles_09_Honey_Pie/track.npy,beatles,0.8645533141210374,0.9146341463414634,0.8645533141210374,0.006329113924050633,0.7815485295911065,0.7484412137526181,0.9149560117302051,0.6166666666666667
beatles/beatles_11_Abbey_Road_08_Because/track.npy,beatles,0.9712918660287081,0.7884615384615384,0.9712918660287081,0.7884615384615384,0.8751375987650047,0.7500527184976453,0.9759615384615384,0.8316831683168318
beatles/beatles_11_Abbey_Road_09_You_Never_Give_Me_Your_Money/track.npy,beatles,0.9320113314447592,0.7159090909090909,0.9320113314447592,0.7159090909090909,0.8885055346204732,0.7556362785915928,0.9668109668109669,0.7999999999999999
beatles/beatles_12_Let_It_Be_06_Let_It_Be/track.npy,beatles,1.0,0.5185185185185185,1.0,0.32038834951456313,0.8920085175230287,0.7385490717421792,0.9963369963369964,0.7836257309941521
candombe/csic.1995_ansina1_03/track.npy,candombe,0.996996996996997,0.9760479041916168,0.996996996996997,0.9760479041916168,0.9680382885891832,0.9478909334053622,0.9984984984984985,0.9820359281437125
candombe/csic.1995_cuareim_05/track.npy,candombe,0.9984825493171472,0.9818181818181818,0.9984825493171472,0.9818181818181818,0.9736538772494331,0.9672626594311706,0.9992406985573272,0.9878787878787879
candombe/proyecto.1992_magarinos_02/track.npy,candombe,0.9993610223642172,1.0,0.9993610223642172,1.0,0.9717171211543911,0.9748819096106993,0.9996804090763822,1.0
candombe/zavala.muniz.2014_50/track.npy,candombe,0.9941690962099126,0.9534883720930233,0.9941690962099126,0.9534883720930233,0.9680066075598663,0.9381380248861505,0.9956204379562044,0.9651162790697675
candombe/zavala.muniz.2014_51/track.npy,candombe,1.0,1.0,1.0,1.0,0.9777905603521417,0.9828452948362152,1.0,1.0
filosax/filosax_07/track.npy,filosax,0.9970149253731343,0.9101796407185628,0.9970149253731343,0.9101796407185628,0.9464411159337749,0.8849443243094162,0.9985074626865672,0.9357798165137615
filosax/filosax_14/track.npy,filosax,0.9928469241773963,1.0,0.9928469241773963,1.0,0.9455115587309716,0.9356317581346567,0.9967799642218247,0.997134670487106
filosax/filosax_18/track.npy,filosax,0.9809523809523809,0.9809885931558935,0.9809523809523809,0.9809885931558935,0.9382033269318193,0.9257759490193206,0.9903846153846153,0.9904030710172744
filosax/filosax_34/track.npy,filosax,0.9969278033794163,0.9631901840490797,0.9969278033794163,0.9631901840490797,0.9076070923988419,0.879608705667963,0.9969230769230769,0.9693251533742331
filosax/filosax_40/track.npy,filosax,0.9898785425101214,0.9758064516129032,0.9898785425101214,0.9758064516129032,0.9582643376245972,0.9389570839653132,0.9949341438703141,0.9838709677419355
filosax/filosax_46/track.npy,filosax,0.9837328767123288,0.9180887372013652,0.9837328767123288,0.9180887372013652,0.9301922802464583,0.8535642970625735,0.9926881720430107,0.9262435677530017
groove_midi/drummer10_session1_6_jazz-swing_215_beat_4-4/track.npy,groove_midi,0.953125,0.625,0.953125,0.625,0.76600007181677,0.5041418366853908,0.9921259842519685,0.625
groove_midi/drummer1_eval_session_2_funk-groove2_105_beat_4-4/track.npy,groove_midi,0.9821428571428571,0.9285714285714286,0.9821428571428571,0.9285714285714286,0.9563899655479604,0.9343928661048624,0.9909909909909909,0.962962962962963
groove_midi/drummer1_eval_session_7_pop-groove7_138_beat_4-4/track.npy,groove_midi,1.0,1.0,1.0,1.0,0.8306375962215923,0.8270516479366479,1.0,1.0
groove_midi/drummer1_session1_100_neworleans-secondline_94_beat_4-4/track.npy,groove_midi,0.7869565217391304,0.7884615384615384,0.7869565217391304,0.7884615384615384,0.8943905821859042,0.8117424876474433,0.9425287356321839,0.8514851485148514
groove_midi/drummer1_session1_145_latin-brazilian-baiao_95_beat_4-4/track.npy,groove_midi,0.975609756097561,0.8181818181818182,0.975609756097561,0.8181818181818182,0.9300555931666228,0.7726163117402297,0.975609756097561,0.8181818181818182
groove_midi/drummer1_session1_239_funk-purdieshuffle_130_beat_4-4/track.npy,groove_midi,0.9903147699757869,0.8476190476190476,0.9903147699757869,0.8476190476190476,0.9240915733750157,0.8031489395308178,0.9951338199513382,0.8792270531400966
groove_midi/drummer1_session1_28_latin-samba_116_beat_4-4/track.npy,groove_midi,0.9521640091116174,0.616822429906542,0.9521640091116174,0.616822429906542,0.870142276194312,0.6806138331728501,0.9861431870669746,0.7317073170731707
groove_midi/drummer1_session1_50_jazz_125_beat_4-4/track.npy,groove_midi,0.9915254237288136,0.7627118644067796,0.9915254237288136,0.7627118644067796,0.9386820313348997,0.8240781387502398,0.9957446808510638,0.875
groove_midi/drummer1_session2_180_rock_50_beat_4-4/track.npy,groove_midi,0.0896551724137931,0.48314606741573035,0.0896551724137931,0.013513513513513514,0.5386048445381486,0.3807820630956146,0.5844155844155844,0.31932773109243695
groove_midi/drummer1_session2_2_latin-chacarera_118_beat_4-4/track.npy,groove_midi,0.12559241706161137,0.14516129032258066,0.12559241706161137,0.1111111111111111,0.6184716707540244,0.08901404627285378,0.6420118343195267,0.06722689075630252
groove_midi/drummer1_session2_6_rock_102_beat_3-4/track.npy,groove_midi,0.75,0.5327102803738317,0.75,0.5327102803738317,0.7922943836006011,0.6287477752034656,0.8948148148148148,0.7263157894736842
groove_midi/drummer1_session3_18_rock_128_beat_4-4/track.npy,groove_midi,0.9931740614334471,1.0,0.9931740614334471,1.0,0.9277661282422276,0.9359425357054746,0.9965753424657535,1.0
groove_midi/drummer1_session3_2_jazz-swing_185_beat_4-4/track.npy,groove_midi,0.7704918032786885,0.7570093457943925,0.12962962962962962,0.12698412698412698,0.7940099128791207,0.7891056953170039,0.7218934911242603,0.7094594594594595
groove_midi/drummer3_session1_15_jazz_120_beat_4-4/track.npy,groove_midi,0.9814814814814815,0.9285714285714286,0.9814814814814815,0.9285714285714286,0.9502362744898029,0.9482541448196075,0.9814814814814815,0.962962962962963
groove_midi/drummer3_session1_9_rock_105_beat_4-4/track.npy,groove_midi,1.0,1.0,1.0,1.0,0.9049716491753772,0.8884030798867795,1.0,1.0
groove_midi/drummer3_session2_22_rock_92_beat_4-4/track.npy,groove_midi,0.9705882352941176,0.6666666666666666,0.9705882352941176,0.6666666666666666,0.9428593859363463,0.7358518192459328,0.9850746268656716,0.7777777777777778
groove_midi/drummer5_eval_session_3_soul-groove3_86_beat_4-4/track.npy,groove_midi,0.9824561403508771,0.9333333333333333,0.9824561403508771,0.9333333333333333,0.9553434547446911,0.9501754949291411,0.9911504424778761,0.9655172413793104
groove_midi/drummer5_session1_4_latin-brazilian-samba_89_beat_4-4/track.npy,groove_midi,1.0,1.0,1.0,1.0,0.9164592766445058,0.9026662010544614,1.0,1.0
groove_midi/drummer5_session2_12_rock_105_beat_4-4/track.npy,groove_midi,0.9954337899543378,1.0,0.9954337899543378,1.0,0.9191125991192566,0.9089899913409304,0.9977116704805492,1.0
groove_midi/drummer5_session2_14_rock_140_beat_4-4/track.npy,groove_midi,0.9855072463768116,0.9423076923076923,0.9855072463768116,0.9423076923076923,0.9378127628370757,0.937251851089202,0.9927007299270074,0.970873786407767
groove_midi/drummer5_session2_1_latin-venezuelan-sangueo_101_beat_4-4/track.npy,groove_midi,1.0,1.0,1.0,1.0,0.9332072442985087,0.9360819791983087,1.0,1.0
groove_midi/drummer5_session2_6_neworleans-secondline_99_beat_4-4/track.npy,groove_midi,0.9886877828054299,0.972972972972973,0.9886877828054299,0.972972972972973,0.9413270861326627,0.9279266179389254,0.9954648526077098,0.9864253393665158
groove_midi/drummer6_session1_1_rock_70_beat_6-8/track.npy,groove_midi,0.7857142857142857,0.0,0.7857142857142857,0.0,0.828487294786404,0.5996028946222526,0.923076923076923,0.6
groove_midi/drummer7_eval_session_3_soul-groove3_86_beat_4-4/track.npy,groove_midi,1.0,1.0,1.0,1.0,0.9234675577594115,0.9141795690031077,1.0,1.0
groove_midi/drummer7_eval_session_6_hiphop-groove6_87_beat_4-4/track.npy,groove_midi,0.9824561403508771,0.9333333333333333,0.9824561403508771,0.9333333333333333,0.9614868385020028,0.9342494079089813,0.9911504424778761,0.9655172413793104
groove_midi/drummer7_session1_16_hiphop_100_beat_4-4/track.npy,groove_midi,0.9696969696969697,1.0,0.9696969696969697,1.0,0.9524710550142493,0.9593931360207795,0.9846153846153847,1.0
groove_midi/drummer7_session1_1_rock_86_beat_4-4/track.npy,groove_midi,0.9905660377358491,0.925,0.9905660377358491,0.0,0.8567108311484803,0.41694902557599733,0.9921011058451816,0.0
groove_midi/drummer7_session2_104_pop_132_beat_4-4/track.npy,groove_midi,0.979381443298969,0.9583333333333334,0.979381443298969,0.0,0.9436986646403399,0.4703479409006657,0.9895833333333333,0.0
groove_midi/drummer7_session2_14_rock_95_beat_4-4/track.npy,groove_midi,0.9811320754716981,0.9285714285714286,0.9811320754716981,0.9285714285714286,0.9511193278838069,0.9420740793264026,0.9904761904761905,0.962962962962963
groove_midi/drummer7_session2_27_rock_75_beat_4-4/track.npy,groove_midi,0.9924812030075187,1.0,0.9924812030075187,1.0,0.9020812328439427,0.9138317008246932,0.981132075471698,0.9696969696969697
groove_midi/drummer7_session2_45_rock_135_beat_4-4/track.npy,groove_midi,0.9932885906040269,0.9736842105263158,0.9932885906040269,0.9736842105263158,0.9298497867088248,0.9072482163405453,0.9966329966329966,0.9866666666666666
groove_midi/drummer7_session2_46_rock_135_beat_4-4/track.npy,groove_midi,0.9661016949152542,1.0,0.9661016949152542,1.0,0.9280215563343931,0.9642028852541419,0.9827586206896551,1.0
groove_midi/drummer7_session2_80_country_78_beat_4-4/track.npy,groove_midi,0.978494623655914,0.4065934065934066,0.978494623655914,0.4,0.9117516543755487,0.7456040236767996,0.9891304347826088,0.8108108108108107
groove_midi/drummer7_session2_87_hiphop_75_beat_4-4/track.npy,groove_midi,1.0,1.0,1.0,1.0,0.8507087809678922,0.8564527994401346,1.0,1.0
groove_midi/drummer7_session3_108_rock_95_beat_4-4/track.npy,groove_midi,1.0,0.33962264150943394,1.0,0.20754716981132076,0.9654513704481755,0.6048065890527868,1.0,0.46808510638297873
groove_midi/drummer7_session3_117_rock_95_beat_4-4/track.npy,groove_midi,1.0,1.0,1.0,1.0,0.9030897954465263,0.9324610268283996,1.0,1.0
groove_midi/drummer7_session3_129_rock_93_beat_4-4/track.npy,groove_midi,1.0,1.0,1.0,1.0,0.9407931947801449,0.9366104074352132,1.0,1.0
groove_midi/drummer7_session3_24_hiphop_67_beat_4-4/track.npy,groove_midi,0.9339622641509434,0.68,0.9339622641509434,0.68,0.9060192956992824,0.766793901762857,0.9807692307692307,0.8333333333333333
groove_midi/drummer8_eval_session_4_soul-groove4_80_beat_4-4/track.npy,groove_midi,1.0,1.0,1.0,1.0,0.9622537500273968,0.9498618214874064,1.0,1.0
groove_midi/drummer8_eval_session_8_rock-groove8_65_beat_4-4/track.npy,groove_midi,0.9830508474576272,0.9333333333333333,0.9830508474576272,0.9333333333333333,0.938529276392255,0.9328038690513052,0.9914529914529915,0.9655172413793104
groove_midi/drummer8_session1_14_hiphop_94_beat_4-4/track.npy,groove_midi,0.992,0.9523809523809523,0.992,0.9523809523809523,0.9616776843325666,0.9436359047374936,0.9959839357429718,0.976
groove_midi/drummer8_session1_6_funk_80_beat_4-4/track.npy,groove_midi,0.9954128440366973,0.9818181818181818,0.9954128440366973,0.9818181818181818,0.9348582397519851,0.9266987529560146,0.9977011494252873,0.9908256880733944
guitarset/00_BN2-131-B_comp_mix/track.npy,guitarset,0.5454545454545454,0.5555555555555556,0.5454545454545454,0.23076923076923078,0.7764208562912644,0.5926829169965495,0.8571428571428572,0.5454545454545455
guitarset/00_Rock3-117-Bb_comp_mix/track.npy,guitarset,0.8928571428571429,0.9285714285714286,0.8928571428571429,0.9285714285714286,0.8992474921454939,0.8569932148553582,0.9454545454545454,0.888888888888889
guitarset/00_SS2-107-Ab_comp_mix/track.npy,guitarset,0.9482758620689655,0.8666666666666667,0.9482758620689655,0.8666666666666667,0.9245740467661808,0.8828489149391141,0.9734513274336283,0.9285714285714286
guitarset/01_Funk1-114-Ab_comp_mix/track.npy,guitarset,0.6888888888888889,0.5454545454545454,0.6888888888888889,0.5454545454545454,0.8727972524976034,0.7790647930147616,0.9156626506024096,0.7999999999999999
guitarset/01_Funk2-108-Eb_comp_mix/track.npy,guitarset,0.9821428571428571,0.9285714285714286,0.9821428571428571,0.9285714285714286,0.9497655614858107,0.9245594244685359,0.9909909909909909,0.962962962962963
guitarset/01_Jazz3-137-Eb_comp_mix/track.npy,guitarset,1.0,1.0,1.0,1.0,0.9593510946801584,0.9535178631920602,1.0,1.0
guitarset/02_Jazz2-187-F#_comp_mix/track.npy,guitarset,1.0,1.0,1.0,1.0,0.9589384217460145,0.9306736087714439,1.0,1.0
guitarset/02_Jazz3-137-Eb_comp_mix/track.npy,guitarset,1.0,1.0,1.0,1.0,0.9738859797626384,0.9553488391974978,1.0,1.0
guitarset/02_Rock3-117-Bb_comp_mix/track.npy,guitarset,1.0,1.0,1.0,1.0,0.8741100752154473,0.8876176519404699,1.0,1.0
guitarset/02_SS1-68-E_comp_mix/track.npy,guitarset,0.9534883720930233,0.6363636363636364,0.9534883720930233,0.6363636363636364,0.5859205534016877,0.47914149332557493,0.8235294117647058,0.5714285714285713
guitarset/03_BN1-129-Eb_comp_mix/track.npy,guitarset,1.0,1.0,1.0,1.0,0.975841709083572,0.976282595488366,1.0,1.0
guitarset/03_Funk2-108-Eb_comp_mix/track.npy,guitarset,0.9818181818181818,0.9285714285714286,0.9818181818181818,0.9285714285714286,0.9572357504950567,0.9465150274792881,0.9818181818181818,0.962962962962963
guitarset/03_Jazz2-110-Bb_comp_mix/track.npy,guitarset,0.6875,0.6666666666666666,0.6875,0.6666666666666666,0.7226825530810175,0.522890680153226,0.8644067796610169,0.6428571428571429
guitarset/03_Rock2-85-F_comp_mix/track.npy,guitarset,0.9824561403508771,0.9333333333333333,0.9824561403508771,0.9333333333333333,0.6716190566870475,0.6843994452467576,0.9734513274336283,0.9655172413793104
guitarset/03_SS1-68-E_comp_mix/track.npy,guitarset,0.4098360655737705,0.5,0.4098360655737705,0.5,0.742689852274323,0.4572150306087023,0.8155339805825244,0.5
guitarset/04_SS2-88-F_comp_mix/track.npy,guitarset,0.9824561403508771,0.9333333333333333,0.9824561403508771,0.9333333333333333,0.9250573377160985,0.8872045949571962,0.9911504424778761,0.9655172413793104
guitarset/05_BN2-131-B_comp_mix/track.npy,guitarset,1.0,1.0,1.0,1.0,0.7177352514571429,0.7119105236478299,1.0,1.0
guitarset/05_BN3-154-E_comp_mix/track.npy,guitarset,1.0,1.0,1.0,1.0,0.9543777298706793,0.9409358527329325,1.0,1.0
guitarset/05_Funk1-114-Ab_comp_mix/track.npy,guitarset,0.7368421052631579,0.7777777777777778,0.7368421052631579,0.7777777777777778,0.778287744072317,0.7501999050021494,0.8,0.7777777777777778
guitarset/05_Jazz2-110-Bb_comp_mix/track.npy,guitarset,0.9642857142857143,0.9285714285714286,0.9642857142857143,0.9285714285714286,0.8117135513255929,0.8318469415905169,0.9818181818181818,0.962962962962963
guitarset/05_Rock1-90-C#_comp_mix/track.npy,guitarset,0.975609756097561,0.9090909090909091,0.975609756097561,0.9090909090909091,0.8899052798132349,0.8805611309432203,0.9876543209876543,0.9523809523809523
guitarset/05_Rock2-85-F_comp_mix/track.npy,guitarset,0.9655172413793104,0.9333333333333333,0.9655172413793104,0.9333333333333333,0.8470084611282163,0.8390636774216922,0.9824561403508771,0.9655172413793104
guitarset/05_SS2-107-Ab_comp_mix/track.npy,guitarset,1.0,1.0,1.0,1.0,0.8650040291888962,0.8847203086642638,1.0,1.0
hainsworth/hainsworth_011/track.npy,hainsworth,1.0,1.0,1.0,1.0,0.9658517289760946,0.9659503955261487,1.0,1.0
hainsworth/hainsworth_025/track.npy,hainsworth,0.9857142857142858,0.7222222222222222,0.9857142857142858,0.7222222222222222,0.9550362287791573,0.751727612347977,0.9928057553956835,0.7777777777777778
hainsworth/hainsworth_042/track.npy,hainsworth,0.9916666666666667,0.8,0.9916666666666667,0.8,0.9825265428236922,0.8266616723583284,0.99581589958159,0.8333333333333334
hainsworth/hainsworth_056/track.npy,hainsworth,0.43414634146341463,0.34210526315789475,0.3945578231292517,0.34210526315789475,0.8079970247550645,0.43232534972219194,0.824,0.4444444444444444
hainsworth/hainsworth_073/track.npy,hainsworth,0.9924242424242424,0.7272727272727273,0.0,0.0,0.7442420596367036,0.5535094939138561,0.6666666666666666,0.5306122448979591
hainsworth/hainsworth_075/track.npy,hainsworth,0.9545454545454546,0.047619047619047616,0.015748031496062992,0.0,0.7487801082192767,0.20671535832950472,0.6735751295336787,0.17241379310344826
hainsworth/hainsworth_084/track.npy,hainsworth,1.0,0.47619047619047616,1.0,0.47619047619047616,0.9706312250305248,0.5791745369233555,1.0,0.5238095238095238
hainsworth/hainsworth_088/track.npy,hainsworth,1.0,1.0,1.0,1.0,0.9642271243150417,0.9768148943733126,1.0,1.0
hainsworth/hainsworth_089/track.npy,hainsworth,0.9902912621359223,0.64,0.9902912621359223,0.64,0.9661149316493487,0.6637441606551872,0.9951219512195122,0.68
hainsworth/hainsworth_112/track.npy,hainsworth,0.9762845849802372,0.8095238095238095,0.0,0.0,0.7978882198833839,0.6617887529718309,0.6613756613756613,0.553191489361702
hainsworth/hainsworth_114/track.npy,hainsworth,1.0,1.0,1.0,1.0,0.9793882186157654,0.9790257099111478,1.0,1.0
hainsworth/hainsworth_115/track.npy,hainsworth,0.9942857142857143,0.8409090909090909,0.9942857142857143,0.8409090909090909,0.97278609744063,0.8238490308827042,0.9971346704871061,0.8409090909090909
hainsworth/hainsworth_120/track.npy,hainsworth,0.9885057471264368,0.9772727272727273,0.9885057471264368,0.9772727272727273,0.9419132974587028,0.9333737488629952,0.9971181556195965,0.9885057471264368
hainsworth/hainsworth_123/track.npy,hainsworth,0.71875,0.16666666666666666,0.71875,0.0,0.6245561872863451,0.18151514845821903,0.7878787878787878,0.20689655172413793
hainsworth/hainsworth_128/track.npy,hainsworth,0.45217391304347826,0.058823529411764705,0.45217391304347826,0.0,0.5099301368860678,0.11670574407246581,0.6022727272727273,0.1818181818181818
hainsworth/hainsworth_141/track.npy,hainsworth,0.639344262295082,0.6666666666666666,0.639344262295082,0.6666666666666666,0.6727178530229729,0.5798741476199281,0.793103448275862,0.6428571428571429
hainsworth/hainsworth_154/track.npy,hainsworth,1.0,1.0,1.0,1.0,0.9677523273149411,0.9653075613270801,1.0,1.0
hainsworth/hainsworth_182/track.npy,hainsworth,1.0,1.0,1.0,1.0,0.9759713386588109,0.9757122960205712,1.0,1.0
hainsworth/hainsworth_191/track.npy,hainsworth,1.0,1.0,1.0,1.0,0.9644245431993383,0.9635116265136571,1.0,1.0
hainsworth/hainsworth_193/track.npy,hainsworth,0.5681818181818182,0.09090909090909091,0.5681818181818182,0.045454545454545456,0.5884714922948966,0.3272876102298783,0.7701149425287357,0.3636363636363636
hainsworth/hainsworth_200/track.npy,hainsworth,0.9726027397260274,1.0,0.9726027397260274,1.0,0.917193128062542,0.9305827890837592,0.958904109589041,1.0
hainsworth/hainsworth_207/track.npy,hainsworth,0.15228426395939088,0.08333333333333333,0.15228426395939088,0.0,0.5393554637452012,0.16894573234069338,0.662379421221865,0.22580645161290325
hainsworth/hainsworth_230/track.npy,hainsworth,0.9803921568627451,0.92,0.9803921568627451,0.92,0.9285210615968045,0.8898804376836543,0.9950738916256158,0.96
hainsworth/hainsworth_232/track.npy,hainsworth,1.0,0.5185185185185185,1.0,0.5185185185185185,0.9738915746871848,0.5348811295280514,1.0,0.5555555555555556
hainsworth/hainsworth_234/track.npy,hainsworth,1.0,1.0,1.0,1.0,0.9679492650251987,0.968177751126514,1.0,1.0
hainsworth/hainsworth_238/track.npy,hainsworth,1.0,1.0,1.0,1.0,0.980639857549333,0.9799983165258994,1.0,1.0
hainsworth/hainsworth_239/track.npy,hainsworth,1.0,1.0,1.0,1.0,0.9854544838885614,0.9863438392827869,1.0,1.0
hainsworth/hainsworth_244/track.npy,hainsworth,1.0,1.0,1.0,0.0,0.9428537192933657,0.7977091233380642,1.0,0.6829268292682926
harmonix/0004_abc/track.npy,harmonix,0.8075601374570447,0.5753424657534246,0.8075601374570447,0.5753424657534246,0.7979850841765989,0.5568587216173093,0.8853046594982079,0.6099290780141843
harmonix/0009_americanmusic/track.npy,harmonix,0.8924302788844621,0.9504132231404959,0.8924302788844621,0.9504132231404959,0.8052281747823594,0.7968333528875884,0.9168356997971603,0.9090909090909091
harmonix/0032_boomboompow/track.npy,harmonix,0.9975609756097561,0.9411764705882353,0.9975609756097561,0.9411764705882353,0.9600596038873063,0.9001335258436114,0.9987789987789988,0.9509803921568627
harmonix/0038_bringmetolife/track.npy,harmonix,0.9945205479452055,0.9239130434782609,0.9945205479452055,0.9239130434782609,0.9692496806383971,0.9195865315852809,0.9972527472527473,0.9456521739130435
harmonix/0052_collector/track.npy,harmonix,0.9830917874396136,0.25263157894736843,0.9830917874396136,0.25263157894736843,0.9632570781712725,0.34745478098334703,0.993939393939394,0.3473684210526316
harmonix/0063_daysgoby/track.npy,harmonix,0.9145299145299145,0.8813559322033898,0.9145299145299145,0.8813559322033898,0.847833335515695,0.7745446719185669,0.9781659388646288,0.9043478260869564
harmonix/0069_digginmedown/track.npy,harmonix,0.9221183800623053,0.725,0.9221183800623053,0.725,0.8157354710943906,0.673689925421146,0.9374999999999999,0.7711598746081505
harmonix/0083_dragthewaters/track.npy,harmonix,0.8870967741935484,0.40789473684210525,0.8870967741935484,0.40789473684210525,0.8437248623762521,0.45822808634231554,0.9253486464315013,0.4842105263157895
harmonix/0087_evacuate/track.npy,harmonix,0.9957264957264957,0.9166666666666666,0.9957264957264957,0.9166666666666666,0.8784445013766453,0.8345511413132033,0.9978586723768736,0.9411764705882353
harmonix/0094_fireflies/track.npy,harmonix,0.9751552795031055,0.9382716049382716,0.9751552795031055,0.9382716049382716,0.9572066541433278,0.9391044081562648,0.9828926905132193,0.9689440993788819
harmonix/0107_getlow/track.npy,harmonix,0.7448818897637796,0.9280575539568345,0.7448818897637796,0.9280575539568345,0.7939513204667957,0.8169768082763208,0.928511354079058,0.9381818181818181
harmonix/0118_grenade/track.npy,harmonix,0.995850622406639,0.9166666666666666,0.995850622406639,0.9166666666666666,0.9164408783943747,0.8538468757899057,0.997920997920998,0.9333333333333333
harmonix/0127_hollabackgirl/track.npy,harmonix,1.0,1.0,1.0,1.0,0.9196885635554258,0.9393471640736414,1.0,1.0
harmonix/0152_kingofrock/track.npy,harmonix,0.8194945848375451,0.592,0.8194945848375451,0.07936507936507936,0.8888686413574514,0.36902852271614056,0.9507575757575758,0.08620689655172414
harmonix/0153_lalaland/track.npy,harmonix,0.6660194174757281,0.6589147286821705,0.15765765765765766,0.16363636363636364,0.7723910324540939,0.7610770796419949,0.717948717948718,0.7085714285714286
harmonix/0155_lapdance/track.npy,harmonix,0.9953703703703703,0.8703703703703703,0.9953703703703703,0.8703703703703703,0.9324564592022601,0.8314288945020266,0.9976798143851509,0.897196261682243
harmonix/0157_leanwitit/track.npy,harmonix,1.0,1.0,1.0,1.0,0.9682558673443765,0.9761651668797127,1.0,1.0
harmonix/0162_lobotomy/track.npy,harmonix,0.7875647668393783,0.4307692307692308,0.7875647668393783,0.4307692307692308,0.7781862617437372,0.43464189209892784,0.9038961038961039,0.5019607843137256
harmonix/0168_maneater/track.npy,harmonix,1.0,1.0,1.0,1.0,0.9648713840472192,0.9577640045553328,1.0,1.0
harmonix/0171_marchofthepigs/track.npy,harmonix,0.5056947608200456,0.4891304347826087,0.22443181818181818,0.4891304347826087,0.7120388963779152,0.4267691453974315,0.7436570428696413,0.44565217391304346
harmonix/0178_mountainman/track.npy,harmonix,0.6950354609929078,0.5857142857142857,0.6950354609929078,0.5857142857142857,0.829020209795876,0.7283300833857036,0.8994307400379506,0.7846153846153846
harmonix/0182_mycurse/track.npy,harmonix,0.9700427960057061,0.6209677419354839,0.9700427960057061,0.09049773755656108,0.9568099192805593,0.6841602597535692,0.9778095919828204,0.6318840579710145
harmonix/0190_newfang/track.npy,harmonix,0.41418439716312055,0.4392523364485981,0.4031936127744511,0.4392523364485981,0.7422871744346682,0.48595963483948873,0.8173302107728337,0.5510204081632654
harmonix/0198_nowthatwefoundlove/track.npy,harmonix,1.0,1.0,1.0,1.0,0.8718596576612764,0.8823274504920502,1.0,1.0
harmonix/0201_oh/track.npy,harmonix,1.0,1.0,1.0,1.0,0.7820834736831163,0.7910349102091946,1.0,1.0
harmonix/0204_onlyamemory/track.npy,harmonix,0.9978768577494692,0.9661016949152542,0.9978768577494692,0.9661016949152542,0.8806450548714561,0.8676834725044644,0.9989373007438895,0.9745762711864406
harmonix/0217_pokerface/track.npy,harmonix,1.0,1.0,1.0,1.0,0.9379428575543945,0.9294031641169793,1.0,1.0
harmonix/0222_realgoodlooking/track.npy,harmonix,0.803921568627451,0.7245508982035929,0.803921568627451,0.7245508982035929,0.8527293785901606,0.7804599694548211,0.9221183800623053,0.8411214953271028
harmonix/0235_rudeboy/track.npy,harmonix,1.0,1.0,1.0,1.0,0.8508319561402186,0.8691516357255105,1.0,1.0
harmonix/0241_satellite/track.npy,harmonix,1.0,0.765625,1.0,0.765625,0.955960489797395,0.7841513519030929,1.0,0.8253968253968254
harmonix/0257_somebodytolove/track.npy,harmonix,1.0,1.0,1.0,1.0,0.9176891406509973,0.9154077556370898,1.0,1.0
harmonix/0267_superfreak/track.npy,harmonix,0.9908256880733946,0.8181818181818182,0.9908256880733946,0.8181818181818182,0.9622907785288511,0.7975383103232659,0.9965556831228473,0.821917808219178
harmonix/0282_thegreatsatan/track.npy,harmonix,0.668488160291439,0.5333333333333333,0.09289617486338798,0.5333333333333333,0.47915917238499983,0.019190889336068547,0.21297192642787996,0.02608695652173913
harmonix/0309_whatsmyname/track.npy,harmonix,1.0,1.0,1.0,1.0,0.8891995668439144,0.9071359888136473,1.0,1.0
harmonix/0314_whoomp/track.npy,harmonix,0.9925925925925926,0.9701492537313433,0.9925925925925926,0.9701492537313433,0.9581839657452532,0.9374859396997592,0.996282527881041,0.9850746268656716
harmonix/0316_wildones/track.npy,harmonix,0.9055555555555556,0.7586206896551724,0.9055555555555556,0.7586206896551724,0.7893532757219566,0.6971676601474321,0.9618104667609618,0.8333333333333334
harmonix/0326_yougotittherightstuff/track.npy,harmonix,0.9935064935064936,0.987012987012987,0.9935064935064936,0.987012987012987,0.8955549132169591,0.8970284016552007,0.9967426710097721,0.9934640522875817
harmonix/0331_againstallodds/track.npy,harmonix,0.9340659340659341,0.8021978021978022,0.9340659340659341,0.8021978021978022,0.9117293161635465,0.8479898340042336,0.9696132596685083,0.8863636363636362
harmonix/0332_alejandro/track.npy,harmonix,0.9254807692307693,0.6237623762376238,0.9254807692307693,0.6237623762376238,0.9184413427227568,0.6306880273933214,0.9571603427172583,0.6565656565656566
harmonix/0342_bangpop/track.npy,harmonix,0.9936908517350158,0.9375,0.9936908517350158,0.9375,0.9255324320847133,0.8809304497479695,0.9968354430379747,0.9559748427672956
harmonix/0360_coolerthanme/track.npy,harmonix,0.9821826280623608,0.9821428571428571,0.9821826280623608,0.9821428571428571,0.9479550951713526,0.9508333202574631,0.9910112359550562,0.9909909909909909
harmonix/0367_dontdreamitsover/track.npy,harmonix,0.9738562091503268,0.6973684210526315,0.9738562091503268,0.6973684210526315,0.8403817732265766,0.6044951239853803,0.9867549668874172,0.7368421052631579
harmonix/0370_downonme/track.npy,harmonix,0.9793103448275862,0.9863013698630136,0.9793103448275862,0.9863013698630136,0.9467527714367504,0.9438773423106005,0.9826989619377162,0.9793103448275863
harmonix/0378_effinperfect/track.npy,harmonix,0.9870550161812298,0.8717948717948718,0.9870550161812298,0.8717948717948718,0.9599005249088052,0.8706986134335207,0.9935064935064936,0.9032258064516129
harmonix/0384_finally/track.npy,harmonix,0.9892933618843683,0.7863247863247863,0.9892933618843683,0.11965811965811966,0.8253154610219029,0.39763055005273606,0.9946178686759958,0.1293103448275862
harmonix/0397_goodlife/track.npy,harmonix,0.7894736842105263,0.8282828282828283,0.7894736842105263,0.8282828282828283,0.889662452549737,0.7690295064544523,0.9367396593673967,0.8061224489795918
harmonix/0408_icanonlyimagine/track.npy,harmonix,0.9373601789709173,0.911504424778761,0.9373601789709173,0.911504424778761,0.8782823710153596,0.8472784999171703,0.9806598407281001,0.9411764705882353
harmonix/0410_idontwantthisnighttoend/track.npy,harmonix,0.9947916666666666,0.9375,0.9947916666666666,0.9375,0.9428365789244287,0.8995760064457979,0.9973958333333334,0.9479166666666666
harmonix/0411_ifihadyou/track.npy,harmonix,0.9916317991631799,0.9916666666666667,0.9916317991631799,0.9916666666666667,0.5461107347136346,0.5531673726131293,0.995798319327731,0.99581589958159
harmonix/0414_illbe/track.npy,harmonix,0.9747048903878583,0.9797979797979798,0.9747048903878583,0.9797979797979798,0.8176363922768153,0.8380028733973341,0.9854824935952177,0.989795918367347
harmonix/0416_impossible/track.npy,harmonix,0.9938837920489296,1.0,0.9938837920489296,1.0,0.9139104631745982,0.9202606317224605,0.9969325153374233,1.0
harmonix/0419_itgirl/track.npy,harmonix,0.9818840579710145,0.9857142857142858,0.9818840579710145,0.9857142857142858,0.9644853017075373,0.9653974342093834,0.9908925318761385,0.9928057553956835
harmonix/0441_lovingyoutonight/track.npy,harmonix,1.0,1.0,1.0,1.0,0.968292501497631,0.9701765544469299,1.0,1.0
harmonix/0456_nohands/track.npy,harmonix,0.9929078014184397,0.9859154929577465,0.9929078014184397,0.9859154929577465,0.8912663169395664,0.9000159273454561,0.9964412811387899,0.9929078014184397
harmonix/0459_notoveryou/track.npy,harmonix,0.3661616161616162,0.4090909090909091,0.3661616161616162,0.4090909090909091,0.6959875004909494,0.7157820674112191,0.7216174183514774,0.7333333333333333
harmonix/0460_numb/track.npy,harmonix,0.9617977528089887,0.9017857142857143,0.9617977528089887,0.9017857142857143,0.9632489076514673,0.8978394950131305,0.9807909604519773,0.9099099099099099
harmonix/0463_onemorenight/track.npy,harmonix,0.9850299401197605,1.0,0.9850299401197605,1.0,0.9050329802564115,0.9195355772608937,0.9924585218702865,1.0
harmonix/0473_payphone/track.npy,harmonix,0.9824120603015075,0.94,0.9824120603015075,0.0,0.9284340237563119,0.4480047730757642,0.991128010139417,0.0
harmonix/0475_poisonedwithlove/track.npy,harmonix,0.8735244519392917,0.8282828282828283,0.8735244519392917,0.8282828282828283,0.9120963256606414,0.832350312365023,0.9503424657534246,0.8571428571428571
harmonix/0476_pontoon/track.npy,harmonix,0.9968944099378882,0.9629629629629629,0.9968944099378882,0.9629629629629629,0.9725534210551768,0.9482209948328154,0.9984447900466563,0.9753086419753086
harmonix/0484_rockthatbody/track.npy,harmonix,1.0,1.0,1.0,1.0,0.9528794338111954,0.9523214138768182,1.0,1.0
harmonix/0487_secrets/track.npy,harmonix,0.4934086629001883,0.45112781954887216,0.3391959798994975,0.3,0.7973000964688707,0.7513538941628572,0.8012048192771084,0.7425149700598802
harmonix/0495_someonelikeyou/track.npy,harmonix,0.739424703891709,0.5405405405405406,0.739424703891709,0.5405405405405406,0.8067565341425078,0.7061603737585672,0.8977072310405644,0.7940074906367043
harmonix/0496_sparksfly/track.npy,harmonix,0.968421052631579,0.9663865546218487,0.968421052631579,0.9663865546218487,0.901037909222893,0.9119622329516859,0.9788583509513742,0.9789029535864979
harmonix/0499_starbuckssmile/track.npy,harmonix,0.7012345679012346,0.8863636363636364,0.7012345679012346,0.8863636363636364,0.8011227480231438,0.7937263527303149,0.9009497964721845,0.8304093567251462
harmonix/0502_stronger/track.npy,harmonix,1.0,0.9512195121951219,1.0,0.9512195121951219,0.8766288838374523,0.8332337025919806,1.0,0.9634146341463414
harmonix/0504_suspiciousminds/track.npy,harmonix,0.9827586206896551,0.896551724137931,0.9827586206896551,0.896551724137931,0.9579822262137837,0.9026320604428452,0.992399565689468,0.9264069264069263
harmonix/0519_titanium/track.npy,harmonix,0.9906103286384976,0.9906542056074766,0.9906103286384976,0.9906542056074766,0.9481732429859188,0.9489712605925361,0.9952830188679246,0.9953051643192489
harmonix/0529_werwhower/track.npy,harmonix,0.9703703703703703,0.8910891089108911,0.9703703703703703,0.8910891089108911,0.9577676155362961,0.8841094788265619,0.990049751243781,0.9154228855721394
harmonix/0533_whosays/track.npy,harmonix,1.0,1.0,1.0,1.0,0.7780679563905956,0.7687508941101641,1.0,1.0
harmonix/0534_wideawake/track.npy,harmonix,0.9929824561403509,1.0,0.9929824561403509,1.0,0.959586490499863,0.960863095846924,0.9964788732394366,1.0
harmonix/0564_americanboybenny/track.npy,harmonix,0.9090909090909091,0.8920863309352518,0.9090909090909091,0.8920863309352518,0.9260574061099459,0.8843493068212089,0.9529085872576177,0.9117647058823529
harmonix/0565_americanhoney/track.npy,harmonix,0.9966996699669967,1.0,0.9966996699669967,1.0,0.9510027276490474,0.9522518640875098,0.9983471074380166,1.0
harmonix/0568_apologize/track.npy,harmonix,0.9881305637982196,0.9047619047619048,0.002976190476190476,0.0,0.8074392013349674,0.7734838370999899,0.6653465346534654,0.6399999999999999
harmonix/0578_bealright/track.npy,harmonix,0.9595015576323987,0.9625,0.9595015576323987,0.9625,0.9224271202696548,0.9182228530423808,0.976303317535545,0.9746835443037976
harmonix/0583_beautifulgirls/track.npy,harmonix,0.9936708860759493,0.9831932773109243,0.9936708860759493,0.9831932773109243,0.9555101585251632,0.9474021573699016,0.9957716701902749,0.9873417721518987
harmonix/0588_believe/track.npy,harmonix,0.4283121597096189,0.717948717948718,0.39141414141414144,0.717948717948718,0.7983162832753263,0.8066017884685912,0.8125,0.8299319727891156
harmonix/0596_bonbon/track.npy,harmonix,0.9955156950672646,0.9375,0.9955156950672646,0.9375,0.9709683302712999,0.9071269773958649,0.9977578475336323,0.9464285714285714
harmonix/0630_crushcrushcrush/track.npy,harmonix,0.992462311557789,0.8282828282828283,0.992462311557789,0.8282828282828283,0.9767983807008622,0.8975565798410428,0.9962168978562421,0.9157894736842106
harmonix/0636_daynnitecrookersremix/track.npy,harmonix,0.9970674486803519,1.0,0.9970674486803519,1.0,0.8972602646198857,0.901177572583489,0.9985315712187959,1.0
harmonix/0640_disturbia2/track.npy,harmonix,0.9978947368421053,1.0,0.9978947368421053,1.0,0.9884986975605439,0.9889713153934498,0.9989462592202318,1.0
harmonix/0642_dontconfess/track.npy,harmonix,0.878727634194831,0.888,0.06092436974789916,0.058823529411764705,0.7101505243032431,0.7111091772008787,0.6758241758241759,0.6813186813186813
harmonix/0649_down/track.npy,harmonix,0.9820627802690582,0.9821428571428571,0.9820627802690582,0.9821428571428571,0.8973141198651614,0.8921823574386939,0.9909502262443438,0.9909909909909909
harmonix/0650_downlilwayne/track.npy,harmonix,0.9757174392935982,0.9823008849557522,0.9757174392935982,0.9823008849557522,0.9702607497546766,0.9710377689370508,0.9877094972067039,0.9910714285714286
harmonix/0651_doyouremember/track.npy,harmonix,0.9929577464788732,0.9150943396226415,0.9929577464788732,0.9150943396226415,0.956551525082165,0.8937518898786325,0.9964664310954063,0.9339622641509434
harmonix/0668_fallinganthem/track.npy,harmonix,0.9981818181818182,0.9708029197080292,0.9981818181818182,0.9708029197080292,0.9827411049666369,0.9624437778016888,0.9990900818926297,0.9781021897810219
harmonix/0676_figure8/track.npy,harmonix,0.45268542199488493,0.525,0.45268542199488493,0.525,0.7398600779673317,0.6373980545299377,0.8303571428571428,0.7019867549668874
harmonix/0681_flashinglights/track.npy,harmonix,0.9885386819484241,0.9772727272727273,0.9885386819484241,0.9772727272727273,0.9505965491217777,0.9423970137550683,0.9913544668587897,0.9828571428571428
harmonix/0686_fortheloveofadaughter/track.npy,harmonix,0.9493087557603687,0.9541284403669725,0.9493087557603687,0.9541284403669725,0.8850613566477467,0.8904609045830079,0.9527104959630911,0.944954128440367
harmonix/0696_goodgirlsgobad/track.npy,harmonix,0.9973614775725593,0.9894736842105263,0.9973614775725593,0.9894736842105263,0.987009545544019,0.9831875473045674,0.9986789960369881,0.9947089947089947
harmonix/0710_hardjeezy/track.npy,harmonix,1.0,1.0,1.0,1.0,0.9773408466272024,0.9794790688702659,1.0,1.0
harmonix/0717_heysoulsister/track.npy,harmonix,1.0,1.0,1.0,1.0,0.9748318208756039,0.9642302488696477,1.0,1.0
harmonix/0733_ifihadyou/track.npy,harmonix,0.9915611814345991,0.9067796610169492,0.9915611814345991,0.9067796610169492,0.972999897370578,0.8934966679316617,0.9957627118644067,0.9152542372881356
harmonix/0752_inmyhead/track.npy,harmonix,0.9715099715099715,0.9655172413793104,0.9715099715099715,0.9655172413793104,0.973921171675552,0.9712834989500649,0.9899280575539569,0.9826589595375722
harmonix/0758_itgetsbetter/track.npy,harmonix,0.9932088285229203,0.7346938775510204,0.9932088285229203,0.7346938775510204,0.9349663475123595,0.8047313724357124,0.9965986394557823,0.8654545454545454
harmonix/0759_itgirljasonnevins/track.npy,harmonix,0.9986824769433466,1.0,0.9986824769433466,1.0,0.716689701014393,0.7238338376479444,0.999340804218853,1.0
harmonix/0766_justdance/track.npy,harmonix,0.9913606911447084,0.9913793103448276,0.9913606911447084,0.9913793103448276,0.9840239596972848,0.9844552538367516,0.9956616052060737,0.9956709956709957
harmonix/0777_lebump/track.npy,harmonix,0.8256302521008403,0.41818181818181815,0.8256302521008403,0.41818181818181815,0.7408084469397056,0.4002608828680109,0.9229098805646037,0.46226415094339623
harmonix/0800_lovesexmagicjason/track.npy,harmonix,0.9951100244498777,0.8725490196078431,0.9951100244498777,0.8725490196078431,0.9796941159709399,0.8855827733399774,0.9975550122249389,0.8965517241379312
harmonix/0827_needyounow/track.npy,harmonix,0.980246913580247,0.9504950495049505,0.980246913580247,0.9504950495049505,0.946387412313913,0.9208626162837803,0.9900249376558604,0.9651741293532338
harmonix/0868_puton/track.npy,harmonix,0.8107255520504731,0.7875,0.09965034965034965,0.07692307692307693,0.7584589106700159,0.7283910309878656,0.7064116985376828,0.6726457399103138
harmonix/0875_redbelt/track.npy,harmonix,1.0,1.0,1.0,1.0,0.8737602370136516,0.867568570951324,1.0,1.0
harmonix/0890_samemistakes/track.npy,harmonix,0.9935897435897436,1.0,0.9935897435897436,1.0,0.9846714889715096,0.987946495983722,0.9967845659163987,1.0
harmonix/0895_scarymonsters/track.npy,harmonix,1.0,0.7714285714285715,1.0,0.7714285714285715,0.8166294080939964,0.7202922939251147,1.0,0.8839506172839505
harmonix/0914_soobviousnow/track.npy,harmonix,0.9773584905660377,0.9770992366412213,0.9773584905660377,0.9770992366412213,0.9279060963890553,0.9194417580938984,0.9876308277830638,0.9847328244274809
harmonix/0927_swing/track.npy,harmonix,0.9740740740740741,0.9852941176470589,0.9740740740740741,0.9852941176470589,0.9787916629662666,0.9671932970095964,0.9925373134328358,0.9777777777777777
harmonix/0931_takeyouthere/track.npy,harmonix,0.9954545454545455,0.9545454545454546,0.9954545454545455,0.9545454545454546,0.9636333108055971,0.9374173604872225,0.9965870307167236,0.9680365296803652
harmonix/0932_tattoo/track.npy,harmonix,0.9808917197452229,0.9620253164556962,0.9808917197452229,0.9620253164556962,0.8686111874162084,0.8628531508863048,0.9792000000000001,0.9681528662420382
harmonix/0951_thunder/track.npy,harmonix,0.9748201438848921,0.9285714285714286,0.9748201438848921,0.9285714285714286,0.9314557323019417,0.8961260964301969,0.9872495446265938,0.9565217391304348
harmonix/0955_tinylittlebows/track.npy,harmonix,0.9948051948051948,1.0,0.9948051948051948,1.0,0.9808049993503878,0.9835769441440183,0.9973958333333334,1.0
harmonix/0958_turnmeup/track.npy,harmonix,0.9889380530973452,0.9380530973451328,0.9889380530973452,0.9380530973451328,0.9798316233128418,0.9392250840208966,0.9944382647385984,0.9511111111111111
harmonix/0959_turnthisclubaround/track.npy,harmonix,1.0,1.0,1.0,1.0,0.8808719576993063,0.8810285749447536,1.0,1.0
harmonix/0991_worryaboutyounow/track.npy,harmonix,1.0,0.5151515151515151,1.0,0.45454545454545453,0.905963690260491,0.49404960994033176,1.0,0.45454545454545453
harmonix/0999_yourheartisamuscle/track.npy,harmonix,0.99375,0.7865168539325843,0.99375,0.7865168539325843,0.9746265206189882,0.9305286887682204,0.9968652037617556,0.9467455621301775
hjdb/hjdb_Anastacia/track.npy,hjdb,1.0,1.0,1.0,1.0,0.9756074816721109,0.981818521779589,1.0,1.0
hjdb/hjdb_Another_Direction/track.npy,hjdb,1.0,1.0,1.0,1.0,0.9792899742362334,0.9789487132870054,1.0,1.0
hjdb/hjdb_Bodymotion/track.npy,hjdb,1.0,1.0,1.0,1.0,0.9599698644975029,0.9743354344645668,1.0,1.0
hjdb/hjdb_Casanova_(Down_To_Earth_Remix)/track.npy,hjdb,1.0,1.0,1.0,1.0,0.987572434890255,0.9795402533073138,1.0,1.0
hjdb/hjdb_Charly/track.npy,hjdb,0.9940119760479041,0.926829268292683,0.9940119760479041,0.926829268292683,0.9632264507696022,0.9207561719967775,0.996996996996997,0.9512195121951219
hjdb/hjdb_Dance_The_Dream/track.npy,hjdb,1.0,1.0,1.0,1.0,0.9795831753979117,0.9806676133940616,1.0,1.0
hjdb/hjdb_Darkcore/track.npy,hjdb,0.9880952380952381,0.8571428571428571,0.9880952380952381,0.8571428571428571,0.9561649975654932,0.8803208895080726,0.9940119760479043,0.9047619047619048
hjdb/hjdb_Dont_Need_Your_Love/track.npy,hjdb,0.9795918367346939,0.75,0.9795918367346939,0.75,0.9583966610066398,0.7202947862042269,0.9795918367346939,0.75
hjdb/hjdb_Fireball/track.npy,hjdb,1.0,1.0,1.0,1.0,0.9841975298596517,0.993359423646884,1.0,1.0
hjdb/hjdb_Fires_Burning/track.npy,hjdb,1.0,1.0,1.0,1.0,0.9823752338231165,0.9819532283006209,1.0,1.0
hjdb/hjdb_Flammable/track.npy,hjdb,1.0,1.0,1.0,1.0,0.9810404076143513,0.9758196574799667,1.0,1.0
hjdb/hjdb_Flammable_(Tango_Remix)/track.npy,hjdb,0.9938650306748467,0.975609756097561,0.9938650306748467,0.975609756097561,0.9652630441170553,0.9660885756045715,0.9969230769230769,0.9876543209876543
hjdb/hjdb_Gangsta/track.npy,hjdb,0.9876543209876543,0.9523809523809523,0.9876543209876543,0.9523809523809523,0.9612330600717802,0.9518411434162187,0.9937888198757764,0.975609756097561
hjdb/hjdb_Hands_Of_Time/track.npy,hjdb,1.0,1.0,1.0,1.0,0.9821585779795048,0.9821560219720644,1.0,1.0
hjdb/hjdb_Hold_it_Down/track.npy,hjdb,0.7862318840579711,0.6885245901639344,0.7862318840579711,0.6885245901639344,0.8750416788069402,0.7909788813378034,0.9307692307692308,0.8135593220338982
hjdb/hjdb_Into_Da_Future_(Massive_Mix)/track.npy,hjdb,1.0,1.0,1.0,1.0,0.9825372784705224,0.9768594083675047,1.0,1.0
hjdb/hjdb_Jeopardy_(DJ_Spice_Mix)/track.npy,hjdb,1.0,1.0,1.0,1.0,0.9650259096269963,0.9624840138159176,1.0,1.0
hjdb/hjdb_Jump_Mk_II/track.npy,hjdb,0.990909090909091,0.9642857142857143,0.990909090909091,0.9642857142857143,0.9658108782465502,0.9563964922759403,0.995433789954338,0.9818181818181818
hjdb/hjdb_Just_A_Dream/track.npy,hjdb,0.9848484848484849,0.9090909090909091,0.9848484848484849,0.9090909090909091,0.9010273662912933,0.8672532080543317,0.9924242424242424,0.9393939393939394
hjdb/hjdb_Moments_So_Dark/track.npy,hjdb,1.0,1.0,1.0,1.0,0.9756820377878381,0.9710712587590922,1.0,1.0
hjdb/hjdb_Project_1_(Remix)/track.npy,hjdb,0.990909090909091,1.0,0.990909090909091,1.0,0.9757408648699489,0.9817733705939553,0.995433789954338,1.0
hjdb/hjdb_Skanka/track.npy,hjdb,0.5666666666666667,0.2857142857142857,0.18333333333333332,0.0,0.4669151655848651,0.11595505911017936,0.288135593220339,0.09523809523809523
hjdb/hjdb_Stay_Calm_(Foul_Play_Remix)/track.npy,hjdb,1.0,1.0,1.0,1.0,0.9804522702908753,0.9820426537417728,1.0,1.0
hjdb/hjdb_Sub_Dub/track.npy,hjdb,1.0,1.0,1.0,1.0,0.9823517329950645,0.9885298556999613,1.0,1.0
hjdb/hjdb_Take_Me_To_The_Top/track.npy,hjdb,1.0,1.0,1.0,1.0,0.9489423855762482,0.9540640942087588,1.0,1.0
hjdb/hjdb_The_Deep/track.npy,hjdb,1.0,1.0,1.0,1.0,0.9755996919660673,0.9732403440808689,1.0,1.0
hjdb/hjdb_The_Element_(Highnoon)/track.npy,hjdb,1.0,1.0,1.0,1.0,0.9632699043717601,0.9658523974311367,1.0,1.0
hjdb/hjdb_This_Is_A_Trip/track.npy,hjdb,0.9316239316239316,0.6551724137931034,0.9316239316239316,0.6551724137931034,0.9416497689109615,0.7142527224816814,0.9739130434782609,0.736842105263158
hjdb/hjdb_Warpdrive/track.npy,hjdb,0.9911504424778761,1.0,0.9911504424778761,0.0,0.9766823535977469,0.2862791429332518,0.9955555555555555,0.2380952380952381
jaah/jaah_005-duke_ellington_and_his_orchestra-black_and_tan_fantasy/track.npy,jaah,0.6557377049180327,0.9010989010989011,0.6557377049180327,0.9010989010989011,0.8158635330054717,0.8509033925359418,0.8946015424164525,0.9213483146067416
jaah/jaah_013-the_benny_goodman_trio-body_and_soul/track.npy,jaah,0.959375,0.9625,0.959375,0.9625,0.9297705461740103,0.9362828035364485,0.976303317535545,0.9746835443037976
jaah/jaah_014-coleman_hawkins_and_his_orchestra-body_and_soul/track.npy,jaah,0.7333333333333333,0.3582089552238806,0.7333333333333333,0.3582089552238806,0.7379554817728343,0.3755334093376639,0.9087779690189329,0.3880597014925373
jaah/jaah_015-miles_davis_nonet-boplicity/track.npy,jaah,0.9844961240310077,0.8877551020408163,0.9844961240310077,0.8877551020408163,0.8586816702497692,0.748842933820279,0.9856957087126137,0.8865979381443299
jaah/jaah_028-king_olivers_creole_jazz_band-dippermouth_blues/track.npy,jaah,0.9910112359550561,0.7,0.9910112359550561,0.7,0.9001174977970257,0.7306782873668818,0.9954853273137697,0.7962085308056872
jaah/jaah_029-the_modern_jazz_quartet-django/track.npy,jaah,0.9447674418604651,0.6104651162790697,0.9447674418604651,0.6104651162790697,0.7962280316355898,0.5170979967011549,0.9636098981077148,0.6569767441860465
jaah/jaah_041-jelly_roll_mortons_red_hot_peppers-grandpas_spells/track.npy,jaah,0.9948630136986302,0.9863013698630136,0.9948630136986302,0.9863013698630136,0.9748806036907607,0.9753375497031986,0.9991431019708655,0.9965635738831615
jaah/jaah_049-the_chocolate_dandies-i_cant_believe_that_youre_in_love_with_me/track.npy,jaah,0.9931818181818182,0.9360730593607306,0.9931818181818182,0.9360730593607306,0.9723883398853872,0.9293883804401254,0.9982944855031267,0.9497716894977168
jaah/jaah_060-tadd_dameron_sextet-lady_bird/track.npy,jaah,0.8739495798319328,1.0,0.8739495798319328,1.0,0.6586373539703868,0.6139951341929358,0.9453781512605042,0.9327731092436976
jaah/jaah_071-art_blakey_the_jazz_messengers-moanin/track.npy,jaah,0.9098101265822784,0.8045602605863192,0.9098101265822784,0.8045602605863192,0.8288235697741186,0.7078484730414353,0.9632653061224489,0.8311258278145697
jaah/jaah_080-charlie_parker_allstars-parkers_mood/track.npy,jaah,0.9422222222222222,0.4107142857142857,0.9422222222222222,0.4107142857142857,0.7979909994706372,0.5371994335485444,0.8973214285714286,0.6458333333333333
jaah/jaah_093-miles_davis_gil_evans-summertime/track.npy,jaah,0.975609756097561,0.9878048780487805,0.975609756097561,0.9878048780487805,0.7365571407117868,0.7260956449444053,0.9586523736600305,0.975609756097561
jaah/jaah_099-horace_silver_the_jazz_messengers-the_preacher/track.npy,jaah,0.9960526315789474,0.8201058201058201,0.9960526315789474,0.8201058201058201,0.9719407142299381,0.8740767363017321,0.998022412656559,0.8991825613079019
jaah/jaah_107-louis_armstrong_and_his_hot_five-west_end_blues/track.npy,jaah,0.7166123778501629,0.8484848484848485,0.7166123778501629,0.8484848484848485,0.6743681689574746,0.7041356580475419,0.8275862068965517,0.8503937007874016
rwc/rwc_classical_CD3_02/track.npy,rwc_classical,0.889,0.7131782945736435,0.889,0.7131782945736435,0.8149849702689774,0.6964648867105833,0.940153452685422,0.8007968127490039
rwc/rwc_classical_CD3_05/track.npy,rwc_classical,0.6429223744292237,0.5036496350364964,0.1930745015739769,0.5036496350364964,0.6726036449519579,0.5590356415139148,0.7088607594936708,0.6537717601547388
rwc/rwc_classical_CD4_04/track.npy,rwc_classical,0.5531914893617021,0.3359375,0.5531914893617021,0.3359375,0.7431290791663635,0.4847301330391052,0.8600682593856656,0.5727272727272728
rwc/rwc_classical_CD5_10/track.npy,rwc_classical,0.9652173913043478,0.8157894736842105,0.9652173913043478,0.8157894736842105,0.874287585362762,0.8716037302216136,0.9606986899563318,0.8979591836734694
rwc/rwc_classical_CD6_03/track.npy,rwc_classical,0.18858560794044665,0.22,0.18858560794044665,0.0945273631840796,0.2923332279222033,0.2234526235333,0.3814866760168303,0.30824372759856633
rwc/rwc_classical_CD6_06/track.npy,rwc_classical,0.2454212454212454,0.12658227848101267,0.2454212454212454,0.058823529411764705,0.33330065016280525,0.09276415733211307,0.45057471264367815,0.1098901098901099
rwc/rwc_classical_CD6_07/track.npy,rwc_classical,0.7816091954022989,0.5094339622641509,0.7816091954022989,0.02040816326530612,0.3852905030497587,0.17775131211095313,0.5868263473053892,0.23684210526315788
rwc/rwc_classical_CD6_09/track.npy,rwc_classical,0.5726495726495726,0.45652173913043476,0.23118279569892472,0.0,0.5561446168835914,0.37006708700571855,0.7524752475247525,0.37398373983739835
rwc/rwc_jazz_CD2_06/track.npy,rwc_jazz,0.9379014989293362,0.7048458149779736,0.9379014989293362,0.7048458149779736,0.8123841454730393,0.6740400782863571,0.9402823018458197,0.7914691943127963
rwc/rwc_jazz_CD3_03/track.npy,rwc_jazz,0.5709677419354838,1.0,0.5709677419354838,1.0,0.7762435802130314,0.8718513548405262,0.8711433756805808,0.9916666666666667
rwc/rwc_jazz_CD3_04/track.npy,rwc_jazz,0.9749216300940439,0.975,0.9749216300940439,0.975,0.901306212403843,0.8858908096223541,0.9809523809523809,0.9746835443037976
rwc/rwc_jazz_CD4_01/track.npy,rwc_jazz,0.9616204690831557,0.9935897435897436,0.9616204690831557,0.9935897435897436,0.7926748371072796,0.7968203767798623,0.9541088580576308,0.9487179487179487
rwc/rwc_jazz_CD4_09/track.npy,rwc_jazz,0.03963011889035667,0.09803921568627451,0.0066050198150594455,0.09,0.18723466408444311,0.08385052947987919,0.1934065934065934,0.10169491525423728
rwc/rwc_jazz_CD4_10/track.npy,rwc_jazz,0.9865168539325843,0.8378378378378378,0.9865168539325843,0.8378378378378378,0.9084406126747784,0.7808737193968827,0.990990990990991,0.8545454545454546
rwc/rwc_popular_CD1_03/track.npy,rwc_popular,0.9849397590361446,0.9879518072289156,0.9849397590361446,0.9879518072289156,0.961342446044689,0.9560134493540874,0.992412746585736,0.993939393939394
rwc/rwc_popular_CD1_16/track.npy,rwc_popular,0.9961612284069098,0.9538461538461539,0.9961612284069098,0.9538461538461539,0.9779066447811955,0.9395464010600825,0.9971181556195966,0.9615384615384616
rwc/rwc_popular_CD3_11/track.npy,rwc_popular,0.22890173410404624,0.5289855072463768,0.22890173410404624,0.5289855072463768,0.5470082757263567,0.36559392573289523,0.7275341480948957,0.449438202247191
rwc/rwc_popular_CD3_15/track.npy,rwc_popular,0.9967213114754099,1.0,0.9967213114754099,1.0,0.928426814728365,0.9320008389139847,0.9983579638752053,1.0
rwc/rwc_popular_CD4_15/track.npy,rwc_popular,0.9899396378269618,0.9512195121951219,0.9899396378269618,0.9512195121951219,0.9555502130138592,0.9042031959990579,0.994954591321897,0.959349593495935
rwc/rwc_popular_CD5_01/track.npy,rwc_popular,0.9681978798586572,0.971830985915493,0.9681978798586572,0.971830985915493,0.9005882467628902,0.9486016913902804,0.9766606822262118,0.9857142857142858
rwc/rwc_popular_CD5_02/track.npy,rwc_popular,0.9948717948717949,0.9897959183673469,0.9948717948717949,0.9897959183673469,0.954548087582237,0.963462279011657,0.9974358974358974,0.9948717948717948
rwc/rwc_popular_CD5_13/track.npy,rwc_popular,0.9311926605504587,0.944954128440367,0.9311926605504587,0.944954128440367,0.8103507163801864,0.823720594696945,0.9584295612009238,0.958139534883721
rwc/rwc_popular_CD6_05/track.npy,rwc_popular,0.9922360248447205,0.9875776397515528,0.0,0.0,0.8075048710422883,0.8023737557706228,0.6639004149377593,0.6639004149377593
rwc/rwc_popular_CD6_07/track.npy,rwc_popular,0.9245283018867925,0.9038461538461539,0.9245283018867925,0.9038461538461539,0.9247975185681593,0.8993056346155894,0.9723225030084236,0.9320388349514563
rwc/rwc_popular_CD7_02/track.npy,rwc_popular,0.9957805907172996,1.0,0.9957805907172996,1.0,0.9748791642760853,0.9769969197955195,0.9978858350951374,1.0
rwc/rwc_popular_CD7_07/track.npy,rwc_popular,0.8123456790123457,0.9565217391304348,0.8123456790123457,0.9565217391304348,0.9167003557588396,0.9431570273489922,0.9495472186287193,0.9726775956284153
rwc/rwc_popular_CD7_10/track.npy,rwc_popular,0.9946524064171123,0.9468085106382979,0.9946524064171123,0.9468085106382979,0.9138892471131752,0.8605990874137035,0.9959839357429718,0.9468085106382979
rwc/rwc_royalty-free_CD1_12/track.npy,rwc_royalty-free,0.6919060052219321,0.5263157894736842,0.6919060052219321,0.5263157894736842,0.7185133478135516,0.6088765243507144,0.9217877094972067,0.8571428571428571
simac/simac_A_vida_me_fez_assim_02-Viver/track.npy,simac,0.7272727272727273,0.0,0.7272727272727273,0.0,0.7825797985472787,0.0,0.8421052631578948,0.0
simac/simac_Alfagamabetizado_03-Covered_Saints/track.npy,simac,0.8636363636363636,0.0,0.8636363636363636,0.0,0.9004643739782919,0.0,0.9268292682926829,0.0
simac/simac_Alfagamabetizado_11-Quixabeira/track.npy,simac,0.7272727272727273,0.0,0.7272727272727273,0.0,0.7089266236140439,0.0,0.8571428571428571,0.0
simac/simac_Alfagamabetizado_13-Mares_de_Ti/track.npy,simac,0.76,0.0,0.76,0.0,0.8325830150424705,0.0,0.8636363636363636,0.0
simac/simac_Alfagamabetizado_14-Zanza/track.npy,simac,0.8148148148148148,0.0,0.8148148148148148,0.0,0.8710264133621536,0.0,0.8979591836734693,0.0
simac/simac_Alfagamabetizado_15-A_Namorada/track.npy,simac,0.96875,0.0,0.96875,0.0,0.9444436368203684,0.0,0.9841269841269841,0.0
simac/simac_As_Time_Goes_By_02-manhattan/track.npy,simac,0.6388888888888888,0.0,0.6388888888888888,0.0,0.6580625893883838,0.0,0.7796610169491525,0.0
simac/simac_As_Time_Goes_By_09-this_funny_world/track.npy,simac,0.5294117647058824,0.0,0.5294117647058824,0.0,0.6335554450214228,0.0,0.6923076923076924,0.0
simac/simac_As_Time_Goes_By_11-spring_is_here/track.npy,simac,0.6296296296296297,0.0,0.6296296296296297,0.0,0.5535672628352236,0.0,0.6818181818181819,0.0
simac/simac_As_time_goes_by_disk_2_01-The_lady_is_a_tramp/track.npy,simac,0.29411764705882354,0.0,0.29411764705882354,0.0,0.5785141162211608,0.0,0.6410256410256411,0.0
simac/simac_As_time_goes_by_disk_2_06-You_took_advantage_on_me/track.npy,simac,0.8108108108108109,0.0,0.8108108108108109,0.0,0.8169315454230228,0.0,0.8955223880597014,0.0
simac/simac_As_time_goes_by_disk_3_02-I_wish_I_were_in_love_again/track.npy,simac,0.5818181818181818,0.0,0.0,0.0,0.5481246160914519,0.0,0.4931506849315069,0.0
simac/simac_Bach_The_Well-Tempered_Clavier_II_(Disc_1)_15-Prelude_and_Fugue_No._8_in_D-sharp_minor_BWV_877_-_1._Praeludium/track.npy,simac,0.8,0.0,0.8,0.0,0.8725178796299299,0.0,0.888888888888889,0.0
simac/simac_Bach_The_Well-Tempered_Clavier_II_(Disc_2)_01-Prelude_and_Fugue_No._13_F-sharp_major_BWV_882_-_1._Praeludium/track.npy,simac,0.8125,0.0,0.8125,0.0,0.8342239900204786,0.0,0.896551724137931,0.0
simac/simac_Bach_The_Well-Tempered_Clavier_II_(Disc_2)_02-Prelude_and_Fugue_No._13_F-sharp_major_BWV_882_-_2._Fuga/track.npy,simac,0.5294117647058824,0.0,0.5294117647058824,0.0,0.7981917572901239,0.0,0.8135593220338982,0.0
simac/simac_Bach_The_Well-Tempered_Clavier_II_(Disc_2)_15-Prelude_and_Fugue_No._20_A_minor_BWV_889_-_1._Praeludium/track.npy,simac,0.5789473684210527,0.0,0.2413793103448276,0.0,0.7478403516763179,0.0,0.75,0.0
simac/simac_Bach_The_Well-Tempered_Clavier_II_(Disc_2)_18-Prelude_and_Fugue_No._21_B-flat_major_BWV_890_-_2._Fuga/track.npy,simac,0.8076923076923077,0.0,0.0,0.0,0.7272050636906408,0.0,0.6176470588235294,0.0
simac/simac_Bach_The_Well-Tempered_Clavier_II_(Disc_2)_22-Prelude_and_Fugue_No._23_B_major_BWV_892_-_2._Fuga/track.npy,simac,0.7777777777777778,0.0,0.7777777777777778,0.0,0.8546910230500495,0.0,0.8750000000000001,0.0
simac/simac_Beethoven_-_The_String_Quartets_#1_03-F_major_op._18_no._1_-_Scherzo._Allegro_molto/track.npy,simac,0.4166666666666667,0.0,0.4166666666666667,0.0,0.5691132358613512,0.0,0.6031746031746033,0.0
simac/simac_Beethoven_-_The_String_Quartets_#1_12-D_major_op._18_no._3_-_Presto/track.npy,simac,0.47368421052631576,0.0,0.2631578947368421,0.0,0.5248619112608197,0.0,0.631578947368421,0.0
simac/simac_Beethoven_The_String_Quartets_-_CD_3_01-String_Quartet_No_7_Op_59_No_1_-_I_Allegro/track.npy,simac,0.40625,0.0,0.40625,0.0,0.5959372803793822,0.0,0.7450980392156863,0.0
simac/simac_Bernstein_conducts_Stravinsky_04-Spring_round_dances/track.npy,simac,0.45454545454545453,0.0,0.18181818181818182,0.0,0.4397581454430456,0.0,0.5416666666666666,0.0
simac/simac_Bernstein_conducts_Stravinsky_16-Legerdemain_scene-_Russian_danse/track.npy,simac,0.3076923076923077,0.0,0.3076923076923077,0.0,0.5405142824584546,0.0,0.6666666666666667,0.0
simac/simac_Classic_Pergolesi_-_Stabat_Mater_01/track.npy,simac,0.6060606060606061,0.0,0.0,0.0,0.4279250353683045,0.0,0.4090909090909091,0.0
simac/simac_Concert_06-2._Allegro/track.npy,simac,0.8157894736842105,0.0,0.8157894736842105,0.0,0.8660028239995481,0.0,0.898550724637681,0.0
simac/simac_Concert_12-4._Allegro/track.npy,simac,0.6818181818181818,0.0,0.0,0.0,0.590634325482122,0.0,0.5384615384615385,0.0
simac/simac_Concert_13-Concero_en_Sol_Mineur_pour_flute_a_bec_violons_et_basse_continue._Allegro/track.npy,simac,0.6666666666666666,0.0,0.6666666666666666,0.0,0.7446516575331102,0.0,0.8,0.0
simac/simac_Concert_22-2._Allegro/track.npy,simac,0.7555555555555555,0.0,0.7555555555555555,0.0,0.8252061126323054,0.0,0.8607594936708861,0.0
simac/simac_DGG_419_047-2_06-Fantasie_u._Fuge_g-moll_BWV_542_-_II_Fuge/track.npy,simac,0.64,0.0,0.0,0.0,0.3419188809029901,0.0,0.0,0.0
simac/simac_Ella_&_Louis_01-Its_Only_A_Paper_Moon/track.npy,simac,0.6744186046511628,0.0,0.6744186046511628,0.0,0.7700784065300766,0.0,0.8219178082191781,0.0
simac/simac_Eventail_05-Fandango/track.npy,simac,0.3793103448275862,0.0,0.0,0.0,0.5080002063465282,0.0,0.41558441558441556,0.0
simac/simac_Fado_03-AudioTrack_03/track.npy,simac,0.6410256410256411,0.0,0.0,0.0,0.5476843789815736,0.0,0.5,0.0
simac/simac_Fado_07-AudioTrack_07/track.npy,simac,0.7083333333333334,0.0,0.7083333333333334,0.0,0.5106016331219031,0.0,0.6829268292682927,0.0
simac/simac_Family_Tree_-_Greatest_Hits_As_Chosen_By_Bjork_08-All_Is_Full_Of_Love/track.npy,simac,0.8636363636363636,0.0,0.8636363636363636,0.0,0.8983131744231507,0.0,0.9268292682926829,0.0
simac/simac_Family_Tree_-_Greatest_Hits_As_Chosen_By_Bjork_10-I_ve_Seen_It_All/track.npy,simac,0.5806451612903226,0.0,0.5806451612903226,0.0,0.6241792272213704,0.0,0.7346938775510204,0.0
simac/simac_Family_Tree_-_Greatest_Hits_As_Chosen_By_Bjork_12-It_s_Not_Up_To_You/track.npy,simac,0.7407407407407407,0.0,0.7407407407407407,0.0,0.8066439051780301,0.0,0.851063829787234,0.0
simac/simac_Gold_-_Greatest_Hits_11-Chiquitita/track.npy,simac,0.7333333333333333,0.0,0.7333333333333333,0.0,0.6259384991570727,0.0,0.7692307692307692,0.0
simac/simac_Gold_-_Greatest_Hits_19-Waterloo/track.npy,simac,0.925,0.0,0.925,0.0,0.9248416386444108,0.0,0.961038961038961,0.0
simac/simac_Kocani_Orkester_Trubaci_-_Nikol/track.npy,simac,0.84375,0.0,0.84375,0.0,0.8746780942336103,0.0,0.9152542372881356,0.0
simac/simac_Ludwid_van_Beethoven_10-VI._Adagio_quasi_un_poco_andante_-_attacca/track.npy,simac,0.45,0.0,0.0,0.0,0.1592943630662666,0.0,0.1951219512195122,0.0
simac/simac_Niandra_LaDes_and_Usually_Just_a_T-Shirt_11-Blood_on_My_Neck_From_Success/track.npy,simac,0.42857142857142855,0.0,0.42857142857142855,0.0,0.6877223524427527,0.0,0.782608695652174,0.0
simac/simac_Niandra_LaDes_and_Usually_Just_a_T-Shirt_20-Usually_Just_a_T-Shirt_Untitled_8/track.npy,simac,0.6808510638297872,0.0,0.6808510638297872,0.0,0.7160663243231701,0.0,0.8395061728395062,0.0
simac/simac_Papakonstantinou_04-AudioTrack_04/track.npy,simac,0.7619047619047619,0.0,0.7619047619047619,0.0,0.7673880015834101,0.0,0.8648648648648648,0.0
simac/simac_Primer_Aliento_02-Nuclear_si_por_supuesto_/track.npy,simac,0.6923076923076923,0.0,0.17647058823529413,0.0,0.806071920960968,0.0,0.7407407407407407,0.0
simac/simac_Primer_Aliento_10-Ondina/track.npy,simac,0.95,0.0,0.95,0.0,0.9005318464028269,0.0,0.9743589743589743,0.0
simac/simac_Primer_Aliento_15-El_laberinto_del_nuevo_Minotauro/track.npy,simac,0.75,0.0,0.75,0.0,0.8217260137307288,0.0,0.8571428571428571,0.0
simac/simac_R.A.F.I_05-Free_Satpal_Ram/track.npy,simac,0.8387096774193549,0.0,0.8387096774193549,0.0,0.8981689014101584,0.0,0.9122807017543859,0.0
simac/simac_R.A.F.I_12-Culture_Move/track.npy,simac,0.82,0.0,0.0,0.0,0.7324252899987407,0.0,0.5915492957746479,0.0
simac/simac_Samba_na_Madrugada_03-14_Anos/track.npy,simac,0.8,0.0,0.8,0.0,0.8372692790845775,0.0,0.888888888888889,0.0
simac/simac_Selling_England_By_The_Pound_01-Dancing_with_the_Moonlit_Knight/track.npy,simac,0.6333333333333333,0.0,0.6333333333333333,0.0,0.6726844913104136,0.0,0.6938775510204083,0.0
simac/simac_So_Cartola_02-Alvorada_Ao_Amanhecer/track.npy,simac,0.8,0.0,0.8,0.0,0.8223510903442077,0.0,0.888888888888889,0.0
simac/simac_So_Cartola_13-Velho_Estacio/track.npy,simac,0.47368421052631576,0.0,0.13157894736842105,0.0,0.3500748055672299,0.0,0.18749999999999997,0.0
simac/simac_So_Cartola_14-Ciume_Doentio/track.npy,simac,0.7741935483870968,0.0,0.7741935483870968,0.0,0.7175160179109533,0.0,0.8727272727272727,0.0
simac/simac_Tales_Of_Mystery_And_Imagination_07-The_Fall_Of_The_House_Of_Usher_II_Arrival/track.npy,simac,0.9,0.0,0.9,0.0,0.9048796965421003,0.0,0.9473684210526316,0.0
simac/simac_The_Crackdown_07-Why_Kill_Time_When_You_Can_Kill_Yourself_/track.npy,simac,0.9487179487179487,0.0,0.0,0.0,0.7900796857010014,0.0,0.6551724137931034,0.0
simac/simac_The_Crackdown_08-Haiti/track.npy,simac,0.7777777777777778,0.0,0.7777777777777778,0.0,0.8360774087238415,0.0,0.8750000000000001,0.0
simac/simac_Tomatito_Tomatito-05.A_mi_tao_El_Nino_Miguel/track.npy,simac,0.36363636363636365,0.0,0.36363636363636365,0.0,0.4087911191511657,0.0,0.4210526315789474,0.0
simac/simac_VOL.3_Musiques_pour_guitare_et_violoncelle_01-M._Baumann_Duo_pour_guitare_et_violoncelle_op.62_-_1._Prelude_(Lento_rubato)/track.npy,simac,0.6956521739130435,0.0,0.6956521739130435,0.0,0.6921854736579415,0.0,0.8292682926829269,0.0
simac/simac_Xatzidakis_01-AudioTrack_01/track.npy,simac,0.71875,0.0,0.71875,0.0,0.6198060743134538,0.0,0.8070175438596492,0.0
simac/simac_Xatzidakis_03-AudioTrack_03/track.npy,simac,0.7954545454545454,0.0,0.7954545454545454,0.0,0.7211670804901319,0.0,0.8860759493670886,0.0
simac/simac_Xatzidakis_15-AudioTrack_15/track.npy,simac,0.5476190476190477,0.0,0.5476190476190477,0.0,0.6253710480959654,0.0,0.7647058823529412,0.0
simac/simac_greek_Asteriadi_-_Mia_giorti/track.npy,simac,0.37037037037037035,0.0,0.37037037037037035,0.0,0.5099415876804184,0.0,0.5777777777777777,0.0
simac/simac_greek_Gkoles_-_Zwi_mou_farmakw8ikes/track.npy,simac,0.782608695652174,0.0,0.782608695652174,0.0,0.7337203153210065,0.0,0.878048780487805,0.0
simac/simac_greek_To_pasoumi_-_Smyrni/track.npy,simac,0.6896551724137931,0.0,0.6896551724137931,0.0,0.7132357447016507,0.0,0.8163265306122449,0.0
simac/simac_more_greek_Gkoles_-_H_tsigkouna/track.npy,simac,0.6756756756756757,0.0,0.6756756756756757,0.0,0.7720888337015743,0.0,0.8064516129032258,0.0
simac/simac_more_greek_Gkoles_-_Keravnoi_ki_astropelekia/track.npy,simac,0.72,0.0,0.72,0.0,0.8107263795506406,0.0,0.8372093023255813,0.0
simac/simac_more_greek_Gkoles_-_Ksaveriwtissa/track.npy,simac,0.6666666666666666,0.0,0.6666666666666666,0.0,0.7082589945308736,0.0,0.8,0.0
simac/simac_more_greek_Gkoles_-_Rimakse_to_spitiko_mas/track.npy,simac,0.76,0.0,0.76,0.0,0.7603131942806645,0.0,0.8636363636363636,0.0
simac/simac_more_greek_Glykeria_-_Odos_Aristotelous/track.npy,simac,0.6176470588235294,0.0,0.6176470588235294,0.0,0.6952084030025902,0.0,0.7857142857142858,0.0
simac/simac_more_greek_Marinella_-_Kane_ligaki_ypomoni/track.npy,simac,0.625,0.0,0.625,0.0,0.6395896135621746,0.0,0.7692307692307693,0.0
simac/simac_more_greek_Mitropanos_-_8essaloniki/track.npy,simac,0.6818181818181818,0.0,0.6818181818181818,0.0,0.7426300167673726,0.0,0.8108108108108109,0.0
simac/simac_more_greek_Mitsias_-_Apopse_f8inopwriase/track.npy,simac,0.5769230769230769,0.0,0.5769230769230769,0.0,0.5969965561104202,0.0,0.6829268292682926,0.0
simac/simac_more_greek_Mosxoliou_Gkika_-_Pira_ap_to_xeri_sou_nero/track.npy,simac,0.6774193548387096,0.0,0.6774193548387096,0.0,0.6983227789997408,0.0,0.8076923076923077,0.0
simac/simac_more_greek_Mpellou_-_Liga_psixoula_agapis_sou_gyrevw/track.npy,simac,0.5862068965517241,0.0,0.034482758620689655,0.0,0.5118021286489117,0.0,0.5128205128205129,0.0
simac/simac_selected_ambient_works_8592_schottkey_7th_path/track.npy,simac,0.7674418604651163,0.0,0.7674418604651163,0.0,0.8169809100256102,0.0,0.868421052631579,0.0
smc/smc_001/track.npy,smc,0.7027027027027027,0.0,0.7027027027027027,0.0,0.5334210578404258,0.0,0.6153846153846154,0.0
smc/smc_003/track.npy,smc,0.5268817204301075,0.0,0.0,0.0,0.49560442115450765,0.0,0.48854961832061067,0.0
smc/smc_012/track.npy,smc,0.27472527472527475,0.0,0.27472527472527475,0.0,0.4129472436221163,0.0,0.5352112676056338,0.0
smc/smc_019/track.npy,smc,0.4117647058823529,0.0,0.4117647058823529,0.0,0.4258697677607668,0.0,0.6216216216216216,0.0
smc/smc_035/track.npy,smc,0.543859649122807,0.0,0.543859649122807,0.0,0.5319865912561943,0.0,0.7032967032967032,0.0
smc/smc_047/track.npy,smc,0.47058823529411764,0.0,0.0784313725490196,0.0,0.4241390379514185,0.0,0.49019607843137253,0.0
smc/smc_048/track.npy,smc,0.3181818181818182,0.0,0.3181818181818182,0.0,0.3599392849791525,0.0,0.46875,0.0
smc/smc_051/track.npy,smc,1.0,0.0,1.0,0.0,0.5640516732053316,0.0,0.7297297297297297,0.0
smc/smc_057/track.npy,smc,0.6388888888888888,0.0,0.6388888888888888,0.0,0.3143301846293109,0.0,0.4507042253521127,0.0
smc/smc_069/track.npy,smc,0.7321428571428571,0.0,0.7321428571428571,0.0,0.6365422063501838,0.0,0.7884615384615384,0.0
smc/smc_084/track.npy,smc,0.08,0.0,0.08,0.0,0.10164923188698796,0.0,0.1935483870967742,0.0
smc/smc_085/track.npy,smc,0.22857142857142856,0.0,0.22857142857142856,0.0,0.24890826498617205,0.0,0.2941176470588235,0.0
smc/smc_086/track.npy,smc,0.5263157894736842,0.0,0.5263157894736842,0.0,0.670894128334688,0.0,0.7835051546391752,0.0
smc/smc_096/track.npy,smc,0.8732394366197183,0.0,0.8732394366197183,0.0,0.6988493445070779,0.0,0.9172932330827067,0.0
smc/smc_113/track.npy,smc,0.0,0.0,0.0,0.0,0.3990291638577577,0.0,0.5287356321839081,0.0
smc/smc_143/track.npy,smc,0.8301886792452831,0.0,0.8301886792452831,0.0,0.43356913986610784,0.0,0.5904761904761905,0.0
smc/smc_178/track.npy,smc,0.4772727272727273,0.0,0.4772727272727273,0.0,0.4864601112660449,0.0,0.6153846153846153,0.0
smc/smc_199/track.npy,smc,0.14285714285714285,0.0,0.14285714285714285,0.0,0.2433729442863256,0.0,0.2608695652173913,0.0
smc/smc_202/track.npy,smc,0.07936507936507936,0.0,0.05172413793103448,0.0,0.1463904138801207,0.0,0.2,0.0
smc/smc_213/track.npy,smc,0.4727272727272727,0.0,0.4727272727272727,0.0,0.4244634939996264,0.0,0.5591397849462365,0.0
smc/smc_223/track.npy,smc,0.3088235294117647,0.0,0.3088235294117647,0.0,0.48730936758091087,0.0,0.6138613861386139,0.0
smc/smc_232/track.npy,smc,0.5797101449275363,0.0,0.5797101449275363,0.0,0.5463104920177816,0.0,0.7518796992481203,0.0
smc/smc_244/track.npy,smc,0.16393442622950818,0.0,0.015873015873015872,0.0,0.21215821460847356,0.0,0.27419354838709675,0.0
smc/smc_252/track.npy,smc,0.9818181818181818,0.0,0.9818181818181818,0.0,0.6770661364120982,0.0,0.8990825688073394,0.0
smc/smc_255/track.npy,smc,0.5217391304347826,0.0,0.5217391304347826,0.0,0.6792593087240282,0.0,0.746987951807229,0.0
smc/smc_264/track.npy,smc,0.5842696629213483,0.0,0.0,0.0,0.3606600612955866,0.0,0.45801526717557245,0.0
smc/smc_283/track.npy,smc,1.0,0.0,1.0,0.0,0.8928154642107939,0.0,1.0,0.0
tapcorrect/006_youtube_I3gHugP6bPE/track.npy,tapcorrect,0.984375,0.4899328859060403,0.984375,0.4899328859060403,0.9254898089359352,0.7735422059327576,0.9843400447427293,0.8045977011494253
tapcorrect/010_youtube_80tX5MLX8QY/track.npy,tapcorrect,0.9974683544303797,0.79,0.9974683544303797,0.79,0.9338100135558276,0.82034946219614,0.9949367088607595,0.8659793814432989
tapcorrect/012_youtube_Va0vs1fhhNI/track.npy,tapcorrect,0.9931350114416476,0.9907407407407407,0.0,0.0,0.809532804943498,0.8088417138280577,0.664624808575804,0.6666666666666666
tapcorrect/030_youtube_U8EDgciZZFc/track.npy,tapcorrect,0.6651785714285714,0.6853146853146853,0.6651785714285714,0.6853146853146853,0.7454886685406334,0.7318675254434364,0.7875307629204266,0.7642857142857141
tapcorrect/037_youtube_VYCOg-yglNM/track.npy,tapcorrect,0.9808917197452229,0.9238095238095239,0.9808917197452229,0.9238095238095239,0.9560477896423375,0.8644189332784606,0.9920127795527156,0.8846153846153847
tapcorrect/042_youtube_uBMtdaRhDMY/track.npy,tapcorrect,0.9245283018867925,0.6666666666666666,0.9245283018867925,0.6666666666666666,0.9360380664771123,0.8380842004980763,0.9807692307692307,0.8721804511278196
tapcorrect/049_youtube_rSktfVJc_IM/track.npy,tapcorrect,0.9946380697050938,0.956989247311828,0.9946380697050938,0.956989247311828,0.9535366642414187,0.9130619181762081,0.9973118279569892,0.967741935483871
tapcorrect/055_youtube_LzLt9X4hoIE/track.npy,tapcorrect,0.7917737789203085,0.8045977011494253,0.7917737789203085,0.8045977011494253,0.8526635552148722,0.8233460280277468,0.8940217391304348,0.8439306358381502
tapcorrect/066_youtube_H4BB9eGUEaE/track.npy,tapcorrect,0.9930795847750865,0.8108108108108109,0.9930795847750865,0.8108108108108109,0.9680848039111495,0.8225435009766061,0.9965397923875432,0.8435374149659863
tapcorrect/074_youtube_aBqT2qWxDL8/track.npy,tapcorrect,0.5217391304347826,0.8275862068965517,0.5217391304347826,0.8275862068965517,0.7020178706856124,0.680217353450015,0.853960396039604,0.7701149425287356
tapcorrect/085_youtube_KEl7WjfbnSA/track.npy,tapcorrect,0.9428571428571428,0.8620689655172413,0.9428571428571428,0.8620689655172413,0.863391086134433,0.8206253978240879,0.9682997118155618,0.896551724137931
tapcorrect/093_youtube_C1lbOgBtE3w/track.npy,tapcorrect,0.9834123222748815,0.8461538461538461,0.9834123222748815,0.8461538461538461,0.9277730893389103,0.8636788718447078,0.9796893667861409,0.9073170731707317
tapcorrect/098_youtube_MsduHmjQlgI/track.npy,tapcorrect,0.9561586638830898,0.7542372881355932,0.9561586638830898,0.7542372881355932,0.947619585212964,0.7859165117984618,0.9789029535864979,0.8068669527896997
asap/Bach_Fugue_bwv_865_Teo01M/track.npy,asap,0.9396551724137931,0.5088757396449705,0.9396551724137931,0.15503875968992248,0.9352553095083478,0.6644489641546443,0.9606986899563318,0.5887850467289719
asap/Bach_Fugue_bwv_865_ZhangE01M/track.npy,asap,0.9232954545454546,0.48520710059171596,0.9232954545454546,0.1640625,0.9494299684650148,0.6622333400382971,0.9725036179450073,0.6009389671361502
asap/Bach_Fugue_bwv_874_BianF01/track.npy,asap,0.304635761589404,0.11578947368421053,0.0,0.0,0.039853645134888316,0.0022770012315370064,0.03225806451612903,0.0
asap/Bach_Fugue_bwv_874_Kurz01M/track.npy,asap,0.9481865284974094,0.45263157894736844,0.021052631578947368,0.0,0.7975570143127797,0.5764788459604737,0.6759581881533101,0.43103448275862066
asap/Bach_Fugue_bwv_874_WongWY01M/track.npy,asap,0.7874396135265701,0.3508771929824561,0.014492753623188406,0.03508771929824561,0.6952693223512549,0.3810968007534701,0.6052631578947368,0.2857142857142857
asap/Bach_Fugue_bwv_884_LiA01M/track.npy,asap,0.8990384615384616,0.855072463768116,0.8990384615384616,0.855072463768116,0.9302557209619805,0.8729297864585749,0.9582309582309583,0.9037037037037037
asap/Bach_Prelude_bwv_846_Shi05M/track.npy,asap,0.417910447761194,0.42424242424242425,0.417910447761194,0.42424242424242425,0.48914094383892404,0.29591320166321916,0.5037593984962406,0.30303030303030304
asap/Bach_Prelude_bwv_863_LeeN01M/track.npy,asap,0.018691588785046728,0.14814814814814814,0.0,0.14814814814814814,0.5130948039931991,0.40852639033545085,0.5222929936305732,0.4186046511627907
asap/Bach_Prelude_bwv_863_Shychko01M/track.npy,asap,0.0,0.4,0.0,0.037037037037037035,0.4021873332902807,0.49738453147936756,0.4266666666666667,0.5238095238095238
asap/Bach_Prelude_bwv_863_TongB01M/track.npy,asap,0.1368421052631579,0.37037037037037035,0.1368421052631579,0.37037037037037035,0.6902243742794276,0.521164108275559,0.7248322147651006,0.553191489361702
asap/Bach_Prelude_bwv_873_Lisiecki13M/track.npy,asap,0.022267206477732792,0.12380952380952381,0.010121457489878543,0.0380952380952381,0.36667698367127743,0.2339120033832868,0.38278931750741846,0.24242424242424246
asap/Beethoven_Piano_Sonatas_18-1_ChenGuang03M/track.npy,asap,0.8002528445006322,0.28205128205128205,0.8002528445006322,0.136,0.8580568693810057,0.4313318016573687,0.8929266709928617,0.4433497536945813
asap/Beethoven_Piano_Sonatas_18-1_KOLESO06M/track.npy,asap,0.8290155440414507,0.384,0.8290155440414507,0.384,0.8593746361602941,0.5778301792362405,0.9093298291721419,0.6093023255813953
asap/Beethoven_Piano_Sonatas_18-1_LeungR02M/track.npy,asap,0.8489304812834224,0.372,0.8489304812834224,0.372,0.8690835266421305,0.6076272500582662,0.8969210174029452,0.6238938053097346
asap/Beethoven_Piano_Sonatas_18-1_Levitsky05M/track.npy,asap,0.7832080200501254,0.32669322709163345,0.7832080200501254,0.32669322709163345,0.8432400770882613,0.5822279412008584,0.8844415752098127,0.6084905660377359
asap/Beethoven_Piano_Sonatas_18-1_ZhangH05M/track.npy,asap,0.8373333333333334,0.256,0.8373333333333334,0.256,0.86577008029172,0.46558623672705673,0.903010033444816,0.4873563218390804
asap/Beethoven_Piano_Sonatas_18-4_ChenGuang06M/track.npy,asap,0.7939024390243903,0.22277227722772278,0.7939024390243903,0.10148514851485149,0.8589524060243044,0.48957020056175393,0.8894348894348895,0.5016835016835016
asap/Beethoven_Piano_Sonatas_18-4_KOLESO06M/track.npy,asap,0.7857142857142857,0.28217821782178215,0.7857142857142857,0.0,0.8578488884013498,0.4379428563404871,0.8968395945140132,0.4502617801047121
asap/Beethoven_Piano_Sonatas_24-1_no_2_repeat_Cui06M/track.npy,asap,0.9498207885304659,0.7391304347826086,0.9498207885304659,0.7391304347826086,0.9391299835631528,0.7352349419510169,0.9772933696639419,0.7737226277372262
asap/Beethoven_Piano_Sonatas_24-1_no_2_repeat_DeTurck06M/track.npy,asap,0.9656419529837251,0.7591240875912408,0.9656419529837251,0.7591240875912408,0.9443472654302372,0.8444033990307938,0.9844748858447488,0.8803088803088803
asap/Beethoven_Piano_Sonatas_26-3_HONG05M/track.npy,asap,0.7796208530805687,0.6910994764397905,0.7796208530805687,0.6910994764397905,0.8607525975895054,0.7961716784749906,0.8955223880597015,0.8241758241758242
asap/Beethoven_Piano_Sonatas_26-3_Zhdanov05M/track.npy,asap,0.5683760683760684,0.5610687022900763,0.5683760683760684,0.5610687022900763,0.7885714606816775,0.7268590611027794,0.8189233278955954,0.7556468172484598
asap/Chopin_Etudes_op_10_5_LiA03M/track.npy,asap,0.36036036036036034,0.35,0.36036036036036034,0.0125,0.731087529678681,0.4234968707379775,0.7539267015706806,0.42372881355932207
asap/Chopin_Etudes_op_10_5_LiC02M/track.npy,asap,0.4152542372881356,0.4,0.4152542372881356,0.025,0.7157763715576003,0.3916364384416881,0.7525252525252525,0.39999999999999997
asap/Chopin_Etudes_op_10_5_ZhangW03M/track.npy,asap,0.363265306122449,0.6744186046511628,0.363265306122449,0.0,0.6905705795451538,0.5408285199309671,0.7407407407407408,0.4552845528455285
asap/Chopin_Etudes_op_10_8_KyykhynenT09M/track.npy,asap,0.775,0.3114754098360656,0.775,0.140625,0.8275820725831732,0.43369201313076766,0.8854166666666666,0.4272727272727273
asap/Chopin_Etudes_op_10_8_Lou03M/track.npy,asap,0.6416861826697893,0.30434782608695654,0.6416861826697893,0.30434782608695654,0.7624380040012458,0.430870164408466,0.8095838587641866,0.45508982035928147
asap/Chopin_Etudes_op_10_8_LuEric03M/track.npy,asap,0.7424657534246575,0.2413793103448276,0.7424657534246575,0.17391304347826086,0.8109878342660837,0.3736800352309099,0.8904109589041096,0.4133333333333333
asap/Chopin_Etudes_op_10_8_MiyashitaM05M/track.npy,asap,0.7678571428571429,0.6530612244897959,0.7678571428571429,0.6530612244897959,0.8173244559544193,0.6003885186832744,0.8601583113456465,0.6210526315789474
asap/Chopin_Etudes_op_10_8_Rizikov03M/track.npy,asap,0.8277634961439588,0.5051546391752577,0.8277634961439588,0.5051546391752577,0.8671128846629694,0.44625155277675793,0.9033112582781457,0.4656084656084656
asap/Chopin_Etudes_op_10_8_Tetzloff07M/track.npy,asap,0.7213114754098361,0.41304347826086957,0.7213114754098361,0.41304347826086957,0.7891579871049632,0.4187632344381218,0.8603351955307263,0.45614035087719296
asap/Chopin_Etudes_op_10_8_Zhou03M/track.npy,asap,0.7823834196891192,0.44565217391304346,0.7823834196891192,0.44565217391304346,0.818464165373214,0.46179601644029755,0.8776595744680852,0.48554913294797686
asap/Chopin_Etudes_op_25_11_Richardson_2013_08M/track.npy,asap,0.8917525773195877,0.7422680412371134,0.8917525773195877,0.7422680412371134,0.8918923365704274,0.748664532925488,0.9516339869281046,0.7916666666666666
asap/Chopin_Scherzos_20_Kurz04M/track.npy,asap,0.15455035002692516,0.06129032258064516,0.15455035002692516,0.01938610662358643,0.5836500086911447,0.2838532385329928,0.6272022551092319,0.29528535980148884
asap/Chopin_Scherzos_20_Wong04M/track.npy,asap,0.12200435729847495,0.14052287581699346,0.12200435729847495,0.016339869281045753,0.5451866384080688,0.3041607237108431,0.5970042796005706,0.32735961768219835
asap/Chopin_Scherzos_20_ZhangYunling04M/track.npy,asap,0.11272923408845739,0.08414239482200647,0.11272923408845739,0.025889967637540454,0.5333384612570664,0.37365545285980456,0.566079295154185,0.3587878787878788
asap/Liszt_Ballade_2_GarritsonL04M/track.npy,asap,0.32337164750957853,0.18789808917197454,0.32337164750957853,0.18789808917197454,0.550981330762179,0.2847665323769579,0.6208881578947368,0.31893687707641194
asap/Liszt_Ballade_2_Jin07M/track.npy,asap,0.36666666666666664,0.21656050955414013,0.36666666666666664,0.21656050955414013,0.5988744791398245,0.30749696940115845,0.6451352442470731,0.3304940374787053
asap/Liszt_Ballade_2_Min06M/track.npy,asap,0.2693125442948264,0.23248407643312102,0.2693125442948264,0.23248407643312102,0.5432064183195092,0.33088637695611106,0.5981087470449172,0.37099494097807756
asap/Rachmaninoff_Preludes_op_23_4_ChenGuang12M/track.npy,asap,0.38870431893687707,0.2631578947368421,0.38870431893687707,0.2631578947368421,0.6748873457907576,0.31733282762615833,0.7148288973384029,0.3576158940397351
asap/Rachmaninoff_Preludes_op_23_4_WuuE07M/track.npy,asap,0.2483221476510067,0.28,0.16666666666666666,0.28,0.5888671061323819,0.2978569341534128,0.6217105263157895,0.3172413793103448
asap/Schubert_Impromptu_op.90_D.899_1_Duepree08M/track.npy,asap,0.8557919621749409,0.3842364532019704,0.8557919621749409,0.3842364532019704,0.8858555115587443,0.535729193259982,0.9281834640917321,0.5604395604395603
asap/Schubert_Impromptu_op.90_D.899_1_Jin05M/track.npy,asap,0.8199753390875463,0.573394495412844,0.8199753390875463,0.573394495412844,0.8768220379064138,0.7417422408484693,0.912280701754386,0.7743467933491687
asap/Schubert_Impromptu_op.90_D.899_1_Teo06M/track.npy,asap,0.6350184956843403,0.4630541871921182,0.6350184956843403,0.4630541871921182,0.8184920555650715,0.6520020909278968,0.8649006622516555,0.7055702917771882
asap/Schubert_Impromptu_op.90_D.899_3_Hou06M/track.npy,asap,0.2846497764530551,0.2761904761904762,0.26407766990291265,0.2761904761904762,0.636156582507937,0.4991526010047607,0.6674500587544065,0.5185185185185186
asap/Schubert_Impromptu_op.90_D.899_3_JeonH06M/track.npy,asap,0.34507042253521125,0.28994082840236685,0.34507042253521125,0.17307692307692307,0.6321544425498625,0.41378878175877803,0.7260812581913498,0.5291005291005291
asap/Schubert_Impromptu_op.90_D.899_3_Ko08M/track.npy,asap,0.47435897435897434,0.34408602150537637,0.47435897435897434,0.34408602150537637,0.6230342245053552,0.416537168167918,0.7105590062111801,0.5168539325842697
asap/Schubert_Impromptu_op.90_D.899_3_Kociuban10M/track.npy,asap,0.5274888558692422,0.32222222222222224,0.18980667838312829,0.32222222222222224,0.62880792699388,0.4200800741543281,0.6887417218543047,0.45714285714285713
asap/Schubert_Impromptu_op.90_D.899_3_LeeSH08M/track.npy,asap,0.4434589800443459,0.23529411764705882,0.4434589800443459,0.23529411764705882,0.6641458231623517,0.4358663250828875,0.7360406091370558,0.47619047619047616
asap/Schubert_Impromptu_op.90_D.899_3_Mizumoto07M/track.npy,asap,0.6815476190476191,0.3176470588235294,0.6815476190476191,0.3176470588235294,0.6328147611579406,0.30461252313069465,0.7325227963525837,0.378698224852071
asap/Schubert_Impromptu_op.90_D.899_3_Woo10M/track.npy,asap,0.6756756756756757,0.19047619047619047,0.6756756756756757,0.19047619047619047,0.7266962613688328,0.42303764492491736,0.8243626062322946,0.4662576687116564
asap/Schubert_Impromptu_op.90_D.899_3_WuuE10M/track.npy,asap,0.4875,0.23595505617977527,0.4875,0.23595505617977527,0.5829108696604977,0.21524869333176208,0.6902173913043478,0.3005780346820809
asap/Schubert_Impromptu_op.90_D.899_3_ZhangW07M/track.npy,asap,0.6103542234332425,0.18823529411764706,0.6103542234332425,0.18823529411764706,0.5938200304851207,0.22937075080309896,0.7102272727272727,0.35294117647058826
asap/Schubert_Impromptu_op.90_D.899_3_ZhaoK10M/track.npy,asap,0.7958271236959762,0.3532934131736527,0.03058103975535168,0.21008403361344538,0.6635196747362153,0.4605123147779172,0.6343434343434343,0.4827586206896552
asap/Schubert_Moment_musical_no_3_Tetzloff09M/track.npy,asap,0.9594594594594594,0.46938775510204084,0.9594594594594594,0.32432432432432434,0.9312989253749242,0.7465237469043974,0.976271186440678,0.7642276422764227
asap/Schumann_Arabeske_Min09M/track.npy,asap,0.5276073619631901,0.16260162601626016,0.5276073619631901,0.04897959183673469,0.6620748430877731,0.3093347408794394,0.7403545359749739,0.31728045325779036
asap/Schumann_Arabeske_ParkS15M/track.npy,asap,0.5371329879101899,0.24897959183673468,0.5371329879101899,0.24897959183673468,0.6518588043567413,0.4657929535817157,0.7408793264733395,0.5219512195121951
ballroom/ballroom_Albums-Ballroom_Classics4-06/track.npy,ballroom,0.9814814814814815,1.0,0.9814814814814815,1.0,0.9215930586998896,0.9644845830118995,0.9906542056074767,1.0
ballroom/ballroom_Albums-Ballroom_Classics4-08/track.npy,ballroom,1.0,1.0,1.0,1.0,0.9319658295855637,0.9320894473236111,1.0,1.0
ballroom/ballroom_Albums-Ballroom_Classics4-14/track.npy,ballroom,0.9863013698630136,1.0,0.9863013698630136,1.0,0.90724127417263,0.9265776839041879,1.0,1.0
ballroom/ballroom_Albums-Ballroom_Magic-02/track.npy,ballroom,1.0,1.0,1.0,1.0,0.9010573950824214,0.9606808664425385,0.9444444444444444,1.0
ballroom/ballroom_Albums-Ballroom_Magic-05/track.npy,ballroom,1.0,1.0,1.0,1.0,0.8223248887653454,0.8691383803039977,1.0,1.0
ballroom/ballroom_Albums-Cafe_Paradiso-01/track.npy,ballroom,1.0,1.0,1.0,1.0,0.9382902865943477,0.947277149316345,1.0,1.0
ballroom/ballroom_Albums-Cafe_Paradiso-10/track.npy,ballroom,0.9512195121951219,0.9090909090909091,0.9512195121951219,0.9090909090909091,0.8840953751396405,0.862095090635734,0.9629629629629629,0.9523809523809523
ballroom/ballroom_Albums-Cafe_Paradiso-14/track.npy,ballroom,1.0,1.0,1.0,1.0,0.9739598121865168,0.9904022381138352,1.0,1.0
ballroom/ballroom_Albums-Chrisanne1-02/track.npy,ballroom,0.9142857142857143,0.6666666666666666,0.9142857142857143,0.6666666666666666,0.9087364761622052,0.7398154017345107,0.9411764705882354,0.7826086956521738
ballroom/ballroom_Albums-Chrisanne2-01/track.npy,ballroom,0.9142857142857143,1.0,0.9142857142857143,0.0,0.5485733674767612,0.1794369859396978,0.8571428571428571,0.3333333333333333
ballroom/ballroom_Albums-Chrisanne2-11/track.npy,ballroom,0.9880952380952381,0.9523809523809523,0.9880952380952381,0.9523809523809523,0.9159353011220515,0.8794259392224714,0.9940119760479043,0.975609756097561
ballroom/ballroom_Albums-Fire-13/track.npy,ballroom,0.9736842105263158,1.0,0.9736842105263158,1.0,0.9074071127633513,0.9458186918473963,0.9866666666666666,1.0
ballroom/ballroom_Albums-I_Like_It2-01/track.npy,ballroom,1.0,1.0,1.0,1.0,0.9801077846796328,0.9765560866247124,1.0,1.0
ballroom/ballroom_Albums-Latin_Jam-06/track.npy,ballroom,1.0,1.0,1.0,1.0,0.9474539918676341,0.9641216119417806,1.0,1.0
ballroom/ballroom_Albums-Latin_Jam2-01/track.npy,ballroom,0.9767441860465116,1.0,0.9767441860465116,1.0,0.9708552008398273,0.978916775793941,0.988235294117647,1.0
ballroom/ballroom_Albums-Latin_Jam2-03/track.npy,ballroom,0.9772727272727273,0.9090909090909091,0.9772727272727273,0.9090909090909091,0.9610173976603933,0.931896445027571,0.9885057471264368,0.9523809523809523
ballroom/ballroom_Albums-Latin_Jam2-04/track.npy,ballroom,1.0,1.0,1.0,1.0,0.9759274067177008,0.9752163939642099,1.0,1.0
ballroom/ballroom_Albums-Latin_Jam2-09/track.npy,ballroom,1.0,1.0,1.0,1.0,0.9585115122344688,0.9681185294853716,1.0,1.0
ballroom/ballroom_Albums-Latin_Jam3-12/track.npy,ballroom,1.0,1.0,1.0,1.0,0.9871693476767496,0.989562443623787,1.0,1.0
ballroom/ballroom_Albums-Latin_Jam5-01/track.npy,ballroom,1.0,1.0,1.0,1.0,0.9725858849674831,0.9815467783081481,1.0,1.0
ballroom/ballroom_Albums-Latin_Jam5-08/track.npy,ballroom,1.0,1.0,1.0,1.0,0.9779094273473808,0.984168209671186,1.0,1.0
ballroom/ballroom_Albums-Latin_Jam5-12/track.npy,ballroom,1.0,1.0,1.0,1.0,0.9753785438207553,0.9804699064166845,1.0,1.0
ballroom/ballroom_Albums-Latino_Latino-06/track.npy,ballroom,1.0,1.0,1.0,1.0,0.9809385682808668,0.9678011000872394,1.0,1.0
ballroom/ballroom_Albums-Mambo_Kings-10/track.npy,ballroom,1.0,1.0,1.0,1.0,0.9742819603908116,0.9763813988694416,1.0,1.0
ballroom/ballroom_Albums-Secret_Garden-02/track.npy,ballroom,1.0,1.0,1.0,1.0,0.6507339206396502,0.6637198903997082,0.9444444444444444,1.0
ballroom/ballroom_Albums-Step_By_Step-01/track.npy,ballroom,0.972972972972973,0.75,0.972972972972973,0.75,0.8849188728314309,0.6564151402500801,0.9863013698630138,0.75
ballroom/ballroom_Albums-Step_By_Step-05/track.npy,ballroom,1.0,1.0,1.0,1.0,0.9475204084055707,0.9369830315981295,1.0,1.0
ballroom/ballroom_Albums-Step_By_Step-10/track.npy,ballroom,0.9868421052631579,1.0,0.9868421052631579,0.0,0.9660967398180494,0.8085943730519778,0.9933774834437086,0.6486486486486487
ballroom/ballroom_Albums-StrictlyDancing_Tango-03/track.npy,ballroom,1.0,1.0,1.0,1.0,0.9758307796685591,0.9790386858499848,1.0,1.0
ballroom/ballroom_Albums-StrictlyDancing_Tango-04/track.npy,ballroom,1.0,1.0,1.0,1.0,0.9625969540593636,0.9608898775298177,1.0,1.0
ballroom/ballroom_Media-100602/track.npy,ballroom,0.972972972972973,1.0,0.972972972972973,1.0,0.8569115190005516,0.8741940881982667,0.972972972972973,1.0
ballroom/ballroom_Media-100607/track.npy,ballroom,1.0,1.0,1.0,1.0,0.9193599521139509,0.9393974225340419,1.0,1.0
ballroom/ballroom_Media-100616/track.npy,ballroom,1.0,1.0,1.0,1.0,0.969484802708805,0.9694227418512349,1.0,1.0
ballroom/ballroom_Media-103301/track.npy,ballroom,1.0,1.0,1.0,1.0,0.9077970367067416,0.957647469533702,1.0,1.0
ballroom/ballroom_Media-103412/track.npy,ballroom,1.0,1.0,1.0,1.0,0.9706549675914375,0.9719588526583808,1.0,1.0
ballroom/ballroom_Media-103417/track.npy,ballroom,1.0,1.0,1.0,1.0,0.9618879023315255,0.9773267706182969,1.0,1.0
ballroom/ballroom_Media-103501/track.npy,ballroom,0.9523809523809523,1.0,0.9523809523809523,1.0,0.9300650448979666,0.9823324549009855,0.975609756097561,1.0
ballroom/ballroom_Media-103517/track.npy,ballroom,1.0,1.0,1.0,1.0,0.9772497085522052,0.9838041623130092,1.0,1.0
ballroom/ballroom_Media-103604/track.npy,ballroom,1.0,1.0,1.0,1.0,0.9769530372360162,0.9709136856733909,1.0,1.0
ballroom/ballroom_Media-103608/track.npy,ballroom,1.0,1.0,1.0,1.0,0.9687575091931664,0.9508050634593281,1.0,1.0
ballroom/ballroom_Media-103614/track.npy,ballroom,0.9861111111111112,1.0,0.9861111111111112,1.0,0.9452926753433942,0.9488317912596194,0.993006993006993,1.0
ballroom/ballroom_Media-103615/track.npy,ballroom,1.0,1.0,1.0,1.0,0.8042523375036713,0.8507200456927264,0.9090909090909091,1.0
ballroom/ballroom_Media-103712/track.npy,ballroom,1.0,1.0,1.0,1.0,0.959959856196526,0.9768271401430226,1.0,1.0
ballroom/ballroom_Media-103807/track.npy,ballroom,1.0,1.0,1.0,1.0,0.9557084593942584,0.9728804412920464,1.0,1.0
ballroom/ballroom_Media-103809/track.npy,ballroom,1.0,1.0,1.0,1.0,0.933724363528794,0.9369402204796256,1.0,1.0
ballroom/ballroom_Media-103919/track.npy,ballroom,1.0,1.0,1.0,1.0,0.9771019976907637,0.9806693150994953,1.0,1.0
ballroom/ballroom_Media-104008/track.npy,ballroom,0.7560975609756098,0.8,0.7560975609756098,0.8,0.8146333267639515,0.8838479691318237,0.8611111111111112,0.888888888888889
ballroom/ballroom_Media-104011/track.npy,ballroom,0.9230769230769231,0.9230769230769231,0.9230769230769231,0.9230769230769231,0.9350987083760331,0.9301973280741379,0.9600000000000001,0.9600000000000001
ballroom/ballroom_Media-104012/track.npy,ballroom,0.9622641509433962,1.0,0.9622641509433962,1.0,0.9471597508324776,0.9412012185167953,0.9807692307692307,1.0
ballroom/ballroom_Media-104015/track.npy,ballroom,1.0,1.0,1.0,1.0,0.9728629757901759,0.9719234434213748,1.0,1.0
ballroom/ballroom_Media-104016/track.npy,ballroom,0.9861111111111112,1.0,0.9861111111111112,1.0,0.970408112779985,0.9787942630246772,0.993006993006993,1.0
ballroom/ballroom_Media-104101/track.npy,ballroom,1.0,1.0,1.0,1.0,0.9795819414094338,0.9840113483381149,1.0,1.0
ballroom/ballroom_Media-104102/track.npy,ballroom,1.0,1.0,1.0,1.0,0.9844313194118142,0.9911129373894025,1.0,1.0
ballroom/ballroom_Media-104104/track.npy,ballroom,1.0,1.0,1.0,1.0,0.9738111378236984,0.978607702289678,1.0,1.0
ballroom/ballroom_Media-104108/track.npy,ballroom,0.9811320754716981,0.8461538461538461,0.9811320754716981,0.8461538461538461,0.9753259175995819,0.8348941439677673,0.9904761904761905,0.8461538461538461
ballroom/ballroom_Media-104109/track.npy,ballroom,0.9622641509433962,1.0,0.9622641509433962,1.0,0.9552878339920378,0.970463373233702,0.9807692307692307,1.0
ballroom/ballroom_Media-104113/track.npy,ballroom,1.0,0.9090909090909091,1.0,0.9090909090909091,0.9252657586506758,0.9450876524699413,1.0,0.9523809523809523
ballroom/ballroom_Media-104408/track.npy,ballroom,0.974025974025974,0.9615384615384616,0.974025974025974,0.9615384615384616,0.937879136900554,0.9377723527869225,0.9868421052631579,0.9803921568627451
ballroom/ballroom_Media-104409/track.npy,ballroom,0.9493670886075949,0.9285714285714286,0.9493670886075949,0.0,0.9292659274006367,0.7516040783279525,0.9806451612903226,0.65
ballroom/ballroom_Media-104506/track.npy,ballroom,0.9814814814814815,0.9285714285714286,0.9814814814814815,0.9285714285714286,0.9600035402942351,0.9436223056502407,0.9906542056074767,0.962962962962963
ballroom/ballroom_Media-104609/track.npy,ballroom,0.987012987012987,1.0,0.987012987012987,1.0,0.9564657946669342,0.9751091269741067,0.9934640522875817,1.0
ballroom/ballroom_Media-104615/track.npy,ballroom,0.9550561797752809,0.9090909090909091,0.9550561797752809,0.0,0.9072579512112681,0.6150935070400061,0.9770114942528736,0.5
ballroom/ballroom_Media-104616/track.npy,ballroom,0.9767441860465116,1.0,0.9767441860465116,1.0,0.8598938244034526,0.8635159332641567,0.9941520467836257,1.0
ballroom/ballroom_Media-104802/track.npy,ballroom,1.0,1.0,1.0,1.0,0.909428967903541,0.9136554532681123,1.0,1.0
ballroom/ballroom_Media-104815/track.npy,ballroom,0.9885057471264368,1.0,0.9885057471264368,1.0,0.9611252488022414,0.9730247260507442,0.9942196531791908,1.0
ballroom/ballroom_Media-104915/track.npy,ballroom,0.9659090909090909,0.9090909090909091,0.9659090909090909,0.9090909090909091,0.9161118976374606,0.8801012274406854,0.9826589595375723,0.9545454545454546
ballroom/ballroom_Media-104916/track.npy,ballroom,0.9655172413793104,1.0,0.9655172413793104,1.0,0.8570349698048859,0.9023285658466411,0.9824561403508771,1.0
ballroom/ballroom_Media-105001/track.npy,ballroom,0.9722222222222222,0.9166666666666666,0.9722222222222222,0.9166666666666666,0.8273368840415912,0.8824094262453216,0.9859154929577464,0.9565217391304348
ballroom/ballroom_Media-105018/track.npy,ballroom,1.0,1.0,1.0,1.0,0.9602470888256311,0.9647718639952994,1.0,1.0
ballroom/ballroom_Media-105106/track.npy,ballroom,0.9722222222222222,1.0,0.9722222222222222,1.0,0.8313490659800877,0.8738974726247687,0.9859154929577464,1.0
ballroom/ballroom_Media-105209/track.npy,ballroom,0.4888888888888889,0.3333333333333333,0.13333333333333333,0.3333333333333333,0.4012546579256795,0.31317903869805175,0.3291139240506329,0.35294117647058826
ballroom/ballroom_Media-105213/track.npy,ballroom,1.0,1.0,1.0,1.0,0.7858408101403717,0.7890446984146171,0.9473684210526315,1.0
ballroom/ballroom_Media-105301/track.npy,ballroom,0.972972972972973,1.0,0.972972972972973,1.0,0.932031704779633,0.964290347856705,0.9863013698630138,1.0
ballroom/ballroom_Media-105307/track.npy,ballroom,0.9866666666666667,1.0,0.9866666666666667,1.0,0.8821636067118718,0.9010258184109174,0.9932885906040269,1.0
ballroom/ballroom_Media-105308/track.npy,ballroom,0.9866666666666667,0.9615384615384616,0.9866666666666667,0.9615384615384616,0.9186741815269803,0.9450766112037615,0.9932885906040269,0.9803921568627451
ballroom/ballroom_Media-105412/track.npy,ballroom,0.9761904761904762,1.0,0.9761904761904762,1.0,0.8222027934450448,0.8379390535989476,0.9879518072289156,1.0
ballroom/ballroom_Media-105505/track.npy,ballroom,0.9814814814814815,1.0,0.9814814814814815,1.0,0.9402462308522768,0.9453846839692931,0.9906542056074767,1.0
ballroom/ballroom_Media-105506/track.npy,ballroom,0.9636363636363636,0.9285714285714286,0.9636363636363636,0.9285714285714286,0.8125761268639392,0.7966632145293061,0.9814814814814815,0.962962962962963
ballroom/ballroom_Media-105602/track.npy,ballroom,0.9622641509433962,1.0,0.9622641509433962,1.0,0.9567796937920241,0.973655330808466,0.9807692307692307,1.0
ballroom/ballroom_Media-105604/track.npy,ballroom,0.9622641509433962,1.0,0.9622641509433962,1.0,0.9637730288366332,0.9699371408540169,0.9807692307692307,1.0
ballroom/ballroom_Media-105707/track.npy,ballroom,0.9636363636363636,0.9285714285714286,0.9636363636363636,0.9285714285714286,0.9331645123185311,0.9460748183203413,0.9814814814814815,0.962962962962963
ballroom/ballroom_Media-105710/track.npy,ballroom,0.961038961038961,0.9615384615384616,0.961038961038961,0.9615384615384616,0.9190082748073964,0.9260700905055086,0.9801324503311257,0.9803921568627451
ballroom/ballroom_Media-105906/track.npy,ballroom,1.0,1.0,1.0,1.0,0.9059034903371089,0.860600054466578,1.0,1.0
ballroom/ballroom_Media-105911/track.npy,ballroom,0.875,0.6363636363636364,0.875,0.0,0.8543899164491316,0.5016919676633628,0.941860465116279,0.43749999999999994
ballroom/ballroom_Media-105912/track.npy,ballroom,1.0,1.0,1.0,1.0,0.9620375334767305,0.9606877344453038,1.0,1.0
ballroom/ballroom_Media-106115/track.npy,ballroom,0.9466666666666667,0.6666666666666666,0.9466666666666667,0.6666666666666666,0.9513576613166079,0.6566895737898188,0.9726027397260273,0.6666666666666666
beatles/beatles_01_Please_Please_Me_03_Anna_(Go_To_Him)/track.npy,beatles,0.9869281045751634,1.0,0.9869281045751634,1.0,0.927168618585456,0.9216106831443718,0.9918166939443536,0.987012987012987
beatles/beatles_02_With_the_Beatles_05_Little_Child/track.npy,beatles,0.9575289575289575,0.9538461538461539,0.9575289575289575,0.9538461538461539,0.9466221322700418,0.9342773422015127,0.9763779527559054,0.96875
beatles/beatles_02_With_the_Beatles_08_Roll_Over_Beethoven/track.npy,beatles,1.0,1.0,1.0,1.0,0.97166797861381,0.9622841370865557,1.0,1.0
beatles/beatles_03_A_Hard_Days_Night_03_If_I_Fell/track.npy,beatles,1.0,1.0,1.0,1.0,0.9723335264831071,0.9630046532102678,1.0,1.0
beatles/beatles_03_A_Hard_Days_Night_04_Im_Happy_Just_To_Dance_With_You/track.npy,beatles,0.9831932773109243,0.9833333333333333,0.9831932773109243,0.9833333333333333,0.9574961116545415,0.9536076412054544,0.9915254237288135,0.9915966386554621
beatles/beatles_04_Beatles_for_Sale_07_Kansas_City-_Hey_Hey_Hey_Hey/track.npy,beatles,0.967741935483871,0.935064935064935,0.967741935483871,0.935064935064935,0.7333966402626816,0.726104330868314,0.9836065573770492,0.9605263157894737
beatles/beatles_04_Beatles_for_Sale_13_What_Youre_Doing/track.npy,beatles,0.9870967741935484,0.9871794871794872,0.9870967741935484,0.9871794871794872,0.6544089658555483,0.6758866496191338,0.9935064935064934,0.9935483870967742
beatles/beatles_05_Help_04_I_Need_You/track.npy,beatles,1.0,1.0,1.0,1.0,0.8649548002781541,0.8529733573502485,1.0,1.0
beatles/beatles_06_Rubber_Soul_05_Think_For_Yourself/track.npy,beatles,0.9965034965034965,1.0,0.9965034965034965,1.0,0.8864246397838715,0.8754657815724246,0.9982486865148862,1.0
beatles/beatles_06_Rubber_Soul_11_In_My_Life/track.npy,beatles,1.0,1.0,1.0,1.0,0.8960531999404716,0.8878656370070789,1.0,1.0
beatles/beatles_07_Revolver_04_Love_You_To/track.npy,beatles,0.7935656836461126,0.37209302325581395,0.7935656836461126,0.37209302325581395,0.8163878135316787,0.419247825944848,0.8672316384180792,0.44848484848484854
beatles/beatles_07_Revolver_13_Got_To_Get_You_Into_My_Life/track.npy,beatles,0.9968553459119497,0.9875,0.9968553459119497,0.9875,0.9258008319498152,0.9247477151776144,0.9984251968503937,0.9937106918238994
beatles/beatles_08_Sgt_Peppers_Lonely_Hearts_Club_Band_13_A_Day_In_The_Life/track.npy,beatles,0.38086642599277976,0.3352601156069364,0.38086642599277976,0.2698412698412698,0.6294741748991057,0.6061877624891086,0.6823266219239373,0.647887323943662
beatles/beatles_09_Magical_Mystery_Tour_05_Your_Mother_Should_Know/track.npy,beatles,0.9963235294117647,0.855072463768116,0.9963235294117647,0.855072463768116,0.8209829035661893,0.7444106707281377,0.998158379373849,0.8970588235294118
beatles/beatles_09_Magical_Mystery_Tour_09_Penny_Lane/track.npy,beatles,0.9873817034700315,0.9875,0.9873817034700315,0.9875,0.7079981979415538,0.7157925517105359,0.9936507936507936,0.9937106918238994
beatles/beatles_10_CD1_The_Beatles_14_Dont_Pass_Me_By/track.npy,beatles,0.9936507936507937,0.7654320987654321,0.9936507936507937,0.7654320987654321,0.9262553048438683,0.7469139232434199,0.9984101748807631,0.825
beatles/beatles_10_CD2_The_Beatles_05_Sexy_Sadie/track.npy,beatles,0.5143769968051118,0.6764705882352942,0.5143769968051118,0.6764705882352942,0.8244570435869608,0.812999974244364,0.8576642335766422,0.8503937007874015
beatles/beatles_10_CD2_The_Beatles_07_Long_Long_Long/track.npy,beatles,0.9588014981273408,0.8295454545454546,0.9588014981273408,0.8295454545454546,0.9355544011735175,0.8388621903650707,0.9751434034416826,0.8735632183908046
beatles/beatles_11_Abbey_Road_05_Octopuss_Garden/track.npy,beatles,0.9959839357429718,0.9516129032258065,0.9959839357429718,0.0,0.9555191112274737,0.7665820747871475,0.9979879275653923,0.6451612903225807
beatles/beatles_11_Abbey_Road_07_Here_Comes_The_Sun/track.npy,beatles,0.8018867924528302,0.7053571428571429,0.8018867924528302,0.7053571428571429,0.8996119784126216,0.7932979522057324,0.9454094292803971,0.8269230769230769
beatles/beatles_12_Let_It_Be_08_Ive_Got_A_Feeling/track.npy,beatles,0.99644128113879,1.0,0.99644128113879,1.0,0.861545603048433,0.8583898674194818,0.99644128113879,1.0
candombe/csic.1995_ansina1_05/track.npy,candombe,0.9968253968253968,1.0,0.9968253968253968,1.0,0.9822483004717744,0.9834320472303294,0.9984126984126984,1.0
candombe/csic.1995_cuareim_04/track.npy,candombe,0.9959239130434783,0.9351351351351351,0.9959239130434783,0.9351351351351351,0.9776694953943026,0.9299817142102758,0.9979605710401088,0.948509485094851
candombe/proyecto.1992_pelado_05/track.npy,candombe,0.9933035714285714,0.9017857142857143,0.9933035714285714,0.9017857142857143,0.9542089037833559,0.8932683504794575,0.994413407821229,0.9196428571428571
candombe/zavala.muniz.2014_45/track.npy,candombe,0.9972826086956522,1.0,0.9972826086956522,1.0,0.9371557122697342,0.9403777195895683,0.998639455782313,1.0
filosax/filosax_10/track.npy,filosax,0.9852607709750567,0.9409090909090909,0.9852607709750567,0.9409090909090909,0.9180834604603446,0.8702715082029749,0.992617830777967,0.9454545454545454
filosax/filosax_16/track.npy,filosax,0.9981042654028436,0.9924528301886792,0.9981042654028436,0.9924528301886792,0.9639771609850332,0.9582509086699773,0.9990512333965844,0.998109640831758
filosax/filosax_17/track.npy,filosax,0.9714086471408647,0.8743016759776536,0.9714086471408647,0.8743016759776536,0.9306367022275099,0.842162917393111,0.9858956276445698,0.8913963328631875
filosax/filosax_30/track.npy,filosax,0.9676284306826178,0.9352112676056338,0.9676284306826178,0.9352112676056338,0.9285752426580144,0.8806381731835519,0.9893390191897655,0.9502133712660028
filosax/filosax_33/track.npy,filosax,0.9976377952755906,0.9779874213836478,0.9976377952755906,0.9779874213836478,0.9365686373039668,0.9214435839713727,0.9984251968503937,0.9842271293375394
filosax/filosax_47/track.npy,filosax,0.9879347054648687,0.886039886039886,0.9879347054648687,0.886039886039886,0.9188880518344474,0.8434849019245246,0.9978662873399715,0.930232558139535
groove_midi/drummer1_session1_101_dance-disco_120_beat_4-4/track.npy,groove_midi,0.9975369458128078,1.0,0.9975369458128078,1.0,0.9237801720002501,0.9159811366944465,0.9987669543773119,1.0
groove_midi/drummer1_session1_146_latin-brazilian-baiao_95_beat_4-4/track.npy,groove_midi,0.963963963963964,0.927710843373494,0.963963963963964,0.927710843373494,0.8787344757431392,0.8400147323701532,0.968421052631579,0.9036144578313253
groove_midi/drummer1_session1_49_jazz_125_beat_4-4/track.npy,groove_midi,0.9703389830508474,0.6666666666666666,0.9703389830508474,0.6666666666666666,0.934885562482521,0.717147760275891,0.9849462365591398,0.7522935779816514
groove_midi/drummer1_session1_4_jazz-funk_116_beat_4-4/track.npy,groove_midi,0.9928057553956835,1.0,0.9928057553956835,1.0,0.9485241158746106,0.9423048866392228,0.996389891696751,1.0
groove_midi/drummer1_session2_7_jazz-march_88_beat_4-4/track.npy,groove_midi,0.6795252225519288,0.5454545454545454,0.6795252225519288,0.5454545454545454,0.8358650774134152,0.5888616074201931,0.9049919484702093,0.6486486486486486
groove_midi/drummer1_session2_8_jazz-march_176_beat_4-4/track.npy,groove_midi,0.759825327510917,0.6862745098039216,0.13333333333333333,0.0,0.7835882377743653,0.5863470923438581,0.722397476340694,0.5165562913907285
groove_midi/drummer1_session2_90_funk-rock_92_beat_4-4/track.npy,groove_midi,0.9943502824858758,0.9772727272727273,0.9943502824858758,0.0,0.9459866554503797,0.4745967161640762,0.9971671388101983,0.0
groove_midi/drummer1_session3_7_dance-disco_120_beat_4-4/track.npy,groove_midi,1.0,1.0,1.0,1.0,0.9452789473480786,0.9465525327983118,1.0,1.0
groove_midi/drummer3_session1_14_rock_120_beat_4-4/track.npy,groove_midi,0.975,0.0,0.975,0.0,0.9021322684124233,0.053740261033228376,0.9873417721518987,0.10000000000000002
groove_midi/drummer3_session1_1_rock_105_beat_4-4/track.npy,groove_midi,0.9916666666666667,0.9666666666666667,0.9916666666666667,0.9666666666666667,0.8253853107936265,0.789545316312892,0.99581589958159,0.983050847457627
groove_midi/drummer3_session1_22_jazz_120_beat_4-4/track.npy,groove_midi,0.05405405405405406,0.3333333333333333,0.05405405405405406,0.3333333333333333,0.3654459856285077,0.14594732974130717,0.43362831858407075,0.2
groove_midi/drummer3_session2_26_hiphop_92_beat_4-4/track.npy,groove_midi,1.0,1.0,1.0,1.0,0.8923477060886595,0.9193276268178052,1.0,1.0
groove_midi/drummer3_session2_6_rock_100_beat_4-4/track.npy,groove_midi,0.24324324324324326,0.5714285714285714,0.24324324324324326,0.5714285714285714,0.19394598874184094,0.2709133834892652,0.24615384615384617,0.4615384615384615
groove_midi/drummer5_eval_session_2_funk-groove2_105_beat_4-4/track.npy,groove_midi,0.9821428571428571,0.9285714285714286,0.9821428571428571,0.9285714285714286,0.9027019478244379,0.863379376124355,0.9909909909909909,0.962962962962963
groove_midi/drummer5_eval_session_6_hiphop-groove6_87_beat_4-4/track.npy,groove_midi,1.0,1.0,1.0,1.0,0.941565546533843,0.9179865010440871,1.0,1.0
groove_midi/drummer5_session1_3_latin-brazilian-samba_89_beat_4-4/track.npy,groove_midi,0.9964912280701754,0.9027777777777778,0.9964912280701754,0.9027777777777778,0.9403173209746173,0.8571806829219558,0.9982425307557118,0.9090909090909091
groove_midi/drummer5_session1_9_latin-dominican-merengue_130_beat_4-4/track.npy,groove_midi,0.9984756097560976,0.9085365853658537,0.9984756097560976,0.9085365853658537,0.9520990333240363,0.8751007639702715,0.9984756097560976,0.9174311926605505
groove_midi/drummer5_session2_20_latin-brazilian-ijexa_108_beat_4-4/track.npy,groove_midi,0.9791666666666666,0.8333333333333334,0.9791666666666666,0.0,0.9276201439909266,0.431920140546301,0.9894736842105264,0.0
groove_midi/drummer5_session2_23_latin-brazilian-songo_120_beat_4-4/track.npy,groove_midi,0.7989130434782609,0.3953488372093023,0.7989130434782609,0.022727272727272728,0.7491571469131404,0.30938518996632025,0.8397790055248618,0.07692307692307691
groove_midi/drummer5_session2_5_reggae_126_beat_4-4/track.npy,groove_midi,0.9868421052631579,0.0,0.9868421052631579,0.0,0.917967832881933,0.02101632445679006,0.9894459102902374,0.021164021164021163
groove_midi/drummer5_session2_9_neworleans-shuffle_104_beat_4-4/track.npy,groove_midi,0.9954128440366973,1.0,0.9954128440366973,1.0,0.8656568159988375,0.8857444581501425,0.9977011494252873,1.0
groove_midi/drummer7_eval_session_4_soul-groove4_80_beat_4-4/track.npy,groove_midi,0.9827586206896551,0.8571428571428571,0.9827586206896551,0.8571428571428571,0.8436842060428373,0.8023942608023346,0.9913043478260869,0.9285714285714286
groove_midi/drummer7_session1_10_rock_93_beat_4-4/track.npy,groove_midi,1.0,1.0,1.0,1.0,0.8531879615533654,0.8552197879591933,1.0,1.0
groove_midi/drummer7_session1_11_rock_93_beat_4-4/track.npy,groove_midi,0.9565217391304348,0.43478260869565216,0.9565217391304348,0.43478260869565216,0.8957698787527584,0.5021787824288364,0.9777777777777777,0.4444444444444445
groove_midi/drummer7_session1_17_hiphop_100_beat_4-4/track.npy,groove_midi,0.9343065693430657,0.3333333333333333,0.9343065693430657,0.3333333333333333,0.855960286187454,0.4369002691073517,0.9516728624535317,0.4262295081967213
groove_midi/drummer7_session1_18_hiphop_100_beat_4-4/track.npy,groove_midi,0.9642857142857143,0.8571428571428571,0.9642857142857143,0.8571428571428571,0.9313809740280478,0.8506381577266483,0.9818181818181818,0.923076923076923
groove_midi/drummer7_session2_106_soul-motown_104_beat_4-4/track.npy,groove_midi,0.9928571428571429,0.9714285714285714,0.9928571428571429,0.9714285714285714,0.884124723168403,0.879358126663336,0.996415770609319,0.9855072463768115
groove_midi/drummer7_session2_108_soul-motown_104_beat_4-4/track.npy,groove_midi,0.9736842105263158,0.9473684210526315,0.9736842105263158,0.9473684210526315,0.8661516715703876,0.8705126699557176,0.9866666666666666,0.972972972972973
groove_midi/drummer7_session2_113_jazz-fusion_96_beat_4-4/track.npy,groove_midi,1.0,1.0,1.0,1.0,0.9543855544885126,0.9443849384877387,1.0,1.0
groove_midi/drummer7_session2_26_rock_118_beat_4-4/track.npy,groove_midi,0.9833333333333333,1.0,0.9833333333333333,1.0,0.8316808638711419,0.8398723550123541,0.9915966386554621,1.0
groove_midi/drummer7_session2_53_rock_135_beat_4-4/track.npy,groove_midi,0.9814814814814815,1.0,0.9814814814814815,1.0,0.8706584111745357,0.8816163939264067,0.9906542056074767,1.0
groove_midi/drummer7_session2_54_soul-motown_148_beat_4-4/track.npy,groove_midi,0.016194331983805668,1.0,0.0,1.0,0.0539695098118274,0.03695984871425022,0.0,0.0
groove_midi/drummer7_session2_93_hiphop_75_beat_4-4/track.npy,groove_midi,0.9622641509433962,1.0,0.0,0.0,0.7593123735192406,0.8080031786206511,0.6582278481012659,0.7000000000000001
groove_midi/drummer7_session3_109_rock_95_beat_4-4/track.npy,groove_midi,0.9830508474576272,0.7142857142857143,0.9830508474576272,0.0,0.922445174139495,0.3583471970959377,0.9914529914529915,0.0
groove_midi/drummer7_session3_1_rock_60_beat_4-4/track.npy,groove_midi,0.9866666666666667,0.9473684210526315,0.9866666666666667,0.9473684210526315,0.8923033591648762,0.8557743796199386,0.9866666666666668,0.972972972972973
groove_midi/drummer7_session3_92_hiphop_70_beat_4-4/track.npy,groove_midi,0.9873417721518988,1.0,0.9873417721518988,1.0,0.903533675693845,0.9174391656908597,0.9968253968253968,1.0
groove_midi/drummer8_eval_session_2_funk-groove2_105_beat_4-4/track.npy,groove_midi,0.9821428571428571,0.9285714285714286,0.9821428571428571,0.9285714285714286,0.9306385719427128,0.9225384455987918,0.9909909909909909,0.962962962962963
groove_midi/drummer8_eval_session_3_soul-groove3_86_beat_4-4/track.npy,groove_midi,1.0,1.0,1.0,1.0,0.9654476089752259,0.9524993176236,1.0,1.0
groove_midi/drummer8_session1_21_rock-shuffle_112_beat_4-4/track.npy,groove_midi,0.988,0.8064516129032258,0.988,0.8064516129032258,0.869874411462723,0.8144243408301999,0.9899799599198397,0.9243697478991597
groove_midi/drummer8_session1_27_latin_122_beat_4-4/track.npy,groove_midi,0.9974293059125964,0.5979381443298969,0.9974293059125964,0.5979381443298969,0.9399098242527255,0.6043537486057822,0.9987129987129987,0.6557377049180328
groove_midi/drummer9_session1_1_rock_100_beat_4-4/track.npy,groove_midi,0.9722222222222222,0.5555555555555556,0.9722222222222222,0.5555555555555556,0.9255196792357361,0.5933050293788538,0.9859154929577464,0.5555555555555556
groove_midi/drummer9_session1_28_rock_90_beat_4-4/track.npy,groove_midi,0.9878048780487805,0.9523809523809523,0.0,0.0,0.7625576400328883,0.7437736920872228,0.6666666666666666,0.6249999999999999
guitarset/00_BN1-129-Eb_comp_mix/track.npy,guitarset,1.0,1.0,1.0,1.0,0.9643030577975367,0.9596448118912994,1.0,1.0
guitarset/00_BN3-119-G_comp_mix/track.npy,guitarset,0.7931034482758621,0.5,0.7931034482758621,0.0,0.847470389290506,0.3943050999033517,0.875,0.380952380952381
guitarset/00_Funk1-114-Ab_comp_mix/track.npy,guitarset,0.5333333333333333,0.7777777777777778,0.5333333333333333,0.7777777777777778,0.6846306621870009,0.1907123776806491,0.746987951807229,0.2222222222222222
guitarset/00_Funk3-112-C#_comp_mix/track.npy,guitarset,1.0,1.0,1.0,1.0,0.9597398967846101,0.973569913821427,1.0,1.0
guitarset/00_Funk3-98-A_comp_mix/track.npy,guitarset,0.7868852459016393,0.5384615384615384,0.7868852459016393,0.5384615384615384,0.7468442052986828,0.5778312245813466,0.8448275862068965,0.6153846153846154
guitarset/00_SS2-88-F_comp_mix/track.npy,guitarset,0.9655172413793104,0.8125,0.9655172413793104,0.8125,0.8589199684934603,0.8050417992765901,0.9824561403508771,0.9333333333333333
guitarset/00_SS3-84-Bb_comp_mix/track.npy,guitarset,0.9827586206896551,0.9333333333333333,0.9827586206896551,0.9333333333333333,0.7550480532427518,0.7982507688140885,0.9739130434782608,0.9655172413793104
guitarset/01_BN2-131-B_comp_mix/track.npy,guitarset,1.0,1.0,1.0,1.0,0.9389707300372584,0.9490331376064568,1.0,1.0
guitarset/01_Funk3-112-C#_comp_mix/track.npy,guitarset,0.746031746031746,0.4,0.746031746031746,0.15384615384615385,0.8865772092798321,0.5217112279470424,0.923076923076923,0.5217391304347826
guitarset/01_Jazz2-110-Bb_comp_mix/track.npy,guitarset,1.0,1.0,1.0,1.0,0.9285770300320935,0.9350522717375029,1.0,1.0
guitarset/02_BN3-119-G_comp_mix/track.npy,guitarset,0.9818181818181818,0.9285714285714286,0.9818181818181818,0.9285714285714286,0.9647066399140609,0.9454105668673941,0.9908256880733944,0.962962962962963
guitarset/02_Funk3-112-C#_comp_mix/track.npy,guitarset,1.0,1.0,1.0,1.0,0.9485801279601893,0.9370984050425866,1.0,1.0
guitarset/03_BN3-154-E_comp_mix/track.npy,guitarset,1.0,1.0,1.0,1.0,0.928605029919954,0.9185016799429876,1.0,1.0
guitarset/03_Funk3-98-A_comp_mix/track.npy,guitarset,0.9473684210526315,0.7857142857142857,0.9473684210526315,0.7857142857142857,0.9298621084485105,0.8547947244018977,0.9821428571428572,0.888888888888889
guitarset/03_Rock3-117-Bb_comp_mix/track.npy,guitarset,0.9818181818181818,0.9285714285714286,0.9818181818181818,0.9285714285714286,0.950714694506234,0.9185380987632294,0.9908256880733944,0.962962962962963
guitarset/03_SS1-100-C#_comp_mix/track.npy,guitarset,0.9746835443037974,0.8947368421052632,0.0,0.0,0.7934613459673192,0.764545874378127,0.6610169491525424,0.6428571428571429
guitarset/04_BN2-166-Ab_comp_mix/track.npy,guitarset,1.0,1.0,1.0,1.0,0.8697384389008945,0.8589760000982891,1.0,1.0
guitarset/04_Funk2-108-Eb_comp_mix/track.npy,guitarset,1.0,1.0,1.0,1.0,0.9688798166619716,0.9772137404084469,1.0,1.0
guitarset/04_Jazz1-200-B_comp_mix/track.npy,guitarset,1.0,1.0,1.0,1.0,0.9341463468743456,0.9419461915046182,1.0,1.0
guitarset/04_Jazz3-137-Eb_comp_mix/track.npy,guitarset,0.9811320754716981,0.7692307692307693,0.9811320754716981,0.7692307692307693,0.9266511464659114,0.7874428535663233,0.9904761904761905,0.8461538461538461
guitarset/04_Rock1-130-A_comp_mix/track.npy,guitarset,1.0,1.0,1.0,1.0,0.9654149335451594,0.9743305632892384,1.0,1.0
guitarset/04_Rock1-90-C#_comp_mix/track.npy,guitarset,0.975609756097561,0.9090909090909091,0.975609756097561,0.9090909090909091,0.8889205466267096,0.8006423007763788,0.9876543209876543,0.9523809523809523
guitarset/04_SS2-107-Ab_comp_mix/track.npy,guitarset,0.9821428571428571,0.8571428571428571,0.9821428571428571,0.8571428571428571,0.9112736527563627,0.8148857127708183,0.9909909909909909,0.888888888888889
hainsworth/hainsworth_007/track.npy,hainsworth,0.8507462686567164,0.07692307692307693,0.8507462686567164,0.0,0.7682752453692776,0.09508934949549164,0.9047619047619047,0.08
hainsworth/hainsworth_010/track.npy,hainsworth,1.0,0.36666666666666664,1.0,0.36666666666666664,0.9045401550836075,0.5448476695893048,1.0,0.5818181818181818
hainsworth/hainsworth_036/track.npy,hainsworth,0.9743589743589743,0.9,0.9743589743589743,0.9,0.9339877917242834,0.8042153870456872,0.9935483870967742,0.85
hainsworth/hainsworth_050/track.npy,hainsworth,1.0,1.0,1.0,1.0,0.9644027379386113,0.9625367187554268,1.0,1.0
hainsworth/hainsworth_054/track.npy,hainsworth,0.9690721649484536,0.96,0.9690721649484536,0.96,0.9334005288373954,0.9534973898207735,0.9791666666666666,0.9795918367346939
hainsworth/hainsworth_062/track.npy,hainsworth,1.0,1.0,1.0,1.0,0.9428031662864198,0.950950815578912,1.0,1.0
hainsworth/hainsworth_068/track.npy,hainsworth,0.9891304347826086,0.9565217391304348,0.9891304347826086,0.9565217391304348,0.9743887430458948,0.9647044499128508,0.994535519125683,0.9777777777777777
hainsworth/hainsworth_113/track.npy,hainsworth,0.9948453608247423,1.0,0.9948453608247423,1.0,0.9518296775558934,0.94862208710097,0.9974160206718347,1.0
hainsworth/hainsworth_117/track.npy,hainsworth,1.0,1.0,1.0,1.0,0.9633426614789559,0.9656836323790742,1.0,1.0
hainsworth/hainsworth_118/track.npy,hainsworth,0.988950276243094,0.8666666666666667,0.988950276243094,0.8666666666666667,0.9634030584382735,0.8554596955284876,0.9944444444444445,0.8888888888888888
hainsworth/hainsworth_140/track.npy,hainsworth,0.3968253968253968,0.2,0.2631578947368421,0.2,0.5415235142214379,0.2584949043899294,0.651685393258427,0.33333333333333326
hainsworth/hainsworth_150/track.npy,hainsworth,0.8360655737704918,0.5,0.8360655737704918,0.13333333333333333,0.8429189669116206,0.5176922361764195,0.8833333333333333,0.5217391304347827
hainsworth/hainsworth_162/track.npy,hainsworth,0.974025974025974,0.8947368421052632,0.974025974025974,0.8947368421052632,0.9690796526256111,0.9455730543958786,0.9934640522875817,0.972972972972973
hainsworth/hainsworth_165/track.npy,hainsworth,1.0,1.0,1.0,1.0,0.9651984352710441,0.9530637804327876,1.0,1.0
hainsworth/hainsworth_174/track.npy,hainsworth,1.0,0.5,1.0,0.4230769230769231,0.9658659678117213,0.5513385895786431,1.0,0.47058823529411764
hainsworth/hainsworth_176/track.npy,hainsworth,1.0,1.0,1.0,1.0,0.9619812616193534,0.9563470749235794,1.0,1.0
hainsworth/hainsworth_180/track.npy,hainsworth,1.0,1.0,1.0,1.0,0.9837034201575039,0.9887137555919052,1.0,1.0
hainsworth/hainsworth_181/track.npy,hainsworth,1.0,1.0,1.0,1.0,0.9615955555854083,0.9586369155756748,1.0,1.0
hainsworth/hainsworth_185/track.npy,hainsworth,1.0,1.0,1.0,1.0,0.9785628419622087,0.9802594022647907,1.0,1.0
hainsworth/hainsworth_186/track.npy,hainsworth,1.0,1.0,1.0,1.0,0.9845091736402451,0.9793936939226027,1.0,1.0
hainsworth/hainsworth_189/track.npy,hainsworth,0.24793388429752067,0.24324324324324326,0.0,0.0,0.5430191382638065,0.4950120969794426,0.5333333333333333,0.44000000000000006
hainsworth/hainsworth_202/track.npy,hainsworth,0.47863247863247865,0.35714285714285715,0.34444444444444444,0.35714285714285715,0.6985788751206842,0.27947770099024294,0.7919463087248323,0.29629629629629634
hainsworth/hainsworth_221/track.npy,hainsworth,0.711340206185567,0.09090909090909091,0.711340206185567,0.0,0.6313253888755814,0.2527015966024182,0.7904191616766467,0.27586206896551724
hainsworth/hainsworth_222/track.npy,hainsworth,1.0,0.4666666666666667,1.0,0.4666666666666667,0.9683322488302999,0.817905120158395,1.0,0.846153846153846
hainsworth/hainsworth_225/track.npy,hainsworth,0.25252525252525254,0.5769230769230769,0.25252525252525254,0.5769230769230769,0.28956419111838405,0.25448466756855614,0.3263157894736842,0.28571428571428575
hainsworth/hainsworth_228/track.npy,hainsworth,1.0,1.0,1.0,1.0,0.9736686082742004,0.9734105026055537,1.0,1.0
hainsworth/hainsworth_237/track.npy,hainsworth,0.9659090909090909,0.42857142857142855,0.9659090909090909,0.42857142857142855,0.9742614972990835,0.6238081126464486,0.9885057471264368,0.6315789473684211
hainsworth/hainsworth_242/track.npy,hainsworth,0.9904761904761905,0.0,0.9904761904761905,0.0,0.9273319452846968,1.0360806277002508e-32,0.9952153110047847,0.0
harmonix/0005_again/track.npy,harmonix,0.9723502304147466,0.9722222222222222,0.9723502304147466,0.9722222222222222,0.9368032419609075,0.9291777698703754,0.9906976744186046,0.979020979020979
harmonix/0012_aroundtheworld/track.npy,harmonix,1.0,0.5945945945945946,1.0,0.5945945945945946,0.7612941278951677,0.4655713383825418,1.0,0.6081081081081081
harmonix/0014_babaoriley/track.npy,harmonix,0.7650513950073421,0.5192307692307693,0.7650513950073421,0.5192307692307693,0.873150105479423,0.61763490396759,0.9047619047619048,0.6384364820846905
harmonix/0015_babygotback/track.npy,harmonix,1.0,1.0,1.0,1.0,0.9725079088474348,0.979078323066885,1.0,1.0
harmonix/0020_becauseofyou/track.npy,harmonix,0.9715099715099715,0.9772727272727273,0.9715099715099715,0.9772727272727273,0.965198116022567,0.9745970008672231,0.9855491329479769,0.9885057471264368
harmonix/0023_bewareoftheboys/track.npy,harmonix,0.504,0.4666666666666667,0.504,0.4666666666666667,0.5379841861665461,0.39745926996593056,0.5749486652977414,0.48214285714285715
harmonix/0028_blackmagic/track.npy,harmonix,0.3357972544878564,0.4,0.3357972544878564,0.4,0.6164646987694364,0.3908443848123786,0.690566037735849,0.45061728395061723
harmonix/0053_commander/track.npy,harmonix,1.0,0.7258064516129032,1.0,0.7258064516129032,0.8760054837556205,0.6539161994423797,1.0,0.7479674796747967
harmonix/0054_conceited/track.npy,harmonix,0.9914893617021276,0.8983050847457628,0.9914893617021276,0.8983050847457628,0.8688179373645448,0.8083682630167184,0.9957264957264957,0.9152542372881356
harmonix/0074_djgotusfallininlove/track.npy,harmonix,1.0,1.0,1.0,1.0,0.7347592706576307,0.7233124066116308,1.0,1.0
harmonix/0088_everybody/track.npy,harmonix,1.0,1.0,1.0,1.0,0.9619411229480773,0.9581040613641348,1.0,1.0
harmonix/0090_fearofthedarklive/track.npy,harmonix,0.833502538071066,0.7283950617283951,0.833502538071066,0.7283950617283951,0.8617007316226634,0.7757306288653423,0.8978549540347293,0.8042553191489362
harmonix/0099_forgetyou/track.npy,harmonix,0.8630705394190872,0.9473684210526315,0.8630705394190872,0.9473684210526315,0.9033455452554352,0.9087596675281024,0.9360341151385928,0.9385964912280702
harmonix/0106_getitshawty/track.npy,harmonix,0.996415770609319,1.0,0.996415770609319,1.0,0.8563256501464359,0.8794747298290732,0.9982046678635548,1.0
harmonix/0109_geturfreakon/track.npy,harmonix,0.5950782997762863,0.4230769230769231,0.25348189415041783,0.4230769230769231,0.777296567267421,0.7253857120869026,0.7684391080617496,0.7611940298507462
harmonix/0110_girlsandboys/track.npy,harmonix,1.0,1.0,1.0,1.0,0.8885091822936694,0.8951723524434797,1.0,1.0
harmonix/0111_girlsonfilm/track.npy,harmonix,0.9977876106194691,0.6754385964912281,0.9977876106194691,0.6754385964912281,0.9625642839962835,0.660086524026782,0.9988925802879292,0.6929824561403509
harmonix/0117_goodmorningblackfriday/track.npy,harmonix,0.3600293901542983,0.3803921568627451,0.3600293901542983,0.3803921568627451,0.5636410765826696,0.37663286512068517,0.6736753574432296,0.4329896907216495
harmonix/0123_heavyduty/track.npy,harmonix,0.8922651933701657,0.7752808988764045,0.8922651933701657,0.7752808988764045,0.8951233236961548,0.7688899431901928,0.9481065918653575,0.8114285714285714
harmonix/0132_iceicebaby/track.npy,harmonix,1.0,1.0,1.0,1.0,0.8819983690216111,0.9026754526031769,1.0,1.0
harmonix/0133_ifeellove/track.npy,harmonix,0.9796954314720813,0.9393939393939394,0.9796954314720813,0.9393939393939394,0.9562959329507164,0.9229463737889797,0.9897435897435898,0.9538461538461539
harmonix/0176_megasus/track.npy,harmonix,0.9591078066914498,0.8120300751879699,0.9591078066914498,0.8120300751879699,0.8404884063976994,0.7125895426688463,0.983177570093458,0.8421052631578947
harmonix/0189_neversaynever/track.npy,harmonix,0.9971910112359551,0.9887640449438202,0.9971910112359551,0.9887640449438202,0.9333746205358491,0.962936806066322,0.9957805907172996,0.9943502824858756
harmonix/0195_nookie/track.npy,harmonix,0.7844444444444445,0.8,0.7844444444444445,0.8,0.7145057722488727,0.7014745061488185,0.9057971014492753,0.8700000000000001
harmonix/0209_paparazzi/track.npy,harmonix,0.9948453608247423,0.9587628865979382,0.9948453608247423,0.9587628865979382,0.9703276146447242,0.9373963688480828,0.9974160206718347,0.9740932642487047
harmonix/0212_peoplegotalotofnerve/track.npy,harmonix,0.9936908517350158,0.8641975308641975,0.9936908517350158,0.8641975308641975,0.8499497969666345,0.7434680281702962,0.9968454258675079,0.8999999999999999
harmonix/0214_planetrock/track.npy,harmonix,0.9925093632958801,0.985,0.9925093632958801,0.985,0.9734903191786042,0.9666892287031099,0.99812382739212,0.9924812030075189
harmonix/0215_pointofknowreturn/track.npy,harmonix,0.7677261613691931,0.2616822429906542,0.7677261613691931,0.2616822429906542,0.6857355514620842,0.3631538871929229,0.8953341740226987,0.47826086956521735
harmonix/0218_policyoftruth/track.npy,harmonix,0.8810975609756098,0.55,0.8810975609756098,0.55,0.7750797764361159,0.4869086785635752,0.9347996857816182,0.5460317460317461
harmonix/0220_promiscuous/track.npy,harmonix,0.9966442953020134,0.92,0.9966442953020134,0.92,0.8492095893026818,0.791474185512895,0.9983193277310924,0.9333333333333333
harmonix/0245_sayhey/track.npy,harmonix,0.9971264367816092,1.0,0.9971264367816092,1.0,0.9786046106052494,0.9833871310047585,0.9985611510791367,1.0
harmonix/0268_supersonic/track.npy,harmonix,0.9849397590361446,0.891566265060241,0.9849397590361446,0.891566265060241,0.8872573961262701,0.8058024529299315,0.9803921568627451,0.9156626506024096
harmonix/0269_sweettalk/track.npy,harmonix,0.9823321554770318,0.9577464788732394,0.0,0.0,0.8020342247630423,0.7841006707210209,0.6627078384798101,0.6476190476190476
harmonix/0270_takeovercontrol/track.npy,harmonix,0.9953917050691244,0.9908256880733946,0.9953917050691244,0.9908256880733946,0.9791853471778615,0.972169325146251,0.9988465974625144,0.9953917050691244
harmonix/0285_thekill/track.npy,harmonix,0.9511494252873564,0.9043478260869565,0.9511494252873564,0.9043478260869565,0.9587309780294888,0.8336885311267513,0.9790007241129617,0.8521739130434782
harmonix/0296_transmaniaconmc/track.npy,harmonix,0.9827956989247312,0.8,0.9827956989247312,0.8,0.9204947417436371,0.8068299029047131,0.9902912621359222,0.8623853211009175
harmonix/0297_troublecomesrunning/track.npy,harmonix,0.9922779922779923,0.71875,0.9922779922779923,0.71875,0.8624964160306045,0.7477821546915334,0.9961240310077519,0.8333333333333334
harmonix/0305_wenospeakamericano/track.npy,harmonix,0.9961977186311787,0.9848484848484849,0.9961977186311787,0.9848484848484849,0.8611334119837221,0.8454410915096109,0.9980952380952381,0.9923664122137404
harmonix/0306_werunthis/track.npy,harmonix,0.9946808510638298,0.8723404255319149,0.9946808510638298,0.8723404255319149,0.9440231595951057,0.8184721470201894,0.9973333333333333,0.8817204301075269
harmonix/0323_yeah/track.npy,harmonix,0.49666666666666665,0.6545454545454545,0.49666666666666665,0.6545454545454545,0.7947610594902952,0.6215770800159044,0.8416988416988418,0.6666666666666666
harmonix/0335_allyourlife/track.npy,harmonix,0.4702194357366771,0.6363636363636364,0.3326226012793177,0.13675213675213677,0.7760651212597655,0.6864014288254743,0.7842639593908629,0.633879781420765
harmonix/0336_alonewithyou/track.npy,harmonix,0.9914772727272727,0.9886363636363636,0.9914772727272727,0.9886363636363636,0.9586254717121265,0.9544063197057541,0.9943019943019943,0.9942857142857142
harmonix/0375_dynamite/track.npy,harmonix,0.9880952380952381,0.9904761904761905,0.9880952380952381,0.9904761904761905,0.9790928324329878,0.9794269052327779,0.9940119760479043,0.9952153110047847
harmonix/0380_everybodytalks/track.npy,harmonix,0.990990990990991,0.9272727272727272,0.990990990990991,0.9272727272727272,0.9619803758686617,0.9024677965673211,0.9954853273137697,0.9363636363636364
harmonix/0386_footloose/track.npy,harmonix,0.9834983498349835,0.8079470198675497,0.9834983498349835,0.8079470198675497,0.7830464734471922,0.6812188461780424,0.9975186104218362,0.8835616438356164
harmonix/0387_free/track.npy,harmonix,0.9871794871794872,0.8974358974358975,0.9871794871794872,0.8974358974358975,0.9761239676918172,0.8993224863907422,0.9935483870967742,0.9184549356223175
harmonix/0391_givemeallyourluvin/track.npy,harmonix,0.7209302325581395,0.7226890756302521,0.7209302325581395,0.7226890756302521,0.9073843465364182,0.9017255660274675,0.9229024943310656,0.9189189189189189
harmonix/0402_herestous/track.npy,harmonix,0.9912280701754386,1.0,0.9912280701754386,1.0,0.959185902451711,0.9576098010927595,0.9955947136563876,1.0
harmonix/0407_humpinaround/track.npy,harmonix,0.997872340425532,1.0,0.997872340425532,1.0,0.523158700536163,0.5190608116428597,0.9989350372736955,1.0
harmonix/0432_letsgo/track.npy,harmonix,0.9869565217391304,0.991304347826087,0.9869565217391304,0.991304347826087,0.9795310639410761,0.980518073281848,0.9934354485776805,0.9956331877729258
harmonix/0434_lights/track.npy,harmonix,0.9951100244498777,1.0,0.9951100244498777,1.0,0.8075673516999587,0.7951125589266759,0.9975490196078431,1.0
harmonix/0444_maybe/track.npy,harmonix,0.9962121212121212,1.0,0.9962121212121212,1.0,0.9707941504113001,0.9729679513386275,0.9981024667931689,1.0
harmonix/0449_misery/track.npy,harmonix,0.9768115942028985,0.9883720930232558,0.9768115942028985,0.9883720930232558,0.9113143993243993,0.9087120072034104,0.9882697947214076,0.9941520467836257
harmonix/0477_poundthealarm/track.npy,harmonix,0.9902200488997555,0.9902912621359223,0.9902200488997555,0.9902912621359223,0.8619590550233626,0.8563956192215938,0.995085995085995,0.9951219512195122
harmonix/0480_raiseyourglass/track.npy,harmonix,0.9949622166246851,0.8585858585858586,0.9949622166246851,0.8585858585858586,0.9442869857450291,0.8199919677334828,0.9974747474747475,0.8686868686868688
harmonix/0482_redsolocup/track.npy,harmonix,0.9179755671902269,0.9300699300699301,0.9179755671902269,0.9300699300699301,0.8031413888955853,0.7805202347144073,0.942630185348632,0.9328621908127208
harmonix/0485_rollinginthedeep/track.npy,harmonix,0.9948320413436692,1.0,0.9948320413436692,1.0,0.9788440247252996,0.980971467800961,0.9974093264248705,1.0
harmonix/0498_springsteen/track.npy,harmonix,0.9617977528089887,0.963963963963964,0.9617977528089887,0.963963963963964,0.9518605481984698,0.9520191534447674,0.9805269186712485,0.9816513761467891
harmonix/0501_stayawhile/track.npy,harmonix,0.8647058823529412,0.9125,0.8647058823529412,0.9125,0.9278076556470615,0.882572872216531,0.9619482496194826,0.9171974522292993
harmonix/0528_werunthenight/track.npy,harmonix,1.0,1.0,1.0,1.0,0.9294626978575845,0.9241841313609201,1.0,1.0
harmonix/0537_writteninthestars/track.npy,harmonix,0.9901639344262295,1.0,0.9901639344262295,1.0,0.9035085185761962,0.9298429943443248,0.9950576606260296,1.0
harmonix/0544_yougottabe/track.npy,harmonix,0.9335106382978723,0.9157894736842105,0.9335106382978723,0.9157894736842105,0.7965435223360612,0.8015950354653981,0.9684499314128944,0.9565217391304348
harmonix/0550_aboutyounow/track.npy,harmonix,0.9960707269155207,0.937007874015748,0.9960707269155207,0.937007874015748,0.952149477031404,0.901551881057382,0.9980314960629921,0.9448818897637795
harmonix/0557_alligator/track.npy,harmonix,0.9932885906040269,1.0,0.9932885906040269,1.0,0.973744573471031,0.9726792865239068,0.9966329966329966,1.0
harmonix/0566_americanwoman/track.npy,harmonix,0.9745222929936306,0.9746835443037974,0.9745222929936306,0.9746835443037974,0.893042273353382,0.8839306945234936,0.9870967741935484,0.9871794871794872
harmonix/0570_aslongasyouloveme/track.npy,harmonix,0.9844961240310077,0.9365079365079365,0.9844961240310077,0.9365079365079365,0.9470341207820396,0.9036182755295554,0.9921875,0.9523809523809523
harmonix/0571_atlantis/track.npy,harmonix,0.5135135135135135,0.5303030303030303,0.5135135135135135,0.5303030303030303,0.7914394256302599,0.6864372479017455,0.8336192109777015,0.7286821705426357
harmonix/0574_badromanceappboyz/track.npy,harmonix,0.9939024390243902,1.0,0.9939024390243902,1.0,0.9791253311023741,0.9818380632298367,0.9969418960244648,1.0
harmonix/0579_beatitstudioversion/track.npy,harmonix,0.9781021897810219,0.40441176470588236,0.9781021897810219,0.3357664233576642,0.9690456486624738,0.4696882942206492,0.9908592321755026,0.36718749999999994
harmonix/0580_beautiful/track.npy,harmonix,0.9930795847750865,1.0,0.9930795847750865,1.0,0.6252988761849636,0.6100397141090586,0.892361111111111,0.875
harmonix/0585_beautyandabeat/track.npy,harmonix,0.9978768577494692,1.0,0.9978768577494692,1.0,0.9182877100630423,0.9227321594457597,0.9989373007438895,1.0
harmonix/0590_betterintime/track.npy,harmonix,0.9775641025641025,0.9743589743589743,0.9775641025641025,0.9743589743589743,0.9713725409537532,0.9686875990887309,0.9886547811993517,0.9870129870129869
harmonix/0592_blameit/track.npy,harmonix,1.0,0.7538461538461538,1.0,0.7538461538461538,0.9568220733414398,0.7323671151111081,1.0,0.7615384615384615
harmonix/0595_blonde/track.npy,harmonix,1.0,0.9565217391304348,1.0,0.9565217391304348,0.9624288099246017,0.9505005531650259,1.0,0.9781021897810219
harmonix/0608_canttellmenothing/track.npy,harmonix,0.9943181818181818,1.0,0.9943181818181818,1.0,0.8440369447168463,0.8397605562453939,0.9971509971509972,1.0
harmonix/0614_cinema/track.npy,harmonix,0.7982456140350878,0.475,0.7982456140350878,0.475,0.8596867704303022,0.5389746668677428,0.8959276018099548,0.5570469798657718
harmonix/0626_coolerthanme/track.npy,harmonix,0.9955156950672646,0.9369369369369369,0.9955156950672646,0.9369369369369369,0.9518546219497872,0.9024330390112936,0.9977528089887641,0.9459459459459459
harmonix/0663_explosions/track.npy,harmonix,0.9201101928374655,0.7912087912087912,0.9201101928374655,0.7912087912087912,0.8793612573837489,0.807786766891516,0.937062937062937,0.8571428571428571
harmonix/0680_fixaheart/track.npy,harmonix,0.45185185185185184,0.5,0.45185185185185184,0.5,0.7745134281354394,0.5569648694189403,0.8251507321274764,0.5856353591160222
harmonix/0700_gottabesomebody/track.npy,harmonix,0.9177215189873418,0.9203539823008849,0.9177215189873418,0.9203539823008849,0.9397804118222817,0.9204043848897382,0.9729144095341279,0.9506726457399104
harmonix/0704_guitarstringweddingring/track.npy,harmonix,0.9339853300733496,0.49019607843137253,0.9339853300733496,0.49019607843137253,0.913181300212364,0.7004517652876538,0.9423312883435583,0.7213114754098361
harmonix/0718_heytheredelilah/track.npy,harmonix,0.9895833333333334,0.9895833333333334,0.9895833333333334,0.9895833333333334,0.9649011987904783,0.9689404338608182,0.9947643979057591,0.9947643979057591
harmonix/0727_howcomeyoudontwantme/track.npy,harmonix,0.9929328621908127,1.0,0.9929328621908127,1.0,0.9800903151223536,0.9848414136145051,0.9964539007092198,1.0
harmonix/0735_ifuseeamy/track.npy,harmonix,0.9933184855233853,1.0,0.9933184855233853,1.0,0.9725261158017786,0.9751105639303876,0.9966480446927374,1.0
harmonix/0756_istillmissyou/track.npy,harmonix,0.9864864864864865,0.9324324324324325,0.9864864864864865,0.9324324324324325,0.9723926690105634,0.9390272453718214,0.9931972789115647,0.9523809523809523
harmonix/0764_iwish/track.npy,harmonix,0.9836448598130841,0.8867924528301887,0.9836448598130841,0.8867924528301887,0.9722196281711885,0.8962790915560537,0.991774383078731,0.9150943396226415
harmonix/0776_krazy/track.npy,harmonix,1.0,1.0,1.0,1.0,0.9706971743386723,0.966693420763497,1.0,1.0
harmonix/0793_lovegame/track.npy,harmonix,1.0,1.0,1.0,1.0,0.8714629711222754,0.8544986803411609,1.0,1.0
harmonix/0794_lovegamedave/track.npy,harmonix,0.9976744186046511,0.9439252336448598,0.9976744186046511,0.9439252336448598,0.9782674801680674,0.9344900982839612,0.9988358556461001,0.9532710280373832
harmonix/0802_lovestoned/track.npy,harmonix,0.9883040935672515,0.9921875,0.9883040935672515,0.9921875,0.9632276644467967,0.9628861814608101,0.9941176470588234,0.996078431372549
harmonix/0803_lovestory/track.npy,harmonix,0.9955456570155902,1.0,0.9955456570155902,1.0,0.9802001007270303,0.9806791325301653,0.9977678571428571,1.0
harmonix/0815_mondaymondaymonday/track.npy,harmonix,1.0,1.0,1.0,1.0,0.8254758639751617,0.8278980220915862,0.9973333333333333,0.9893617021276596
harmonix/0826_myohmy/track.npy,harmonix,0.7136150234741784,0.7526881720430108,0.7136150234741784,0.7526881720430108,0.852097373309257,0.7470582805549473,0.8992248062015504,0.7888888888888889
harmonix/0833_northshore/track.npy,harmonix,0.9904076738609112,0.4230769230769231,0.9904076738609112,0.4230769230769231,0.9325097544618924,0.5952473223278688,0.9951807228915662,0.6354166666666667
harmonix/0857_paralyzer/track.npy,harmonix,0.9971671388101983,1.0,0.9971671388101983,1.0,0.9411141616916874,0.9561374878685822,0.9985815602836879,1.0
harmonix/0861_pingmebaby/track.npy,harmonix,0.9975550122249389,0.9607843137254902,0.9975550122249389,0.9607843137254902,0.981113044283957,0.9544667615366129,0.9987760097919216,0.9705882352941176
harmonix/0870_ratedr/track.npy,harmonix,0.9962049335863378,1.0,0.9962049335863378,1.0,0.948379813279761,0.9479435546466075,0.9952516619183286,1.0
harmonix/0876_rehab/track.npy,harmonix,0.9565217391304348,0.9157894736842105,0.9565217391304348,0.9157894736842105,0.9414096986450899,0.9225519911656188,0.9844155844155845,0.9625668449197862
harmonix/0879_ridinsoloian/track.npy,harmonix,0.9775678866587958,0.5238095238095238,0.9775678866587958,0.5238095238095238,0.9565154244432852,0.5704320381669106,0.9851632047477744,0.5285714285714286
harmonix/0883_rocksatmywindow/track.npy,harmonix,0.6743362831858407,0.574468085106383,0.1928721174004193,0.2,0.8055532760250239,0.7405842330223666,0.7447368421052631,0.6881720430107527
harmonix/0905_shocktoyoursystem/track.npy,harmonix,0.9885386819484241,0.9886363636363636,0.9885386819484241,0.9886363636363636,0.9576714184785032,0.9624255628205296,0.9942363112391931,0.9942857142857142
harmonix/0912_somenights/track.npy,harmonix,0.979296066252588,0.9669421487603306,0.979296066252588,0.9669421487603306,0.9443103651925538,0.9418988906538921,0.9906152241918664,0.9833333333333334
harmonix/0915_sosletthemusicplay/track.npy,harmonix,0.9972451790633609,0.9230769230769231,0.9972451790633609,0.9230769230769231,0.9591155951231936,0.8941590147790694,0.9972451790633609,0.9392265193370165
harmonix/0917_spacemanties/track.npy,harmonix,0.7775255391600454,0.5495049504950495,0.7775255391600454,0.5495049504950495,0.7973365325128817,0.5244852892288303,0.8720379146919431,0.5728900255754475
harmonix/0926_sweetthing/track.npy,harmonix,1.0,1.0,1.0,1.0,0.7520458067608757,0.746747808448171,1.0,1.0
harmonix/0929_takeovercontrolext/track.npy,harmonix,0.9109159347553325,0.9547738693467337,0.9109159347553325,0.9547738693467337,0.7783419441754471,0.7492790300446723,0.9237555135475741,0.8916876574307305
harmonix/0936_tequieroacoustic/track.npy,harmonix,0.6845425867507886,0.8181818181818182,0.6845425867507886,0.8181818181818182,0.7954907241490508,0.804358065958483,0.8522336769759451,0.8333333333333334
harmonix/0940_thehousethatbuiltme/track.npy,harmonix,0.32894736842105265,0.42953020134228187,0.19736842105263158,0.22807017543859648,0.6249844186823726,0.5364257968339796,0.6578366445916115,0.5714285714285714
harmonix/0949_throwitinthebag/track.npy,harmonix,0.9938271604938271,1.0,0.9938271604938271,1.0,0.9165810770369989,0.9364899831988366,0.9969040247678018,1.0
harmonix/0956_tonightimgettingoveryou/track.npy,harmonix,0.9977477477477478,0.972972972972973,0.9977477477477478,0.972972972972973,0.9672972109376713,0.9472387139100302,0.9988726042841037,0.972972972972973
harmonix/0980_whenyouleave/track.npy,harmonix,0.9946164199192463,0.9086021505376344,0.9946164199192463,0.9086021505376344,0.9419164715120962,0.902460630765587,0.9973045822102427,0.956043956043956
harmonix/0983_whyamitheone/track.npy,harmonix,0.9844236760124611,0.4936708860759494,0.9844236760124611,0.4936708860759494,0.860156455191854,0.4915869416696456,0.987460815047022,0.5419354838709678
harmonix/0987_withyou/track.npy,harmonix,0.9971671388101983,1.0,0.9971671388101983,1.0,0.6196014795310174,0.6065638967456196,0.9985815602836879,1.0
harmonix/1000_yourloveismydrug/track.npy,harmonix,0.9453551912568307,0.6728971962616822,0.9453551912568307,0.6728971962616822,0.9205645344237817,0.8359898580607393,0.9615384615384616,0.8730964467005076
hjdb/hjdb_All_Right_(All_Night_Mix)/track.npy,hjdb,1.0,1.0,1.0,1.0,0.9776201922517924,0.9757667182641634,1.0,1.0
hjdb/hjdb_Devotion/track.npy,hjdb,1.0,1.0,1.0,1.0,0.9880778443432076,0.9903624781239468,1.0,1.0
hjdb/hjdb_Dub_War_Chapter_1_(Raw_Mix)/track.npy,hjdb,1.0,1.0,1.0,1.0,0.9709923120074258,0.9665721673915073,1.0,1.0
hjdb/hjdb_Dub_War_Chapter_1_(The_Mix_Strikes_Back)/track.npy,hjdb,1.0,1.0,1.0,1.0,0.9818080836524904,0.9752893107965174,1.0,1.0
hjdb/hjdb_Dub_War_Chapter_2/track.npy,hjdb,1.0,1.0,1.0,1.0,0.9817751821707414,0.9818943258768786,1.0,1.0
hjdb/hjdb_Fuckin_Hardcore/track.npy,hjdb,1.0,1.0,1.0,1.0,0.9678424756425074,0.9652323111160414,1.0,1.0
hjdb/hjdb_Future_Followers/track.npy,hjdb,1.0,1.0,1.0,1.0,0.9783661231208785,0.987592449521298,1.0,1.0
hjdb/hjdb_Future_Followers_(Remix)/track.npy,hjdb,0.9879518072289156,1.0,0.9879518072289156,1.0,0.9626306763948927,0.977817839503993,0.993939393939394,1.0
hjdb/hjdb_Hey_DJ/track.npy,hjdb,1.0,1.0,1.0,1.0,0.9827012127761713,0.9727110675936708,1.0,1.0
hjdb/hjdb_In_Effect/track.npy,hjdb,1.0,1.0,1.0,1.0,0.9833542413657218,0.9891948638897148,1.0,1.0
hjdb/hjdb_Livin_In_A_Dream/track.npy,hjdb,0.9922480620155039,1.0,0.9922480620155039,1.0,0.9797793968624275,0.9869051022199286,0.9961089494163424,1.0
hjdb/hjdb_Merder_Style/track.npy,hjdb,0.9803921568627451,0.9230769230769231,0.9803921568627451,0.9230769230769231,0.9730895003505322,0.9313700322421077,0.99009900990099,0.9600000000000001
hjdb/hjdb_Method_To_My_Madness/track.npy,hjdb,0.9636363636363636,0.9285714285714286,0.9636363636363636,0.9285714285714286,0.9494972717008908,0.9160977743789914,0.9814814814814815,0.962962962962963
hjdb/hjdb_Mystic_Stepper_(Feel_Better)/track.npy,hjdb,1.0,1.0,1.0,1.0,0.9699281290523707,0.9659300018040229,1.0,1.0
hjdb/hjdb_News_At_Ten/track.npy,hjdb,1.0,1.0,1.0,1.0,0.9822091626839032,0.9873883799399443,1.0,1.0
hjdb/hjdb_Obsession_(Musics_So_Wonderful)/track.npy,hjdb,1.0,1.0,1.0,1.0,0.9758123790116786,0.9840844902656165,1.0,1.0
hjdb/hjdb_Obsession_(The_Only_Remix)/track.npy,hjdb,1.0,1.0,1.0,1.0,0.981736712682133,0.9838769468206069,1.0,1.0
hjdb/hjdb_Obsessions/track.npy,hjdb,0.6729559748427673,0.3333333333333333,0.6729559748427673,0.3333333333333333,0.7919846574085947,0.446924400392224,0.811881188118812,0.46153846153846156
hjdb/hjdb_Pennywise/track.npy,hjdb,0.994475138121547,0.8695652173913043,0.994475138121547,0.8695652173913043,0.9429423361304832,0.8346385239906657,0.9972299168975068,0.8791208791208792
hjdb/hjdb_Rockin_Down_The_House/track.npy,hjdb,0.9858490566037735,1.0,0.9858490566037735,1.0,0.9491821428939982,0.967764500852597,0.9928741092636578,1.0
hjdb/hjdb_Something_I_Feel_(2_Bad_Mice_Remix)/track.npy,hjdb,1.0,1.0,1.0,1.0,0.9782105098445742,0.9769088435662141,1.0,1.0
hjdb/hjdb_Something_New_Pt1/track.npy,hjdb,1.0,1.0,1.0,1.0,0.9739296341705429,0.9731892056962671,1.0,1.0
hjdb/hjdb_Something_New_Pt2/track.npy,hjdb,1.0,1.0,1.0,1.0,0.9736060540050011,0.985973948109944,1.0,1.0
hjdb/hjdb_String_Of_Darkness/track.npy,hjdb,1.0,1.0,1.0,1.0,0.971466558007672,0.9670884838748728,1.0,1.0
hjdb/hjdb_Superpod/track.npy,hjdb,1.0,1.0,1.0,1.0,0.977622404234072,0.9813099246079681,1.0,1.0
hjdb/hjdb_The_R/track.npy,hjdb,1.0,1.0,1.0,1.0,0.9853944270306556,0.9886698690765026,1.0,1.0
hjdb/hjdb_Tibetan_Jungle/track.npy,hjdb,1.0,1.0,1.0,1.0,0.9845326715042877,0.9829415388401358,1.0,1.0
hjdb/hjdb_Tiger_Style/track.npy,hjdb,1.0,1.0,1.0,1.0,0.9692394477560536,0.9784001860803158,1.0,1.0
hjdb/hjdb_Unity/track.npy,hjdb,1.0,1.0,1.0,1.0,0.9812380260329544,0.9787199646368311,1.0,1.0
hjdb/hjdb_We_Are_Hardcore/track.npy,hjdb,1.0,1.0,1.0,1.0,0.9778618390913315,0.9883538589043518,1.0,1.0
jaah/jaah_006-jelly_roll_mortons_red_hot_peppers-black_bottom_stomp/track.npy,jaah,0.820838627700127,0.6091370558375635,0.820838627700127,0.6091370558375635,0.8059744035378481,0.6237528255966227,0.9606815203145478,0.7774647887323944
jaah/jaah_016-the_benny_goodman_sextet-breakfast_feud_composite_feat_charlie_christian/track.npy,jaah,0.9874476987447699,0.9831932773109243,0.9874476987447699,0.9831932773109243,0.962951583049512,0.9601495325231869,0.9958071278825995,0.9915966386554622
jaah/jaah_018-duke_ellington_his_orchestra-cotton_tail/track.npy,jaah,0.9639519359145527,0.7010869565217391,0.9639519359145527,0.7010869565217391,0.9427152620349584,0.7919326821234253,0.9899125756556827,0.822857142857143
jaah/jaah_019-ella_fitzgerald_duke_ellington_orchestra-cotton_tail/track.npy,jaah,0.8814192343604108,0.5546875,0.8814192343604108,0.5546875,0.8678809507179952,0.682822234370852,0.9751434034416825,0.7542372881355933
jaah/jaah_030-count_basie_his_orchestra-doggin_around/track.npy,jaah,0.9944211994421199,0.7877094972067039,0.9944211994421199,0.7877094972067039,0.9649612438912661,0.8011491775326287,0.9979064898813679,0.8255813953488371
jaah/jaah_042-clark_terrybob_brookmeyer_quintet-haig_haig/track.npy,jaah,0.9859271523178808,0.6225165562913907,0.9859271523178808,0.6225165562913907,0.9655399184779941,0.7347804703484052,0.9933609958506224,0.7530647985989493
jaah/jaah_050-dizzy_gillespie_sextet-i_cant_get_started/track.npy,jaah,0.9273743016759777,0.5454545454545454,0.9273743016759777,0.5454545454545454,0.8291020903407892,0.540012885137422,0.9348441926345609,0.6436781609195402
jaah/jaah_056-bud_powell-indiana/track.npy,jaah,0.7035236938031592,0.2766990291262136,0.7035236938031592,0.2766990291262136,0.8577106330692271,0.5350355982641963,0.9375394321766561,0.5657142857142857
jaah/jaah_061-count_basie_and_the_kansas_city_7-lester_leaps_in/track.npy,jaah,0.9857328145265889,0.8010471204188482,0.9857328145265889,0.8010471204188482,0.9534780545982273,0.8275555609527522,0.99609375,0.8594594594594595
jaah/jaah_072-bennie_moten_and_his_kansas_city_orchestra-moten_swing/track.npy,jaah,0.9125,0.8375,0.9125,0.8375,0.7853603884033531,0.6990909095503689,0.9874804381846635,0.8463949843260189
jaah/jaah_081-sonny_rollins-pentup_house/track.npy,jaah,0.870059880239521,0.6319612590799032,0.870059880239521,0.6319612590799032,0.8878795714446622,0.6954601898399192,0.9364649202047576,0.7289002557544758
jaah/jaah_094-louis_armstrong_his_orchestra-sweethearts_on_parade/track.npy,jaah,0.9901719901719902,0.8823529411764706,0.9901719901719902,0.8823529411764706,0.9404599673882024,0.8578120443482963,0.986469864698647,0.9064039408866996
jaah/jaah_100-fletcher_henderson_and_his_orchestra-the_stampede/track.npy,jaah,0.4600280504908836,0.711864406779661,0.4600280504908836,0.711864406779661,0.49471848135781044,0.40117438791916504,0.8115330520393811,0.6568914956011731
jaah/jaah_108-lionel_hampton_and_his_orchestra-when_lights_are_low/track.npy,jaah,0.9976019184652278,1.0,0.9976019184652278,1.0,0.871361524698259,0.8761870955957153,0.9987995198079231,1.0
rwc/rwc_classical_CD1_04/track.npy,rwc_classical,0.2773393461104848,0.2222222222222222,0.2773393461104848,0.2222222222222222,0.2864854555746749,0.14680595898912535,0.37222619899785253,0.1935483870967742
rwc/rwc_classical_CD4_07/track.npy,rwc_classical,0.5275590551181102,0.3263157894736842,0.5275590551181102,0.0,0.7449944979814029,0.5072727891242693,0.8558692421991084,0.5714285714285715
rwc/rwc_classical_CD4_11/track.npy,rwc_classical,0.9297297297297298,0.7540983606557377,0.9297297297297298,0.7540983606557377,0.7698266875146589,0.6093986330697575,0.9589041095890412,0.7933884297520661
rwc/rwc_classical_CD4_13/track.npy,rwc_classical,0.5352941176470588,0.6865671641791045,0.5352941176470588,0.0,0.6548385353600273,0.5219024852315289,0.8552631578947368,0.5777777777777777
rwc/rwc_classical_CD4_15/track.npy,rwc_classical,0.5567567567567567,0.7297297297297297,0.5567567567567567,0.7297297297297297,0.6415980397968488,0.6401660690366539,0.7828746177370031,0.7777777777777778
rwc/rwc_classical_CD4_16/track.npy,rwc_classical,0.856,0.7796610169491526,0.856,0.0,0.7357520306163609,0.5699166287139537,0.9382716049382717,0.5977011494252873
rwc/rwc_classical_CD5_07/track.npy,rwc_classical,0.08038585209003216,0.26356589147286824,0.08038585209003216,0.23684210526315788,0.5049292339140379,0.454232725589678,0.5429864253393665,0.46808510638297873
rwc/rwc_classical_CD6_13/track.npy,rwc_classical,0.27980922098569155,0.16,0.06041335453100159,0.16,0.4216472638585266,0.28984849017774683,0.4695051783659379,0.3666666666666667
rwc/rwc_jazz_CD1_09/track.npy,rwc_jazz,0.35125448028673834,0.23853211009174313,0.35125448028673834,0.23853211009174313,0.5052327010276595,0.35799140921196665,0.635814889336016,0.4624277456647399
rwc/rwc_jazz_CD1_14/track.npy,rwc_jazz,0.836104513064133,0.8,0.836104513064133,0.8,0.7597134799572418,0.641960025988554,0.8682926829268294,0.7304785894206549
rwc/rwc_jazz_CD1_15/track.npy,rwc_jazz,0.6470588235294118,0.34806629834254144,0.6470588235294118,0.34806629834254144,0.6152016560837232,0.3888713532866221,0.7560975609756097,0.4705882352941176
rwc/rwc_jazz_CD2_01/track.npy,rwc_jazz,0.801980198019802,0.8913043478260869,0.801980198019802,0.8913043478260869,0.8244171942046837,0.7939829579336661,0.9284974093264249,0.89760348583878
rwc/rwc_jazz_CD2_08/track.npy,rwc_jazz,0.45260663507109006,0.5154639175257731,0.45260663507109006,0.5154639175257731,0.6497395986644753,0.5965976105632967,0.7935723114956736,0.7407407407407407
rwc/rwc_jazz_CD2_10/track.npy,rwc_jazz,0.9160714285714285,0.6208791208791209,0.9160714285714285,0.6208791208791209,0.7282692910588997,0.567922923285395,0.8933092224231466,0.7038123167155425
rwc/rwc_popular_CD1_08/track.npy,rwc_popular,0.9766233766233766,0.9791666666666666,0.9766233766233766,0.9791666666666666,0.8958076994728609,0.892046328722799,0.9881734559789751,0.9894736842105264
rwc/rwc_popular_CD1_10/track.npy,rwc_popular,0.9976076555023924,0.9904761904761905,0.9976076555023924,0.9904761904761905,0.9712273945663785,0.9657191772071178,0.9988023952095809,0.9952153110047847
rwc/rwc_popular_CD3_03/track.npy,rwc_popular,0.9846153846153847,0.7578125,0.9846153846153847,0.7578125,0.9494454374066288,0.8032745165622954,0.9941972920696325,0.8421052631578948
rwc/rwc_popular_CD4_01/track.npy,rwc_popular,0.9954853273137697,0.990990990990991,0.9954853273137697,0.990990990990991,0.967883335467488,0.9762182452221941,0.9977375565610859,0.9954751131221719
rwc/rwc_popular_CD4_07/track.npy,rwc_popular,0.986159169550173,0.9861111111111112,0.986159169550173,0.9861111111111112,0.9519135584826027,0.9496347749077064,0.9930555555555556,0.9861111111111112
rwc/rwc_popular_CD5_03/track.npy,rwc_popular,0.907859078590786,0.7676767676767676,0.907859078590786,0.7676767676767676,0.9246293234454961,0.8944608856133965,0.9736477115117892,0.9197860962566845
rwc/rwc_popular_CD5_09/track.npy,rwc_popular,0.8498402555910544,0.7468354430379747,0.8498402555910544,0.7468354430379747,0.7377693417810745,0.626367194578098,0.9090909090909091,0.7741935483870968
rwc/rwc_popular_CD5_10/track.npy,rwc_popular,1.0,1.0,1.0,1.0,0.8885881591641365,0.8497003193676778,1.0,1.0
rwc/rwc_popular_CD6_03/track.npy,rwc_popular,0.463855421686747,0.32051282051282054,0.3649484536082474,0.28688524590163933,0.7946213307007566,0.6621293820170986,0.8102815177478581,0.69
rwc/rwc_popular_CD6_06/track.npy,rwc_popular,1.0,1.0,1.0,1.0,0.9483316619369209,0.9389119589449768,1.0,1.0
rwc/rwc_popular_CD6_10/track.npy,rwc_popular,0.9893617021276596,0.9574468085106383,0.9893617021276596,0.9574468085106383,0.9506997958273442,0.9180878925707494,0.993766696349065,0.9679715302491102
rwc/rwc_popular_CD7_08/track.npy,rwc_popular,0.9944444444444445,0.945054945054945,0.9944444444444445,0.945054945054945,0.9735584962874033,0.9364371551467913,0.9958275382475661,0.9613259668508287
rwc/rwc_royalty-free_CD1_09/track.npy,rwc_royalty-free,0.9917695473251029,0.9876543209876543,0.9917695473251029,0.9876543209876543,0.7365606992699237,0.7541863200358925,0.9958677685950413,0.9937888198757764
rwc/rwc_royalty-free_CD1_10/track.npy,rwc_royalty-free,0.6127819548872181,0.5909090909090909,0.6127819548872181,0.5909090909090909,0.668351268746254,0.5962785876482068,0.8898128898128899,0.8099173553719009
simac/simac_A_vida_me_fez_assim_06-Peito_sangrando/track.npy,simac,0.7777777777777778,0.0,0.7777777777777778,0.0,0.8481346931814467,0.0,0.8750000000000001,0.0
simac/simac_A_vida_me_fez_assim_07-A_borboleta_e_o_passarinho/track.npy,simac,0.40425531914893614,0.0,0.40425531914893614,0.0,0.6109436560920116,0.0,0.6756756756756757,0.0
simac/simac_A_vida_me_fez_assim_09-Um_calo_de_estimacao/track.npy,simac,1.0,0.0,1.0,0.0,0.9359915894179176,0.0,1.0,0.0
simac/simac_Alfagamabetizado_02-Pandeiro-Deiro/track.npy,simac,0.8048780487804879,0.0,0.8048780487804879,0.0,0.8672995633872053,0.0,0.8918918918918919,0.0
simac/simac_Alfagamabetizado_16-Vanju_Concessa/track.npy,simac,0.84375,0.0,0.84375,0.0,0.8635105351915442,0.0,0.9152542372881356,0.0
simac/simac_Amber_08-Further/track.npy,simac,0.43636363636363634,0.0,0.0,0.0,0.5082651827627779,0.0,0.3333333333333333,0.0
simac/simac_As_time_goes_by_disk_3_06-Mr._Magic/track.npy,simac,0.6451612903225806,0.0,0.6451612903225806,0.0,0.6548988163936437,0.0,0.7450980392156863,0.0
simac/simac_As_time_goes_by_disk_3_10-Bridges/track.npy,simac,0.65625,0.0,0.65625,0.0,0.6731485472470868,0.0,0.7924528301886793,0.0
simac/simac_As_time_goes_by_disk_3_11-You_swell/track.npy,simac,0.7441860465116279,0.0,0.7441860465116279,0.0,0.7897777134541406,0.0,0.8533333333333333,0.0
simac/simac_As_time_goes_by_disk_3_13-The_most_beautiful_girl_in_the_world/track.npy,simac,0.64,0.0,0.64,0.0,0.7078258671230961,0.0,0.8,0.0
simac/simac_BACH_WTC_01-Prelude_and_Fugue_No._1_in_C_major_BWV_870_-_1._Praeludium/track.npy,simac,0.8571428571428571,0.0,0.8571428571428571,0.0,0.9025211431122149,0.0,0.923076923076923,0.0
simac/simac_Bach_The_Well-Tempered_Clavier_II_(Disc_1)_10-Prelude_and_Fugue_No._5_in_D_major_BWV_874_-_2._Fuga/track.npy,simac,0.7916666666666666,0.0,0.7916666666666666,0.0,0.8618517858205211,0.0,0.8837209302325582,0.0
simac/simac_Bach_The_Well-Tempered_Clavier_II_(Disc_1)_22-Prelude_and_Fugue_No._11_in_F_major_BWV_880_-_2._Fuga/track.npy,simac,0.868421052631579,0.0,0.0,0.0,0.7424194992111821,0.0,0.6181818181818182,0.0
simac/simac_Bach_The_Well-Tempered_Clavier_II_(Disc_2)_09-Prelude_and_Fugue_No._17_A-flat_major_BWV_886_-_1._Praeludium/track.npy,simac,0.84,0.0,0.84,0.0,0.8432973745811811,0.0,0.9130434782608696,0.0
simac/simac_Beethoven_-_The_String_Quartets_#1_01-F_major_op._18_no._1_-_Allegro_con_brio/track.npy,simac,0.3888888888888889,0.0,0.3888888888888889,0.0,0.648002649846112,0.0,0.7272727272727272,0.0
simac/simac_Beethoven_-_The_String_Quartets_#1_08-G_major_op._18_no._2_-_Allegro_molto_quasi_Presto/track.npy,simac,0.6181818181818182,0.0,0.0,0.0,0.6191150733239004,0.0,0.48648648648648646,0.0
simac/simac_Beethoven_-_The_String_Quartets_#1_09-D_major_op._18_no._3_-_Allegro/track.npy,simac,0.75,0.0,0.75,0.0,0.7376502558122235,0.0,0.8571428571428571,0.0
simac/simac_Bela_Bartok_07-The_Miraculous_Mandarin_7.1_Agitato_7.2_Molto_moderato/track.npy,simac,0.44,0.0,0.0,0.0,0.17422235518264514,0.0,0.0,0.0
simac/simac_Bernstein_conducts_Stravinsky_15-Petrouchka_scene_1_-_The_shrovetide_fair/track.npy,simac,0.30303030303030304,0.0,0.0,0.0,0.358024293646088,0.0,0.20408163265306123,0.0
simac/simac_Cafe_Zimmermann_01-3e_Concert_Brandebourgeois_en_sol_majeur_BWV_1048_-_Allegro_-_Adagio/track.npy,simac,0.675,0.0,0.675,0.0,0.7770636515635716,0.0,0.8059701492537313,0.0
simac/simac_Cafe_Zimmermann_05-Concerto_pour_deux_violons_&_cordes_en_r_mineur_BWV_1043_-_Allegro/track.npy,simac,0.5217391304347826,0.0,0.5217391304347826,0.0,0.7261953800929397,0.0,0.7466666666666666,0.0
simac/simac_Concert_08-4._Allegro/track.npy,simac,0.6382978723404256,0.0,0.6382978723404256,0.0,0.713992435189282,0.0,0.7792207792207793,0.0
simac/simac_Concert_15-3._Bourre/track.npy,simac,0.6666666666666666,0.0,0.6666666666666666,0.0,0.712658052942619,0.0,0.8,0.0
simac/simac_Concert_19-3._Largo_e_staccato/track.npy,simac,0.6842105263157895,0.0,0.0,0.0,0.655480166953086,0.0,0.5909090909090909,0.0
simac/simac_DGG_419_047-2_04-Praludium_u._Fuge_f-moll_BWV_534_-_II_Fuge/track.npy,simac,0.6470588235294118,0.0,0.029411764705882353,0.0,0.45296721714921717,0.0,0.5106382978723405,0.0
simac/simac_DGG_419_047-2_11-Triosonate_Nr._1_Es-Dur_BWV_525_-_II_Adagio/track.npy,simac,0.6363636363636364,0.0,0.6363636363636364,0.0,0.6888911154879023,0.0,0.7777777777777778,0.0
simac/simac_Ella_&_Louis_05-Youll_Have_To_Swing_It/track.npy,simac,0.6,0.0,0.6,0.0,0.5051799257668756,0.0,0.7142857142857143,0.0
simac/simac_Ella_&_Louis_09-Oh_Lady_Be_Good/track.npy,simac,0.33962264150943394,0.0,0.05660377358490566,0.0,0.46589841582582286,0.0,0.3058823529411765,0.0
simac/simac_Eres_luz_12-Genios_(Rumba-Cancion)/track.npy,simac,0.8125,0.0,0.8125,0.0,0.8176962375612564,0.0,0.896551724137931,0.0
simac/simac_Eventail_10-Prld1/track.npy,simac,0.25,0.0,0.25,0.0,0.510405115173196,0.0,0.5555555555555556,0.0
simac/simac_Fado_01-AudioTrack_01/track.npy,simac,0.2777777777777778,0.0,0.2777777777777778,0.0,0.5561061769758091,0.0,0.6329113924050632,0.0
simac/simac_Fado_04-AudioTrack_04/track.npy,simac,0.7,0.0,0.7,0.0,0.5271963053845227,0.0,0.7058823529411764,0.0
simac/simac_Family_Tree_-_Greatest_Hits_As_Chosen_By_Bjork_11-Pagan_Poetry/track.npy,simac,0.7391304347826086,0.0,0.7391304347826086,0.0,0.6929841979242043,0.0,0.7999999999999999,0.0
simac/simac_Gold_-_Greatest_Hits_03-Take_A_Chance_On_Me/track.npy,simac,0.9310344827586207,0.0,0.9310344827586207,0.0,0.922128655744065,0.0,0.9642857142857143,0.0
simac/simac_Ludwid_van_Beethoven_04-IV._Finale/track.npy,simac,0.6486486486486487,0.0,0.6486486486486487,0.0,0.7505786551298965,0.0,0.7741935483870968,0.0
simac/simac_Niandra_LaDes_and_Usually_Just_a_T-Shirt_05-Curtains/track.npy,simac,0.06976744186046512,0.0,0.06976744186046512,0.0,0.3195984148263471,0.0,0.2903225806451613,0.0
simac/simac_Niandra_LaDes_and_Usually_Just_a_T-Shirt_15-Usually_Just_a_T-Shirt_Untitled_3/track.npy,simac,0.717391304347826,0.0,0.717391304347826,0.0,0.7300200632485947,0.0,0.825,0.0
simac/simac_Niandra_LaDes_and_Usually_Just_a_T-Shirt_21-Usually_Just_a_T-Shirt_Untitled_9/track.npy,simac,0.625,0.0,0.625,0.0,0.7161572855679181,0.0,0.7692307692307693,0.0
simac/simac_Papakonstantinou_03-AudioTrack_03/track.npy,simac,0.8,0.0,0.8,0.0,0.6541008336225567,0.0,0.7222222222222223,0.0
simac/simac_Papakonstantinou_09-AudioTrack_09/track.npy,simac,0.7666666666666667,0.0,0.03333333333333333,0.0,0.7036844121864043,0.0,0.6046511627906976,0.0
simac/simac_Papakonstantinou_19-AudioTrack_19/track.npy,simac,0.24489795918367346,0.0,0.15625,0.0,0.4583608834016435,0.0,0.4912280701754386,0.0
simac/simac_Primer_Aliento_14-Sintonia_de_la_moda_estandarizada/track.npy,simac,0.7631578947368421,0.0,0.7631578947368421,0.0,0.829056366800183,0.0,0.8656716417910448,0.0
simac/simac_Primer_Aliento_18-La_cicatriz_en_la_fabrica_roja/track.npy,simac,0.8333333333333334,0.0,0.8333333333333334,0.0,0.8321620941674379,0.0,0.9090909090909091,0.0
simac/simac_R.A.F.I_10-Loot/track.npy,simac,1.0,0.0,1.0,0.0,0.9699443885194968,0.0,1.0,0.0
simac/simac_R.A.F.I_11-Dub_Mentality/track.npy,simac,0.88,0.0,0.88,0.0,0.9270722136416872,0.0,0.9361702127659575,0.0
simac/simac_Samba_na_Madrugada_01-Arvoredo/track.npy,simac,0.65625,0.0,0.65625,0.0,0.7236680993764008,0.0,0.7924528301886793,0.0
simac/simac_Samba_na_Madrugada_02-Maioria_sem_Nenhum/track.npy,simac,0.4722222222222222,0.0,0.4722222222222222,0.0,0.6754933920904792,0.0,0.7586206896551725,0.0
simac/simac_Selling_England_By_The_Pound_02-I_Know_What_I_Like_In_Your_Wardrobe_/track.npy,simac,0.7777777777777778,0.0,0.7777777777777778,0.0,0.7494028126985611,0.0,0.8750000000000001,0.0
simac/simac_Songs_Alfredo_-_Ahora_somos_felices/track.npy,simac,0.9090909090909091,0.0,0.9090909090909091,0.0,0.9052484628877705,0.0,0.9523809523809523,0.0
simac/simac_Tales_Of_Mystery_And_Imagination_04-The_Cask_Of_Amontillado/track.npy,simac,0.0,0.0,0.0,0.0,0.2568018271518849,0.0,0.29090909090909095,0.0
simac/simac_Tanto_Tempo_04-Sem_Contencao/track.npy,simac,0.7567567567567568,0.0,0.0,0.0,0.7117425023878088,0.0,0.5957446808510638,0.0
simac/simac_Tanto_Tempo_10-Samba_e_Amor/track.npy,simac,0.3617021276595745,0.0,0.0,0.0,0.4380694007376764,0.0,0.42622950819672134,0.0
simac/simac_The_Crackdown_01-24-24/track.npy,simac,0.7027027027027027,0.0,0.7027027027027027,0.0,0.7909238877657525,0.0,0.8253968253968255,0.0
simac/simac_The_Crackdown_06-Just_Fascination/track.npy,simac,0.7647058823529411,0.0,0.7647058823529411,0.0,0.8346341303594035,0.0,0.8666666666666666,0.0
simac/simac_The_Crackdown_13-Moscow/track.npy,simac,0.6190476190476191,0.0,0.0,0.0,0.5625010421791795,0.0,0.5,0.0
simac/simac_VOL.3_Musiques_pour_guitare_et_violoncelle_03-3._Berceuse_(Lento_molto)/track.npy,simac,0.76,0.0,0.76,0.0,0.8252091273522293,0.0,0.8636363636363636,0.0
simac/simac_VOL.3_Musiques_pour_guitare_et_violoncelle_07-H._Villa-lobos_Bachianas_Brasileiras_No.5_(Aria)/track.npy,simac,0.631578947368421,0.0,0.631578947368421,0.0,0.6948037443353771,0.0,0.7741935483870968,0.0
simac/simac_Xatzidakis_06-AudioTrack_06/track.npy,simac,0.0,0.0,0.0,0.0,0.3505923107419945,0.0,0.3859649122807018,0.0
simac/simac_Xatzidakis_09-AudioTrack_09/track.npy,simac,0.6923076923076923,0.0,0.6923076923076923,0.0,0.6781493001244614,0.0,0.7727272727272727,0.0
simac/simac_blues_roots_tensions/track.npy,simac,0.7567567567567568,0.0,0.7567567567567568,0.0,0.7106868568791681,0.0,0.8307692307692307,0.0
simac/simac_greek_07_Pikrodafni/track.npy,simac,0.75,0.0,0.75,0.0,0.8062303644110823,0.0,0.8571428571428571,0.0
simac/simac_more_greek_05_Odysseas/track.npy,simac,0.696969696969697,0.0,0.696969696969697,0.0,0.6636308688548905,0.0,0.7457627118644068,0.0
simac/simac_more_greek_Anagnwstopoulos_-_Hr8a_ki_apopse_sta_skalopatia_sou/track.npy,simac,0.5925925925925926,0.0,0.5925925925925926,0.0,0.6751448896577986,0.0,0.711111111111111,0.0
simac/simac_more_greek_Gkoles_-_O_pasatempos/track.npy,simac,0.75,0.0,0.75,0.0,0.769938497210849,0.0,0.8571428571428571,0.0
simac/simac_more_greek_Glykeria_-_Den_les_kouventa/track.npy,simac,0.7142857142857143,0.0,0.7142857142857143,0.0,0.7585015754210798,0.0,0.8333333333333333,0.0
simac/simac_more_greek_Kazantzidis_-_Oti_agapaw_egw_pe8ainei/track.npy,simac,0.64,0.0,0.64,0.0,0.6356065190965337,0.0,0.7804878048780487,0.0
simac/simac_more_greek_Mosxoliou_Gkika_-_Den_klaiw_gia_twra/track.npy,simac,0.0,0.0,0.0,0.0,0.3432682898312226,0.0,0.4666666666666667,0.0
simac/simac_more_greek_Mpellou_-_Antilaloune_ta_vouna/track.npy,simac,0.8,0.0,0.8,0.0,0.7555562577455678,0.0,0.888888888888889,0.0
simac/simac_more_greek_Mpellou_-_Min_klais/track.npy,simac,0.45454545454545453,0.0,0.0,0.0,0.3874320299897218,0.0,0.3333333333333333,0.0
simac/simac_more_greek_Mpi8ikwtsis_-_Aspri_mera/track.npy,simac,0.7407407407407407,0.0,0.7407407407407407,0.0,0.7546346484803576,0.0,0.851063829787234,0.0
simac/simac_more_greek_Mpi8ikwtsis_-_Mana_mou_kai_Panagia/track.npy,simac,0.7142857142857143,0.0,0.7142857142857143,0.0,0.6597422641829884,0.0,0.7777777777777778,0.0
simac/simac_more_greek_Poulopoulos_-_Kamaroula_mia_stalia/track.npy,simac,0.75,0.0,0.75,0.0,0.7323153955504705,0.0,0.8571428571428571,0.0
simac/simac_more_greek_Smokovitis_-_Mi_mou_8ymwneis_matia_mou/track.npy,simac,0.6842105263157895,0.0,0.6842105263157895,0.0,0.6677104106751593,0.0,0.7499999999999999,0.0
simac/simac_selected_ambient_works_8592_pulsewidth/track.npy,simac,0.9354838709677419,0.0,0.0,0.0,0.7177197512891078,0.0,0.6521739130434783,0.0
smc/smc_017/track.npy,smc,0.5833333333333334,0.0,0.5833333333333334,0.0,0.5831418866154683,0.0,0.7450980392156863,0.0
smc/smc_033/track.npy,smc,0.4358974358974359,0.0,0.4358974358974359,0.0,0.43390576893286303,0.0,0.5801526717557253,0.0
smc/smc_038/track.npy,smc,0.7435897435897436,0.0,0.7435897435897436,0.0,0.6694456246867064,0.0,0.7733333333333334,0.0
smc/smc_056/track.npy,smc,0.28,0.0,0.008,0.0,0.3216302379003776,0.0,0.32608695652173914,0.0
smc/smc_059/track.npy,smc,0.006097560975609756,0.0,0.0,0.0,0.4322212824071758,0.0,0.3980582524271844,0.0
smc/smc_060/track.npy,smc,0.5,0.0,0.5,0.0,0.3968580792519865,0.0,0.5274725274725274,0.0
smc/smc_073/track.npy,smc,0.6909090909090909,0.0,0.6909090909090909,0.0,0.6688813830543006,0.0,0.8125,0.0
smc/smc_075/track.npy,smc,0.5833333333333334,0.0,0.5833333333333334,0.0,0.3760123897825972,0.0,0.5263157894736842,0.0
smc/smc_095/track.npy,smc,0.7021276595744681,0.0,0.7021276595744681,0.0,0.5531819531604659,0.0,0.723404255319149,0.0
smc/smc_098/track.npy,smc,0.5307692307692308,0.0,0.038461538461538464,0.0,0.5261249710974786,0.0,0.547486033519553,0.0
smc/smc_114/track.npy,smc,0.47058823529411764,0.0,0.47058823529411764,0.0,0.5637806452318651,0.0,0.6741573033707866,0.0
smc/smc_121/track.npy,smc,0.2916666666666667,0.0,0.1875,0.0,0.28724508956760386,0.0,0.4411764705882353,0.0
smc/smc_124/track.npy,smc,0.5,0.0,0.5,0.0,0.3627689355281616,0.0,0.5192307692307692,0.0
smc/smc_137/track.npy,smc,0.3504273504273504,0.0,0.3504273504273504,0.0,0.546948541098009,0.0,0.71875,0.0
smc/smc_139/track.npy,smc,0.8269230769230769,0.0,0.0,0.0,0.46429016615753804,0.0,0.5066666666666666,0.0
smc/smc_140/track.npy,smc,0.3673469387755102,0.0,0.3673469387755102,0.0,0.4732938214092367,0.0,0.6708860759493671,0.0
smc/smc_147/track.npy,smc,0.13793103448275862,0.0,0.13793103448275862,0.0,0.3741966784224412,0.0,0.4901960784313726,0.0
smc/smc_166/track.npy,smc,0.9787234042553191,0.0,0.9787234042553191,0.0,0.7235808167728809,0.0,0.9032258064516129,0.0
smc/smc_172/track.npy,smc,0.10638297872340426,0.0,0.10638297872340426,0.0,0.2824575003943792,0.0,0.36231884057971014,0.0
smc/smc_206/track.npy,smc,0.42857142857142855,0.0,0.42857142857142855,0.0,0.533869085177835,0.0,0.6265060240963856,0.0
smc/smc_207/track.npy,smc,0.9850746268656716,0.0,0.9850746268656716,0.0,0.7373186052431989,0.0,0.8955223880597015,0.0
smc/smc_214/track.npy,smc,0.3137254901960784,0.0,0.3137254901960784,0.0,0.33451345776035235,0.0,0.42666666666666664,0.0
smc/smc_225/track.npy,smc,0.0,0.0,0.0,0.0,0.2840826569647443,0.0,0.3508771929824562,0.0
smc/smc_254/track.npy,smc,0.20689655172413793,0.0,0.017543859649122806,0.0,0.17313538652332938,0.0,0.13953488372093023,0.0
smc/smc_258/track.npy,smc,0.14285714285714285,0.0,0.14285714285714285,0.0,0.2766143372979945,0.0,0.3875968992248062,0.0
smc/smc_263/track.npy,smc,0.4186046511627907,0.0,0.4186046511627907,0.0,0.5589149736986115,0.0,0.6944444444444445,0.0
smc/smc_273/track.npy,smc,1.0,0.0,1.0,0.0,0.8303521488981226,0.0,1.0,0.0
tapcorrect/008_youtube_bg7RjxsghNY/track.npy,tapcorrect,0.9967948717948718,1.0,0.9967948717948718,1.0,0.9298278914562976,0.9382013451791027,0.9983948635634029,1.0
tapcorrect/014_youtube_53FGAgfYVsw/track.npy,tapcorrect,0.37477148080438755,0.6323529411764706,0.3700787401574803,0.6323529411764706,0.7460501055083614,0.6257999767884485,0.7389312977099237,0.6456692913385826
tapcorrect/017_youtube_S6Nt1ssPLBA/track.npy,tapcorrect,0.9970414201183432,0.8809523809523809,0.9970414201183432,0.8809523809523809,0.978282726900599,0.8745183919998001,0.9985185185185186,0.8928571428571429
tapcorrect/020_youtube_0WrjMeHsfgM/track.npy,tapcorrect,0.9329608938547486,0.9259259259259259,0.9329608938547486,0.9259259259259259,0.941348032042644,0.9242839305099292,0.9792060491493383,0.962406015037594
tapcorrect/027_youtube_iYYRH4apXDo/track.npy,tapcorrect,0.6174402250351617,0.391812865497076,0.10407876230661041,0.15671641791044777,0.7119137858207872,0.5052335425813175,0.648956356736243,0.49090909090909085
tapcorrect/029_youtube_41TNDPn9x2Y/track.npy,tapcorrect,0.7816091954022989,0.7317073170731707,0.7816091954022989,0.7317073170731707,0.834011924929876,0.742618562325133,0.8628659476117103,0.7594936708860759
tapcorrect/036_youtube__-xZYhm6QgQ/track.npy,tapcorrect,0.994579945799458,0.978494623655914,0.0,0.010869565217391304,0.8006594954630806,0.8066181675058308,0.6654611211573237,0.6762589928057554
tapcorrect/045_youtube_SYUgGs9IStY/track.npy,tapcorrect,0.8052516411378556,0.5046728971962616,0.10653753026634383,0.14942528735632185,0.7968108967384525,0.646387600967173,0.7102803738317756,0.6099290780141844
tapcorrect/051_youtube_InYVlCCEqFc/track.npy,tapcorrect,1.0,1.0,1.0,1.0,0.9613775027782385,0.965499469699648,0.9978070175438597,1.0
tapcorrect/064_youtube_Xlv1tm2h7pY/track.npy,tapcorrect,0.9692307692307692,0.7682926829268293,0.9692307692307692,0.7682926829268293,0.9307812532410525,0.8032956988773176,0.9846153846153847,0.8662420382165605
tapcorrect/075_youtube_p_6F5K_xP6Q/track.npy,tapcorrect,0.9090909090909091,0.7982456140350878,0.9090909090909091,0.7982456140350878,0.8847171680103726,0.8084542514776738,0.9498910675381264,0.8584070796460177
tapcorrect/083_youtube_HfUoCF3dmbU/track.npy,tapcorrect,0.9809523809523809,0.7090909090909091,0.9809523809523809,0.7090909090909091,0.9299624076909451,0.7561398597086411,0.9903846153846153,0.8148148148148149
tapcorrect/096_youtube_XAYhNHhxN0A/track.npy,tapcorrect,0.7655786350148368,0.7468354430379747,0.7655786350148368,0.7468354430379747,0.8840888866334675,0.8041087230126016,0.9126506024096386,0.8311688311688312
asap/Bach_Fugue_bwv_846_Shi05M/track.npy,asap,0.539568345323741,0.25,0.539568345323741,0.0,0.7945098230969571,0.1192845821432463,0.8215767634854771,0.06557377049180328
asap/Bach_Fugue_bwv_848_Denisova06M/track.npy,asap,0.9205607476635514,0.46601941747572817,0.9205607476635514,0.19230769230769232,0.9312271348862071,0.6621411573452531,0.9550827423167848,0.6
asap/Bach_Fugue_bwv_848_Lee01M/track.npy,asap,0.9714285714285714,0.6363636363636364,0.9714285714285714,0.6363636363636364,0.9476467418512212,0.6792086269419372,0.9809523809523809,0.6915887850467289
asap/Bach_Fugue_bwv_848_LeeSH01M/track.npy,asap,0.9112149532710281,0.36538461538461536,0.9112149532710281,0.33962264150943394,0.9270314477346582,0.43219786850015873,0.9505882352941175,0.4
asap/Bach_Fugue_bwv_848_Lin04M/track.npy,asap,0.9715639810426541,0.4528301886792453,0.9715639810426541,0.4528301886792453,0.9591670217956302,0.4951394209396875,0.9904761904761905,0.4380952380952381
asap/Bach_Fugue_bwv_848_Lou01M/track.npy,asap,0.9150943396226415,0.6851851851851852,0.9150943396226415,0.6851851851851852,0.9284723087974484,0.67957808086292,0.9501187648456059,0.6981132075471698
asap/Bach_Fugue_bwv_848_MiyashitaM01M/track.npy,asap,0.8940092165898618,0.25,0.8940092165898618,0.18333333333333332,0.9375062875933283,0.5531178076402455,0.9601873536299766,0.4642857142857143
asap/Bach_Fugue_bwv_848_Mizumoto03M/track.npy,asap,0.9056603773584906,0.375,0.9056603773584906,0.375,0.9123564996832052,0.6057546628415034,0.943127962085308,0.603448275862069
asap/Bach_Fugue_bwv_848_SunY01M/track.npy,asap,0.9090909090909091,0.36363636363636365,0.9090909090909091,0.36363636363636365,0.901735004624127,0.6593688683924086,0.9186602870813397,0.6440677966101696
asap/Bach_Fugue_bwv_848_Zhou01M/track.npy,asap,0.9289099526066351,0.5384615384615384,0.9289099526066351,0.5384615384615384,0.94640491885202,0.5543844469868993,0.9643705463182898,0.5656565656565657
asap/Bach_Fugue_bwv_858_VuV01M/track.npy,asap,0.9117647058823529,0.3684210526315789,0.9117647058823529,0.15789473684210525,0.940155375791414,0.5213124725174161,0.9626865671641791,0.3943661971830986
asap/Bach_Fugue_bwv_858_Zhang01M/track.npy,asap,0.9264705882352942,0.7692307692307693,0.9264705882352942,0.0,0.9528705889883996,0.6906194891335591,0.9812734082397003,0.6222222222222222
asap/Bach_Fugue_bwv_887_LiYZ01M/track.npy,asap,0.060240963855421686,0.15602836879432624,0.060240963855421686,0.15602836879432624,0.5467001222047102,0.38629574101897646,0.5566137566137566,0.3649635036496351
asap/Bach_Prelude_bwv_858_VuV01M/track.npy,asap,0.49557522123893805,0.25925925925925924,0.49557522123893805,0.0,0.8083494435810898,0.3440248757018477,0.8258706467661692,0.30434782608695654
asap/Bach_Prelude_bwv_858_Zhang01M/track.npy,asap,0.905982905982906,0.4827586206896552,0.905982905982906,0.27586206896551724,0.9345066404207413,0.4043448807808844,0.9565217391304347,0.31578947368421056
asap/Bach_Prelude_bwv_870_ChenW01M/track.npy,asap,0.9253731343283582,0.35384615384615387,0.9253731343283582,0.17777777777777778,0.9597991866858337,0.6343361527535674,0.9809885931558935,0.5897435897435898
asap/Bach_Prelude_bwv_870_LeeE01M/track.npy,asap,0.9844961240310077,0.36923076923076925,0.9844961240310077,0.29545454545454547,0.9801153086753457,0.6615707917064803,0.9961089494163424,0.6753246753246752
asap/Bach_Prelude_bwv_870_MaximovI01M/track.npy,asap,0.7039473684210527,0.6,0.7039473684210527,0.07692307692307693,0.8840053842169499,0.6310505465957439,0.9181494661921707,0.5882352941176471
asap/Bach_Prelude_bwv_876_SirajA01M/track.npy,asap,0.84375,0.16666666666666666,0.84375,0.0,0.9174608826424693,0.3877002140801502,0.9324009324009325,0.39344262295081966
asap/Bach_Prelude_bwv_876_Song01M/track.npy,asap,0.9069767441860465,0.20588235294117646,0.9069767441860465,0.20588235294117646,0.9399464601217703,0.5927130843448696,0.9619047619047618,0.608695652173913
asap/Bach_Prelude_bwv_888_ZhaoK01M/track.npy,asap,0.9523809523809523,0.5121951219512195,0.9523809523809523,0.5121951219512195,0.9521178976515632,0.8082433076828774,0.9721115537848605,0.8333333333333334
asap/Bach_Prelude_bwv_889_Giesbrecht01M/track.npy,asap,0.581081081081081,0.24324324324324326,0.581081081081081,0.24324324324324326,0.8123258799774596,0.26132429430207615,0.8308823529411764,0.23529411764705882
asap/Bach_Prelude_bwv_889_LiuY01M/track.npy,asap,0.2647058823529412,0.21212121212121213,0.20588235294117646,0.06060606060606061,0.5439767104721918,0.06953980721433484,0.4489795918367347,0.03125
asap/Bach_Prelude_bwv_889_MunA01M/track.npy,asap,0.5955882352941176,0.2,0.5955882352941176,0.2,0.774660630796634,0.3304339283267915,0.7846153846153845,0.3333333333333333
asap/Bach_Prelude_bwv_889_Wang01M/track.npy,asap,0.4583333333333333,0.25,0.4583333333333333,0.1388888888888889,0.7114436765901695,0.2697511422011465,0.7238805970149254,0.208955223880597
asap/Bach_Prelude_bwv_889_YangY02M/track.npy,asap,0.3603238866396761,0.13953488372093023,0.2620320855614973,0.06976744186046512,0.6960842259807152,0.19597916345031208,0.6366559485530547,0.16216216216216217
asap/Bach_Prelude_bwv_889_ZhangW02M/track.npy,asap,0.3346938775510204,0.125,0.18617021276595744,0.125,0.6251036919625554,0.14477511801346157,0.5659163987138265,0.12820512820512822
asap/Beethoven_Piano_Sonatas_17-3_KaszoS11M/track.npy,asap,0.3192227619708536,0.3112033195020747,0.3192227619708536,0.004158004158004158,0.617451717137071,0.4197828764736754,0.6355866355866355,0.42120765832106044
asap/Beethoven_Piano_Sonatas_17-3_USHIKI05M/track.npy,asap,0.14334705075445817,0.26,0.14334705075445817,0.08641975308641975,0.5370551207711072,0.43578696245576526,0.5524126455906821,0.45108695652173914
asap/Beethoven_Piano_Sonatas_21-2_YOO05M/track.npy,asap,0.0335195530726257,0.16981132075471697,0.0111731843575419,0.043478260869565216,0.3429613177744539,0.1431523985146677,0.36752136752136755,0.13698630136986303
asap/Beethoven_Piano_Sonatas_3-2_MiyashitaM04M/track.npy,asap,0.2069672131147541,0.36645962732919257,0.014344262295081968,0.19130434782608696,0.500574187918322,0.5381364855865335,0.4523076923076923,0.5510204081632653
asap/Beethoven_Piano_Sonatas_7-1_Hebert01M/track.npy,asap,0.7581120943952803,0.43529411764705883,0.7581120943952803,0.0,0.8346008606050669,0.4739278721850277,0.8620178041543026,0.4347826086956522
asap/Beethoven_Piano_Sonatas_7-1_Larionova04M/track.npy,asap,0.7547445255474453,0.34705882352941175,0.7547445255474453,0.0,0.8132823906497034,0.42890840647759865,0.8407923697725604,0.4016913319238901
asap/Beethoven_Piano_Sonatas_7-1_LeeS02M/track.npy,asap,0.7780938833570412,0.25882352941176473,0.7780938833570412,0.10619469026548672,0.8452182594911041,0.4330339684908554,0.8703837798696596,0.4377510040160642
asap/Beethoven_Piano_Sonatas_7-1_Wang02M/track.npy,asap,0.7005730659025788,0.28402366863905326,0.7005730659025788,0.005917159763313609,0.7980092049390618,0.3628249417337744,0.8232727272727273,0.3524416135881104
asap/Beethoven_Piano_Sonatas_7-1_WangY01M/track.npy,asap,0.6657263751763046,0.4411764705882353,0.6657263751763046,0.0029498525073746312,0.7732842677158431,0.46913394776665746,0.8040345821325648,0.4516129032258064
asap/Beethoven_Piano_Sonatas_7-1_ZhangE02M/track.npy,asap,0.7734487734487735,0.38235294117647056,0.7734487734487735,0.0,0.8338157556401931,0.4558772092499639,0.8606856309263311,0.40086206896551724
asap/Beethoven_Piano_Sonatas_9-1_Tysman05M/track.npy,asap,0.6456692913385826,0.4339622641509434,0.6456692913385826,0.4339622641509434,0.8307091376622938,0.5947859658454002,0.867330016583748,0.6175438596491227
asap/Chopin_Barcarolle_LeeSH05M/track.npy,asap,0.4059701492537313,0.1572052401746725,0.4059701492537313,0.1524390243902439,0.6302034788433352,0.3363623148676051,0.6778761061946902,0.3655913978494624
asap/Chopin_Barcarolle_Na09M/track.npy,asap,0.5313028764805414,0.1503267973856209,0.5313028764805414,0.09803921568627451,0.6938491314082494,0.2758844353989415,0.7435653002859867,0.28464419475655434
asap/Chopin_Barcarolle_Ozel10M/track.npy,asap,0.4878048780487805,0.314410480349345,0.4878048780487805,0.09278350515463918,0.6405313903826264,0.34651632732934723,0.7168458781362007,0.3948220064724919
asap/Chopin_Barcarolle_Park10M/track.npy,asap,0.3743169398907104,0.2826086956521739,0.3743169398907104,0.06086956521739131,0.5897357141108406,0.3108048353011392,0.6426174496644295,0.3420289855072464
asap/Chopin_Barcarolle_Rozanski07M/track.npy,asap,0.3683431952662722,0.17467248908296942,0.3683431952662722,0.1125,0.5957209310201048,0.259001413168124,0.6443661971830985,0.27636363636363637
asap/Chopin_Scherzos_39_Arciglione13M/track.npy,asap,0.07592303692147685,0.03115264797507788,0.07592303692147685,0.0031201248049922,0.5149476470895308,0.28266712906154623,0.5653859710962285,0.2981366459627329
asap/Chopin_Scherzos_39_Bult-ItoS05M/track.npy,asap,0.13260530421216848,0.1557632398753894,0.13260530421216848,0.0062402496099844,0.5615532204613097,0.365161793361817,0.6132427843803057,0.3597122302158273
asap/Liszt_Concert_Etude_S145_1_Kleisen06M/track.npy,asap,0.41810344827586204,0.23076923076923078,0.41810344827586204,0.23076923076923078,0.6285528238077085,0.2977786183404089,0.6840855106888362,0.3216080402010051
asap/Liszt_Concert_Etude_S145_1_Woo06M/track.npy,asap,0.28419654714475434,0.23809523809523808,0.23684210526315788,0.08387096774193549,0.5892540840450953,0.2954963628724146,0.597676874340021,0.29600000000000004
asap/Mozart_Piano_Sonatas_12-1_MunA03M/track.npy,asap,0.8611111111111112,0.48444444444444446,0.8611111111111112,0.48444444444444446,0.910958602465556,0.68715741926819,0.9519713261648746,0.71
asap/Mozart_Piano_Sonatas_12-1_WuuE02M/track.npy,asap,0.9332365747460087,0.3466666666666667,0.9332365747460087,0.3466666666666667,0.9420513770822667,0.652194346135335,0.969208211143695,0.6684073107049608
asap/Schubert_Impromptu_op.90_D.899_2_Denisova11M/track.npy,asap,0.3004807692307692,0.07553956834532374,0.3004807692307692,0.07553956834532374,0.621180896988701,0.36706934571992944,0.6666666666666667,0.39276485788113696
asap/Schubert_Impromptu_op.90_D.899_2_FaB06M/track.npy,asap,0.6538922155688622,0.19205298013245034,0.6538922155688622,0.17562724014336917,0.8237779660526142,0.5025074703073761,0.8549222797927462,0.5162790697674418
asap/Schubert_Impromptu_op.90_D.899_2_HuNY06M/track.npy,asap,0.7072879330943848,0.26523297491039427,0.7072879330943848,0.26523297491039427,0.8525409221831912,0.511452740561682,0.876991714467814,0.5284738041002277
asap/Schubert_Impromptu_op.90_D.899_2_KaiRuiR05M/track.npy,asap,0.6910179640718563,0.3013698630136986,0.6910179640718563,0.13620071684587814,0.8457471145525912,0.5058008463898227,0.8737864077669903,0.5223529411764706
asap/Schubert_Impromptu_op.90_D.899_2_Levitsky09M/track.npy,asap,0.11137724550898204,0.22857142857142856,0.11137724550898204,0.0035842293906810036,0.5515305636196765,0.4442432522038574,0.5763265306122449,0.46428571428571436
asap/Schubert_Impromptu_op.90_D.899_2_Nikiforov09M/track.npy,asap,0.29820359281437125,0.2014388489208633,0.29820359281437125,0.007168458781362007,0.6737368531913374,0.35240122682768565,0.698170731707317,0.3626666666666667
asap/Schubert_Piano_Sonatas_664-1_BuiJL06M/track.npy,asap,0.4038095238095238,0.5801526717557252,0.4038095238095238,0.5801526717557252,0.7679921926442127,0.7433375249219044,0.8070953436807096,0.7923076923076924
asap/Schubert_Piano_Sonatas_664-1_KabuliL10M/track.npy,asap,0.40425531914893614,0.5267175572519084,0.3676190476190476,0.5267175572519084,0.7585958642089315,0.6911569706918385,0.7924528301886794,0.7296137339055795
asap/Schubert_Piano_Sonatas_664-1_Mo10M/track.npy,asap,0.4533333333333333,0.6412213740458015,0.4533333333333333,0.6412213740458015,0.7628576534092549,0.6720770276108688,0.8090128755364807,0.7142857142857143
asap/Schumann_Kreisleriana_1_no_first_repeat_JohannsonP02M/track.npy,asap,0.3142857142857143,0.1958762886597938,0.3142857142857143,0.1958762886597938,0.582911187534921,0.2699317569632329,0.6666666666666666,0.31746031746031744
ballroom/ballroom_Albums-Ballroom_Classics4-10/track.npy,ballroom,1.0,1.0,1.0,1.0,0.9595201858408396,0.9628680764825982,1.0,1.0
ballroom/ballroom_Albums-Ballroom_Classics4-12/track.npy,ballroom,0.9863013698630136,1.0,0.9863013698630136,1.0,0.9278290477331832,0.945340338366115,0.993103448275862,1.0
ballroom/ballroom_Albums-Ballroom_Magic-04/track.npy,ballroom,0.9230769230769231,1.0,0.9230769230769231,0.0,0.7579296859692791,0.4499934872028931,0.8799999999999999,0.4444444444444444
ballroom/ballroom_Albums-Cafe_Paradiso-07/track.npy,ballroom,1.0,1.0,1.0,1.0,0.9690260621544945,0.9778067546145259,1.0,1.0
ballroom/ballroom_Albums-Cafe_Paradiso-15/track.npy,ballroom,0.9861111111111112,1.0,0.9861111111111112,1.0,0.9564462931527511,0.9327085284321102,0.993006993006993,1.0
ballroom/ballroom_Albums-Chrisanne1-06/track.npy,ballroom,0.9622641509433962,1.0,0.9622641509433962,1.0,0.8823825068966517,0.9469022785288199,0.9433962264150944,1.0
ballroom/ballroom_Albums-Chrisanne2-02/track.npy,ballroom,0.9722222222222222,0.3333333333333333,0.9722222222222222,0.0,0.9428256497343163,0.2438589807253009,0.9859154929577464,0.25
ballroom/ballroom_Albums-Chrisanne2-07/track.npy,ballroom,0.972972972972973,0.9166666666666666,0.972972972972973,0.0,0.9416766886395883,0.5445209385849099,0.9863013698630138,0.4444444444444444
ballroom/ballroom_Albums-Chrisanne3-14/track.npy,ballroom,0.9761904761904762,1.0,0.9761904761904762,1.0,0.8839211571900563,0.8888735318224571,1.0,1.0
ballroom/ballroom_Albums-Fire-02/track.npy,ballroom,1.0,1.0,1.0,1.0,0.9278644055973196,0.914977297173097,1.0,1.0
ballroom/ballroom_Albums-Fire-03/track.npy,ballroom,1.0,1.0,1.0,1.0,0.9473890536927563,0.9281221711364832,1.0,1.0
ballroom/ballroom_Albums-Fire-07/track.npy,ballroom,0.9178082191780822,0.8888888888888888,0.9178082191780822,0.8888888888888888,0.9255784465484892,0.9151446349850119,0.9655172413793104,0.9444444444444444
ballroom/ballroom_Albums-Fire-10/track.npy,ballroom,0.9534883720930233,1.0,0.9534883720930233,1.0,0.9056794335282219,0.9048260044814014,0.9761904761904763,1.0
ballroom/ballroom_Albums-GloriaEstefan_MiTierra-04/track.npy,ballroom,0.98,1.0,0.98,1.0,0.9346297271822634,0.964051578697357,0.9696969696969697,1.0
ballroom/ballroom_Albums-GloriaEstefan_MiTierra-06/track.npy,ballroom,1.0,1.0,1.0,1.0,0.970109203408778,0.9592353877925852,1.0,1.0
ballroom/ballroom_Albums-Latin_Jam-12/track.npy,ballroom,0.9864864864864865,1.0,0.9864864864864865,0.0,0.9634994486816097,0.6288622939320161,0.9931972789115647,0.5
ballroom/ballroom_Albums-Latin_Jam2-06/track.npy,ballroom,0.9814814814814815,0.9285714285714286,0.9814814814814815,0.9285714285714286,0.9764912884689657,0.9409118601465013,0.9906542056074767,0.962962962962963
ballroom/ballroom_Albums-Latin_Jam2-12/track.npy,ballroom,1.0,1.0,1.0,1.0,0.9706430456520528,0.9735627358145487,1.0,1.0
ballroom/ballroom_Albums-Latin_Jam3-05/track.npy,ballroom,1.0,1.0,1.0,1.0,0.9754620431614685,0.9881898769170739,1.0,1.0
ballroom/ballroom_Albums-Latin_Jam4-01/track.npy,ballroom,1.0,1.0,1.0,1.0,0.98201416215416,0.9798086925723793,1.0,1.0
ballroom/ballroom_Albums-Latin_Jam4-08/track.npy,ballroom,0.9772727272727273,1.0,0.9772727272727273,1.0,0.9513633556578951,0.992686423437291,0.9885057471264368,1.0
ballroom/ballroom_Albums-Macumba-03/track.npy,ballroom,0.9807692307692307,1.0,0.9807692307692307,1.0,0.9707976342609281,0.984927483498483,0.9902912621359222,1.0
ballroom/ballroom_Albums-Macumba-16/track.npy,ballroom,0.9859154929577465,1.0,0.9859154929577465,1.0,0.9701468603262381,0.9861178315849294,0.9929078014184397,1.0
ballroom/ballroom_Albums-Pais_Tropical-12/track.npy,ballroom,1.0,1.0,1.0,1.0,0.944322041470254,0.9273702144328718,1.0,1.0
ballroom/ballroom_Albums-Pais_Tropical-14/track.npy,ballroom,1.0,1.0,1.0,1.0,0.9733821468303219,0.9687299516974868,1.0,1.0
ballroom/ballroom_Albums-Secret_Garden-05/track.npy,ballroom,0.8484848484848485,0.2,0.8484848484848485,0.0,0.742734073615644,0.256629106565994,0.8253968253968254,0.28571428571428575
ballroom/ballroom_Albums-Step_By_Step-03/track.npy,ballroom,0.9736842105263158,0.9230769230769231,0.9736842105263158,0.9230769230769231,0.8775337347590105,0.9105231951326302,0.9866666666666666,0.9600000000000001
ballroom/ballroom_Albums-Step_By_Step-06/track.npy,ballroom,1.0,1.0,1.0,1.0,0.905270978166193,0.839654519483979,1.0,1.0
ballroom/ballroom_Albums-Step_By_Step-18/track.npy,ballroom,0.9883720930232558,1.0,0.9883720930232558,1.0,0.9384178903894014,0.9196740074037184,0.9941520467836257,1.0
ballroom/ballroom_Albums-StrictlyDancing_Tango-15/track.npy,ballroom,1.0,1.0,1.0,1.0,0.8749281865747159,0.8575115163643737,1.0,1.0
ballroom/ballroom_Media-100601/track.npy,ballroom,0.972972972972973,1.0,0.972972972972973,1.0,0.9227358664432607,0.9371286654695683,0.9863013698630138,1.0
ballroom/ballroom_Media-100610/track.npy,ballroom,1.0,1.0,1.0,1.0,0.9418192105172881,0.9449150416454082,1.0,1.0
ballroom/ballroom_Media-103306/track.npy,ballroom,0.9814814814814815,1.0,0.9814814814814815,1.0,0.9087378893499758,0.9341432421448103,0.9906542056074767,1.0
ballroom/ballroom_Media-103401/track.npy,ballroom,1.0,1.0,1.0,1.0,0.9651667831823133,0.9748704166347868,1.0,1.0
ballroom/ballroom_Media-103406/track.npy,ballroom,1.0,1.0,1.0,1.0,0.9830658769667712,0.9689327975736158,1.0,1.0
ballroom/ballroom_Media-103409/track.npy,ballroom,0.9807692307692307,0.9230769230769231,0.9807692307692307,0.9230769230769231,0.9700326113656451,0.9389199251670215,0.9902912621359222,0.9600000000000001
ballroom/ballroom_Media-103410/track.npy,ballroom,0.9423076923076923,0.9230769230769231,0.9423076923076923,0.9230769230769231,0.9505958331587617,0.9350754284304367,0.9702970297029703,0.9600000000000001
ballroom/ballroom_Media-103514/track.npy,ballroom,1.0,1.0,1.0,1.0,0.9729205845232344,0.9654310119639433,1.0,1.0
ballroom/ballroom_Media-103606/track.npy,ballroom,0.6666666666666666,0.6,0.6666666666666666,0.6,0.7782776976582488,0.7671645469917748,0.7945205479452054,0.7777777777777777
ballroom/ballroom_Media-103613/track.npy,ballroom,0.9863013698630136,1.0,0.9863013698630136,1.0,0.9642159050796391,0.9675002337212043,0.993103448275862,1.0
ballroom/ballroom_Media-103703/track.npy,ballroom,1.0,1.0,1.0,1.0,0.9683642684913023,0.9735691252075512,1.0,1.0
ballroom/ballroom_Media-103715/track.npy,ballroom,1.0,0.8666666666666667,0.0,0.0,0.7717662489437428,0.7739736488008652,0.6744186046511628,0.6363636363636364
ballroom/ballroom_Media-103718/track.npy,ballroom,0.9433962264150944,1.0,0.9433962264150944,1.0,0.9470717009718217,0.9699911328530992,0.9714285714285713,1.0
ballroom/ballroom_Media-103804/track.npy,ballroom,1.0,1.0,1.0,1.0,0.9778960957898493,0.9565510159323342,1.0,1.0
ballroom/ballroom_Media-103808/track.npy,ballroom,1.0,1.0,1.0,1.0,0.9744025155207062,0.990137465134293,1.0,1.0
ballroom/ballroom_Media-103811/track.npy,ballroom,1.0,1.0,1.0,1.0,0.9487276739463084,0.9590633093808376,1.0,1.0
ballroom/ballroom_Media-103818/track.npy,ballroom,1.0,1.0,1.0,1.0,0.9841928843364902,0.9861121029690866,1.0,1.0
ballroom/ballroom_Media-103907/track.npy,ballroom,1.0,1.0,1.0,1.0,0.9738803516394636,0.9842997715086206,1.0,1.0
ballroom/ballroom_Media-104103/track.npy,ballroom,1.0,1.0,1.0,1.0,0.9451129454768106,0.9629164411682001,1.0,1.0
ballroom/ballroom_Media-104105/track.npy,ballroom,1.0,0.0,1.0,0.0,0.9582099971627474,6.040405212382982e-47,1.0,0.0
ballroom/ballroom_Media-104204/track.npy,ballroom,1.0,1.0,1.0,1.0,0.9742215383095001,0.990202039376522,1.0,1.0
ballroom/ballroom_Media-104207/track.npy,ballroom,0.9636363636363636,0.6666666666666666,0.9636363636363636,0.6666666666666666,0.944180336276201,0.6894028192568707,0.9814814814814815,0.7142857142857142
ballroom/ballroom_Media-104403/track.npy,ballroom,0.9473684210526315,0.9230769230769231,0.9473684210526315,0.9230769230769231,0.9310405486610391,0.9050703050839943,0.972972972972973,0.9600000000000001
ballroom/ballroom_Media-104406/track.npy,ballroom,0.987012987012987,0.9615384615384616,0.987012987012987,0.9615384615384616,0.9584082398367033,0.9372021245743574,0.9934640522875817,0.9803921568627451
ballroom/ballroom_Media-104415/track.npy,ballroom,0.9438202247191011,0.9090909090909091,0.9438202247191011,0.0,0.946786960942601,0.6105234354300626,0.9714285714285714,0.5
ballroom/ballroom_Media-104508/track.npy,ballroom,0.9866666666666667,1.0,0.9866666666666667,1.0,0.965895913483306,0.9695621283478825,0.9932885906040269,1.0
ballroom/ballroom_Media-104604/track.npy,ballroom,0.972972972972973,1.0,0.972972972972973,1.0,0.8804796521496538,0.902296076945805,0.9459459459459459,1.0
ballroom/ballroom_Media-104606/track.npy,ballroom,0.9818181818181818,1.0,0.9818181818181818,1.0,0.8946260778105358,0.8739592501409392,0.9908256880733944,1.0
ballroom/ballroom_Media-104607/track.npy,ballroom,0.987012987012987,0.9615384615384616,0.987012987012987,0.9615384615384616,0.9447313056254071,0.9334998708572548,0.9934640522875817,0.9803921568627451
ballroom/ballroom_Media-104617/track.npy,ballroom,0.9772727272727273,0.8095238095238095,0.9772727272727273,0.8095238095238095,0.9033731756333637,0.7363561188167919,0.9885057471264368,0.8095238095238095
ballroom/ballroom_Media-104704/track.npy,ballroom,0.8571428571428571,0.7272727272727273,0.8571428571428571,0.7272727272727273,0.6912043782498677,0.5992663354517959,0.7647058823529412,0.6363636363636364
ballroom/ballroom_Media-104717/track.npy,ballroom,1.0,1.0,1.0,1.0,0.9389893873727716,0.9347460200797394,1.0,1.0
ballroom/ballroom_Media-104803/track.npy,ballroom,1.0,1.0,1.0,1.0,0.9129883828929093,0.9633921898349332,1.0,1.0
ballroom/ballroom_Media-104804/track.npy,ballroom,0.972972972972973,1.0,0.972972972972973,1.0,0.8662191207004605,0.9253762532949502,0.9863013698630138,1.0
ballroom/ballroom_Media-104808/track.npy,ballroom,0.9821428571428571,1.0,0.9821428571428571,1.0,0.8742030393022,0.9061477438245953,0.9909909909909909,1.0
ballroom/ballroom_Media-104810/track.npy,ballroom,1.0,1.0,1.0,1.0,0.863891257686063,0.8941592416885611,1.0,1.0
ballroom/ballroom_Media-104816/track.npy,ballroom,0.8409090909090909,0.8636363636363636,0.8409090909090909,0.8636363636363636,0.8829619080655394,0.8854437770498789,0.9135802469135803,0.9268292682926829
ballroom/ballroom_Media-104907/track.npy,ballroom,0.9629629629629629,0.9285714285714286,0.9629629629629629,0.9285714285714286,0.6967748871933294,0.6893728194391643,0.9433962264150944,0.888888888888889
ballroom/ballroom_Media-105004/track.npy,ballroom,0.8333333333333334,0.75,0.8333333333333334,0.75,0.6265791105604412,0.5323861072434886,0.7428571428571428,0.6956521739130435
ballroom/ballroom_Media-105101/track.npy,ballroom,0.75,0.9166666666666666,0.75,0.9166666666666666,0.4720420594833714,0.5050412140655302,0.676056338028169,0.6956521739130435
ballroom/ballroom_Media-105110/track.npy,ballroom,0.918918918918919,0.84,0.918918918918919,0.84,0.8596697994004231,0.7617309229013229,0.9517241379310345,0.816326530612245
ballroom/ballroom_Media-105207/track.npy,ballroom,1.0,1.0,1.0,1.0,0.9736293795128953,0.9811011544607834,1.0,1.0
ballroom/ballroom_Media-105305/track.npy,ballroom,0.9629629629629629,0.9285714285714286,0.9629629629629629,0.9285714285714286,0.903947276957935,0.9167890426453922,0.9811320754716981,0.962962962962963
ballroom/ballroom_Media-105316/track.npy,ballroom,0.9714285714285714,0.9166666666666666,0.9714285714285714,0.9166666666666666,0.9435111918016594,0.9256185111976909,0.9855072463768115,0.9565217391304348
ballroom/ballroom_Media-105406/track.npy,ballroom,1.0,1.0,1.0,1.0,0.9723283929190107,0.9747956540835682,1.0,1.0
ballroom/ballroom_Media-105601/track.npy,ballroom,0.9622641509433962,1.0,0.9622641509433962,1.0,0.9617394833867169,0.9842162011653207,0.9807692307692307,1.0
ballroom/ballroom_Media-105609/track.npy,ballroom,1.0,1.0,1.0,1.0,0.9726284562142353,0.9685427067908374,1.0,1.0
ballroom/ballroom_Media-105820/track.npy,ballroom,0.9882352941176471,1.0,0.9882352941176471,1.0,0.9505901164635197,0.9727431703564665,0.9940828402366864,1.0
ballroom/ballroom_Media-105905/track.npy,ballroom,0.9818181818181818,0.5714285714285714,0.9818181818181818,0.5714285714285714,0.9548774769182959,0.5745266859582687,0.9908256880733944,0.5925925925925927
ballroom/ballroom_Media-105913/track.npy,ballroom,0.9883720930232558,0.9523809523809523,0.9883720930232558,0.0,0.9432869672638775,0.4688120535834575,0.9941520467836257,0.0
ballroom/ballroom_Media-105914/track.npy,ballroom,0.9879518072289156,0.9523809523809523,0.9879518072289156,0.9523809523809523,0.9396144011112421,0.9188734476329824,0.993939393939394,0.975609756097561
ballroom/ballroom_Media-106002/track.npy,ballroom,0.9545454545454546,1.0,0.9545454545454546,1.0,0.9360318547255576,0.9731052956070007,0.9767441860465117,1.0
ballroom/ballroom_Media-106004/track.npy,ballroom,0.9555555555555556,1.0,0.9555555555555556,1.0,0.9594414388039104,0.9893291097288461,0.9772727272727273,1.0
ballroom/ballroom_Media-106110/track.npy,ballroom,0.9523809523809523,0.9090909090909091,0.9523809523809523,0.9090909090909091,0.907298564975668,0.8937484787634179,0.975609756097561,0.9523809523809523
ballroom/ballroom_Media-106113/track.npy,ballroom,0.8292682926829268,0.9,0.8292682926829268,0.9,0.8817409913412151,0.9040127663607574,0.9066666666666667,0.9473684210526316
ballroom/ballroom_Media-106119/track.npy,ballroom,0.9210526315789473,0.9,0.9210526315789473,0.9,0.9136799585438238,0.8943005143911463,0.958904109589041,0.9473684210526316
beatles/beatles_01_Please_Please_Me_13_Theres_A_Place/track.npy,beatles,0.9958847736625515,0.9016393442622951,0.9958847736625515,0.9016393442622951,0.9538404233044402,0.8949543504332185,0.9958847736625515,0.9256198347107439
beatles/beatles_02_With_the_Beatles_03_All_My_Loving/track.npy,beatles,0.9164086687306502,0.8333333333333334,0.9164086687306502,0.8333333333333334,0.9330277187743093,0.8188584428848281,0.965079365079365,0.8387096774193548
beatles/beatles_02_With_the_Beatles_04_Dont_Bother_Me/track.npy,beatles,0.99,0.803921568627451,0.0,0.010101010101010102,0.7885790572748224,0.7070697031275509,0.6644295302013423,0.6666666666666667
beatles/beatles_03_A_Hard_Days_Night_09_Ill_Cry_Instead/track.npy,beatles,0.6307692307692307,0.8461538461538461,0.6307692307692307,0.8461538461538461,0.8384614238433757,0.836239002114705,0.88,0.8831168831168831
beatles/beatles_03_A_Hard_Days_Night_10_Things_We_Said_Today/track.npy,beatles,0.9912023460410557,0.8953488372093024,0.9912023460410557,0.8953488372093024,0.9700211337438855,0.888378641799177,0.9955817378497791,0.9122807017543859
beatles/beatles_04_Beatles_for_Sale_05_Ill_Follow_the_Sun/track.npy,beatles,0.654275092936803,0.4827586206896552,0.654275092936803,0.4827586206896552,0.588570609844971,0.37730056578437615,0.8957055214723927,0.5663716814159292
beatles/beatles_05_Help_03_Youve_Got_To_Hide_Your_Love_Away/track.npy,beatles,0.962059620596206,0.8709677419354839,0.962059620596206,0.8709677419354839,0.8475496861198328,0.7501760606423082,0.9918256130790192,0.8861788617886179
beatles/beatles_05_Help_07_Ticket_To_Ride/track.npy,beatles,0.984,0.9468085106382979,0.984,0.9468085106382979,0.7892019498768978,0.7862911568898183,0.9919571045576407,0.9625668449197862
beatles/beatles_06_Rubber_Soul_06_The_Word/track.npy,beatles,0.9339622641509434,0.8518518518518519,0.9339622641509434,0.8518518518518519,0.7836689458710231,0.7045685464995671,0.9543307086614173,0.8695652173913043
beatles/beatles_06_Rubber_Soul_09_Girl/track.npy,beatles,0.9243697478991597,0.6666666666666666,0.9243697478991597,0.6666666666666666,0.8681452589088773,0.6731586145814751,0.9698275862068965,0.7636363636363637
beatles/beatles_07_Revolver_10_For_No_One/track.npy,beatles,0.6989247311827957,0.9736842105263158,0.0,0.0,0.6812320618452837,0.732204093194806,0.6115702479338844,0.6548672566371682
beatles/beatles_07_Revolver_14_Tomorrow_Never_Knows/track.npy,beatles,0.9832869080779945,0.9777777777777777,0.9832869080779945,0.9777777777777777,0.9041387070140017,0.9094333344037255,0.9915730337078652,0.9887640449438202
beatles/beatles_08_Sgt_Peppers_Lonely_Hearts_Club_Band_06_Shes_Leaving_Home/track.npy,beatles,0.7176220806794055,0.35172413793103446,0.7176220806794055,0.35172413793103446,0.6475406772007279,0.43220774686307917,0.8609271523178808,0.616600790513834
beatles/beatles_09_Magical_Mystery_Tour_02_The_Fool_On_The_Hill/track.npy,beatles,0.9951923076923077,0.9615384615384616,0.9951923076923077,0.9615384615384616,0.7888534715452609,0.7835439993701883,0.9783132530120482,0.9423076923076923
beatles/beatles_09_Magical_Mystery_Tour_11_All_You_Need_Is_Love/track.npy,beatles,0.9715025906735751,0.44565217391304346,0.9715025906735751,0.44565217391304346,0.7988183024465014,0.4435986221360413,0.985545335085414,0.5238095238095238
beatles/beatles_10_CD1_The_Beatles_04_Ob-La-Di_Ob-La-Da/track.npy,beatles,0.97953216374269,0.49122807017543857,0.97953216374269,0.49122807017543857,0.9266318413918355,0.7845773228577007,0.9911764705882354,0.8484848484848484
beatles/beatles_10_CD1_The_Beatles_06_The_Continuing_Story_of_Bungalow_Bill/track.npy,beatles,0.9251700680272109,0.4025974025974026,0.9251700680272109,0.4025974025974026,0.8420271402893288,0.5052933521551671,0.9618055555555556,0.6
beatles/beatles_10_CD2_The_Beatles_03_Mother_Natures_Son/track.npy,beatles,0.8702928870292888,0.375,0.8702928870292888,0.0,0.843831068684548,0.5321985688839003,0.9586056644880174,0.5925925925925927
beatles/beatles_11_Abbey_Road_01_Come_Together/track.npy,beatles,0.7242268041237113,0.813953488372093,0.7242268041237113,0.813953488372093,0.8481060106868247,0.7350103227163459,0.8809849521203831,0.7573964497041421
beatles/beatles_11_Abbey_Road_11_Mean_Mr_Mustard/track.npy,beatles,0.9805825242718447,0.9230769230769231,0.9805825242718447,0.9230769230769231,0.9456502884646363,0.8792243143321972,0.9951219512195122,0.9230769230769231
beatles/beatles_11_Abbey_Road_17_Her_Majesty/track.npy,beatles,0.7380952380952381,0.0,0.7380952380952381,0.0,0.8097911667068535,0.39592028470011276,0.8493150684931507,0.4
beatles/beatles_12_Let_It_Be_03_Across_the_Universe/track.npy,beatles,0.5089686098654709,0.4084507042253521,0.0433996383363472,0.0,0.6294983254584063,0.40271876831723336,0.5845845845845845,0.44019138755980863
candombe/csic.1995_ansina1_02/track.npy,candombe,1.0,1.0,1.0,1.0,0.9755120027419176,0.9753058145336332,1.0,1.0
candombe/csic.1995_cuareim_03/track.npy,candombe,0.9983108108108109,0.972972972972973,0.9983108108108109,0.972972972972973,0.9817654209172973,0.9631926223342033,0.9991546914623838,0.9797297297297298
candombe/proyecto.1992_pelado_01/track.npy,candombe,1.0,1.0,1.0,1.0,0.9725486028986662,0.972969808956111,1.0,1.0
candombe/zavala.muniz.2014_54/track.npy,candombe,0.9965635738831615,1.0,0.9965635738831615,1.0,0.9731730657827065,0.9778946246562219,0.9982788296041308,1.0
filosax/filosax_01/track.npy,filosax,0.8421768707482993,0.8478260869565217,0.8421768707482993,0.8478260869565217,0.9079410500122476,0.8505561213926447,0.9468531468531467,0.8950276243093923
filosax/filosax_06/track.npy,filosax,0.979706877113867,0.9054054054054054,0.979706877113867,0.9054054054054054,0.9352550219630121,0.8715675551568841,0.9891861126920887,0.9293849658314352
filosax/filosax_12/track.npy,filosax,0.981042654028436,0.7246376811594203,0.981042654028436,0.7246376811594203,0.9305410230992293,0.7517116006306225,0.9904306220095694,0.8079800498753118
filosax/filosax_31/track.npy,filosax,0.9911361804995971,0.8668831168831169,0.9911361804995971,0.8668831168831169,0.9618852569431016,0.8802344491055031,0.9959612277867528,0.9141914191419142
filosax/filosax_32/track.npy,filosax,0.9898843930635838,0.953757225433526,0.9898843930635838,0.953757225433526,0.9407002563313521,0.899154501575718,0.9949312092686459,0.9653179190751445
filosax/filosax_35/track.npy,filosax,0.9950617283950617,0.9653465346534653,0.9950617283950617,0.9653465346534653,0.9486281176473872,0.9203425567435128,0.9981447124304267,0.9727047146401985
groove_midi/drummer10_session1_2_jazz-swing_215_beat_4-4/track.npy,groove_midi,0.9773462783171522,0.961038961038961,0.9773462783171522,0.961038961038961,0.8789313890247806,0.8475163373770376,0.9967532467532468,0.961038961038961
groove_midi/drummer1_eval_session_4_soul-groove4_80_beat_4-4/track.npy,groove_midi,1.0,1.0,1.0,1.0,0.9836786668511167,0.9843392323199754,1.0,1.0
groove_midi/drummer1_session1_201_reggae-slow_64_beat_4-4/track.npy,groove_midi,0.7444933920704846,0.5135135135135135,0.14427860696517414,0.5135135135135135,0.7620471442227328,0.5764016810858804,0.7238095238095238,0.6153846153846154
groove_midi/drummer1_session1_202_rock-halftime_140_beat_4-4/track.npy,groove_midi,0.5044510385756676,0.5555555555555556,0.3287128712871287,0.25196850393700787,0.786585194193774,0.7224437200676868,0.7980997624703089,0.721153846153846
groove_midi/drummer1_session1_47_jazz_102_beat_4-4/track.npy,groove_midi,1.0,1.0,1.0,1.0,0.9129668760331757,0.908118049323949,0.9966555183946488,0.9864864864864865
groove_midi/drummer1_session1_77_jazz-mediumfast_180_beat_4-4/track.npy,groove_midi,0.8787878787878788,0.5925925925925926,0.8787878787878788,0.5925925925925926,0.8884957555377969,0.7524390537229315,0.9675870348139256,0.8144329896907216
groove_midi/drummer1_session2_110_rock-prog_190_beat_4-4/track.npy,groove_midi,0.5757575757575758,0.5128205128205128,0.041666666666666664,0.08333333333333333,0.5275457795081687,0.38825105565070595,0.6296296296296297,0.4684684684684685
groove_midi/drummer1_session2_62_punk_144_beat_4-4/track.npy,groove_midi,0.9936974789915967,0.95,0.9936974789915967,0.95,0.9496004614625908,0.9212826091673322,0.9947423764458465,0.9707112970711297
groove_midi/drummer1_session2_9_jazz-march_120_beat_4-4/track.npy,groove_midi,0.7670682730923695,0.7833333333333333,0.7670682730923695,0.7833333333333333,0.7658506805567713,0.6855341974973822,0.8172484599589322,0.7394957983193278
groove_midi/drummer1_session3_13_rock_115_beat_4-4/track.npy,groove_midi,0.9947916666666666,0.9305555555555556,0.9947916666666666,0.9305555555555556,0.9100640749452822,0.8573990294146707,0.9973935708079931,0.9444444444444444
groove_midi/drummer1_session3_4_jazz-linear_182_beat_4-4/track.npy,groove_midi,0.31141868512110726,0.35,0.29875,0.01,0.5983904696335937,0.3256712748435129,0.6952104499274311,0.34812286689419797
groove_midi/drummer1_session3_6_dance-disco_120_beat_4-4/track.npy,groove_midi,0.995475113122172,0.963963963963964,0.995475113122172,0.963963963963964,0.9524434606639439,0.9275924713053372,0.997737556561086,0.9773755656108598
groove_midi/drummer3_session1_18_rock_120_beat_4-4/track.npy,groove_midi,1.0,1.0,1.0,1.0,0.9121809633960155,0.9103087210378171,1.0,1.0
groove_midi/drummer3_session2_1_rock_100_beat_4-4/track.npy,groove_midi,1.0,1.0,1.0,1.0,0.9089530433299294,0.9257840877741061,1.0,1.0
groove_midi/drummer3_session2_43_rock_110_beat_4-4/track.npy,groove_midi,0.8875,0.6,0.8875,0.6,0.8837253186809264,0.6363317469168152,0.9403973509933775,0.6842105263157895
groove_midi/drummer4_session1_3_jazz-klezmer_152_beat_4-4/track.npy,groove_midi,0.32456140350877194,0.13333333333333333,0.32456140350877194,0.0,0.39692319005670323,0.06379762475244066,0.5685279187817258,0.05714285714285715
groove_midi/drummer5_eval_session_4_soul-groove4_80_beat_4-4/track.npy,groove_midi,0.9827586206896551,0.9333333333333333,0.9827586206896551,0.9333333333333333,0.9613586384159227,0.9384669298003954,0.9913043478260869,0.9655172413793104
groove_midi/drummer5_eval_session_8_rock-groove8_65_beat_4-4/track.npy,groove_midi,0.9830508474576272,0.9333333333333333,0.9830508474576272,0.9333333333333333,0.7799637909297408,0.7110505698164291,0.9914529914529915,0.9655172413793104
groove_midi/drummer5_session1_10_latin-brazilian-sambareggae_96_beat_4-4/track.npy,groove_midi,0.9868421052631579,0.9473684210526315,0.9868421052631579,0.9473684210526315,0.9465132707323047,0.9413837297917538,0.9933774834437086,0.972972972972973
groove_midi/drummer5_session1_19_middleeastern_126_beat_4-4/track.npy,groove_midi,0.3370967741935484,0.26956521739130435,0.3370967741935484,0.12931034482758622,0.6926688367894156,0.19412555158523462,0.6764976958525345,0.14018691588785046
groove_midi/drummer5_session2_11_soul_96_beat_4-4/track.npy,groove_midi,0.9951219512195122,0.9807692307692307,0.9951219512195122,0.9807692307692307,0.9588318627057274,0.959619460126242,0.9975550122249389,0.9902912621359222
groove_midi/drummer5_session2_16_latin-ando_125_beat_3-4/track.npy,groove_midi,0.9117647058823529,0.06542056074766354,0.9117647058823529,0.009259259259259259,0.9131252469841918,0.26266100868505543,0.956390977443609,0.2736842105263158
groove_midi/drummer5_session2_3_latin-brazilian_101_beat_4-4/track.npy,groove_midi,0.9820359281437125,0.6341463414634146,0.9820359281437125,0.6341463414634146,0.868869272318968,0.5675194365264017,0.9909365558912386,0.6666666666666667
groove_midi/drummer5_session2_8_neworleans-chacha_124_beat_4-4/track.npy,groove_midi,0.5095785440613027,0.40350877192982454,0.5095785440613027,0.40350877192982454,0.6552043576474389,0.5065792313743033,0.6775510204081633,0.5283018867924528
groove_midi/drummer6_session1_2_rock_70_beat_6-8/track.npy,groove_midi,0.828125,0.2,0.828125,0.06666666666666667,0.7661475625823397,0.23492399055943686,0.8571428571428571,0.24
groove_midi/drummer6_session2_3_rock_88_beat_4-4/track.npy,groove_midi,0.9826989619377162,0.8472222222222222,0.9826989619377162,0.8472222222222222,0.8475407258606625,0.7883254638421838,0.9844020797227037,0.9285714285714286
groove_midi/drummer6_session3_1_rock_90_beat_4-4/track.npy,groove_midi,0.9868421052631579,0.9473684210526315,0.9868421052631579,0.0,0.8326961949033528,0.40239289732484546,0.9933774834437086,0.0
groove_midi/drummer6_session3_2_rock_100_beat_4-4/track.npy,groove_midi,0.9914529914529915,1.0,0.9914529914529915,1.0,0.8919814411500461,0.8811987110442904,0.9957081545064378,1.0
groove_midi/drummer7_session1_12_funk_102_beat_4-4/track.npy,groove_midi,0.9047619047619048,0.9523809523809523,0.9047619047619048,0.0,0.7565465954726404,0.3616998165011642,0.8571428571428571,0.0
groove_midi/drummer7_session2_101_pop_142_beat_4-4/track.npy,groove_midi,0.9767441860465116,0.6818181818181818,0.9767441860465116,0.6818181818181818,0.8551657133247837,0.6129888837799297,0.988235294117647,0.7441860465116279
groove_midi/drummer7_session2_115_jazz-fusion_96_beat_4-4/track.npy,groove_midi,1.0,1.0,1.0,1.0,0.9316654689718354,0.9207212215152727,1.0,1.0
groove_midi/drummer7_session2_33_rock_75_beat_4-4/track.npy,groove_midi,0.9666666666666667,0.875,0.9666666666666667,0.875,0.6817739925214492,0.6927678356907795,0.9491525423728815,0.9333333333333333
groove_midi/drummer7_session2_72_funk_100_beat_4-4/track.npy,groove_midi,0.9827586206896551,0.8837209302325582,0.9827586206896551,0.8837209302325582,0.9541907575339362,0.9002943603921758,0.9913043478260869,0.9411764705882352
groove_midi/drummer7_session3_159_soul_98_beat_4-4/track.npy,groove_midi,0.975,0.9,0.975,0.9,0.8955216337772908,0.8787674218255211,0.9873417721518987,0.9473684210526316
groove_midi/drummer7_session3_46_rock-indie_63_beat_4-4/track.npy,groove_midi,0.9508196721311475,0.875,0.9508196721311475,0.875,0.8963187295441158,0.862515127206141,0.9747899159663865,0.9333333333333333
groove_midi/drummer7_session3_67_neworleans-funk_93_beat_4-4/track.npy,groove_midi,0.9680851063829787,0.6304347826086957,0.9680851063829787,0.6304347826086957,0.9015046119798651,0.6726216684469282,0.989247311827957,0.7415730337078652
groove_midi/drummer8_eval_session_10_soul-groove10_102_beat_4-4/track.npy,groove_midi,1.0,0.7142857142857143,1.0,0.7142857142857143,0.935819396609485,0.7128656441830628,1.0,0.7407407407407408
groove_midi/drummer8_eval_session_9_soul-groove9_105_beat_4-4/track.npy,groove_midi,0.9649122807017544,0.8666666666666667,0.9649122807017544,0.8666666666666667,0.8814982245238879,0.8532130177741896,0.9821428571428572,0.9285714285714286
groove_midi/drummer8_session1_26_afrobeat_94_beat_4-4/track.npy,groove_midi,0.8743718592964824,0.785234899328859,0.061619718309859156,0.0,0.7593040692789943,0.666116746393393,0.685121107266436,0.5529953917050691
groove_midi/drummer8_session1_2_funk_95_beat_4-4/track.npy,groove_midi,1.0,1.0,1.0,1.0,0.9488349602884162,0.9448247818786688,1.0,1.0
groove_midi/drummer8_session1_7_funk_80_beat_4-4/track.npy,groove_midi,0.9852941176470589,0.803921568627451,0.9852941176470589,0.803921568627451,0.8673454684747984,0.7460532851924766,0.9925925925925926,0.8514851485148515
groove_midi/drummer9_session1_13_rock_120_beat_4-4/track.npy,groove_midi,0.7804878048780488,0.5714285714285714,0.7804878048780488,0.5714285714285714,0.7139334366750016,0.537828278240825,0.8198757763975155,0.6341463414634146
guitarset/00_Rock3-148-C_comp_mix/track.npy,guitarset,0.9272727272727272,0.5384615384615384,0.9272727272727272,0.5384615384615384,0.8913126942218815,0.6056562290499606,0.9622641509433962,0.7199999999999999
guitarset/00_SS1-68-E_comp_mix/track.npy,guitarset,0.875,0.5,0.875,0.0,0.7719084048234934,0.24243388682304917,0.9333333333333333,0.25
guitarset/01_BN2-166-Ab_comp_mix/track.npy,guitarset,1.0,1.0,1.0,1.0,0.9325754562016949,0.9390074028564426,1.0,1.0
guitarset/01_Funk2-119-G_comp_mix/track.npy,guitarset,0.9818181818181818,0.9285714285714286,0.9818181818181818,0.9285714285714286,0.9668887021116187,0.9361136290253768,0.9908256880733944,0.962962962962963
guitarset/01_Jazz1-200-B_comp_mix/track.npy,guitarset,1.0,1.0,1.0,1.0,0.978889286326862,0.9796276400923695,1.0,1.0
guitarset/01_Jazz3-150-C_comp_mix/track.npy,guitarset,0.9807692307692307,0.46153846153846156,0.9807692307692307,0.46153846153846156,0.9598875377447214,0.46728989415617406,0.9902912621359222,0.48000000000000004
guitarset/02_BN1-147-Gb_comp_mix/track.npy,guitarset,1.0,1.0,1.0,1.0,0.8900789485380532,0.8440458897554353,1.0,1.0
guitarset/02_Jazz1-200-B_comp_mix/track.npy,guitarset,1.0,1.0,1.0,1.0,0.9175300819028374,0.9275985912664159,1.0,1.0
guitarset/02_Rock1-90-C#_comp_mix/track.npy,guitarset,0.975609756097561,0.9090909090909091,0.975609756097561,0.9090909090909091,0.9392613665961574,0.9122156624408229,0.9876543209876543,0.9523809523809523
guitarset/02_Rock2-85-F_comp_mix/track.npy,guitarset,0.9824561403508771,0.9333333333333333,0.9824561403508771,0.9333333333333333,0.9355499090255581,0.9144897185703716,0.9911504424778761,0.9655172413793104
guitarset/02_SS1-100-C#_comp_mix/track.npy,guitarset,1.0,1.0,1.0,1.0,0.8480236112302105,0.8310414312633049,1.0,1.0
guitarset/02_SS2-107-Ab_comp_mix/track.npy,guitarset,0.9821428571428571,0.9285714285714286,0.9821428571428571,0.9285714285714286,0.9403010600630244,0.909811680541668,0.9909909909909909,0.962962962962963
guitarset/03_BN3-119-G_comp_mix/track.npy,guitarset,0.9818181818181818,0.9285714285714286,0.9818181818181818,0.9285714285714286,0.91458306487869,0.8866416336432202,0.9908256880733944,0.962962962962963
guitarset/03_Rock1-130-A_comp_mix/track.npy,guitarset,1.0,1.0,1.0,1.0,0.9527307599326401,0.9417170578826308,1.0,1.0
guitarset/04_Funk1-97-C_comp_mix/track.npy,guitarset,0.8536585365853658,1.0,0.8536585365853658,0.0,0.7513752782824074,0.3045330705747259,0.9,0.2857142857142857
guitarset/04_Jazz2-187-F#_comp_mix/track.npy,guitarset,0.9411764705882353,0.75,0.9411764705882353,0.75,0.8823862300145044,0.7434969993008488,0.9696969696969697,0.8333333333333334
guitarset/04_Jazz3-150-C_comp_mix/track.npy,guitarset,0.9807692307692307,0.7692307692307693,0.9807692307692307,0.7692307692307693,0.919854275801702,0.8148510725082717,0.9902912621359222,0.8799999999999999
guitarset/04_Rock2-85-F_comp_mix/track.npy,guitarset,0.9824561403508771,0.9333333333333333,0.9824561403508771,0.9333333333333333,0.802325439977864,0.7515922793256029,0.9911504424778761,0.9655172413793104
guitarset/04_SS1-100-C#_comp_mix/track.npy,guitarset,1.0,1.0,1.0,1.0,0.9477541634076624,0.925785226588397,1.0,1.0
guitarset/05_Jazz3-137-Eb_comp_mix/track.npy,guitarset,1.0,1.0,1.0,1.0,0.7828034052784835,0.7896136054650029,1.0,1.0
guitarset/05_Rock1-130-A_comp_mix/track.npy,guitarset,1.0,1.0,1.0,1.0,0.8469051294796432,0.8111415399308997,1.0,1.0
guitarset/05_SS1-68-E_comp_mix/track.npy,guitarset,0.03636363636363636,0.1875,0.03636363636363636,0.0,0.4549897203129958,0.1982993883398112,0.5526315789473685,0.15384615384615385
hainsworth/hainsworth_002/track.npy,hainsworth,0.5688073394495413,0.4642857142857143,0.29357798165137616,0.4642857142857143,0.5021562802611937,0.016942626983681215,0.3791469194312797,0.0
hainsworth/hainsworth_019/track.npy,hainsworth,1.0,1.0,1.0,1.0,0.9755961376924673,0.9844401752174695,1.0,1.0
hainsworth/hainsworth_035/track.npy,hainsworth,0.7049180327868853,0.23076923076923078,0.7049180327868853,0.23076923076923078,0.7897172272618865,0.2894111693593694,0.8928571428571428,0.32
hainsworth/hainsworth_038/track.npy,hainsworth,1.0,1.0,1.0,1.0,0.9808902675658842,0.9781402451704897,1.0,1.0
hainsworth/hainsworth_041/track.npy,hainsworth,1.0,1.0,1.0,1.0,0.9854384687809282,0.9824897002105771,1.0,1.0
hainsworth/hainsworth_043/track.npy,hainsworth,1.0,1.0,1.0,1.0,0.9644763915989498,0.9710007592021861,1.0,1.0
hainsworth/hainsworth_045/track.npy,hainsworth,1.0,1.0,1.0,1.0,0.9811835267944221,0.9842070628761916,1.0,1.0
hainsworth/hainsworth_051/track.npy,hainsworth,1.0,1.0,1.0,1.0,0.9816640073446901,0.9873132986881457,1.0,1.0
hainsworth/hainsworth_053/track.npy,hainsworth,1.0,1.0,1.0,1.0,0.9451816481838509,0.9554537286355669,1.0,1.0
hainsworth/hainsworth_065/track.npy,hainsworth,1.0,0.4782608695652174,1.0,0.4782608695652174,0.9596745542120377,0.5399910896593477,1.0,0.55
hainsworth/hainsworth_067/track.npy,hainsworth,1.0,1.0,1.0,1.0,0.9771180522143614,0.9800171131524418,1.0,1.0
hainsworth/hainsworth_080/track.npy,hainsworth,0.3181818181818182,1.0,0.3181818181818182,1.0,0.5440350455173986,0.6819405667182619,0.7450980392156862,0.88
hainsworth/hainsworth_081/track.npy,hainsworth,1.0,1.0,1.0,1.0,0.9660642211155644,0.9731534197876633,1.0,1.0
hainsworth/hainsworth_092/track.npy,hainsworth,1.0,1.0,1.0,1.0,0.9642021722596839,0.9729376806022754,1.0,1.0
hainsworth/hainsworth_104/track.npy,hainsworth,0.9637096774193549,0.46774193548387094,0.9637096774193549,0.46774193548387094,0.8852295623517813,0.6430698977368066,0.997979797979798,0.7037037037037037
hainsworth/hainsworth_139/track.npy,hainsworth,0.9473684210526315,0.47368421052631576,0.9473684210526315,0.47368421052631576,0.9459260793218516,0.5886254732487064,0.9866666666666666,0.5405405405405405
hainsworth/hainsworth_161/track.npy,hainsworth,1.0,1.0,1.0,1.0,0.9826988944012993,0.9812087973646894,1.0,1.0
hainsworth/hainsworth_170/track.npy,hainsworth,1.0,1.0,1.0,1.0,0.9835510382575418,0.984831902760185,1.0,1.0
hainsworth/hainsworth_175/track.npy,hainsworth,1.0,1.0,1.0,1.0,0.9813302552742028,0.9721398253521943,1.0,1.0
hainsworth/hainsworth_188/track.npy,hainsworth,0.4648648648648649,0.35555555555555557,0.35766423357664234,0.03571428571428571,0.7440636195361183,0.49127969300276964,0.7999999999999999,0.5098039215686274
hainsworth/hainsworth_194/track.npy,hainsworth,0.7938144329896907,0.4583333333333333,0.7938144329896907,0.2,0.8545267195354673,0.35944395983228083,0.9326424870466321,0.2857142857142857
hainsworth/hainsworth_215/track.npy,hainsworth,1.0,1.0,1.0,1.0,0.9731580901963428,0.9532697645214757,1.0,1.0
hainsworth/hainsworth_216/track.npy,hainsworth,1.0,1.0,1.0,1.0,0.9701868881985642,0.9640457881398763,1.0,1.0
hainsworth/hainsworth_218/track.npy,hainsworth,0.5877192982456141,0.058823529411764705,0.5877192982456141,0.0,0.5803378025025737,0.1312685201694297,0.6914893617021277,0.11428571428571428
hainsworth/hainsworth_219/track.npy,hainsworth,0.7981651376146789,0.08695652173913043,0.7981651376146789,0.08695652173913043,0.7600154194240725,0.17203196316703126,0.8673469387755102,0.22222222222222224
hainsworth/hainsworth_224/track.npy,hainsworth,1.0,1.0,1.0,1.0,0.8486035943199566,0.9300510051823369,1.0,1.0
hainsworth/hainsworth_235/track.npy,hainsworth,0.9918032786885246,0.7333333333333333,0.9918032786885246,0.7333333333333333,0.9773546981965603,0.7549307328645531,0.9958847736625513,0.7666666666666667
hainsworth/hainsworth_245/track.npy,hainsworth,0.5737704918032787,0.08333333333333333,0.18556701030927836,0.08333333333333333,0.7523567950589247,0.3331564972578335,0.7215189873417721,0.32432432432432434
harmonix/0001_12step/track.npy,harmonix,1.0,1.0,1.0,1.0,0.9126030162458824,0.9162340447015037,1.0,1.0
harmonix/0022_betteroffalone/track.npy,harmonix,0.7642585551330798,0.7583333333333333,0.7642585551330798,0.7583333333333333,0.8739335348495844,0.7405001554901911,0.8964143426294819,0.759825327510917
harmonix/0024_billionaire/track.npy,harmonix,0.9761092150170648,0.972972972972973,0.9761092150170648,0.972972972972973,0.9486017573373133,0.9411220840000609,0.9794520547945205,0.972972972972973
harmonix/0048_chingaling/track.npy,harmonix,0.9228295819935691,0.7397260273972602,0.9228295819935691,0.7397260273972602,0.8882593205848704,0.7519646042548149,0.9600000000000001,0.8137931034482759
harmonix/0056_control/track.npy,harmonix,0.7295597484276729,0.7733333333333333,0.7295597484276729,0.7733333333333333,0.8150168988762853,0.8430448860740543,0.8436363636363636,0.8721804511278195
harmonix/0057_crankthat/track.npy,harmonix,1.0,1.0,0.0,0.0,0.8105829241176348,0.8052753128233683,0.6681715575620767,0.6666666666666666
harmonix/0062_dance/track.npy,harmonix,0.9266862170087976,0.8735632183908046,0.9266862170087976,0.8735632183908046,0.9187525986477373,0.8660841097578456,0.96274217585693,0.9176470588235294
harmonix/0070_dipitlow/track.npy,harmonix,0.38485804416403785,0.5098039215686274,0.38485804416403785,0.5098039215686274,0.6623198061160078,0.4140326353410742,0.7807692307692308,0.45544554455445546
harmonix/0082_dragosteadintei/track.npy,harmonix,0.9821428571428571,0.9196428571428571,0.9821428571428571,0.9196428571428571,0.8947026098004046,0.8295278545136432,0.9909909909909909,0.9279279279279279
harmonix/0105_getdownonit/track.npy,harmonix,0.9953161592505855,0.719626168224299,0.9953161592505855,0.719626168224299,0.9817468781548281,0.7491034493097707,0.9976525821596244,0.7632850241545893
harmonix/0134_igotmine/track.npy,harmonix,0.936026936026936,0.8933333333333333,0.003367003367003367,0.0,0.7629991506283011,0.7637848797325448,0.6432616081540203,0.6334841628959276
harmonix/0135_igottafeeling/track.npy,harmonix,0.9973333333333333,1.0,0.9973333333333333,1.0,0.9481986002248743,0.9486742098276959,0.9986648865153538,1.0
harmonix/0136_igotyoudancing/track.npy,harmonix,1.0,1.0,1.0,1.0,0.9629005572911592,0.9656804799355574,1.0,1.0
harmonix/0143_informer/track.npy,harmonix,0.990521327014218,0.9433962264150944,0.990521327014218,0.9433962264150944,0.9305227308835279,0.8946234329468612,0.9952380952380951,0.9622641509433962
harmonix/0144_ishotthesheriff/track.npy,harmonix,0.3570057581573896,0.32075471698113206,0.3435225618631732,0.21511627906976744,0.7278584324247314,0.5631291833454224,0.7533112582781456,0.5827338129496403
harmonix/0145_iwantyouback/track.npy,harmonix,0.8561643835616438,0.4155844155844156,0.8561643835616438,0.4155844155844156,0.900341653073927,0.6245360293653895,0.9314586994727592,0.6486486486486486
harmonix/0148_jesusofsuburbia/track.npy,harmonix,0.5953795379537954,0.2810810810810811,0.5953795379537954,0.2810810810810811,0.8138438056030057,0.5841621024884353,0.8712094184802,0.6187499999999999
harmonix/0165_lucretia/track.npy,harmonix,0.5107632093933464,0.6153846153846154,0.5107632093933464,0.6153846153846154,0.8123216902548109,0.7372813366385873,0.8416289592760181,0.7582938388625592
harmonix/0167_makesomenoise/track.npy,harmonix,0.9940119760479041,0.8795180722891566,0.9940119760479041,0.8795180722891566,0.9474390603039009,0.8564693111972159,0.996996996996997,0.9036144578313253
harmonix/0172_marrythenight/track.npy,harmonix,0.9937888198757764,0.8148148148148148,0.9937888198757764,0.8148148148148148,0.9384629240554366,0.8846992255480141,0.9968944099378882,0.9161290322580644
harmonix/0177_milkshake/track.npy,harmonix,1.0,1.0,1.0,1.0,0.913601650342637,0.9093192108065583,1.0,1.0
harmonix/0181_mrsaxobeat/track.npy,harmonix,0.9924242424242424,0.9595959595959596,0.9924242424242424,0.9595959595959596,0.9623605956668151,0.948684727676329,0.9962073324905184,0.9797979797979798
harmonix/0200_oceansize/track.npy,harmonix,0.7741176470588236,0.78125,0.7741176470588236,0.78125,0.8821087096603974,0.815504926333928,0.9171817058096415,0.8359788359788359
harmonix/0208_opp/track.npy,harmonix,0.9814814814814815,0.5688073394495413,0.9814814814814815,0.5688073394495413,0.9529853186421166,0.5897268141088661,0.9918319719953326,0.611111111111111
harmonix/0216_poison/track.npy,harmonix,0.9921568627450981,1.0,0.9921568627450981,1.0,0.9738745487406711,0.9845273358958555,0.9960629921259843,1.0
harmonix/0227_replay/track.npy,harmonix,1.0,1.0,1.0,1.0,0.9693797351134448,0.9644204437517163,1.0,1.0
harmonix/0231_rightthurr/track.npy,harmonix,0.9866071428571429,0.9107142857142857,0.9866071428571429,0.9107142857142857,0.9250754746756576,0.8986305806790096,0.9932584269662922,0.9464285714285714
harmonix/0237_run/track.npy,harmonix,0.9864864864864865,0.978494623655914,0.9864864864864865,0.978494623655914,0.8709026494329205,0.9035326728902561,0.9905020352781547,0.9945945945945946
harmonix/0276_texasflood/track.npy,harmonix,0.9703947368421053,0.7920792079207921,0.9703947368421053,0.04498269896193772,0.9323243089730328,0.6837256690446565,0.9808008776741635,0.5941043083900227
harmonix/0284_thehustle/track.npy,harmonix,0.9972451790633609,0.9555555555555556,0.9972451790633609,0.9555555555555556,0.9473003846223736,0.9265011761242282,0.9986206896551724,0.9666666666666667
harmonix/0286_theragelive/track.npy,harmonix,0.7,0.6565656565656566,0.7,0.6565656565656566,0.7614612813270503,0.6521794822860726,0.9058064516129032,0.8297872340425531
harmonix/0293_tomsawyer2/track.npy,harmonix,0.46511627906976744,0.4537037037037037,0.3333333333333333,0.4537037037037037,0.7036610100593974,0.42398312227167967,0.783203125,0.4766355140186916
harmonix/0304_weaponofchoice/track.npy,harmonix,0.8309859154929577,0.4189189189189189,0.0911062906724512,0.4189189189189189,0.7280393018207199,0.5862970650336777,0.7014084507042253,0.6423357664233577
harmonix/0310_whineup/track.npy,harmonix,1.0,1.0,1.0,1.0,0.9818405725090285,0.9781665619490535,1.0,1.0
harmonix/0312_whitefalconfuzz/track.npy,harmonix,1.0,0.85,1.0,0.85,0.839343543938977,0.703348045891031,0.9936908517350158,0.8734177215189874
harmonix/0319_withoutyou/track.npy,harmonix,0.9939759036144579,0.9838709677419355,0.9939759036144579,0.9838709677419355,0.9546705074034381,0.9463708500972238,0.9969788519637462,0.9919354838709677
harmonix/0322_wordup/track.npy,harmonix,0.9917864476386037,0.9918032786885246,0.9917864476386037,0.9918032786885246,0.9553932301203202,0.9562230408425878,0.9958762886597937,0.9958847736625513
harmonix/0325_ymca/track.npy,harmonix,0.9933774834437086,0.9736842105263158,0.9933774834437086,0.9736842105263158,0.9463128931868435,0.9223771066874379,0.9966777408637874,0.9866666666666666
harmonix/0328_youmakemefeeldc/track.npy,harmonix,0.9969418960244648,0.9634146341463414,0.9969418960244648,0.9634146341463414,0.9309001042242395,0.9083884582745685,0.9984686064318529,0.9693251533742332
harmonix/0329_youreajerk/track.npy,harmonix,0.9951923076923077,0.9245283018867925,0.9951923076923077,0.9245283018867925,0.9505688919962905,0.9115423894372365,0.9975903614457832,0.9523809523809524
harmonix/0338_animal/track.npy,harmonix,0.993963782696177,0.8709677419354839,0.993963782696177,0.8709677419354839,0.8244357770085676,0.7273279072442062,0.9969727547931382,0.8790322580645161
harmonix/0340_backintime/track.npy,harmonix,0.9952830188679245,0.9158878504672897,0.9952830188679245,0.9158878504672897,0.9802225553782803,0.9120984402329567,0.9976359338061466,0.9295774647887324
harmonix/0352_boogiewonderland/track.npy,harmonix,0.9951612903225806,0.9294871794871795,0.9951612903225806,0.9294871794871795,0.8493865769848599,0.834687490354585,0.9967689822294021,0.9483870967741935
harmonix/0355_brokenhearted/track.npy,harmonix,0.9954648526077098,0.8727272727272727,0.9954648526077098,0.8727272727272727,0.8251953032589648,0.7217117361663022,0.9977272727272727,0.8909090909090909
harmonix/0358_children/track.npy,harmonix,1.0,1.0,1.0,1.0,0.5640304764841226,0.5846321194728091,1.0,1.0
harmonix/0361_countrymustbecountrywide/track.npy,harmonix,0.9911111111111112,0.9473684210526315,0.9911111111111112,0.9473684210526315,0.9681748077654974,0.9484442030261904,0.9955555555555555,0.9734513274336283
harmonix/0369_dontyouworrychild/track.npy,harmonix,0.8438177874186551,0.7241379310344828,0.8438177874186551,0.7241379310344828,0.906409506515253,0.7768117848079406,0.931537598204265,0.7946428571428571
harmonix/0371_downunder/track.npy,harmonix,0.9681697612732095,0.9042553191489362,0.9681697612732095,0.9042553191489362,0.8763887737776481,0.8032780202214491,0.9838274932614556,0.924731182795699
harmonix/0373_driveby/track.npy,harmonix,0.9946236559139785,1.0,0.9946236559139785,1.0,0.9738252472202581,0.9744478089955159,0.9973045822102425,1.0
harmonix/0392_givemeyourhand/track.npy,harmonix,0.9786780383795309,0.9487179487179487,0.9786780383795309,0.9487179487179487,0.9567733234581559,0.9406753976889413,0.9892241379310345,0.9741379310344828
harmonix/0400_heatofthemoment/track.npy,harmonix,0.884393063583815,0.5537190082644629,0.884393063583815,0.5537190082644629,0.7903651081183478,0.5647187496196611,0.9099804305283758,0.6359832635983264
harmonix/0404_holditagainstme/track.npy,harmonix,0.9898167006109979,0.9596774193548387,0.9898167006109979,0.9596774193548387,0.9718481935214076,0.9512813408459315,0.9948822927328557,0.975609756097561
harmonix/0405_home/track.npy,harmonix,1.0,1.0,1.0,1.0,0.3992152924448924,0.40780642148947477,0.9704545454545455,0.9727272727272728
harmonix/0420_itsrainingmen/track.npy,harmonix,0.9744136460554371,0.905982905982906,0.9744136460554371,0.905982905982906,0.8413108592530004,0.8006427372887728,0.9870410367170627,0.9310344827586208
harmonix/0422_itwillrain/track.npy,harmonix,0.8225538971807629,0.7417218543046358,0.0972972972972973,0.0916030534351145,0.8101715272059038,0.7823233714911777,0.704784130688448,0.6763285024154589
harmonix/0446_midnightcity/track.npy,harmonix,0.9514563106796117,0.8942307692307693,0.9514563106796117,0.8942307692307693,0.960746053533177,0.9160440701995753,0.9751243781094527,0.9306930693069307
harmonix/0450_more/track.npy,harmonix,0.7867203219315896,0.7636363636363637,0.7867203219315896,0.7636363636363637,0.908718141370186,0.7792046527992608,0.9380341880341881,0.8037383177570092
harmonix/0458_notorious/track.npy,harmonix,1.0,1.0,1.0,1.0,0.9490990221905129,0.9460700328837185,1.0,1.0
harmonix/0474_pleasedontgo/track.npy,harmonix,0.9920844327176781,0.9042553191489362,0.9920844327176781,0.9042553191489362,0.9762375299548923,0.9098967792614525,0.9960264900662251,0.925531914893617
harmonix/0494_somebodythatiusedtoknow/track.npy,harmonix,0.994140625,0.796875,0.994140625,0.796875,0.9786188613686075,0.8489356913904588,0.9960861056751468,0.8629032258064517
harmonix/0497_speakers/track.npy,harmonix,0.7060931899641577,0.575,0.7060931899641577,0.575,0.8983618479902458,0.6353140242090725,0.9122468659594984,0.6443514644351466
harmonix/0521_tooclose/track.npy,harmonix,0.7950530035335689,0.8809523809523809,0.7950530035335689,0.8809523809523809,0.8562269183529273,0.8159902689684561,0.9363295880149812,0.8915662650602411
harmonix/0524_undoit/track.npy,harmonix,0.9475982532751092,0.7636363636363637,0.9475982532751092,0.7636363636363637,0.9118426675468494,0.7786208252405546,0.9822222222222223,0.8181818181818182
harmonix/0530_whatthehell/track.npy,harmonix,0.9962546816479401,1.0,0.9962546816479401,1.0,0.9681548024030642,0.9703069002578465,0.99812382739212,1.0
harmonix/0538_you/track.npy,harmonix,0.9916317991631799,1.0,0.9916317991631799,1.0,0.9562345717205178,0.9469532146754409,0.99581589958159,1.0
harmonix/0569_arrow/track.npy,harmonix,0.8506787330316742,0.8627450980392157,0.8506787330316742,0.8627450980392157,0.9380897281817733,0.8673324721471204,0.9565217391304347,0.8855721393034826
harmonix/0577_battlefieldmainversion/track.npy,harmonix,0.4292565947242206,0.4567901234567901,0.4292565947242206,0.4567901234567901,0.6700667935997031,0.5721495597109306,0.7936507936507936,0.6666666666666666
harmonix/0603_breaktheicejasonnevinsmix/track.npy,harmonix,0.9980842911877394,0.7404580152671756,0.9980842911877394,0.7404580152671756,0.9478235675956511,0.702459920004775,0.9990412272291467,0.7509578544061303
harmonix/0616_citygirl/track.npy,harmonix,0.7986577181208053,0.7567567567567568,0.7986577181208053,0.7567567567567568,0.8517889887347462,0.7916380773856196,0.9380530973451326,0.8936170212765957
harmonix/0625_complicated/track.npy,harmonix,0.9834983498349835,0.9868421052631579,0.9834983498349835,0.9868421052631579,0.9601644108784007,0.9502519506810838,0.9916805324459235,0.9933774834437086
harmonix/0643_dontrush/track.npy,harmonix,0.9693251533742331,0.9753086419753086,0.9693251533742331,0.9753086419753086,0.9428443256033026,0.9415002851277231,0.9844236760124611,0.9875
harmonix/0644_dontsayaword/track.npy,harmonix,0.773972602739726,0.8350515463917526,0.773972602739726,0.8350515463917526,0.8465270650582827,0.7991028965778333,0.915129151291513,0.8691099476439791
harmonix/0662_everytimewetouch/track.npy,harmonix,0.9902912621359223,0.9612903225806452,0.9902912621359223,0.9612903225806452,0.9193479287559845,0.9021252242424176,0.9967532467532468,0.9773462783171522
harmonix/0666_fallin/track.npy,harmonix,0.06408094435075885,0.7692307692307693,0.06408094435075885,0.06060606060606061,0.492914626806714,0.6488422871815627,0.5439024390243903,0.5960264900662251
harmonix/0673_feelsliketonight/track.npy,harmonix,0.9959016393442623,1.0,0.9959016393442623,1.0,0.9834983930495041,0.9820922792314414,0.997946611909651,1.0
harmonix/0678_fireflies/track.npy,harmonix,0.978125,0.9125,0.978125,0.9125,0.9734043298754995,0.9154253600725526,0.9889415481832544,0.9308176100628932
harmonix/0679_firsttime/track.npy,harmonix,0.9951923076923077,1.0,0.9951923076923077,1.0,0.9646636375481902,0.960235347746734,0.9975903614457832,1.0
harmonix/0689_gettinoveryou/track.npy,harmonix,0.9623733719247467,0.930635838150289,0.9623733719247467,0.930635838150289,0.9393844851810708,0.9084903299320941,0.9861212563915266,0.9562682215743441
harmonix/0695_goodbyegoodbye/track.npy,harmonix,0.9932735426008968,0.9107142857142857,0.9932735426008968,0.9107142857142857,0.9713084793402661,0.9026318595206066,0.9932735426008968,0.9237668161434976
harmonix/0698_goodtime/track.npy,harmonix,0.9458823529411765,0.8962264150943396,0.9458823529411765,0.8962264150943396,0.9374097510759123,0.8944245338542396,0.9721886336154777,0.927536231884058
harmonix/0715_hellodadalife/track.npy,harmonix,0.8667563930013459,0.625,0.8667563930013459,0.625,0.8994222333240612,0.6351119502984947,0.9568245125348189,0.6762177650429799
harmonix/0719_hipsdontlie/track.npy,harmonix,0.957983193277311,0.8255813953488372,0.957983193277311,0.8255813953488372,0.8979455408789792,0.7698601010588814,0.9814550641940085,0.8488372093023255
harmonix/0728_howyouremindme/track.npy,harmonix,0.966996699669967,0.9078947368421053,0.966996699669967,0.9078947368421053,0.8653205225574886,0.8069597880065751,0.9832214765100671,0.9333333333333332
harmonix/0734_iftodaywasyourlastday/track.npy,harmonix,0.9691011235955056,0.9325842696629213,0.9691011235955056,0.9325842696629213,0.9706014570729293,0.9402121723223759,0.9843081312410842,0.9545454545454545
harmonix/0737_ihatethispart/track.npy,harmonix,0.7511210762331838,0.8585858585858586,0.7511210762331838,0.8585858585858586,0.8256405843695925,0.775019128785363,0.9186602870813398,0.826530612244898
harmonix/0741_iknowyoucare/track.npy,harmonix,0.8877284595300261,0.3707865168539326,0.8877284595300261,0.2222222222222222,0.8844291223623517,0.39350146413833353,0.952893674293405,0.3431952662721894
harmonix/0753_inreallife/track.npy,harmonix,0.9823788546255506,0.8771929824561403,0.9823788546255506,0.8771929824561403,0.9274743041010907,0.8573751435795943,0.9911111111111112,0.9203539823008849
harmonix/0773_kissmethruthephone/track.npy,harmonix,0.9829059829059829,0.9830508474576272,0.9829059829059829,0.9830508474576272,0.9762421857422561,0.9737198938936653,0.9913793103448275,0.9914529914529915
harmonix/0780_letmebereal/track.npy,harmonix,0.9946666666666667,0.968421052631579,0.9946666666666667,0.968421052631579,0.93388551391993,0.9263179005371033,0.9973262032085561,0.9893617021276596
harmonix/0785_littleliesnow/track.npy,harmonix,0.9903225806451613,1.0,0.9903225806451613,1.0,0.9250033644100403,0.933120175124385,0.9951377633711508,1.0
harmonix/0808_makethemoney/track.npy,harmonix,0.9811912225705329,0.8625,0.9811912225705329,0.8625,0.9255085883480426,0.8505870864592818,0.990506329113924,0.8805031446540881
harmonix/0810_memoriesextended/track.npy,harmonix,0.9970588235294118,1.0,0.9970588235294118,1.0,0.9768946223037097,0.9827440274241273,0.9985272459499264,1.0
harmonix/0811_miami2ibiza/track.npy,harmonix,0.9784366576819407,0.8021978021978022,0.9784366576819407,0.8021978021978022,0.948798121999937,0.8348856371550863,0.9904761904761905,0.8863636363636362
harmonix/0819_myblood/track.npy,harmonix,0.837465564738292,0.9512195121951219,0.837465564738292,0.9512195121951219,0.8702829684384732,0.8750002330385466,0.9406657018813315,0.9146341463414634
harmonix/0825_myloveislikeastar/track.npy,harmonix,0.9755102040816327,0.9836065573770492,0.9755102040816327,0.9836065573770492,0.9370213406711313,0.9295946826350968,0.9876033057851239,0.9917355371900827
harmonix/0830_nightwatch/track.npy,harmonix,0.7507788161993769,0.31666666666666665,0.7507788161993769,0.31666666666666665,0.8311731189204978,0.4164198662399721,0.8548387096774193,0.43697478991596644
harmonix/0834_nosurprise/track.npy,harmonix,0.9513513513513514,0.9239130434782609,0.9513513513513514,0.9239130434782609,0.9401690165921064,0.9124520492297598,0.9764868603042877,0.9502762430939227
harmonix/0843_omgalmighty/track.npy,harmonix,0.9880382775119617,0.9571428571428572,0.9880382775119617,0.9571428571428572,0.9590227399806327,0.9396229296783826,0.9939831528279182,0.9688249400479616
harmonix/0854_overmyheadcablecar/track.npy,harmonix,0.9662162162162162,0.972972972972973,0.9662162162162162,0.972972972972973,0.9450297304502188,0.9436801351510838,0.9828571428571429,0.9863013698630138
harmonix/0880_righthere/track.npy,harmonix,0.9900662251655629,1.0,0.9900662251655629,1.0,0.9555121181283193,0.9522940692995012,0.9950248756218905,1.0
harmonix/0884_rockstar/track.npy,harmonix,1.0,0.9166666666666666,1.0,0.9166666666666666,0.952624175279084,0.9235563115421528,1.0,0.9577464788732395
harmonix/0891_savetheworld/track.npy,harmonix,0.9031531531531531,0.8738738738738738,0.9031531531531531,0.8738738738738738,0.8560809498907537,0.8208006290340286,0.9448275862068966,0.8990825688073394
harmonix/0903_shakethatbubblenow/track.npy,harmonix,0.9525316455696202,0.9620253164556962,0.9525316455696202,0.9620253164556962,0.95550841223802,0.9528141560628699,0.9756888168557536,0.9806451612903226
harmonix/0904_shewolf/track.npy,harmonix,0.9945652173913043,0.7934782608695652,0.9945652173913043,0.7934782608695652,0.9618972058174597,0.7793320622466021,0.9972752043596731,0.7978142076502732
harmonix/0906_shutupanddrive/track.npy,harmonix,0.9869565217391304,0.9478260869565217,0.9869565217391304,0.9478260869565217,0.9792769901354375,0.9480856335851445,0.9934354485776805,0.9606986899563318
harmonix/0907_skyscraper/track.npy,harmonix,0.997275204359673,1.0,0.997275204359673,1.0,0.9472172694339368,0.9379618113627625,0.9986357435197818,1.0
harmonix/0921_stronger/track.npy,harmonix,0.9645390070921985,0.8867924528301887,0.9645390070921985,0.8867924528301887,0.9487355072515707,0.8812439039861847,0.9857142857142858,0.9142857142857143
harmonix/0923_sunandmoon/track.npy,harmonix,0.9433962264150944,0.6381322957198443,0.9433962264150944,0.6381322957198443,0.8743903824953465,0.6227854067821706,0.980373384394447,0.6958250497017894
harmonix/0945_thewayiareradio/track.npy,harmonix,0.9700598802395209,0.8928571428571429,0.9700598802395209,0.8928571428571429,0.9561308242668167,0.8966839096194031,0.9848024316109423,0.9212121212121211
harmonix/0960_umbrella/track.npy,harmonix,0.8859416445623343,0.9195402298850575,0.8859416445623343,0.9195402298850575,0.8910755258277013,0.8712557342525455,0.9556786703601108,0.9425287356321839
harmonix/0962_usagainsttheworldjason/track.npy,harmonix,0.9739010989010989,0.8415300546448088,0.9739010989010989,0.8415300546448088,0.7766048582772599,0.6964729920192447,0.9655647382920111,0.8461538461538463
harmonix/0981_whenyouregone/track.npy,harmonix,0.9816176470588235,0.835820895522388,0.9816176470588235,0.835820895522388,0.870631953967441,0.7766296995432981,0.9907578558225507,0.9160305343511451
harmonix/0989_womanizer/track.npy,harmonix,1.0,1.0,1.0,1.0,0.9770979995205087,0.9806430595718634,1.0,1.0
harmonix/1001_yourloveismydrugdave/track.npy,harmonix,0.9850427350427351,0.9914529914529915,0.9850427350427351,0.9914529914529915,0.958246417933739,0.9586232394948896,0.992465016146394,0.9957081545064378
hjdb/hjdb_2_Bad_Mice_Take_You/track.npy,hjdb,0.9932432432432432,0.8108108108108109,0.9932432432432432,0.8108108108108109,0.9745823337783422,0.8245841272636324,0.9966101694915254,0.8378378378378378
hjdb/hjdb_Alright_With_Me/track.npy,hjdb,1.0,1.0,1.0,1.0,0.9619134417885536,0.9768102765697189,1.0,1.0
hjdb/hjdb_Bouncing/track.npy,hjdb,1.0,1.0,1.0,1.0,0.9825057705090885,0.9776020849580614,1.0,1.0
hjdb/hjdb_Captain_Of_This_Ship/track.npy,hjdb,1.0,1.0,1.0,1.0,0.9832418733790812,0.9892472954427298,1.0,1.0
hjdb/hjdb_Champion_Sound/track.npy,hjdb,0.9951456310679612,1.0,0.9951456310679612,1.0,0.9760016465427372,0.9667748683555979,0.9975669099756691,1.0
hjdb/hjdb_Champion_Sound_(Doc_Scott_Remix)/track.npy,hjdb,1.0,1.0,1.0,1.0,0.9790464967547238,0.9756584120181662,1.0,1.0
hjdb/hjdb_Cold_Fresh_Air_(Remix)/track.npy,hjdb,1.0,1.0,1.0,1.0,0.9785937747586223,0.9716797720139023,1.0,1.0
hjdb/hjdb_Deep_Cover/track.npy,hjdb,0.9856115107913669,0.75,0.9856115107913669,0.75,0.9680340667957511,0.7797278981581145,0.9927536231884058,0.7999999999999999
hjdb/hjdb_Deep_Love/track.npy,hjdb,0.975609756097561,0.9,0.975609756097561,0.9,0.9731424003803383,0.9321382868307782,0.9876543209876543,0.9500000000000001
hjdb/hjdb_Digable_Bass/track.npy,hjdb,0.963302752293578,0.037037037037037035,0.963302752293578,0.037037037037037035,0.9711907199213556,1.2330914528471537e-06,0.9907407407407407,0.0
hjdb/hjdb_Do_It_Together_(The_Baggys_Mix)/track.npy,hjdb,1.0,1.0,1.0,1.0,0.9808314808119133,0.9734984049875728,1.0,1.0
hjdb/hjdb_Factor_5/track.npy,hjdb,0.9791666666666666,0.5833333333333334,0.9791666666666666,0.5833333333333334,0.9563242074610376,0.6506434373273405,0.9894736842105264,0.6666666666666666
hjdb/hjdb_Give_A_Little_Love_(Remix)/track.npy,hjdb,0.9746835443037974,0.85,0.9746835443037974,0.85,0.9729631043019679,0.8695528355130172,0.9936305732484078,0.9
hjdb/hjdb_Gonna_Be_Alright/track.npy,hjdb,1.0,1.0,1.0,1.0,0.9810456901262553,0.9752371353614591,1.0,1.0
hjdb/hjdb_Hardcore_Junglism/track.npy,hjdb,1.0,1.0,1.0,1.0,0.9784101679298971,0.9796129063220417,1.0,1.0
hjdb/hjdb_I_Need_Your_Lovin/track.npy,hjdb,1.0,1.0,1.0,1.0,0.9885298339086176,0.9908274881049443,1.0,1.0
hjdb/hjdb_Incredible_Bass_(Remix)/track.npy,hjdb,0.987012987012987,0.95,0.987012987012987,0.95,0.9689760851526826,0.9507411801766642,0.987012987012987,0.9743589743589743
hjdb/hjdb_Last_Action_Hero/track.npy,hjdb,1.0,1.0,1.0,1.0,0.9791774113960807,0.9812359579573134,1.0,1.0
hjdb/hjdb_My_Own_(Hixxy_and_UFO_Remix)/track.npy,hjdb,1.0,1.0,1.0,1.0,0.9718108522801016,0.9674869059389362,1.0,1.0
hjdb/hjdb_On_My_Own_(Rmx)/track.npy,hjdb,1.0,1.0,1.0,1.0,0.9857979998941778,0.9833265105044481,1.0,1.0
hjdb/hjdb_Rhythm/track.npy,hjdb,1.0,1.0,1.0,1.0,0.9732975564892387,0.9808892568546658,1.0,1.0
hjdb/hjdb_Rock_To_The_Groove/track.npy,hjdb,1.0,1.0,1.0,1.0,0.9778769947046244,0.981083927975477,1.0,1.0
hjdb/hjdb_Ruff/track.npy,hjdb,1.0,1.0,1.0,1.0,0.9814830398136154,0.9840688896922543,1.0,1.0
hjdb/hjdb_Ruff_(Remix)/track.npy,hjdb,1.0,1.0,1.0,1.0,0.9740256162703976,0.951879774639088,1.0,1.0
hjdb/hjdb_Ruff_Beats/track.npy,hjdb,1.0,1.0,1.0,1.0,0.9744446738589365,0.9832908493824973,1.0,1.0
hjdb/hjdb_Screw_Face/track.npy,hjdb,1.0,1.0,1.0,1.0,0.9780346106344487,0.9877814300392151,1.0,1.0
hjdb/hjdb_So_Good/track.npy,hjdb,1.0,1.0,1.0,1.0,0.9806772001183117,0.9848151531605159,1.0,1.0
hjdb/hjdb_Storm_Trooper/track.npy,hjdb,1.0,1.0,1.0,1.0,0.9837012863012606,0.9878589710675536,1.0,1.0
hjdb/hjdb_The_Core/track.npy,hjdb,1.0,1.0,1.0,1.0,0.9757607805165152,0.9770145333927907,1.0,1.0
hjdb/hjdb_Trip_II_The_Moon/track.npy,hjdb,0.993421052631579,0.9210526315789473,0.993421052631579,0.9210526315789473,0.9761896175468204,0.9292954905960219,0.9966996699669968,0.9473684210526315
jaah/jaah_007-bessie_smith_james_p_johnson-black_water_blues/track.npy,jaah,0.7462311557788944,0.20238095238095238,0.7462311557788944,0.20238095238095238,0.7592177846994029,0.3688452545495792,0.8828337874659401,0.39999999999999997
jaah/jaah_010-duke_ellington_his_orchestra-blue_serge/track.npy,jaah,0.9706959706959707,0.7464788732394366,0.9706959706959707,0.7464788732394366,0.9163867757269168,0.7741446344883411,0.9851301115241635,0.832116788321168
jaah/jaah_017-duke_ellington_his_orchestra-concerto_for_cootie/track.npy,jaah,0.9905956112852664,0.9375,0.9905956112852664,0.9375,0.9503095563450931,0.9103946537220049,0.9937304075235109,0.9500000000000001
jaah/jaah_036-woody_herman_and_his_orchestra-four_brothers/track.npy,jaah,0.9781976744186046,0.9476744186046512,0.9781976744186046,0.9476744186046512,0.9420277105265662,0.9109965593478663,0.9890909090909091,0.9593023255813954
jaah/jaah_044-chick_webb_and_his_orchestra-harlem_congo/track.npy,jaah,0.8929804372842347,0.41379310344827586,0.8929804372842347,0.41379310344827586,0.9229379466491302,0.5843078055115185,0.9631391200951248,0.6124661246612467
jaah/jaah_051-the_benny_goodman_sextet-i_found_a_new_baby_feat_charlie_christian_count_basie/track.npy,jaah,0.9965928449744463,0.7972972972972973,0.9965928449744463,0.7972972972972973,0.9740725978832199,0.7939428259346619,0.9982935153583617,0.8163265306122449
jaah/jaah_058-jelly_roll_morton-king_porter_stomp/track.npy,jaah,0.9922178988326849,0.921875,0.9922178988326849,0.921875,0.9778070636988845,0.9109061869707497,0.9961013645224172,0.9296875
jaah/jaah_062-original_dixieland_jazz_band-livery_stable_blues/track.npy,jaah,0.8360655737704918,0.6639344262295082,0.8360655737704918,0.6639344262295082,0.7848048868035775,0.6679594010446099,0.9471458773784355,0.7829787234042553
jaah/jaah_075-bud_powell_trio-night_in_tunisia/track.npy,jaah,0.9585185185185185,0.9583333333333334,0.9585185185185185,0.9583333333333334,0.9505275285952415,0.9465805866279713,0.9795918367346939,0.9757575757575757
jaah/jaah_082-louis_armstrong_and_his_hot_five-potato_head_blues/track.npy,jaah,0.7178631051752922,0.6640625,0.7178631051752922,0.6640625,0.8486107421834291,0.6943873022696677,0.9236298292902066,0.7265306122448979
jaah/jaah_095-louis_armstrong_and_his_orchestra-swing_that_music/track.npy,jaah,0.7056530214424951,0.908256880733945,0.14695752009184845,0.0,0.670202893119886,0.5920204996433185,0.7341040462427745,0.6012269938650308
jaah/jaah_101-billie_holiday-these_foolish_things/track.npy,jaah,0.8376068376068376,0.39215686274509803,0.8376068376068376,0.39215686274509803,0.7928068025638569,0.44318655401255636,0.8949771689497716,0.5106382978723404
jaah/jaah_109-cannonball_adderley-work_song/track.npy,jaah,0.9641148325358851,0.8125,0.9641148325358851,0.8125,0.7661256964687037,0.667762592983907,0.9796407185628744,0.8817733990147784
jaah/jaah_112-ella_fitzgerald-youd_be_so_nice_to_come_home_to/track.npy,jaah,0.9459459459459459,0.8677685950413223,0.9459459459459459,0.8677685950413223,0.9481662696551518,0.881917345854919,0.9790794979079498,0.9075630252100841
rwc/rwc_classical_CD2_01/track.npy,rwc_classical,0.42952646239554315,0.3436807095343681,0.341820987654321,0.2945205479452055,0.6725279131999679,0.5636704359428055,0.7666362807657247,0.6177606177606177
rwc/rwc_classical_CD2_05/track.npy,rwc_classical,0.781190019193858,0.2655172413793103,0.781190019193858,0.2655172413793103,0.7344885400989616,0.38682138487959944,0.8687924725561944,0.4591439688715953
rwc/rwc_classical_CD4_14/track.npy,rwc_classical,0.42028985507246375,0.19607843137254902,0.38513513513513514,0.09375,0.6734381526820243,0.3249845644517686,0.8095238095238095,0.3103448275862069
rwc/rwc_classical_CD5_03/track.npy,rwc_classical,0.574468085106383,0.5904059040590406,0.574468085106383,0.5904059040590406,0.6556431842421665,0.5694746524312941,0.7991507430997876,0.6754716981132076
rwc/rwc_classical_CD5_06/track.npy,rwc_classical,0.2508250825082508,0.24,0.20446096654275092,0.07894736842105263,0.5419658277879342,0.14150223721457356,0.6033254156769596,0.145985401459854
rwc/rwc_classical_CD6_01/track.npy,rwc_classical,0.346031746031746,0.09523809523809523,0.346031746031746,0.07547169811320754,0.6042951345884141,0.22117140579065017,0.747628083491461,0.2857142857142857
rwc/rwc_classical_CD6_02/track.npy,rwc_classical,0.2987012987012987,0.13636363636363635,0.15648854961832062,0.0,0.5308692409091791,0.2634331780496918,0.6826923076923077,0.35593220338983045
rwc/rwc_classical_CD6_15/track.npy,rwc_classical,0.23089430894308943,0.12857142857142856,0.23089430894308943,0.050359712230215826,0.38663243795918123,0.1614228820581001,0.5330812854442344,0.22115384615384615
rwc/rwc_jazz_CD2_03/track.npy,rwc_jazz,0.2627906976744186,0.6401869158878505,0.2627906976744186,0.6401869158878505,0.4872473867860086,0.5684659253860753,0.5691188358932902,0.6417910447761195
rwc/rwc_jazz_CD2_04/track.npy,rwc_jazz,0.8559322033898306,0.7792207792207793,0.8559322033898306,0.7792207792207793,0.8041604030904155,0.7266218214254896,0.9239013933547696,0.8288288288288288
rwc/rwc_jazz_CD2_09/track.npy,rwc_jazz,0.6061381074168798,0.36046511627906974,0.6061381074168798,0.36046511627906974,0.6861934831000144,0.5421018396227403,0.7983651226158038,0.6245847176079733
rwc/rwc_jazz_CD3_07/track.npy,rwc_jazz,0.8991097922848664,0.9135802469135802,0.8991097922848664,0.9135802469135802,0.831527649313955,0.8062376937133909,0.945288753799392,0.9192546583850932
rwc/rwc_jazz_CD3_10/track.npy,rwc_jazz,0.9492242595204513,0.851528384279476,0.9492242595204513,0.851528384279476,0.8694360783362773,0.7991137255351983,0.9792114695340501,0.905829596412556
rwc/rwc_jazz_CD4_02/track.npy,rwc_jazz,0.5765124555160143,0.8148148148148148,0.5765124555160143,0.8148148148148148,0.7558248382679629,0.7364415116971416,0.8531187122736418,0.8465116279069766
rwc/rwc_popular_CD1_13/track.npy,rwc_popular,0.9944289693593314,1.0,0.9944289693593314,1.0,0.9728559593438652,0.9759980944572807,0.9972067039106145,1.0
rwc/rwc_popular_CD2_01/track.npy,rwc_popular,0.994535519125683,0.8478260869565217,0.994535519125683,0.8478260869565217,0.9756802058587082,0.9042667273213449,0.9958960328317372,0.9265536723163841
rwc/rwc_popular_CD2_10/track.npy,rwc_popular,0.9941176470588236,0.9453125,0.9941176470588236,0.9453125,0.9684137669402532,0.925083881702332,0.9970501474926253,0.9606299212598425
rwc/rwc_popular_CD3_01/track.npy,rwc_popular,0.9644268774703557,0.792,0.9644268774703557,0.792,0.9599293735695925,0.8268016443539699,0.9870129870129871,0.8467741935483871
rwc/rwc_popular_CD3_05/track.npy,rwc_popular,0.9351198871650211,0.32,0.9351198871650211,0.32,0.864366368741216,0.39242483773980313,0.9588652482269503,0.42539682539682544
rwc/rwc_popular_CD3_13/track.npy,rwc_popular,1.0,1.0,1.0,1.0,0.976995743432039,0.9792093027774185,1.0,1.0
rwc/rwc_popular_CD4_04/track.npy,rwc_popular,0.9939271255060729,0.6829268292682927,0.9939271255060729,0.6829268292682927,0.9789448022984634,0.8174945311369125,0.9939271255060729,0.8296943231441049
rwc/rwc_popular_CD4_06/track.npy,rwc_popular,0.9887133182844243,1.0,0.9887133182844243,1.0,0.9694677131884104,0.9727497426562143,0.9943246311010215,1.0
rwc/rwc_popular_CD4_13/track.npy,rwc_popular,0.9963369963369964,1.0,0.9963369963369964,1.0,0.9660839228474029,0.9732165739964111,0.998165137614679,1.0
rwc/rwc_popular_CD5_07/track.npy,rwc_popular,0.9921507064364207,0.8742138364779874,0.9921507064364207,0.8742138364779874,0.9128653103256182,0.873072553019822,0.9897879025923018,0.9290322580645162
rwc/rwc_popular_CD5_08/track.npy,rwc_popular,0.9657794676806084,0.36923076923076925,0.9657794676806084,0.36923076923076925,0.8120283213604045,0.40842204667462767,0.963531669865643,0.4297520661157025
rwc/rwc_popular_CD6_08/track.npy,rwc_popular,0.99375,0.957983193277311,0.99375,0.957983193277311,0.9527580891814637,0.9246222643749847,0.9968652037617556,0.9663865546218487
rwc/rwc_royalty-free_CD1_01/track.npy,rwc_royalty-free,0.9705882352941176,0.9830508474576272,0.9705882352941176,0.9830508474576272,0.8732903699044167,0.8733057681510847,0.9850746268656716,0.9914529914529915
rwc/rwc_royalty-free_CD1_07/track.npy,rwc_royalty-free,0.979381443298969,0.9791666666666666,0.979381443298969,0.9791666666666666,0.889946111928159,0.9047575206509102,0.9895833333333333,0.9894736842105264
simac/simac_A_vida_me_fez_assim_04-O_passar_dos_anos/track.npy,simac,0.7931034482758621,0.0,0.7931034482758621,0.0,0.8515701092621165,0.0,0.8846153846153846,0.0
simac/simac_A_vida_me_fez_assim_14-Embala_eu_Samba_de_roda/track.npy,simac,0.7741935483870968,0.0,0.7741935483870968,0.0,0.793064810800426,0.0,0.8727272727272727,0.0
simac/simac_Alfagamabetizado_05-Argila/track.npy,simac,0.6153846153846154,0.0,0.6153846153846154,0.0,0.6733453965961788,0.0,0.7555555555555555,0.0
simac/simac_Alfagamabetizado_10-Frases_Ventias/track.npy,simac,0.6923076923076923,0.0,0.6923076923076923,0.0,0.7823338353131623,0.0,0.8181818181818181,0.0
simac/simac_As_Time_Goes_By_03-blue_moon/track.npy,simac,0.43478260869565216,0.0,0.43478260869565216,0.0,0.5442833388555475,0.0,0.6376811594202898,0.0
simac/simac_As_Time_Goes_By_10-i_used_to_be_colourblind/track.npy,simac,0.5769230769230769,0.0,0.5769230769230769,0.0,0.5075701226225572,0.0,0.5853658536585367,0.0
simac/simac_As_time_goes_by_disk_2_04-Life_is_beautiful/track.npy,simac,0.6666666666666666,0.0,0.0,0.0,0.6397723652802856,0.0,0.5714285714285715,0.0
simac/simac_As_time_goes_by_disk_2_08-My_romance/track.npy,simac,0.5428571428571428,0.0,0.5428571428571428,0.0,0.6172844038060545,0.0,0.7037037037037037,0.0
simac/simac_BACH_WTC_03-Prelude_and_Fugue_No._2_in_C_minor_BWV_871_-_1._Praeludium/track.npy,simac,0.8823529411764706,0.0,0.8823529411764706,0.0,0.9181646197090158,0.0,0.9375,0.0
simac/simac_BACH_WTC_05-Prelude_and_Fugue_No._3_in_C-sharp_major_BWV_872_-_1._Praeludium/track.npy,simac,0.8,0.0,0.8,0.0,0.8580441709967028,0.0,0.888888888888889,0.0
simac/simac_Bach_Bach_-_BWV_639_-_Ich_ruf_zu_dir_Herr_Jesu_Christ/track.npy,simac,0.48,0.0,0.48,0.0,0.3743129458522553,0.0,0.5,0.0
simac/simac_Bach_The_Well-Tempered_Clavier_II_(Disc_1)_16-Prelude_and_Fugue_No._8_in_D-sharp_minor_BWV_877_-_2._Fuga/track.npy,simac,0.7333333333333333,0.0,0.7333333333333333,0.0,0.8311015113383223,0.0,0.846153846153846,0.0
simac/simac_Bach_The_Well-Tempered_Clavier_II_(Disc_1)_23-Prelude_and_Fugue_No._12_in_F_minor_BWV_881_-_1._Praeludium/track.npy,simac,0.9032258064516129,0.0,0.9032258064516129,0.0,0.8209327913297496,0.0,0.9491525423728813,0.0
simac/simac_Bach_The_Well-Tempered_Clavier_II_(Disc_2)_08-Prelude_and_Fugue_No._16_G_minor_BWV_885_-_2._Fuga/track.npy,simac,0.8387096774193549,0.0,0.8387096774193549,0.0,0.9088473392278323,0.0,0.9310344827586207,0.0
simac/simac_Bach_The_Well-Tempered_Clavier_II_(Disc_2)_10-Prelude_and_Fugue_No._17_A-flats_major_BWV_886_-_2._Fuga/track.npy,simac,0.7714285714285715,0.0,0.7714285714285715,0.0,0.805805688653594,0.0,0.8571428571428572,0.0
simac/simac_Beethoven_The_String_Quartets_-_CD_3_07-III_Allegretto_-_Maggiore_(Theme_russe)/track.npy,simac,0.8,0.0,0.8,0.0,0.7219842768424984,0.0,0.8205128205128205,0.0
simac/simac_Bernstein_conducts_Stravinsky_02-The_augurs_of_spring/track.npy,simac,0.7878787878787878,0.0,0.7878787878787878,0.0,0.6193572648118179,0.0,0.8474576271186441,0.0
simac/simac_Bernstein_conducts_Stravinsky_05-Games_of_the_rival_tribes/track.npy,simac,0.6904761904761905,0.0,0.11904761904761904,0.0,0.6611662113534098,0.0,0.6451612903225806,0.0
simac/simac_Bernstein_conducts_Stravinsky_25-The_masqueraders/track.npy,simac,0.5909090909090909,0.0,0.09090909090909091,0.0,0.5871242959828444,0.0,0.5625000000000001,0.0
simac/simac_Cafe_Zimmermann_09-Suite_en_ut_majeur_BWV_1066_-_Forlane/track.npy,simac,0.7419354838709677,0.0,0.7419354838709677,0.0,0.8116507647251453,0.0,0.8518518518518519,0.0
simac/simac_Cafe_Zimmermann_11-Suite_en_ut_majeur_BWV_1066_-_Bourres_I_&_II/track.npy,simac,0.9428571428571428,0.0,0.9428571428571428,0.0,0.878869916382738,0.0,0.9705882352941176,0.0
simac/simac_Chopin_Piano_Concerto_No._1_etc_03-III_Rondo_(Vivace)/track.npy,simac,0.7073170731707317,0.0,0.7073170731707317,0.0,0.7317273126420892,0.0,0.7714285714285715,0.0
simac/simac_Classic_Track_04/track.npy,simac,0.23684210526315788,0.0,0.23684210526315788,0.0,0.3157288027909564,0.0,0.4262295081967213,0.0
simac/simac_Concert_02-2._Vivace/track.npy,simac,0.625,0.0,0.625,0.0,0.6011055575627938,0.0,0.7804878048780487,0.0
simac/simac_Concert_24-4._Presto/track.npy,simac,0.7307692307692307,0.0,0.7307692307692307,0.0,0.7982578322848127,0.0,0.8444444444444443,0.0
simac/simac_Ella_&_Louis_10-Cow_Cow_Boogie/track.npy,simac,0.7105263157894737,0.0,0.7105263157894737,0.0,0.7189670357538769,0.0,0.8484848484848484,0.0
simac/simac_Ella_&_Louis_12-Lover_Come_Back_To_Me/track.npy,simac,0.3188405797101449,0.0,0.08064516129032258,0.0,0.5268157865277233,0.0,0.43298969072164945,0.0
simac/simac_Eventail_14-Prld5/track.npy,simac,0.027777777777777776,0.0,0.0,0.0,0.36593359736455755,0.0,0.391304347826087,0.0
simac/simac_Fado_02-AudioTrack_02/track.npy,simac,0.7368421052631579,0.0,0.7368421052631579,0.0,0.6404482919021216,0.0,0.835820895522388,0.0
simac/simac_Family_Tree_-_Greatest_Hits_As_Chosen_By_Bjork_02-Hyperballad/track.npy,simac,0.7555555555555555,0.0,0.7555555555555555,0.0,0.796350782919298,0.0,0.8607594936708861,0.0
simac/simac_Family_Tree_-_Greatest_Hits_As_Chosen_By_Bjork_03-You_ve_Been_Flirting_Again/track.npy,simac,0.52,0.0,0.0,0.0,0.4541499313619607,0.0,0.47058823529411764,0.0
simac/simac_Fight_To_Win_01-Do_your_best/track.npy,simac,0.7647058823529411,0.0,0.7647058823529411,0.0,0.8496244469374779,0.0,0.8666666666666666,0.0
simac/simac_Gold_-_Greatest_Hits_04-Mamma_Mia/track.npy,simac,0.6170212765957447,0.0,0.6170212765957447,0.0,0.7848475909846541,0.0,0.8148148148148149,0.0
simac/simac_Gold_-_Greatest_Hits_12-Fernando/track.npy,simac,0.6052631578947368,0.0,0.6052631578947368,0.0,0.6719793695795847,0.0,0.7619047619047619,0.0
simac/simac_Gold_-_Greatest_Hits_13-Voulez_Vous/track.npy,simac,0.8205128205128205,0.0,0.8205128205128205,0.0,0.8770239622414093,0.0,0.9014084507042254,0.0
simac/simac_Ludwid_van_Beethoven_08-IV._Andante_ma_non_troppo_e_molto_cantabile_-_Andante_moderato_e_lusinghiero/track.npy,simac,0.5121951219512195,0.0,0.5121951219512195,0.0,0.5887415753293066,0.0,0.7272727272727272,0.0
simac/simac_Niandra_LaDes_and_Usually_Just_a_T-Shirt_03-Head_(Beach_Arab)/track.npy,simac,0.6785714285714286,0.0,0.6785714285714286,0.0,0.7039669415001162,0.0,0.7659574468085106,0.0
simac/simac_Niandra_LaDes_and_Usually_Just_a_T-Shirt_07-Mascara/track.npy,simac,0.0,0.0,0.0,0.0,0.506926342470508,0.0,0.5490196078431373,0.0
simac/simac_Papakonstantinou_12-AudioTrack_12/track.npy,simac,0.7,0.0,0.7,0.0,0.6411499656774791,0.0,0.7647058823529412,0.0
simac/simac_Papakonstantinou_14-AudioTrack_14/track.npy,simac,0.5833333333333334,0.0,0.5833333333333334,0.0,0.6728140721122572,0.0,0.75,0.0
simac/simac_Primer_Aliento_12-Cita_en_el_asteroide_Eden/track.npy,simac,0.8823529411764706,0.0,0.8823529411764706,0.0,0.8901333470417563,0.0,0.9375,0.0
simac/simac_Primer_Aliento_13-Obsesion/track.npy,simac,0.7916666666666666,0.0,0.7916666666666666,0.0,0.853775650713012,0.0,0.8837209302325582,0.0
simac/simac_Primer_Aliento_19-El_nacimiento_de_la_industria/track.npy,simac,0.9024390243902439,0.0,0.9024390243902439,0.0,0.9302755510766055,0.0,0.9487179487179488,0.0
simac/simac_R.A.F.I_03-Black_White/track.npy,simac,0.8333333333333334,0.0,0.8333333333333334,0.0,0.9027147951044213,0.0,0.9090909090909091,0.0
simac/simac_R.A.F.I_06-Modern_Apprentice/track.npy,simac,0.8409090909090909,0.0,0.0,0.0,0.6954670739852848,0.0,0.6031746031746031,0.0
simac/simac_Samba_na_Madrugada_07-Perfeito_Amor/track.npy,simac,0.46875,0.0,0.46875,0.0,0.6640956613360103,0.0,0.7450980392156863,0.0
simac/simac_So_Cartola_08-Amor_Proibido/track.npy,simac,0.2631578947368421,0.0,0.0,0.0,0.33942045561552586,0.0,0.3835616438356164,0.0
simac/simac_So_Cartola_20-As_Rosas_Nao_Falam/track.npy,simac,0.6216216216216216,0.0,0.0,0.0,0.42174509640011765,0.0,0.09375,0.0
simac/simac_Songs_Pastora_-_Lola/track.npy,simac,1.0,0.0,1.0,0.0,0.9472088938079366,0.0,1.0,0.0
simac/simac_Tanto_Tempo_05-Mais_Feliz/track.npy,simac,0.375,0.0,0.0,0.0,0.45287927493642455,0.0,0.3018867924528302,0.0
simac/simac_Tanto_Tempo_09-Bananeira/track.npy,simac,0.7575757575757576,0.0,0.7575757575757576,0.0,0.8118920264019399,0.0,0.8620689655172413,0.0
simac/simac_The_Crackdown_05-Over_and_Over/track.npy,simac,0.5205479452054794,0.0,0.16901408450704225,0.0,0.7000266011446941,0.0,0.6666666666666666,0.0
simac/simac_Tomatito_Tomatito-06.Caminillo_viejo/track.npy,simac,0.75,0.0,0.75,0.0,0.7826998594608656,0.0,0.84,0.0
simac/simac_VOL.3_Musiques_pour_guitare_et_violoncelle_11-Nana/track.npy,simac,0.7222222222222222,0.0,0.7222222222222222,0.0,0.7818511017907704,0.0,0.8387096774193548,0.0
simac/simac_Xatzidakis_10-AudioTrack_10/track.npy,simac,0.375,0.0,0.375,0.0,0.5736818789856812,0.0,0.65,0.0
simac/simac_blues_roots_my_jelly_roll_soul/track.npy,simac,0.5957446808510638,0.0,0.0,0.0,0.5094353672731025,0.0,0.48387096774193555,0.0
simac/simac_greek_01_H_mikri_Rallou/track.npy,simac,0.5277777777777778,0.0,0.5277777777777778,0.0,0.6419645550096931,0.0,0.6909090909090909,0.0
simac/simac_more_greek_03_Efriksen_i_gi/track.npy,simac,0.6923076923076923,0.0,0.6923076923076923,0.0,0.6224786849633589,0.0,0.7727272727272727,0.0
simac/simac_more_greek_08_Hlios/track.npy,simac,0.0,0.0,0.0,0.0,0.3016047642652295,0.0,0.32727272727272727,0.0
simac/simac_more_greek_Ksylouris_-_Evale_o_8eos_simadi/track.npy,simac,0.36363636363636365,0.0,0.22727272727272727,0.0,0.5641404180462973,0.0,0.5909090909090909,0.0
simac/simac_more_greek_Ksylouris_-_Filentem/track.npy,simac,0.8529411764705882,0.0,0.0,0.0,0.6781188534850908,0.0,0.6122448979591837,0.0
simac/simac_more_greek_Marinella_-_Omorfi_poli/track.npy,simac,0.5652173913043478,0.0,0.5652173913043478,0.0,0.512067471497234,0.0,0.6111111111111112,0.0
simac/simac_more_greek_Mosxoliou_-_Xwrismos/track.npy,simac,0.6285714285714286,0.0,0.6285714285714286,0.0,0.7420422005626869,0.0,0.7719298245614035,0.0
simac/simac_more_greek_Mpellou_-_Kane_ligaki_ypomoni/track.npy,simac,0.7391304347826086,0.0,0.7391304347826086,0.0,0.663005372120645,0.0,0.85,0.0
simac/simac_more_greek_Mpellou_-_Ksimerwnei_kai_vradiazei/track.npy,simac,0.6944444444444444,0.0,0.6944444444444444,0.0,0.758739336733745,0.0,0.819672131147541,0.0
simac/simac_more_greek_Mpellou_-_To_minore_tis_avgis/track.npy,simac,0.53125,0.0,0.0,0.0,0.4003493508784256,0.0,0.3902439024390244,0.0
simac/simac_more_greek_Mpellou_-_Zeimpekiko/track.npy,simac,0.8181818181818182,0.0,0.8181818181818182,0.0,0.7941213249796212,0.0,0.85,0.0
simac/simac_more_greek_Mpi8ikwtsis_-_Paei_o_kairos/track.npy,simac,0.6153846153846154,0.0,0.6153846153846154,0.0,0.6475011692418241,0.0,0.761904761904762,0.0
simac/simac_more_greek_Mpi8ikwtsis_Xiwtis_-_Myrtia/track.npy,simac,0.6285714285714286,0.0,0.6285714285714286,0.0,0.7006197082688428,0.0,0.7719298245614035,0.0
simac/simac_more_greek_Ninou_-_Apopse_kaneis_mpam/track.npy,simac,0.72,0.0,0.72,0.0,0.7016472889583579,0.0,0.8372093023255813,0.0
simac/simac_more_greek_Smokovitis_-_Prwino_tsigaro/track.npy,simac,0.6756756756756757,0.0,0.0,0.0,0.6167332771216795,0.0,0.5490196078431372,0.0
simac/simac_selected_ambient_works_8592_actium/track.npy,simac,1.0,0.0,1.0,0.0,0.9278354495608403,0.0,1.0,0.0
simac/simac_selected_ambient_works_8592_ptolemy/track.npy,simac,0.90625,0.0,0.90625,0.0,0.6939190286159779,0.0,0.9354838709677419,0.0
simac/simac_selected_ambient_works_8592_we_are_the_music_makers/track.npy,simac,0.9411764705882353,0.0,0.02,0.0,0.7680319935607256,0.0,0.6842105263157895,0.0
smc/smc_002/track.npy,smc,0.0,0.0,0.0,0.0,0.33482797564440764,0.0,0.4347826086956521,0.0
smc/smc_009/track.npy,smc,0.0,0.0,0.0,0.0,0.2910268215895058,0.0,0.42424242424242425,0.0
smc/smc_016/track.npy,smc,0.4782608695652174,0.0,0.4782608695652174,0.0,0.5752148714182186,0.0,0.6727272727272728,0.0
smc/smc_030/track.npy,smc,0.6120689655172413,0.0,0.6120689655172413,0.0,0.657805595727267,0.0,0.7947598253275109,0.0
smc/smc_052/track.npy,smc,0.5857142857142857,0.0,0.5857142857142857,0.0,0.46403380048427845,0.0,0.6178861788617885,0.0
smc/smc_058/track.npy,smc,0.34285714285714286,0.0,0.34285714285714286,0.0,0.34754782182514576,0.0,0.4528301886792453,0.0
smc/smc_072/track.npy,smc,0.926829268292683,0.0,0.926829268292683,0.0,0.7119765895439057,0.0,0.9249999999999999,0.0
smc/smc_074/track.npy,smc,0.0,0.0,0.0,0.0,0.36880552978836206,0.0,0.5070422535211268,0.0
smc/smc_087/track.npy,smc,0.7054263565891473,0.0,0.0,0.0,0.5128735147392407,0.0,0.582010582010582,0.0
smc/smc_105/track.npy,smc,0.13043478260869565,0.0,0.0,0.0,0.1847346651544443,0.0,0.23529411764705882,0.0
smc/smc_126/track.npy,smc,0.7708333333333334,0.0,0.7708333333333334,0.0,0.6614930548827144,0.0,0.8139534883720931,0.0
smc/smc_127/track.npy,smc,0.21311475409836064,0.0,0.11666666666666667,0.0,0.3480793189504934,0.0,0.4395604395604395,0.0
smc/smc_149/track.npy,smc,0.3089430894308943,0.0,0.0,0.0,0.3557514372063815,0.0,0.3855421686746988,0.0
smc/smc_175/track.npy,smc,0.12727272727272726,0.0,0.10909090909090909,0.0,0.18701314306318365,0.0,0.24657534246575344,0.0
smc/smc_203/track.npy,smc,0.1076923076923077,0.0,0.1076923076923077,0.0,0.20947924414146837,0.0,0.2884615384615385,0.0
smc/smc_209/track.npy,smc,0.313953488372093,0.0,0.313953488372093,0.0,0.3990958074368757,0.0,0.5396825396825397,0.0
smc/smc_220/track.npy,smc,0.6379310344827587,0.0,0.6379310344827587,0.0,0.5952339540970503,0.0,0.7999999999999999,0.0
smc/smc_222/track.npy,smc,0.288135593220339,0.0,0.288135593220339,0.0,0.44686335088341217,0.0,0.5476190476190477,0.0
smc/smc_227/track.npy,smc,0.1643835616438356,0.0,0.1643835616438356,0.0,0.2620935795516013,0.0,0.39639639639639634,0.0
smc/smc_229/track.npy,smc,0.8958333333333334,0.0,0.8958333333333334,0.0,0.6550226037109578,0.0,0.8478260869565218,0.0
smc/smc_242/track.npy,smc,0.43209876543209874,0.0,0.43209876543209874,0.0,0.5481826650734384,0.0,0.6984126984126985,0.0
smc/smc_253/track.npy,smc,0.5833333333333334,0.0,0.5833333333333334,0.0,0.5197017464761389,0.0,0.6666666666666667,0.0
smc/smc_259/track.npy,smc,0.38181818181818183,0.0,0.38181818181818183,0.0,0.3359782936303342,0.0,0.41975308641975306,0.0
smc/smc_262/track.npy,smc,0.6349206349206349,0.0,0.6349206349206349,0.0,0.6604762008687116,0.0,0.8173913043478261,0.0
smc/smc_279/track.npy,smc,1.0,0.0,1.0,0.0,0.9453417872656522,0.0,1.0,0.0
smc/smc_281/track.npy,smc,1.0,0.0,1.0,0.0,0.8830967612843573,0.0,1.0,0.0
smc/smc_288/track.npy,smc,0.9508196721311475,0.0,0.9508196721311475,0.0,0.8798531041031379,0.0,0.95,0.0
tapcorrect/004_youtube_IwOfCgkyEj0/track.npy,tapcorrect,0.9947275922671354,0.9859154929577465,0.9947275922671354,0.9859154929577465,0.9702263928146952,0.9668038554212925,0.9982394366197184,0.9964664310954063
tapcorrect/007_youtube_9QnUOrTsxXA/track.npy,tapcorrect,0.9590163934426229,0.8461538461538461,0.9590163934426229,0.8461538461538461,0.9474871666489099,0.858078801459069,0.9790794979079497,0.8826815642458101
tapcorrect/009_youtube_hRFLv29K__o/track.npy,tapcorrect,0.9957081545064378,0.9051724137931034,0.9957081545064378,0.9051724137931034,0.9796644889341038,0.9077330762822758,0.9978494623655914,0.9224137931034483
tapcorrect/018_youtube_wVyggTKDcOE/track.npy,tapcorrect,0.9696132596685083,0.8444444444444444,0.9696132596685083,0.8444444444444444,0.8542060418562105,0.8243064952178609,0.9595536959553697,0.88268156424581
tapcorrect/026_youtube__X6DCz3pkYA/track.npy,tapcorrect,0.9861286254728878,0.9547738693467337,0.9861286254728878,0.9547738693467337,0.9492198322931111,0.93410094538027,0.993015873015873,0.9670886075949368
tapcorrect/038_youtube_eVTXPUF4Oz4/track.npy,tapcorrect,0.8694516971279374,0.875,0.8694516971279374,0.875,0.9269557868191324,0.8677988288494225,0.9538043478260869,0.896551724137931
tapcorrect/040_youtube_1zrxnqejwCk/track.npy,tapcorrect,0.976878612716763,0.8942731277533039,0.976878612716763,0.8942731277533039,0.8589903936706368,0.8480419094249139,0.9905316824471959,0.9244444444444445
tapcorrect/056_youtube_alYFdNGVL1E/track.npy,tapcorrect,0.46107784431137727,0.42857142857142855,0.46107784431137727,0.42857142857142855,0.7701729833519021,0.6886714150907541,0.8042704626334519,0.732394366197183
tapcorrect/058_youtube_c5dwksSbD34/track.npy,tapcorrect,0.8954326923076923,0.7889447236180904,0.003605769230769231,0.7889447236180904,0.756377069701829,0.8078094092225835,0.6416326530612245,0.8527918781725888
tapcorrect/067_youtube_MbmFqUtK2aw/track.npy,tapcorrect,0.48478260869565215,0.8,0.48478260869565215,0.8,0.7256448417149385,0.7423365721781775,0.7563636363636362,0.7807486631016043
tapcorrect/081_youtube_pSdUOTuQzWQ/track.npy,tapcorrect,0.4418938307030129,0.6239316239316239,0.4418938307030129,0.6239316239316239,0.7367697310153214,0.5986056941439737,0.7780355761794276,0.6200873362445415
tapcorrect/090_youtube_2tmc8rJgxUI/track.npy,tapcorrect,0.6674364896073903,0.7604166666666666,0.6674364896073903,0.7604166666666666,0.8727113498706851,0.8350229563276246,0.8968152866242037,0.8586956521739129
tapcorrect/102_youtube_4aiWPx8RU7I/track.npy,tapcorrect,0.41308089500860584,0.580952380952381,0.41308089500860584,0.580952380952381,0.6291310200351434,0.44149351948804905,0.8053007135575944,0.5288461538461539
asap/Bach_Fugue_bwv_867_HuNY01M/track.npy,asap,0.7638888888888888,0.4166666666666667,0.7638888888888888,0.0,0.9114622830996023,0.5062807526512014,0.9372693726937269,0.4646464646464646
asap/Bach_Fugue_bwv_867_Sham01M/track.npy,asap,0.8482758620689655,0.1891891891891892,0.8482758620689655,0.0,0.9361693410701676,0.4027180843733751,0.9571428571428572,0.40776699029126207
asap/Bach_Fugue_bwv_885_Guo01M/track.npy,asap,0.43685300207039335,0.18518518518518517,0.3657142857142857,0.18518518518518517,0.7938946780580673,0.2997175679297256,0.793918918918919,0.3026315789473684
asap/Bach_Fugue_bwv_885_Huang04M/track.npy,asap,0.8308270676691729,0.5416666666666666,0.8308270676691729,0.14814814814814814,0.929074602450046,0.430531110809799,0.9548133595284872,0.43410852713178294
asap/Bach_Fugue_bwv_885_JeonH01M/track.npy,asap,0.1815068493150685,0.1111111111111111,0.1232876712328767,0.04938271604938271,0.4928286331618798,0.09168718780276933,0.4090056285178236,0.08888888888888888
asap/Bach_Fugue_bwv_885_SINKEV06/track.npy,asap,0.13719512195121952,0.1,0.13719512195121952,0.09876543209876543,0.0921449117915625,0.0335756712804421,0.11599297012302286,0.06896551724137931
asap/Bach_Fugue_bwv_892_Hou01M/track.npy,asap,0.9359605911330049,0.3137254901960784,0.9359605911330049,0.0,0.9413803175279492,0.43207377640590616,0.9727047146401985,0.4335664335664335
asap/Bach_Fugue_bwv_892_KabuliL01M/track.npy,asap,0.9757281553398058,0.49019607843137253,0.9757281553398058,0.0,0.9700206856390226,0.5803237144925643,0.9926650366748166,0.5921052631578947
asap/Bach_Prelude_bwv_874_BianF01M/track.npy,asap,0.9419642857142857,0.42105263157894735,0.9419642857142857,0.42105263157894735,0.9482492649090364,0.8001631380153638,0.9841269841269841,0.8153846153846153
asap/Bach_Prelude_bwv_874_WongWY01M/track.npy,asap,0.40285714285714286,0.32710280373831774,0.40285714285714286,0.28205128205128205,0.739830992415157,0.5679280856219899,0.7640845070422536,0.5909090909090908
asap/Bach_Prelude_bwv_875_Ahfat01M/track.npy,asap,0.6142131979695431,0.3055555555555556,0.6142131979695431,0.17543859649122806,0.8351076235480078,0.4199573286744991,0.8532608695652174,0.4301075268817204
asap/Bach_Prelude_bwv_875_CaoJ01M/track.npy,asap,0.8770949720670391,0.5,0.8770949720670391,0.5,0.9084420448125523,0.6533917747101512,0.9287749287749287,0.6666666666666666
asap/Bach_Prelude_bwv_875_HONG04M/track.npy,asap,0.8315217391304348,0.35,0.8315217391304348,0.3103448275862069,0.9024802392940667,0.5980749196366993,0.9269662921348315,0.6122448979591838
asap/Beethoven_Piano_Sonatas_12-1_Kleisen05M/track.npy,asap,0.7122905027932961,0.1388888888888889,0.7122905027932961,0.1388888888888889,0.8643556623157286,0.3045290078380362,0.8994864269992664,0.31491712707182323
asap/Beethoven_Piano_Sonatas_21-3_KimSY04M/track.npy,asap,0.8377896613190731,0.4383116883116883,0.8377896613190731,0.137291280148423,0.8826490959806065,0.5825425056893525,0.9218181818181818,0.6044864226682409
asap/Beethoven_Piano_Sonatas_21-3_Sekino05M/track.npy,asap,0.6319733555370525,0.25925925925925924,0.6319733555370525,0.09090909090909091,0.8058591689577852,0.44540482480734267,0.847740236946029,0.45707070707070707
asap/Beethoven_Piano_Sonatas_21-3_YOO05M/track.npy,asap,0.7223695844385499,0.362962962962963,0.7223695844385499,0.05009276437847866,0.8095949909002437,0.45822735468684106,0.8559782608695652,0.4766708701134931
asap/Beethoven_Piano_Sonatas_26-2_LEE_K05M/track.npy,asap,0.3918918918918919,0.22916666666666666,0.009009009009009009,0.22916666666666666,0.487580891146435,0.31055129811932697,0.4605263157894737,0.35955056179775274
asap/Beethoven_Piano_Sonatas_28-1_KimHJ02M/track.npy,asap,0.5397489539748954,0.23076923076923078,0.5397489539748954,0.05,0.6851233051763287,0.3799979757684597,0.7107061503416857,0.3947368421052631
asap/Beethoven_Piano_Sonatas_28-1_KyykhynenT06M/track.npy,asap,0.6299559471365639,0.3,0.6299559471365639,0.03,0.7193064538224736,0.38779194381663595,0.7587822014051522,0.4133333333333334
asap/Beethoven_Piano_Sonatas_28-1_WangY04M/track.npy,asap,0.5672268907563025,0.17391304347826086,0.5672268907563025,0.11,0.7071074850882838,0.39639549518543965,0.7534246575342466,0.41420118343195267
asap/Beethoven_Piano_Sonatas_31-1_ADIG05M/track.npy,asap,0.5035765379113019,0.15384615384615385,0.11874105865522175,0.15384615384615385,0.6446605552272144,0.3831982832017541,0.6205571565802114,0.41245136186770426
asap/Beethoven_Piano_Sonatas_31-1_AbdelmoulaJS03M/track.npy,asap,0.5812591508052709,0.08955223880597014,0.10225563909774436,0.08208955223880597,0.6527596833192009,0.27369926356349195,0.6216484607745779,0.29032258064516125
asap/Beethoven_Piano_Sonatas_31-1_Ahfat02M/track.npy,asap,0.5991379310344828,0.21052631578947367,0.06752873563218391,0.21052631578947367,0.6359507965899183,0.40137785554549316,0.603082851637765,0.42105263157894735
asap/Beethoven_Piano_Sonatas_31-1_BrendleA03M/track.npy,asap,0.5651537335285505,0.10526315789473684,0.09302325581395349,0.10526315789473684,0.6302694408891698,0.29005449295235214,0.6058763931104356,0.2966507177033493
asap/Beethoven_Piano_Sonatas_31-1_HuangSW08M/track.npy,asap,0.6691068814055637,0.1746031746031746,0.08270676691729323,0.1746031746031746,0.6485125995293592,0.29355101592934624,0.6276067527308838,0.32500000000000007
asap/Beethoven_Piano_Sonatas_31-1_LeungM03M/track.npy,asap,0.6588579795021962,0.2605042016806723,0.06962962962962962,0.2605042016806723,0.674857595329735,0.3850374564772801,0.623402163225172,0.40343347639484983
asap/Beethoven_Piano_Sonatas_31-1_Na06M/track.npy,asap,0.5938864628820961,0.1826086956521739,0.08296943231441048,0.1826086956521739,0.6557625840767352,0.3221459999729953,0.6122448979591836,0.3406113537117904
asap/Beethoven_Piano_Sonatas_31-1_Zuber04M/track.npy,asap,0.4785615491009682,0.06140350877192982,0.05394190871369295,0.06140350877192982,0.5722746663026765,0.23193396022725976,0.5615023474178404,0.2545454545454545
asap/Chopin_Ballades_1_BuiJL04M/track.npy,asap,0.18397291196388263,0.16842105263157894,0.18397291196388263,0.09505703422053231,0.5464169641680674,0.3445997500682446,0.58371335504886,0.37527593818984545
asap/Chopin_Ballades_1_JIA06M/track.npy,asap,0.10931485758275597,0.17490494296577946,0.10167910447761194,0.17490494296577946,0.4951749170273271,0.32383622570204645,0.5389082462253194,0.35655737704918034
asap/Chopin_Ballades_1_KimSuyeon04M/track.npy,asap,0.15679824561403508,0.13307984790874525,0.15679824561403508,0.13307984790874525,0.5553125086453441,0.3615026071125278,0.5979513444302177,0.39565217391304347
asap/Chopin_Ballades_1_Mo07M/track.npy,asap,0.15103189493433397,0.21292775665399238,0.15103189493433397,0.21292775665399238,0.5083483982433029,0.39106929193591816,0.560932944606414,0.4324324324324324
asap/Chopin_Ballades_1_MunA19M/track.npy,asap,0.16586306653809066,0.2366412213740458,0.16586306653809066,0.2366412213740458,0.537104119557317,0.3693035314489354,0.5834818775995246,0.4024390243902439
asap/Chopin_Ballades_1_Richardson13M/track.npy,asap,0.14696813977389517,0.155893536121673,0.14696813977389517,0.155893536121673,0.5543400611738488,0.37339753758182903,0.5844636251541308,0.3915789473684211
asap/Chopin_Ballades_1_Sladek04M/track.npy,asap,0.25465116279069766,0.19083969465648856,0.25465116279069766,0.19083969465648856,0.5851403519581857,0.3878671919711838,0.6127320954907162,0.40087145969498905
asap/Chopin_Ballades_1_Zhou06M/track.npy,asap,0.17227319062181448,0.13020833333333334,0.17227319062181448,0.11787072243346007,0.5514361757150081,0.30105284662394055,0.5800122624156958,0.3252747252747253
asap/Chopin_Ballades_4_ChenC04M/track.npy,asap,0.24691358024691357,0.12359550561797752,0.24691358024691357,0.07916666666666666,0.5808615175813981,0.29411133927434907,0.6243617797228301,0.3301435406698564
asap/Chopin_Ballades_4_Kociuban07M/track.npy,asap,0.2539149888143177,0.11203319502074689,0.2539149888143177,0.11203319502074689,0.5662112299350722,0.28376981674834434,0.6152727272727273,0.3088235294117647
asap/Chopin_Ballades_4_Levitsky18M/track.npy,asap,0.2563256325632563,0.14917127071823205,0.2563256325632563,0.0875,0.5863279501640234,0.31448958737157073,0.6220302375809935,0.33729216152019004
asap/Chopin_Ballades_4_LuEric04M/track.npy,asap,0.23118279569892472,0.20416666666666666,0.23118279569892472,0.20416666666666666,0.5522652389820678,0.2989912866570298,0.601418439716312,0.324582338902148
asap/Chopin_Ballades_4_MiyashitaM04M/track.npy,asap,0.3430379746835443,0.13690476190476192,0.3430379746835443,0.09583333333333334,0.6165184831111941,0.31071716888170153,0.662992125984252,0.3284313725490196
asap/Chopin_Ballades_4_Mizumoto02M/track.npy,asap,0.2716049382716049,0.07909604519774012,0.2716049382716049,0.0625,0.5660718618833179,0.24364364985276737,0.6097738876732312,0.26858513189448446
asap/Chopin_Ballades_4_Nikiforov13M/track.npy,asap,0.15502392344497606,0.08786610878661087,0.15502392344497606,0.07916666666666666,0.5135022486825042,0.2601318925149115,0.5547540983606557,0.27972027972027974
asap/Chopin_Etudes_op_25_10_Guo02M/track.npy,asap,0.5650224215246636,0.15,0.5650224215246636,0.08620689655172414,0.7515700600572619,0.21087311895611588,0.8067226890756303,0.24489795918367346
asap/Chopin_Etudes_op_25_10_Ozel05M/track.npy,asap,0.6441860465116279,0.08196721311475409,0.6441860465116279,0.07377049180327869,0.7618377110848623,0.27952402804962406,0.8146341463414635,0.30962343096234307
asap/Chopin_Etudes_op_25_10_WangA03M/track.npy,asap,0.4758454106280193,0.19827586206896552,0.4758454106280193,0.19827586206896552,0.7100101619605768,0.363938366527151,0.740648379052369,0.387434554973822
asap/Haydn_Keyboard_Sonatas_48-1_GarritsonL02M/track.npy,asap,0.3436657681940701,0.11971830985915492,0.3436657681940701,0.0440251572327044,0.6441844604465404,0.31001360850378845,0.7022149302707136,0.33222591362126247
asap/Haydn_Keyboard_Sonatas_48-1_PrjevalskayaM02M/track.npy,asap,0.3631361760660248,0.14166666666666666,0.3631361760660248,0.06918238993710692,0.6263922283969566,0.28873182000262804,0.7015793848711555,0.30824372759856633
asap/Liszt_Gran_Etudes_de_Paganini_6_Theme_and_Variations_repeat_KanM09M/track.npy,asap,0.4102167182662539,0.1780821917808219,0.4102167182662539,0.1780821917808219,0.7160813406316585,0.4534651684838514,0.759447004608295,0.48257372654155495
asap/Schubert_Impromptu_op.90_D.899_3_LEE_K04M/track.npy,asap,0.8324468085106383,0.3764705882352941,0.8324468085106383,0.3764705882352941,0.7014574463352956,0.3627893940016681,0.8443197755960727,0.47337278106508873
asap/Schubert_Piano_Sonatas_664-3_KabuliL12M/track.npy,asap,0.197352587244284,0.20470588235294118,0.197352587244284,0.14027149321266968,0.6438278648963682,0.49453764921749943,0.6624203821656052,0.4654377880184332
asap/Schubert_Wanderer_fantasie_Larionova05M/track.npy,asap,0.5036101083032491,0.1874125874125874,0.5036101083032491,0.1874125874125874,0.7275125578029413,0.4553537553193494,0.7609831623766208,0.47326007326007324
asap/Schubert_Wanderer_fantasie_SunY10M/track.npy,asap,0.5973154362416108,0.26433566433566436,0.5973154362416108,0.26433566433566436,0.773000548322465,0.5130595902130574,0.8064579641661744,0.5302911093627066
asap/Schumann_Kreisleriana_1_ParkJH04M/track.npy,asap,0.42116630669546434,0.27848101265822783,0.20987654320987653,0.02586206896551724,0.6896372612238946,0.29045311220434905,0.6781789638932496,0.2769230769230769
asap/Schumann_Kreisleriana_1_Yarden09M/track.npy,asap,0.3188622754491018,0.08403361344537816,0.0014970059880239522,0.08403361344537816,0.503483519957662,0.18995709041687775,0.4284128745837958,0.2127659574468085
asap/Schumann_Toccata_WangY07M/track.npy,asap,0.47433264887063653,0.21485411140583555,0.47433264887063653,0.21485411140583555,0.7206248511259578,0.4760888096729252,0.7492762015055009,0.48923076923076925
asap/Schumann_Toccata_no_repeat_DupreeF13M/track.npy,asap,0.6478405315614618,0.34050179211469533,0.6478405315614618,0.34050179211469533,0.7324755890588394,0.4893591888091484,0.7558239861949956,0.5042372881355932
asap/Scriabin_Sonatas_5_ChernovA06M/track.npy,asap,0.16910229645093947,0.09342560553633218,0.16910229645093947,0.06802721088435375,0.4576716099295816,0.18621621507457564,0.49709543568464737,0.19999999999999998
asap/Scriabin_Sonatas_5_FaB05M/track.npy,asap,0.14548022598870056,0.14285714285714285,0.14548022598870056,0.035555555555555556,0.4560449031802302,0.18583448123446134,0.4929460580912863,0.18992805755395684
asap/Scriabin_Sonatas_5_GarritsonL06M/track.npy,asap,0.16570188133140376,0.1078838174273859,0.16570188133140376,0.035555555555555556,0.4637121751039763,0.13231389936511934,0.5050505050505051,0.1418234442836469
asap/Scriabin_Sonatas_5_Ko07M/track.npy,asap,0.22416413373860183,0.128099173553719,0.22416413373860183,0.051224944320712694,0.5068179797604052,0.20283799864679758,0.5442708333333333,0.21707670043415342
asap/Scriabin_Sonatas_5_Na07M/track.npy,asap,0.2099105299380592,0.09555555555555556,0.2099105299380592,0.09555555555555556,0.5007474084218474,0.20852874338757196,0.5353494074376788,0.22413793103448276
asap/Scriabin_Sonatas_5_Yeletskiy07M/track.npy,asap,0.1991869918699187,0.12648221343873517,0.1991869918699187,0.05580357142857143,0.49775204911709386,0.20153732171310315,0.5387423935091278,0.22539229671897293
ballroom/ballroom_Albums-AnaBelen_Veneo-02/track.npy,ballroom,0.7872340425531915,0.8333333333333334,0.7872340425531915,0.8333333333333334,0.8476527821343018,0.8773138500731743,0.9213483146067415,0.9565217391304348
ballroom/ballroom_Albums-Ballroom_Classics4-03/track.npy,ballroom,0.972972972972973,1.0,0.972972972972973,1.0,0.757853715117473,0.847104504832119,0.9041095890410958,0.9166666666666666
ballroom/ballroom_Albums-Ballroom_Classics4-04/track.npy,ballroom,0.972972972972973,1.0,0.972972972972973,1.0,0.8921479760515783,0.9026796196956838,0.9863013698630138,1.0
ballroom/ballroom_Albums-Ballroom_Classics4-13/track.npy,ballroom,0.8767123287671232,0.5416666666666666,0.8767123287671232,0.5416666666666666,0.7616856078127568,0.452566402048282,0.9103448275862068,0.5416666666666666
ballroom/ballroom_Albums-Ballroom_Magic-01/track.npy,ballroom,0.9444444444444444,0.5,0.9444444444444444,0.0,0.8628261063466237,0.25544315527552297,0.9714285714285714,0.26666666666666666
ballroom/ballroom_Albums-Ballroom_Magic-06/track.npy,ballroom,1.0,1.0,1.0,1.0,0.9712074785741199,0.9841443365556776,1.0,1.0
ballroom/ballroom_Albums-Ballroom_Magic-07/track.npy,ballroom,1.0,1.0,1.0,1.0,0.8705958081671036,0.8768410009539725,1.0,1.0
ballroom/ballroom_Albums-Cafe_Paradiso-04/track.npy,ballroom,1.0,1.0,1.0,1.0,0.9765169506788465,0.9628877130839889,1.0,1.0
ballroom/ballroom_Albums-Cafe_Paradiso-09/track.npy,ballroom,1.0,1.0,1.0,1.0,0.9368729636595343,0.9879934022796496,0.9714285714285714,1.0
ballroom/ballroom_Albums-Chrisanne1-05/track.npy,ballroom,0.9814814814814815,1.0,0.9814814814814815,1.0,0.9413831772703468,0.9059374618708933,0.9814814814814815,0.9285714285714286
ballroom/ballroom_Albums-Chrisanne1-13/track.npy,ballroom,1.0,1.0,1.0,1.0,0.969744781367057,0.9782330841590745,1.0,1.0
ballroom/ballroom_Albums-Chrisanne3-07/track.npy,ballroom,0.9726027397260274,0.96,0.9726027397260274,0.96,0.8666012884098488,0.8563572380952489,0.9793103448275863,0.9795918367346939
ballroom/ballroom_Albums-Fire-01/track.npy,ballroom,0.9622641509433962,1.0,0.9622641509433962,1.0,0.9339605356497928,0.9421584854200032,0.9807692307692307,1.0
ballroom/ballroom_Albums-Fire-08/track.npy,ballroom,0.9811320754716981,0.8571428571428571,0.9811320754716981,0.8571428571428571,0.9600682907775434,0.9491545165458071,0.9811320754716981,0.962962962962963
ballroom/ballroom_Albums-Latin_Jam2-08/track.npy,ballroom,1.0,1.0,1.0,1.0,0.9781986913894267,0.9831495032128341,1.0,1.0
ballroom/ballroom_Albums-Latin_Jam3-04/track.npy,ballroom,1.0,1.0,1.0,1.0,0.9809179197017444,0.9791995618185491,1.0,1.0
ballroom/ballroom_Albums-Latin_Jam3-07/track.npy,ballroom,0.9772727272727273,1.0,0.9772727272727273,1.0,0.9226250667331914,0.9286767135712837,0.9885057471264368,1.0
ballroom/ballroom_Albums-Latin_Jam3-08/track.npy,ballroom,1.0,1.0,1.0,1.0,0.9696062617984582,0.9595196178712702,1.0,1.0
ballroom/ballroom_Albums-Latin_Jam4-12/track.npy,ballroom,0.9772727272727273,1.0,0.9772727272727273,1.0,0.965730912061281,0.979195973013999,0.9885057471264368,1.0
ballroom/ballroom_Albums-Macumba-01/track.npy,ballroom,1.0,1.0,1.0,1.0,0.9803363081339665,0.9867315062664469,1.0,1.0
ballroom/ballroom_Albums-Macumba-02/track.npy,ballroom,1.0,1.0,1.0,1.0,0.956113491900904,0.9839319833534621,1.0,1.0
ballroom/ballroom_Albums-Pais_Tropical-01/track.npy,ballroom,0.9534883720930233,0.7272727272727273,0.9534883720930233,0.7272727272727273,0.919169587145983,0.7933065721601871,0.9761904761904763,0.8181818181818182
ballroom/ballroom_Albums-Pais_Tropical-04/track.npy,ballroom,0.9761904761904762,0.9090909090909091,0.9761904761904762,0.9090909090909091,0.9611718184670435,0.9257567246912062,0.9879518072289156,0.9523809523809523
ballroom/ballroom_Albums-Pais_Tropical-16/track.npy,ballroom,0.9861111111111112,0.9444444444444444,0.9861111111111112,0.0,0.9784033975696819,0.4801452806999334,0.993006993006993,0.0
ballroom/ballroom_Albums-Step_By_Step-07/track.npy,ballroom,0.9814814814814815,1.0,0.9814814814814815,1.0,0.9356167457329109,0.95667916296107,0.9906542056074767,1.0
ballroom/ballroom_Albums-StrictlyDancing_Tango-01/track.npy,ballroom,1.0,1.0,1.0,1.0,0.9472682139304928,0.9405648754578788,1.0,1.0
ballroom/ballroom_Albums-StrictlyDancing_Tango-09/track.npy,ballroom,0.9811320754716981,1.0,0.9811320754716981,1.0,0.952404840388215,0.9811227549498536,0.9904761904761905,1.0
ballroom/ballroom_Albums-StrictlyDancing_Tango-14/track.npy,ballroom,1.0,1.0,1.0,1.0,0.9336558564537375,0.9520941074623344,1.0,1.0
ballroom/ballroom_Media-103402/track.npy,ballroom,1.0,1.0,1.0,1.0,0.9755184184172816,0.9626794455320355,1.0,1.0
ballroom/ballroom_Media-103512/track.npy,ballroom,0.9761904761904762,0.5454545454545454,0.9761904761904762,0.5454545454545454,0.9613326935152344,0.6379489184967853,0.9879518072289156,0.6666666666666666
ballroom/ballroom_Media-103610/track.npy,ballroom,0.9148936170212766,0.9090909090909091,0.9148936170212766,0.9090909090909091,0.9188680391406094,0.9139638736610023,0.9555555555555556,0.9523809523809523
ballroom/ballroom_Media-103714/track.npy,ballroom,0.96,0.7777777777777778,0.96,0.0,0.955422789560475,0.36690730216170414,0.9729729729729729,0.2962962962962963
ballroom/ballroom_Media-103717/track.npy,ballroom,0.96875,1.0,0.96875,1.0,0.6921449779963073,0.6763896935017268,0.9841269841269841,1.0
ballroom/ballroom_Media-103816/track.npy,ballroom,1.0,1.0,1.0,1.0,0.9727455267265211,0.9764964319150042,1.0,1.0
ballroom/ballroom_Media-103819/track.npy,ballroom,0.9821428571428571,1.0,0.9821428571428571,1.0,0.9587008427697015,0.9490590994599909,0.9909909909909909,1.0
ballroom/ballroom_Media-103904/track.npy,ballroom,1.0,0.9,1.0,0.0,0.9720475095606971,0.4524068814237485,1.0,0.0
ballroom/ballroom_Media-103906/track.npy,ballroom,1.0,1.0,1.0,1.0,0.9842586417289791,0.9808127920754447,1.0,1.0
ballroom/ballroom_Media-103909/track.npy,ballroom,0.9811320754716981,0.35714285714285715,0.9811320754716981,0.35714285714285715,0.973212770204921,0.43794076074132204,0.9904761904761905,0.4444444444444445
ballroom/ballroom_Media-103918/track.npy,ballroom,1.0,1.0,1.0,1.0,0.9733029210833564,0.9832374389182487,1.0,1.0
ballroom/ballroom_Media-104110/track.npy,ballroom,1.0,1.0,1.0,1.0,0.9691608992783864,0.962916645998145,1.0,1.0
ballroom/ballroom_Media-104115/track.npy,ballroom,0.975609756097561,1.0,0.975609756097561,1.0,0.9413460778222488,0.9349165119831501,0.9876543209876543,1.0
ballroom/ballroom_Media-104116/track.npy,ballroom,0.9824561403508771,0.9333333333333333,0.9824561403508771,0.9333333333333333,0.9640541684598096,0.9434025576610602,0.9911504424778761,0.9655172413793104
ballroom/ballroom_Media-104119/track.npy,ballroom,0.972972972972973,1.0,0.972972972972973,1.0,0.9615259096028839,0.9747311430549996,0.9863013698630138,1.0
ballroom/ballroom_Media-104205/track.npy,ballroom,1.0,1.0,1.0,1.0,0.9537614682996501,0.9467609003078362,1.0,1.0
ballroom/ballroom_Media-104302/track.npy,ballroom,0.7777777777777778,0.8333333333333334,0.7777777777777778,0.8333333333333334,0.8562341225835453,0.8944298882028154,0.8750000000000001,0.9090909090909091
ballroom/ballroom_Media-104304/track.npy,ballroom,1.0,1.0,1.0,1.0,0.9563743072701233,0.9498871804592373,1.0,1.0
ballroom/ballroom_Media-104309/track.npy,ballroom,0.9868421052631579,0.9615384615384616,0.9868421052631579,0.9615384615384616,0.9347173938054701,0.9388973731528856,0.9933774834437086,0.9803921568627451
ballroom/ballroom_Media-104316/track.npy,ballroom,0.9772727272727273,0.4782608695652174,0.9772727272727273,0.4782608695652174,0.9618091548155777,0.49144068908421007,0.9885057471264368,0.5
ballroom/ballroom_Media-104402/track.npy,ballroom,1.0,1.0,1.0,1.0,0.8728704740024129,0.9295118510127223,1.0,1.0
ballroom/ballroom_Media-104503/track.npy,ballroom,0.972972972972973,1.0,0.972972972972973,1.0,0.8969158028985545,0.9082523752915707,0.9863013698630138,1.0
ballroom/ballroom_Media-104608/track.npy,ballroom,0.9733333333333334,1.0,0.9733333333333334,1.0,0.9281574525120095,0.9478856266896274,0.9864864864864865,1.0
ballroom/ballroom_Media-104718/track.npy,ballroom,0.9438202247191011,0.9545454545454546,0.9438202247191011,0.9545454545454546,0.9003183449122965,0.8982496030683418,0.9659090909090908,0.9767441860465117
ballroom/ballroom_Media-105003/track.npy,ballroom,0.7894736842105263,0.6923076923076923,0.7894736842105263,0.6923076923076923,0.6287733233613229,0.664792491013582,0.7671232876712328,0.8333333333333333
ballroom/ballroom_Media-105006/track.npy,ballroom,0.6052631578947368,0.6153846153846154,0.6052631578947368,0.6153846153846154,0.6628116864450571,0.6529317039703608,0.7540983606557378,0.761904761904762
ballroom/ballroom_Media-105010/track.npy,ballroom,0.9868421052631579,0.9615384615384616,0.9868421052631579,0.9615384615384616,0.9282362607589884,0.9372966595760713,0.9933774834437086,0.9803921568627451
ballroom/ballroom_Media-105104/track.npy,ballroom,1.0,1.0,1.0,1.0,0.9498345551933693,0.9020203979184213,1.0,1.0
ballroom/ballroom_Media-105120/track.npy,ballroom,0.9767441860465116,1.0,0.9767441860465116,1.0,0.9388749772177581,0.9531309318707398,0.9941520467836257,1.0
ballroom/ballroom_Media-105303/track.npy,ballroom,1.0,1.0,1.0,1.0,0.8999081621786763,0.9514295401061745,1.0,1.0
ballroom/ballroom_Media-105306/track.npy,ballroom,0.9629629629629629,0.9285714285714286,0.9629629629629629,0.9285714285714286,0.9259574901716504,0.8919555029610533,0.9719626168224299,0.962962962962963
ballroom/ballroom_Media-105309/track.npy,ballroom,0.9736842105263158,0.9615384615384616,0.9736842105263158,0.9615384615384616,0.9533594840577156,0.9530569375274228,0.9866666666666666,0.9803921568627451
ballroom/ballroom_Media-105314/track.npy,ballroom,0.9176470588235294,0.9523809523809523,0.9176470588235294,0.9523809523809523,0.9121258407418059,0.915860502946689,0.988095238095238,0.975609756097561
ballroom/ballroom_Media-105315/track.npy,ballroom,0.9770114942528736,1.0,0.9770114942528736,1.0,0.9691377743194279,0.9910210427530473,0.9883720930232558,1.0
ballroom/ballroom_Media-105410/track.npy,ballroom,0.9743589743589743,1.0,0.9743589743589743,1.0,0.9381394393775588,0.9758374219172754,0.9743589743589743,1.0
ballroom/ballroom_Media-105413/track.npy,ballroom,0.9705882352941176,0.9411764705882353,0.9705882352941176,0.9411764705882353,0.9588894810239774,0.9297675357436277,0.9850746268656716,0.9696969696969697
ballroom/ballroom_Media-105416/track.npy,ballroom,0.972972972972973,0.9,0.972972972972973,0.9,0.9494001134850275,0.887027249567995,0.9863013698630138,0.9473684210526316
ballroom/ballroom_Media-105504/track.npy,ballroom,1.0,1.0,1.0,1.0,0.8459488597917191,0.8321493426224479,0.9444444444444444,0.9166666666666666
ballroom/ballroom_Media-105510/track.npy,ballroom,0.972972972972973,0.96,0.972972972972973,0.96,0.9392898406423918,0.9391796121991259,0.9863013698630138,0.9795918367346939
ballroom/ballroom_Media-105511/track.npy,ballroom,0.9736842105263158,0.9615384615384616,0.9736842105263158,0.9615384615384616,0.9099465977898686,0.904611831996468,0.9866666666666666,0.9803921568627451
ballroom/ballroom_Media-105517/track.npy,ballroom,0.9764705882352941,1.0,0.9764705882352941,1.0,0.9552713468294608,0.972566517025086,0.988095238095238,1.0
ballroom/ballroom_Media-105518/track.npy,ballroom,0.9764705882352941,0.9545454545454546,0.9764705882352941,0.9545454545454546,0.9461358025867312,0.9397062913193297,0.988095238095238,0.9767441860465117
ballroom/ballroom_Media-105606/track.npy,ballroom,0.9767441860465116,1.0,0.9767441860465116,1.0,0.9609720956178934,0.9657032764771123,0.988235294117647,1.0
ballroom/ballroom_Media-105611/track.npy,ballroom,0.9772727272727273,1.0,0.9772727272727273,1.0,0.9749254557236996,0.9815440852609516,0.9885057471264368,1.0
ballroom/ballroom_Media-105615/track.npy,ballroom,0.9777777777777777,1.0,0.9777777777777777,1.0,0.9451737628044283,0.9656021632302131,0.9887640449438202,1.0
ballroom/ballroom_Media-105701/track.npy,ballroom,0.9487179487179487,0.8461538461538461,0.9487179487179487,0.8461538461538461,0.915271698511097,0.876134627838572,0.9736842105263158,0.9230769230769231
ballroom/ballroom_Media-105708/track.npy,ballroom,0.948051948051948,0.6538461538461539,0.948051948051948,0.6538461538461539,0.9456415724564503,0.6698016699691337,0.9733333333333333,0.68
ballroom/ballroom_Media-105802/track.npy,ballroom,1.0,1.0,1.0,1.0,0.9570791308173567,0.961634495630796,1.0,1.0
ballroom/ballroom_Media-105807/track.npy,ballroom,0.9814814814814815,0.9285714285714286,0.9814814814814815,0.9285714285714286,0.9050098819926632,0.880920498387705,0.9906542056074767,0.962962962962963
ballroom/ballroom_Media-105816/track.npy,ballroom,0.9882352941176471,1.0,0.9882352941176471,1.0,0.9745572161585274,0.9819015784467592,0.9940828402366864,1.0
ballroom/ballroom_Media-105818/track.npy,ballroom,1.0,1.0,1.0,1.0,0.9717258255476484,0.9680483919703601,1.0,1.0
ballroom/ballroom_Media-106007/track.npy,ballroom,0.9629629629629629,1.0,0.9629629629629629,1.0,0.968489597864527,0.9926501932270907,0.9811320754716981,1.0
ballroom/ballroom_Media-106012/track.npy,ballroom,0.9534883720930233,0.9090909090909091,0.9534883720930233,0.9090909090909091,0.9349264880535338,0.8837920456062953,0.9761904761904763,0.9523809523809523
ballroom/ballroom_Media-106103/track.npy,ballroom,0.9629629629629629,1.0,0.9629629629629629,1.0,0.9311182443989793,0.9477872952936277,0.9811320754716981,1.0
ballroom/ballroom_Media-106104/track.npy,ballroom,0.9454545454545454,0.5714285714285714,0.9454545454545454,0.5714285714285714,0.9522819012688126,0.6542470478117406,0.9719626168224299,0.6666666666666666
ballroom/ballroom_Media-106105/track.npy,ballroom,0.9444444444444444,1.0,0.9444444444444444,1.0,0.9473803393994683,0.9873178200272578,0.9714285714285714,1.0
ballroom/ballroom_Media-106118/track.npy,ballroom,0.9838709677419355,0.9375,0.0,0.0,0.8134317661512408,0.8029997447981592,0.6666666666666666,0.6666666666666666
beatles/beatles_01_Please_Please_Me_08_Love_Me_Do/track.npy,beatles,0.7723076923076924,0.7073170731707317,0.7723076923076924,0.7073170731707317,0.8908306059463634,0.8307501618717024,0.935064935064935,0.8717948717948718
beatles/beatles_01_Please_Please_Me_10_Baby_Its_You/track.npy,beatles,0.9927797833935018,0.9855072463768116,0.9927797833935018,0.9855072463768116,0.8192203389025412,0.8604750839205817,0.9927536231884057,0.9927007299270074
beatles/beatles_02_With_the_Beatles_12_Devil_In_Her_Heart/track.npy,beatles,1.0,1.0,1.0,1.0,0.9640886351882815,0.9594354208157425,1.0,1.0
beatles/beatles_02_With_the_Beatles_13_Not_A_Second_Time/track.npy,beatles,0.9919678714859438,1.0,0.9919678714859438,1.0,0.9719099110536938,0.9758972302098249,0.995967741935484,1.0
beatles/beatles_03_A_Hard_Days_Night_11_When_I_Get_Home/track.npy,beatles,0.9962406015037594,0.9253731343283582,0.9962406015037594,0.9253731343283582,0.9443389175398857,0.8957701421003983,0.9981167608286252,0.9402985074626865
beatles/beatles_03_A_Hard_Days_Night_12_You_Cant_Do_That/track.npy,beatles,0.9808917197452229,0.9746835443037974,0.9808917197452229,0.9746835443037974,0.9612782340258256,0.9530741823118677,0.9903536977491961,0.9871794871794872
beatles/beatles_04_Beatles_for_Sale_12_I_Dont_Want_to_Spoil_the_Party/track.npy,beatles,1.0,1.0,1.0,1.0,0.7545508222460318,0.762186855833531,1.0,1.0
beatles/beatles_05_Help_02_The_Night_Before/track.npy,beatles,0.8970588235294118,0.6666666666666666,0.8970588235294118,0.6666666666666666,0.7734727703557243,0.6219750039623259,0.9699248120300752,0.7916666666666666
beatles/beatles_05_Help_10_You_Like_Me_Too_Much/track.npy,beatles,0.8777292576419214,0.47058823529411764,0.037825059101654845,0.22641509433962265,0.7319220463095453,0.6377769690399528,0.6717791411042945,0.67816091954023
beatles/beatles_06_Rubber_Soul_10_Im_Looking_Through_You/track.npy,beatles,0.9898734177215189,0.9797979797979798,0.0,0.0,0.7541434597527192,0.7588972914698415,0.6632825719120136,0.6621621621621622
beatles/beatles_06_Rubber_Soul_13_If_I_Needed_Someone/track.npy,beatles,0.9822695035460993,0.9142857142857143,0.9822695035460993,0.9142857142857143,0.9651413699061976,0.886364935964143,0.9946524064171123,0.9142857142857143
beatles/beatles_07_Revolver_03_Im_Only_Sleeping/track.npy,beatles,0.9658703071672355,0.9594594594594594,0.9658703071672355,0.9594594594594594,0.8437901591885087,0.8177598338482359,0.9689655172413792,0.9726027397260274
beatles/beatles_07_Revolver_08_Good_Day_Sunshine/track.npy,beatles,0.9705882352941176,0.8166666666666667,0.9705882352941176,0.8166666666666667,0.8949994045471805,0.7676294767114671,0.980891719745223,0.8305084745762712
beatles/beatles_08_Sgt_Peppers_Lonely_Hearts_Club_Band_07_Being_For_The_Benefit_Of_Mr_Kite/track.npy,beatles,0.9375,0.9512195121951219,0.9375,0.9512195121951219,0.81472227016098,0.8531858719203798,0.9664429530201343,0.9813664596273292
beatles/beatles_09_Magical_Mystery_Tour_06_I_Am_The_Walrus/track.npy,beatles,0.9948453608247423,0.9484536082474226,0.9948453608247423,0.9484536082474226,0.9022467748671595,0.8785475323732611,0.9832258064516128,0.9637305699481865
beatles/beatles_09_Magical_Mystery_Tour_07_Hello_Goodbye/track.npy,beatles,0.9140401146131805,0.48484848484848486,0.9140401146131805,0.48484848484848486,0.8718678983351645,0.6347204188181582,0.9705014749262536,0.6956521739130435
beatles/beatles_10_CD1_The_Beatles_16_I_Will/track.npy,beatles,0.9764705882352941,0.5272727272727272,0.9764705882352941,0.5272727272727272,0.9515612892143479,0.8333923956453685,0.988095238095238,0.865979381443299
beatles/beatles_10_CD2_The_Beatles_01_Birthday/track.npy,beatles,0.9971428571428571,1.0,0.9971428571428571,1.0,0.9081054381871972,0.9064787014589821,0.9985693848354792,1.0
beatles/beatles_10_CD2_The_Beatles_13_Good_Night/track.npy,beatles,0.8721461187214612,0.1958762886597938,0.8721461187214612,0.16326530612244897,0.6421933923583852,0.34657654174585434,0.8357487922705314,0.4742268041237114
beatles/beatles_11_Abbey_Road_12_Polythene_Pam/track.npy,beatles,0.6844919786096256,0.6086956521739131,0.6844919786096256,0.6086956521739131,0.8604355832818651,0.8008281131584217,0.9106628242074929,0.8395061728395062
beatles/beatles_11_Abbey_Road_15_Carry_That_Weight/track.npy,beatles,1.0,1.0,1.0,1.0,0.9237075556505578,0.9050929713336338,1.0,1.0
beatles/beatles_12_Let_It_Be_11_For_You_Blue/track.npy,beatles,0.9967213114754099,1.0,0.9967213114754099,1.0,0.9284973857839723,0.9407056797215023,0.9967213114754099,1.0
beatles/beatles_12_Let_It_Be_12_Get_Back/track.npy,beatles,0.94375,0.6956521739130435,0.94375,0.6956521739130435,0.8555581905806919,0.7727674441632455,0.9617834394904459,0.863905325443787
candombe/csic.1995_ansina2_01/track.npy,candombe,1.0,1.0,1.0,1.0,0.9742771084050224,0.9748301649623861,1.0,1.0
candombe/csic.1995_cuareim_01/track.npy,candombe,0.9962168978562421,0.9393939393939394,0.9962168978562421,0.9393939393939394,0.9804355292113365,0.9372945874495727,0.998104864181933,0.9545454545454546
candombe/zavala.muniz.2014_41/track.npy,candombe,0.9941002949852508,0.8588235294117647,0.9941002949852508,0.8588235294117647,0.967769384787827,0.8497868757007739,0.9970501474926253,0.8823529411764706
candombe/zavala.muniz.2014_47/track.npy,candombe,0.9972375690607734,1.0,0.9972375690607734,1.0,0.9556470207508484,0.9629669724666572,0.9986168741355463,1.0
filosax/filosax_02/track.npy,filosax,0.995768688293371,0.9943502824858758,0.995768688293371,0.9943502824858758,0.9480531519700859,0.9366044600511519,0.9964714184897671,0.9943502824858758
filosax/filosax_03/track.npy,filosax,0.9960552268244576,1.0,0.9960552268244576,1.0,0.9166892237945847,0.9000613116251306,0.9985199802664035,1.0
filosax/filosax_22/track.npy,filosax,0.9674185463659147,0.8896321070234113,0.9674185463659147,0.8896321070234113,0.9432790452954032,0.8699158674067242,0.9843286742905548,0.9152542372881355
filosax/filosax_36/track.npy,filosax,0.9976340694006309,0.8955696202531646,0.9976340694006309,0.8955696202531646,0.9533112586143353,0.8952964218551055,0.9988156336360048,0.9387096774193548
filosax/filosax_37/track.npy,filosax,0.9841463414634146,0.8975609756097561,0.9841463414634146,0.8975609756097561,0.9139046721435095,0.8376854859008817,0.9920098340503996,0.918918918918919
filosax/filosax_45/track.npy,filosax,0.9947712418300654,0.7777777777777778,0.9947712418300654,0.7777777777777778,0.9203055995598896,0.8216418943488892,0.9973787680209699,0.8944723618090452
groove_midi/drummer10_session1_10_jazz-swing_110_beat_4-4/track.npy,groove_midi,0.9936102236421726,0.4935064935064935,0.9936102236421726,0.3333333333333333,0.9192587514135556,0.49659940810364833,0.9967948717948718,0.4473684210526316
groove_midi/drummer10_session1_4_jazz-swing_215_beat_4-4/track.npy,groove_midi,0.993006993006993,0.9722222222222222,0.993006993006993,0.9722222222222222,0.916824082624809,0.927995511728127,0.9964912280701755,0.9859154929577464
groove_midi/drummer1_eval_session_3_soul-groove3_86_beat_4-4/track.npy,groove_midi,1.0,1.0,1.0,1.0,0.9729039802824377,0.9729979199101155,1.0,1.0
groove_midi/drummer1_session1_184_reggae_78_beat_4-4/track.npy,groove_midi,0.9794520547945206,0.6666666666666666,0.9794520547945206,0.6666666666666666,0.9003566645224682,0.8315572012737629,0.9896193771626297,0.8955223880597015
groove_midi/drummer1_session1_1_funk_80_beat_4-4/track.npy,groove_midi,0.9553571428571429,0.8214285714285714,0.9553571428571429,0.8214285714285714,0.8266330109512992,0.7319753191547236,0.9864253393665159,0.8363636363636364
groove_midi/drummer1_session1_2_funk_80_beat_4-4/track.npy,groove_midi,0.990909090909091,0.9642857142857143,0.990909090909091,0.9642857142857143,0.8825183531984595,0.8933432929322775,0.995433789954338,0.9818181818181818
groove_midi/drummer1_session1_48_jazz_93_beat_4-4/track.npy,groove_midi,1.0,1.0,1.0,1.0,0.8902260138604131,0.8799933868168812,1.0,1.0
groove_midi/drummer1_session1_52_jazz_125_beat_4-4/track.npy,groove_midi,0.9956709956709957,0.9482758620689655,0.9956709956709957,0.9482758620689655,0.871857910318773,0.8319418965932579,0.9978308026030369,0.9655172413793104
groove_midi/drummer1_session1_80_dance-breakbeat_170_beat_4-4/track.npy,groove_midi,0.8617363344051447,0.5945945945945946,0.8617363344051447,0.5945945945945946,0.8757706039566301,0.6906010115196379,0.9322314049586777,0.7323943661971832
groove_midi/drummer1_session2_35_punk_128_beat_4-4/track.npy,groove_midi,0.9911894273127754,0.8947368421052632,0.9911894273127754,0.8947368421052632,0.9494997878770117,0.8765931572228463,0.9955752212389382,0.9203539823008849
groove_midi/drummer3_session1_11_rock_120_beat_4-4/track.npy,groove_midi,1.0,1.0,1.0,1.0,0.7596586423946153,0.7448972448446174,1.0,1.0
groove_midi/drummer3_session1_35_rock_120_beat_4-4/track.npy,groove_midi,0.9871794871794872,0.6,0.9871794871794872,0.6,0.8724678723241882,0.5929953208547505,0.9871794871794872,0.6666666666666667
groove_midi/drummer3_session1_4_rock_105_beat_4-4/track.npy,groove_midi,1.0,1.0,1.0,1.0,0.9012462537283894,0.9141932727315565,1.0,1.0
groove_midi/drummer3_session1_8_jazz_105_beat_4-4/track.npy,groove_midi,0.5256410256410257,0.5666666666666667,0.5256410256410257,0.5666666666666667,0.6317541668816886,0.46666008433705036,0.8086642599277978,0.6
groove_midi/drummer4_session1_5_latin-brazilian_184_beat_4-4/track.npy,groove_midi,0.9811320754716981,0.7142857142857143,0.0,0.0,0.7124893077071554,0.5418088810891142,0.6666666666666666,0.5
groove_midi/drummer5_eval_session_10_soul-groove10_102_beat_4-4/track.npy,groove_midi,1.0,1.0,1.0,1.0,0.9600827944254069,0.9680603560328263,1.0,1.0
groove_midi/drummer5_session1_13_afrocuban-calypso_124_beat_4-4/track.npy,groove_midi,0.997179125528914,0.9606741573033708,0.997179125528914,0.9606741573033708,0.9544841257416504,0.9220196200449398,0.998589562764457,0.9690140845070423
groove_midi/drummer5_session1_18_afrocuban_128_beat_4-4/track.npy,groove_midi,0.7527881040892194,0.3983050847457627,0.7527881040892194,0.3983050847457627,0.8087537223021912,0.5015621114022419,0.894164193867458,0.5454545454545454
groove_midi/drummer5_session1_7_latin-brazilian-maracatu_96_beat_4-4/track.npy,groove_midi,0.8022988505747126,0.7714285714285715,0.8022988505747126,0.7714285714285715,0.7857185172201387,0.6798347026060049,0.9299516908212561,0.8137254901960784
groove_midi/drummer5_session2_4_reggae_141_beat_4-4/track.npy,groove_midi,0.9430379746835443,0.2542372881355932,0.9430379746835443,0.0,0.8571971160902869,0.35497208761962856,0.9798515376458111,0.1900452488687783
groove_midi/drummer7_eval_session_10_soul-groove10_102_beat_4-4/track.npy,groove_midi,1.0,1.0,1.0,1.0,0.9572548838042314,0.9537885771179658,1.0,1.0
groove_midi/drummer7_eval_session_8_rock-groove8_65_beat_4-4/track.npy,groove_midi,0.9830508474576272,0.9333333333333333,0.9830508474576272,0.9333333333333333,0.8518657792159122,0.8122733476686664,0.9743589743589743,0.9655172413793104
groove_midi/drummer7_session1_14_jazz_100_beat_4-4/track.npy,groove_midi,0.989010989010989,0.46511627906976744,0.989010989010989,0.0,0.8775835361030143,0.5354304556562688,0.994475138121547,0.36363636363636365
groove_midi/drummer7_session1_38_hiphop_100_beat_4-4/track.npy,groove_midi,1.0,0.0,1.0,0.0,0.9169039832099508,4.5667763257501766e-46,1.0,0.0
groove_midi/drummer7_session1_7_rock_93_beat_4-4/track.npy,groove_midi,0.975609756097561,1.0,0.975609756097561,1.0,0.8385992946014885,0.8475234694780104,0.9876543209876543,1.0
groove_midi/drummer7_session2_100_pop_142_beat_4-4/track.npy,groove_midi,0.9818181818181818,0.6428571428571429,0.9818181818181818,0.6428571428571429,0.7961819591453398,0.4713057934204827,0.9908256880733944,0.6428571428571429
groove_midi/drummer7_session2_1_rock_120_beat_4-4/track.npy,groove_midi,0.9754098360655737,1.0,0.9754098360655737,1.0,0.884099487039852,0.8922139936726333,0.9875518672199171,1.0
groove_midi/drummer7_session2_29_rock_75_beat_4-4/track.npy,groove_midi,0.9705882352941176,1.0,0.9705882352941176,1.0,0.8167021376969442,0.8000823197807739,0.9253731343283583,0.8888888888888888
groove_midi/drummer7_session2_8_rock_95_beat_4-4/track.npy,groove_midi,0.9879518072289156,0.8604651162790697,0.9879518072289156,0.8604651162790697,0.9043829903706297,0.8347393287427713,0.993939393939394,0.9047619047619047
groove_midi/drummer7_session2_96_pop_142_beat_4-4/track.npy,groove_midi,0.9947916666666666,1.0,0.9947916666666666,1.0,0.9383702644822631,0.9409221428350053,0.9973890339425587,1.0
groove_midi/drummer7_session3_131_soul_105_beat_4-4/track.npy,groove_midi,0.9791666666666666,0.75,0.9791666666666666,0.75,0.8012157654874711,0.6909961554750542,0.9894736842105264,0.8695652173913043
groove_midi/drummer7_session3_65_funk_112_beat_4-4/track.npy,groove_midi,0.993006993006993,0.9722222222222222,0.993006993006993,0.9722222222222222,0.9537273388874447,0.9358866753541248,0.9964912280701755,0.9859154929577464
groove_midi/drummer7_session3_91_neworleans-funk_93_beat_4-4/track.npy,groove_midi,0.9795918367346939,0.9230769230769231,0.9795918367346939,0.9230769230769231,0.8684000000162853,0.8203284534089945,0.9896907216494846,0.9600000000000001
groove_midi/drummer8_eval_session_6_hiphop-groove6_87_beat_4-4/track.npy,groove_midi,1.0,1.0,1.0,1.0,0.837608573418741,0.856215112658519,1.0,1.0
groove_midi/drummer8_eval_session_7_pop-groove7_138_beat_4-4/track.npy,groove_midi,0.9811320754716981,0.6153846153846154,0.9811320754716981,0.6153846153846154,0.9473637278672803,0.6686394563973098,0.9904761904761905,0.6923076923076923
groove_midi/drummer8_session1_18_funk_108_beat_4-4/track.npy,groove_midi,0.9962962962962963,0.6119402985074627,0.9962962962962963,0.3582089552238806,0.9428920056432992,0.4823584888612431,0.9962962962962963,0.35820895522388063
groove_midi/drummer8_session1_19_funk_108_beat_4-4/track.npy,groove_midi,0.8914956011730205,0.7590361445783133,0.8914956011730205,0.7590361445783133,0.9009667888389277,0.7325057366754829,0.953662182361734,0.7757575757575758
groove_midi/drummer8_session1_22_funk_115_beat_4-4/track.npy,groove_midi,0.5498938428874734,0.2796610169491525,0.5498938428874734,0.2796610169491525,0.6363409714666914,0.40122678654036154,0.6929824561403509,0.43564356435643564
groove_midi/drummer8_session1_5_hiphop_90_beat_4-4/track.npy,groove_midi,0.9945945945945946,0.9787234042553191,0.9945945945945946,0.9787234042553191,0.9573509930978676,0.9517068782660497,0.997289972899729,0.989247311827957
groove_midi/drummer8_session1_9_funk_96_beat_4-4/track.npy,groove_midi,0.987012987012987,0.9487179487179487,0.987012987012987,0.9487179487179487,0.958233333016353,0.9278734968047253,0.9934640522875817,0.9610389610389611
groove_midi/drummer9_session1_25_rock_90_beat_4-4/track.npy,groove_midi,0.8301886792452831,0.7857142857142857,0.8301886792452831,0.7857142857142857,0.8188135512932905,0.6889744938092323,0.9504950495049505,0.8461538461538461
groove_midi/drummer9_session1_2_rock_100_beat_4-4/track.npy,groove_midi,1.0,1.0,1.0,1.0,0.9759950646178549,0.9687580766236811,1.0,1.0
guitarset/00_BN2-166-Ab_comp_mix/track.npy,guitarset,1.0,0.0,1.0,0.0,0.9207696700378877,2.6391702269605627e-17,1.0,0.0
guitarset/00_BN3-154-E_comp_mix/track.npy,guitarset,1.0,1.0,1.0,1.0,0.9258539774527512,0.904711543915116,1.0,1.0
guitarset/00_Funk1-97-C_comp_mix/track.npy,guitarset,0.9743589743589743,1.0,0.9743589743589743,1.0,0.9305511169307885,0.9714128782556902,0.9870129870129869,1.0
guitarset/01_BN3-119-G_comp_mix/track.npy,guitarset,0.9818181818181818,0.9285714285714286,0.9818181818181818,0.9285714285714286,0.9351976905173126,0.8954914524578238,0.9908256880733944,0.962962962962963
guitarset/01_BN3-154-E_comp_mix/track.npy,guitarset,1.0,1.0,1.0,1.0,0.9796333127762711,0.9894561605524109,1.0,1.0
guitarset/01_Rock1-90-C#_comp_mix/track.npy,guitarset,0.975609756097561,0.9090909090909091,0.975609756097561,0.9090909090909091,0.9382356335919989,0.8809283243685864,0.9876543209876543,0.9523809523809523
guitarset/01_Rock3-148-C_comp_mix/track.npy,guitarset,1.0,1.0,1.0,1.0,0.9466016610173147,0.9544856382817938,1.0,1.0
guitarset/02_BN2-131-B_comp_mix/track.npy,guitarset,1.0,1.0,1.0,1.0,0.9673297672114852,0.9764026269878718,1.0,1.0
guitarset/02_Jazz3-150-C_comp_mix/track.npy,guitarset,1.0,1.0,1.0,1.0,0.9028869818015611,0.8544739656428865,1.0,1.0
guitarset/02_Rock2-142-D_comp_mix/track.npy,guitarset,1.0,1.0,1.0,1.0,0.8375142934093354,0.8557591455318561,1.0,1.0
guitarset/02_Rock3-148-C_comp_mix/track.npy,guitarset,1.0,1.0,1.0,1.0,0.8784176340432079,0.8972644093378571,1.0,1.0
guitarset/02_SS3-98-C_comp_mix/track.npy,guitarset,0.9821428571428571,0.9285714285714286,0.9821428571428571,0.9285714285714286,0.959095172334221,0.925414955923406,0.9909909909909909,0.962962962962963
guitarset/03_BN1-147-Gb_comp_mix/track.npy,guitarset,1.0,1.0,1.0,1.0,0.9575039815044369,0.943702844327393,1.0,1.0
guitarset/03_Jazz2-187-F#_comp_mix/track.npy,guitarset,0.8269230769230769,0.8461538461538461,0.8269230769230769,0.8461538461538461,0.8244880760361321,0.706588153720601,0.9600000000000001,0.8799999999999999
guitarset/03_Rock2-142-D_comp_mix/track.npy,guitarset,1.0,1.0,1.0,1.0,0.9189522068353345,0.926911904527501,1.0,1.0
guitarset/03_SS3-98-C_comp_mix/track.npy,guitarset,0.9821428571428571,0.9285714285714286,0.9821428571428571,0.9285714285714286,0.9382629039625464,0.8858758948658284,0.9909909909909909,0.962962962962963
guitarset/04_BN2-131-B_comp_mix/track.npy,guitarset,0.9259259259259259,0.9285714285714286,0.9259259259259259,0.9285714285714286,0.8897582641270375,0.9214540052641277,0.9532710280373832,0.962962962962963
guitarset/05_Funk2-108-Eb_comp_mix/track.npy,guitarset,0.7288135593220338,0.4666666666666667,0.7288135593220338,0.4666666666666667,0.7933212449055669,0.5178251003859059,0.8771929824561402,0.5714285714285715
guitarset/05_Jazz1-130-D_comp_mix/track.npy,guitarset,1.0,0.9444444444444444,1.0,0.0,0.7811061810867944,0.6445125489364948,1.0,0.6666666666666666
guitarset/05_Jazz1-200-B_comp_mix/track.npy,guitarset,1.0,1.0,1.0,1.0,0.9465806483064616,0.9166533103432355,1.0,1.0
guitarset/05_Jazz3-150-C_comp_mix/track.npy,guitarset,0.9607843137254902,0.75,0.9607843137254902,0.75,0.889654310378235,0.7718842150659371,0.99009900990099,0.8333333333333334
guitarset/05_SS3-84-Bb_comp_mix/track.npy,guitarset,1.0,1.0,1.0,1.0,0.8434797665467374,0.8150429979003818,1.0,1.0
hainsworth/hainsworth_001/track.npy,hainsworth,1.0,1.0,1.0,1.0,0.976966440705427,0.9865578917112807,1.0,1.0
hainsworth/hainsworth_016/track.npy,hainsworth,0.7608695652173914,0.6666666666666666,0.7608695652173914,0.0,0.8846984282322511,0.5311410115448559,0.9213483146067417,0.4444444444444444
hainsworth/hainsworth_046/track.npy,hainsworth,0.5081967213114754,0.5909090909090909,0.5081967213114754,0.5909090909090909,0.7810833685767032,0.6469962621808779,0.8229665071770335,0.6666666666666666
hainsworth/hainsworth_060/track.npy,hainsworth,1.0,0.5714285714285714,1.0,0.28205128205128205,0.9536515630319436,0.7828787731847879,1.0,0.7812500000000001
hainsworth/hainsworth_070/track.npy,hainsworth,0.6060606060606061,0.3076923076923077,0.6060606060606061,0.3076923076923077,0.7227513015048875,0.30140410338728085,0.8595744680851064,0.38461538461538464
hainsworth/hainsworth_074/track.npy,hainsworth,0.7703703703703704,0.36363636363636365,0.13333333333333333,0.13636363636363635,0.8087210928142616,0.5952521913105734,0.7234042553191489,0.5641025641025642
hainsworth/hainsworth_078/track.npy,hainsworth,1.0,0.42857142857142855,1.0,0.42857142857142855,0.9216668644789697,0.4068446729340987,1.0,0.4642857142857143
hainsworth/hainsworth_087/track.npy,hainsworth,1.0,1.0,1.0,1.0,0.9752312239622678,0.9642075685801043,1.0,1.0
hainsworth/hainsworth_094/track.npy,hainsworth,1.0,1.0,1.0,1.0,0.9165748125699122,0.9309821785138468,1.0,1.0
hainsworth/hainsworth_095/track.npy,hainsworth,1.0,1.0,1.0,1.0,0.9748359921409265,0.9715786464948408,1.0,1.0
hainsworth/hainsworth_098/track.npy,hainsworth,1.0,1.0,1.0,1.0,0.9754084076744558,0.9734275683333352,1.0,1.0
hainsworth/hainsworth_103/track.npy,hainsworth,0.3025210084033613,0.23809523809523808,0.3025210084033613,0.23809523809523808,0.6543184333894838,0.26944579141472047,0.7204301075268817,0.2631578947368421
hainsworth/hainsworth_119/track.npy,hainsworth,1.0,1.0,1.0,1.0,0.9596699093384695,0.9635230972992047,1.0,1.0
hainsworth/hainsworth_127/track.npy,hainsworth,0.4519230769230769,0.21428571428571427,0.4519230769230769,0.03571428571428571,0.4916822972806238,0.1783397054826128,0.6,0.2926829268292683
hainsworth/hainsworth_133/track.npy,hainsworth,0.3473684210526316,0.08,0.3473684210526316,0.0,0.4540232483536677,0.11663973628659444,0.6068965517241379,0.2580645161290323
hainsworth/hainsworth_134/track.npy,hainsworth,0.24793388429752067,0.08333333333333333,0.24793388429752067,0.0,0.4024878282342766,0.19052030811921852,0.5089285714285714,0.23255813953488372
hainsworth/hainsworth_146/track.npy,hainsworth,1.0,1.0,1.0,1.0,0.9800010107472071,0.9827129769956257,1.0,1.0
hainsworth/hainsworth_148/track.npy,hainsworth,1.0,1.0,1.0,1.0,0.9609567932558479,0.96646887224946,1.0,1.0
hainsworth/hainsworth_157/track.npy,hainsworth,1.0,1.0,1.0,1.0,0.980804208409243,0.9855199522781809,1.0,1.0
hainsworth/hainsworth_160/track.npy,hainsworth,1.0,1.0,1.0,1.0,0.9636272698181229,0.95742150329501,1.0,1.0
hainsworth/hainsworth_164/track.npy,hainsworth,1.0,1.0,1.0,1.0,0.9695823262088007,0.9831964548356321,1.0,1.0
hainsworth/hainsworth_168/track.npy,hainsworth,1.0,1.0,1.0,1.0,0.9765769990910411,0.9783790493378299,1.0,1.0
hainsworth/hainsworth_205/track.npy,hainsworth,0.0,0.6551724137931034,0.0,0.0,0.15797799487826852,0.2270002066887621,0.28717948717948716,0.2857142857142857
hainsworth/hainsworth_208/track.npy,hainsworth,0.8187919463087249,0.36363636363636365,0.013422818791946308,0.12,0.7339676102128789,0.382876126275906,0.6330275229357799,0.38095238095238104
hainsworth/hainsworth_217/track.npy,hainsworth,1.0,1.0,1.0,1.0,0.9733104749070803,0.9566006404986294,1.0,1.0
hainsworth/hainsworth_229/track.npy,hainsworth,1.0,1.0,1.0,1.0,0.9801343733286777,0.979758375310104,1.0,1.0
hainsworth/hainsworth_233/track.npy,hainsworth,1.0,1.0,1.0,1.0,0.983408031422226,0.982156234842057,1.0,1.0
hainsworth/hainsworth_241/track.npy,hainsworth,0.9813084112149533,0.0,0.0,0.0,0.7687585681211084,0.44368842967593525,0.6625,0.393939393939394
harmonix/0011_areyouexperienced/track.npy,harmonix,0.8979591836734694,0.27380952380952384,0.8979591836734694,0.27380952380952384,0.8899691471453451,0.341079829171855,0.9540740740740741,0.32679738562091504
harmonix/0021_better/track.npy,harmonix,0.9244897959183673,0.8151260504201681,0.9244897959183673,0.8151260504201681,0.8882787091972625,0.7764899295185415,0.9565217391304348,0.8389830508474577
harmonix/0036_breakingthegirl/track.npy,harmonix,0.8037383177570093,0.6701754385964912,0.8037383177570093,0.06437768240343347,0.8483358328500793,0.6655369493720484,0.9165659008464329,0.6276595744680852
harmonix/0046_castlesmadeofsand/track.npy,harmonix,0.6401273885350318,0.3783783783783784,0.6401273885350318,0.3783783783783784,0.6977066260159368,0.3840826090187036,0.8014440433212996,0.463768115942029
harmonix/0047_chinacatsunflower/track.npy,harmonix,0.9262295081967213,0.7303370786516854,0.9262295081967213,0.7303370786516854,0.8440843091513222,0.6736091934509457,0.9720670391061452,0.8208092485549132
harmonix/0059_cupidshuffle/track.npy,harmonix,0.4753199268738574,0.6492537313432836,0.4753199268738574,0.6492537313432836,0.34109910540571153,0.28221279753885786,0.45185185185185184,0.3888888888888889
harmonix/0066_decentdaysandnights/track.npy,harmonix,0.9903381642512077,0.3333333333333333,0.9903381642512077,0.3333333333333333,0.9156170814960519,0.4453347491370041,0.993939393939394,0.48979591836734687
harmonix/0122_heardemall/track.npy,harmonix,0.6856368563685636,0.6170212765957447,0.04487179487179487,0.6170212765957447,0.7105555984056895,0.5515578212675355,0.5674044265593561,0.5747126436781609
harmonix/0130_hotstuff/track.npy,harmonix,1.0,1.0,1.0,1.0,0.9552616253041355,0.9567179791109555,1.0,1.0
harmonix/0138_ilikeit/track.npy,harmonix,1.0,1.0,1.0,1.0,0.9449522164774968,0.9307713790757436,1.0,1.0
harmonix/0141_indaclub/track.npy,harmonix,1.0,1.0,1.0,1.0,0.6728083288025157,0.6677949161992124,1.0,1.0
harmonix/0142_indestructible/track.npy,harmonix,0.972972972972973,0.525,0.972972972972973,0.525,0.9225360584986384,0.5598029177688137,0.9909638554216867,0.6013071895424835
harmonix/0150_justdance/track.npy,harmonix,1.0,1.0,1.0,1.0,0.9508964749720058,0.9606706882655827,1.0,1.0
harmonix/0166_macarena/track.npy,harmonix,1.0,0.7741935483870968,1.0,0.7741935483870968,0.8455790911133072,0.6515259002926053,1.0,0.7903225806451614
harmonix/0169_manicdepression/track.npy,harmonix,0.9168207024029574,0.2742857142857143,0.9168207024029574,0.2742857142857143,0.8927070296979946,0.5125962848964937,0.9530956848030018,0.5483870967741936
harmonix/0170_manyshadesofblack/track.npy,harmonix,0.0025188916876574307,0.837037037037037,0.0025188916876574307,0.0,0.4592617442662745,0.6390516261921789,0.5014084507042254,0.5279187817258884
harmonix/0173_massiveattack/track.npy,harmonix,0.8810198300283286,0.5280898876404494,0.0,0.05333333333333334,0.690417217367497,0.5180876410738771,0.6132812500000001,0.4666666666666667
harmonix/0174_maythisbelove/track.npy,harmonix,0.9113475177304965,0.8571428571428571,0.9113475177304965,0.8571428571428571,0.8855172234405327,0.8561043982797082,0.9335727109515259,0.8857142857142857
harmonix/0175_meddle/track.npy,harmonix,0.9945205479452055,0.7362637362637363,0.0,0.13414634146341464,0.8053773762268861,0.7353073558789252,0.6654478976234004,0.640625
harmonix/0186_nearlylostyou/track.npy,harmonix,0.6117886178861789,0.4878048780487805,0.6117886178861789,0.4878048780487805,0.8010827373145456,0.5443787096089425,0.8868980963045913,0.6111111111111112
harmonix/0219_pondereplay/track.npy,harmonix,0.9767981438515081,0.5327102803738317,0.011655011655011656,0.24096385542168675,0.8005075884427706,0.663957018634412,0.6697674418604651,0.6277372262773723
harmonix/0223_reallove/track.npy,harmonix,1.0,0.9838709677419355,1.0,0.0,0.8803226634178519,0.4393190801144019,1.0,0.0
harmonix/0236_rumpshaker/track.npy,harmonix,1.0,1.0,1.0,1.0,0.9211756910280351,0.9249299168808329,1.0,1.0
harmonix/0239_sandm/track.npy,harmonix,0.9938080495356038,0.9753086419753086,0.9938080495356038,0.9753086419753086,0.9406888249855059,0.9325459486681477,0.9968944099378882,0.9876543209876543
harmonix/0244_sayaah/track.npy,harmonix,0.6556016597510373,0.6415094339622641,0.6556016597510373,0.6415094339622641,0.6803926288978636,0.6404756428046903,0.9004524886877828,0.7307692307692308
harmonix/0249_sensualseduction/track.npy,harmonix,0.9766454352441614,0.8898305084745762,0.9766454352441614,0.8898305084745762,0.9451669626824004,0.8769431878914817,0.9745222929936306,0.9067796610169492
harmonix/0266_straightup/track.npy,harmonix,1.0,1.0,1.0,1.0,0.8761439299012675,0.8731670961369515,1.0,1.0
harmonix/0272_teachmehowtojerk/track.npy,harmonix,0.9917695473251029,0.9344262295081968,0.9917695473251029,0.9344262295081968,0.9747697885728749,0.9359576793654093,0.9958677685950413,0.9508196721311475
harmonix/0273_technologic/track.npy,harmonix,1.0,1.0,1.0,1.0,0.9341199624916827,0.9258032150824131,1.0,1.0
harmonix/0277_thashiznit/track.npy,harmonix,0.925754060324826,0.7962962962962963,0.0,0.004651162790697674,0.7582374378942438,0.7012625818261872,0.6337254901960785,0.6226415094339622
harmonix/0294_tonighttonight/track.npy,harmonix,0.984375,0.9,0.984375,0.9,0.9646214508392309,0.8794546983173597,0.9921507064364208,0.925
harmonix/0302_venus/track.npy,harmonix,1.0,1.0,1.0,1.0,0.9801008928615085,0.9796765344012605,1.0,1.0
harmonix/0311_whipmyhair/track.npy,harmonix,0.9315789473684211,0.8043478260869565,0.9315789473684211,0.8043478260869565,0.8911891575367407,0.807634709367003,0.983957219251337,0.8764044943820224
harmonix/0330_50waystosaygoodbye/track.npy,harmonix,0.9327433628318584,0.8897058823529411,0.9327433628318584,0.8897058823529411,0.918453704567449,0.8752440705900391,0.9819819819819819,0.9185185185185185
harmonix/0334_alltherightplaces/track.npy,harmonix,0.8492307692307692,0.8513513513513513,0.8492307692307692,0.8513513513513513,0.9238756327647923,0.836631204521351,0.9600000000000001,0.8648648648648649
harmonix/0344_beautifullife/track.npy,harmonix,0.7184643510054844,0.7899159663865546,0.7184643510054844,0.7899159663865546,0.774000067694758,0.7095144280095983,0.9212598425196851,0.8270042194092827
harmonix/0348_blackout/track.npy,harmonix,0.9928057553956835,1.0,0.9928057553956835,1.0,0.9570787633518355,0.9630937830134827,0.996389891696751,1.0
harmonix/0354_brandnewday/track.npy,harmonix,0.9569620253164557,0.9591836734693877,0.9569620253164557,0.9591836734693877,0.9419160150636502,0.9487626404011177,0.9820971867007673,0.9846153846153847
harmonix/0376_earthquake/track.npy,harmonix,0.8899082568807339,0.8375,0.014240506329113924,0.0,0.6972460212139249,0.6657704808536138,0.6319082377476538,0.5966386554621849
harmonix/0399_gotmygirls/track.npy,harmonix,0.9913793103448276,1.0,0.9913793103448276,1.0,0.8755478779461741,0.8760289285454204,0.9956709956709957,1.0
harmonix/0415_illbewaiting/track.npy,harmonix,0.9971751412429378,0.9333333333333333,0.9971751412429378,0.9333333333333333,0.9675039866733167,0.9185103857988314,0.9985855728429986,0.9497206703910613
harmonix/0425_justakiss/track.npy,harmonix,1.0,1.0,1.0,1.0,0.9769109022710434,0.9788587770168979,1.0,1.0
harmonix/0451_mrknowitall/track.npy,harmonix,0.9861111111111112,1.0,0.9861111111111112,1.0,0.9503027856658901,0.9451599642371118,0.99581589958159,1.0
harmonix/0453_mygirl/track.npy,harmonix,0.9652777777777778,0.9722222222222222,0.9652777777777778,0.9722222222222222,0.9580829276658149,0.9641928012104501,0.9823321554770319,0.9859154929577464
harmonix/0454_myohmy/track.npy,harmonix,0.9818181818181818,0.9878048780487805,0.9818181818181818,0.9878048780487805,0.9759503012978761,0.9769775092603569,0.9908256880733944,0.9938650306748467
harmonix/0465_onething/track.npy,harmonix,0.9974874371859297,1.0,0.9974874371859297,1.0,0.9681038234741064,0.9686413180712742,0.9987421383647799,1.0
harmonix/0466_onthedarkside/track.npy,harmonix,0.39675174013921116,0.6388888888888888,0.39675174013921116,0.6388888888888888,0.4048383060319203,0.398500919208672,0.7427122940430925,0.7272727272727272
harmonix/0470_ours/track.npy,harmonix,0.8827470686767169,0.86,0.8827470686767169,0.86,0.9099438169338498,0.889019511050066,0.9681309216192937,0.9484536082474226
harmonix/0472_partofme/track.npy,harmonix,0.9888143176733781,0.9910714285714286,0.9888143176733781,0.9910714285714286,0.5611702419354028,0.5592305698397307,0.9943757030371204,0.9955156950672646
harmonix/0488_september/track.npy,harmonix,0.7833333333333333,0.8656716417910447,0.7833333333333333,0.8656716417910447,0.8889236798390214,0.8540002375216604,0.9417989417989417,0.8955223880597015
harmonix/0489_shakeyourbody/track.npy,harmonix,0.9976415094339622,0.9439252336448598,0.9976415094339622,0.9439252336448598,0.8860805071544761,0.8541835752925879,0.998819362455726,0.9577464788732395
harmonix/0503_stucklikeglue/track.npy,harmonix,0.87518573551263,0.8502994011976048,0.06614173228346457,0.07096774193548387,0.8119870217874916,0.8045625575101201,0.6934156378600823,0.6861924686192469
harmonix/0514_thetimeofmylife/track.npy,harmonix,0.8796296296296297,0.8582677165354331,0.8796296296296297,0.8582677165354331,0.8299755893911976,0.8003019023733449,0.945945945945946,0.8844621513944222
harmonix/0520_tonight/track.npy,harmonix,0.9957627118644068,0.9915254237288136,0.9957627118644068,0.9915254237288136,0.9643741942190435,0.9632260795271135,0.9978768577494692,0.9957446808510638
harmonix/0531_whenwestandtogether/track.npy,harmonix,1.0,0.9722222222222222,1.0,0.9722222222222222,0.9614626633671659,0.9494897630427511,1.0,0.993006993006993
harmonix/0539_youandi/track.npy,harmonix,0.6517857142857143,0.5952380952380952,0.11336032388663968,0.11290322580645161,0.2744106691745186,0.26748306975565944,0.6144578313253013,0.5576923076923077
harmonix/0554_allalright/track.npy,harmonix,0.603648424543947,0.609271523178808,0.23847695390781562,0.21428571428571427,0.7756952349199706,0.7210037515689107,0.7540574282147317,0.6831683168316832
harmonix/0562_alreadygone/track.npy,harmonix,0.9821428571428571,0.9879518072289156,0.9821428571428571,0.9879518072289156,0.9134414747744618,0.906392861415067,0.9925037481259371,0.9879518072289156
harmonix/0567_anythingcouldhappen/track.npy,harmonix,0.9728601252609603,0.85,0.9728601252609603,0.85,0.9619951342506449,0.8522967554590433,0.992639327024185,0.8739495798319329
harmonix/0604_bustitbabypart2/track.npy,harmonix,0.5867346938775511,0.5730337078651685,0.1936026936026936,0.12837837837837837,0.7565926305628354,0.6467035398530014,0.7403651115618661,0.6075949367088608
harmonix/0629_crush/track.npy,harmonix,0.9816849816849816,0.9420289855072463,0.9816849816849816,0.9420289855072463,0.955502280187808,0.9364466698662559,0.9907578558225507,0.9705882352941176
harmonix/0637_daynniteremix/track.npy,harmonix,0.9981308411214953,0.9776119402985075,0.9981308411214953,0.9776119402985075,0.8088860687064339,0.7957256163964685,0.9990645463049579,0.9850746268656716
harmonix/0645_dontstopthemusic/track.npy,harmonix,0.9810964083175804,0.8636363636363636,0.9810964083175804,0.8636363636363636,0.9272168880904553,0.8141014882118919,0.9904761904761905,0.8745247148288973
harmonix/0659_everybody/track.npy,harmonix,0.9832869080779945,0.9333333333333333,0.9832869080779945,0.9333333333333333,0.97160119246248,0.9353703489644054,0.9915730337078652,0.9497206703910613
harmonix/0670_fearless/track.npy,harmonix,0.9921875,0.9381443298969072,0.9921875,0.9381443298969072,0.9684298838251673,0.9392306829748736,0.996078431372549,0.9637305699481865
harmonix/0671_feedback/track.npy,harmonix,0.9951219512195122,1.0,0.9951219512195122,1.0,0.9608962424757824,0.9640337272240762,0.9975550122249389,1.0
harmonix/0672_feelitinmybones/track.npy,harmonix,0.9932735426008968,0.972972972972973,0.9932735426008968,0.972972972972973,0.955450684696485,0.9388983656741362,0.9983155530600786,0.9774774774774775
harmonix/0685_forgottolaugh/track.npy,harmonix,0.9964028776978417,0.927536231884058,0.9964028776978417,0.927536231884058,0.9719485292489902,0.9401841581967396,0.9981981981981982,0.9565217391304348
harmonix/0687_getouttamyway/track.npy,harmonix,0.9930167597765364,0.6288659793814433,0.9930167597765364,0.17010309278350516,0.5004439499370646,0.25141652039047774,0.9964961457603364,0.27419354838709675
harmonix/0688_getthepartystarted/track.npy,harmonix,0.992462311557789,1.0,0.992462311557789,1.0,0.9734660118659489,0.974820211782831,0.9962168978562421,1.0
harmonix/0690_givemeeverything/track.npy,harmonix,0.998109640831758,1.0,0.998109640831758,1.0,0.9736403511120071,0.9773876715256489,0.9990539262062441,1.0
harmonix/0702_greenlight/track.npy,harmonix,0.9709401709401709,0.9726027397260274,0.9709401709401709,0.9726027397260274,0.9712295616513984,0.9722456595286979,0.9852558542931482,0.9861111111111112
harmonix/0706_halcyon/track.npy,harmonix,0.503921568627451,0.6770833333333334,0.503921568627451,0.6770833333333334,0.58680631311035,0.5593561083613119,0.7589285714285714,0.6808510638297872
harmonix/0707_halfwaygone/track.npy,harmonix,0.9947916666666666,0.9791666666666666,0.9947916666666666,0.9791666666666666,0.9696535518659533,0.9627871517140232,0.9973890339425587,0.9895833333333334
harmonix/0724_hotmessdj/track.npy,harmonix,0.9967213114754099,1.0,0.9967213114754099,1.0,0.7131826664434079,0.709319914698534,0.9983579638752053,1.0
harmonix/0725_hotncold/track.npy,harmonix,0.9934354485776805,1.0,0.9934354485776805,1.0,0.8784082341090306,0.8593615187958856,0.9967069154774972,1.0
harmonix/0730_hurtssogood/track.npy,harmonix,0.9948717948717949,0.5588235294117647,0.9948717948717949,0.5588235294117647,0.9707727775586904,0.6205639746982441,0.9974293059125964,0.6231155778894472
harmonix/0740_ikissedagirljasonnevins/track.npy,harmonix,0.9977973568281938,0.9646017699115044,0.9977973568281938,0.9646017699115044,0.9569425721997706,0.9311824539387233,0.9988974641675854,0.9734513274336283
harmonix/0746_imnotyourhero/track.npy,harmonix,0.9933481152993349,1.0,0.9933481152993349,1.0,0.962498576194734,0.9629538782909679,0.9966629588431591,1.0
harmonix/0762_iwantitthatway/track.npy,harmonix,0.9646017699115044,0.9642857142857143,0.9646017699115044,0.9642857142857143,0.9268288431704029,0.910675541287014,0.9836552748885588,0.970059880239521
harmonix/0763_iwasafool/track.npy,harmonix,0.9757785467128027,0.9722222222222222,0.9757785467128027,0.9722222222222222,0.9701450690243316,0.9642061690006865,0.9877408056042032,0.979020979020979
harmonix/0779_letitrockfilthy/track.npy,harmonix,0.9978902953586498,0.7457627118644068,0.9978902953586498,0.7457627118644068,0.9713457608890302,0.7350887174528052,0.9989440337909187,0.7542372881355932
harmonix/0781_lettinggoduttylove/track.npy,harmonix,0.8739255014326648,0.8636363636363636,0.8739255014326648,0.8636363636363636,0.8482313404859645,0.7941416208823086,0.9014492753623189,0.8620689655172414
harmonix/0783_lighton/track.npy,harmonix,1.0,0.9152542372881356,1.0,0.9152542372881356,0.9812454047988262,0.9488102001495947,1.0,0.9655172413793103
harmonix/0787_liveyourlife/track.npy,harmonix,0.9639175257731959,0.8969072164948454,0.9639175257731959,0.8969072164948454,0.9398631621950602,0.8948418209046723,0.9882659713168187,0.9319371727748691
harmonix/0791_lollipop/track.npy,harmonix,0.6212534059945504,0.96,0.6212534059945504,0.96,0.8247684402705102,0.831742342256268,0.8932330827067668,0.8993288590604026
harmonix/0807_makemebetter/track.npy,harmonix,0.9916434540389972,0.945054945054945,0.9916434540389972,0.945054945054945,0.9617779568927439,0.925765398328205,0.9972067039106145,0.9502762430939227
harmonix/0831_noair/track.npy,harmonix,0.9882352941176471,0.9529411764705882,0.9882352941176471,0.9529411764705882,0.9145080657112888,0.9059109027125837,0.9940828402366864,0.9704142011834319
harmonix/0835_notetogod/track.npy,harmonix,0.7850877192982456,0.5614035087719298,0.7850877192982456,0.5614035087719298,0.6626063950067269,0.5657909635361874,0.9080590238365494,0.7783251231527094
harmonix/0837_nottonight/track.npy,harmonix,0.9861111111111112,0.9814814814814815,0.9861111111111112,0.9814814814814815,0.9508708131215701,0.94701362718936,0.993006993006993,0.9906542056074767
harmonix/0842_obsessionstatic/track.npy,harmonix,0.9955947136563876,0.9557522123893806,0.9955947136563876,0.9557522123893806,0.9547113599156467,0.9253689942252697,0.9977924944812362,0.9646017699115044
harmonix/0849_onlyyou/track.npy,harmonix,1.0,0.9130434782608695,1.0,0.9130434782608695,0.9800648580930893,0.9312516515288461,1.0,0.9502762430939227
harmonix/0850_onlyyoucanlovemethisway/track.npy,harmonix,0.9930313588850174,1.0,0.9930313588850174,1.0,0.9036494245622013,0.9216499008185672,0.9965034965034965,1.0
harmonix/0855_overyou/track.npy,harmonix,0.9961240310077519,0.9846153846153847,0.9961240310077519,0.9846153846153847,0.938752716714516,0.9401498662748607,0.9980582524271845,0.9922480620155039
harmonix/0860_pieceofme/track.npy,harmonix,0.9974619289340102,1.0,0.9974619289340102,1.0,0.9559610755376865,0.9600014106442455,0.9987293519695045,1.0
harmonix/0866_pokerfacedave/track.npy,harmonix,0.9989200863930886,0.9913419913419913,0.9989200863930886,0.9913419913419913,0.5083609065670361,0.5185071918520385,0.9864937871420854,0.9783549783549783
harmonix/0878_replay/track.npy,harmonix,0.9814126394052045,1.0,0.9814126394052045,1.0,0.9622152306741779,0.9521704405963426,0.9925093632958801,1.0
harmonix/0881_rightround/track.npy,harmonix,0.9901960784313726,1.0,0.9901960784313726,1.0,0.9456297656752907,0.9330500935148289,0.9901719901719902,0.9901960784313726
harmonix/0889_samelove/track.npy,harmonix,0.7311827956989247,0.7567567567567568,0.7311827956989247,0.7567567567567568,0.5704073732759481,0.539106802456561,0.7761852260198456,0.7407407407407407
harmonix/0908_sober/track.npy,harmonix,0.989159891598916,0.978494623655914,0.989159891598916,0.978494623655914,0.9392554485728917,0.9187876441670322,0.9945652173913043,0.9837837837837837
harmonix/0910_solo/track.npy,harmonix,0.6758893280632411,0.6454545454545455,0.6758893280632411,0.6454545454545455,0.5702806061866933,0.4128287698085976,0.9051724137931034,0.6851851851851852
harmonix/0913_somuchlove/track.npy,harmonix,0.9906542056074766,0.44166666666666665,0.9906542056074766,0.4149377593360996,0.970447259509443,0.5374922237240739,0.9942678478374153,0.45833333333333337
harmonix/0924_sunisup/track.npy,harmonix,0.9975961538461539,0.6442307692307693,0.9975961538461539,0.6442307692307693,0.8980088041683344,0.6012890657213515,0.9987966305655837,0.6634615384615384
harmonix/0939_thecure/track.npy,harmonix,0.9977777777777778,0.9469026548672567,0.9977777777777778,0.9469026548672567,0.914820374336916,0.8694006490233508,0.9988876529477196,0.9557522123893806
harmonix/0946_thinkingofyou/track.npy,harmonix,0.46547314578005117,0.3917525773195876,0.46547314578005117,0.3917525773195876,0.686656475911075,0.6259400186465833,0.8365243004418262,0.778443113772455
harmonix/0947_thiskiss/track.npy,harmonix,0.9873684210526316,0.8991596638655462,0.9873684210526316,0.8991596638655462,0.9502848560856781,0.8762555872734936,0.9936440677966102,0.9198312236286919
harmonix/0950_throwyourhandsup/track.npy,harmonix,0.9932279909706546,0.963963963963964,0.9932279909706546,0.963963963963964,0.9448901702287891,0.933081150895527,0.995475113122172,0.9773755656108598
harmonix/0953_tilltheworldends2/track.npy,harmonix,0.9940119760479041,1.0,0.9940119760479041,1.0,0.9483588771515458,0.9511157612440898,0.989010989010989,0.992
harmonix/0961_unfaithfulfemme/track.npy,harmonix,0.9934354485776805,0.9824561403508771,0.9934354485776805,0.9824561403508771,0.9499236189308808,0.9455302090349081,0.9967069154774972,0.9912280701754386
harmonix/0964_wakingupinvegas/track.npy,harmonix,0.8718535469107551,0.7019230769230769,0.8718535469107551,0.7019230769230769,0.8894558130885246,0.8003918778263228,0.9411764705882354,0.8469387755102041
harmonix/0965_wakingupinvegascalvin/track.npy,harmonix,0.9763513513513513,0.7602739726027398,0.9763513513513513,0.7602739726027398,0.933404883646419,0.8090075013279333,0.981260647359455,0.8391608391608392
harmonix/0966_wakingupinvegascalvinh/track.npy,harmonix,0.9788583509513742,0.9316239316239316,0.9788583509513742,0.9316239316239316,0.9520571775750359,0.9191861903124987,0.9883103081827843,0.9487179487179487
harmonix/0967_walkingonadream/track.npy,harmonix,0.9988304093567252,0.9627906976744186,0.9988304093567252,0.9627906976744186,0.9579174553502331,0.9305033202265978,0.9994148624926857,0.9696969696969698
harmonix/0969_webelongtogether/track.npy,harmonix,0.8734177215189873,0.8275862068965517,0.8734177215189873,0.8275862068965517,0.8954565627260265,0.800375051971476,0.9584245076586433,0.8672566371681416
hjdb/hjdb_Being_With_You/track.npy,hjdb,1.0,1.0,1.0,1.0,0.979250571619614,0.9854254669310355,1.0,1.0
hjdb/hjdb_Being_With_You_(Foul_Play_Remix)/track.npy,hjdb,0.9875518672199171,0.7166666666666667,0.9875518672199171,0.7166666666666667,0.9807663509995275,0.7387771472268126,0.9937629937629938,0.75
hjdb/hjdb_Being_With_You_1/track.npy,hjdb,0.9951690821256038,0.8431372549019608,0.9951690821256038,0.8431372549019608,0.98231521461897,0.850198264152931,0.9975786924939467,0.8627450980392157
hjdb/hjdb_Bombscare/track.npy,hjdb,1.0,1.0,1.0,1.0,0.9833104511997379,0.9670516389324629,1.0,1.0
hjdb/hjdb_Breakage4/track.npy,hjdb,1.0,1.0,1.0,1.0,0.9791641349808777,0.9770363446738559,1.0,1.0
hjdb/hjdb_Cant_Stop_The_Rush_(93_Remix)/track.npy,hjdb,0.9823008849557522,0.7857142857142857,0.9823008849557522,0.7857142857142857,0.9666384895763362,0.814242286659804,0.9910714285714286,0.8363636363636364
hjdb/hjdb_Dance_With_Power_(Original_Mix)/track.npy,hjdb,1.0,1.0,1.0,1.0,0.9722872322577473,0.9672623398400694,1.0,1.0
hjdb/hjdb_Deep_Space/track.npy,hjdb,1.0,1.0,1.0,1.0,0.9344567662624355,0.9253199862928858,1.0,1.0
hjdb/hjdb_Dis_Generation/track.npy,hjdb,0.9823008849557522,1.0,0.9823008849557522,1.0,0.9634635946033089,0.9607850725551977,0.9955555555555555,1.0
hjdb/hjdb_Do_It_Now/track.npy,hjdb,1.0,1.0,1.0,1.0,0.9794830016279228,0.970293567334677,1.0,1.0
hjdb/hjdb_Drum_Programme_(Remix)/track.npy,hjdb,1.0,1.0,1.0,1.0,0.9804789140134865,0.9634393468965798,1.0,1.0
hjdb/hjdb_Even_Further_Intrigue/track.npy,hjdb,1.0,1.0,1.0,1.0,0.9786678237045286,0.9735371645812847,1.0,1.0
hjdb/hjdb_Further_Intrigue/track.npy,hjdb,1.0,1.0,1.0,1.0,0.9764816151131452,0.9866229440172326,1.0,1.0
hjdb/hjdb_Gotta_Release/track.npy,hjdb,1.0,1.0,1.0,1.0,0.9685389496841527,0.9752962341567663,1.0,1.0
hjdb/hjdb_Imagine_The_Future/track.npy,hjdb,0.9435483870967742,0.5806451612903226,0.9435483870967742,0.5806451612903226,0.9439479733529603,0.5870299213205802,0.9836065573770492,0.6229508196721313
hjdb/hjdb_Johnny_(Dance_Conspiracy_Mix)/track.npy,hjdb,0.9813084112149533,0.8888888888888888,0.9813084112149533,0.8888888888888888,0.9766581243323287,0.8717997326098051,0.9953051643192489,0.8888888888888888
hjdb/hjdb_Light_Years/track.npy,hjdb,0.6704545454545454,0.45454545454545453,0.6704545454545454,0.045454545454545456,0.674865236662939,0.1234757581866515,0.6971428571428572,0.060606060606060615
hjdb/hjdb_Music_In_Search_Of_Light/track.npy,hjdb,1.0,1.0,1.0,1.0,0.9775284145209735,0.9793613084969218,1.0,1.0
hjdb/hjdb_Music_Takes_You/track.npy,hjdb,1.0,1.0,1.0,1.0,0.9743019252439306,0.9677381643148952,1.0,1.0
hjdb/hjdb_Oblivion/track.npy,hjdb,0.8961038961038961,0.8421052631578947,0.8961038961038961,0.8421052631578947,0.9198973634654641,0.9022454261232288,0.9473684210526316,0.918918918918919
hjdb/hjdb_Renegade_Snares_(Foul_Play_Remix)/track.npy,hjdb,0.9912280701754386,1.0,0.9912280701754386,1.0,0.9775305749419301,0.9786274035468817,0.9978021978021978,1.0
hjdb/hjdb_Renegade_Snares_(VIP_Remix)/track.npy,hjdb,1.0,1.0,1.0,1.0,0.9860268343720259,0.9893054183985884,1.0,1.0
hjdb/hjdb_Serious_Sounds/track.npy,hjdb,0.9957983193277311,1.0,0.9957983193277311,1.0,0.9819239799610749,0.9876017558695188,0.9978947368421053,1.0
hjdb/hjdb_Spliffhead/track.npy,hjdb,1.0,1.0,1.0,1.0,0.9806840248889117,0.9693805840099684,1.0,1.0
hjdb/hjdb_Terminator/track.npy,hjdb,1.0,1.0,1.0,1.0,0.9688019221998094,0.9776234165155134,1.0,1.0
hjdb/hjdb_Terminator_2/track.npy,hjdb,1.0,1.0,1.0,1.0,0.9829643107763845,0.9779315992189457,1.0,1.0
hjdb/hjdb_The_Warning_(Remix)/track.npy,hjdb,1.0,1.0,1.0,1.0,0.9820997268205295,0.9775635031560772,1.0,1.0
hjdb/hjdb_Total_Xstacy_(Remix)/track.npy,hjdb,1.0,1.0,1.0,1.0,0.9790303719220486,0.9803032135613675,1.0,1.0
hjdb/hjdb_Wait_4_The_Bass/track.npy,hjdb,1.0,1.0,1.0,1.0,0.9808784659550914,0.9711857350974189,1.0,1.0
hjdb/hjdb_Wind_It_Up_(Rewound)/track.npy,hjdb,0.6,0.0,0.3,0.0,0.4823506698412231,0.11329825525282736,0.32,0.0
jaah/jaah_000-tito_puente-airegin/track.npy,jaah,0.20483641536273114,0.1968503937007874,0.20483641536273114,0.1968503937007874,0.4955818660714638,0.2662831544401929,0.5208333333333334,0.29288702928870297
jaah/jaah_008-sonny_rollins-blue_7/track.npy,jaah,0.9564369310793238,0.8404255319148937,0.9564369310793238,0.8404255319148937,0.9501202946161661,0.8312018549106971,0.9875082182774491,0.8617449664429528
jaah/jaah_020-charlie_parker-crazeology_take_4/track.npy,jaah,0.8004956629491945,0.510752688172043,0.8004956629491945,0.510752688172043,0.86257104528453,0.5779841827381897,0.9348807221147648,0.6135693215339233
jaah/jaah_031-duke_ellington_his_orchestra-east_st_louis_toodleoo/track.npy,jaah,0.8568329718004338,0.7043478260869566,0.8568329718004338,0.7043478260869566,0.880214286523605,0.8027176019445688,0.9456159822419533,0.8571428571428571
jaah/jaah_033-the_boswell_sisters-everybody_loves_my_baby/track.npy,jaah,0.6125,0.2857142857142857,0.6125,0.2857142857142857,0.78458376702278,0.4395285595873449,0.87151841868823,0.4700854700854701
jaah/jaah_037-jimmie_noones_apex_club_orchestra-four_or_five_times/track.npy,jaah,0.9772151898734177,0.7142857142857143,0.9772151898734177,0.7142857142857143,0.9578170607187942,0.7265518842989622,0.9847328244274809,0.7461139896373057
jaah/jaah_052-don_byas_slam_stewart-i_got_rhythm/track.npy,jaah,0.7618055555555555,0.40331491712707185,0.7618055555555555,0.002785515320334262,0.8031178104861406,0.17744758396560684,0.9544664581160932,0.19629629629629627
jaah/jaah_063-bessie_smith-lost_your_head_blues/track.npy,jaah,0.8222996515679443,0.9206349206349206,0.8222996515679443,0.9206349206349206,0.8616233374836174,0.866110251495423,0.9253731343283581,0.912
jaah/jaah_083-frankie_trumbauer_and_his_orchestra-riverboat_shuffle/track.npy,jaah,0.9937791601866252,0.95625,0.9937791601866252,0.95625,0.9738220296353989,0.9354782003617677,0.9976653696498056,0.95625
jaah/jaah_086-dizzy_gillespie_his_all_stars-shaw_nuff/track.npy,jaah,0.860774818401937,0.33663366336633666,0.860774818401937,0.33663366336633666,0.8665257645235499,0.545414675683487,0.9718826405867971,0.5958702064896756
jaah/jaah_096-eddie_condons_hot_shots-thats_a_serious_thing/track.npy,jaah,0.9944903581267218,1.0,0.9944903581267218,1.0,0.952834881851542,0.9550149758749586,0.9986206896551724,1.0
jaah/jaah_102-lucky_thompson_trio-tricroism/track.npy,jaah,0.8681318681318682,0.5227272727272727,0.8681318681318682,0.5227272727272727,0.7535558082496489,0.4829018596857184,0.9093444909344491,0.5730659025787966
jaah/jaah_110-sarah_vaughan-wrap_your_troubles_in_dreams/track.npy,jaah,0.9673202614379085,0.935064935064935,0.9673202614379085,0.935064935064935,0.9229824317622934,0.901269538743234,0.9751243781094527,0.9342105263157895
jaah/jaah_111-fletcher_henderson_and_his_orchestra-wrappin_it_up/track.npy,jaah,0.9944029850746269,0.9552238805970149,0.9944029850746269,0.9552238805970149,0.9692253029375048,0.9385597649896532,0.9962616822429907,0.9626865671641791
rwc/rwc_classical_CD1_03/track.npy,rwc_classical,0.45517241379310347,0.20257234726688103,0.21463022508038584,0.00482315112540193,0.615930688457843,0.3642189535959369,0.6773888363292337,0.42634730538922155
rwc/rwc_classical_CD2_04/track.npy,rwc_classical,0.6280701754385964,0.36561743341404357,0.6280701754385964,0.36561743341404357,0.6839127063251927,0.46155675352702197,0.8271559633027524,0.5587467362924282
rwc/rwc_classical_CD4_01/track.npy,rwc_classical,0.5004397537379067,0.27816901408450706,0.5004397537379067,0.27816901408450706,0.7180823054110362,0.4155729482352978,0.8256091734352604,0.47924528301886793
rwc/rwc_classical_CD4_03/track.npy,rwc_classical,0.4213547646383467,0.4046511627906977,0.27648578811369506,0.4046511627906977,0.5949791978866843,0.48734838918832446,0.6826446280991735,0.5888324873096447
rwc/rwc_classical_CD5_01/track.npy,rwc_classical,0.5559599636032757,0.5408450704225352,0.5559599636032757,0.012121212121212121,0.7485337477081089,0.5178645751425892,0.8318246784182943,0.5118110236220473
rwc/rwc_classical_CD5_08/track.npy,rwc_classical,0.5014005602240896,0.04887218045112782,0.15087040618955513,0.03383458646616541,0.6469526118526606,0.3104273245923499,0.6624203821656051,0.3423423423423423
rwc/rwc_classical_CD6_11/track.npy,rwc_classical,0.5605263157894737,0.4631578947368421,0.5605263157894737,0.4631578947368421,0.5251936163356283,0.3551943621264177,0.7718794835007174,0.5476190476190476
rwc/rwc_jazz_CD1_04/track.npy,rwc_jazz,0.3971774193548387,0.2604166666666667,0.0,0.2604166666666667,0.47360144618546357,0.2556545392494876,0.4476744186046512,0.29319371727748694
rwc/rwc_jazz_CD1_07/track.npy,rwc_jazz,0.6914498141263941,0.3972602739726027,0.6914498141263941,0.3972602739726027,0.526115591670027,0.38448281648555643,0.6541353383458647,0.48920863309352514
rwc/rwc_jazz_CD2_07/track.npy,rwc_jazz,0.84,0.5299145299145299,0.84,0.5299145299145299,0.6870129838517742,0.5455966257511256,0.8507109004739338,0.6697674418604652
rwc/rwc_jazz_CD3_01/track.npy,rwc_jazz,0.9584569732937686,0.6626506024096386,0.9584569732937686,0.6626506024096386,0.8503099090132259,0.666191378182718,0.9596412556053812,0.7592592592592593
rwc/rwc_jazz_CD3_09/track.npy,rwc_jazz,0.6471885336273429,0.7444933920704846,0.20314547837483618,0.7444933920704846,0.721471368819117,0.698425932210356,0.732949876746097,0.796420581655481
rwc/rwc_jazz_CD4_08/track.npy,rwc_jazz,0.9897084048027445,0.9795918367346939,0.9897084048027445,0.9795918367346939,0.9237744501164339,0.9203342637917992,0.9931034482758622,0.9863013698630136
rwc/rwc_jazz_CD4_11/track.npy,rwc_jazz,0.9959349593495935,1.0,0.9959349593495935,1.0,0.926245417464712,0.9305072194545115,0.9989827060020345,1.0
rwc/rwc_popular_CD1_07/track.npy,rwc_popular,0.9541595925297114,0.8843537414965986,0.9541595925297114,0.8843537414965986,0.9603215211217271,0.9004267218125801,0.9748482220294884,0.9134948096885813
rwc/rwc_popular_CD1_11/track.npy,rwc_popular,0.9897172236503856,1.0,0.9897172236503856,1.0,0.9785728737637104,0.9810044493466888,0.9948320413436693,1.0
rwc/rwc_popular_CD2_04/track.npy,rwc_popular,0.9921568627450981,0.9921875,0.9921568627450981,0.9921875,0.9805315094666242,0.9839244742334144,0.9970501474926253,0.996078431372549
rwc/rwc_popular_CD2_09/track.npy,rwc_popular,0.9347319347319347,0.8476190476190476,0.9347319347319347,0.8476190476190476,0.9394439624225063,0.8800716295361355,0.9530516431924884,0.8942307692307693
rwc/rwc_popular_CD2_12/track.npy,rwc_popular,0.9502262443438914,0.8899082568807339,0.9502262443438914,0.8899082568807339,0.8278665103313477,0.805726980570819,0.9681093394077449,0.9295774647887324
rwc/rwc_popular_CD3_07/track.npy,rwc_popular,0.9470588235294117,0.8705882352941177,0.9470588235294117,0.8705882352941177,0.8524071715049539,0.8113847746889806,0.9690721649484536,0.896969696969697
rwc/rwc_popular_CD4_03/track.npy,rwc_popular,0.9885245901639345,0.9869281045751634,0.9885245901639345,0.9869281045751634,0.9540089078504339,0.9463837734405449,0.994238683127572,0.9901639344262295
rwc/rwc_popular_CD4_08/track.npy,rwc_popular,0.9946808510638298,1.0,0.9946808510638298,1.0,0.9032999996508285,0.915602542049769,0.9986684420772304,1.0
rwc/rwc_popular_CD5_04/track.npy,rwc_popular,0.9840182648401826,0.9,0.9840182648401826,0.9,0.9256054619579156,0.8301107289756808,0.9735935706084959,0.8899082568807339
rwc/rwc_popular_CD6_04/track.npy,rwc_popular,0.9855072463768116,0.9871794871794872,0.9855072463768116,0.9871794871794872,0.9545754016587004,0.9476792490343393,0.993517017828201,0.9935483870967742
rwc/rwc_popular_CD7_04/track.npy,rwc_popular,0.9927536231884058,0.9857142857142858,0.9927536231884058,0.9857142857142858,0.975653087304694,0.9726510761029878,0.9981851179673321,0.9928057553956835
rwc/rwc_popular_CD7_05/track.npy,rwc_popular,0.7002801120448179,0.7560975609756098,0.05804311774461028,0.019867549668874173,0.6836989019433646,0.6138888700221938,0.65,0.5579399141630901
rwc/rwc_royalty-free_CD1_05/track.npy,rwc_royalty-free,0.9732824427480916,0.8787878787878788,0.9732824427480916,0.8787878787878788,0.8812097576632381,0.8213230795309823,0.9866156787762905,0.900763358778626
rwc/rwc_royalty-free_CD1_11/track.npy,rwc_royalty-free,0.9958847736625515,0.9836065573770492,0.9958847736625515,0.9836065573770492,0.8333118711746614,0.8223508770427477,0.9979381443298969,0.9917355371900827
simac/simac_A_vida_me_fez_assim_05-Ja_era_(Palavra)/track.npy,simac,0.8787878787878788,0.0,0.8787878787878788,0.0,0.9016202323268329,0.0,0.9354838709677419,0.0
simac/simac_A_vida_me_fez_assim_11-Quantas_lagrimas/track.npy,simac,0.8928571428571429,0.0,0.8928571428571429,0.0,0.9159713010858477,0.0,0.9433962264150945,0.0
simac/simac_A_vida_me_fez_assim_13-Ana_agua_do_rio_A_vida_me_fez_assim/track.npy,simac,0.8571428571428571,0.0,0.8571428571428571,0.0,0.8262033693559255,0.0,0.923076923076923,0.0
simac/simac_Albedo_0.39_04-Main_Sequence/track.npy,simac,0.22857142857142856,0.0,0.22857142857142856,0.0,0.43472103345668417,0.0,0.5161290322580645,0.0
simac/simac_Alfagamabetizado_04-Cumplicidade_de_Armario/track.npy,simac,0.875,0.0,0.875,0.0,0.8210315427221556,0.0,0.9333333333333333,0.0
simac/simac_Amber_01-Foil/track.npy,simac,0.6984126984126984,0.0,0.12698412698412698,0.0,0.7424736028915626,0.0,0.6595744680851063,0.0
simac/simac_As_Time_Goes_By_06-therell_be_some_changes_made/track.npy,simac,0.6,0.0,0.6,0.0,0.597382067724709,0.0,0.696969696969697,0.0
simac/simac_As_time_goes_by_disk_2_11-Mountain_greenery/track.npy,simac,0.7142857142857143,0.0,0.7142857142857143,0.0,0.6448614606941117,0.0,0.8108108108108109,0.0
simac/simac_As_time_goes_by_disk_3_07-Lover/track.npy,simac,0.6585365853658537,0.0,0.6585365853658537,0.0,0.7001305160140362,0.0,0.7941176470588235,0.0
simac/simac_As_time_goes_by_disk_3_09-All_mine/track.npy,simac,0.6,0.0,0.6,0.0,0.692737043854245,0.0,0.7499999999999999,0.0
simac/simac_As_time_goes_by_disk_3_12-My_heart_stood_still/track.npy,simac,0.6153846153846154,0.0,0.6153846153846154,0.0,0.6422748945951069,0.0,0.7812500000000001,0.0
simac/simac_BACH_WTC_04-Prelude_and_Fugue_No._2_in_C_minor_BWV_871_-_2._Fuga/track.npy,simac,0.48717948717948717,0.0,0.3125,0.0,0.7650408602354484,0.0,0.7692307692307693,0.0
simac/simac_Bach_The_Well-Tempered_Clavier_II_(Disc_1)_11-Prelude_and_Fugue_No._6_in_D_minor_BWV_875_-_1._Praeludium/track.npy,simac,0.8620689655172413,0.0,0.8620689655172413,0.0,0.8865642916414521,0.0,0.9259259259259259,0.0
simac/simac_Bach_The_Well-Tempered_Clavier_II_(Disc_2)_05-Prelude_and_Fugue_No._15_G_major_BWV_884_-_1._Praeludium/track.npy,simac,0.6046511627906976,0.0,0.0,0.0,0.4871225750847533,0.0,0.4375,0.0
simac/simac_Bach_The_Well-Tempered_Clavier_II_(Disc_2)_19-Prelude_and_Fugue_No._22_B-flat_minor_BWV_891_-_1._Praeludium/track.npy,simac,0.9285714285714286,0.0,0.9285714285714286,0.0,0.9298903092786381,0.0,0.962962962962963,0.0
simac/simac_Bach_The_Well-Tempered_Clavier_II_(Disc_2)_21-Prelude_and_Fugue_No._23_B_major_BWV_892_-_1._Praeludium/track.npy,simac,0.875,0.0,0.875,0.0,0.9028360590747071,0.0,0.9333333333333333,0.0
simac/simac_Beethoven_-_The_String_Quartets_#1_05-G_major_op._18_no._2_-_Allegro/track.npy,simac,0.7272727272727273,0.0,0.7272727272727273,0.0,0.7937472326764118,0.0,0.8421052631578948,0.0
simac/simac_Beethoven_-_The_String_Quartets_#1_07-G_major_op._18_no._2_-_Scherzo._Allegro/track.npy,simac,0.7346938775510204,0.0,0.7346938775510204,0.0,0.7347981114555099,0.0,0.8505747126436782,0.0
simac/simac_Bela_Bartok_05-The_Miraculous_Mandarin_5.1_Maestoso_5.2_Allegro/track.npy,simac,0.1875,0.0,0.1875,0.0,0.4466318046804435,0.0,0.4680851063829787,0.0
simac/simac_Bernstein_conducts_Stravinsky_01-Introduction_Part_1-_The_adoration_of_the_earth_/track.npy,simac,0.07692307692307693,0.0,0.07692307692307693,0.0,0.3257722772124783,0.0,0.46153846153846156,0.0
simac/simac_Bernstein_conducts_Stravinsky_06-Procession_of_the_wise_elder/track.npy,simac,0.5454545454545454,0.0,0.09090909090909091,0.0,0.5807512016233487,0.0,0.5573770491803279,0.0
simac/simac_Bernstein_conducts_Stravinsky_11-Glorfication_of_the_chosen_victim/track.npy,simac,0.0,0.0,0.0,0.0,0.24807623000612344,0.0,0.36363636363636365,0.0
simac/simac_Bernstein_conducts_Stravinsky_21-Danse_of_the_nursemaids/track.npy,simac,0.7435897435897436,0.0,0.0,0.0,0.6464855488697154,0.0,0.5555555555555556,0.0
simac/simac_Cafe_Zimmermann_02-3e_Concert_Brandebourgeois_en_sol_majeur_BWV_1048_-_Allegro/track.npy,simac,0.012987012987012988,0.0,0.0,0.0,0.4499752766302892,0.0,0.45999999999999996,0.0
simac/simac_Cafe_Zimmermann_08-Suite_en_ut_majeur_BWV_1066_-_OuvertureGavottes_I_&_II/track.npy,simac,0.7567567567567568,0.0,0.7567567567567568,0.0,0.8212747148372592,0.0,0.8615384615384616,0.0
simac/simac_Clandestino_-_esperando_la_ultima_ola_01-Clandestino/track.npy,simac,0.6724137931034483,0.0,0.0,0.0,0.601952767734238,0.0,0.5316455696202532,0.0
simac/simac_Concert_16-4._Menuet/track.npy,simac,0.5370370370370371,0.0,0.5370370370370371,0.0,0.7088740540592862,0.0,0.7294117647058824,0.0
simac/simac_DGG_419_047-2_03-Praludium_u._Fuge_f-moll_BWV_534_-_I_Praludium/track.npy,simac,0.7878787878787878,0.0,0.7878787878787878,0.0,0.6243239885967277,0.0,0.7457627118644068,0.0
simac/simac_Ella_&_Louis_08-Flying_Home/track.npy,simac,0.675,0.0,0.675,0.0,0.687506761384636,0.0,0.8059701492537313,0.0
simac/simac_Ella_&_Louis_16-If_You_Ever_Change_Your_Mind/track.npy,simac,0.6190476190476191,0.0,0.6190476190476191,0.0,0.5954736932642833,0.0,0.7536231884057971,0.0
simac/simac_Fado_11-AudioTrack_11/track.npy,simac,0.38235294117647056,0.0,0.38235294117647056,0.0,0.41982179936101943,0.0,0.4727272727272727,0.0
simac/simac_Family_Tree_-_Greatest_Hits_As_Chosen_By_Bjork_04-Isobel/track.npy,simac,1.0,0.0,1.0,0.0,0.9734134010944784,0.0,1.0,0.0
simac/simac_Family_Tree_-_Greatest_Hits_As_Chosen_By_Bjork_06-Unravel/track.npy,simac,0.44,0.0,0.2916666666666667,0.0,0.5398619784805455,0.0,0.6486486486486487,0.0
simac/simac_Fight_To_Win_03-Traitors_of_Africa/track.npy,simac,0.675,0.0,0.675,0.0,0.742949652851903,0.0,0.7777777777777777,0.0
simac/simac_Gold_-_Greatest_Hits_01-Dancing_Queen/track.npy,simac,0.9615384615384616,0.0,0.9615384615384616,0.0,0.8904034359095871,0.0,0.9803921568627451,0.0
simac/simac_Gold_-_Greatest_Hits_05-Lay_All_Your_Love_On_Me/track.npy,simac,0.9705882352941176,0.0,0.9705882352941176,0.0,0.8786459074148978,0.0,0.9850746268656716,0.0
simac/simac_Gold_-_Greatest_Hits_08-The_Winner_Takes_It_All/track.npy,simac,0.6666666666666666,0.0,0.0,0.0,0.6211883735058299,0.0,0.5818181818181819,0.0
simac/simac_Niandra_LaDes_and_Usually_Just_a_T-Shirt_01-As_Can_Be/track.npy,simac,0.9047619047619048,0.0,0.9047619047619048,0.0,0.887604257255917,0.0,0.9500000000000001,0.0
simac/simac_Papakonstantinou_02-AudioTrack_02/track.npy,simac,0.6585365853658537,0.0,0.0,0.0,0.5594346893763072,0.0,0.5357142857142857,0.0
simac/simac_Papakonstantinou_10-AudioTrack_10/track.npy,simac,0.75,0.0,0.75,0.0,0.7352112237313444,0.0,0.8163265306122449,0.0
simac/simac_Papakonstantinou_21-AudioTrack_21/track.npy,simac,0.7083333333333334,0.0,0.7083333333333334,0.0,0.7578507227001957,0.0,0.8292682926829268,0.0
simac/simac_Primer_Aliento_03-El_retorno_de_Godzilla/track.npy,simac,0.8620689655172413,0.0,0.8620689655172413,0.0,0.8931822618429271,0.0,0.9259259259259259,0.0
simac/simac_Primer_Aliento_07-Telepatia/track.npy,simac,0.8611111111111112,0.0,0.8611111111111112,0.0,0.9002682916789229,0.0,0.9253731343283582,0.0
simac/simac_R.A.F.I_07-Operation_Eagle_Lie/track.npy,simac,0.45,0.0,0.45,0.0,0.5267566760878963,0.0,0.5454545454545455,0.0
simac/simac_Santana_01-Jingo/track.npy,simac,0.9090909090909091,0.0,0.9090909090909091,0.0,0.8889822601901173,0.0,0.9523809523809523,0.0
simac/simac_So_Cartola_11-O_Que_e_Feito_de_Voce_/track.npy,simac,0.7241379310344828,0.0,0.0,0.0,0.35953558204908265,0.0,0.0,0.0
simac/simac_So_Cartola_19-Injuria_O_Sol_Nascera/track.npy,simac,0.78125,0.0,0.0,0.0,0.33558056974949524,0.0,0.0,0.0
simac/simac_Songs_Alejandro_(Alex_Benson)_-_Golondrina/track.npy,simac,0.7333333333333333,0.0,0.7333333333333333,0.0,0.8323373729624244,0.0,0.846153846153846,0.0
simac/simac_Songs_Caracas_Latin_Brothers_-_Los_hombres_tambien_lo_mueven/track.npy,simac,0.8918918918918919,0.0,0.8918918918918919,0.0,0.9164873450193549,0.0,0.9428571428571428,0.0
simac/simac_Tales_Of_Mystery_And_Imagination_03-The_Tell-tale_Heart/track.npy,simac,0.6136363636363636,0.0,0.0,0.0,0.5259111663417597,0.0,0.4827586206896552,0.0
simac/simac_Tanto_Tempo_06-Alguem/track.npy,simac,0.7380952380952381,0.0,0.0,0.0,0.6651465328966232,0.0,0.5517241379310345,0.0
simac/simac_Tanto_Tempo_07-So_Nice_Summer_Samba_/track.npy,simac,0.7941176470588235,0.0,0.0,0.0,0.7008540494934192,0.0,0.5833333333333334,0.0
simac/simac_The_Art_of_Spanish_Guitar_01-Tarrega_Recuerdos_de_la_Alhambra/track.npy,simac,0.3023255813953488,0.0,0.3023255813953488,0.0,0.5533291966362974,0.0,0.625,0.0
simac/simac_The_Art_of_Spanish_Guitar_05-Sojo_Cancion/track.npy,simac,0.4827586206896552,0.0,0.4827586206896552,0.0,0.5288937701865605,0.0,0.6956521739130435,0.0
simac/simac_The_Crackdown_02-In_the_Shadows/track.npy,simac,0.88,0.0,0.88,0.0,0.8796236827154044,0.0,0.9361702127659575,0.0
simac/simac_Tomatito_Tomatito-04.Armonias_del_Romane/track.npy,simac,0.34146341463414637,0.0,0.34146341463414637,0.0,0.2874950133029754,0.0,0.463768115942029,0.0
simac/simac_VOL.3_Musiques_pour_guitare_et_violoncelle_06-E._Granados_Intermezzo_(de_Goyescas_)/track.npy,simac,0.6521739130434783,0.0,0.0,0.0,0.6253081927196021,0.0,0.5607476635514019,0.0
simac/simac_Xatzidakis_02-AudioTrack_02/track.npy,simac,0.5588235294117647,0.0,0.5588235294117647,0.0,0.6187544458715989,0.0,0.7169811320754718,0.0
simac/simac_Xatzidakis_13-AudioTrack_13/track.npy,simac,0.6521739130434783,0.0,0.6521739130434783,0.0,0.5514243227014142,0.0,0.5789473684210527,0.0
simac/simac_aire_01-Aire/track.npy,simac,0.0,0.0,0.0,0.0,0.3503962227646139,0.0,0.4,0.0
simac/simac_greek_12_evzwnakia/track.npy,simac,0.6666666666666666,0.0,0.1,0.0,0.7005800916558241,0.0,0.6046511627906976,0.0
simac/simac_greek_Mpellou_-_Nyxtwse_xwris_feggari/track.npy,simac,0.64,0.0,0.64,0.0,0.625798132668701,0.0,0.6829268292682927,0.0
simac/simac_greek_Paisa_sti_vrysi_-_Velvento/track.npy,simac,0.7105263157894737,0.0,0.7105263157894737,0.0,0.7578760886036002,0.0,0.8307692307692308,0.0
simac/simac_more_greek_Gkoles_-_Kori_paraxaidemeni/track.npy,simac,0.72,0.0,0.72,0.0,0.7856568961034892,0.0,0.8372093023255813,0.0
simac/simac_more_greek_Ksylouris_-_Erwtiko_tragoudi_(Palikarou_palikarou)/track.npy,simac,0.6956521739130435,0.0,0.6956521739130435,0.0,0.7167975183214546,0.0,0.8205128205128205,0.0
simac/simac_more_greek_Makedonas_-_Ena_deilino/track.npy,simac,0.85,0.0,0.85,0.0,0.8544290310321294,0.0,0.9189189189189189,0.0
simac/simac_more_greek_Marinella_-_Agapi_pou_gines_dikopo_maxairi/track.npy,simac,0.6521739130434783,0.0,0.6521739130434783,0.0,0.4285641009318519,0.0,0.5263157894736841,0.0
simac/simac_more_greek_Mpellou_-_Kapoio_vrady_t_oneiro_mou/track.npy,simac,0.5909090909090909,0.0,0.5909090909090909,0.0,0.5390559456995476,0.0,0.6857142857142856,0.0
simac/simac_more_greek_Mpellou_-_To_teleftaio_gramma_sou/track.npy,simac,0.8095238095238095,0.0,0.8095238095238095,0.0,0.738541430586964,0.0,0.8947368421052632,0.0
simac/simac_more_greek_Mpellou_-_Xwrisame_ena_deilino/track.npy,simac,0.6551724137931034,0.0,0.6551724137931034,0.0,0.6894213682142167,0.0,0.75,0.0
simac/simac_more_greek_Mpi8ikwtsis_-_Gwnia_gwnia/track.npy,simac,0.9375,0.0,0.9375,0.0,0.7800835323679867,0.0,0.8387096774193549,0.0
simac/simac_more_greek_Mpi8ikwtsis_-_H_kyra/track.npy,simac,0.7368421052631579,0.0,0.7368421052631579,0.0,0.5881095052680715,0.0,0.7878787878787878,0.0
simac/simac_more_greek_Mpi8ikwtsis_-_Matia_vourkwmena/track.npy,simac,0.6842105263157895,0.0,0.02631578947368421,0.0,0.5830785218886971,0.0,0.5185185185185185,0.0
simac/simac_selected_ambient_works_8592_delphium/track.npy,simac,0.43859649122807015,0.0,0.2653061224489796,0.0,0.7358571934316385,0.0,0.6923076923076924,0.0
smc/smc_004/track.npy,smc,0.4489795918367347,0.0,0.4489795918367347,0.0,0.6096835679445459,0.0,0.6829268292682927,0.0
smc/smc_007/track.npy,smc,0.296875,0.0,0.296875,0.0,0.3217813452994124,0.0,0.44680851063829785,0.0
smc/smc_013/track.npy,smc,0.7611940298507462,0.0,0.7611940298507462,0.0,0.6498241705471095,0.0,0.7967479674796748,0.0
smc/smc_021/track.npy,smc,0.4,0.0,0.4,0.0,0.36429716132362877,0.0,0.484375,0.0
smc/smc_032/track.npy,smc,0.4444444444444444,0.0,0.4444444444444444,0.0,0.45754360594418225,0.0,0.606060606060606,0.0
smc/smc_034/track.npy,smc,0.7115384615384616,0.0,0.7115384615384616,0.0,0.6618676080208854,0.0,0.7865168539325843,0.0
smc/smc_037/track.npy,smc,0.631578947368421,0.0,0.029411764705882353,0.0,0.49739278153075367,0.0,0.6037735849056604,0.0
smc/smc_041/track.npy,smc,0.5087719298245614,0.0,0.5087719298245614,0.0,0.6468223285966679,0.0,0.7959183673469389,0.0
smc/smc_043/track.npy,smc,0.4722222222222222,0.0,0.4722222222222222,0.0,0.6354233481646916,0.0,0.7213114754098361,0.0
smc/smc_063/track.npy,smc,0.5263157894736842,0.0,0.5263157894736842,0.0,0.5229821139086228,0.0,0.6929133858267716,0.0
smc/smc_066/track.npy,smc,0.6875,0.0,0.6875,0.0,0.44703244669735726,0.0,0.5762711864406779,0.0
smc/smc_076/track.npy,smc,0.10752688172043011,0.0,0.043478260869565216,0.0,0.2460627919794907,0.0,0.32758620689655177,0.0
smc/smc_100/track.npy,smc,0.2,0.0,0.06315789473684211,0.0,0.33634201493987176,0.0,0.3787878787878788,0.0
smc/smc_109/track.npy,smc,0.0707070707070707,0.0,0.0,0.0,0.25237047281360947,0.0,0.3357664233576642,0.0
smc/smc_117/track.npy,smc,0.21875,0.0,0.21875,0.0,0.429670425681044,0.0,0.5252525252525253,0.0
smc/smc_173/track.npy,smc,0.6363636363636364,0.0,0.0,0.0,0.523547698165109,0.0,0.4888888888888888,0.0
smc/smc_176/track.npy,smc,0.16326530612244897,0.0,0.16326530612244897,0.0,0.21273382854717318,0.0,0.29787234042553196,0.0
smc/smc_181/track.npy,smc,0.0,0.0,0.0,0.0,0.224721918815573,0.0,0.3194444444444445,0.0
smc/smc_194/track.npy,smc,0.058823529411764705,0.0,0.0,0.0,0.1546510800986673,0.0,0.18604651162790695,0.0
smc/smc_204/track.npy,smc,0.11764705882352941,0.0,0.11764705882352941,0.0,0.30379933350391847,0.0,0.3884892086330935,0.0
smc/smc_216/track.npy,smc,0.38235294117647056,0.0,0.38235294117647056,0.0,0.4160975252575509,0.0,0.5576923076923077,0.0
smc/smc_217/track.npy,smc,0.391304347826087,0.0,0.391304347826087,0.0,0.46925115492337,0.0,0.6,0.0
smc/smc_266/track.npy,smc,0.2222222222222222,0.0,0.2222222222222222,0.0,0.41863702432526645,0.0,0.5609756097560976,0.0
smc/smc_269/track.npy,smc,0.8529411764705882,0.0,0.8529411764705882,0.0,0.5812010335556469,0.0,0.8615384615384616,0.0
smc/smc_275/track.npy,smc,0.0,0.0,0.0,0.0,0.4335292031936338,0.0,0.4946236559139785,0.0
smc/smc_277/track.npy,smc,0.17272727272727273,0.0,0.0,0.0,0.4782347184930509,0.0,0.4397163120567376,0.0
smc/smc_282/track.npy,smc,0.9636363636363636,0.0,0.9636363636363636,0.0,0.8769570863682368,0.0,0.9818181818181818,0.0
tapcorrect/043_youtube_CWEqbuJ6DlQ/track.npy,tapcorrect,0.20539906103286384,0.3900709219858156,0.20539906103286384,0.16666666666666666,0.603737145096996,0.6155773815989084,0.6198547215496368,0.5748502994011976
tapcorrect/048_youtube_B_e7QbWc5mI/track.npy,tapcorrect,0.8170515097690941,0.5061728395061729,0.8170515097690941,0.5061728395061729,0.8931350951887981,0.6531346183003348,0.9290909090909091,0.6847457627118644
tapcorrect/050_youtube_vx2u5uUu3DE/track.npy,tapcorrect,0.940677966101695,0.923728813559322,0.940677966101695,0.923728813559322,0.9452068548561998,0.9296703360079984,0.9705561613958561,0.9565217391304348
tapcorrect/052_youtube_LjffPO71TJs/track.npy,tapcorrect,0.7024952015355086,0.8,0.7024952015355086,0.8,0.7898136909967459,0.737033547064515,0.8705763397371081,0.7870967741935484
tapcorrect/059_youtube_-tJYN-eG1zk/track.npy,tapcorrect,0.9647058823529412,1.0,0.9647058823529412,1.0,0.9313939804406941,0.9399078792384126,0.9820359281437125,1.0
tapcorrect/060_youtube_FY9v147BZuE/track.npy,tapcorrect,0.4871287128712871,0.7083333333333334,0.3439153439153439,0.7083333333333334,0.796614865781855,0.8090317812450827,0.8019017432646592,0.8296296296296296
tapcorrect/063_youtube_uFEK4fpYOS4/track.npy,tapcorrect,0.9896729776247849,0.9794520547945206,0.9896729776247849,0.9794520547945206,0.9635120932156669,0.9662390602751566,0.9913793103448276,0.9896907216494845
tapcorrect/070_youtube_m-M1AtrxztU/track.npy,tapcorrect,0.9876543209876543,0.8677685950413223,0.9876543209876543,0.8677685950413223,0.955697001289737,0.872195324137694,0.9927611168562565,0.8962655601659751
tapcorrect/071_youtube_WBQ03PXMpqY/track.npy,tapcorrect,0.8218923933209648,0.9111111111111111,0.8218923933209648,0.9111111111111111,0.9004594812881801,0.9077442706483464,0.952565343659245,0.9368029739776952
tapcorrect/082_youtube_M84S81FL5FY/track.npy,tapcorrect,0.9971671388101983,0.7019230769230769,0.9971671388101983,0.7019230769230769,0.9663189392546179,0.893100478090605,0.9985815602836879,0.9166666666666666
tapcorrect/092_youtube_oh2LWWORoiM/track.npy,tapcorrect,0.7985074626865671,0.7252747252747253,0.7985074626865671,0.7252747252747253,0.8798796619715737,0.7822229315201005,0.9345549738219896,0.8092485549132947
tapcorrect/100_youtube_QinABEXzutY/track.npy,tapcorrect,0.7034482758620689,0.5526315789473685,0.7034482758620689,0.5526315789473685,0.8135143684652483,0.6994247350661326,0.8603491271820449,0.7439613526570048
asap/Bach_Fugue_bwv_857_Bult-ItoS02M/track.npy,asap,0.9644444444444444,0.44144144144144143,0.9644444444444444,0.0,0.9418191287754919,0.5015713974606041,0.970917225950783,0.4732824427480916
asap/Bach_Fugue_bwv_857_Lisiecki04M/track.npy,asap,0.9820627802690582,0.3333333333333333,0.9820627802690582,0.3333333333333333,0.9656681085318437,0.6393647343501093,0.9910313901345291,0.640625
asap/Bach_Fugue_bwv_857_ToA01M/track.npy,asap,0.9484978540772532,0.2972972972972973,0.9484978540772532,0.10606060606060606,0.9625305496847849,0.4951277538551123,0.9780701754385965,0.47540983606557385
asap/Bach_Fugue_bwv_857_WangA01M/track.npy,asap,0.973568281938326,0.2882882882882883,0.973568281938326,0.2535211267605634,0.9656254925855519,0.5765288640659967,0.9866666666666667,0.5669291338582677
asap/Bach_Fugue_bwv_857_YuP01M/track.npy,asap,0.9691629955947136,0.32432432432432434,0.9691629955947136,0.32432432432432434,0.9606049612618711,0.6453024157334011,0.9866666666666667,0.6615384615384615
asap/Bach_Fugue_bwv_875_Ahfat01M/track.npy,asap,0.3853658536585366,0.15789473684210525,0.2925170068027211,0.07894736842105263,0.6953061697757577,0.288604412571391,0.672,0.25
asap/Bach_Fugue_bwv_875_CaoJ01M/track.npy,asap,0.711864406779661,0.4482758620689655,0.711864406779661,0.4482758620689655,0.9020080131068351,0.5444902714751895,0.9181818181818182,0.5555555555555556
asap/Bach_Fugue_bwv_876_SirajA01M/track.npy,asap,0.4945054945054945,0.29411764705882354,0.3233082706766917,0.0,0.8019844410691424,0.5278542095946412,0.7946428571428572,0.5217391304347826
asap/Bach_Fugue_bwv_876_Song01M/track.npy,asap,0.916030534351145,0.5151515151515151,0.916030534351145,0.0,0.9630405181890145,0.6093283868583772,0.9805447470817121,0.6185567010309277
asap/Bach_Fugue_bwv_883_GuoE01M/track.npy,asap,0.8970588235294118,0.2375,0.8970588235294118,0.2375,0.9442463901151275,0.545924129133809,0.9682242990654206,0.5405405405405405
asap/Bach_Fugue_bwv_883_Herbert02/track.npy,asap,0.19047619047619047,0.0967741935483871,0.19047619047619047,0.0,0.009034493550609151,0.0016154376393809778,0.007339449541284403,0.0
asap/Bach_Fugue_bwv_883_KaiRuiR03/track.npy,asap,0.7084870848708487,0.014814814814814815,0.03308823529411765,0.0,0.16250827799667344,0.002136993514839959,0.014732965009208104,0.0
asap/Bach_Fugue_bwv_883_Khmara04/track.npy,asap,0.16176470588235295,0.08139534883720931,0.003663003663003663,0.08139534883720931,0.005096414134615852,3.099870571531088e-11,0.003795066413662239,0.0
asap/Bach_Fugue_bwv_883_LuM01M/track.npy,asap,0.9963235294117647,0.4666666666666667,0.9963235294117647,0.0,0.9637412577556458,0.5499409514436066,0.990791896869245,0.41860465116279066
asap/Bach_Fugue_bwv_889_Giesbrecht01M/track.npy,asap,0.4647887323943662,0.7254901960784313,0.4647887323943662,0.0,0.8266299949472352,0.7113230161285156,0.8455284552845529,0.608695652173913
asap/Bach_Fugue_bwv_889_LiuY01M/track.npy,asap,0.5458937198067633,0.37254901960784315,0.2710843373493976,0.07894736842105263,0.7852300907047065,0.5183401637046802,0.7703703703703704,0.46875
asap/Bach_Fugue_bwv_889_MunA01M/track.npy,asap,0.45517241379310347,0.9622641509433962,0.45517241379310347,0.0,0.8238945599625698,0.7976802947305568,0.8400000000000001,0.6582278481012659
asap/Bach_Fugue_bwv_889_Wang01M/track.npy,asap,0.47586206896551725,0.9622641509433962,0.47586206896551725,0.0,0.8065946834555814,0.775389386344367,0.832,0.6582278481012659
asap/Bach_Fugue_bwv_889_YangY02M/track.npy,asap,0.9904306220095693,0.6296296296296297,0.0,0.0,0.7961734748142177,0.5101345880872362,0.6687898089171974,0.45
asap/Bach_Fugue_bwv_889_ZhangW02M/track.npy,asap,0.7536231884057971,0.5490196078431373,0.125,0.1276595744680851,0.7803484113026886,0.6401409196932359,0.7027027027027027,0.6027397260273972
asap/Bach_Prelude_bwv_856_LuoJ01M/track.npy,asap,0.0,0.8529411764705882,0.0,0.0,0.47097979856418126,0.5838280776386182,0.48351648351648346,0.52
asap/Bach_Prelude_bwv_857_Bult-ItoS02M/track.npy,asap,1.0,0.5853658536585366,1.0,0.03125,0.9802993217236001,0.541691949094588,1.0,0.5283018867924528
asap/Bach_Prelude_bwv_857_Lan01M/track.npy,asap,0.9878048780487805,0.7317073170731707,0.9878048780487805,0.10526315789473684,0.9730585409517237,0.7137630516917337,0.9938650306748467,0.6779661016949152
asap/Bach_Prelude_bwv_857_Lisiecki04M/track.npy,asap,0.8604651162790697,0.5609756097560976,0.8604651162790697,0.030303030303030304,0.9259735935746429,0.5468314475005693,0.9523809523809524,0.5185185185185185
asap/Bach_Prelude_bwv_857_ToA01M/track.npy,asap,0.9176470588235294,0.8571428571428571,0.9176470588235294,0.0,0.9345596856106657,0.6044412011280822,0.9700598802395209,0.6031746031746031
asap/Bach_Prelude_bwv_857_WangA01M/track.npy,asap,0.9642857142857143,0.5365853658536586,0.9642857142857143,0.12903225806451613,0.9280777979975185,0.6009403978437362,0.963855421686747,0.5769230769230769
asap/Bach_Prelude_bwv_857_YuP01M/track.npy,asap,1.0,1.0,1.0,0.0,0.9717224765417863,0.7045213364654066,1.0,0.6774193548387097
asap/Beethoven_Piano_Sonatas_16-1_BuiJL02M/track.npy,asap,0.8134796238244514,0.325,0.8134796238244514,0.10658307210031348,0.8659151739309485,0.4817283748050737,0.9129746835443039,0.5021097046413502
asap/Beethoven_Piano_Sonatas_16-1_Khmara05M/track.npy,asap,0.7978056426332288,0.26785714285714285,0.7978056426332288,0.21316614420062696,0.8470128178202763,0.5683395042904544,0.8911834789515488,0.5913757700205339
asap/Beethoven_Piano_Sonatas_16-1_LeeSH02M/track.npy,asap,0.7557603686635944,0.35625,0.7557603686635944,0.12852664576802508,0.8021597550009542,0.5054366358974064,0.8465116279069768,0.5093945720250521
asap/Beethoven_Piano_Sonatas_16-1_LuoJ03M/track.npy,asap,0.8566929133858268,0.2974683544303797,0.8566929133858268,0.11041009463722397,0.8942088881991902,0.538367615766064,0.9437299035369776,0.5635593220338984
asap/Beethoven_Piano_Sonatas_16-1_Woo05M/track.npy,asap,0.7774294670846394,0.54375,0.7774294670846394,0.08463949843260188,0.8168019200901485,0.5667498139162128,0.8719172633253778,0.5178947368421053
asap/Beethoven_Piano_Sonatas_24-1_Lisiecki05M/track.npy,asap,0.6928034371643395,0.4146341463414634,0.6928034371643395,0.4146341463414634,0.8045046470030871,0.5139938652608083,0.8840413318025259,0.5606469002695418
asap/Beethoven_Piano_Sonatas_24-1_no_repeat_Lou02M/track.npy,asap,0.8947368421052632,0.4230769230769231,0.8947368421052632,0.4230769230769231,0.9218191438938262,0.6263042107363124,0.9575757575757576,0.6451612903225806
asap/Beethoven_Piano_Sonatas_24-2_Lisiecki05M/track.npy,asap,0.5049019607843137,0.11363636363636363,0.5049019607843137,0.005649717514124294,0.671074652996765,0.22411991552548413,0.7227332457293035,0.23770491803278687
asap/Beethoven_Piano_Sonatas_27-1_GiacomelliN04M/track.npy,asap,0.4107883817427386,0.2661290322580645,0.4107883817427386,0.07883817427385892,0.6805105323647561,0.35964075247233773,0.7119437939110069,0.3780821917808219
asap/Beethoven_Piano_Sonatas_27-1_Ko05M/track.npy,asap,0.35131396957123096,0.1111111111111111,0.35131396957123096,0.02074688796680498,0.6719922979816125,0.34429862277621237,0.7053061224489795,0.3651226158038147
asap/Beethoven_Piano_Sonatas_27-1_MiyashitaM02M/track.npy,asap,0.6998616874135546,0.16477272727272727,0.6998616874135546,0.15352697095435686,0.8134266470439717,0.41441913709808553,0.8473609129814551,0.4364508393285372
asap/Beethoven_Piano_Sonatas_5-1_Colafelice02M/track.npy,asap,0.12574850299401197,0.2913907284768212,0.12574850299401197,0.0967741935483871,0.573338091887251,0.5092014246135094,0.5957792207792207,0.5255813953488372
asap/Beethoven_Piano_Sonatas_5-1_SunD02M/track.npy,asap,0.42788461538461536,0.20863309352517986,0.42788461538461536,0.11510791366906475,0.7400220524021974,0.46158404947444864,0.7694503925767309,0.47317073170731705
asap/Beethoven_Piano_Sonatas_8-1_Na06M/track.npy,asap,0.7154150197628458,0.2694805194805195,0.7154150197628458,0.2694805194805195,0.845155901187408,0.5918037849269324,0.8765957446808511,0.6095617529880477
asap/Chopin_Etudes_op_10_2_Hebert03M/track.npy,asap,0.9417989417989417,0.8297872340425532,0.9417989417989417,0.8297872340425532,0.9424323236309287,0.8462148847959519,0.975609756097561,0.8695652173913044
asap/Chopin_Etudes_op_10_2_JeonH02M/track.npy,asap,0.9890710382513661,0.9782608695652174,0.9890710382513661,0.9782608695652174,0.9763187523363259,0.9615072235833876,0.9972602739726028,0.9782608695652174
asap/Chopin_Etudes_op_25_11_Richardson_2015_03M/track.npy,asap,0.8703241895261845,0.5578947368421052,0.8703241895261845,0.5578947368421052,0.8894389257036807,0.6196587218573536,0.9408740359897172,0.6526315789473685
asap/Chopin_Scherzos_31_ChenW04M/track.npy,asap,0.0599396291504959,0.14987080103359174,0.0599396291504959,0.016817593790426907,0.4684939011854483,0.3464918321751358,0.5166029973552748,0.37499999999999994
asap/Chopin_Scherzos_31_HuNY08M/track.npy,asap,0.043122035360069,0.21188630490956073,0.043122035360069,0.00258732212160414,0.47133618793051624,0.3643794204763828,0.5192539109506619,0.398849472674976
asap/Chopin_Scherzos_31_Jussow11M/track.npy,asap,0.04017278617710583,0.05699481865284974,0.04017278617710583,0.0051813471502590676,0.4635029366765519,0.3135452666008608,0.5018564356435643,0.33637284701114484
asap/Chopin_Scherzos_31_LeeN04M/track.npy,asap,0.047495682210708115,0.15803108808290156,0.047495682210708115,0.011658031088082901,0.47920956869941506,0.3601636675755498,0.5061274509803921,0.37732160312805474
asap/Chopin_Scherzos_31_LinTami06M/track.npy,asap,0.030198446937014668,0.1731266149870801,0.011647972389991372,0.009055627425614488,0.4399844320460655,0.34879410511512965,0.4669408415058526,0.37475345167652857
asap/Chopin_Scherzos_31_LuoJ12M/track.npy,asap,0.025021570319240724,0.29457364341085274,0.012510785159620362,0.02199223803363519,0.4251321910125852,0.4091051645134201,0.4607131587251499,0.4331450094161959
asap/Chopin_Scherzos_31_SunD04M/track.npy,asap,0.024200518582541054,0.11398963730569948,0.010367170626349892,0.0012953367875647669,0.43852624516252375,0.3395122515545702,0.4677835051546392,0.3443983402489626
asap/Chopin_Scherzos_31_TongB04M/track.npy,asap,0.028472821397756688,0.165374677002584,0.01639344262295082,0.00646830530401035,0.4117480165233552,0.3389376349274026,0.4596038981452374,0.35246727089627394
asap/Chopin_Scherzos_31_TuanS05M/track.npy,asap,0.02070750647109577,0.082687338501292,0.009490940465918895,0.00129366106080207,0.43253260455046,0.31694863902286563,0.4739157762413576,0.3353658536585366
asap/Chopin_Scherzos_31_ZhangW04M/track.npy,asap,0.022433132010353754,0.22997416020671835,0.012942191544434857,0.00646830530401035,0.423127163471732,0.4045976041302951,0.46617008069522037,0.43916349809885924
asap/Chopin_Sonata_2_4th_KaszoS16M/track.npy,asap,0.40540540540540543,0.1917808219178082,0.020477815699658702,0.1917808219178082,0.44963598765406243,0.2868086487715483,0.5271966527196652,0.2916666666666667
asap/Haydn_Keyboard_Sonatas_50-1_no_repeat_GalantM02M/track.npy,asap,0.8857142857142857,0.5966101694915255,0.8857142857142857,0.12350597609561753,0.91905298716667,0.6518594637462962,0.9598689598689598,0.6115288220551379
asap/Haydn_Keyboard_Sonatas_50-1_no_repeat_HamSY02M/track.npy,asap,0.7098674521354934,0.5898305084745763,0.7098674521354934,0.06870229007633588,0.8377983122004398,0.6181006796852277,0.8740157480314962,0.5707317073170732
asap/Haydn_Keyboard_Sonatas_50-1_no_repeat_Huang05M/track.npy,asap,0.7708649468892261,0.40273037542662116,0.7708649468892261,0.12121212121212122,0.8583305245845916,0.5491766409085675,0.8935148118494796,0.4920634920634921
asap/Haydn_Keyboard_Sonatas_50-1_no_repeat_JeonH03M/track.npy,asap,0.371824480369515,0.4440677966101695,0.371824480369515,0.012658227848101266,0.7262086105313289,0.4487226193921246,0.7700754975978038,0.38441558441558443
asap/Haydn_Keyboard_Sonatas_50-1_no_repeat_KARYAG06M/track.npy,asap,0.7874617737003058,0.6075085324232082,0.7874617737003058,0.06719367588932806,0.8919289966550772,0.6320342728251308,0.92914653784219,0.5599999999999999
asap/Haydn_Keyboard_Sonatas_50-1_no_repeat_Shi07M/track.npy,asap,0.4905422446406053,0.43728813559322033,0.4905422446406053,0.13095238095238096,0.7817354734327828,0.5084237861118165,0.8135838150289018,0.48499999999999993
asap/Haydn_Keyboard_Sonatas_50-1_no_repeat_YoungS02M/track.npy,asap,0.399284862932062,0.3016949152542373,0.399284862932062,0.06912442396313365,0.755266336809156,0.40936675574142123,0.7846153846153845,0.35068493150684926
asap/Liszt_Gran_Etudes_de_Paganini_6_Theme_and_Variations_WangA07M/track.npy,asap,0.5700757575757576,0.3116279069767442,0.5700757575757576,0.3116279069767442,0.7454355233672751,0.5232507126630402,0.7924921793534933,0.5675675675675677
asap/Schubert_Piano_Sonatas_894-2_Yeletskiy08M/track.npy,asap,0.4525993883792049,0.28,0.4525993883792049,0.28,0.6308086492470104,0.3899358976923793,0.7150837988826816,0.4527220630372493
asap/Schubert_Piano_Sonatas_894-2_no_repeat_CHEN11M/track.npy,asap,0.6666666666666666,0.23595505617977527,0.6666666666666666,0.23595505617977527,0.7678467982316718,0.4584529357356594,0.8161350844277673,0.495114006514658
asap/Schubert_Piano_Sonatas_894-2_no_repeat_Lee10M/track.npy,asap,0.7865168539325843,0.3202247191011236,0.7865168539325843,0.3202247191011236,0.8566800596947725,0.5365775727535296,0.89120151371807,0.567741935483871
asap/Schubert_Piano_Sonatas_894-2_no_repeat_SINKEV12M/track.npy,asap,0.6217228464419475,0.3202247191011236,0.6217228464419475,0.3202247191011236,0.7067538279640826,0.4510842306426076,0.7803030303030303,0.5175718849840255
asap/Scriabin_Etudes_op_8_11_Shi08M/track.npy,asap,0.2857142857142857,0.1111111111111111,0.2857142857142857,0.1111111111111111,0.6454340095741905,0.353137265657095,0.6886075949367089,0.3738317757009346
ballroom/ballroom_Albums-AnaBelen_Veneo-01/track.npy,ballroom,1.0,1.0,1.0,1.0,0.9699038221476879,0.9781609823177609,1.0,1.0
ballroom/ballroom_Albums-Ballroom_Classics4-01/track.npy,ballroom,1.0,1.0,1.0,1.0,0.42467037008807146,0.6354819339303828,0.6388888888888888,1.0
ballroom/ballroom_Albums-Ballroom_Classics4-11/track.npy,ballroom,1.0,1.0,1.0,1.0,0.9628514087906118,0.9740255533080268,1.0,1.0
ballroom/ballroom_Albums-Ballroom_Classics4-19/track.npy,ballroom,1.0,1.0,1.0,1.0,0.9298131741515488,0.9315909474849825,1.0,1.0
ballroom/ballroom_Albums-Ballroom_Magic-08/track.npy,ballroom,1.0,1.0,1.0,1.0,0.9740182524321036,0.972014057879192,1.0,1.0
ballroom/ballroom_Albums-Ballroom_Magic-10/track.npy,ballroom,0.9733333333333334,0.96,0.9733333333333334,0.96,0.9599901640864956,0.9331388502054443,0.9932885906040269,0.96
ballroom/ballroom_Albums-Cafe_Paradiso-12/track.npy,ballroom,0.9523809523809523,0.6666666666666666,0.9523809523809523,0.6666666666666666,0.9345031170934667,0.7095040410449882,0.975609756097561,0.7272727272727272
ballroom/ballroom_Albums-Chrisanne3-05/track.npy,ballroom,0.8070175438596491,0.9285714285714286,0.8070175438596491,0.9285714285714286,0.8008238791367674,0.7636985996618378,0.8571428571428571,0.8148148148148148
ballroom/ballroom_Albums-Chrisanne3-15/track.npy,ballroom,0.9186046511627907,0.9047619047619048,0.9186046511627907,0.9047619047619048,0.9012484858039601,0.8315345894328955,0.9704142011834319,0.9047619047619048
ballroom/ballroom_Albums-Fire-14/track.npy,ballroom,0.9811320754716981,0.7692307692307693,0.9811320754716981,0.7692307692307693,0.9740355735193081,0.7612107617739705,0.9904761904761905,0.7692307692307693
ballroom/ballroom_Albums-Fire-15/track.npy,ballroom,1.0,1.0,1.0,1.0,0.9751716405977923,0.9882500590567294,1.0,1.0
ballroom/ballroom_Albums-GloriaEstefan_MiTierra-01/track.npy,ballroom,1.0,1.0,1.0,1.0,0.9568855555166996,0.9417361472034348,1.0,1.0
ballroom/ballroom_Albums-Latin_Jam-02/track.npy,ballroom,1.0,1.0,1.0,1.0,0.9884960008310316,0.9881769054098635,1.0,1.0
ballroom/ballroom_Albums-Latin_Jam4-11/track.npy,ballroom,0.9814814814814815,0.46153846153846156,0.9814814814814815,0.46153846153846156,0.9675297928333724,0.45324082967667434,0.9906542056074767,0.46153846153846156
ballroom/ballroom_Albums-Latin_Jam5-02/track.npy,ballroom,1.0,1.0,1.0,1.0,0.9762322576860415,0.964949028613222,1.0,1.0
ballroom/ballroom_Albums-Latin_Jam5-03/track.npy,ballroom,1.0,1.0,1.0,1.0,0.9290523886138473,0.9584954670347501,1.0,1.0
ballroom/ballroom_Albums-Latin_Jam5-04/track.npy,ballroom,1.0,1.0,1.0,1.0,0.9567853292707404,0.954632699206188,1.0,1.0
ballroom/ballroom_Albums-Latin_Jam5-10/track.npy,ballroom,1.0,1.0,1.0,1.0,0.9651462064808163,0.953032941006471,1.0,1.0
ballroom/ballroom_Albums-Latino_Latino-01/track.npy,ballroom,0.9811320754716981,1.0,0.9811320754716981,1.0,0.9659776887323104,0.9867312612138492,0.9904761904761905,1.0
ballroom/ballroom_Albums-Macumba-08/track.npy,ballroom,1.0,1.0,1.0,1.0,0.9800355340520042,0.9856810024764993,1.0,1.0
ballroom/ballroom_Albums-Macumba-09/track.npy,ballroom,1.0,1.0,1.0,1.0,0.9840847486478033,0.9801502091926958,1.0,1.0
ballroom/ballroom_Albums-Macumba-15/track.npy,ballroom,0.9866666666666667,0.6666666666666666,0.9866666666666667,0.6666666666666666,0.961256214544792,0.6401291791181412,0.9932885906040269,0.6666666666666666
ballroom/ballroom_Albums-Pais_Tropical-05/track.npy,ballroom,1.0,1.0,1.0,1.0,0.9852121563711833,0.9814733945954041,1.0,1.0
ballroom/ballroom_Albums-Pais_Tropical-09/track.npy,ballroom,1.0,1.0,1.0,1.0,0.9857182073272776,0.9792679515603535,1.0,1.0
ballroom/ballroom_Albums-Secret_Garden-01/track.npy,ballroom,0.7948717948717948,0.4,0.7948717948717948,0.0,0.6733554025271138,0.36531303146994654,0.7777777777777778,0.37499999999999994
ballroom/ballroom_Albums-StrictlyDancing_Tango-02/track.npy,ballroom,0.9795918367346939,0.9230769230769231,0.9795918367346939,0.9230769230769231,0.9615993426655673,0.9393466523306572,0.9896907216494846,0.9600000000000001
ballroom/ballroom_Albums-StrictlyDancing_Tango-13/track.npy,ballroom,1.0,1.0,1.0,1.0,0.9830973001194547,0.9718848198718869,1.0,1.0
ballroom/ballroom_Media-103314/track.npy,ballroom,1.0,1.0,1.0,1.0,0.978574087790981,0.9764850355337138,1.0,1.0
ballroom/ballroom_Media-103413/track.npy,ballroom,0.9807692307692307,1.0,0.9807692307692307,1.0,0.9696894008122035,0.9814556921574302,0.9902912621359222,1.0
ballroom/ballroom_Media-103503/track.npy,ballroom,1.0,1.0,1.0,1.0,0.9833465707766155,0.9907480482244704,1.0,1.0
ballroom/ballroom_Media-103510/track.npy,ballroom,0.9811320754716981,1.0,0.9811320754716981,1.0,0.9630826235894556,0.98557756186936,0.9904761904761905,1.0
ballroom/ballroom_Media-103607/track.npy,ballroom,1.0,1.0,1.0,1.0,0.9389750149008201,0.9426431507771892,1.0,1.0
ballroom/ballroom_Media-103612/track.npy,ballroom,1.0,1.0,1.0,1.0,0.9305028831284824,0.9130257902111253,1.0,1.0
ballroom/ballroom_Media-103616/track.npy,ballroom,0.9166666666666666,0.8888888888888888,0.9166666666666666,0.8888888888888888,0.7893601791657462,0.7482223836795662,0.9565217391304348,0.9411764705882353
ballroom/ballroom_Media-103617/track.npy,ballroom,1.0,1.0,1.0,1.0,0.9827473599842717,0.9853619110505204,1.0,1.0
ballroom/ballroom_Media-103619/track.npy,ballroom,1.0,1.0,1.0,1.0,0.9333736805508664,0.9580062982739921,1.0,1.0
ballroom/ballroom_Media-103702/track.npy,ballroom,0.9811320754716981,1.0,0.9811320754716981,1.0,0.966306382174412,0.9841572688447163,0.9904761904761905,1.0
ballroom/ballroom_Media-103708/track.npy,ballroom,1.0,1.0,1.0,1.0,0.9609483900380152,0.9868969191846038,1.0,1.0
ballroom/ballroom_Media-103803/track.npy,ballroom,1.0,1.0,1.0,1.0,0.9743718114586157,0.9478290247753942,1.0,1.0
ballroom/ballroom_Media-103812/track.npy,ballroom,0.9761904761904762,0.9090909090909091,0.9761904761904762,0.9090909090909091,0.9736401403778483,0.9456809137005012,0.9879518072289156,0.9523809523809523
ballroom/ballroom_Media-103813/track.npy,ballroom,0.9863013698630136,0.9473684210526315,0.9863013698630136,0.9473684210526315,0.9683942779113897,0.9372192347465518,0.993103448275862,0.972972972972973
ballroom/ballroom_Media-104003/track.npy,ballroom,1.0,1.0,1.0,1.0,0.9668604284345645,0.9644801294545632,1.0,1.0
ballroom/ballroom_Media-104005/track.npy,ballroom,0.975609756097561,0.9090909090909091,0.975609756097561,0.9090909090909091,0.9064152681519984,0.8576223083314279,0.9876543209876543,0.9523809523809523
ballroom/ballroom_Media-104006/track.npy,ballroom,1.0,1.0,1.0,1.0,0.9431265170959277,0.9854284380906269,1.0,1.0
ballroom/ballroom_Media-104009/track.npy,ballroom,0.9791666666666666,1.0,0.9791666666666666,1.0,0.9310045555978669,0.9425763544612541,0.9791666666666666,1.0
ballroom/ballroom_Media-104106/track.npy,ballroom,1.0,1.0,1.0,1.0,0.9728701529049635,0.9793426126897095,1.0,1.0
ballroom/ballroom_Media-104201/track.npy,ballroom,0.972972972972973,1.0,0.972972972972973,1.0,0.9252521911538201,0.9721396372203647,0.9863013698630138,1.0
ballroom/ballroom_Media-104202/track.npy,ballroom,0.972972972972973,1.0,0.972972972972973,1.0,0.8619774163055278,0.8755805050456051,0.9863013698630138,1.0
ballroom/ballroom_Media-104212/track.npy,ballroom,0.9868421052631579,0.9615384615384616,0.9868421052631579,0.9615384615384616,0.9624171303776707,0.9473514107951517,0.9933774834437086,0.9803921568627451
ballroom/ballroom_Media-104219/track.npy,ballroom,0.9883720930232558,0.9545454545454546,0.9883720930232558,0.9545454545454546,0.9569300639765375,0.9583854405840679,0.9941520467836257,0.9767441860465117
ballroom/ballroom_Media-104305/track.npy,ballroom,0.9814814814814815,0.9285714285714286,0.9814814814814815,0.9285714285714286,0.9604808833273848,0.9351708299198657,0.9906542056074767,0.962962962962963
ballroom/ballroom_Media-104314/track.npy,ballroom,1.0,1.0,1.0,1.0,0.9500559260699452,0.9479607815050076,1.0,1.0
ballroom/ballroom_Media-104315/track.npy,ballroom,0.9659090909090909,0.9545454545454546,0.9659090909090909,0.9545454545454546,0.8358639747316475,0.813200511740384,0.9942857142857142,0.9767441860465117
ballroom/ballroom_Media-104407/track.npy,ballroom,0.987012987012987,1.0,0.987012987012987,1.0,0.9648128504236152,0.9660320070736741,0.9934640522875817,1.0
ballroom/ballroom_Media-104501/track.npy,ballroom,1.0,1.0,1.0,1.0,0.8391876303114747,0.8850479308209062,1.0,1.0
ballroom/ballroom_Media-104505/track.npy,ballroom,0.9814814814814815,0.9285714285714286,0.9814814814814815,0.9285714285714286,0.9442326456684319,0.9187558439506139,0.9906542056074767,0.962962962962963
ballroom/ballroom_Media-104515/track.npy,ballroom,0.9772727272727273,0.9545454545454546,0.9772727272727273,0.9545454545454546,0.9601319188212328,0.9394235228080688,0.9885057471264368,0.9767441860465117
ballroom/ballroom_Media-104603/track.npy,ballroom,0.972972972972973,1.0,0.972972972972973,1.0,0.8567438408529956,0.918415411846193,0.9863013698630138,1.0
ballroom/ballroom_Media-104605/track.npy,ballroom,0.9818181818181818,1.0,0.9818181818181818,1.0,0.9224054431174185,0.9170256735600232,0.9908256880733944,1.0
ballroom/ballroom_Media-104702/track.npy,ballroom,1.0,1.0,1.0,1.0,0.8732069684561318,0.9058431255441765,1.0,1.0
ballroom/ballroom_Media-104809/track.npy,ballroom,0.974025974025974,0.9230769230769231,0.974025974025974,0.9230769230769231,0.8885635555174596,0.839270987740098,0.9868421052631579,0.9411764705882353
ballroom/ballroom_Media-104902/track.npy,ballroom,0.9722222222222222,1.0,0.9722222222222222,1.0,0.8121970833804173,0.8472596988396907,0.9722222222222222,1.0
ballroom/ballroom_Media-105008/track.npy,ballroom,1.0,1.0,1.0,1.0,0.9460862287837788,0.935236243834297,1.0,1.0
ballroom/ballroom_Media-105009/track.npy,ballroom,0.9814814814814815,1.0,0.9814814814814815,1.0,0.9466531252248078,0.9734237274061842,0.9906542056074767,1.0
ballroom/ballroom_Media-105016/track.npy,ballroom,0.9882352941176471,0.9545454545454546,0.9882352941176471,0.9545454545454546,0.9669275748875223,0.9436347185953969,0.9940828402366864,0.9767441860465117
ballroom/ballroom_Media-105017/track.npy,ballroom,0.9655172413793104,1.0,0.9655172413793104,1.0,0.9005899003084441,0.9230097768004759,0.9883720930232558,1.0
ballroom/ballroom_Media-105020/track.npy,ballroom,0.9425287356321839,1.0,0.9425287356321839,1.0,0.9240273730162788,0.9310402630789647,0.9826589595375722,0.9523809523809523
ballroom/ballroom_Media-105102/track.npy,ballroom,1.0,0.9166666666666666,1.0,0.9166666666666666,0.8565327131603937,0.8321549012981918,1.0,0.9565217391304348
ballroom/ballroom_Media-105109/track.npy,ballroom,1.0,1.0,1.0,1.0,0.9569623700440962,0.9548310587207818,1.0,1.0
ballroom/ballroom_Media-105212/track.npy,ballroom,1.0,1.0,1.0,1.0,0.8350206535018362,0.8204173603013005,1.0,1.0
ballroom/ballroom_Media-105214/track.npy,ballroom,0.9117647058823529,1.0,0.9117647058823529,1.0,0.7839018264450819,0.8437749728034958,0.9253731343283583,1.0
ballroom/ballroom_Media-105302/track.npy,ballroom,0.2711864406779661,0.3333333333333333,0.2711864406779661,0.3333333333333333,0.2424658927978314,0.09326767729530729,0.2978723404255319,0.08695652173913043
ballroom/ballroom_Media-105403/track.npy,ballroom,1.0,1.0,1.0,1.0,0.9566627915945576,0.9646030137955109,1.0,1.0
ballroom/ballroom_Media-105405/track.npy,ballroom,0.9811320754716981,1.0,0.9811320754716981,1.0,0.9713615913128515,0.9803704100408894,0.9904761904761905,1.0
ballroom/ballroom_Media-105409/track.npy,ballroom,1.0,1.0,1.0,1.0,0.9605576678286124,0.9618360659422143,1.0,1.0
ballroom/ballroom_Media-105417/track.npy,ballroom,0.9791666666666666,0.9166666666666666,0.9791666666666666,0.9166666666666666,0.9699826699620687,0.9199687833258495,0.9894736842105264,0.9565217391304348
ballroom/ballroom_Media-105420/track.npy,ballroom,0.9811320754716981,0.9285714285714286,0.9811320754716981,0.9285714285714286,0.937286514925952,0.9073698687128847,0.9904761904761905,0.962962962962963
ballroom/ballroom_Media-105803/track.npy,ballroom,1.0,1.0,1.0,1.0,0.7866318544187298,0.8309664462715826,1.0,1.0
ballroom/ballroom_Media-105804/track.npy,ballroom,0.972972972972973,0.5833333333333334,0.972972972972973,0.5833333333333334,0.9218746395784478,0.6385363535049005,0.9863013698630138,0.6666666666666666
ballroom/ballroom_Media-105809/track.npy,ballroom,1.0,1.0,1.0,1.0,0.9445249393789562,0.9609264130285868,1.0,1.0
ballroom/ballroom_Media-105812/track.npy,ballroom,0.958904109589041,0.96,0.958904109589041,0.96,0.7840321372828684,0.7857102117038621,0.9655172413793104,0.9795918367346939
ballroom/ballroom_Media-105907/track.npy,ballroom,0.9866666666666667,0.84,0.9866666666666667,0.84,0.8534792854784979,0.6908888875618509,0.9932885906040269,0.8399999999999999
ballroom/ballroom_Media-106001/track.npy,ballroom,0.9545454545454546,0.9166666666666666,0.9545454545454546,0.9166666666666666,0.9497246499420877,0.9318873852827171,0.9767441860465117,0.9565217391304348
ballroom/ballroom_Media-106016/track.npy,ballroom,0.9866666666666667,0.4444444444444444,0.9866666666666667,0.4444444444444444,0.9709724567402773,0.4336383956710775,0.9932885906040269,0.4444444444444444
ballroom/ballroom_Media-106108/track.npy,ballroom,0.9545454545454546,1.0,0.9545454545454546,1.0,0.9269916233930401,0.9638826156331494,0.9767441860465117,1.0
beatles/beatles_01_Please_Please_Me_06_Ask_Me_Why/track.npy,beatles,0.9514563106796117,0.9066666666666666,0.9514563106796117,0.9066666666666666,0.9275533828197994,0.8939337309539168,0.9835526315789473,0.9459459459459458
beatles/beatles_01_Please_Please_Me_12_A_Taste_Of_Honey/track.npy,beatles,0.8398058252427184,0.6666666666666666,0.8398058252427184,0.6666666666666666,0.8180849466187767,0.7399098764605598,0.8787878787878788,0.7758620689655172
beatles/beatles_02_With_the_Beatles_01_It_Wont_Be_Long/track.npy,beatles,0.9485294117647058,0.9558823529411765,0.9485294117647058,0.9558823529411765,0.9344633474457027,0.9405016894112712,0.958955223880597,0.9701492537313432
beatles/beatles_02_With_the_Beatles_02_All_Ive_Got_To_Do/track.npy,beatles,1.0,1.0,1.0,1.0,0.9709336925613951,0.9681450171450631,1.0,1.0
beatles/beatles_03_A_Hard_Days_Night_13_Ill_Be_Back/track.npy,beatles,0.9891696750902527,0.7746478873239436,0.9891696750902527,0.7746478873239436,0.9544726699458844,0.8122489003061923,0.9945750452079566,0.8428571428571429
beatles/beatles_04_Beatles_for_Sale_04_Rock_and_Roll_Music/track.npy,beatles,0.9975,1.0,0.9975,1.0,0.6973997956515959,0.6906433189430524,0.9987484355444306,1.0
beatles/beatles_04_Beatles_for_Sale_09_Words_of_Love/track.npy,beatles,0.4940828402366864,0.8461538461538461,0.4940828402366864,0.8461538461538461,0.4306423102094789,0.4347890227090212,0.7794871794871794,0.7244094488188977
beatles/beatles_05_Help_01_Help/track.npy,beatles,0.9902912621359223,0.9807692307692307,0.9902912621359223,0.9807692307692307,0.8546432321138463,0.826154557244891,0.9951219512195122,0.9902912621359222
beatles/beatles_05_Help_14_Dizzy_Miss_Lizzy/track.npy,beatles,0.9893333333333333,1.0,0.9893333333333333,1.0,0.760161940805592,0.7660739002153558,0.9919786096256684,0.9893617021276596
beatles/beatles_06_Rubber_Soul_03_You_Wont_See_Me/track.npy,beatles,0.9838274932614556,0.9347826086956522,0.9838274932614556,0.9347826086956522,0.9168729216244107,0.8616243320576453,0.9905277401894452,0.9456521739130435
beatles/beatles_06_Rubber_Soul_04_Nowhere_Man/track.npy,beatles,0.9741935483870968,0.8051948051948052,0.9741935483870968,0.8051948051948052,0.9431035820236294,0.7961200360089299,0.9805825242718447,0.8311688311688312
beatles/beatles_07_Revolver_09_And_Your_Bird_Can_Sing/track.npy,beatles,0.9798387096774194,0.9838709677419355,0.9798387096774194,0.9838709677419355,0.8646814822304612,0.8679862949699297,0.9898167006109979,0.991869918699187
beatles/beatles_08_Sgt_Peppers_Lonely_Hearts_Club_Band_05_Fixing_A_Hole/track.npy,beatles,0.985663082437276,0.9857142857142858,0.985663082437276,0.9857142857142858,0.9023729679451543,0.8636827226176352,0.9927797833935018,0.9857142857142858
beatles/beatles_08_Sgt_Peppers_Lonely_Hearts_Club_Band_11_Good_Morning_Good_Morning/track.npy,beatles,0.8544303797468354,0.24691358024691357,0.8544303797468354,0.24691358024691357,0.8697892427168659,0.3295064237173728,0.9448051948051949,0.35616438356164387
beatles/beatles_09_Magical_Mystery_Tour_04_Blue_Jay_Way/track.npy,beatles,0.875,0.5113636363636364,0.875,0.5113636363636364,0.8321405977044282,0.48925095850391215,0.9160530191458028,0.5348837209302325
beatles/beatles_10_CD1_The_Beatles_05_Wild_Honey_Pie/track.npy,beatles,0.9722222222222222,0.45,0.9722222222222222,0.45,0.7890291189225417,0.4317025919131832,0.965034965034965,0.5789473684210527
beatles/beatles_10_CD1_The_Beatles_10_Im_So_Tired/track.npy,beatles,0.9782608695652174,0.5,0.9782608695652174,0.5,0.8776360267593855,0.5866489471394599,0.989010989010989,0.676470588235294
beatles/beatles_10_CD1_The_Beatles_13_Rocky_Raccoon/track.npy,beatles,0.6371681415929203,0.5647058823529412,0.6371681415929203,0.5647058823529412,0.8201185919032853,0.76805445383629,0.892156862745098,0.8366013071895425
beatles/beatles_10_CD2_The_Beatles_06_Helter_Skelter/track.npy,beatles,0.8885941644562334,0.7528089887640449,0.8885941644562334,0.7528089887640449,0.8269933583416167,0.7245320560847252,0.9314685314685316,0.8275862068965517
beatles/beatles_11_Abbey_Road_10_Sun_King/track.npy,beatles,0.9887640449438202,0.9318181818181818,0.9887640449438202,0.9318181818181818,0.9315603816121008,0.9085028311311358,0.9802816901408451,0.9545454545454546
beatles/beatles_11_Abbey_Road_13_She_Came_In_Through_The_Bathroom_Window/track.npy,beatles,0.9798657718120806,0.8648648648648649,0.9798657718120806,0.8648648648648649,0.9534026989223745,0.8636544494868469,0.9898305084745762,0.8918918918918919
beatles/beatles_12_Let_It_Be_02_Dig_a_Pony/track.npy,beatles,0.955607476635514,0.7676056338028169,0.955607476635514,0.7676056338028169,0.8118120359686696,0.7153556875487774,0.9519343493552168,0.8413284132841329
beatles/beatles_12_Let_It_Be_09_One_After_909/track.npy,beatles,0.9853862212943633,0.8333333333333334,0.0,0.0,0.6933831346095664,0.5917206655983407,0.6629526462395543,0.5666666666666667
candombe/csic.1995_ansina2_02/track.npy,candombe,0.998546511627907,0.9709302325581395,0.998546511627907,0.9709302325581395,0.9769050313613302,0.9603816234124154,0.9992727272727273,0.9767441860465116
candombe/proyecto.1992_gimenez_06/track.npy,candombe,0.9928741092636579,1.0,0.9928741092636579,1.0,0.9258192728225239,0.9505541099340586,0.9964243146603099,1.0
candombe/zavala.muniz.2014_42/track.npy,candombe,0.993993993993994,0.9761904761904762,0.993993993993994,0.9761904761904762,0.9639709299282218,0.9593649177662645,0.996987951807229,0.9940119760479043
candombe/zavala.muniz.2014_46/track.npy,candombe,0.9958677685950413,1.0,0.9958677685950413,1.0,0.9699982001324438,0.9719329247060334,0.9979296066252588,1.0
filosax/filosax_11/track.npy,filosax,0.767052767052767,0.6968085106382979,0.767052767052767,0.6968085106382979,0.8351464093476495,0.7252252189623898,0.9068322981366458,0.7921348314606741
filosax/filosax_19/track.npy,filosax,0.9926578560939795,0.9619883040935673,0.9926578560939795,0.9619883040935673,0.9251253073656132,0.8869235435824214,0.9985294117647059,0.970674486803519
filosax/filosax_23/track.npy,filosax,0.993607305936073,0.9340659340659341,0.993607305936073,0.9340659340659341,0.9512136007996014,0.8900377282334375,0.9972527472527473,0.945054945054945
filosax/filosax_24/track.npy,filosax,0.9888412017167382,0.9554794520547946,0.9888412017167382,0.9554794520547946,0.8764978158566595,0.8304714693390793,0.9952769428939459,0.967409948542024
filosax/filosax_42/track.npy,filosax,0.9898843930635838,0.9942196531791907,0.9898843930635838,0.9942196531791907,0.8729842280517894,0.860899692989857,0.9949164851125635,0.9971014492753623
filosax/filosax_48/track.npy,filosax,0.9785544082605242,0.9555555555555556,0.9785544082605242,0.9555555555555556,0.9443422026207329,0.9101021223904984,0.9936153232242618,0.9665071770334929
groove_midi/drummer10_session1_1_jazz-swing_124_beat_4-4/track.npy,groove_midi,0.9756838905775076,0.7560975609756098,0.9756838905775076,0.7560975609756098,0.8370274854921828,0.6501834801983284,0.9861751152073733,0.7804878048780488
groove_midi/drummer1_eval_session_10_soul-groove10_102_beat_4-4/track.npy,groove_midi,1.0,1.0,1.0,1.0,0.9008957650484354,0.8951714837769853,1.0,1.0
groove_midi/drummer1_eval_session_6_hiphop-groove6_87_beat_4-4/track.npy,groove_midi,0.9824561403508771,0.9333333333333333,0.9824561403508771,0.9333333333333333,0.9223359802965279,0.8826167092950837,0.9911504424778761,0.9655172413793104
groove_midi/drummer1_session1_3_funk_80_beat_4-4/track.npy,groove_midi,0.44545454545454544,0.8205128205128205,0.44545454545454544,0.8205128205128205,0.5999754857007428,0.4831548717156629,0.8275862068965516,0.6493506493506495
groove_midi/drummer1_session1_51_rock-shuffle_125_beat_4-4/track.npy,groove_midi,0.9607843137254902,0.6395348837209303,0.9607843137254902,0.6395348837209303,0.9205071364770483,0.7052324120375165,0.98005698005698,0.7647058823529412
groove_midi/drummer1_session1_75_jazz_125_beat_4-4/track.npy,groove_midi,0.559322033898305,0.4,0.559322033898305,0.4,0.5596618744414397,0.42363903116693086,0.6866952789699571,0.509090909090909
groove_midi/drummer1_session1_82_neworleans-funk_84_beat_4-4/track.npy,groove_midi,0.9791666666666666,0.9791666666666666,0.9791666666666666,0.9791666666666666,0.8978694361768875,0.8959608547984415,0.9921259842519685,0.9791666666666666
groove_midi/drummer1_session2_111_rock-prog_110_beat_5-4/track.npy,groove_midi,0.2807486631016043,0.23232323232323232,0.2807486631016043,0.015151515151515152,0.49728130212567506,0.32429768027126304,0.5608974358974358,0.29310344827586204
groove_midi/drummer1_session2_112_afrocuban-bembe_122_beat_4-4/track.npy,groove_midi,0.8395348837209302,0.7222222222222222,0.8395348837209302,0.7222222222222222,0.8253923687937536,0.706854444305586,0.9047619047619047,0.7677725118483412
groove_midi/drummer1_session2_3_latin-chacarera_118_beat_4-4/track.npy,groove_midi,0.3991228070175439,0.2608695652173913,0.3991228070175439,0.2608695652173913,0.5890678918631523,0.2657962098445419,0.639225181598063,0.28571428571428575
groove_midi/drummer1_session2_5_jazz_200_beat_3-4/track.npy,groove_midi,0.7751322751322751,0.3492063492063492,0.7751322751322751,0.0,0.9012866165741745,0.4072225515181713,0.9372384937238493,0.35294117647058826
groove_midi/drummer1_session3_1_rock-prog_125_beat_4-4/track.npy,groove_midi,0.9836065573770492,0.7533333333333333,0.9836065573770492,0.7533333333333333,0.8993789344131145,0.7395246487796714,0.9917355371900827,0.8243243243243243
groove_midi/drummer3_session1_13_rock_120_beat_4-4/track.npy,groove_midi,0.9830508474576272,0.9333333333333333,0.9830508474576272,0.9333333333333333,0.9173262943658977,0.9062616291603439,0.9914529914529915,0.9655172413793104
groove_midi/drummer3_session2_10_rock_100_beat_4-4/track.npy,groove_midi,0.9,0.5,0.9,0.5,0.808263653975941,0.5829412387954717,0.9473684210526316,0.6666666666666666
groove_midi/drummer5_eval_session_5_funk-groove5_84_beat_4-4/track.npy,groove_midi,0.9824561403508771,0.45,0.9824561403508771,0.45,0.8921496120089815,0.7516407070969687,0.9911504424778761,0.8235294117647058
groove_midi/drummer5_session1_12_latin-brazilian-sambareggae_96_beat_4-4/track.npy,groove_midi,0.9972602739726028,0.9340659340659341,0.9972602739726028,0.9340659340659341,0.9590772773314125,0.908184809599669,0.9986282578875172,0.945054945054945
groove_midi/drummer5_session1_15_funk_100_beat_4-4/track.npy,groove_midi,0.991869918699187,0.9016393442622951,0.991869918699187,0.9016393442622951,0.934562068191068,0.8631579036949072,0.9959183673469388,0.9180327868852459
groove_midi/drummer5_session2_13_rock_140_beat_4-4/track.npy,groove_midi,0.975609756097561,0.5333333333333333,0.975609756097561,0.5333333333333333,0.9291852534240602,0.6420291603606824,0.9876543209876543,0.6792452830188679
groove_midi/drummer5_session2_18_latin-brazilian-samba_93_beat_4-4/track.npy,groove_midi,0.987012987012987,0.95,0.987012987012987,0.95,0.8261019708661305,0.8052586243055021,0.9934640522875817,0.9743589743589743
groove_midi/drummer5_session2_19_latin-brazilian-ijexa_108_beat_4-4/track.npy,groove_midi,0.9936708860759493,0.875,0.0,0.875,0.4144452123526852,2.0340037076125715e-10,0.0,0.0
groove_midi/drummer6_session3_6_rock_88_beat_4-4/track.npy,groove_midi,0.9958677685950413,1.0,0.9958677685950413,1.0,0.8520634105689624,0.8484176938074941,0.9979296066252588,1.0
groove_midi/drummer7_eval_session_9_soul-groove9_105_beat_4-4/track.npy,groove_midi,0.9821428571428571,0.9285714285714286,0.9821428571428571,0.9285714285714286,0.9586391110629994,0.9310729195504849,0.9909909909909909,0.962962962962963
groove_midi/drummer7_session1_13_funk_102_beat_4-4/track.npy,groove_midi,0.9625,0.925,0.9625,0.0,0.7965991760169441,0.40732379323289375,0.9841269841269841,0.02564102564102564
groove_midi/drummer7_session1_15_jazz_112_beat_4-4/track.npy,groove_midi,0.9685534591194969,0.65,0.9685534591194969,0.65,0.8806623451286646,0.6569603038672879,0.9840255591054313,0.717948717948718
groove_midi/drummer7_session1_22_hiphop_100_beat_4-4/track.npy,groove_midi,1.0,1.0,1.0,1.0,0.951271225767281,0.9449411607528283,1.0,1.0
groove_midi/drummer7_session1_8_rock_93_beat_4-4/track.npy,groove_midi,0.9920948616600791,0.984375,0.9920948616600791,0.984375,0.8149639272409497,0.8132523558317739,0.9782178217821782,0.9921259842519685
groove_midi/drummer7_session1_9_rock_93_beat_4-4/track.npy,groove_midi,0.98,0.918918918918919,0.98,0.0,0.830350782136293,0.40071553897057977,0.9831649831649831,0.0
groove_midi/drummer7_session2_37_rock_112_beat_4-4/track.npy,groove_midi,0.988,0.9516129032258065,0.988,0.9516129032258065,0.8788387940469936,0.8571397697971768,0.993963782696177,0.967741935483871
groove_midi/drummer7_session2_64_rock_145_beat_4-4/track.npy,groove_midi,0.9836065573770492,0.9130434782608695,0.9836065573770492,0.9130434782608695,0.9197366448457179,0.8758605618837115,0.9917355371900827,0.945054945054945
groove_midi/drummer7_session2_97_pop_142_beat_4-4/track.npy,groove_midi,0.5074626865671642,0.375,0.5074626865671642,0.0,0.801280127255074,0.3191677215230164,0.847457627118644,0.2608695652173913
groove_midi/drummer7_session3_11_pop-soft_83_beat_4-4/track.npy,groove_midi,0.9893048128342246,0.8085106382978723,0.9893048128342246,0.10638297872340426,0.8060235682496376,0.3988046381711199,0.9946236559139785,0.12903225806451613
groove_midi/drummer7_session3_120_rock_93_beat_4-4/track.npy,groove_midi,0.9027777777777778,0.6666666666666666,0.9027777777777778,0.6666666666666666,0.8608684775364437,0.6860305107133523,0.9679715302491104,0.732394366197183
groove_midi/drummer7_session3_132_soul_105_beat_4-4/track.npy,groove_midi,0.9945652173913043,0.9782608695652174,0.9945652173913043,0.9782608695652174,0.8214873216890138,0.8201216140606774,0.9972752043596731,0.989010989010989
groove_midi/drummer7_session3_133_soul_105_beat_4-4/track.npy,groove_midi,0.99,0.96,0.99,0.96,0.7815231200265496,0.7731151041739812,0.9949748743718593,0.9795918367346939
groove_midi/drummer7_session3_22_pop-soft_83_beat_4-4/track.npy,groove_midi,0.9838709677419355,0.5333333333333333,0.9838709677419355,0.3333333333333333,0.8280366538642617,0.43713094820457166,0.991869918699187,0.4000000000000001
groove_midi/drummer8_eval_session_5_funk-groove5_84_beat_4-4/track.npy,groove_midi,0.9827586206896551,0.9333333333333333,0.9827586206896551,0.9333333333333333,0.9226146797930678,0.9312618200480229,0.9913043478260869,0.9655172413793104
groove_midi/drummer8_session1_10_neworleans-funk_82_beat_4-4/track.npy,groove_midi,0.9950738916256158,0.9607843137254902,0.9950738916256158,0.9607843137254902,0.9311042813198959,0.8962180632115355,0.9975308641975309,0.9803921568627451
groove_midi/drummer8_session1_15_hiphop_94_beat_4-4/track.npy,groove_midi,0.9858156028368794,0.9295774647887324,0.9858156028368794,0.9295774647887324,0.9367965505975743,0.8978024476780544,0.99288256227758,0.9645390070921985
groove_midi/drummer8_session1_23_hiphop_70_beat_4-4/track.npy,groove_midi,0.9908256880733946,0.9444444444444444,0.9908256880733946,0.9444444444444444,0.9163540431400287,0.8909692240098567,0.9954128440366973,0.9629629629629629
groove_midi/drummer8_session1_24_funk-latin_100_beat_4-4/track.npy,groove_midi,0.9842271293375394,0.8734177215189873,0.9842271293375394,0.8734177215189873,0.9354088233200355,0.8443036563089,0.9920508744038156,0.9044585987261147
groove_midi/drummer9_session1_14_rock_120_beat_4-4/track.npy,groove_midi,0.995575221238938,0.9824561403508771,0.995575221238938,0.9824561403508771,0.9211538552917131,0.9144524009031035,0.995575221238938,0.9911504424778761
groove_midi/drummer9_session1_23_rock_120_beat_4-4/track.npy,groove_midi,0.9734513274336283,0.9310344827586207,0.9734513274336283,0.9310344827586207,0.898040902214576,0.8974135217187826,0.9821428571428571,0.9824561403508771
guitarset/00_Funk2-108-Eb_comp_mix/track.npy,guitarset,0.875,0.5384615384615384,0.875,0.5384615384615384,0.8498291097609896,0.5883465531856212,0.918918918918919,0.64
guitarset/00_Jazz1-200-B_comp_mix/track.npy,guitarset,1.0,1.0,1.0,1.0,0.9797787628189846,0.9796080555336578,1.0,1.0
guitarset/00_Jazz3-150-C_comp_mix/track.npy,guitarset,1.0,1.0,1.0,1.0,0.9398684987545024,0.9402586309084261,1.0,1.0
guitarset/00_Rock2-85-F_comp_mix/track.npy,guitarset,0.9824561403508771,0.9333333333333333,0.9824561403508771,0.9333333333333333,0.9488837348322561,0.9241089694659697,0.9911504424778761,0.9655172413793104
guitarset/01_Rock1-130-A_comp_mix/track.npy,guitarset,0.3617021276595745,0.5,0.3617021276595745,0.0,0.7503997666422075,0.3148116950987035,0.7619047619047619,0.26666666666666666
guitarset/01_Rock2-142-D_comp_mix/track.npy,guitarset,1.0,1.0,1.0,1.0,0.939766417379744,0.9460100353147344,1.0,1.0
guitarset/01_SS1-100-C#_comp_mix/track.npy,guitarset,0.975,0.9,0.975,0.9,0.9523527965520431,0.9153845308261935,0.9873417721518987,0.9473684210526316
guitarset/01_SS2-88-F_comp_mix/track.npy,guitarset,0.023529411764705882,0.14285714285714285,0.023529411764705882,0.14285714285714285,0.3524263259015944,3.3244759210590627e-07,0.425531914893617,0.0
guitarset/01_SS3-84-Bb_comp_mix/track.npy,guitarset,0.9827586206896551,0.9333333333333333,0.9827586206896551,0.9333333333333333,0.8625173857450055,0.8423840460390224,0.9913043478260869,0.9655172413793104
guitarset/01_SS3-98-C_comp_mix/track.npy,guitarset,0.9649122807017544,0.6,0.9649122807017544,0.6,0.9006455720146881,0.6285582757398946,0.9821428571428572,0.7142857142857142
guitarset/02_BN2-166-Ab_comp_mix/track.npy,guitarset,1.0,1.0,1.0,1.0,0.8828868796154856,0.8766281652434565,1.0,1.0
guitarset/02_Jazz1-130-D_comp_mix/track.npy,guitarset,1.0,1.0,1.0,1.0,0.8371068826420882,0.8722155381759794,1.0,1.0
guitarset/02_SS3-84-Bb_comp_mix/track.npy,guitarset,0.9655172413793104,0.7333333333333333,0.9655172413793104,0.7333333333333333,0.798840090922961,0.6960740409068232,0.9739130434782608,0.8275862068965518
guitarset/03_Jazz3-150-C_comp_mix/track.npy,guitarset,0.9444444444444444,0.38461538461538464,0.9444444444444444,0.38461538461538464,0.9091723165472705,0.3778453860546249,0.9714285714285714,0.4
guitarset/04_Funk3-98-A_comp_mix/track.npy,guitarset,0.9821428571428571,0.9285714285714286,0.9821428571428571,0.9285714285714286,0.9419007864285517,0.9117370034997924,0.9909909909909909,0.962962962962963
guitarset/04_Jazz2-110-Bb_comp_mix/track.npy,guitarset,0.6865671641791045,0.375,0.6865671641791045,0.375,0.659951889487419,0.4878051835707463,0.8264462809917356,0.6206896551724138
guitarset/05_BN1-129-Eb_comp_mix/track.npy,guitarset,0.9736842105263158,0.5,0.9736842105263158,0.5,0.8661337992343029,0.4255324763657096,0.9866666666666666,0.5263157894736842
guitarset/05_BN3-119-G_comp_mix/track.npy,guitarset,0.9818181818181818,0.9285714285714286,0.9818181818181818,0.9285714285714286,0.7154931507896976,0.6691374444200475,0.9908256880733944,0.962962962962963
guitarset/05_Funk3-112-C#_comp_mix/track.npy,guitarset,0.9642857142857143,0.6,0.9642857142857143,0.6,0.9473327418992633,0.6954563126777815,0.9818181818181818,0.7142857142857142
guitarset/05_Jazz2-187-F#_comp_mix/track.npy,guitarset,0.9215686274509803,0.6923076923076923,0.9215686274509803,0.6923076923076923,0.805166264104016,0.690639738165782,0.9696969696969697,0.8
guitarset/05_SS1-100-C#_comp_mix/track.npy,guitarset,0.1,0.2,0.05128205128205128,0.0,0.37107766923431096,0.523421656503448,0.34782608695652173,0.42857142857142855
guitarset/05_SS2-88-F_comp_mix/track.npy,guitarset,0.9824561403508771,0.9333333333333333,0.9824561403508771,0.9333333333333333,0.9261666737811636,0.896592479850898,0.9911504424778761,0.9655172413793104
hainsworth/hainsworth_006/track.npy,hainsworth,0.6640625,0.4375,0.078125,0.0,0.6253713956281737,0.2802975125994915,0.6421052631578947,0.3404255319148936
hainsworth/hainsworth_024/track.npy,hainsworth,0.72,0.5172413793103449,0.008,0.2,0.6953880242892841,0.6162092081763836,0.6043956043956044,0.6
hainsworth/hainsworth_039/track.npy,hainsworth,1.0,1.0,1.0,1.0,0.9787969561371958,0.9700515408132296,1.0,1.0
hainsworth/hainsworth_047/track.npy,hainsworth,1.0,1.0,1.0,1.0,0.9798901811727377,0.9775603449684008,1.0,1.0
hainsworth/hainsworth_058/track.npy,hainsworth,0.9852941176470589,0.8823529411764706,0.9852941176470589,0.8823529411764706,0.8989058974572092,0.8669308538604463,0.9925925925925926,0.9411764705882353
hainsworth/hainsworth_069/track.npy,hainsworth,0.9868421052631579,0.8,0.9868421052631579,0.8,0.9673260280773994,0.8336071962617648,0.9933774834437086,0.8717948717948718
hainsworth/hainsworth_079/track.npy,hainsworth,0.9915254237288136,0.896551724137931,0.9915254237288136,0.896551724137931,0.9318572161635132,0.8394885097093119,0.9957446808510638,0.896551724137931
hainsworth/hainsworth_099/track.npy,hainsworth,1.0,1.0,1.0,1.0,0.8389050562208171,0.8792545288934819,1.0,1.0
hainsworth/hainsworth_108/track.npy,hainsworth,1.0,1.0,1.0,1.0,0.9615864813648778,0.9702108318424322,1.0,1.0
hainsworth/hainsworth_110/track.npy,hainsworth,0.9918032786885246,1.0,0.9918032786885246,1.0,0.9684174659972041,0.9610413148600248,0.9958847736625513,1.0
hainsworth/hainsworth_124/track.npy,hainsworth,0.48214285714285715,0.1875,0.48214285714285715,0.1875,0.5658447985890986,0.27540595907563137,0.6943396226415095,0.3389830508474576
hainsworth/hainsworth_130/track.npy,hainsworth,0.5,0.17647058823529413,0.5,0.125,0.5459306760576853,0.30663652443568673,0.6666666666666667,0.48780487804878053
hainsworth/hainsworth_144/track.npy,hainsworth,0.8888888888888888,0.8571428571428571,0.0,0.8571428571428571,0.1616115425685821,4.7830274524079055e-05,0.0,0.0
hainsworth/hainsworth_151/track.npy,hainsworth,1.0,1.0,1.0,1.0,0.9807798475193223,0.9833803504413746,1.0,1.0
hainsworth/hainsworth_153/track.npy,hainsworth,1.0,1.0,1.0,1.0,0.9200562685680066,0.9091119678598059,1.0,1.0
hainsworth/hainsworth_156/track.npy,hainsworth,1.0,1.0,1.0,1.0,0.9504105964034509,0.9565361752393385,1.0,1.0
hainsworth/hainsworth_159/track.npy,hainsworth,1.0,1.0,1.0,1.0,0.98158245734829,0.9868486399361748,1.0,1.0
hainsworth/hainsworth_163/track.npy,hainsworth,1.0,1.0,1.0,1.0,0.9782220456106074,0.9793558192935213,1.0,1.0
hainsworth/hainsworth_177/track.npy,hainsworth,1.0,1.0,1.0,1.0,0.9735444611785411,0.9678396889810768,1.0,1.0
hainsworth/hainsworth_178/track.npy,hainsworth,0.45714285714285713,0.6538461538461539,0.45714285714285713,0.6538461538461539,0.7958005512542534,0.7182529306812847,0.8429752066115702,0.7692307692307693
hainsworth/hainsworth_184/track.npy,hainsworth,1.0,1.0,1.0,1.0,0.9672807300826918,0.9606884916378391,1.0,1.0
hainsworth/hainsworth_197/track.npy,hainsworth,1.0,1.0,0.0,1.0,0.7960086916458691,0.9509183246152642,0.6666666666666666,1.0
hainsworth/hainsworth_210/track.npy,hainsworth,0.6299212598425197,0.5714285714285714,0.6299212598425197,0.5714285714285714,0.8271742279917011,0.6523843890534918,0.8917748917748919,0.7042253521126761
hainsworth/hainsworth_212/track.npy,hainsworth,1.0,1.0,1.0,1.0,0.9792273380277687,0.978089141516288,1.0,1.0
hainsworth/hainsworth_227/track.npy,hainsworth,0.8852459016393442,0.9,0.8852459016393442,0.9,0.9561017054181346,0.9505190510564197,0.9704641350210971,0.9655172413793104
hainsworth/hainsworth_231/track.npy,hainsworth,0.9910714285714286,0.8888888888888888,0.9910714285714286,0.8888888888888888,0.9770004028066919,0.9127348892249614,0.9955156950672646,0.9259259259259259
hainsworth/hainsworth_243/track.npy,hainsworth,0.46987951807228917,0.03333333333333333,0.36065573770491804,0.03333333333333333,0.7155639647631178,0.2319243032292272,0.8097560975609756,0.13043478260869568
harmonix/0006_aint2proud2beg/track.npy,harmonix,0.9966777408637874,0.9210526315789473,0.9966777408637874,0.9210526315789473,0.9393724790826632,0.8877851474392108,0.9983361064891847,0.9403973509933775
harmonix/0018_bassdownlow/track.npy,harmonix,1.0,1.0,1.0,1.0,0.8947479883243334,0.9012780693722027,1.0,1.0
harmonix/0037_breakyourheart/track.npy,harmonix,0.9956140350877193,0.8448275862068966,0.9956140350877193,0.8448275862068966,0.71947582801209,0.6529753348526094,0.9978021978021978,0.8695652173913043
harmonix/0042_callme/track.npy,harmonix,0.9899665551839465,0.8133333333333334,0.9899665551839465,0.8133333333333334,0.9408702827739761,0.8115537488030304,0.9949579831932773,0.8590604026845637
harmonix/0045_cantgetyououtofmyhead/track.npy,harmonix,1.0,1.0,1.0,1.0,0.8200017239858883,0.8083673484397019,1.0,1.0
harmonix/0050_clubcanthandleme/track.npy,harmonix,1.0,1.0,1.0,1.0,0.9355755261711829,0.9250369344734537,1.0,1.0
harmonix/0058_criticalacclaim/track.npy,harmonix,0.9605263157894737,0.6257668711656442,0.9605263157894737,0.6257668711656442,0.9445946461420143,0.7083168597933807,0.9852289512555391,0.7320261437908496
harmonix/0075_dontcha/track.npy,harmonix,0.9924528301886792,0.9545454545454546,0.9924528301886792,0.9545454545454546,0.9452899899239859,0.9159213100797946,0.9962121212121212,0.9696969696969697
harmonix/0078_donttouchme/track.npy,harmonix,0.9949109414758269,0.9595959595959596,0.9949109414758269,0.9595959595959596,0.9660179017289583,0.9487056916812182,0.9961783439490446,0.9746192893401016
harmonix/0101_galang/track.npy,harmonix,1.0,0.7407407407407407,1.0,0.2,0.9692460473367815,0.47273824841770795,1.0,0.2201834862385321
harmonix/0112_giveitup/track.npy,harmonix,0.9489795918367347,1.0,0.9489795918367347,1.0,0.5957707017286177,0.5943168366597438,0.9335604770017036,0.9459459459459459
harmonix/0115_gonnamakeyousweat/track.npy,harmonix,1.0,1.0,1.0,1.0,0.9671203516332885,0.9659745405436286,1.0,1.0
harmonix/0131_iamthebest/track.npy,harmonix,1.0,1.0,1.0,1.0,0.951232450235917,0.943204966831111,1.0,1.0
harmonix/0149_johnnyguitar/track.npy,harmonix,0.9796954314720813,0.6914893617021277,0.9796954314720813,0.6914893617021277,0.9256835575801561,0.7222536177565904,0.9897435897435898,0.7783783783783782
harmonix/0156_lastnight/track.npy,harmonix,1.0,0.6461538461538462,1.0,0.3230769230769231,0.8867671242958635,0.4438799811650841,1.0,0.34108527131782945
harmonix/0160_likeag6/track.npy,harmonix,1.0,1.0,1.0,1.0,0.8521351741052149,0.8475433490282526,1.0,1.0
harmonix/0179_moveslikejagger/track.npy,harmonix,0.9947916666666666,0.9583333333333334,0.9947916666666666,0.9583333333333334,0.9612185875197555,0.9260246334912092,0.9973958333333334,0.96875
harmonix/0183_mynameisjonas/track.npy,harmonix,0.8643533123028391,0.8095238095238095,0.8643533123028391,0.8095238095238095,0.8472062854354689,0.6522495035193842,0.9528455284552846,0.7352941176470589
harmonix/0199_numberofthebeast2/track.npy,harmonix,0.7907488986784141,0.458128078817734,0.7907488986784141,0.458128078817734,0.7763561317067431,0.48576151076021934,0.9069637883008356,0.542713567839196
harmonix/0242_satisfaction/track.npy,harmonix,0.9924242424242424,0.6716417910447762,0.9924242424242424,0.23880597014925373,0.9492600428405085,0.4481770285754441,0.9961977186311787,0.25757575757575757
harmonix/0248_screamingfor/track.npy,harmonix,0.7940327237728585,0.3950617283950617,0.7940327237728585,0.3950617283950617,0.7734725794214832,0.43786179937745023,0.9354518371400198,0.5515695067264573
harmonix/0264_stereolove/track.npy,harmonix,0.9844660194174757,0.8837209302325582,0.9844660194174757,0.8837209302325582,0.9619354237129035,0.8919532970145495,0.9892682926829268,0.9140625
harmonix/0271_teachmehowtodougie/track.npy,harmonix,0.9950738916256158,0.9615384615384616,0.9950738916256158,0.9615384615384616,0.9599512385313331,0.9385274650882515,0.9975308641975309,0.9902912621359222
harmonix/0278_thatsthahomie/track.npy,harmonix,0.5326757090012331,0.5590551181102362,0.27889060092449924,0.5590551181102362,0.7747094389589178,0.6818245103359718,0.7620853080568719,0.7074235807860261
harmonix/0280_thedayitriedtolive/track.npy,harmonix,0.8099547511312217,0.26573426573426573,0.8099547511312217,0.26573426573426573,0.8238803471134587,0.3247515296908645,0.9256068911511354,0.38842975206611563
harmonix/0281_theedgeofglory/track.npy,harmonix,0.997275204359673,0.9565217391304348,0.997275204359673,0.9565217391304348,0.9586169723286576,0.9330028757685314,0.997275204359673,0.967391304347826
harmonix/0288_thewayiare/track.npy,harmonix,0.9786324786324786,0.9830508474576272,0.9786324786324786,0.9830508474576272,0.889137522712887,0.9047334902398879,0.9892008639308855,0.9914529914529915
harmonix/0290_thisishowwedoit/track.npy,harmonix,1.0,1.0,1.0,1.0,0.9361390643660873,0.9603899242374987,1.0,1.0
harmonix/0307_whatdoesntkillyou/track.npy,harmonix,0.9836956521739131,0.8681318681318682,0.9836956521739131,0.8681318681318682,0.9139628667065961,0.8265428564773267,0.9931600547195623,0.9010989010989011
harmonix/0318_windup/track.npy,harmonix,1.0,0.9113924050632911,1.0,0.9113924050632911,0.8642129314739526,0.8105234286583568,1.0,0.9299363057324842
harmonix/0333_allday/track.npy,harmonix,0.6464968152866242,0.8769230769230769,0.6464968152866242,0.8769230769230769,0.7777724951469212,0.754648125946745,0.8943661971830986,0.8217054263565892
harmonix/0339_aslongasyouloveme/track.npy,harmonix,0.9769230769230769,0.890625,0.9769230769230769,0.890625,0.9229823475003809,0.8570359436607462,0.9844357976653696,0.9133858267716536
harmonix/0368_dontwakemeup/track.npy,harmonix,0.9902439024390244,0.9215686274509803,0.9902439024390244,0.9215686274509803,0.9485005828620419,0.8827107135011992,0.9950980392156863,0.9313725490196079
harmonix/0398_goodtime/track.npy,harmonix,0.9802955665024631,0.9405940594059405,0.9802955665024631,0.9405940594059405,0.9286163047183165,0.8920186337328769,0.9876543209876543,0.9504950495049505
harmonix/0409_idontlikeyou/track.npy,harmonix,0.9943074003795066,0.9847328244274809,0.9943074003795066,0.9847328244274809,0.9438207702955277,0.9473307125442157,0.9971455756422455,0.9923664122137404
harmonix/0424_justadream/track.npy,harmonix,0.9631728045325779,0.9101123595505618,0.9631728045325779,0.9101123595505618,0.9004184641817169,0.8675921635255924,0.9856733524355301,0.9318181818181818
harmonix/0427_justthewayyouare/track.npy,harmonix,0.9842931937172775,0.9157894736842105,0.9842931937172775,0.9157894736842105,0.9544090218508323,0.8986085181337325,0.9920844327176782,0.9312169312169313
harmonix/0429_kissinu/track.npy,harmonix,0.9745042492917847,0.9772727272727273,0.9745042492917847,0.9772727272727273,0.9633478251066441,0.9644493103001344,0.987087517934003,0.9885057471264368
harmonix/0435_lookatmenow/track.npy,harmonix,0.9586466165413534,0.8955223880597015,0.9586466165413534,0.8955223880597015,0.9239919329837327,0.8886448572840789,0.967741935483871,0.9172932330827067
harmonix/0437_lovelikewoe/track.npy,harmonix,0.996551724137931,1.0,0.996551724137931,1.0,0.9769988002515656,0.9796243316394037,0.9982728842832469,1.0
harmonix/0442_lullaby/track.npy,harmonix,0.9971098265895953,1.0,0.9971098265895953,1.0,0.9510240622061735,0.947405357896053,0.9985528219971056,1.0
harmonix/0443_magic/track.npy,harmonix,0.6575875486381323,0.4074074074074074,0.6575875486381323,0.29457364341085274,0.8918780428605095,0.652332839881119,0.9006342494714588,0.6476190476190476
harmonix/0448_mine/track.npy,harmonix,0.9819819819819819,0.9369369369369369,0.9819819819819819,0.9369369369369369,0.9475735917385506,0.9088125919511033,0.9920544835414302,0.9592760180995475
harmonix/0457_nothing/track.npy,harmonix,0.9180790960451978,0.8352941176470589,0.9180790960451978,0.8352941176470589,0.8855508046955414,0.7841181183519652,0.9740634005763689,0.8690476190476191
harmonix/0461_obsession/track.npy,harmonix,0.9957446808510638,0.8974358974358975,0.9957446808510638,0.8974358974358975,0.977344776717068,0.8872616254910651,0.9978678038379531,0.905982905982906
harmonix/0469_ordinaryworld/track.npy,harmonix,0.975,0.975,0.0,0.0,0.7440536597008318,0.7380404318621404,0.6610169491525423,0.6610169491525423
harmonix/0492_sm/track.npy,harmonix,0.998019801980198,0.9921259842519685,0.998019801980198,0.9921259842519685,0.963472595692916,0.9596667056807127,0.9990089197224975,0.9960474308300395
harmonix/0511_theonlyexception/track.npy,harmonix,0.9795221843003413,0.6050420168067226,0.9795221843003413,0.6050420168067226,0.8189989195088475,0.739416333845487,0.9854576561163388,0.8571428571428572
harmonix/0522_turnupthemusic/track.npy,harmonix,0.9327902240325866,0.7540983606557377,0.9327902240325866,0.7540983606557377,0.9080371480298348,0.7803719502066797,0.9698231009365245,0.8
harmonix/0523_ucanttouchthis/track.npy,harmonix,0.985480943738657,0.948905109489051,0.985480943738657,0.948905109489051,0.9562441611961143,0.9328282259590516,0.9926873857404023,0.9597069597069599
harmonix/0540_youandme/track.npy,harmonix,0.9933993399339934,1.0,0.9933993399339934,1.0,0.945474705029082,0.9438246243542961,0.9966887417218543,1.0
harmonix/0547_1901boflexdpassionpitremix/track.npy,harmonix,0.9449339207048458,0.9473684210526315,0.9449339207048458,0.9473684210526315,0.9030887815143218,0.8938783674513405,0.9766407119021134,0.9646017699115044
harmonix/0549_515/track.npy,harmonix,0.9901960784313726,0.922077922077922,0.9901960784313726,0.922077922077922,0.9537166786014215,0.8984236079761664,0.9918166939443536,0.9281045751633986
harmonix/0553_alivefeatthegoodnatured/track.npy,harmonix,0.9982847341337907,0.9863945578231292,0.9982847341337907,0.9863945578231292,0.9141009041194619,0.9122811312399862,0.9991416309012876,0.9965870307167235
harmonix/0556_allaroundtheworld/track.npy,harmonix,0.9940711462450593,1.0,0.9940711462450593,1.0,0.6817006329758034,0.6828220616696687,0.9970267591674926,1.0
harmonix/0560_almostlovenow/track.npy,harmonix,0.9865319865319865,0.9594594594594594,0.9865319865319865,0.9594594594594594,0.9692994574383078,0.9471246477537225,0.9932203389830507,0.972972972972973
harmonix/0572_awake/track.npy,harmonix,0.967032967032967,0.9560439560439561,0.967032967032967,0.9560439560439561,0.9404709388762028,0.9400736101486299,0.9764216366158113,0.9613259668508287
harmonix/0576_barbrastreisand/track.npy,harmonix,0.8066860465116279,0.8860759493670886,0.8066860465116279,0.8860759493670886,0.9242458625241434,0.8896432959936689,0.9464012251148546,0.9073482428115016
harmonix/0593_blameitradioedit/track.npy,harmonix,0.9866310160427807,0.9893617021276596,0.9866310160427807,0.9893617021276596,0.970997775134638,0.9677001157667562,0.9932705248990579,0.9946524064171123
harmonix/0599_boyfriend/track.npy,harmonix,1.0,0.0,1.0,0.0,0.9661152409102717,3.7097872566651082e-50,1.0,0.0
harmonix/0609_carryon/track.npy,harmonix,0.8171428571428572,0.6942148760330579,0.8171428571428572,0.6942148760330579,0.8738917563725738,0.7903364043311938,0.9092682926829269,0.8240343347639485
harmonix/0613_celebrationbennybenassi/track.npy,harmonix,0.8347826086956521,0.6204819277108434,0.8347826086956521,0.6204819277108434,0.8629321537116306,0.6106677348272808,0.8957871396895787,0.6319018404907977
harmonix/0620_closertands/track.npy,harmonix,0.9849137931034483,0.6283185840707964,0.9849137931034483,0.6283185840707964,0.9708565636262535,0.6990890820544428,0.992399565689468,0.7149321266968327
harmonix/0631_curiosity/track.npy,harmonix,0.9534883720930233,0.9813084112149533,0.9534883720930233,0.9813084112149533,0.9333301396898346,0.941827844556932,0.9545983701979045,0.9626168224299065
harmonix/0632_cyclone/track.npy,harmonix,0.9928571428571429,1.0,0.9928571428571429,1.0,0.9745916934236036,0.9802540266667945,0.996415770609319,1.0
harmonix/0635_daynnite/track.npy,harmonix,0.647887323943662,0.7258064516129032,0.647887323943662,0.7258064516129032,0.7933837668092615,0.69765222945394,0.882466281310212,0.7933884297520662
harmonix/0652_drovemewild/track.npy,harmonix,0.9957716701902748,1.0,0.9957716701902748,1.0,0.9828450505165551,0.9808646999046974,0.9978813559322034,1.0
harmonix/0669_fastforwardffwd/track.npy,harmonix,0.9976019184652278,1.0,0.9976019184652278,1.0,0.9808266207462596,0.9820169335860912,0.9987995198079231,1.0
harmonix/0674_feelsocloseextendedmix/track.npy,harmonix,1.0,0.9859154929577465,1.0,0.9859154929577465,0.9293003166789824,0.8971850803673743,1.0,0.9859154929577465
harmonix/0682_forever/track.npy,harmonix,0.9760147601476015,0.9635036496350365,0.9760147601476015,0.9635036496350365,0.9607787318397972,0.955887583839799,0.9878618113912232,0.9851851851851852
harmonix/0691_givesyouhell/track.npy,harmonix,0.9940828402366864,0.9166666666666666,0.9940828402366864,0.9166666666666666,0.9686236403443537,0.8980510099770762,0.9970326409495549,0.9285714285714286
harmonix/0697_goodlife/track.npy,harmonix,0.8822269807280514,0.8632478632478633,0.8822269807280514,0.8632478632478633,0.926790843209527,0.8843781816429122,0.9622222222222223,0.911504424778761
harmonix/0705_haditall/track.npy,harmonix,0.8968609865470852,0.8392857142857143,0.8968609865470852,0.8392857142857143,0.9461252728099099,0.8959489493190927,0.9723502304147466,0.9357798165137615
harmonix/0708_haloradioedit/track.npy,harmonix,0.9965635738831615,1.0,0.9965635738831615,1.0,0.9712052538680305,0.9717308764013847,0.9982788296041308,1.0
harmonix/0711_heartheartheartbreak/track.npy,harmonix,1.0,1.0,1.0,1.0,0.9657305002893998,0.9640350645108252,1.0,1.0
harmonix/0713_heartofgoldnow/track.npy,harmonix,0.9977324263038548,0.8468468468468469,0.9977324263038548,0.8468468468468469,0.9706731251754371,0.8477602361189231,0.9988649262202043,0.8687782805429864
harmonix/0714_hell/track.npy,harmonix,0.996309963099631,0.9338235294117647,0.996309963099631,0.9338235294117647,0.9208105215888911,0.8641800816471898,0.9981515711645101,0.9446494464944649
harmonix/0721_holdup/track.npy,harmonix,0.9719887955182073,0.8390804597701149,0.9719887955182073,0.8390804597701149,0.9648938266345918,0.8994111197733088,0.9857954545454545,0.9230769230769231
harmonix/0739_ikissedagirl/track.npy,harmonix,0.9920424403183024,0.925531914893617,0.9920424403183024,0.925531914893617,0.9803891817216986,0.9216594699970796,0.996005326231691,0.9361702127659575
harmonix/0742_iknowyouwantme/track.npy,harmonix,0.9345549738219895,0.9263157894736842,0.9345549738219895,0.9263157894736842,0.880570856030628,0.8587791510719871,0.9786096256684492,0.9625668449197862
harmonix/0744_immabe/track.npy,harmonix,0.9796437659033079,0.9797979797979798,0.9796437659033079,0.9797979797979798,0.9128766774318848,0.89817412699051,0.9656050955414013,0.9393939393939394
harmonix/0751_inlovewithagirl/track.npy,harmonix,0.9814814814814815,0.9701492537313433,0.9814814814814815,0.9701492537313433,0.9498930175846597,0.9373509057167835,0.9944341372912802,0.9850746268656716
harmonix/0760_iwannarock/track.npy,harmonix,1.0,1.0,1.0,1.0,0.9826291157120284,0.9855213298195843,1.0,1.0
harmonix/0761_iwant/track.npy,harmonix,0.9943342776203966,1.0,0.9943342776203966,1.0,0.9611477614295102,0.9589122071385551,0.9971590909090908,1.0
harmonix/0768_keepsgettinbetter/track.npy,harmonix,0.9893617021276596,0.9893617021276596,0.9893617021276596,0.9893617021276596,0.961118171323737,0.9608785209351427,0.9946524064171123,0.9946524064171123
harmonix/0784_lightweight/track.npy,harmonix,0.3899233296823658,0.25316455696202533,0.3899233296823658,0.25316455696202533,0.6351221371551604,0.3575112396710753,0.8021844660194175,0.42704626334519574
harmonix/0797_loveisgone/track.npy,harmonix,1.0,1.0,1.0,1.0,0.95079085754341,0.9493157070123748,1.0,1.0
harmonix/0799_lovesexmagic/track.npy,harmonix,0.9947780678851175,0.8854166666666666,0.9947780678851175,0.8854166666666666,0.9721293365073642,0.8806129517304446,0.996078431372549,0.9109947643979057
harmonix/0806_mad/track.npy,harmonix,0.6269592476489029,0.6986301369863014,0.6269592476489029,0.6986301369863014,0.8758111036877269,0.8538567512934899,0.8927335640138409,0.8695652173913043
harmonix/0812_miserybimbo/track.npy,harmonix,0.9858490566037735,0.8325358851674641,0.9858490566037735,0.8325358851674641,0.93229008877871,0.8298599912595398,0.9928825622775801,0.883495145631068
harmonix/0814_mistake/track.npy,harmonix,0.989010989010989,1.0,0.0,0.0,0.8168065251816605,0.8213423391218413,0.6642066420664207,0.6699507389162561
harmonix/0817_morethanthis/track.npy,harmonix,0.9401408450704225,0.8309859154929577,0.9401408450704225,0.8309859154929577,0.9282180218923802,0.8374430915935905,0.9730700179533214,0.8776978417266187
harmonix/0820_mychickbad/track.npy,harmonix,0.9966329966329966,0.918918918918919,0.9966329966329966,0.918918918918919,0.9697606670187187,0.9037792195429162,0.9983136593591906,0.9324324324324325
harmonix/0841_obsessedcahill/track.npy,harmonix,0.9890710382513661,0.9453551912568307,0.9890710382513661,0.0,0.9737552612937295,0.46593421423075254,0.9945130315500686,0.0
harmonix/0844_ondirecting/track.npy,harmonix,0.9686684073107049,0.8041237113402062,0.9686684073107049,0.8041237113402062,0.9333450319485349,0.8074669449747793,0.988110964332893,0.8421052631578948
harmonix/0846_onelove/track.npy,harmonix,0.8114602587800369,0.8524590163934426,0.8114602587800369,0.8524590163934426,0.9093747828748214,0.8401544660553177,0.9297725024727993,0.8583333333333334
harmonix/0848_onething/track.npy,harmonix,0.9900249376558603,0.9108910891089109,0.9900249376558603,0.9108910891089109,0.5636905899057697,0.533685310947899,0.9949874686716792,0.9300000000000002
harmonix/0853_outonthetown/track.npy,harmonix,0.9960629921259843,0.9921259842519685,0.9960629921259843,0.9921259842519685,0.9637740698811191,0.9612628656066909,0.9980276134122288,0.9960474308300395
harmonix/0865_pocketfulofsunshine/track.npy,harmonix,0.6657963446475196,0.8536585365853658,0.6657963446475196,0.8536585365853658,0.7138731983156813,0.6544555618976564,0.8726752503576538,0.7701863354037267
harmonix/0872_readyfortheweekend/track.npy,harmonix,0.9958762886597938,0.8852459016393442,0.9958762886597938,0.8852459016393442,0.9831932580188195,0.8881270920414115,0.9979381443298969,0.9016393442622952
harmonix/0874_realize/track.npy,harmonix,0.8734693877551021,0.8292682926829268,0.8734693877551021,0.8292682926829268,0.9262916670085902,0.8705762352162528,0.9609292502639917,0.905982905982906
harmonix/0892_saveyoutonight/track.npy,harmonix,0.9880952380952381,0.9333333333333333,0.9880952380952381,0.9333333333333333,0.6857546887564523,0.668075678853162,0.9916167664670659,0.9473684210526315
harmonix/0893_say/track.npy,harmonix,0.8036253776435045,0.7368421052631579,0.8036253776435045,0.7368421052631579,0.7882410974713893,0.7579246670325366,0.8562401263823064,0.8219178082191781
harmonix/0900_sexychickakon/track.npy,harmonix,0.9950980392156863,0.9019607843137255,0.9950980392156863,0.9019607843137255,0.97546137466137,0.8998831828281951,0.9975429975429976,0.9215686274509803
harmonix/0916_sowhat/track.npy,harmonix,0.9954441913439636,0.9272727272727272,0.9954441913439636,0.9272727272727272,0.6873290211500122,0.6656899195533565,0.997716894977169,0.9406392694063928
harmonix/0922_suffocate/track.npy,harmonix,0.9484304932735426,0.7452830188679245,0.9484304932735426,0.7452830188679245,0.9428393163343383,0.7930583336401867,0.9724770642201834,0.8173076923076923
harmonix/0938_thebusiness/track.npy,harmonix,0.8384615384615385,0.8153846153846154,0.05091649694501019,0.008130081300813009,0.761389339441036,0.6815511138262997,0.6764314247669773,0.5851063829787234
harmonix/0948_thislove/track.npy,harmonix,0.9651898734177216,0.9493670886075949,0.9651898734177216,0.9493670886075949,0.9500317906182276,0.9381503626673461,0.9822866344605475,0.9743589743589742
harmonix/0952_tiktok/track.npy,harmonix,0.9870466321243523,0.9896907216494846,0.9870466321243523,0.9896907216494846,0.9245834035295809,0.9271585018658648,0.9934980494148246,0.9948186528497409
harmonix/0968_walltowall/track.npy,harmonix,0.9709302325581395,0.9069767441860465,0.9709302325581395,0.9069767441860465,0.9670846398177905,0.9175236982129911,0.9852507374631269,0.9294117647058823
harmonix/0972_whatchasay/track.npy,harmonix,0.8767123287671232,0.6929133858267716,0.06365503080082136,0.1504424778761062,0.7108413703733137,0.6499729208938108,0.6864064602960969,0.6553672316384181
harmonix/0973_whateverittakes/track.npy,harmonix,0.9918032786885246,0.9836065573770492,0.9918032786885246,0.9836065573770492,0.9277129101458284,0.9269751272243012,0.9958847736625513,0.9917355371900827
harmonix/0978_whenigrowup/track.npy,harmonix,0.8683651804670913,0.4090909090909091,0.8683651804670913,0.4090909090909091,0.9407934642808311,0.40217273243508506,0.9648351648351648,0.4090909090909091
harmonix/0986_winner/track.npy,harmonix,0.8541114058355438,0.8315789473684211,0.8541114058355438,0.8315789473684211,0.874827664901611,0.8208309315762945,0.9344262295081968,0.8695652173913043
hjdb/hjdb_Come_Back_2_Me/track.npy,hjdb,1.0,1.0,1.0,1.0,0.9665484587762185,0.9585646623762336,1.0,1.0
hjdb/hjdb_Dance_Factor/track.npy,hjdb,1.0,1.0,1.0,1.0,0.9798696965999846,0.9734282419240441,1.0,1.0
hjdb/hjdb_Drowning_In_Her/track.npy,hjdb,0.3972602739726027,0.2962962962962963,0.22435897435897437,0.21428571428571427,0.6865613177083598,0.20426938299185243,0.593984962406015,0.1923076923076923
hjdb/hjdb_Ecstatic_House/track.npy,hjdb,0.7738095238095238,0.8095238095238095,0.7738095238095238,0.0,0.834214809292543,0.3889913076347863,0.8484848484848484,0.0
hjdb/hjdb_Essence_Ep/track.npy,hjdb,1.0,1.0,1.0,1.0,0.9750662860354821,0.9831611911388541,1.0,1.0
hjdb/hjdb_Exodus_(When_The_Lion_Awakes)/track.npy,hjdb,1.0,1.0,1.0,1.0,0.9651096582722021,0.9681892116740952,1.0,1.0
hjdb/hjdb_Fearless_Wonder_(Remix)/track.npy,hjdb,0.9929078014184397,0.8333333333333334,0.9929078014184397,0.8333333333333334,0.9713920993564151,0.8525412742499979,0.9964412811387899,0.8732394366197184
hjdb/hjdb_Final_Conflict/track.npy,hjdb,1.0,1.0,1.0,1.0,0.9710899310674158,0.9744945776800825,1.0,1.0
hjdb/hjdb_Future_Funk/track.npy,hjdb,0.9527027027027027,0.5,0.9527027027027027,0.5,0.9568556401640456,0.5280046644751184,0.9757785467128028,0.5405405405405405
hjdb/hjdb_How_Should_I_Start/track.npy,hjdb,0.9886363636363636,0.9545454545454546,0.9886363636363636,0.9545454545454546,0.9703379217504828,0.956999074050687,0.9942857142857142,0.9767441860465117
hjdb/hjdb_Johnny_94_(Origin_Unkown_Remix)/track.npy,hjdb,1.0,1.0,1.0,1.0,0.9801270322682519,0.9853231901700484,1.0,1.0
hjdb/hjdb_Mr._Logic/track.npy,hjdb,1.0,1.0,1.0,1.0,0.9835976185901488,0.988286817807802,1.0,1.0
hjdb/hjdb_Never_Try_The_Hippodrome_(Remix)/track.npy,hjdb,1.0,1.0,1.0,1.0,0.9765812429316478,0.9825253136544456,1.0,1.0
hjdb/hjdb_Oh_So_Nice/track.npy,hjdb,1.0,1.0,1.0,1.0,0.9569967015123206,0.9475816664355213,1.0,1.0
hjdb/hjdb_Slow_Jam/track.npy,hjdb,1.0,1.0,1.0,1.0,0.9740001334881225,0.9728633557111686,1.0,1.0
hjdb/hjdb_Street_Knowledge/track.npy,hjdb,0.9911504424778761,1.0,0.9911504424778761,1.0,0.9755206647298829,0.983877181385772,0.9955555555555555,1.0
hjdb/hjdb_Summer_Breeze/track.npy,hjdb,1.0,1.0,1.0,1.0,0.9838491203561984,0.9847957010619741,1.0,1.0
hjdb/hjdb_Sweet_Vibrations/track.npy,hjdb,1.0,1.0,1.0,1.0,0.9824061028862422,0.981559646597548,1.0,1.0
hjdb/hjdb_T-N-T/track.npy,hjdb,0.9959183673469387,0.8852459016393442,0.9959183673469387,0.8852459016393442,0.973575542616384,0.876612023067515,0.9979550102249488,0.9016393442622952
hjdb/hjdb_Tales_From_The_Darkside/track.npy,hjdb,1.0,1.0,1.0,1.0,0.9772387753264152,0.9771974141702578,1.0,1.0
hjdb/hjdb_Tales_From_The_Darkside_2/track.npy,hjdb,0.995,0.98,0.995,0.98,0.9805475098832382,0.9590734732419448,0.9974937343358395,0.98
hjdb/hjdb_The_Criminal/track.npy,hjdb,1.0,1.0,1.0,1.0,0.9701115466341238,0.979757991640277,1.0,1.0
hjdb/hjdb_The_Grand_National_(DJ_SS_and_EQ_Remix)/track.npy,hjdb,1.0,1.0,1.0,1.0,0.9671171574469216,0.972538028925096,1.0,1.0
hjdb/hjdb_The_Way_(VIP_Mix)/track.npy,hjdb,1.0,1.0,1.0,1.0,0.9751004044852272,0.976729620605435,1.0,1.0
hjdb/hjdb_Unfriendly/track.npy,hjdb,0.7894736842105263,0.7142857142857143,0.7894736842105263,0.7142857142857143,0.9293291818243646,0.8310700151599405,0.9444444444444444,0.8461538461538461
hjdb/hjdb_United/track.npy,hjdb,0.9944444444444445,0.8666666666666667,0.9944444444444445,0.8666666666666667,0.9774194952815233,0.8736507564714308,0.9972144846796658,0.8888888888888888
hjdb/hjdb_United_(Grooverider_Remix)/track.npy,hjdb,1.0,1.0,1.0,1.0,0.9808445733260784,0.9729235191298492,1.0,1.0
hjdb/hjdb_Until_The_Night_Is_Morning/track.npy,hjdb,1.0,1.0,1.0,1.0,0.9782596687306456,0.9745458688369928,1.0,1.0
hjdb/hjdb_What_Kind_of_World/track.npy,hjdb,0.9914529914529915,0.7586206896551724,0.9914529914529915,0.7586206896551724,0.9747742963489967,0.7441929718918724,0.9957081545064378,0.7586206896551724
jaah/jaah_001-sarah_vaughan-all_alone/track.npy,jaah,0.9586206896551724,0.7361111111111112,0.9586206896551724,0.7361111111111112,0.9232511897606733,0.7094196958705653,0.9807355516637478,0.7552447552447553
jaah/jaah_009-sidney_bechets_blue_note_jazzmen-blue_horizon/track.npy,jaah,0.9822064056939501,0.4794520547945205,0.9822064056939501,0.4794520547945205,0.8991715442329964,0.6346735762831843,0.9696969696969696,0.6853146853146853
jaah/jaah_021-the_clifford_brownmax_roach_quintet-daahoud/track.npy,jaah,0.7122448979591837,0.5957446808510638,0.7122448979591837,0.5957446808510638,0.7354736391677857,0.5684453036479646,0.821074595722483,0.6283185840707964
jaah/jaah_034-thelonious_monk-evidence/track.npy,jaah,0.7909319899244333,0.47474747474747475,0.7909319899244333,0.47474747474747475,0.8660018347440271,0.6396256907372428,0.8953341740226988,0.6631016042780749
jaah/jaah_038-bix_beiderbecke_paul_whiteman_and_his_orchestra-from_monday_on/track.npy,jaah,0.6941678520625889,0.7712418300653595,0.6941678520625889,0.7712418300653595,0.8403386032964235,0.7708264115939685,0.8907823392718823,0.7933333333333333
jaah/jaah_040-stan_getz_joao_gilberto_antonio_carlos_jobim-the_girl_from_ipanema/track.npy,jaah,0.5240174672489083,0.5581395348837209,0.5240174672489083,0.5581395348837209,0.7127014104385663,0.6461807617706937,0.8616144975288303,0.7843137254901962
jaah/jaah_045-billie_holiday-hes_funny_that_way/track.npy,jaah,0.9924528301886792,0.9701492537313433,0.9924528301886792,0.9701492537313433,0.9704454178698199,0.9593793435615372,0.9962121212121212,0.9774436090225564
jaah/jaah_053-louis_armstrong_his_orchestra-i_gotta_right_to_sing_the_blues/track.npy,jaah,0.5021929824561403,0.9294117647058824,0.5021929824561403,0.9294117647058824,0.6902937396838942,0.6986603348064138,0.8456712672521958,0.7810650887573966
jaah/jaah_059-duke_ellington_and_his_famous_orchestra-koko/track.npy,jaah,0.9604938271604938,0.9901960784313726,0.9604938271604938,0.9901960784313726,0.7742793570678443,0.7374104775330257,0.9888751545117429,0.9852216748768472
jaah/jaah_064-dizzy_gillespie_and_his_orchestra-manteca/track.npy,jaah,0.8967495219885278,0.5813953488372093,0.8967495219885278,0.5813953488372093,0.7747854509685925,0.5227693227182441,0.9316650625601539,0.629032258064516
jaah/jaah_076-charlie_parker-oh_lady_be_good_feat_jazz_at_the_philharmonic/track.npy,jaah,0.9906759906759907,0.7289719626168224,0.9906759906759907,0.7289719626168224,0.9460870263506915,0.7202928276311522,0.9953271028037383,0.76056338028169
jaah/jaah_084-gene_krupa_and_his_orchestra-rockin_chair/track.npy,jaah,0.6816479400749064,0.546875,0.6816479400749064,0.546875,0.6640587466433335,0.515205571621351,0.8030592734225621,0.5669291338582677
jaah/jaah_089-sonny_rollins-st_thomas/track.npy,jaah,0.7822191592005513,0.6988950276243094,0.7822191592005513,0.6988950276243094,0.734683894137937,0.6574745000601215,0.9383244206773619,0.8471615720524017
jaah/jaah_103-the_gerry_mulligan_quartet_chet_baker-walkin_shoes/track.npy,jaah,0.975669099756691,0.7692307692307693,0.975669099756691,0.7692307692307693,0.8237144925328762,0.6701647646025108,0.9876847290640395,0.803921568627451
rwc/rwc_classical_CD2_02/track.npy,rwc_classical,0.7252173913043478,0.3472222222222222,0.02434782608695652,0.003472222222222222,0.6826875939363308,0.45981950172356845,0.6189349112426036,0.5036674816625917
rwc/rwc_classical_CD3_04/track.npy,rwc_classical,0.5386565272496832,0.41208791208791207,0.5386565272496832,0.41208791208791207,0.5756972014161192,0.3887683148035098,0.7401812688821753,0.5055555555555555
rwc/rwc_classical_CD4_05/track.npy,rwc_classical,0.9864864864864865,0.3888888888888889,0.9864864864864865,0.3888888888888889,0.8902472672833422,0.42121039641717783,0.9864864864864865,0.4444444444444444
rwc/rwc_classical_CD4_06/track.npy,rwc_classical,0.5854922279792746,0.06756756756756757,0.5854922279792746,0.013333333333333334,0.72917098125236,0.2811075547043391,0.8065395095367848,0.2698412698412698
rwc/rwc_classical_CD5_12/track.npy,rwc_classical,0.9655172413793104,0.9655172413793104,0.9655172413793104,0.9655172413793104,0.9291138903412133,0.9560734383337615,0.9709302325581395,0.9824561403508771
rwc/rwc_classical_CD6_04/track.npy,rwc_classical,0.7883895131086143,0.6166666666666667,0.7883895131086143,0.6166666666666667,0.6594779779305373,0.538405858325255,0.8746298124383022,0.728476821192053
rwc/rwc_classical_CD6_14/track.npy,rwc_classical,0.7278911564625851,0.3614457831325301,0.7278911564625851,0.3614457831325301,0.7204775456450555,0.48624544190382923,0.8650646950092421,0.5789473684210525
rwc/rwc_jazz_CD1_01/track.npy,rwc_jazz,0.1676300578034682,0.08064516129032258,0.1676300578034682,0.0,0.33556568023591904,0.07361152485778966,0.3825503355704698,0.0930232558139535
rwc/rwc_jazz_CD1_05/track.npy,rwc_jazz,0.3611111111111111,0.12962962962962962,0.3611111111111111,0.1111111111111111,0.4227959677116335,0.26502532955742664,0.532399299474606,0.32298136645962733
rwc/rwc_jazz_CD2_05/track.npy,rwc_jazz,0.7575757575757576,0.7704918032786885,0.7575757575757576,0.7704918032786885,0.7386663735188443,0.7033481497059764,0.8436268068331143,0.8275862068965518
rwc/rwc_jazz_CD3_06/track.npy,rwc_jazz,0.680073126142596,0.7665198237885462,0.0,0.009389671361502348,0.6785790107338194,0.6348449383033692,0.5839793281653747,0.5504587155963302
rwc/rwc_jazz_CD4_03/track.npy,rwc_jazz,0.4877384196185286,0.8695652173913043,0.3357664233576642,0.8695652173913043,0.6637003639483297,0.7201446943693114,0.7860262008733624,0.8695652173913043
rwc/rwc_jazz_CD4_07/track.npy,rwc_jazz,0.968798751950078,0.9567901234567902,0.968798751950078,0.9567901234567902,0.8969141409287242,0.8867213525270751,0.9773614363778298,0.9565217391304348
rwc/rwc_jazz_CD4_14/track.npy,rwc_jazz,0.9484848484848485,0.7857142857142857,0.9484848484848485,0.7857142857142857,0.8792601494044042,0.6807292446440834,0.9573170731707318,0.762589928057554
rwc/rwc_popular_CD1_05/track.npy,rwc_popular,0.9876288659793815,1.0,0.9876288659793815,1.0,0.9623036216237579,0.9613164042731788,0.9917355371900827,0.9917355371900827
rwc/rwc_popular_CD1_06/track.npy,rwc_popular,0.992462311557789,0.89,0.992462311557789,0.89,0.9634391989281605,0.8829977337851299,0.9962168978562421,0.9145728643216081
rwc/rwc_popular_CD1_12/track.npy,rwc_popular,0.6303418803418803,0.8210526315789474,0.6303418803418803,0.8210526315789474,0.8286164868539109,0.7820736565048858,0.8925619834710744,0.8105263157894737
rwc/rwc_popular_CD1_14/track.npy,rwc_popular,0.9879518072289156,0.8554216867469879,0.9879518072289156,0.8554216867469879,0.9738425433541439,0.8536168201794728,0.9909365558912386,0.8674698795180723
rwc/rwc_popular_CD2_03/track.npy,rwc_popular,0.9950657894736842,0.9605263157894737,0.9950657894736842,0.9605263157894737,0.9817601371967525,0.9543391485826578,0.9975267930750207,0.9702970297029704
rwc/rwc_popular_CD2_11/track.npy,rwc_popular,0.987460815047022,0.9308176100628931,0.987460815047022,0.9308176100628931,0.9700330665372923,0.9395602145668753,0.9929078014184398,0.9556962025316456
rwc/rwc_popular_CD3_02/track.npy,rwc_popular,0.5993431855500821,0.1652892561983471,0.5993431855500821,0.1652892561983471,0.8238064064481085,0.374090189135952,0.8821917808219178,0.4085106382978724
rwc/rwc_popular_CD3_06/track.npy,rwc_popular,0.26308724832214764,0.15267175572519084,0.13691275167785236,0.15267175572519084,0.4593621503131391,0.0808521258733107,0.4138473642800944,0.08730158730158731
rwc/rwc_popular_CD3_08/track.npy,rwc_popular,0.9954441913439636,0.990909090909091,0.9954441913439636,0.990909090909091,0.9833422783714018,0.9811673423354834,0.997716894977169,0.995433789954338
rwc/rwc_popular_CD3_09/track.npy,rwc_popular,0.859375,0.47368421052631576,0.859375,0.2265625,0.9345081402924292,0.5837158322231473,0.959758551307847,0.5686274509803922
rwc/rwc_popular_CD4_02/track.npy,rwc_popular,0.9857954545454546,0.5227272727272727,0.0,0.017142857142857144,0.8091434721391259,0.6463893638464339,0.6628679962013296,0.6615969581749049
rwc/rwc_popular_CD6_02/track.npy,rwc_popular,0.884313725490196,0.9411764705882353,0.884313725490196,0.9411764705882353,0.780658013162074,0.7913298374027976,0.9584599797365755,0.9451476793248945
rwc/rwc_royalty-free_CD1_02/track.npy,rwc_royalty-free,0.8681818181818182,0.8545454545454545,0.8681818181818182,0.8545454545454545,0.813233519357885,0.7550631498425312,0.9579439252336448,0.8785046728971962
rwc/rwc_royalty-free_CD1_03/track.npy,rwc_royalty-free,0.9473684210526315,0.7692307692307693,0.9473684210526315,0.7692307692307693,0.7860709944066541,0.688331884835101,0.9400479616306955,0.8269230769230769
simac/simac_A_vida_me_fez_assim_12-Lavoura/track.npy,simac,0.7692307692307693,0.0,0.7692307692307693,0.0,0.8375878745809253,0.0,0.8695652173913044,0.0
simac/simac_A_vida_me_fez_assim_15-Portela/track.npy,simac,0.8275862068965517,0.0,0.8275862068965517,0.0,0.8085671228717716,0.0,0.9056603773584906,0.0
simac/simac_Alfagamabetizado_08-O_Bode/track.npy,simac,0.7878787878787878,0.0,0.7878787878787878,0.0,0.6642355283411124,0.0,0.8474576271186441,0.0
simac/simac_Alfagamabetizado_09-Comunidade-Lobos/track.npy,simac,0.8695652173913043,0.0,0.8695652173913043,0.0,0.8964234678402611,0.0,0.9302325581395349,0.0
simac/simac_Alfagamabetizado_12-Seo_Ze/track.npy,simac,0.8421052631578947,0.0,0.0,0.0,0.7406840714266176,0.0,0.6274509803921569,0.0
simac/simac_Amber_03-Silverside/track.npy,simac,0.8064516129032258,0.0,0.8064516129032258,0.0,0.7780684102422644,0.0,0.8771929824561403,0.0
simac/simac_As_Time_Goes_By_01-as_time_goes_by/track.npy,simac,0.65625,0.0,0.65625,0.0,0.6612112899786569,0.0,0.7924528301886793,0.0
simac/simac_As_Time_Goes_By_04-theres_a_small_hotel/track.npy,simac,0.6571428571428571,0.0,0.6571428571428571,0.0,0.7380235757363371,0.0,0.7999999999999999,0.0
simac/simac_Bach_The_Well-Tempered_Clavier_II_(Disc_1)_08-Prelude_and_Fugue_No._4_in_C-sharp_minor_BWV_873_-_2._Fuga/track.npy,simac,0.8260869565217391,0.0,0.8260869565217391,0.0,0.8768751017370354,0.0,0.9047619047619047,0.0
simac/simac_Bach_The_Well-Tempered_Clavier_II_(Disc_1)_09-Prelude_and_Fugue_No._5_in_D_major_BWV_874_-_1._Praeludium/track.npy,simac,0.9444444444444444,0.0,0.9444444444444444,0.0,0.9316912341117571,0.0,0.9714285714285714,0.0
simac/simac_Bach_The_Well-Tempered_Clavier_II_(Disc_1)_24-Prelude_and_Fugue_No._12_in_F_minor_BWV_881_-_2._Fuga/track.npy,simac,0.7894736842105263,0.0,0.7894736842105263,0.0,0.8330300278573083,0.0,0.8823529411764706,0.0
simac/simac_Bach_The_Well-Tempered_Clavier_II_(Disc_2)_03-Prelude_and_Fugue_No._14_F-sharp_minor_BWV_883_-_1._Praeludium/track.npy,simac,0.8636363636363636,0.0,0.8636363636363636,0.0,0.8645101629871237,0.0,0.9047619047619048,0.0
simac/simac_Bach_The_Well-Tempered_Clavier_II_(Disc_2)_12-Prelude_and_Fugue_No._18_G-sharp_minor_BWV_887_-_2._Fuga/track.npy,simac,0.2222222222222222,0.0,0.2222222222222222,0.0,0.605327300484939,0.0,0.6363636363636364,0.0
simac/simac_Bach_The_Well-Tempered_Clavier_II_(Disc_2)_14-Prelude_and_Fugue_No._19_A_major_BWV_888_-_2._Fuga/track.npy,simac,0.6153846153846154,0.0,0.6153846153846154,0.0,0.7534764126069609,0.0,0.7878787878787878,0.0
simac/simac_Beethoven_The_String_Quartets_-_CD_3_02-II_Allegretto_vivace_e_sempre_scherzando/track.npy,simac,0.4307692307692308,0.0,0.4307692307692308,0.0,0.6682052432732607,0.0,0.7407407407407407,0.0
simac/simac_Beethoven_The_String_Quartets_-_CD_3_04-IV_Theme_russe-_Allegro/track.npy,simac,0.8484848484848485,0.0,0.8484848484848485,0.0,0.8623495999826463,0.0,0.90625,0.0
simac/simac_Bela_Bartok_03-The_Miraculous_Mandarin_3_2nd_Decoy_Game/track.npy,simac,0.20512820512820512,0.0,0.1388888888888889,0.0,0.41967615753307397,0.0,0.35714285714285715,0.0
simac/simac_Bernstein_conducts_Stravinsky_17-Scene_2-_Petrushka_s_room/track.npy,simac,0.5,0.0,0.5,0.0,0.5914029652124635,0.0,0.6666666666666667,0.0
simac/simac_Bernstein_conducts_Stravinsky_20-Scene_4-_The_Shrovetie_fair_toward_evening_/track.npy,simac,0.32558139534883723,0.0,0.17142857142857143,0.0,0.48465647434169473,0.0,0.5263157894736843,0.0
simac/simac_Bernstein_conducts_Stravinsky_23-The_jovial_merchant_with_two_gypsy_girls/track.npy,simac,0.625,0.0,0.625,0.0,0.43750372383165886,0.0,0.5909090909090908,0.0
simac/simac_Billie_Holiday_CD1_01-Summertime/track.npy,simac,0.7142857142857143,0.0,0.7142857142857143,0.0,0.6971619009553192,0.0,0.7999999999999999,0.0
simac/simac_Classic_Pergolesi_-_Stabat_Mater_02/track.npy,simac,0.0,0.0,0.0,0.0,0.23189723902590723,0.0,0.25,0.0
simac/simac_Concert_01-Concerto_en_La_Majeur_pour_deux_Violons_A_Scordatura_et_basse_continue._Affetuoso/track.npy,simac,0.6333333333333333,0.0,0.6333333333333333,0.0,0.7155038086659837,0.0,0.7599999999999999,0.0
simac/simac_Concert_11-3._Dolce/track.npy,simac,0.5384615384615384,0.0,0.5384615384615384,0.0,0.6663809348121982,0.0,0.7419354838709677,0.0
simac/simac_Ella_&_Louis_07-Taking_A_Chance_On_Love/track.npy,simac,0.5483870967741935,0.0,0.5483870967741935,0.0,0.582635001242201,0.0,0.7083333333333333,0.0
simac/simac_Ella_&_Louis_13-Holiday_In_Harlem/track.npy,simac,0.8076923076923077,0.0,0.8076923076923077,0.0,0.676078001466744,0.0,0.8936170212765957,0.0
simac/simac_Ella_&_Louis_17-Three_Little_Words/track.npy,simac,0.6530612244897959,0.0,0.0,0.0,0.5402069263632779,0.0,0.4857142857142857,0.0
simac/simac_Eres_luz_01-Eres_luz_(Rumba)/track.npy,simac,0.8125,0.0,0.8125,0.0,0.6987569000259728,0.0,0.896551724137931,0.0
simac/simac_Eventail_07_Romanza_Del_Pescador/track.npy,simac,0.6470588235294118,0.0,0.6470588235294118,0.0,0.5752112559361736,0.0,0.7500000000000001,0.0
simac/simac_Eventail_09-Asturias/track.npy,simac,0.23255813953488372,0.0,0.23255813953488372,0.0,0.4916322905759829,0.0,0.5428571428571429,0.0
simac/simac_Fado_10-AudioTrack_10/track.npy,simac,0.7419354838709677,0.0,0.7419354838709677,0.0,0.7697366199414613,0.0,0.8518518518518519,0.0
simac/simac_Fight_To_Win_02-Walk_on_the_right_side/track.npy,simac,0.12121212121212122,0.0,0.12121212121212122,0.0,0.25016054403780613,0.0,0.26415094339622636,0.0
simac/simac_Gold_-_Greatest_Hits_09-Money_Money_Money/track.npy,simac,0.8787878787878788,0.0,0.8787878787878788,0.0,0.842454105255183,0.0,0.9206349206349207,0.0
simac/simac_Kocani_Orkester_03._Romski_Cocek/track.npy,simac,0.7380952380952381,0.0,0.7380952380952381,0.0,0.7463829385929803,0.0,0.8493150684931507,0.0
simac/simac_Ludwid_van_Beethoven_02-II._Adagio_ma_non_troppo_e_molto_cantabile_-_Andante_con_moto_-_Adagio_molto_espressivo/track.npy,simac,0.5833333333333334,0.0,0.5833333333333334,0.0,0.6333054744562939,0.0,0.7586206896551725,0.0
simac/simac_Niandra_LaDes_and_Usually_Just_a_T-Shirt_14-Usually_Just_a_T-Shirt_Untitled_2/track.npy,simac,0.7,0.0,0.7,0.0,0.6904114270616635,0.0,0.7843137254901961,0.0
simac/simac_Niandra_LaDes_and_Usually_Just_a_T-Shirt_16-Usually_Just_a_T-Shirt_Untitled_4/track.npy,simac,0.6818181818181818,0.0,0.0,0.0,0.6374594978980679,0.0,0.576923076923077,0.0
simac/simac_Papakonstantinou_07-AudioTrack_07/track.npy,simac,0.9565217391304348,0.0,0.9565217391304348,0.0,0.8787652756862302,0.0,0.9777777777777777,0.0
simac/simac_Papakonstantinou_13-AudioTrack_13/track.npy,simac,0.5833333333333334,0.0,0.0,0.0,0.4714869725460714,0.0,0.4166666666666667,0.0
simac/simac_Papakonstantinou_16-AudioTrack_16/track.npy,simac,0.6470588235294118,0.0,0.6470588235294118,0.0,0.7003318771043405,0.0,0.7857142857142858,0.0
simac/simac_Primer_Aliento_01-Sintonia_del_refugio_atomico/track.npy,simac,1.0,0.0,1.0,0.0,0.9791222917938885,0.0,1.0,0.0
simac/simac_Primer_Aliento_17-Selector_de_frecuencias/track.npy,simac,0.8043478260869565,0.0,0.0,0.0,0.7269603620650421,0.0,0.5846153846153846,0.0
simac/simac_R.A.F.I_01-Assassin/track.npy,simac,0.08,0.0,0.0,0.0,0.07303946169100183,0.0,0.0,0.0
simac/simac_R.A.F.I_02-Change/track.npy,simac,0.9534883720930233,0.0,0.9534883720930233,0.0,0.851204674484252,0.0,0.9761904761904763,0.0
simac/simac_R.A.F.I_04-Buzzing/track.npy,simac,0.06382978723404255,0.0,0.0,0.0,0.06477069217225084,0.0,0.0588235294117647,0.0
simac/simac_R.A.F.I_09-Naxalite/track.npy,simac,0.84,0.0,0.84,0.0,0.8464793448447407,0.0,0.9130434782608696,0.0
simac/simac_Santana_02-El_Corazon_Manada/track.npy,simac,0.8055555555555556,0.0,0.8055555555555556,0.0,0.8418568857779869,0.0,0.8923076923076924,0.0
simac/simac_So_Cartola_05-Fiz_por_Voce_o_que_Pude/track.npy,simac,0.7058823529411765,0.0,0.7058823529411765,0.0,0.7398821920076616,0.0,0.8275862068965517,0.0
simac/simac_So_Cartola_06-O_Inverno_do_Meu_Tempo/track.npy,simac,0.6,0.0,0.6,0.0,0.6606773570778497,0.0,0.7499999999999999,0.0
simac/simac_So_Cartola_07-Tive_Sim/track.npy,simac,0.5483870967741935,0.0,0.0,0.0,0.27983037252196163,0.0,0.0,0.0
simac/simac_Songs_Adalberto_(Adalberto_Alvarez_y_su_son)_-_Pura_imagen/track.npy,simac,0.7,0.0,0.7,0.0,0.670398989100263,0.0,0.8235294117647058,0.0
simac/simac_Songs_Caledonia_Blues_Band_-_Burning_Heart/track.npy,simac,0.6304347826086957,0.0,0.6304347826086957,0.0,0.717332335251964,0.0,0.8205128205128205,0.0
simac/simac_Tales_Of_Mystery_And_Imagination_01-A_Dream_Within_A_Dream/track.npy,simac,0.875,0.0,0.875,0.0,0.7789577956249613,0.0,0.9333333333333333,0.0
simac/simac_Tales_Of_Mystery_And_Imagination_09-The_Fall_Of_The_House_Of_Usher_IV_Pavane/track.npy,simac,0.043478260869565216,0.0,0.043478260869565216,0.0,0.27542974530397923,0.0,0.3255813953488372,0.0
simac/simac_Tanto_Tempo_02-August_Day_Song/track.npy,simac,0.78125,0.0,0.78125,0.0,0.72168799610401,0.0,0.8771929824561403,0.0
simac/simac_The_Art_of_Spanish_Guitar_04-Sojo_Guaso/track.npy,simac,0.058823529411764705,0.0,0.058823529411764705,0.0,0.2680823194591524,0.0,0.2978723404255319,0.0
simac/simac_The_Crackdown_10-Diskono/track.npy,simac,0.9473684210526315,0.0,0.9473684210526315,0.0,0.9236478328140786,0.0,0.972972972972973,0.0
simac/simac_Xatzidakis_05-AudioTrack_05/track.npy,simac,0.4166666666666667,0.0,0.4166666666666667,0.0,0.5359281084749423,0.0,0.6415094339622641,0.0
simac/simac_Xatzidakis_08-AudioTrack_08/track.npy,simac,0.8461538461538461,0.0,0.8461538461538461,0.0,0.787904146267905,0.0,0.9166666666666666,0.0
simac/simac_Xatzidakis_12-AudioTrack_12/track.npy,simac,0.6190476190476191,0.0,0.6190476190476191,0.0,0.6843562014681849,0.0,0.7647058823529412,0.0
simac/simac_Xatzidakis_16-AudioTrack_16/track.npy,simac,0.27586206896551724,0.0,0.27586206896551724,0.0,0.438528440333529,0.0,0.5555555555555556,0.0
simac/simac_Xatzidakis_19-AudioTrack_19/track.npy,simac,0.5833333333333334,0.0,0.5833333333333334,0.0,0.6241959669867407,0.0,0.7368421052631579,0.0
simac/simac_aire_04-La_Vida_Sale/track.npy,simac,0.8064516129032258,0.0,0.8064516129032258,0.0,0.7891575838816022,0.0,0.8928571428571428,0.0
simac/simac_blues_roots_wednesday_night_prayer_meeting/track.npy,simac,0.4666666666666667,0.0,0.4666666666666667,0.0,0.4718513841361937,0.0,0.5641025641025641,0.0
simac/simac_greek_Gkoles_-_S_ena_apokrimno_akrogiali/track.npy,simac,0.6129032258064516,0.0,0.6129032258064516,0.0,0.6916443569094458,0.0,0.76,0.0
simac/simac_more_greek_04_H_Stamoula/track.npy,simac,0.5652173913043478,0.0,0.0,0.0,0.5890949574176626,0.0,0.52,0.0
simac/simac_more_greek_Giannakopoulou_-_O_kipos_empaine_sti_8alassa/track.npy,simac,0.6666666666666666,0.0,0.6666666666666666,0.0,0.7575388118522006,0.0,0.8,0.0
simac/simac_more_greek_Gkoles_-_Filenaditsa_mou/track.npy,simac,0.7272727272727273,0.0,0.7272727272727273,0.0,0.7816261510965615,0.0,0.8421052631578948,0.0
simac/simac_more_greek_Ksylouris_-_Htane_mia_fora/track.npy,simac,0.5862068965517241,0.0,0.20689655172413793,0.0,0.5457655352521742,0.0,0.5909090909090909,0.0
simac/simac_more_greek_Ksylouris_-_Pote_8a_kanei_ksasteria/track.npy,simac,0.3333333333333333,0.0,0.125,0.0,0.5431370731194758,0.0,0.6222222222222222,0.0
simac/simac_more_greek_Mosxoliou_-_Ta_deilina/track.npy,simac,0.5416666666666666,0.0,0.5416666666666666,0.0,0.5481260011772384,0.0,0.5945945945945945,0.0
simac/simac_more_greek_Mpellou_-_Peftoun_tis_vroxis_oi_stales/track.npy,simac,0.7391304347826086,0.0,0.7391304347826086,0.0,0.7882331284014112,0.0,0.85,0.0
simac/simac_more_greek_Vamvakaris_-_Fragkosyriani/track.npy,simac,0.6785714285714286,0.0,0.6785714285714286,0.0,0.7110514733766925,0.0,0.8085106382978724,0.0
simac/simac_selected_ambient_works_8592_green_calx/track.npy,simac,0.6842105263157895,0.0,0.0,0.0,0.3686602883875414,0.0,0.0,0.0
smc/smc_028/track.npy,smc,0.4375,0.0,0.11290322580645161,0.0,0.4636860734820812,0.0,0.5818181818181819,0.0
smc/smc_061/track.npy,smc,0.4666666666666667,0.0,0.22727272727272727,0.0,0.46837032757124686,0.0,0.5671641791044776,0.0
smc/smc_071/track.npy,smc,0.9787234042553191,0.0,0.9787234042553191,0.0,0.6772475268021722,0.0,0.9032258064516129,0.0
smc/smc_093/track.npy,smc,0.5232558139534884,0.0,0.5232558139534884,0.0,0.610223302880119,0.0,0.7283950617283951,0.0
smc/smc_101/track.npy,smc,0.16666666666666666,0.0,0.01694915254237288,0.0,0.40210159954899105,0.0,0.4941176470588236,0.0
smc/smc_116/track.npy,smc,0.03333333333333333,0.0,0.006666666666666667,0.0,0.2540259800255483,0.0,0.29629629629629634,0.0
smc/smc_120/track.npy,smc,0.9814814814814815,0.0,0.9814814814814815,0.0,0.7495067622402886,0.0,0.9719626168224299,0.0
smc/smc_133/track.npy,smc,0.7916666666666666,0.0,0.7916666666666666,0.0,0.501980675195216,0.0,0.7209302325581395,0.0
smc/smc_152/track.npy,smc,0.0,0.0,0.0,0.0,0.4364955277557358,0.0,0.49230769230769234,0.0
smc/smc_154/track.npy,smc,0.07272727272727272,0.0,0.07272727272727272,0.0,0.2780738359736116,0.0,0.3448275862068966,0.0
smc/smc_158/track.npy,smc,0.0851063829787234,0.0,0.0,0.0,0.23244604963196533,0.0,0.2571428571428572,0.0
smc/smc_161/track.npy,smc,0.6181818181818182,0.0,0.6181818181818182,0.0,0.4883341457641887,0.0,0.6,0.0
smc/smc_170/track.npy,smc,0.7543859649122807,0.0,0.7543859649122807,0.0,0.6667840279616725,0.0,0.8,0.0
smc/smc_184/track.npy,smc,0.8611111111111112,0.0,0.8611111111111112,0.0,0.6185767773767843,0.0,0.8285714285714286,0.0
smc/smc_187/track.npy,smc,0.18518518518518517,0.0,0.12962962962962962,0.0,0.2526269611330628,0.0,0.3561643835616438,0.0
smc/smc_215/track.npy,smc,0.7567567567567568,0.0,0.7567567567567568,0.0,0.646309411249117,0.0,0.8000000000000002,0.0
smc/smc_221/track.npy,smc,0.45454545454545453,0.0,0.45454545454545453,0.0,0.288333511255289,0.0,0.4126984126984127,0.0
smc/smc_224/track.npy,smc,0.16049382716049382,0.0,0.16049382716049382,0.0,0.2306161597347111,0.0,0.3389830508474576,0.0
smc/smc_226/track.npy,smc,0.4074074074074074,0.0,0.4074074074074074,0.0,0.39224579600995974,0.0,0.5116279069767441,0.0
smc/smc_235/track.npy,smc,0.423728813559322,0.0,0.423728813559322,0.0,0.48365836686728286,0.0,0.5473684210526315,0.0
smc/smc_239/track.npy,smc,0.14705882352941177,0.0,0.14705882352941177,0.0,0.2184347187325552,0.0,0.3125,0.0
smc/smc_249/track.npy,smc,0.5238095238095238,0.0,0.5238095238095238,0.0,0.5564208964073072,0.0,0.6868686868686867,0.0
smc/smc_265/track.npy,smc,0.35714285714285715,0.0,0.35714285714285715,0.0,0.5334430047118272,0.0,0.6811594202898551,0.0
smc/smc_278/track.npy,smc,1.0,0.0,1.0,0.0,0.8671228801731946,0.0,1.0,0.0
smc/smc_280/track.npy,smc,1.0,0.0,1.0,0.0,0.8955474191912698,0.0,1.0,0.0
smc/smc_284/track.npy,smc,1.0,0.0,1.0,0.0,0.9077348779535968,0.0,1.0,0.0
smc/smc_287/track.npy,smc,1.0,0.0,1.0,0.0,0.8311797883812471,0.0,1.0,0.0
tapcorrect/002_youtube_CvMfvuJsYmE/track.npy,tapcorrect,0.9125248508946322,0.1414141414141414,0.9125248508946322,0.007936507936507936,0.9230709168801923,0.11976313333231067,0.9658634538152611,0.11555555555555555
tapcorrect/003_youtube_tXjqKzX28LI/track.npy,tapcorrect,0.9148418491484185,0.6764705882352942,0.9148418491484185,0.6764705882352942,0.8675359190519322,0.6851315317893267,0.9659367396593674,0.7918781725888325
tapcorrect/022_youtube_Z4z0LjchwOo/track.npy,tapcorrect,0.6307420494699647,0.45689655172413796,0.6307420494699647,0.45689655172413796,0.7905144076225893,0.49327361599098746,0.8140214216163584,0.5043478260869565
tapcorrect/031_youtube_Y8R9ZPT2T-I/track.npy,tapcorrect,0.672093023255814,0.8777777777777778,0.672093023255814,0.8777777777777778,0.7886651272332923,0.7499131418630584,0.8908629441624365,0.7909604519774011
tapcorrect/034_youtube_F6Dw6ZFmM4c/track.npy,tapcorrect,0.888507718696398,0.7551020408163265,0.041237113402061855,0.7551020408163265,0.7677270989795351,0.6031186582416727,0.6681922196796338,0.6528497409326425
tapcorrect/039_youtube_ph9NQ8ASmX4/track.npy,tapcorrect,0.6443298969072165,0.6206896551724138,0.6443298969072165,0.6206896551724138,0.8675868400833924,0.6464276494139779,0.8892005610098176,0.6627218934911242
tapcorrect/054_youtube_UgL4N4Hf1dk/track.npy,tapcorrect,0.9887387387387387,0.990990990990991,0.9887387387387387,0.990990990990991,0.9750479401233014,0.9750142914921652,0.9943374858437146,0.9954751131221719
tapcorrect/061_youtube_KlujizeNNQM/track.npy,tapcorrect,0.967741935483871,0.7377049180327869,0.967741935483871,0.7377049180327869,0.9040099499429031,0.7252390718646984,0.9836065573770492,0.7868852459016392
tapcorrect/065_youtube_u9Dg-g7t2l4/track.npy,tapcorrect,0.8172043010752689,0.4418604651162791,0.8172043010752689,0.4418604651162791,0.8497592920537579,0.5316425619944269,0.9012875536480687,0.5529411764705883
tapcorrect/077_youtube_g6FU3s6mbGI/track.npy,tapcorrect,0.8027444253859348,0.3431372549019608,0.08303886925795052,0.3431372549019608,0.7687415658347325,0.5868011730074846,0.6806526806526806,0.5828571428571429
tapcorrect/087_youtube_ej93qIAlhXs/track.npy,tapcorrect,0.9906687402799378,0.90625,0.9906687402799378,0.90625,0.9712561521927296,0.9008672805983678,0.9953125,0.9216300940438872
tapcorrect/097_youtube_Nco69szMp0Y/track.npy,tapcorrect,0.948849104859335,0.6633663366336634,0.948849104859335,0.6633663366336634,0.902194354597464,0.7765848200845994,0.968586387434555,0.8307692307692307
asap/Bach_Fugue_bwv_864_SunD01M/track.npy,asap,0.18518518518518517,0.10144927536231885,0.18518518518518517,0.10144927536231885,0.6153791358192867,0.22964217831974834,0.6252771618625277,0.23140495867768596
asap/Bach_Fugue_bwv_891_Duepree06M/track.npy,asap,0.5628930817610063,0.11224489795918367,0.5628930817610063,0.11224489795918367,0.6528768746751379,0.24029849954337154,0.6666666666666666,0.24338624338624337
asap/Bach_Prelude_bwv_848_Denisova06M/track.npy,asap,0.027586206896551724,0.0,0.017241379310344827,0.0,0.5018720820777622,0.4762308250631201,0.5153061224489797,0.36065573770491804
asap/Bach_Prelude_bwv_848_Lee01M/track.npy,asap,0.03424657534246575,0.6122448979591837,0.010273972602739725,0.01020408163265306,0.5035191008399753,0.6055133119648661,0.5177664974619289,0.5467625899280575
asap/Bach_Prelude_bwv_848_LeeSH01M/track.npy,asap,0.919093851132686,0.7884615384615384,0.919093851132686,0.0,0.9426050204585973,0.6186542382182783,0.9601328903654485,0.5066666666666667
asap/Bach_Prelude_bwv_848_Lin04M/track.npy,asap,0.02054794520547945,0.3673469387755102,0.02054794520547945,0.0,0.4970944065025172,0.5294564761622224,0.5151515151515152,0.42424242424242414
asap/Bach_Prelude_bwv_848_Lou01M/track.npy,asap,0.01718213058419244,0.0,0.01718213058419244,0.0,0.49159921252935124,0.4555927876047331,0.5063291139240506,0.35772357723577236
asap/Bach_Prelude_bwv_848_MiyashitaM01M/track.npy,asap,0.0136986301369863,0.8627450980392157,0.00684931506849315,0.01020408163265306,0.4979179808901363,0.7249341065020016,0.5089058524173028,0.6040268456375839
asap/Bach_Prelude_bwv_848_Mizumoto03M/track.npy,asap,0.017123287671232876,0.4489795918367347,0.017123287671232876,0.01020408163265306,0.5040634608502542,0.6415652292671417,0.5164556962025316,0.5223880597014925
asap/Bach_Prelude_bwv_848_SunY01M/track.npy,asap,0.027777777777777776,0.5625,0.01730103806228374,0.010309278350515464,0.49967624050570353,0.6487709296506492,0.5089058524173028,0.5547445255474452
asap/Bach_Prelude_bwv_848_Zhou01M/track.npy,asap,0.020689655172413793,0.5,0.006896551724137931,0.0,0.49635531149516443,0.658067724702025,0.5051546391752577,0.5151515151515151
asap/Bach_Prelude_bwv_860_Ko04M/track.npy,asap,0.9772727272727273,0.6666666666666666,0.9772727272727273,0.0,0.9655452960499813,0.5435089513839799,0.9885931558935361,0.44
asap/Bach_Prelude_bwv_860_Nikiforov05M/track.npy,asap,0.40458015267175573,0.21212121212121213,0.40458015267175573,0.0,0.7879491719944867,0.4329003373405269,0.8122270742358079,0.42105263157894735
asap/Bach_Prelude_bwv_860_Tetzloff04M/track.npy,asap,0.8156028368794326,0.48484848484848486,0.8156028368794326,0.03333333333333333,0.8874948825696191,0.4178854473054926,0.9197080291970802,0.3404255319148936
asap/Bach_Prelude_bwv_860_TuanS01M/track.npy,asap,0.5,0.17391304347826086,0.5,0.17391304347826086,0.7641842975904916,0.34594719309422417,0.7936507936507938,0.35
asap/Bach_Prelude_bwv_860_YoungS01M/track.npy,asap,0.8028169014084507,0.7777777777777778,0.061068702290076333,0.7777777777777778,0.7666318825675751,0.7277215853075362,0.693069306930693,0.7428571428571428
asap/Bach_Prelude_bwv_860_ZhangH04M/track.npy,asap,0.6439393939393939,0.3939393939393939,0.6439393939393939,0.0,0.868519028137753,0.4969348086835056,0.8888888888888891,0.42105263157894735
asap/Bach_Prelude_bwv_883_GuoE01M/track.npy,asap,0.582995951417004,0.058823529411764705,0.21153846153846154,0.0,0.7301603206384815,0.26898990726854993,0.7349397590361445,0.27956989247311825
asap/Bach_Prelude_bwv_883_LuM01M/track.npy,asap,0.4897959183673469,0.12195121951219512,0.3279569892473118,0.0,0.756527405857586,0.3695877387905827,0.7831715210355987,0.3902439024390244
asap/Bach_Prelude_bwv_885_Guo01M/track.npy,asap,0.9938271604938271,0.6458333333333334,0.0,0.0,0.7743592231146375,0.6429707626221364,0.6584362139917695,0.5882352941176471
asap/Bach_Prelude_bwv_885_Huang04M/track.npy,asap,0.9518072289156626,0.4,0.0,0.0,0.7709202177935306,0.4479970168503047,0.6558704453441295,0.4
asap/Bach_Prelude_bwv_885_JeonH01M/track.npy,asap,0.935672514619883,0.43902439024390244,0.0,0.0,0.7167130203204801,0.3587354743230122,0.6482213438735178,0.36065573770491804
asap/Bach_Prelude_bwv_885_SINKEV06/track.npy,asap,0.7831325301204819,0.023809523809523808,0.0,0.0,0.06254439509819895,3.979153928044298e-07,0.07258064516129033,0.0
asap/Beethoven_Piano_Sonatas_23-1_Duepree05M/track.npy,asap,0.6296928327645052,0.4230769230769231,0.6296928327645052,0.4230769230769231,0.7387467315217985,0.5419726117999778,0.7924016282225237,0.5642023346303502
asap/Beethoven_Piano_Sonatas_23-1_Guo03M/track.npy,asap,0.5815768930523029,0.42857142857142855,0.5815768930523029,0.42857142857142855,0.7508133424353015,0.5422910883826065,0.8060344827586208,0.5666041275797374
asap/Beethoven_Piano_Sonatas_23-1_LiuC02M/track.npy,asap,0.5979557069846678,0.2153846153846154,0.5979557069846678,0.2153846153846154,0.754486826492636,0.3915228223695419,0.7974683544303798,0.41869918699186986
asap/Beethoven_Piano_Sonatas_23-1_Mizumoto06M/track.npy,asap,0.6801762114537445,0.4,0.6801762114537445,0.4,0.7644536368030274,0.4888697328426871,0.8288868445262191,0.5130260521042084
asap/Beethoven_Piano_Sonatas_23-1_Teo02M/track.npy,asap,0.6331983805668017,0.3885135135135135,0.6331983805668017,0.3885135135135135,0.7718469756301943,0.5913727732506208,0.8271007479102508,0.6258992805755396
asap/Beethoven_Piano_Sonatas_23-1_Yi02M/track.npy,asap,0.6977152899824253,0.26153846153846155,0.6977152899824253,0.26153846153846155,0.7889618658433531,0.5021288633379799,0.8470372071658244,0.5310077519379846
asap/Beethoven_Piano_Sonatas_26-2_HONG05M/track.npy,asap,0.5879396984924623,0.3829787234042553,0.010050251256281407,0.3829787234042553,0.5757230381387359,0.4224025603549672,0.5409252669039146,0.4545454545454546
asap/Beethoven_Piano_Sonatas_27-2_GiacomelliN05M/track.npy,asap,0.7805695142378559,0.22602739726027396,0.7805695142378559,0.13588850174216027,0.8439564457935095,0.5005085433471922,0.878839590443686,0.5265588914549654
asap/Beethoven_Piano_Sonatas_7-4_Larionova04M/track.npy,asap,0.5347593582887701,0.2898550724637681,0.5347593582887701,0.2898550724637681,0.7312163367123946,0.4953865427160615,0.766,0.5080645161290323
asap/Beethoven_Piano_Sonatas_7-4_LeeS05M/track.npy,asap,0.5559633027522936,0.2191780821917808,0.5559633027522936,0.18562874251497005,0.741549797979617,0.44876241451525967,0.7857868020304568,0.44765342960288806
asap/Beethoven_Piano_Sonatas_8-3_Na06M/track.npy,asap,0.6724511930585684,0.32038834951456313,0.6724511930585684,0.32038834951456313,0.8457101841408369,0.5981948386078834,0.8728522336769761,0.6149425287356322
asap/Chopin_Berceuse_op_57_LeungM07M/track.npy,asap,0.2648221343873518,0.38235294117647056,0.2648221343873518,0.38235294117647056,0.6291043596232083,0.5309480857944459,0.6683804627249358,0.5692307692307692
asap/Chopin_Berceuse_op_57_MiyashitaM06M/track.npy,asap,0.22393822393822393,0.4782608695652174,0.22393822393822393,0.4782608695652174,0.5872435581293726,0.5250391383230254,0.6515151515151515,0.6060606060606061
asap/Chopin_Berceuse_op_57_Tario07M/track.npy,asap,0.417910447761194,0.391304347826087,0.417910447761194,0.391304347826087,0.6845348561739977,0.48155521069157897,0.7396449704142011,0.5271317829457365
asap/Chopin_Berceuse_op_57_Teo11M/track.npy,asap,0.0353356890459364,0.40875912408759124,0.007067137809187279,0.07563025210084033,0.27443741092143936,0.2626217442323145,0.35561877667140823,0.3404255319148936
asap/Chopin_Berceuse_op_57_ZhangE09M/track.npy,asap,0.23938223938223938,0.2608695652173913,0.23938223938223938,0.2608695652173913,0.6076286432984669,0.45091350403283653,0.6565656565656566,0.5074626865671642
asap/Chopin_Etudes_op_10_12_Bult-ItoS04M/track.npy,asap,0.2644927536231884,0.225,0.25925925925925924,0.024691358024691357,0.5972044728385746,0.29831877427865044,0.6333333333333334,0.319327731092437
asap/Chopin_Etudes_op_10_12_HuNY03M/track.npy,asap,0.40648379052369077,0.2222222222222222,0.40648379052369077,0.2222222222222222,0.6631009091108385,0.37205366910375864,0.7044198895027625,0.38666666666666666
asap/Chopin_Etudes_op_10_12_LuoJ08M/track.npy,asap,0.5905292479108635,0.25925925925925924,0.5905292479108635,0.25925925925925924,0.7872967531066792,0.46373011234785305,0.8240469208211143,0.5
asap/Chopin_Etudes_op_10_12_WuuE06M/track.npy,asap,0.6616314199395771,0.1728395061728395,0.6616314199395771,0.1728395061728395,0.7869221610498981,0.3899289683128729,0.8226299694189603,0.42500000000000004
asap/Chopin_Etudes_op_10_12_ZhangYunling02M/track.npy,asap,0.6728395061728395,0.32098765432098764,0.6728395061728395,0.32098765432098764,0.7782218085538818,0.4283156761811995,0.83125,0.4594594594594595
asap/Chopin_Etudes_op_25_1_LeeN03M/track.npy,asap,0.06259780907668232,0.2828282828282828,0.0,0.0,0.4591827108487391,0.2011236074776761,0.43583535108958843,0.1917808219178082
asap/Chopin_Etudes_op_25_1_TongB02M/track.npy,asap,0.16244725738396623,0.18309859154929578,0.07172995780590717,0.0,0.4931171935895679,0.12550068660648506,0.5476550680786686,0.13559322033898308
asap/Chopin_Etudes_op_25_1_TuanS04M/track.npy,asap,0.08823529411764706,0.34375,0.0784313725490196,0.010416666666666666,0.506441973793106,0.29985645764510754,0.5222381635581063,0.32167832167832167
asap/Chopin_Etudes_op_25_1_Wong03M/track.npy,asap,0.2177858439201452,0.12844036697247707,0.007259528130671506,0.01834862385321101,0.5190802824958749,0.25206013819410517,0.4878048780487805,0.2435897435897436
asap/Debussy_Images_Book_1_1_Reflets_dans_lEau_Kleisen11M/track.npy,asap,0.3836317135549872,0.1717171717171717,0.3836317135549872,0.1717171717171717,0.5472258160019511,0.301198459199789,0.5936675461741425,0.32460732984293195
asap/Debussy_Images_Book_1_1_Reflets_dans_lEau_ParkJH13M/track.npy,asap,0.2806236080178174,0.20754716981132076,0.2806236080178174,0.20754716981132076,0.5575200921715847,0.3316432529510832,0.5924112607099142,0.34343434343434337
asap/Haydn_Keyboard_Sonatas_46-1_WongWY02M/track.npy,asap,0.3677621283255086,0.4885844748858447,0.3677621283255086,0.05699481865284974,0.7206235828781207,0.4948696189369505,0.7500000000000001,0.4554455445544554
asap/Haydn_Keyboard_Sonatas_46-1_YuP03M/track.npy,asap,0.7956989247311828,0.3744292237442922,0.7956989247311828,0.03424657534246575,0.8295339145109015,0.4312156770093558,0.8631346578366446,0.40624999999999994
asap/Liszt_Transcendental_Etudes_3_Huang14M/track.npy,asap,0.4642857142857143,0.15714285714285714,0.4642857142857143,0.1368421052631579,0.6059059440427506,0.23132200292540042,0.6409638554216868,0.24242424242424243
asap/Liszt_Transcendental_Etudes_5_Huang16M/track.npy,asap,0.6302816901408451,0.21212121212121213,0.01584507042253521,0.19230769230769232,0.6027426955664654,0.34217990528262815,0.5272067714631198,0.35807860262008734
asap/Liszt_Transcendental_Etudes_5_LiuY06M/track.npy,asap,0.6139455782312925,0.23346303501945526,0.006802721088435374,0.19393939393939394,0.6289797197862312,0.4224316536045672,0.5626477541371158,0.45578231292517013
asap/Liszt_Transcendental_Etudes_5_Min03M/track.npy,asap,0.5847953216374269,0.3023255813953488,0.05588822355289421,0.3023255813953488,0.6274508004748156,0.421502585318667,0.5804749340369393,0.4502164502164502
asap/Liszt_Transcendental_Etudes_5_Park03M/track.npy,asap,0.5163511187607573,0.15384615384615385,0.027538726333907058,0.05426356589147287,0.5940908170657386,0.21724565258510464,0.5387365911799762,0.22317596566523604
asap/Liszt_Transcendental_Etudes_5_Wang06M/track.npy,asap,0.724007561436673,0.49612403100775193,0.022684310018903593,0.49612403100775193,0.6566231663941349,0.5233720419240988,0.5743329097839899,0.5551020408163264
asap/Liszt_Transcendental_Etudes_5_WangY02M/track.npy,asap,0.5,0.16279069767441862,0.026785714285714284,0.16279069767441862,0.568445417567899,0.21897233323704335,0.5378973105134475,0.23293172690763053
asap/Schubert_Impromptu_op142_1_Kleisen10M/track.npy,asap,0.6071065989847716,0.242914979757085,0.6071065989847716,0.242914979757085,0.7935200715653884,0.49153986253985715,0.8421052631578948,0.5209713024282561
asap/Schubert_Impromptu_op142_1_Lisiecki10M/track.npy,asap,0.6585570469798657,0.291970802919708,0.6585570469798657,0.291970802919708,0.7680843859258139,0.4842462008925174,0.812253829321663,0.5048923679060665
asap/Schubert_Impromptu_op142_1_Ozaki07M/track.npy,asap,0.7008113590263692,0.32936507936507936,0.7008113590263692,0.32936507936507936,0.8430981327822539,0.641386692215604,0.8784559207094418,0.6733466933867734
ballroom/ballroom_Albums-AnaBelen_Veneo-13/track.npy,ballroom,1.0,1.0,1.0,1.0,0.9555677038383191,0.9290449166506355,1.0,1.0
ballroom/ballroom_Albums-Ballroom_Classics4-02/track.npy,ballroom,1.0,1.0,1.0,1.0,0.857881669316383,0.8827230423812368,0.9444444444444444,1.0
ballroom/ballroom_Albums-Ballroom_Classics4-18/track.npy,ballroom,1.0,1.0,1.0,1.0,0.9586316102036248,0.9664200590705546,1.0,1.0
ballroom/ballroom_Albums-Ballroom_Magic-09/track.npy,ballroom,1.0,1.0,1.0,1.0,0.9372425185778841,0.9486237482295036,1.0,1.0
ballroom/ballroom_Albums-Ballroom_Magic-15/track.npy,ballroom,1.0,1.0,1.0,1.0,0.9547734497611263,0.9578181152188167,1.0,1.0
ballroom/ballroom_Albums-Cafe_Paradiso-03/track.npy,ballroom,1.0,1.0,1.0,1.0,0.9650501258216926,0.968216302905557,1.0,1.0
ballroom/ballroom_Albums-Chrisanne1-03/track.npy,ballroom,1.0,1.0,1.0,1.0,0.7577422278431828,0.8623072474729413,0.9705882352941176,1.0
ballroom/ballroom_Albums-Chrisanne1-07/track.npy,ballroom,1.0,1.0,1.0,1.0,0.9372189799838948,0.9380754171931458,1.0,1.0
ballroom/ballroom_Albums-Chrisanne1-08/track.npy,ballroom,0.96,1.0,0.96,1.0,0.8173373613786302,0.8172634996189001,0.9729729729729729,0.96
ballroom/ballroom_Albums-Chrisanne1-12/track.npy,ballroom,0.9523809523809523,1.0,0.9523809523809523,1.0,0.8926420889244632,0.8736209489073711,0.9580838323353292,0.9523809523809523
ballroom/ballroom_Albums-Chrisanne3-03/track.npy,ballroom,1.0,0.0,1.0,0.0,0.9162230692567298,0.20007455505910765,0.9722222222222222,0.1904761904761905
ballroom/ballroom_Albums-Chrisanne3-13/track.npy,ballroom,0.9767441860465116,0.9545454545454546,0.9767441860465116,0.9545454545454546,0.9106257612404366,0.8792230117510973,0.9941520467836257,0.9767441860465117
ballroom/ballroom_Albums-Fire-12/track.npy,ballroom,1.0,1.0,1.0,1.0,0.978881015525216,0.9839238565285505,1.0,1.0
ballroom/ballroom_Albums-I_Like_It2-02/track.npy,ballroom,0.9433962264150944,0.9230769230769231,0.9433962264150944,0.9230769230769231,0.9479893831323473,0.9368836631443664,0.970873786407767,0.9600000000000001
ballroom/ballroom_Albums-I_Like_It2-09/track.npy,ballroom,1.0,1.0,1.0,1.0,0.7858040409187054,0.7672936006256864,1.0,1.0
ballroom/ballroom_Albums-Latin_Jam2-02/track.npy,ballroom,1.0,1.0,1.0,1.0,0.9703997546175777,0.9622284863238294,1.0,1.0
ballroom/ballroom_Albums-Latin_Jam3-02/track.npy,ballroom,0.9807692307692307,0.0,0.9807692307692307,0.0,0.9589150141890811,5.673266363852007e-31,0.9807692307692307,0.0
ballroom/ballroom_Albums-Latin_Jam3-09/track.npy,ballroom,1.0,1.0,1.0,1.0,0.9718246174126841,0.978271769397428,1.0,1.0
ballroom/ballroom_Albums-Latin_Jam4-02/track.npy,ballroom,1.0,1.0,1.0,1.0,0.9825635052794487,0.9783832194061042,1.0,1.0
ballroom/ballroom_Albums-Latino_Latino-04/track.npy,ballroom,0.8762886597938144,0.4166666666666667,0.0,0.4166666666666667,0.7435362513978657,0.09718049650638115,0.6013986013986014,0.08333333333333333
ballroom/ballroom_Albums-Macumba-06/track.npy,ballroom,1.0,1.0,1.0,1.0,0.9821551478152403,0.9881521147748437,1.0,1.0
ballroom/ballroom_Albums-Macumba-14/track.npy,ballroom,1.0,1.0,1.0,1.0,0.9738647709046799,0.9759313977389716,1.0,1.0
ballroom/ballroom_Albums-Mambo_Kings-12/track.npy,ballroom,0.9183673469387755,0.75,0.9183673469387755,0.75,0.9591206305435588,0.8567681111338403,0.9791666666666666,0.8695652173913043
ballroom/ballroom_Albums-Pais_Tropical-03/track.npy,ballroom,1.0,1.0,1.0,1.0,0.9863388826930989,0.9906267828561685,1.0,1.0
ballroom/ballroom_Albums-Pais_Tropical-13/track.npy,ballroom,1.0,1.0,1.0,1.0,0.981050649591151,0.9843320977927621,1.0,1.0
ballroom/ballroom_Albums-Secret_Garden-06/track.npy,ballroom,0.9,0.8333333333333334,0.9,0.0,0.8128998980674634,0.5134868458105943,0.961038961038961,0.4444444444444444
ballroom/ballroom_Albums-Step_By_Step-02/track.npy,ballroom,0.9736842105263158,0.9230769230769231,0.9736842105263158,0.9230769230769231,0.901370187823265,0.8877851358795134,0.9866666666666666,0.9600000000000001
ballroom/ballroom_Albums-Step_By_Step-08/track.npy,ballroom,1.0,1.0,1.0,1.0,0.9554770970841829,0.9443100692653886,1.0,1.0
ballroom/ballroom_Albums-StrictlyDancing_Tango-06/track.npy,ballroom,0.98,0.9230769230769231,0.98,0.9230769230769231,0.8724304732393657,0.8574625824982399,0.98989898989899,0.9600000000000001
ballroom/ballroom_Albums-StrictlyDancing_Tango-11/track.npy,ballroom,1.0,1.0,1.0,1.0,0.9298464245366078,0.9387267224501067,1.0,1.0
ballroom/ballroom_Media-103302/track.npy,ballroom,1.0,1.0,1.0,1.0,0.9450302632828044,0.9171179365980552,1.0,1.0
ballroom/ballroom_Media-103304/track.npy,ballroom,1.0,1.0,1.0,1.0,0.9620584511283519,0.9347162805810523,1.0,1.0
ballroom/ballroom_Media-103305/track.npy,ballroom,0.9814814814814815,0.9285714285714286,0.9814814814814815,0.9285714285714286,0.9338225642951699,0.9201452737794897,0.9906542056074767,0.962962962962963
ballroom/ballroom_Media-103307/track.npy,ballroom,1.0,1.0,1.0,1.0,0.9101273895487054,0.901476456378232,1.0,1.0
ballroom/ballroom_Media-103312/track.npy,ballroom,1.0,1.0,1.0,1.0,0.9659517611696707,0.9671491041436656,1.0,1.0
ballroom/ballroom_Media-103313/track.npy,ballroom,0.9883720930232558,1.0,0.9883720930232558,1.0,0.9486240069179002,0.9582373797384107,0.9941520467836257,1.0
ballroom/ballroom_Media-103405/track.npy,ballroom,1.0,1.0,1.0,1.0,0.9736625992201233,0.9523463765676444,1.0,1.0
ballroom/ballroom_Media-103407/track.npy,ballroom,0.9811320754716981,0.9230769230769231,0.9811320754716981,0.9230769230769231,0.9757772342984233,0.9063660911494225,0.9904761904761905,0.9230769230769231
ballroom/ballroom_Media-103411/track.npy,ballroom,0.9803921568627451,1.0,0.9803921568627451,1.0,0.9744136680857084,0.9757263094582417,0.99009900990099,1.0
ballroom/ballroom_Media-103502/track.npy,ballroom,0.9761904761904762,0.9090909090909091,0.9761904761904762,0.9090909090909091,0.9393392485043683,0.8717046263556834,0.9879518072289156,0.9523809523809523
ballroom/ballroom_Media-103507/track.npy,ballroom,0.9807692307692307,0.9230769230769231,0.9807692307692307,0.9230769230769231,0.9645261814779214,0.9424156691359393,0.9902912621359222,0.9600000000000001
ballroom/ballroom_Media-103508/track.npy,ballroom,1.0,1.0,1.0,1.0,0.9558863967823206,0.9618206984382538,1.0,1.0
ballroom/ballroom_Media-103701/track.npy,ballroom,1.0,1.0,1.0,1.0,0.9853352449053608,0.9757736503676617,1.0,1.0
ballroom/ballroom_Media-103704/track.npy,ballroom,1.0,1.0,1.0,1.0,0.9760874864521147,0.9787780876192218,1.0,1.0
ballroom/ballroom_Media-103705/track.npy,ballroom,0.9772727272727273,1.0,0.9772727272727273,1.0,0.9471527224318175,0.9673214923407861,0.9885057471264368,1.0
ballroom/ballroom_Media-103706/track.npy,ballroom,1.0,1.0,1.0,1.0,0.972179343754489,0.9567848925995579,1.0,1.0
ballroom/ballroom_Media-103710/track.npy,ballroom,0.975609756097561,1.0,0.975609756097561,1.0,0.9513160160670444,0.9875453087978858,0.9876543209876543,1.0
ballroom/ballroom_Media-103814/track.npy,ballroom,1.0,1.0,1.0,1.0,0.9707288363525981,0.9791011296299799,1.0,1.0
ballroom/ballroom_Media-103817/track.npy,ballroom,0.96875,1.0,0.96875,1.0,0.9309422893790719,0.9731192541854424,0.9841269841269841,1.0
ballroom/ballroom_Media-103917/track.npy,ballroom,1.0,1.0,1.0,1.0,0.9761855537143321,0.9876160262173678,1.0,1.0
ballroom/ballroom_Media-104017/track.npy,ballroom,1.0,1.0,1.0,1.0,0.9793207398948912,0.9671871252336612,1.0,1.0
ballroom/ballroom_Media-104112/track.npy,ballroom,0.9534883720930233,1.0,0.9534883720930233,1.0,0.9070025654992128,0.9145869120737505,0.9761904761904763,1.0
ballroom/ballroom_Media-104114/track.npy,ballroom,0.9761904761904762,1.0,0.9761904761904762,1.0,0.9339604447111322,0.9618113670453345,0.9879518072289156,1.0
ballroom/ballroom_Media-104118/track.npy,ballroom,0.9726027397260274,1.0,0.9726027397260274,1.0,0.9568428429832806,0.9690605139710718,0.9861111111111112,1.0
ballroom/ballroom_Media-104303/track.npy,ballroom,1.0,1.0,1.0,1.0,0.9125095902025395,0.8829366826439152,0.9722222222222222,0.9166666666666666
ballroom/ballroom_Media-104401/track.npy,ballroom,1.0,1.0,1.0,1.0,0.9695327005324736,0.9755398108682861,1.0,1.0
ballroom/ballroom_Media-104404/track.npy,ballroom,0.9821428571428571,1.0,0.9821428571428571,1.0,0.9177610889636835,0.9250434129834836,0.9909909909909909,1.0
ballroom/ballroom_Media-104416/track.npy,ballroom,0.9775280898876404,0.7727272727272727,0.9775280898876404,0.7727272727272727,0.9386063759611418,0.7111371664630828,0.9886363636363636,0.7727272727272727
ballroom/ballroom_Media-104418/track.npy,ballroom,0.9555555555555556,0.75,0.9555555555555556,0.0,0.956989312270132,0.5129180077164387,0.9772727272727273,0.4242424242424242
ballroom/ballroom_Media-104701/track.npy,ballroom,0.9722222222222222,0.9166666666666666,0.9722222222222222,0.9166666666666666,0.8881139868961634,0.8500601863719012,0.9577464788732395,0.9565217391304348
ballroom/ballroom_Media-104709/track.npy,ballroom,0.9636363636363636,0.7142857142857143,0.9636363636363636,0.7142857142857143,0.9102112505682058,0.7516419158976683,0.9814814814814815,0.8148148148148148
ballroom/ballroom_Media-104710/track.npy,ballroom,0.7272727272727273,0.5,0.0,0.5,0.4143893713654866,2.755854414316174e-05,0.0,0.0
ballroom/ballroom_Media-104712/track.npy,ballroom,0.9090909090909091,0.7692307692307693,0.9090909090909091,0.7692307692307693,0.7311987965286301,0.6218538947378887,0.9542483660130718,0.7843137254901961
ballroom/ballroom_Media-104716/track.npy,ballroom,0.9764705882352941,0.9523809523809523,0.9764705882352941,0.9523809523809523,0.9642315948737674,0.9571702908884258,0.988095238095238,0.975609756097561
ballroom/ballroom_Media-104805/track.npy,ballroom,0.8717948717948718,0.9230769230769231,0.8717948717948718,0.9230769230769231,0.8316143701776278,0.8283791892366815,0.9210526315789475,0.8799999999999999
ballroom/ballroom_Media-104909/track.npy,ballroom,0.9866666666666667,1.0,0.9866666666666667,1.0,0.9403488288839232,0.9424468913947621,0.9932885906040269,1.0
ballroom/ballroom_Media-105007/track.npy,ballroom,0.9230769230769231,0.6153846153846154,0.9230769230769231,0.6153846153846154,0.6441548682098703,0.5004450848267887,0.8266666666666667,0.64
ballroom/ballroom_Media-105107/track.npy,ballroom,0.9814814814814815,1.0,0.9814814814814815,1.0,0.9037940122624643,0.9685984421480113,0.9719626168224299,1.0
ballroom/ballroom_Media-105108/track.npy,ballroom,0.9814814814814815,1.0,0.9814814814814815,1.0,0.9356797633192676,0.9331374917168477,0.9906542056074767,1.0
ballroom/ballroom_Media-105112/track.npy,ballroom,0.9733333333333334,1.0,0.9733333333333334,1.0,0.8868692333597102,0.9247323892708365,0.9932885906040269,1.0
ballroom/ballroom_Media-105320/track.npy,ballroom,0.9772727272727273,0.9545454545454546,0.9772727272727273,0.9545454545454546,0.9701883183892495,0.9506846093631957,0.9885057471264368,0.9767441860465117
ballroom/ballroom_Media-105501/track.npy,ballroom,1.0,1.0,1.0,1.0,0.8746436524377353,0.8563968081071344,1.0,1.0
ballroom/ballroom_Media-105605/track.npy,ballroom,0.9622641509433962,1.0,0.9622641509433962,1.0,0.96327290273024,0.9832934026968144,0.9807692307692307,1.0
ballroom/ballroom_Media-105608/track.npy,ballroom,1.0,1.0,1.0,1.0,0.9465495995189501,0.9201441903649406,1.0,1.0
ballroom/ballroom_Media-105612/track.npy,ballroom,0.9772727272727273,1.0,0.9772727272727273,1.0,0.8869570166410153,0.9177436060495677,0.9885057471264368,1.0
ballroom/ballroom_Media-105613/track.npy,ballroom,0.9772727272727273,0.9090909090909091,0.9772727272727273,0.9090909090909091,0.9637512794339012,0.9333532209906704,0.9885057471264368,0.9523809523809523
ballroom/ballroom_Media-105702/track.npy,ballroom,0.9743589743589743,0.5,0.9743589743589743,0.5,0.8833241071925154,0.42117891607248104,0.9870129870129869,0.5
ballroom/ballroom_Media-105705/track.npy,ballroom,0.9636363636363636,1.0,0.9636363636363636,1.0,0.8943474717829907,0.9283992516430685,0.9814814814814815,1.0
ballroom/ballroom_Media-105810/track.npy,ballroom,0.9863013698630136,0.96,0.9863013698630136,0.96,0.9612672336448004,0.9610397004542521,0.993103448275862,0.9795918367346939
ballroom/ballroom_Media-106003/track.npy,ballroom,0.9772727272727273,0.9166666666666666,0.9772727272727273,0.9166666666666666,0.9634928696521537,0.9475211199989267,0.9885057471264368,0.9565217391304348
ballroom/ballroom_Media-106006/track.npy,ballroom,0.9629629629629629,0.9285714285714286,0.9629629629629629,0.9285714285714286,0.961675614532342,0.9402814594326118,0.9811320754716981,0.962962962962963
ballroom/ballroom_Media-106010/track.npy,ballroom,0.95,1.0,0.95,1.0,0.9446369774115942,0.9867873185509332,0.9743589743589743,1.0
ballroom/ballroom_Media-106102/track.npy,ballroom,0.9629629629629629,0.9285714285714286,0.9629629629629629,0.9285714285714286,0.9630352508966797,0.9298665939840773,0.9811320754716981,0.962962962962963
ballroom/ballroom_Media-106106/track.npy,ballroom,1.0,1.0,1.0,1.0,0.9863546782445676,0.9836229427272595,1.0,1.0
ballroom/ballroom_Media-106111/track.npy,ballroom,0.9545454545454546,0.9090909090909091,0.9545454545454546,0.9090909090909091,0.9266511059319739,0.9066806385472965,0.9767441860465117,0.9523809523809523
beatles/beatles_01_Please_Please_Me_05_Boys/track.npy,beatles,0.9939024390243902,1.0,0.9939024390243902,1.0,0.9308339311355796,0.9253889812125285,0.9969418960244648,1.0
beatles/beatles_01_Please_Please_Me_09_P_S_I_Love_You/track.npy,beatles,0.6993464052287581,0.7692307692307693,0.6993464052287581,0.7692307692307693,0.8563614368318502,0.7626117702394579,0.9148936170212766,0.8031496062992126
beatles/beatles_02_With_the_Beatles_06_Till_There_Was_You/track.npy,beatles,0.9920948616600791,0.9206349206349206,0.9920948616600791,0.9206349206349206,0.8913996835612154,0.8556334207645127,0.9960474308300395,0.9365079365079365
beatles/beatles_02_With_the_Beatles_14_Money/track.npy,beatles,0.9941176470588236,1.0,0.9941176470588236,1.0,0.9446593165799645,0.9532871594131694,0.995581737849779,1.0
beatles/beatles_03_A_Hard_Days_Night_07_Cant_Buy_Me_Love/track.npy,beatles,0.9886363636363636,0.7386363636363636,0.9886363636363636,0.7386363636363636,0.8980633434604526,0.8017502417530854,0.9943019943019943,0.8902439024390244
beatles/beatles_04_Beatles_for_Sale_02_Im_a_Loser/track.npy,beatles,0.6047058823529412,0.5981308411214953,0.22093023255813954,0.23255813953488372,0.5475845165102862,0.5491211627007666,0.7432675044883303,0.7428571428571429
beatles/beatles_04_Beatles_for_Sale_10_Honey_Dont/track.npy,beatles,0.9804347826086957,0.991304347826087,0.9804347826086957,0.991304347826087,0.5851963640455123,0.5504804353773438,0.9956331877729258,0.9956331877729258
beatles/beatles_05_Help_08_Act_Naturally/track.npy,beatles,0.9863636363636363,0.9818181818181818,0.9863636363636363,0.9818181818181818,0.9449124134372469,0.9381335020684554,0.9931350114416476,0.9908256880733944
beatles/beatles_05_Help_09_Its_Only_Love/track.npy,beatles,0.9950248756218906,0.86,0.9950248756218906,0.86,0.9105153507294494,0.7943157592487572,0.9975062344139651,0.88
beatles/beatles_06_Rubber_Soul_08_What_Goes_On/track.npy,beatles,0.5424063116370809,0.36363636363636365,0.27860696517412936,0.25984251968503935,0.7900242156305873,0.6362586453679115,0.771341463414634,0.6418604651162791
beatles/beatles_06_Rubber_Soul_14_Run_For_Your_Life/track.npy,beatles,0.94,0.92,0.0,0.0,0.7658401758044228,0.7409220711927874,0.6531986531986532,0.6308724832214765
beatles/beatles_07_Revolver_02_Eleanor_Rigby/track.npy,beatles,0.42077922077922075,0.38235294117647056,0.42077922077922075,0.38235294117647056,0.6891807416940396,0.36533054500973194,0.815267175572519,0.43609022556390975
beatles/beatles_08_Sgt_Peppers_Lonely_Hearts_Club_Band_03_Lucy_In_The_Sky_With_Diamonds/track.npy,beatles,0.7061855670103093,0.49572649572649574,0.7061855670103093,0.49572649572649574,0.7606419467861948,0.6543686143623906,0.8375838926174497,0.7549019607843137
beatles/beatles_08_Sgt_Peppers_Lonely_Hearts_Club_Band_04_Getting_Better/track.npy,beatles,0.9969604863221885,1.0,0.9969604863221885,1.0,0.9306771508564701,0.9297514052566996,0.9984779299847794,1.0
beatles/beatles_09_Magical_Mystery_Tour_01_Magical_Mystery_Tour/track.npy,beatles,0.6404494382022472,0.6363636363636364,0.6404494382022472,0.6363636363636364,0.7592662644431617,0.7723025953605737,0.8730769230769231,0.8682170542635659
beatles/beatles_10_CD1_The_Beatles_01_Back_in_the_USSR/track.npy,beatles,0.9830028328611898,0.9213483146067416,0.9830028328611898,0.9213483146067416,0.9633035453407736,0.9107629346469868,0.9914772727272727,0.9438202247191011
beatles/beatles_10_CD1_The_Beatles_02_Dear_Prudence/track.npy,beatles,0.6549865229110512,0.44155844155844154,0.6549865229110512,0.44155844155844154,0.7785079045503799,0.4380341968246723,0.8696969696969697,0.45333333333333325
beatles/beatles_10_CD2_The_Beatles_08_Revolution_1/track.npy,beatles,0.9711538461538461,0.5446428571428571,0.9711538461538461,0.5446428571428571,0.9305426290399621,0.6361033820939175,0.9842424242424243,0.6788990825688073
beatles/beatles_10_CD2_The_Beatles_10_Savoy_Truffle/track.npy,beatles,0.9912280701754386,0.8588235294117647,0.9912280701754386,0.8588235294117647,0.933654784705854,0.8184978734230225,0.9912023460410556,0.8588235294117647
beatles/beatles_11_Abbey_Road_02_Something/track.npy,beatles,1.0,1.0,1.0,1.0,0.9428142913895831,0.9523741408888823,0.9947089947089947,1.0
beatles/beatles_11_Abbey_Road_03_Maxwells_Silver_Hammer/track.npy,beatles,0.7391304347826086,0.8807339449541285,0.7391304347826086,0.8807339449541285,0.8584357518049032,0.8715620718988857,0.9302325581395349,0.9433962264150944
beatles/beatles_12_Let_It_Be_01_Two_of_Us/track.npy,beatles,0.981029810298103,0.3723404255319149,0.981029810298103,0.0,0.9234468681043877,0.49132361109882167,0.9877883310719131,0.5223880597014925
beatles/beatles_12_Let_It_Be_05_Dig_It/track.npy,beatles,0.8220338983050848,0.825,0.8220338983050848,0.825,0.8667350583359215,0.8656495853556466,0.9023255813953489,0.9041095890410958
candombe/csic.1995_ansina2_04/track.npy,candombe,0.99880810488677,1.0,0.99880810488677,1.0,0.9565097150540288,0.9624991364872801,0.9994036970781157,1.0
candombe/proyecto.1992_gimenez_02/track.npy,candombe,0.9464566929133859,1.0,0.9464566929133859,1.0,0.7080524058581187,0.6808227913245485,0.9086614173228347,0.8930817610062893
candombe/zavala.muniz.2014_48/track.npy,candombe,0.9938650306748467,0.8674698795180723,0.9938650306748467,0.8674698795180723,0.9719916974747921,0.8779960057657095,0.9969230769230769,0.9024390243902438
candombe/zavala.muniz.2014_53/track.npy,candombe,0.9837587006960556,0.9351851851851852,0.9837587006960556,0.9351851851851852,0.9587002957151476,0.9173899775770583,0.9941792782305006,0.9488372093023255
filosax/filosax_08/track.npy,filosax,0.9969666329625885,0.9068825910931174,0.9969666329625885,0.9068825910931174,0.9414590043068115,0.8486291587431959,0.9984810126582278,0.9087221095334685
filosax/filosax_15/track.npy,filosax,0.988391376451078,0.9333333333333333,0.988391376451078,0.9333333333333333,0.9273209843513985,0.8725178553373718,0.9958437240232751,0.9466666666666667
filosax/filosax_21/track.npy,filosax,0.99002849002849,0.88,0.99002849002849,0.88,0.9147046220324765,0.8483895339040899,0.9949964260185847,0.9244186046511629
filosax/filosax_29/track.npy,filosax,0.9973776223776224,0.9615384615384616,0.9973776223776224,0.9615384615384616,0.9566350191957937,0.9226206775025385,0.9991258741258742,0.9702276707530647
filosax/filosax_39/track.npy,filosax,0.9844236760124611,0.9283489096573209,0.9844236760124611,0.9283489096573209,0.9430521627891003,0.8824254052286827,0.9957081545064377,0.9422776911076443
filosax/filosax_43/track.npy,filosax,0.9891657638136512,0.9567099567099567,0.9891657638136512,0.9567099567099567,0.9149275806435248,0.8807818340705935,0.9940184883088635,0.9695652173913043
groove_midi/drummer1_eval_session_5_funk-groove5_84_beat_4-4/track.npy,groove_midi,0.9824561403508771,1.0,0.9824561403508771,1.0,0.9244999066467388,0.9360119914991704,0.9911504424778761,1.0
groove_midi/drummer1_session1_102_funk_95_beat_4-4/track.npy,groove_midi,0.6323119777158774,0.735632183908046,0.6323119777158774,0.735632183908046,0.6294606067380697,0.6173108612596858,0.6789250353606789,0.6666666666666666
groove_midi/drummer1_session1_126_funk-fast_125_beat_4-4/track.npy,groove_midi,0.971830985915493,0.7746478873239436,0.971830985915493,0.7746478873239436,0.9355164443955563,0.7813976076017904,0.9857651245551601,0.822695035460993
groove_midi/drummer1_session1_81_dance-breakbeat_170_beat_4-4/track.npy,groove_midi,1.0,1.0,1.0,1.0,0.9500995323384841,0.9454537641936158,1.0,1.0
groove_midi/drummer1_session2_10_country_114_beat_4-4/track.npy,groove_midi,0.7943760984182777,0.4019607843137255,0.11284046692607004,0.4019607843137255,0.7803279607556269,0.7130273016614666,0.7108886107634544,0.7398843930635838
groove_midi/drummer1_session2_142_gospel_120_beat_4-4/track.npy,groove_midi,0.9925925925925926,0.9552238805970149,0.9925925925925926,0.9552238805970149,0.9284874210400876,0.9090074678322572,0.9962962962962963,0.9701492537313433
groove_midi/drummer1_session2_1_latin-chacarera_157_beat_3-4/track.npy,groove_midi,0.0053475935828877,0.046153846153846156,0.0053475935828877,0.0,0.3727654620647387,0.27963067100721306,0.4025356576862124,0.03157894736842106
groove_midi/drummer1_session3_10_rock-folk_90_beat_4-4/track.npy,groove_midi,0.60450563204005,0.4271356783919598,0.23529411764705882,0.2361111111111111,0.7192043524347238,0.5949401154101328,0.7571701720841301,0.6393442622950819
groove_midi/drummer1_session3_8_rock_135_beat_4-4/track.npy,groove_midi,0.9824561403508771,0.9333333333333333,0.9824561403508771,0.9333333333333333,0.9571272824050852,0.9097970982161517,0.9911504424778761,0.9655172413793104
groove_midi/drummer1_session3_9_rock_135_beat_4-4/track.npy,groove_midi,0.9954022988505747,1.0,0.9954022988505747,1.0,0.9512824483126868,0.9466221919967427,0.9976958525345622,1.0
groove_midi/drummer3_session1_3_rock_105_beat_4-4/track.npy,groove_midi,0.9302325581395349,1.0,0.9302325581395349,1.0,0.8593193949395082,0.882584473441517,0.963855421686747,1.0
groove_midi/drummer3_session1_7_rock_105_beat_4-4/track.npy,groove_midi,0.9807692307692307,0.9230769230769231,0.9807692307692307,0.9230769230769231,0.7905329559960461,0.7757863931441858,0.9902912621359222,0.9600000000000001
groove_midi/drummer3_session2_16_rock_100_beat_4-4/track.npy,groove_midi,1.0,1.0,1.0,1.0,0.9530345655875424,0.9630056863137455,1.0,1.0
groove_midi/drummer4_session1_4_latin-brazilian_92_beat_4-4/track.npy,groove_midi,0.9473684210526315,0.8666666666666667,0.0,0.0,0.6177156736595741,0.6107302766585196,0.6588235294117647,0.6363636363636364
groove_midi/drummer5_eval_session_7_pop-groove7_138_beat_4-4/track.npy,groove_midi,1.0,0.0,1.0,0.0,0.96136662565964,5.010849455055297e-25,1.0,0.0
groove_midi/drummer5_session1_11_latin-brazilian-sambareggae_96_beat_4-4/track.npy,groove_midi,0.9850187265917603,0.9701492537313433,0.9850187265917603,0.9701492537313433,0.9236688363603061,0.9124168463896069,0.9886792452830188,0.9774436090225564
groove_midi/drummer5_session1_6_latin-brazilian-maracatu_96_beat_4-4/track.npy,groove_midi,0.6641221374045801,0.4235294117647059,0.6641221374045801,0.4235294117647059,0.7143861363528948,0.48486979844172107,0.8969359331476323,0.6347305389221556
groove_midi/drummer5_session1_8_latin-venezuelan-merengue_162_beat_5-8/track.npy,groove_midi,0.562992125984252,0.07954545454545454,0.15560640732265446,0.0,0.7069549870805647,0.1408023260987729,0.7235890014471781,0.14049586776859505
groove_midi/drummer5_session2_17_latin-brazilian-samba_110_beat_4-4/track.npy,groove_midi,0.9915966386554622,0.7966101694915254,0.9915966386554622,0.7966101694915254,0.9083480594137618,0.8023237475240983,0.9873417721518987,0.8392857142857143
groove_midi/drummer5_session2_22_latin-brazilian-frevo_133_beat_4-4/track.npy,groove_midi,0.9272151898734177,0.9367088607594937,0.9272151898734177,0.9367088607594937,0.9136394418334353,0.9123804119488163,0.9615384615384615,0.9615384615384615
groove_midi/drummer5_session2_2_latin-brazilian_101_beat_4-4/track.npy,groove_midi,1.0,1.0,1.0,1.0,0.9234709098554884,0.9200989203754598,1.0,1.0
groove_midi/drummer5_session2_7_neworleans-secondline_124_beat_4-4/track.npy,groove_midi,1.0,1.0,1.0,1.0,0.920179227032821,0.9208924639213258,1.0,1.0
groove_midi/drummer6_session3_3_rock_100_beat_4-4/track.npy,groove_midi,0.996996996996997,0.8433734939759037,0.996996996996997,0.8433734939759037,0.7689803138414059,0.6500379817416806,0.9834586466165414,0.8313253012048193
groove_midi/drummer6_session3_4_rock_127_beat_4-4/track.npy,groove_midi,0.9823529411764705,0.25301204819277107,0.9823529411764705,0.17857142857142858,0.84109329894897,0.33142992242208924,0.9896602658788775,0.2191780821917808
groove_midi/drummer6_session3_5_rock_180_beat_4-4/track.npy,groove_midi,0.9857482185273159,0.7714285714285715,0.9857482185273159,0.0,0.9031023219464872,0.38837014179274143,0.9940546967895363,0.0
groove_midi/drummer6_session3_7_rock_88_beat_4-4/track.npy,groove_midi,0.9942528735632183,0.6888888888888889,0.9942528735632183,0.6888888888888889,0.8423717618937023,0.6379407217056522,0.9971181556195965,0.7415730337078651
groove_midi/drummer7_session1_39_hiphop_100_beat_4-4/track.npy,groove_midi,1.0,0.0,1.0,0.0,0.9045933013734901,4.019367793596008e-46,0.967741935483871,0.0
groove_midi/drummer7_session2_36_rock_75_fill_4-4/track.npy,groove_midi,0.9534883720930233,1.0,0.9534883720930233,1.0,0.9260177677474557,0.9436185823336842,0.9761904761904763,1.0
groove_midi/drummer7_session2_63_soul-motown_148_beat_4-4/track.npy,groove_midi,0.6792452830188679,1.0,0.22641509433962265,1.0,0.3522509033254553,0.11101246324040327,0.24761904761904763,0.3076923076923077
groove_midi/drummer7_session2_6_rock_120_beat_4-4/track.npy,groove_midi,0.9634146341463414,1.0,0.9634146341463414,1.0,0.8798441112010341,0.8993210721954558,0.9813664596273292,1.0
groove_midi/drummer7_session3_106_hiphop_70_beat_4-4/track.npy,groove_midi,0.9833333333333333,1.0,0.9833333333333333,1.0,0.8739213465017166,0.8240032328555142,0.9747899159663865,0.9333333333333333
groove_midi/drummer7_session3_119_rock_95_beat_4-4/track.npy,groove_midi,0.9230769230769231,0.5714285714285714,0.9230769230769231,0.5714285714285714,0.9140138904284733,0.6042938885813492,0.9600000000000001,0.6153846153846153
groove_midi/drummer7_session3_23_pop-soft_83_beat_4-4/track.npy,groove_midi,1.0,1.0,1.0,1.0,0.9315596141281443,0.8989511795464395,1.0,1.0
groove_midi/drummer7_session3_39_rock-indie_63_beat_4-4/track.npy,groove_midi,1.0,1.0,1.0,1.0,0.8011616140206015,0.824423681416926,0.9866666666666668,0.972972972972973
groove_midi/drummer7_session3_49_funk_112_beat_4-4/track.npy,groove_midi,0.9814814814814815,1.0,0.9814814814814815,1.0,0.940858766567841,0.9520272162720401,0.9906542056074767,1.0
groove_midi/drummer8_session1_11_neworleans-funk_82_beat_4-4/track.npy,groove_midi,0.4807121661721068,0.4819277108433735,0.352,0.3548387096774194,0.7144272378910334,0.729765249876448,0.8066825775656324,0.8076923076923077
groove_midi/drummer8_session1_25_funk-latin_100_beat_4-4/track.npy,groove_midi,0.9950248756218906,1.0,0.9950248756218906,1.0,0.9486301072118218,0.9425747727268415,0.9975062344139651,1.0
groove_midi/drummer8_session1_3_hiphop_90_beat_4-4/track.npy,groove_midi,1.0,1.0,1.0,1.0,0.931645009255355,0.9610377378717001,1.0,1.0
groove_midi/drummer9_session1_19_rock_120_beat_4-4/track.npy,groove_midi,0.9848484848484849,0.9411764705882353,0.9848484848484849,0.9411764705882353,0.9262657547124428,0.9113222901326868,0.9848484848484849,0.9696969696969697
groove_midi/drummer9_session1_26_rock_90_beat_4-4/track.npy,groove_midi,1.0,1.0,1.0,1.0,0.895666274163833,0.9046695213498475,1.0,1.0
groove_midi/drummer9_session1_5_rock_100_beat_4-4/track.npy,groove_midi,0.9910714285714286,0.9642857142857143,0.9910714285714286,0.9642857142857143,0.8983383601383446,0.8888492726980862,0.9955156950672646,0.9818181818181818
groove_midi/drummer9_session1_7_rock_100_beat_4-4/track.npy,groove_midi,0.9393939393939394,1.0,0.9393939393939394,0.0,0.9209036036605861,0.8250742980704517,0.96875,0.7272727272727273
guitarset/00_BN1-147-Gb_comp_mix/track.npy,guitarset,1.0,1.0,1.0,1.0,0.9217494707536075,0.9466947712695479,1.0,1.0
guitarset/00_Jazz2-110-Bb_comp_mix/track.npy,guitarset,0.9818181818181818,0.9285714285714286,0.9818181818181818,0.9285714285714286,0.9001951194467108,0.8897916184616054,0.9908256880733944,0.962962962962963
guitarset/00_Rock2-142-D_comp_mix/track.npy,guitarset,1.0,1.0,1.0,1.0,0.8997029761530455,0.8728668821096536,1.0,1.0
guitarset/01_Funk1-97-C_comp_mix/track.npy,guitarset,0.975,0.9,0.975,0.9,0.947974377853224,0.9182675842270456,0.9873417721518987,0.9473684210526316
guitarset/01_Rock3-117-Bb_comp_mix/track.npy,guitarset,0.9818181818181818,0.9285714285714286,0.9818181818181818,0.9285714285714286,0.9607145864592654,0.9239856237327092,0.9908256880733944,0.962962962962963
guitarset/02_Funk3-98-A_comp_mix/track.npy,guitarset,1.0,1.0,1.0,1.0,0.9564185933060704,0.9266290964556567,1.0,1.0
guitarset/02_Jazz2-110-Bb_comp_mix/track.npy,guitarset,0.9818181818181818,0.9285714285714286,0.9818181818181818,0.9285714285714286,0.8572772687781524,0.8775931580757219,0.9908256880733944,0.962962962962963
guitarset/02_SS2-88-F_comp_mix/track.npy,guitarset,0.9824561403508771,0.9333333333333333,0.9824561403508771,0.9333333333333333,0.7503243296542307,0.7383568463656737,0.9911504424778761,0.9655172413793104
guitarset/03_BN2-131-B_comp_mix/track.npy,guitarset,1.0,1.0,1.0,1.0,0.9608588326164983,0.9632863688362646,1.0,1.0
guitarset/03_Funk2-119-G_comp_mix/track.npy,guitarset,1.0,1.0,1.0,1.0,0.9225409242724659,0.9430533891801864,1.0,1.0
guitarset/03_Jazz1-130-D_comp_mix/track.npy,guitarset,1.0,1.0,1.0,1.0,0.8490334849761227,0.8635155636137832,1.0,1.0
guitarset/03_Jazz1-200-B_comp_mix/track.npy,guitarset,0.5116279069767442,0.125,0.5116279069767442,0.125,0.6758423986396019,0.2874653602273318,0.8378378378378378,0.39999999999999997
guitarset/03_Jazz3-137-Eb_comp_mix/track.npy,guitarset,0.6190476190476191,0.375,0.6190476190476191,0.07692307692307693,0.63941596127166,0.24542631315311214,0.7999999999999999,0.2857142857142857
guitarset/03_SS2-107-Ab_comp_mix/track.npy,guitarset,0.9821428571428571,0.9285714285714286,0.9821428571428571,0.9285714285714286,0.9562542541600813,0.9098416528842203,0.9909909909909909,0.962962962962963
guitarset/04_BN1-147-Gb_comp_mix/track.npy,guitarset,1.0,1.0,1.0,1.0,0.953492863598384,0.9692499415814925,1.0,1.0
guitarset/04_Funk2-119-G_comp_mix/track.npy,guitarset,0.9818181818181818,0.9230769230769231,0.9818181818181818,0.9230769230769231,0.9524982896339306,0.8855114240929218,0.9908256880733944,0.9230769230769231
guitarset/04_Funk3-112-C#_comp_mix/track.npy,guitarset,1.0,1.0,1.0,1.0,0.9509979652404305,0.9609264109646957,1.0,1.0
guitarset/04_SS3-98-C_comp_mix/track.npy,guitarset,0.9649122807017544,0.9285714285714286,0.9649122807017544,0.9285714285714286,0.8929786881102749,0.8867358155168913,0.9821428571428572,0.962962962962963
guitarset/05_BN1-147-Gb_comp_mix/track.npy,guitarset,0.9722222222222222,0.4444444444444444,0.9722222222222222,0.4444444444444444,0.9530236958510765,0.46423739866418195,0.9859154929577464,0.47058823529411764
guitarset/05_Funk1-97-C_comp_mix/track.npy,guitarset,0.7142857142857143,0.8,0.7142857142857143,0.0,0.6922795221039436,0.49704244534334796,0.8148148148148148,0.42857142857142855
guitarset/05_Rock2-142-D_comp_mix/track.npy,guitarset,1.0,1.0,1.0,1.0,0.9792949929398023,0.9845905356709217,1.0,1.0
guitarset/05_SS3-98-C_comp_mix/track.npy,guitarset,0.9473684210526315,0.8666666666666667,0.9473684210526315,0.8666666666666667,0.8675149387969906,0.8149531027601044,0.9821428571428572,0.9285714285714286
hainsworth/hainsworth_003/track.npy,hainsworth,0.6690647482014388,0.02857142857142857,0.6690647482014388,0.02857142857142857,0.7499356244319588,0.03745301953274609,0.8482490272373541,0.061538461538461535
hainsworth/hainsworth_009/track.npy,hainsworth,0.9916666666666667,0.9333333333333333,0.9916666666666667,0.9333333333333333,0.9088227726256045,0.8943703980932798,0.99581589958159,0.983050847457627
hainsworth/hainsworth_012/track.npy,hainsworth,0.7391304347826086,0.17647058823529413,0.7391304347826086,0.05,0.8564866302004153,0.21153246764059647,0.8901734104046243,0.2162162162162162
hainsworth/hainsworth_017/track.npy,hainsworth,1.0,1.0,1.0,1.0,0.9655397748152508,0.9636890468125834,1.0,1.0
hainsworth/hainsworth_023/track.npy,hainsworth,1.0,1.0,1.0,1.0,0.9809156462410891,0.9834489096311498,1.0,1.0
hainsworth/hainsworth_055/track.npy,hainsworth,0.95260663507109,0.8653846153846154,0.95260663507109,0.8653846153846154,0.9611719342582152,0.8925214978606908,0.988009592326139,0.9199999999999999
hainsworth/hainsworth_057/track.npy,hainsworth,0.7634408602150538,0.6521739130434783,0.7634408602150538,0.6521739130434783,0.7803906114091155,0.7501880942592111,0.8685714285714285,0.8372093023255814
hainsworth/hainsworth_059/track.npy,hainsworth,0.6024590163934426,0.4411764705882353,0.012295081967213115,0.4411764705882353,0.6643821083063476,0.3046048934242754,0.5772594752186588,0.35820895522388063
hainsworth/hainsworth_082/track.npy,hainsworth,1.0,1.0,1.0,1.0,0.9689638839041294,0.9705890812363752,1.0,1.0
hainsworth/hainsworth_083/track.npy,hainsworth,0.8070175438596491,0.72,0.8070175438596491,0.72,0.6675454875981328,0.5662609436724217,0.9493087557603688,0.72
hainsworth/hainsworth_085/track.npy,hainsworth,1.0,1.0,1.0,1.0,0.9286549609767382,0.9097930362417824,1.0,1.0
hainsworth/hainsworth_093/track.npy,hainsworth,1.0,0.44776119402985076,1.0,0.0,0.9663065428456956,0.6306726809363297,1.0,0.5384615384615384
hainsworth/hainsworth_111/track.npy,hainsworth,0.9263157894736842,0.75,0.0,0.0,0.7673518710370146,0.6515829899906213,0.6501766784452297,0.5352112676056338
hainsworth/hainsworth_129/track.npy,hainsworth,0.417910447761194,0.15,0.417910447761194,0.05,0.5413962601961199,0.20408231528536014,0.6372549019607843,0.3157894736842105
hainsworth/hainsworth_132/track.npy,hainsworth,0.4470588235294118,0.21428571428571427,0.4470588235294118,0.21428571428571427,0.5346342151076403,0.3703291372301804,0.6614173228346457,0.4799999999999999
hainsworth/hainsworth_135/track.npy,hainsworth,0.453781512605042,0.375,0.453781512605042,0.375,0.519817260577744,0.1662722165537316,0.6378378378378378,0.2580645161290323
hainsworth/hainsworth_145/track.npy,hainsworth,0.9891304347826086,0.8695652173913043,0.0,0.0,0.7895579358183389,0.7419159185959722,0.6666666666666666,0.6060606060606061
hainsworth/hainsworth_149/track.npy,hainsworth,0.9894736842105263,1.0,0.9894736842105263,1.0,0.9662926206956743,0.9712464818845922,0.9947089947089947,1.0
hainsworth/hainsworth_155/track.npy,hainsworth,1.0,0.6190476190476191,1.0,0.3181818181818182,0.9835785024122838,0.5075429607090551,1.0,0.37209302325581395
hainsworth/hainsworth_166/track.npy,hainsworth,0.6,0.6521739130434783,0.25,0.21052631578947367,0.8154116091209214,0.8190129572487359,0.7741935483870968,0.7741935483870968
hainsworth/hainsworth_171/track.npy,hainsworth,1.0,1.0,1.0,1.0,0.9769905808123205,0.9665740182998391,1.0,1.0
hainsworth/hainsworth_190/track.npy,hainsworth,0.5595854922279793,0.37333333333333335,0.0,0.017543859649122806,0.5968227107282982,0.38369653843523055,0.5576208178438662,0.3789473684210526
hainsworth/hainsworth_198/track.npy,hainsworth,1.0,1.0,1.0,1.0,0.913036339091123,0.9175131331249392,1.0,1.0
hainsworth/hainsworth_201/track.npy,hainsworth,1.0,1.0,1.0,1.0,0.9366615927279712,0.9457616801240962,1.0,1.0
hainsworth/hainsworth_211/track.npy,hainsworth,0.9887640449438202,0.2608695652173913,0.9887640449438202,0.2608695652173913,0.9007477207903121,0.2557524486819036,0.9943502824858756,0.2666666666666666
hainsworth/hainsworth_214/track.npy,hainsworth,1.0,1.0,1.0,1.0,0.9799009569834567,0.9655145068387949,1.0,1.0
hainsworth/hainsworth_220/track.npy,hainsworth,0.45121951219512196,0.25,0.45121951219512196,0.25,0.5022433092919808,0.2926303444738471,0.6504065040650406,0.37837837837837834
harmonix/0003_6foot7foot/track.npy,harmonix,1.0,1.0,1.0,1.0,0.9397204343389703,0.9291204546829305,1.0,1.0
harmonix/0017_badromance/track.npy,harmonix,1.0,1.0,1.0,1.0,0.9409335363939347,0.9419096531410358,1.0,1.0
harmonix/0026_blackandyellow/track.npy,harmonix,0.9825783972125436,0.9861111111111112,0.9825783972125436,0.9861111111111112,0.9648591252117182,0.9762922623454401,0.9912126537785589,0.993006993006993
harmonix/0027_blackened/track.npy,harmonix,0.5756780402449694,0.4100418410041841,0.5756780402449694,0.4100418410041841,0.6324754287724504,0.4444119779034615,0.699547511312217,0.4901531728665208
harmonix/0044_cameraeye/track.npy,harmonix,0.79757343550447,0.6473829201101928,0.79757343550447,0.6473829201101928,0.8779595817416506,0.7220325085364068,0.9078903928689337,0.7418899858956276
harmonix/0065_deadandbloated/track.npy,harmonix,0.9682034976152624,0.5652173913043478,0.001589825119236884,0.050724637681159424,0.7311269234808299,0.5501041268857619,0.6545454545454547,0.5365853658536586
harmonix/0071_dirtypool/track.npy,harmonix,0.9804741980474198,0.5666666666666667,0.9804741980474198,0.2719665271966527,0.952580952975458,0.7573590395151082,0.9887640449438202,0.7403598971722365
harmonix/0085_electricboogie/track.npy,harmonix,0.9976470588235294,0.9716981132075472,0.9976470588235294,0.9716981132075472,0.9720977772517596,0.9540473079703119,0.9988221436984689,0.9811320754716981
harmonix/0095_firework/track.npy,harmonix,1.0,1.0,1.0,1.0,0.7795494252232157,0.783650380346308,0.9969418960244648,0.9878048780487805
harmonix/0104_getbusy/track.npy,harmonix,0.7653061224489796,0.890625,0.7653061224489796,0.890625,0.733464401277769,0.7060237695763257,0.9328493647912885,0.8818897637795274
harmonix/0108_getup/track.npy,harmonix,0.8216783216783217,0.8531468531468531,0.8216783216783217,0.8531468531468531,0.8543932204788968,0.7764328687807304,0.8776595744680852,0.8156028368794326
harmonix/0116_goodies/track.npy,harmonix,0.994579945799458,0.9139784946236559,0.994579945799458,0.9139784946236559,0.9601412698393361,0.9107608190698956,0.9972826086956521,0.9297297297297297
harmonix/0119_gunpowderandlead/track.npy,harmonix,0.9485294117647058,0.8181818181818182,0.9485294117647058,0.8181818181818182,0.8735169662122272,0.7668352368654979,0.9573283858998145,0.8333333333333334
harmonix/0124_hello/track.npy,harmonix,0.9912536443148688,0.9883720930232558,0.9912536443148688,0.9883720930232558,0.9250487899401377,0.922646425262755,0.9956076134699853,0.9941520467836257
harmonix/0125_hellogoodmorning/track.npy,harmonix,0.9892857142857143,0.9857142857142858,0.9892857142857143,0.9857142857142858,0.9116597562057761,0.9332689223050276,0.998211091234347,0.9928057553956835
harmonix/0140_impacto/track.npy,harmonix,1.0,1.0,1.0,1.0,0.9764018176547954,0.9702217188678818,1.0,1.0
harmonix/0151_kingofdancehall/track.npy,harmonix,0.9096045197740112,0.9777777777777777,0.9096045197740112,0.9777777777777777,0.8781501926588771,0.8783450041099409,0.9178470254957507,0.9213483146067416
harmonix/0184_myprerogative/track.npy,harmonix,1.0,1.0,1.0,1.0,0.8825539146346307,0.8761604894982865,1.0,1.0
harmonix/0185_nasty/track.npy,harmonix,1.0,1.0,1.0,1.0,0.9740208226941235,0.9744005940434113,1.0,1.0
harmonix/0194_nomoretears/track.npy,harmonix,0.8791500664010624,0.8052631578947368,0.8791500664010624,0.8052631578947368,0.8870614288081378,0.8094191526566626,0.9439890710382515,0.8641304347826088
harmonix/0226_rendezvu/track.npy,harmonix,1.0,1.0,1.0,1.0,0.9180927701749333,0.9171749658880681,1.0,1.0
harmonix/0229_ridingonthewind/track.npy,harmonix,0.8592321755027422,0.8,0.8592321755027422,0.8,0.7593418901974784,0.6890776608988187,0.8788990825688073,0.8015267175572519
harmonix/0233_rocknrollnightmare/track.npy,harmonix,0.9979381443298969,0.8135593220338984,0.9979381443298969,0.8135593220338984,0.9386233100030332,0.7992000576815078,0.9989680082559339,0.8583690987124463
harmonix/0243_saucyjack/track.npy,harmonix,0.9485714285714286,0.2978723404255319,0.9485714285714286,0.2978723404255319,0.935017209282121,0.48895922915965506,0.9739130434782609,0.49411764705882355
harmonix/0247_scream/track.npy,harmonix,1.0,1.0,1.0,1.0,0.9554982215487676,0.9529855030530561,1.0,1.0
harmonix/0259_spiceupyourlife/track.npy,harmonix,0.9623188405797102,0.9651162790697675,0.9623188405797102,0.9651162790697675,0.9486837379469063,0.9514168274128726,0.980797636632201,0.9822485207100593
harmonix/0262_stash/track.npy,harmonix,0.7030625832223701,0.36619718309859156,0.7030625832223701,0.36619718309859156,0.7930644571799196,0.6241470503978347,0.9033643521832497,0.6989247311827957
harmonix/0289_thisisexile/track.npy,harmonix,0.3867924528301887,0.5867768595041323,0.3867924528301887,0.5867768595041323,0.5221088897710701,0.49049878128552166,0.7134935304990757,0.6212765957446809
harmonix/0291_thrasher/track.npy,harmonix,0.41160949868073876,0.24050632911392406,0.41160949868073876,0.24050632911392406,0.6207939925075825,0.22320239057876803,0.6541516245487364,0.2536231884057971
harmonix/0299_turnthebeataround/track.npy,harmonix,1.0,1.0,1.0,1.0,0.9788730669104695,0.9789136937422642,1.0,1.0
harmonix/0301_unclejohnsband/track.npy,harmonix,0.9259259259259259,0.56875,0.9259259259259259,0.56875,0.7811145735472432,0.5480310154849968,0.9683698296836984,0.7
harmonix/0320_wolflikeme/track.npy,harmonix,0.6282208588957056,0.625615763546798,0.08027210884353742,0.1534090909090909,0.6841365439262518,0.6742846036954775,0.652668416447944,0.6618705035971223
harmonix/0321_wonderwall/track.npy,harmonix,0.9608938547486033,0.8791208791208791,0.9608938547486033,0.8791208791208791,0.8802715674368145,0.8247880035397587,0.9844413012729845,0.9162011173184357
harmonix/0324_yeah3x/track.npy,harmonix,1.0,1.0,1.0,1.0,0.9274246210136429,0.9302606908472768,1.0,1.0
harmonix/0327_youmakemefeel/track.npy,harmonix,0.9933333333333333,0.9911504424778761,0.9933333333333333,0.9911504424778761,0.9433828185275046,0.9478056151877622,0.996662958843159,0.9955555555555555
harmonix/0346_birthdaydress/track.npy,harmonix,0.977961432506887,0.9666666666666667,0.977961432506887,0.9666666666666667,0.8780041348237656,0.8644682556936306,0.9944598337950139,0.9832402234636872
harmonix/0359_cominghome/track.npy,harmonix,0.8343023255813954,0.8255813953488372,0.8343023255813954,0.8255813953488372,0.9056265369291105,0.9062545223693453,0.9531013615733736,0.9518072289156626
harmonix/0364_deuces/track.npy,harmonix,0.987987987987988,0.9404761904761905,0.987987987987988,0.9404761904761905,0.9687878144485708,0.9371429325716064,0.9939577039274925,0.963855421686747
harmonix/0366_domino/track.npy,harmonix,0.8926315789473684,0.7899159663865546,0.8926315789473684,0.7899159663865546,0.8961285476793177,0.7565525561449276,0.9088983050847457,0.7679324894514766
harmonix/0381_everythingyouwant/track.npy,harmonix,0.9386189258312021,0.8877551020408163,0.9386189258312021,0.8877551020408163,0.8015841728058825,0.7832335761079345,0.9683377308707124,0.9368421052631578
harmonix/0388_gangnamstyle/track.npy,harmonix,0.9913419913419913,0.9913793103448276,0.9913419913419913,0.9913793103448276,0.9431901966575175,0.9472157207330881,0.9956521739130434,0.9956709956709957
harmonix/0390_getyourselfbackhome/track.npy,harmonix,0.9849462365591398,0.9741379310344828,0.9849462365591398,0.9741379310344828,0.9347549007594104,0.9320633494072236,0.9924160346695559,0.9870129870129869
harmonix/0394_godgavemetoyou/track.npy,harmonix,0.9928057553956835,0.9714285714285714,0.9928057553956835,0.9714285714285714,0.8558474799118944,0.8596633827074285,0.9945945945945946,0.9784172661870504
harmonix/0396_goodfeeling/track.npy,harmonix,0.9844054580896686,0.9147286821705426,0.9844054580896686,0.9147286821705426,0.9687788982237383,0.9125653888197142,0.9931573802541545,0.933852140077821
harmonix/0417_imtoosexy/track.npy,harmonix,0.9970238095238095,1.0,0.9970238095238095,1.0,0.9805976182240658,0.9834555354109182,0.9985096870342772,1.0
harmonix/0423_iwannago/track.npy,harmonix,0.9954648526077098,0.9819819819819819,0.9954648526077098,0.9819819819819819,0.9760106161862123,0.9684584364344321,0.9988649262202043,0.990990990990991
harmonix/0430_lastfridaynight/track.npy,harmonix,0.9892933618843683,0.9914529914529915,0.9892933618843683,0.9914529914529915,0.9780181899951201,0.9816239028944165,0.9946178686759958,0.9957081545064378
harmonix/0436_loveactually/track.npy,harmonix,0.9827213822894169,0.9827586206896551,0.9827213822894169,0.9827586206896551,0.9077762458439285,0.9061140786445767,0.991285403050109,0.9913043478260869
harmonix/0438_loverlover/track.npy,harmonix,0.9831932773109243,0.5955056179775281,0.9831932773109243,0.5955056179775281,0.9275372490274688,0.6016926596831976,0.9915254237288135,0.6440677966101696
harmonix/0440_loveyoulikealovesong/track.npy,harmonix,0.9886039886039886,0.9886363636363636,0.9886039886039886,0.9886363636363636,0.9406558213040367,0.9380105725401618,0.994269340974212,0.9942857142857142
harmonix/0452_myfirstkiss/track.npy,harmonix,0.9976798143851509,1.0,0.9976798143851509,1.0,0.5507158667424868,0.5406375444801809,0.9976798143851509,1.0
harmonix/0464_oneofus/track.npy,harmonix,0.9861495844875346,0.9666666666666667,0.9861495844875346,0.9666666666666667,0.9567374166177244,0.9363471851311825,0.9916897506925207,0.9666666666666667
harmonix/0478_prayforyou/track.npy,harmonix,0.9935897435897436,0.717948717948718,0.9935897435897436,0.717948717948718,0.86137343833102,0.6502109463229676,0.9967845659163987,0.7532467532467534
harmonix/0486_rundatback/track.npy,harmonix,0.9912663755458515,0.991304347826087,0.9912663755458515,0.991304347826087,0.9807724668767956,0.9812216949461959,0.9956140350877193,0.9956331877729258
harmonix/0505_takeitoff/track.npy,harmonix,1.0,1.0,1.0,1.0,0.9869625127829377,0.9887782399000593,1.0,1.0
harmonix/0506_takemehometonight/track.npy,harmonix,0.8959276018099548,0.8828828828828829,0.8959276018099548,0.8828828828828829,0.9067616230748357,0.8737251910108165,0.9632183908045976,0.944954128440367
harmonix/0509_thelazysong/track.npy,harmonix,0.9962406015037594,0.9701492537313433,0.9962406015037594,0.9701492537313433,0.860585548371802,0.8663253807071029,0.9962406015037594,0.9850746268656716
harmonix/0510_theonethatgotaway/track.npy,harmonix,0.993801652892562,0.9338842975206612,0.993801652892562,0.9338842975206612,0.7342715191328975,0.6938294704543665,0.9958592132505175,0.9421487603305785
harmonix/0512_theshowgoeson/track.npy,harmonix,0.9288256227758007,0.9,0.0,0.007407407407407408,0.7917362556741783,0.769869074560076,0.6552567237163814,0.6536585365853658
harmonix/0517_tilltheworldends/track.npy,harmonix,0.9940119760479041,1.0,0.9940119760479041,1.0,0.9607722749731473,0.9621694613497371,0.996996996996997,1.0
harmonix/0525_venus/track.npy,harmonix,0.9977064220183486,1.0,0.9977064220183486,1.0,0.9824963674191887,0.9855199061496615,0.9988518943742823,1.0
harmonix/0526_waitingoutsidethelines/track.npy,harmonix,0.6268221574344023,0.7571428571428571,0.6268221574344023,0.7571428571428571,0.8072591887775592,0.8419772327858606,0.8383838383838383,0.857142857142857
harmonix/0527_wantuback/track.npy,harmonix,0.8901734104046243,0.5465116279069767,0.8901734104046243,0.36046511627906974,0.919844046451407,0.472713039056913,0.9349112426035504,0.3431952662721893
harmonix/0535_withoutyou/track.npy,harmonix,0.9836829836829837,0.9537037037037037,0.9836829836829837,0.9537037037037037,0.9353934435480723,0.9163925197876691,0.9917743830787309,0.9719626168224299
harmonix/0542_yougetwhatyougive/track.npy,harmonix,0.9980806142034548,1.0,0.9980806142034548,1.0,0.9681215372924753,0.9683660626133243,0.9990393852065321,1.0
harmonix/0543_yougonnafly/track.npy,harmonix,1.0,0.5068493150684932,1.0,0.5068493150684932,0.9787861612556568,0.5751916621434983,1.0,0.5241379310344828
harmonix/0555_allaroundme/track.npy,harmonix,0.9912280701754386,0.9473684210526315,0.0,0.0,0.7851259186682409,0.7621258398446719,0.6647058823529411,0.6470588235294117
harmonix/0559_alltherightmoves/track.npy,harmonix,0.99644128113879,1.0,0.0,0.0,0.7981618513039916,0.789615035155103,0.6658739595719382,0.6666666666666666
harmonix/0561_alorsondanse/track.npy,harmonix,0.9951573849878934,1.0,0.9951573849878934,1.0,0.8802814666404242,0.9021543845067557,0.9975786924939467,1.0
harmonix/0611_catchingfeelings/track.npy,harmonix,0.9761194029850746,0.9880952380952381,0.9761194029850746,0.9880952380952381,0.9665072816149455,0.9767382487912155,0.9879518072289157,0.9940119760479043
harmonix/0617_citylights/track.npy,harmonix,0.9969230769230769,0.975609756097561,0.9969230769230769,0.975609756097561,0.9540701273397465,0.9469097616047268,0.9984591679506933,0.9938650306748467
harmonix/0618_clocks/track.npy,harmonix,0.5389408099688473,0.49230769230769234,0.5389408099688473,0.49230769230769234,0.74100592918181,0.5385486942193062,0.7796901893287436,0.5647058823529412
harmonix/0619_closer/track.npy,harmonix,0.9767441860465116,0.9745762711864406,0.9767441860465116,0.9745762711864406,0.9600771963510838,0.9553593064824023,0.9883351007423118,0.9830508474576272
harmonix/0621_clubcanthandleme/track.npy,harmonix,0.9874213836477987,0.9915966386554622,0.9874213836477987,0.9915966386554622,0.9683313711067976,0.9689959382248313,0.9936708860759493,0.9957805907172996
harmonix/0622_clumsy/track.npy,harmonix,0.9966555183946488,0.9866666666666667,0.9966555183946488,0.9866666666666667,0.9717751599867447,0.9537581914767375,0.998324958123953,0.9932885906040269
harmonix/0623_comeongethigher/track.npy,harmonix,0.9934426229508196,1.0,0.9934426229508196,1.0,0.9585460894312164,0.9453259264043881,0.9967213114754099,1.0
harmonix/0661_everythingaboutyou/track.npy,harmonix,0.9933481152993349,1.0,0.9933481152993349,1.0,0.9546898838061592,0.963469939396631,0.9966629588431591,1.0
harmonix/0677_fireburning/track.npy,harmonix,0.9747368421052631,0.9747899159663865,0.9747368421052631,0.9747899159663865,0.9240636395476188,0.919973459988538,0.9757127771911298,0.970464135021097
harmonix/0712_heartless/track.npy,harmonix,0.5168831168831168,0.7368421052631579,0.5168831168831168,0.7368421052631579,0.7962355006297888,0.6645676727495662,0.8304093567251463,0.6887417218543047
harmonix/0729_hurricane/track.npy,harmonix,0.9973474801061007,0.9894736842105263,0.9973474801061007,0.9894736842105263,0.9655122831302607,0.9663633722901522,0.9973474801061007,0.9894736842105263
harmonix/0731_icouldntbeyourfriend/track.npy,harmonix,0.9506172839506173,0.9788732394366197,0.9506172839506173,0.9788732394366197,0.9524912958383435,0.9448843035853345,0.9664310954063603,0.9577464788732394
harmonix/0749_indestructible2/track.npy,harmonix,0.9974424552429667,0.9897959183673469,0.9974424552429667,0.9897959183673469,0.9849808947216718,0.9813328291709524,0.998719590268886,0.9948717948717948
harmonix/0755_intothenight/track.npy,harmonix,0.977924944812362,0.9736842105263158,0.977924944812362,0.9736842105263158,0.9500692753940989,0.9468121976015939,0.9888392857142858,0.9866666666666666
harmonix/0769_killa/track.npy,harmonix,0.8111587982832618,0.6730769230769231,0.8111587982832618,0.6730769230769231,0.870957293800329,0.7296611225613474,0.9409090909090909,0.746268656716418
harmonix/0770_kingofmycastle/track.npy,harmonix,0.9865470852017937,0.990990990990991,0.9865470852017937,0.990990990990991,0.9687160836387112,0.9690458045634316,0.9932279909706546,0.9954751131221719
harmonix/0771_kisskissmainversion/track.npy,harmonix,0.9298245614035088,0.8873239436619719,0.005263157894736842,0.0,0.7545625205837445,0.7119906786151571,0.630715123094959,0.591549295774648
harmonix/0772_kissmebackcrytonight/track.npy,harmonix,1.0,1.0,1.0,1.0,0.9578513710980149,0.95710743782475,1.0,1.0
harmonix/0790_locapeople/track.npy,harmonix,0.9984447900466563,0.5962732919254659,0.9984447900466563,0.5962732919254659,0.8939395983009396,0.5989524612419297,0.9992217898832686,0.6498422712933755
harmonix/0796_loveinthisclub/track.npy,harmonix,0.9986522911051213,0.9516129032258065,0.9986522911051213,0.9516129032258065,0.8431681924340684,0.8004129800754128,0.9993256911665543,0.956989247311828
harmonix/0798_lovelikethis/track.npy,harmonix,1.0,1.0,1.0,1.0,0.9765707984815676,0.9762007372746349,1.0,1.0
harmonix/0801_lovesong/track.npy,harmonix,0.998015873015873,0.9291338582677166,0.998015873015873,0.9291338582677166,0.9804852179270889,0.9220403204916873,0.9990069513406157,0.9407114624505929
harmonix/0823_mylifewouldsuckwithoutyou/track.npy,harmonix,0.9390962671905697,0.7049180327868853,0.9390962671905697,0.7049180327868853,0.9086043981887427,0.779758164704575,0.9768844221105528,0.8260869565217391
harmonix/0824_mylifewouldsuckwithoutyous/track.npy,harmonix,0.9849462365591398,0.9743589743589743,0.9849462365591398,0.9743589743589743,0.957368250154247,0.956244646780267,0.9924160346695559,0.9913793103448275
harmonix/0839_nowyouseeit/track.npy,harmonix,1.0,0.7310924369747899,1.0,0.7310924369747899,0.9564662144479197,0.8882554400033097,1.0,0.927927927927928
harmonix/0845_onefoot/track.npy,harmonix,0.5562700964630225,0.48717948717948717,0.2549800796812749,0.272,0.7648227020399494,0.7256816867660938,0.7478474784747848,0.729064039408867
harmonix/0847_onestepatatime/track.npy,harmonix,0.7435897435897436,0.9411764705882353,0.7435897435897436,0.9411764705882353,0.85927698609038,0.8664902711778925,0.9300411522633745,0.9349112426035503
harmonix/0851_openurmind/track.npy,harmonix,0.7985611510791367,0.952,0.7985611510791367,0.952,0.7729295118319351,0.7786785458877461,0.9450757575757576,0.931726907630522
harmonix/0852_oursong/track.npy,harmonix,0.99644128113879,0.9014084507042254,0.99644128113879,0.9014084507042254,0.9240742613245526,0.863139263092226,0.9982174688057042,0.9428571428571428
harmonix/0858_peoplearepeople/track.npy,harmonix,0.8932461873638344,0.9357798165137615,0.8932461873638344,0.9357798165137615,0.9324774436059883,0.9124272998902941,0.9709172259507829,0.9357798165137615
harmonix/0867_pokerfacedos/track.npy,harmonix,1.0,1.0,1.0,1.0,0.9781910308154261,0.9797270360323934,1.0,1.0
harmonix/0882_rightroundbenny/track.npy,harmonix,0.9532710280373832,0.9813084112149533,0.9532710280373832,0.9813084112149533,0.9374345129661226,0.9288144468418766,0.9681227863046045,0.9622641509433962
harmonix/0894_sayheyiloveyou/track.npy,harmonix,0.9907120743034056,0.8780487804878049,0.9907120743034056,0.8780487804878049,0.9387517481445858,0.8591135137091086,0.9953488372093025,0.9079754601226994
harmonix/0898_sexyback/track.npy,harmonix,0.9804347826086957,0.375,0.9804347826086957,0.35398230088495575,0.9214498817692068,0.49458963091444336,0.9901207464324918,0.4558139534883721
harmonix/0901_sexydj/track.npy,harmonix,1.0,1.0,1.0,1.0,0.9758409372917245,0.976468762716203,1.0,1.0
harmonix/0911_someday/track.npy,harmonix,0.8611111111111112,0.8412698412698413,0.8611111111111112,0.8412698412698413,0.9299163081627146,0.850465106915905,0.9588477366255145,0.8688524590163935
harmonix/0920_stopandstare/track.npy,harmonix,0.9938837920489296,0.9634146341463414,0.9938837920489296,0.9634146341463414,0.9669120718518776,0.9327065689035933,0.9969325153374233,0.9634146341463414
harmonix/0930_takeyourtime/track.npy,harmonix,0.7586206896551724,0.7887323943661971,0.7586206896551724,0.7887323943661971,0.8328848442866629,0.7029344222808435,0.8955696202531646,0.7428571428571428
harmonix/0937_thatsnotmyname/track.npy,harmonix,0.8821218074656189,0.7741935483870968,0.8821218074656189,0.7741935483870968,0.8270146771255218,0.7589042237202068,0.9389389389389389,0.829268292682927
harmonix/0941_theocean/track.npy,harmonix,0.922824302134647,0.7922077922077922,0.922824302134647,0.0,0.915499475399019,0.562845583027836,0.9734219269102992,0.4845814977973568
harmonix/0954_timeaftertimevan/track.npy,harmonix,0.9864559819413092,0.9727272727272728,0.9864559819413092,0.9727272727272728,0.9511979920658846,0.9310502223840822,0.9943246311010215,0.9818181818181818
harmonix/0977_wheelsnow/track.npy,harmonix,0.9653767820773931,0.9596774193548387,0.9653767820773931,0.9596774193548387,0.8886515169358594,0.8868191389381077,0.9795081967213115,0.9674796747967479
harmonix/0992_wrongthinwhiteduke/track.npy,harmonix,0.9574468085106383,0.6265060240963856,0.9574468085106383,0.6265060240963856,0.9528366851452128,0.6399328297706884,0.9782608695652174,0.6543209876543209
harmonix/0998_youregonnamissthis/track.npy,harmonix,1.0,1.0,1.0,1.0,0.833116344294781,0.8484979584924397,1.0,1.0
hjdb/hjdb_4_Am/track.npy,hjdb,1.0,1.0,1.0,1.0,0.9734569002575753,0.9723258793645463,1.0,1.0
hjdb/hjdb_Beyond_Control/track.npy,hjdb,1.0,1.0,1.0,1.0,0.9853821351293252,0.9830762114259592,1.0,1.0
hjdb/hjdb_Bish_Bosh/track.npy,hjdb,0.9746835443037974,0.8947368421052632,0.9746835443037974,0.8947368421052632,0.9565008585069296,0.9152742849967952,0.9871794871794872,0.9473684210526315
hjdb/hjdb_Crystalize/track.npy,hjdb,0.9702602230483272,0.7910447761194029,0.9702602230483272,0.7910447761194029,0.9400290114378372,0.7908843441679827,0.9776951672862454,0.8120300751879699
hjdb/hjdb_DJ_Business/track.npy,hjdb,1.0,1.0,1.0,1.0,0.9769732402594088,0.9774789359187744,1.0,1.0
hjdb/hjdb_Dam_Tuff/track.npy,hjdb,0.9879518072289156,0.6,0.9879518072289156,0.6,0.9744330266759841,0.6380500028140004,0.993939393939394,0.65
hjdb/hjdb_Dark_Stranger_(Origin_Unknown_Remix)/track.npy,hjdb,1.0,1.0,1.0,1.0,0.9818751181116693,0.9900649992885946,1.0,1.0
hjdb/hjdb_Darkman/track.npy,hjdb,1.0,1.0,1.0,1.0,0.9853577189489214,0.9821945597918811,1.0,1.0
hjdb/hjdb_Dont_Come_No_Ruffer_(Ruff_Mix)/track.npy,hjdb,0.9879518072289156,1.0,0.9879518072289156,1.0,0.952873021926514,0.9537560291303894,1.0,1.0
hjdb/hjdb_Dream_Sequence/track.npy,hjdb,1.0,1.0,1.0,1.0,0.9786175728541626,0.9754577617929205,1.0,1.0
hjdb/hjdb_Finest_Illusion_(Legal_Mix)/track.npy,hjdb,1.0,1.0,1.0,1.0,0.9766025366674865,0.9831629656015108,1.0,1.0
hjdb/hjdb_Get_High_(New_Jack_London)/track.npy,hjdb,1.0,1.0,1.0,1.0,0.9816364725426373,0.9853315553268092,1.0,1.0
hjdb/hjdb_Happiness/track.npy,hjdb,1.0,1.0,1.0,1.0,0.9802935310937305,0.9773025079621012,1.0,1.0
hjdb/hjdb_Hardcore_Will_Never_Die/track.npy,hjdb,1.0,1.0,1.0,1.0,0.9787608676872704,0.9795208221298144,1.0,1.0
hjdb/hjdb_Horizons/track.npy,hjdb,1.0,1.0,1.0,1.0,0.9704273620956194,0.9835408742012224,1.0,1.0
hjdb/hjdb_In_Complete_Darkness_(Slipmatt_remix)/track.npy,hjdb,1.0,1.0,1.0,1.0,0.9772359407629562,0.9738530141850671,1.0,1.0
hjdb/hjdb_Inna_Year_4000/track.npy,hjdb,1.0,1.0,1.0,1.0,0.9817557403723799,0.9855667794859452,1.0,1.0
hjdb/hjdb_Let_Me_Be_Your_Fantasy/track.npy,hjdb,1.0,1.0,1.0,1.0,0.9621233415776342,0.9689608354589693,1.0,1.0
hjdb/hjdb_NHS_(Midday_Mix)/track.npy,hjdb,1.0,1.0,1.0,1.0,0.9862717480943098,0.9848353289042706,1.0,1.0
hjdb/hjdb_No_Worries/track.npy,hjdb,0.9642857142857143,0.9642857142857143,0.9642857142857143,0.9642857142857143,0.9708907388566922,0.9118785247963516,0.9909909909909909,0.9285714285714286
hjdb/hjdb_Peakin_Thru_The_Window/track.npy,hjdb,0.9904761904761905,0.8846153846153846,0.9904761904761905,0.8846153846153846,0.97649282288994,0.8628627627150052,0.9952153110047847,0.8846153846153846
hjdb/hjdb_Phizical_(Moody_Mix)/track.npy,hjdb,0.8790697674418605,0.6111111111111112,0.8790697674418605,0.6111111111111112,0.9498398258509507,0.7755448349508098,0.9688249400479616,0.7916666666666667
hjdb/hjdb_R-type/track.npy,hjdb,0.8402777777777778,0.47058823529411764,0.8402777777777778,0.47058823529411764,0.9374819261293625,0.7273434127559457,0.9530685920577616,0.7419354838709677
hjdb/hjdb_Return_Of_The_Donut_Pt2/track.npy,hjdb,1.0,1.0,1.0,1.0,0.9849355398041592,0.9846419737612364,1.0,1.0
hjdb/hjdb_Scottie/track.npy,hjdb,0.8314606741573034,0.7272727272727273,0.8314606741573034,0.7272727272727273,0.9269478982592259,0.7225436282379718,0.9473684210526315,0.7441860465116279
hjdb/hjdb_Spiritual_Aura/track.npy,hjdb,0.9964028776978417,0.9710144927536232,0.9964028776978417,0.9710144927536232,0.9791831871101182,0.9683842641070417,0.9981981981981982,0.9855072463768116
hjdb/hjdb_The_Slammer/track.npy,hjdb,1.0,1.0,1.0,1.0,0.9811712724238318,0.9791190261977497,1.0,1.0
hjdb/hjdb_Too_Much_(Ray_Keith_Rmx)/track.npy,hjdb,0.9841269841269841,1.0,0.9841269841269841,1.0,0.9724340211415692,0.9788761276904486,0.9919999999999999,1.0
hjdb/hjdb_You_Got_Me_Burnin_(A.A.S_Mix)/track.npy,hjdb,0.9824561403508771,1.0,0.9824561403508771,1.0,0.9640066991435194,0.9594556597393017,0.9911504424778761,1.0
jaah/jaah_002-thelonious_monk-bags_groove/track.npy,jaah,0.9952941176470588,0.9622641509433962,0.9952941176470588,0.9622641509433962,0.9702458886950532,0.9445144001024302,0.9976415094339623,0.9716981132075472
jaah/jaah_011-charlie_parker-blues_for_alice/track.npy,jaah,0.9866369710467706,1.0,0.9866369710467706,1.0,0.8949316775369868,0.8942004145320993,0.9899665551839465,0.9910714285714286
jaah/jaah_022-jelly_roll_mortons_red_hot_peppers-dead_man_blues/track.npy,jaah,0.9702702702702702,0.9565217391304348,0.9702702702702702,0.9565217391304348,0.9509031570108148,0.9445926565890045,0.987688098495212,0.9836065573770493
jaah/jaah_035-jimmie_lunceford_and_his_orchestra-for_dancers_only/track.npy,jaah,0.9871794871794872,0.4270833333333333,0.9871794871794872,0.4270833333333333,0.9668171702112508,0.5523603555906786,0.9935649935649936,0.5133689839572193
jaah/jaah_039-john_coltrane-giant_steps/track.npy,jaah,0.7167414050822123,0.49850746268656715,0.7167414050822123,0.49850746268656715,0.7500629921352202,0.4978818248394928,0.9636022514071294,0.6241830065359477
jaah/jaah_046-benny_goodman_and_his_orchestra-honeysuckle_rose/track.npy,jaah,0.9968701095461658,1.0,0.9968701095461658,1.0,0.9622302876417963,0.9686988611838522,0.9992169146436961,1.0
jaah/jaah_054-duke_ellington_his_orchestra-in_a_mellotone/track.npy,jaah,0.9975369458128078,0.8118811881188119,0.9975369458128078,0.8118811881188119,0.9660576586761641,0.8056719382737323,0.9987669543773119,0.8316831683168316
jaah/jaah_068-billie_holiday_teddy_wilson_and_his_orchestra-mean_to_me/track.npy,jaah,1.0,1.0,1.0,1.0,0.7523281813705357,0.7443949132329524,1.0,1.0
jaah/jaah_077-art_blakey_the_jazz_messengers-one_by_one/track.npy,jaah,0.9793689320388349,0.8284313725490197,0.9793689320388349,0.8284313725490197,0.9445402644063374,0.8017558679914939,0.9920683343502135,0.8333333333333334
jaah/jaah_085-the_george_shearing_quintet-september_in_the_rain/track.npy,jaah,0.3649122807017544,0.17525773195876287,0.3649122807017544,0.17525773195876287,0.5095448693381979,0.19783361424395363,0.7690700104493208,0.24175824175824176
jaah/jaah_088-bessie_smith_louis_armstrong-st_louis_blues/track.npy,jaah,0.41456582633053224,0.38181818181818183,0.41456582633053224,0.38181818181818183,0.46282030643492444,0.2399401345799963,0.5739750445632797,0.2830188679245283
jaah/jaah_090-louis_armstrong_ella_fitzgerald-stompin_at_the_savoy/track.npy,jaah,0.9735169491525424,0.961864406779661,0.9735169491525424,0.961864406779661,0.9575314048358246,0.9391146360158057,0.9877854487519916,0.9681528662420381
jaah/jaah_097-count_basie_octet-the_golden_bullet/track.npy,jaah,0.986,0.944,0.986,0.944,0.9671371094517334,0.9293105017323632,0.9899598393574297,0.9558232931726908
jaah/jaah_104-herbie_hancock-watermelon_man/track.npy,jaah,0.6376306620209059,0.4225352112676056,0.1646803900325027,0.2077922077922078,0.6432823209807478,0.5445601609954492,0.710754843019372,0.6219839142091151
rwc/rwc_classical_CD1_06/track.npy,rwc_classical,0.28187919463087246,0.1657142857142857,0.28187919463087246,0.1657142857142857,0.47760969874840015,0.3043802033269551,0.5597122302158274,0.34782608695652173
rwc/rwc_classical_CD3_01/track.npy,rwc_classical,0.5416666666666666,0.5891089108910891,0.5416666666666666,0.5891089108910891,0.7123105576657518,0.648505785415245,0.8326359832635983,0.7613941018766756
rwc/rwc_classical_CD4_08/track.npy,rwc_classical,0.37924151696606784,0.19047619047619047,0.37924151696606784,0.08982035928143713,0.6569413691046523,0.38702857426491843,0.7303506650544136,0.4210526315789474
rwc/rwc_classical_CD4_10/track.npy,rwc_classical,0.967391304347826,0.65,0.967391304347826,0.65,0.8801919986473294,0.7029369623332308,0.9835164835164836,0.8214285714285715
rwc/rwc_classical_CD5_04/track.npy,rwc_classical,0.717741935483871,0.45161290322580644,0.717741935483871,0.45161290322580644,0.7868426221197902,0.5838993706430515,0.875,0.6333333333333333
rwc/rwc_classical_CD5_05/track.npy,rwc_classical,0.050761421319796954,0.18181818181818182,0.050761421319796954,0.0,0.444399890295063,0.3050181976815825,0.49715370018975336,0.3333333333333333
rwc/rwc_classical_CD6_08/track.npy,rwc_classical,0.29365079365079366,0.16666666666666666,0.29365079365079366,0.16666666666666666,0.4472605632453398,0.2433833985769723,0.618531889290012,0.33749999999999997
rwc/rwc_jazz_CD1_08/track.npy,rwc_jazz,0.32842105263157895,0.3431372549019608,0.1368421052631579,0.3431372549019608,0.5191758379604362,0.377503946857046,0.5390279823269514,0.450261780104712
rwc/rwc_jazz_CD1_11/track.npy,rwc_jazz,0.9548872180451128,0.8894472361809045,0.9548872180451128,0.8894472361809045,0.8501519984286362,0.7934776061169468,0.9593908629441624,0.9035532994923858
rwc/rwc_jazz_CD1_12/track.npy,rwc_jazz,0.7768361581920904,0.5340909090909091,0.7768361581920904,0.5340909090909091,0.6674211502979944,0.4507510204709481,0.789865871833085,0.5534591194968552
rwc/rwc_jazz_CD3_02/track.npy,rwc_jazz,0.963963963963964,0.9814814814814815,0.963963963963964,0.9814814814814815,0.7938674578619558,0.8148120869397313,0.9427917620137299,0.9719626168224299
rwc/rwc_jazz_CD3_05/track.npy,rwc_jazz,0.9798270893371758,0.9826086956521739,0.9798270893371758,0.9826086956521739,0.748636497603486,0.7502097955418353,0.9221902017291066,0.9130434782608695
rwc/rwc_jazz_CD4_12/track.npy,rwc_jazz,0.981651376146789,1.0,0.981651376146789,1.0,0.8313813878284009,0.8208066938613905,0.9426605504587156,0.944954128440367
rwc/rwc_popular_CD1_01/track.npy,rwc_popular,0.9977678571428571,1.0,0.9977678571428571,1.0,0.9743108940910472,0.9755826962757611,0.9988826815642458,1.0
rwc/rwc_popular_CD1_15/track.npy,rwc_popular,0.9910979228486647,1.0,0.9910979228486647,1.0,0.9781037975775349,0.9803232816484436,0.9955290611028316,1.0
rwc/rwc_popular_CD2_02/track.npy,rwc_popular,0.4477848101265823,0.6090225563909775,0.4477848101265823,0.6090225563909775,0.7902698867466138,0.703779146059371,0.836697247706422,0.7449392712550607
rwc/rwc_popular_CD2_07/track.npy,rwc_popular,0.8461538461538461,0.7714285714285715,0.8461538461538461,0.7714285714285715,0.9265565411400506,0.8309768581344964,0.9577142857142857,0.8571428571428572
rwc/rwc_popular_CD2_08/track.npy,rwc_popular,1.0,1.0,1.0,1.0,0.9701762471657186,0.9716589567484746,1.0,1.0
rwc/rwc_popular_CD2_14/track.npy,rwc_popular,1.0,1.0,1.0,1.0,0.9815145255886113,0.9881229626706238,1.0,1.0
rwc/rwc_popular_CD3_10/track.npy,rwc_popular,0.7381370826010545,0.6370967741935484,0.7381370826010545,0.6370967741935484,0.9003889085353565,0.717137840746899,0.9294449670743179,0.7325102880658436
rwc/rwc_popular_CD4_10/track.npy,rwc_popular,1.0,1.0,1.0,1.0,0.941967557887578,0.945226626801128,1.0,1.0
rwc/rwc_popular_CD4_12/track.npy,rwc_popular,0.6022727272727273,0.6312056737588653,0.24822695035460993,0.6312056737588653,0.7605182321925974,0.8058326595851445,0.7685589519650655,0.8949416342412451
rwc/rwc_popular_CD4_14/track.npy,rwc_popular,0.9794238683127572,0.9672131147540983,0.9794238683127572,0.9672131147540983,0.9517829901972827,0.9337692108039998,0.9896907216494846,0.9917355371900827
rwc/rwc_popular_CD5_05/track.npy,rwc_popular,0.7196652719665272,0.5363128491620112,0.15772357723577235,0.23741007194244604,0.7958591230481498,0.7169266577444298,0.7227926078028747,0.6724890829694323
rwc/rwc_popular_CD5_15/track.npy,rwc_popular,0.910025706940874,0.9081632653061225,0.910025706940874,0.9081632653061225,0.9297501855899493,0.8706582822012071,0.9660574412532636,0.9081632653061225
rwc/rwc_popular_CD7_01/track.npy,rwc_popular,0.9932279909706546,0.8828828828828829,0.9932279909706546,0.8828828828828829,0.9710955782251316,0.8718391059518987,0.9966101694915254,0.8828828828828829
rwc/rwc_royalty-free_CD1_06/track.npy,rwc_royalty-free,0.9720930232558139,0.7037037037037037,0.9720930232558139,0.7037037037037037,0.9331132933677034,0.6803643551238987,0.988235294117647,0.7289719626168224
rwc/rwc_royalty-free_CD1_14/track.npy,rwc_royalty-free,1.0,1.0,0.0,0.0,0.6734944145951796,0.6884509501355278,0.6666666666666666,0.6717557251908397
simac/simac_Albedo_0.39_06-Alpha/track.npy,simac,0.6774193548387096,0.0,0.6774193548387096,0.0,0.756285813621215,0.0,0.8076923076923077,0.0
simac/simac_Alfagamabetizado_07-Bog_La_Bag/track.npy,simac,0.9333333333333333,0.0,0.9333333333333333,0.0,0.9061309924551146,0.0,0.9655172413793104,0.0
simac/simac_Amber_02-Montreal/track.npy,simac,0.6666666666666666,0.0,0.6666666666666666,0.0,0.8011273870604285,0.0,0.8695652173913044,0.0
simac/simac_Amber_10-Nil/track.npy,simac,0.7352941176470589,0.0,0.7352941176470589,0.0,0.8361497980806173,0.0,0.8474576271186441,0.0
simac/simac_As_time_goes_by_disk_3_05-This_cant_be_love/track.npy,simac,0.7647058823529411,0.0,0.0,0.0,0.6391914343022198,0.0,0.5555555555555556,0.0
simac/simac_Bach_The_Well-Tempered_Clavier_II_(Disc_1)_12-Prelude_and_Fugue_No._6_in_D_minor_BWV_875_-_2._Fuga/track.npy,simac,0.696969696969697,0.0,0.15625,0.0,0.7348935972943564,0.0,0.6938775510204082,0.0
simac/simac_Bach_The_Well-Tempered_Clavier_II_(Disc_1)_17-Prelude_and_Fugue_No._9_in_E_major_BWV_878_-_1._Praeludium/track.npy,simac,0.7714285714285715,0.0,0.7714285714285715,0.0,0.7364456709432093,0.0,0.8387096774193549,0.0
simac/simac_Bach_The_Well-Tempered_Clavier_II_(Disc_1)_19-Prelude_and_Fugue_No._10_in_E_minor_BWV_879_-_1._Praeludium/track.npy,simac,0.022222222222222223,0.0,0.0,0.0,0.3433196036223855,0.0,0.39999999999999997,0.0
simac/simac_Bach_The_Well-Tempered_Clavier_II_(Disc_1)_20-Prelude_and_Fugue_No._10_in_E_minor_BWV_879_-_2._Fuga/track.npy,simac,0.8181818181818182,0.0,0.8181818181818182,0.0,0.8845734597410793,0.0,0.9,0.0
simac/simac_Bach_The_Well-Tempered_Clavier_II_(Disc_1)_21-Prelude_and_Fugue_No._11_in_F_major_BWV_880_-_1._Praeludium/track.npy,simac,0.9310344827586207,0.0,0.9310344827586207,0.0,0.9137905190243331,0.0,0.9642857142857143,0.0
simac/simac_Bach_The_Well-Tempered_Clavier_II_(Disc_2)_07-Prelude_and_Fugue_No._16_G_minor_BWV_885_-_1._Praeludium/track.npy,simac,0.36,0.0,0.36,0.0,0.66638343509511,0.0,0.717948717948718,0.0
simac/simac_Bela_Bartok_06-The_Miraculous_Mandarin_6.1_Sempre_vivo_6.2_Adagio/track.npy,simac,0.05555555555555555,0.0,0.05555555555555555,0.0,0.007800039228269622,0.0,0.0,0.0
simac/simac_Bela_Bartok_09-Music_for_Strings_Percussion_and_Celesta_I_Andante_tranquillo/track.npy,simac,0.6944444444444444,0.0,0.6944444444444444,0.0,0.5054828662755522,0.0,0.6451612903225806,0.0
simac/simac_Bernstein_conducts_Stravinsky_12-Summoning_of_the_ancestors/track.npy,simac,0.4583333333333333,0.0,0.4583333333333333,0.0,0.5458810568879913,0.0,0.6818181818181818,0.0
simac/simac_Bernstein_conducts_Stravinsky_14-Sacrifical_dance-_the_chosen_victim/track.npy,simac,0.3142857142857143,0.0,0.3142857142857143,0.0,0.589125734332772,0.0,0.6567164179104478,0.0
simac/simac_Billie_Holiday_CD1_02-Carelessly/track.npy,simac,0.7941176470588235,0.0,0.7941176470588235,0.0,0.8519425305797863,0.0,0.8852459016393442,0.0
simac/simac_Billie_Holiday_CD1_06-Who_loves_you/track.npy,simac,0.6896551724137931,0.0,0.6896551724137931,0.0,0.764815470653903,0.0,0.8163265306122449,0.0
simac/simac_Cafe_Zimmermann_03-Concerto_pour_deux_violons_&_cordes_en_r_mineur_BWV_1043_-_Vivace/track.npy,simac,0.7142857142857143,0.0,0.7142857142857143,0.0,0.8049175569491573,0.0,0.8524590163934427,0.0
simac/simac_Cafe_Zimmermann_14-Concerto_pour_hautbois_&_violon_en_ut_mineur_BWV_1060_-_Adagio/track.npy,simac,0.625,0.0,0.625,0.0,0.7172344954926269,0.0,0.7692307692307693,0.0
simac/simac_Classic_Borodin_-_String_quartet_2_D_01/track.npy,simac,0.3939393939393939,0.0,0.3939393939393939,0.0,0.40629939482172356,0.0,0.5,0.0
simac/simac_Classic_Track_01/track.npy,simac,0.2727272727272727,0.0,0.2727272727272727,0.0,0.4001880454595479,0.0,0.5714285714285714,0.0
simac/simac_Concert_04-4._Bourre/track.npy,simac,0.7619047619047619,0.0,0.0,0.0,0.6757590373654918,0.0,0.6037735849056604,0.0
simac/simac_Concert_18-2._Allegro/track.npy,simac,0.8333333333333334,0.0,0.8333333333333334,0.0,0.8689885627818967,0.0,0.9090909090909091,0.0
simac/simac_DGG_419_047-2_09-Toccata_Adagio_u._Fuge_C-dur_BWV_564_-_III_Fuge/track.npy,simac,0.3488372093023256,0.0,0.3488372093023256,0.0,0.6136391843894115,0.0,0.676923076923077,0.0
simac/simac_Ella_&_Louis_02-We_Cant_Go_On_This_Way/track.npy,simac,0.6097560975609756,0.0,0.6097560975609756,0.0,0.6783111362700631,0.0,0.7575757575757575,0.0
simac/simac_Ella_&_Louis_03-A_Tisket-A_Tasket/track.npy,simac,0.65625,0.0,0.65625,0.0,0.6503393602783694,0.0,0.7547169811320755,0.0
simac/simac_Ella_&_Louis_04-Sing_Song_Swing/track.npy,simac,0.7037037037037037,0.0,0.7037037037037037,0.0,0.69527793611931,0.0,0.8260869565217391,0.0
simac/simac_Ella_&_Louis_14-Coochi_Coochi_Coo/track.npy,simac,0.5306122448979592,0.0,0.5306122448979592,0.0,0.6723584800732378,0.0,0.7272727272727273,0.0
simac/simac_Eres_luz_04-Como_tu_ninguna_(Rumba)/track.npy,simac,0.8,0.0,0.8,0.0,0.7809860630802702,0.0,0.8727272727272728,0.0
simac/simac_Fado_09-AudioTrack_09/track.npy,simac,0.5416666666666666,0.0,0.5416666666666666,0.0,0.6276540394979243,0.0,0.7027027027027027,0.0
simac/simac_Family_Tree_-_Greatest_Hits_As_Chosen_By_Bjork_09-Scatterheart/track.npy,simac,0.3877551020408163,0.0,0.358974358974359,0.0,0.7213918517791378,0.0,0.7812500000000001,0.0
simac/simac_Gold_-_Greatest_Hits_06-Super_Trouper/track.npy,simac,0.8787878787878788,0.0,0.8787878787878788,0.0,0.9033462216139222,0.0,0.9354838709677419,0.0
simac/simac_Gold_-_Greatest_Hits_07-I_Have_A_Dream/track.npy,simac,0.65,0.0,0.0,0.0,0.6412922220957396,0.0,0.5777777777777778,0.0
simac/simac_Gold_-_Greatest_Hits_14-Gimme_Gimme_Gimme_(A_Man_After_Midnight)/track.npy,simac,0.9090909090909091,0.0,0.9090909090909091,0.0,0.9121826591860738,0.0,0.9523809523809523,0.0
simac/simac_Gold_-_Greatest_Hits_16-One_Of_Us/track.npy,simac,0.8333333333333334,0.0,0.0,0.0,0.6959617666512994,0.0,0.6153846153846153,0.0
simac/simac_Kocani_Orkester_Kocani_Orkestar_-_Burkan_Cocek/track.npy,simac,0.7931034482758621,0.0,0.7931034482758621,0.0,0.6463942853066353,0.0,0.8461538461538461,0.0
simac/simac_Niandra_LaDes_and_Usually_Just_a_T-Shirt_06-Running_Away_Into_You/track.npy,simac,0.6222222222222222,0.0,0.0,0.0,0.5252080998204414,0.0,0.5,0.0
simac/simac_Niandra_LaDes_and_Usually_Just_a_T-Shirt_19-Usually_Just_a_T-Shirt_Untitled_7/track.npy,simac,0.95,0.0,0.0,0.0,0.717292852281277,0.0,0.6440677966101694,0.0
simac/simac_Papakonstantinou_15-AudioTrack_15/track.npy,simac,0.6111111111111112,0.0,0.0,0.0,0.5218940980986493,0.0,0.55,0.0
simac/simac_Primer_Aliento_05-Programa_en_espiral/track.npy,simac,0.92,0.0,0.0,0.0,0.6941794759944244,0.0,0.647887323943662,0.0
simac/simac_Primer_Aliento_06-La_persecucion/track.npy,simac,0.8846153846153846,0.0,0.8846153846153846,0.0,0.7819323074326442,0.0,0.8571428571428572,0.0
simac/simac_Primer_Aliento_08-El_ultimo_asalto_a_la_Bastilla/track.npy,simac,0.46511627906976744,0.0,0.2926829268292683,0.0,0.6985240426621955,0.0,0.6984126984126985,0.0
simac/simac_Samba_na_Madrugada_04-Sofreguidao/track.npy,simac,0.7333333333333333,0.0,0.7333333333333333,0.0,0.7963776626620077,0.0,0.846153846153846,0.0
simac/simac_Samba_na_Madrugada_06-Minha_Cofissao/track.npy,simac,0.6333333333333333,0.0,0.6333333333333333,0.0,0.5882625362874907,0.0,0.64,0.0
simac/simac_Samba_na_Madrugada_09-Depois_de_Tanto_Amor/track.npy,simac,0.0,0.0,0.0,0.0,0.0003160385579002975,0.0,0.0,0.0
simac/simac_Samba_na_Madrugada_10-Samba_Original/track.npy,simac,0.7575757575757576,0.0,0.7575757575757576,0.0,0.7607894971454143,0.0,0.8620689655172413,0.0
simac/simac_So_Cartola_03-Sala_de_Recepcao/track.npy,simac,0.64,0.0,0.0,0.0,0.49635797335965676,0.0,0.5714285714285714,0.0
simac/simac_Songs_Afrocuba_-_A_Luisa/track.npy,simac,0.125,0.0,0.125,0.0,0.15402427997674686,0.0,0.21333333333333335,0.0
simac/simac_Songs_Alejandro_(Alex_Benson)_-_Tengo_una_penita/track.npy,simac,1.0,0.0,1.0,0.0,0.9384354362107125,0.0,1.0,0.0
simac/simac_Songs_Alfredo_-_La_rumba_de_Alfredo/track.npy,simac,0.6842105263157895,0.0,0.6842105263157895,0.0,0.7760815126475553,0.0,0.8307692307692308,0.0
simac/simac_Songs_Caracas_Latin_Brothers_-_El_espectaculo/track.npy,simac,0.75,0.0,0.75,0.0,0.8125092556170913,0.0,0.8571428571428571,0.0
simac/simac_Tanto_Tempo_08-Lonely/track.npy,simac,0.7096774193548387,0.0,0.7096774193548387,0.0,0.6987529217916367,0.0,0.8301886792452831,0.0
simac/simac_The_Crackdown_09-Crackdown/track.npy,simac,0.90625,0.0,0.90625,0.0,0.9401414469801773,0.0,0.9508196721311475,0.0
simac/simac_Tomatito_Tomatito-02.La_voz_del_tiempo/track.npy,simac,0.575,0.0,0.575,0.0,0.6630927335128387,0.0,0.7692307692307693,0.0
simac/simac_VOL.3_Musiques_pour_guitare_et_violoncelle_04-4._Hommage_ade_Falla_(Allegro)/track.npy,simac,0.5172413793103449,0.0,0.5172413793103449,0.0,0.6814686745679311,0.0,0.7719298245614034,0.0
simac/simac_VOL.3_Musiques_pour_guitare_et_violoncelle_12-Cancion/track.npy,simac,0.0,0.0,0.0,0.0,0.3108725797606645,0.0,0.35294117647058826,0.0
simac/simac_Xatzidakis_22-AudioTrack_22/track.npy,simac,0.65,0.0,0.65,0.0,0.6314926784820521,0.0,0.7272727272727274,0.0
simac/simac_greek_Gkoles_-_Mou_fages_ta_daxtylidia/track.npy,simac,0.6285714285714286,0.0,0.6285714285714286,0.0,0.6710722503369551,0.0,0.7719298245614035,0.0
simac/simac_greek_Perdika(xwris_logia)/track.npy,simac,0.6176470588235294,0.0,0.0,0.0,0.45514355745809415,0.0,0.4444444444444445,0.0
simac/simac_more_greek_07_Psevdoixos/track.npy,simac,0.7714285714285715,0.0,0.7714285714285715,0.0,0.7771639008665934,0.0,0.870967741935484,0.0
simac/simac_more_greek_Dionysiou_-_Na_eixa_to_kouragio/track.npy,simac,0.29411764705882354,0.0,0.29411764705882354,0.0,0.25519696497633376,0.0,0.2456140350877193,0.0
simac/simac_more_greek_Gkoles_-_Mortissa_ki_alanis/track.npy,simac,0.6486486486486487,0.0,0.6486486486486487,0.0,0.6708231574223232,0.0,0.7868852459016393,0.0
simac/simac_more_greek_Gkoles_-_Peristeriwtissa/track.npy,simac,0.7083333333333334,0.0,0.7083333333333334,0.0,0.7492072022501197,0.0,0.8292682926829268,0.0
simac/simac_more_greek_Marinella_-_Pes_pws_m_antamwses/track.npy,simac,0.7777777777777778,0.0,0.7777777777777778,0.0,0.8230635211531994,0.0,0.8750000000000001,0.0
simac/simac_more_greek_Marinella_-_Stalia_stalia/track.npy,simac,0.6086956521739131,0.0,0.6086956521739131,0.0,0.7000739770792112,0.0,0.7567567567567568,0.0
simac/simac_more_greek_Mpellou_-_Anastenazw_kai_ponw/track.npy,simac,0.6521739130434783,0.0,0.6521739130434783,0.0,0.7237727142505135,0.0,0.7894736842105263,0.0
simac/simac_more_greek_Mpellou_-_Apopse_kaneis_mpam/track.npy,simac,1.0,0.0,1.0,0.0,0.8042298317041079,0.0,0.9375,0.0
simac/simac_more_greek_Mpellou_-_Kardia_paraponiara/track.npy,simac,0.6956521739130435,0.0,0.6956521739130435,0.0,0.7786546013813379,0.0,0.8205128205128205,0.0
simac/simac_more_greek_Mpellou_-_Prin_to_xarama_monaxos/track.npy,simac,0.64,0.0,0.64,0.0,0.6685641825484423,0.0,0.7317073170731707,0.0
simac/simac_more_greek_Mpi8ikwtsis_-_Drapetswna/track.npy,simac,0.7083333333333334,0.0,0.7083333333333334,0.0,0.6929938260066302,0.0,0.7317073170731708,0.0
simac/simac_more_greek_Mpi8ikwtsis_-_Eimai_aitos_xwris_ftera/track.npy,simac,0.7391304347826086,0.0,0.7391304347826086,0.0,0.7685123436383713,0.0,0.85,0.0
simac/simac_more_greek_Mpi8ikwtsis_-_Sta_xeria_sou_megalwsan/track.npy,simac,0.5172413793103449,0.0,0.5172413793103449,0.0,0.6301346809523409,0.0,0.6818181818181819,0.0
simac/simac_selected_ambient_works_8592_hedphelym/track.npy,simac,0.8055555555555556,0.0,0.8055555555555556,0.0,0.5565232024307496,0.0,0.8955223880597015,0.0
simac/simac_selected_ambient_works_8592_heliosphan/track.npy,simac,0.9142857142857143,0.0,0.9142857142857143,0.0,0.8897933570810818,0.0,0.955223880597015,0.0
smc/smc_008/track.npy,smc,0.13924050632911392,0.0,0.13924050632911392,0.0,0.3570392797520985,0.0,0.4929577464788733,0.0
smc/smc_010/track.npy,smc,0.8148148148148148,0.0,0.8148148148148148,0.0,0.6945683385586751,0.0,0.8282828282828282,0.0
smc/smc_014/track.npy,smc,0.5918367346938775,0.0,0.5918367346938775,0.0,0.6085365037569413,0.0,0.7446808510638298,0.0
smc/smc_015/track.npy,smc,0.31666666666666665,0.0,0.0,0.0,0.35443198999224945,0.0,0.37037037037037035,0.0
smc/smc_023/track.npy,smc,0.7317073170731707,0.0,0.10526315789473684,0.0,0.7079744232777478,0.0,0.6779661016949152,0.0
smc/smc_024/track.npy,smc,0.4533333333333333,0.0,0.4533333333333333,0.0,0.6990345320590113,0.0,0.7482014388489209,0.0
smc/smc_036/track.npy,smc,0.6056338028169014,0.0,0.17391304347826086,0.0,0.5668862350756734,0.0,0.6666666666666666,0.0
smc/smc_046/track.npy,smc,0.8048780487804879,0.0,0.8048780487804879,0.0,0.5387884218930685,0.0,0.6582278481012659,0.0
smc/smc_064/track.npy,smc,0.17757009345794392,0.0,0.0,0.0,0.12639413842537248,0.0,0.13636363636363635,0.0
smc/smc_079/track.npy,smc,0.696,0.0,0.696,0.0,0.8225536478508996,0.0,0.8927038626609441,0.0
smc/smc_080/track.npy,smc,0.16923076923076924,0.0,0.0,0.0,0.32177092441195143,0.0,0.38095238095238093,0.0
smc/smc_092/track.npy,smc,0.6379310344827587,0.0,0.0,0.0,0.5401757730126371,0.0,0.5303030303030303,0.0
smc/smc_119/track.npy,smc,0.2,0.0,0.2,0.0,0.28020114621064,0.0,0.3913043478260869,0.0
smc/smc_146/track.npy,smc,0.38461538461538464,0.0,0.38461538461538464,0.0,0.42631854200821007,0.0,0.5714285714285715,0.0
smc/smc_148/track.npy,smc,0.07894736842105263,0.0,0.06976744186046512,0.0,0.15292827633621986,0.0,0.17283950617283952,0.0
smc/smc_151/track.npy,smc,0.3116883116883117,0.0,0.3116883116883117,0.0,0.4919554492118922,0.0,0.624113475177305,0.0
smc/smc_153/track.npy,smc,0.37037037037037035,0.0,0.10909090909090909,0.0,0.36002857430486646,0.0,0.33027522935779813,0.0
smc/smc_159/track.npy,smc,0.5,0.0,0.0,0.0,0.4216737127936526,0.0,0.4230769230769231,0.0
smc/smc_182/track.npy,smc,0.8333333333333334,0.0,0.8333333333333334,0.0,0.6219722200113647,0.0,0.8089887640449439,0.0
smc/smc_192/track.npy,smc,0.09230769230769231,0.0,0.015384615384615385,0.0,0.11958393525867989,0.0,0.14457831325301207,0.0
smc/smc_193/track.npy,smc,0.5303030303030303,0.0,0.5303030303030303,0.0,0.5163903641395058,0.0,0.6972477064220183,0.0
smc/smc_195/track.npy,smc,0.16666666666666666,0.0,0.011111111111111112,0.0,0.18138119630143446,0.0,0.224,0.0
smc/smc_205/track.npy,smc,0.7872340425531915,0.0,0.7872340425531915,0.0,0.6987627723511683,0.0,0.8764044943820225,0.0
smc/smc_211/track.npy,smc,0.6326530612244898,0.0,0.6326530612244898,0.0,0.3648936096029777,0.0,0.5869565217391305,0.0
smc/smc_236/track.npy,smc,0.4897959183673469,0.0,0.4897959183673469,0.0,0.5160321479855995,0.0,0.6,0.0
smc/smc_257/track.npy,smc,0.21686746987951808,0.0,0.10843373493975904,0.0,0.37288835679543253,0.0,0.5033112582781457,0.0
smc/smc_272/track.npy,smc,0.5245901639344263,0.0,0.0,0.0,0.6199529887362984,0.0,0.6408839779005524,0.0
smc/smc_285/track.npy,smc,0.40404040404040403,0.0,0.0,0.0,0.5198111667279888,0.0,0.3431952662721894,0.0
tapcorrect/015_youtube_ltRgb4SJ1uk/track.npy,tapcorrect,0.9870875179340028,0.8628571428571429,0.9870875179340028,0.8628571428571429,0.9382664541955601,0.8896245834849124,0.9964106245513281,0.9321533923303835
tapcorrect/021_youtube_lzdGpNGH9BI/track.npy,tapcorrect,0.8426229508196721,0.8051948051948052,0.8426229508196721,0.8051948051948052,0.8726833312203365,0.8550788799896316,0.9090909090909091,0.888888888888889
tapcorrect/025_youtube_8jsFGdeWNPo/track.npy,tapcorrect,0.815625,0.24050632911392406,0.815625,0.24050632911392406,0.8410489063475154,0.5067624803592403,0.8802698145025296,0.472972972972973
tapcorrect/053_youtube_yuxchcK5Gek/track.npy,tapcorrect,0.9979550102249489,0.9590163934426229,0.9979550102249489,0.9590163934426229,0.9745049494871921,0.9358805823968088,0.9989764585465711,0.9672131147540983
tapcorrect/062_youtube_Yi3GJEEMX4s/track.npy,tapcorrect,0.9805194805194806,0.9427083333333334,0.9805194805194806,0.9427083333333334,0.9662326661768291,0.9390796659082495,0.9875898105813193,0.9556135770234986
tapcorrect/073_youtube_qZuH-5St80A/track.npy,tapcorrect,0.9065606361829026,0.7213114754098361,0.9065606361829026,0.7213114754098361,0.9198704874874155,0.7311756821275698,0.9509906152241919,0.751054852320675
tapcorrect/076_youtube_pjcOzqxu4JQ/track.npy,tapcorrect,0.9923954372623575,0.9848484848484849,0.9923954372623575,0.9848484848484849,0.9713391182717486,0.967392352783648,0.9961832061068702,0.9923664122137404
tapcorrect/084_youtube_zH9sXggRlxc/track.npy,tapcorrect,1.0,1.0,1.0,1.0,0.9571724050039457,0.9551515660775203,1.0,1.0
tapcorrect/088_youtube_D1ACUFvxAGQ/track.npy,tapcorrect,0.9095238095238095,0.6037735849056604,0.9095238095238095,0.6037735849056604,0.8503212518773478,0.7359530827233148,0.8973747016706444,0.7755102040816326
tapcorrect/089_youtube_Ghg70fI6HLI/track.npy,tapcorrect,0.9962264150943396,0.9850746268656716,0.9962264150943396,0.9850746268656716,0.9733541237514537,0.9725403699246707,0.998109640831758,0.9924812030075187
tapcorrect/094_youtube_FrGARptU-kQ/track.npy,tapcorrect,0.9706180344478217,0.5846774193548387,0.9706180344478217,0.5846774193548387,0.9547935240293548,0.6357294756145255,0.9795501022494887,0.6502057613168724
tapcorrect/101_youtube_O64IDCVI3eM/track.npy,tapcorrect,0.9628252788104089,0.8823529411764706,0.9628252788104089,0.8823529411764706,0.9032058711050204,0.8320527556515573,0.9608938547486033,0.874074074074074
