piece,dataset,AMLt_beat,AMLt_downbeat,CMLt_beat,CMLt_downbeat,Cemgil_beat,Cemgil_downbeat,F-measure_beat,F-measure_downbeat
asap/Bach_Fugue_bwv_862_Song04M/track.npy,asap,0.9420289855072463,0.2,0.9420289855072463,0.15,0.9478565694388704,0.22762645088671368,0.9705882352941176,0.1917808219178082
asap/Bach_Fugue_bwv_863_LeeN01M/track.npy,asap,0.9741935483870968,0.5789473684210527,0.9741935483870968,0.10256410256410256,0.9702369274177332,0.3172036234337551,0.9902912621359222,0.13157894736842105
asap/Bach_Fugue_bwv_863_Shychko01M/track.npy,asap,0.8076923076923077,0.33766233766233766,0.8076923076923077,0.1568627450980392,0.9249735679919818,0.5622448948616104,0.945945945945946,0.5555555555555556
asap/Bach_Fugue_bwv_863_TongB01M/track.npy,asap,0.9358974358974359,0.38636363636363635,0.9358974358974359,0.09090909090909091,0.9504069796616617,0.3980229282472081,0.9837133550488599,0.2891566265060241
asap/Bach_Fugue_bwv_868_GonzalezJ05M/track.npy,asap,0.7841726618705036,0.46875,0.7841726618705036,0.46875,0.9119612842517965,0.6664350140363976,0.9323308270676692,0.6774193548387096
asap/Bach_Fugue_bwv_873_Lisiecki13M/track.npy,asap,0.8582089552238806,0.6027397260273972,0.8582089552238806,0.6027397260273972,0.9309405663895662,0.7343083463704934,0.9593810444874274,0.757142857142857
asap/Bach_Fugue_bwv_888_ZhaoK01M/track.npy,asap,0.7169811320754716,0.19230769230769232,0.7169811320754716,0.19230769230769232,0.8340151244961787,0.284911085590599,0.8442211055276382,0.2857142857142857
asap/Bach_Prelude_bwv_867_HuNY01M/track.npy,asap,0.8854166666666666,0.37777777777777777,0.8854166666666666,0.08571428571428572,0.9191263886811051,0.46345491177688347,0.9574468085106383,0.48275862068965525
asap/Bach_Prelude_bwv_867_Sham01M/track.npy,asap,0.845360824742268,0.4,0.845360824742268,0.0,0.9225159180847043,0.35122090651134297,0.9523809523809524,0.2903225806451613
asap/Bach_Prelude_bwv_868_GonzalezJ05M/track.npy,asap,0.971830985915493,0.47058823529411764,0.971830985915493,0.4117647058823529,0.9730653177532941,0.5505502945933534,0.9929078014184397,0.47058823529411764
asap/Bach_Prelude_bwv_880_LeungR01M/track.npy,asap,0.9905660377358491,0.3,0.9905660377358491,0.3,0.9689205196213188,0.6161190622952533,0.9929078014184397,0.6446280991735537
asap/Bach_Prelude_bwv_880_WangA04M/track.npy,asap,0.863013698630137,0.4,0.863013698630137,0.4,0.9080729381909995,0.5391796724807421,0.9324009324009324,0.5522388059701493
asap/Bach_Prelude_bwv_891_BLINOV04M/track.npy,asap,0.834319526627219,0.4634146341463415,0.834319526627219,0.012345679012345678,0.9109343916110629,0.5455518875637502,0.9333333333333333,0.5210084033613445
asap/Bach_Prelude_bwv_891_Duepree06M/track.npy,asap,0.95,0.2653061224489796,0.95,0.2125,0.9636144777300967,0.6265856712235972,0.9811320754716981,0.6356589147286822
asap/Beethoven_Piano_Sonatas_17-1_KaszoS09M/track.npy,asap,0.6646616541353384,0.3140096618357488,0.05114083398898505,0.1792452830188679,0.6868866325558661,0.5056867550773124,0.6373966942148761,0.518095238095238
asap/Beethoven_Piano_Sonatas_17-1_no_repeat_GuoE02M/track.npy,asap,0.7123893805309734,0.22627737226277372,0.06201550387596899,0.15486725663716813,0.7017469158868039,0.4300713722052807,0.6276831976313841,0.45179063360881544
asap/Beethoven_Piano_Sonatas_17-1_no_repeat_KabuliL02M/track.npy,asap,0.5838264299802761,0.2962962962962963,0.13178294573643412,0.13274336283185842,0.7064830859641278,0.4502614608330672,0.6751773049645391,0.4487534626038781
asap/Beethoven_Piano_Sonatas_17-1_no_repeat_Richardson02M/track.npy,asap,0.6463157894736842,0.336283185840708,0.06097560975609756,0.10176991150442478,0.682278086150629,0.5014146665551914,0.6289034132171387,0.4776119402985074
asap/Beethoven_Piano_Sonatas_17-1_no_repeat_TuanS02M/track.npy,asap,0.7384615384615385,0.32786885245901637,0.044296788482835,0.07964601769911504,0.7040148847116479,0.4342430495107335,0.6229749631811488,0.42528735632183906
asap/Beethoven_Piano_Sonatas_17-1_no_repeat_WangH03M/track.npy,asap,0.7516629711751663,0.3939393939393939,0.050997782705099776,0.12389380530973451,0.7260092470898644,0.48429448892891513,0.6350851221317543,0.4748603351955307
asap/Beethoven_Piano_Sonatas_21-1_KaiRuiR02M/track.npy,asap,0.7872062663185379,0.37825059101654845,0.7872062663185379,0.37825059101654845,0.8986614470369866,0.6403580310827928,0.9229195088676672,0.6526054590570719
asap/Beethoven_Piano_Sonatas_21-1_Sekino05M/track.npy,asap,0.8283082077051926,0.2847571189279732,0.8283082077051926,0.1903409090909091,0.8860559405109002,0.552940368607898,0.9191962377084224,0.5714285714285715
asap/Beethoven_Piano_Sonatas_21-1_no_repeat_GonzalezJ06M/track.npy,asap,0.6571668063704945,0.47157190635451507,0.6571668063704945,0.47157190635451507,0.8253351979736812,0.6186395607812064,0.8595706618962433,0.6441281138790036
asap/Beethoven_Piano_Sonatas_21-1_no_repeat_KimSY02M/track.npy,asap,0.7585917854149203,0.2830820770519263,0.7585917854149203,0.20977011494252873,0.8614370998691193,0.5591114439805827,0.8986899563318779,0.5904173106646058
asap/Beethoven_Piano_Sonatas_21-1_no_repeat_LeeN02M/track.npy,asap,0.7443419949706622,0.5148809523809523,0.7443419949706622,0.5148809523809523,0.8601946088783676,0.7354934157039401,0.8933742869679685,0.768503937007874
asap/Beethoven_Piano_Sonatas_21-1_no_repeat_RichardsonC02M/track.npy,asap,0.7887678122380554,0.4507936507936508,0.7887678122380554,0.4507936507936508,0.8639668530596925,0.6122724957184164,0.8973252804141502,0.6319218241042346
asap/Beethoven_Piano_Sonatas_21-1_no_repeat_Shychko02M/track.npy,asap,0.7738693467336684,0.39028475711892796,0.7738693467336684,0.22469135802469137,0.884228589661545,0.6322730142238701,0.9148375768217735,0.6363636363636362
asap/Beethoven_Piano_Sonatas_21-1_no_repeat_Sladek02M/track.npy,asap,0.7200335289186923,0.40809968847352024,0.7200335289186923,0.40809968847352024,0.8525464088845593,0.6378616184664219,0.8844133099824869,0.6548387096774193
asap/Beethoven_Piano_Sonatas_21-1_no_repeat_Song03M/track.npy,asap,0.7196652719665272,0.4682274247491639,0.7196652719665272,0.4682274247491639,0.8699624270494777,0.6534757757468462,0.8951111111111111,0.676923076923077
asap/Beethoven_Piano_Sonatas_21-1_no_repeat_SunY02M/track.npy,asap,0.7701342281879194,0.28493150684931506,0.7701342281879194,0.28493150684931506,0.849824921815976,0.5537661714337778,0.8771929824561403,0.5731523378582202
asap/Beethoven_Piano_Sonatas_21-1_no_repeat_Tetzloff05M/track.npy,asap,0.7063758389261745,0.334384858044164,0.7063758389261745,0.334384858044164,0.8356700869128021,0.5761142443583857,0.8786279683377308,0.6016260162601627
asap/Beethoven_Piano_Sonatas_21-1_no_repeat_ToA02M/track.npy,asap,0.7342833193629505,0.2727272727272727,0.7342833193629505,0.2727272727272727,0.8564551357584422,0.5961913432909036,0.8788410886742757,0.6125000000000002
asap/Beethoven_Piano_Sonatas_21-1_no_repeat_TongB03M/track.npy,asap,0.8222967309304275,0.35459183673469385,0.8222967309304275,0.35459183673469385,0.8893328212547936,0.6213541939884681,0.9266609145815358,0.6512301013024602
asap/Beethoven_Piano_Sonatas_21-1_no_repeat_WangA02M/track.npy,asap,0.7248322147651006,0.31384615384615383,0.7248322147651006,0.31384615384615383,0.8368971031310964,0.5833221576629398,0.8664038545773106,0.6099518459069021
asap/Beethoven_Piano_Sonatas_21-1_no_repeat_YeZ02M/track.npy,asap,0.7529313232830821,0.3712374581939799,0.7529313232830821,0.3712374581939799,0.8798967292253289,0.6081196222419285,0.9102844638949672,0.6271777003484321
asap/Beethoven_Piano_Sonatas_21-1_no_repeat_ZhangW01M/track.npy,asap,0.779547359597653,0.37037037037037035,0.779547359597653,0.37037037037037035,0.8730317311994382,0.6468682844958757,0.9069254521393912,0.6676923076923076
asap/Beethoven_Piano_Sonatas_9-3_Tysman05M/track.npy,asap,0.5638506876227898,0.3176470588235294,0.1966019417475728,0.2275449101796407,0.742820425537289,0.5683648016209286,0.7196401799100449,0.5898305084745762
asap/Chopin_Ballades_3_Ko11M/track.npy,asap,0.6310272536687631,0.38493723849372385,0.6310272536687631,0.38493723849372385,0.7418004247728818,0.5717766023348735,0.7838125665601704,0.5952380952380951
asap/Chopin_Ballades_3_LinPeng06M/track.npy,asap,0.6624737945492662,0.2594142259414226,0.6624737945492662,0.2594142259414226,0.7418101750989723,0.48676141122817107,0.7831578947368422,0.5104166666666667
asap/Chopin_Etudes_op_10_1_ChenW03M/track.npy,asap,0.8272425249169435,0.3333333333333333,0.8272425249169435,0.3333333333333333,0.8490189891429104,0.49942874872115683,0.908485856905158,0.5271317829457364
asap/Chopin_Etudes_op_10_1_KaiRuiR03M/track.npy,asap,0.8831168831168831,0.47368421052631576,0.8831168831168831,0.47368421052631576,0.9034422287720544,0.5756811176508343,0.9458128078817735,0.6013986013986014
asap/Chopin_Etudes_op_10_1_LiYZ02M/track.npy,asap,0.9735099337748344,0.7066666666666667,0.9735099337748344,0.7066666666666667,0.9510333902518125,0.8478022275736092,0.9900332225913622,0.8714285714285714
asap/Chopin_Etudes_op_10_1_LuM02M/track.npy,asap,0.6454849498327759,0.33783783783783783,0.6454849498327759,0.33783783783783783,0.7443392224749219,0.45154264786557524,0.801358234295416,0.46153846153846156
asap/Chopin_Etudes_op_10_1_MunA07M/track.npy,asap,0.7833333333333333,0.41333333333333333,0.7833333333333333,0.41333333333333333,0.8604668681156659,0.5201660628827742,0.9405772495755518,0.5652173913043478
asap/Chopin_Etudes_op_10_1_SunY03M/track.npy,asap,0.88,0.7333333333333333,0.88,0.7333333333333333,0.8778216513331408,0.7270033686416921,0.9547738693467336,0.7919463087248321
asap/Chopin_Etudes_op_10_1_YeF03M/track.npy,asap,0.47,0.17333333333333334,0.47,0.17333333333333334,0.7002158480281755,0.35812460023240017,0.7893805309734514,0.38759689922480617
asap/Chopin_Etudes_op_10_1_YuP02M/track.npy,asap,0.9504950495049505,0.6578947368421053,0.9504950495049505,0.6578947368421053,0.9395124940144892,0.7366435861821933,0.9801324503311258,0.7671232876712328
asap/Haydn_Keyboard_Sonatas_39-3_Yarden07M/track.npy,asap,0.9438669438669439,0.7584745762711864,0.9438669438669439,0.7584745762711864,0.9410742159894655,0.8250435244943477,0.9800629590766002,0.8577680525164113
asap/Liszt_Annees_de_pelerinage_2_1_Gondoliera_LeungM08M/track.npy,asap,0.4110169491525424,0.2627118644067797,0.4110169491525424,0.2627118644067797,0.5536154844963346,0.43002436411799766,0.5945945945945946,0.46486486486486484
asap/Liszt_Annees_de_pelerinage_2_1_Gondoliera_LeungM12M/track.npy,asap,0.2607003891050584,0.15254237288135594,0.2607003891050584,0.15254237288135594,0.48733262440964414,0.3497520673495929,0.5233265720081135,0.358695652173913
asap/Rachmaninoff_Preludes_op_23_6_Nikiforov14M/track.npy,asap,0.36585365853658536,0.2608695652173913,0.36585365853658536,0.13043478260869565,0.5963296914541895,0.2855525064179161,0.6241610738255033,0.29885057471264365
asap/Schubert_Impromptu_op142_3_Richardson07M/track.npy,asap,0.6780072904009721,0.3722627737226277,0.12365591397849462,0.13059701492537312,0.6997811476743379,0.5262802339644647,0.685121107266436,0.5485232067510548
asap/Schubert_Impromptu_op142_3_RichardsonC06M/track.npy,asap,0.7104337631887456,0.2646370023419204,0.07604562737642585,0.23921568627450981,0.6570212078086872,0.5369603940126312,0.6595394736842105,0.579957356076759
asap/Schubert_Impromptu_op142_3_SunY08M/track.npy,asap,0.7604617604617605,0.3141592920353982,0.04817518248175182,0.3141592920353982,0.6425198267215585,0.5556687489211769,0.625968992248062,0.61
asap/Schubert_Impromptu_op142_3_WangH06M/track.npy,asap,0.7368421052631579,0.2693208430913349,0.08494208494208494,0.22745098039215686,0.6462324726368254,0.5275236960036729,0.6639004149377593,0.579957356076759
asap/Schubert_Impromptu_op142_3_YoungS06M/track.npy,asap,0.6760233918128655,0.3231850117096019,0.13421052631578947,0.17753623188405798,0.6921657849112808,0.5720350410775812,0.6936026936026936,0.6000000000000001
ballroom/ballroom_Albums-AnaBelen_Veneo-11/track.npy,ballroom,1.0,1.0,1.0,1.0,0.9746226337231263,0.9725759389951611,1.0,1.0
ballroom/ballroom_Albums-Ballroom_Classics4-07/track.npy,ballroom,0.9629629629629629,1.0,0.9629629629629629,1.0,0.9072229463504062,0.9115493233791019,0.9906542056074767,1.0
ballroom/ballroom_Albums-Ballroom_Classics4-09/track.npy,ballroom,0.9814814814814815,1.0,0.9814814814814815,1.0,0.9167474097159721,0.9374884049769943,0.9906542056074767,1.0
ballroom/ballroom_Albums-Cafe_Paradiso-02/track.npy,ballroom,0.9761904761904762,1.0,0.9761904761904762,1.0,0.9561995095064537,0.9694221036113287,0.9879518072289156,1.0
ballroom/ballroom_Albums-Chrisanne2-03/track.npy,ballroom,0.9142857142857143,1.0,0.9142857142857143,1.0,0.7136942656564667,0.7367558662424518,0.7941176470588236,0.8181818181818182
ballroom/ballroom_Albums-Chrisanne3-08/track.npy,ballroom,0.9866666666666667,0.76,0.9866666666666667,0.76,0.9363699298515296,0.71268816757437,0.9866666666666668,0.76
ballroom/ballroom_Albums-GloriaEstefan_MiTierra-08/track.npy,ballroom,0.972972972972973,1.0,0.972972972972973,1.0,0.8639250409621456,0.9457646958649144,0.9863013698630138,1.0
ballroom/ballroom_Albums-Latin_Jam-01/track.npy,ballroom,0.9807692307692307,1.0,0.9807692307692307,1.0,0.9747658414537467,0.9831537973011186,0.9902912621359222,1.0
ballroom/ballroom_Albums-Latin_Jam-05/track.npy,ballroom,1.0,1.0,1.0,1.0,0.9812037802516052,0.9860852415765522,1.0,1.0
ballroom/ballroom_Albums-Latin_Jam-07/track.npy,ballroom,1.0,1.0,1.0,1.0,0.9839066947637828,0.9908619015241354,1.0,1.0
ballroom/ballroom_Albums-Latin_Jam2-11/track.npy,ballroom,0.9863013698630136,1.0,0.9863013698630136,1.0,0.9610558031086843,0.9501649378595106,0.993103448275862,1.0
ballroom/ballroom_Albums-Latin_Jam4-13/track.npy,ballroom,1.0,1.0,1.0,1.0,0.9321595620447125,0.9809727866794696,0.9534883720930233,1.0
ballroom/ballroom_Albums-Latin_Jam5-06/track.npy,ballroom,0.9761904761904762,1.0,0.9761904761904762,1.0,0.935976344104003,0.9711850974998871,0.9879518072289156,1.0
ballroom/ballroom_Albums-Latin_Jam5-07/track.npy,ballroom,1.0,1.0,1.0,1.0,0.9727799161142086,0.9644733980694237,1.0,1.0
ballroom/ballroom_Albums-Latin_Jam5-09/track.npy,ballroom,1.0,1.0,1.0,1.0,0.9704523962879951,0.9698049529302413,1.0,1.0
ballroom/ballroom_Albums-Latino_Latino-05/track.npy,ballroom,1.0,1.0,1.0,1.0,0.9624344680320197,0.961280551227146,1.0,1.0
ballroom/ballroom_Albums-Macumba-04/track.npy,ballroom,1.0,1.0,1.0,1.0,0.9720161059465469,0.9835756578711311,1.0,1.0
ballroom/ballroom_Albums-Macumba-07/track.npy,ballroom,1.0,1.0,1.0,1.0,0.9823381117723823,0.9855616253499319,1.0,1.0
ballroom/ballroom_Albums-Macumba-11/track.npy,ballroom,0.9761904761904762,1.0,0.9761904761904762,1.0,0.9522728586827109,0.962682860839902,0.9879518072289156,1.0
ballroom/ballroom_Albums-Mambo_Kings-03/track.npy,ballroom,1.0,1.0,1.0,1.0,0.9736910991872375,0.9650781146645091,1.0,1.0
ballroom/ballroom_Albums-Mambo_Kings-11/track.npy,ballroom,1.0,1.0,1.0,1.0,0.9773005078390443,0.9686037822330883,1.0,1.0
ballroom/ballroom_Albums-Pais_Tropical-07/track.npy,ballroom,0.9807692307692307,1.0,0.9807692307692307,1.0,0.9729918296410232,0.9837669990568703,0.9902912621359222,1.0
ballroom/ballroom_Albums-Pais_Tropical-08/track.npy,ballroom,0.9811320754716981,0.6428571428571429,0.9811320754716981,0.6428571428571429,0.9639242273328713,0.7148790460223986,0.9904761904761905,0.7407407407407408
ballroom/ballroom_Albums-Pais_Tropical-10/track.npy,ballroom,1.0,1.0,1.0,1.0,0.9463880582210089,0.9856635904218501,1.0,1.0
ballroom/ballroom_Albums-Step_By_Step-04/track.npy,ballroom,1.0,1.0,1.0,1.0,0.9176449829587007,0.9671499352227327,1.0,1.0
ballroom/ballroom_Albums-Step_By_Step-09/track.npy,ballroom,0.9868421052631579,0.72,0.9868421052631579,0.72,0.9623356092942374,0.6953903747535394,0.9933774834437086,0.72
ballroom/ballroom_Albums-Step_By_Step-11/track.npy,ballroom,1.0,1.0,1.0,1.0,0.9770535744752289,0.9734951453976752,1.0,1.0
ballroom/ballroom_Albums-Step_By_Step-16/track.npy,ballroom,0.9759036144578314,1.0,0.9759036144578314,1.0,0.7514902672989197,0.759051978284077,1.0,1.0
ballroom/ballroom_Albums-StrictlyDancing_Tango-05/track.npy,ballroom,1.0,1.0,0.0,0.0,0.7163012996596563,0.7885940550556674,0.6027397260273972,0.6666666666666666
ballroom/ballroom_Albums-StrictlyDancing_Tango-10/track.npy,ballroom,1.0,1.0,1.0,1.0,0.9420066988530655,0.9680378226079775,1.0,1.0
ballroom/ballroom_Media-100603/track.npy,ballroom,1.0,1.0,1.0,1.0,0.9126851910527327,0.9456579299220897,1.0,1.0
ballroom/ballroom_Media-100604/track.npy,ballroom,1.0,1.0,1.0,1.0,0.8687979459234172,0.8343454450240846,1.0,1.0
ballroom/ballroom_Media-100605/track.npy,ballroom,0.49056603773584906,0.38461538461538464,0.35185185185185186,0.38461538461538464,0.5032078806826807,0.303379609370256,0.3962264150943396,0.3076923076923077
ballroom/ballroom_Media-103303/track.npy,ballroom,0.972972972972973,0.6153846153846154,0.972972972972973,0.6153846153846154,0.8905164293037477,0.5843802875879097,0.9863013698630138,0.64
ballroom/ballroom_Media-103315/track.npy,ballroom,0.9868421052631579,1.0,0.9868421052631579,1.0,0.9086540611757784,0.8997459452494119,1.0,1.0
ballroom/ballroom_Media-103408/track.npy,ballroom,1.0,1.0,1.0,1.0,0.9807623364628701,0.9888443638896405,1.0,1.0
ballroom/ballroom_Media-103504/track.npy,ballroom,0.4727272727272727,0.3,0.4727272727272727,0.3,0.719686373165376,0.45322978626136196,0.845360824742268,0.5263157894736842
ballroom/ballroom_Media-103509/track.npy,ballroom,1.0,1.0,1.0,1.0,0.9822846706298336,0.972331173381587,1.0,1.0
ballroom/ballroom_Media-103511/track.npy,ballroom,1.0,1.0,1.0,1.0,0.9463237830625717,0.9569063640668773,1.0,1.0
ballroom/ballroom_Media-103515/track.npy,ballroom,1.0,1.0,1.0,1.0,0.9774640718524693,0.9776356444399525,1.0,1.0
ballroom/ballroom_Media-103605/track.npy,ballroom,1.0,1.0,1.0,1.0,0.9781400762242867,0.9777767679951299,1.0,1.0
ballroom/ballroom_Media-103611/track.npy,ballroom,0.9857142857142858,1.0,0.9857142857142858,1.0,0.9553550441924847,0.9807960872731243,0.9928057553956835,1.0
ballroom/ballroom_Media-103618/track.npy,ballroom,1.0,1.0,1.0,1.0,0.9888166108088295,0.9910281220002403,1.0,1.0
ballroom/ballroom_Media-103815/track.npy,ballroom,0.9743589743589743,0.6,0.9743589743589743,0.6,0.9299856378595371,0.5914962445803768,0.9743589743589743,0.6
ballroom/ballroom_Media-103902/track.npy,ballroom,1.0,0.9,1.0,0.0,0.9672785233510179,0.4508620442134622,1.0,0.0
ballroom/ballroom_Media-103905/track.npy,ballroom,0.30952380952380953,0.4,0.30952380952380953,0.0,0.375527286155475,0.22999320736044845,0.5,0.26666666666666666
ballroom/ballroom_Media-103910/track.npy,ballroom,1.0,1.0,1.0,1.0,0.9641757822296578,0.9653162588188298,1.0,1.0
ballroom/ballroom_Media-104007/track.npy,ballroom,1.0,1.0,1.0,1.0,0.9784808118420107,0.9601809969241415,1.0,1.0
ballroom/ballroom_Media-104010/track.npy,ballroom,1.0,1.0,1.0,1.0,0.9709152285483507,0.960524409861914,1.0,1.0
ballroom/ballroom_Media-104203/track.npy,ballroom,1.0,1.0,1.0,1.0,0.9363586075322468,0.9539812235385217,1.0,1.0
ballroom/ballroom_Media-104210/track.npy,ballroom,0.974025974025974,0.9615384615384616,0.974025974025974,0.9615384615384616,0.9376990814827966,0.9450406936536966,0.9868421052631579,0.9803921568627451
ballroom/ballroom_Media-104307/track.npy,ballroom,0.9868421052631579,1.0,0.9868421052631579,1.0,0.9593160433183497,0.9720556654568978,0.9933774834437086,1.0
ballroom/ballroom_Media-104417/track.npy,ballroom,0.9886363636363636,0.9545454545454546,0.9886363636363636,0.9545454545454546,0.9296388617159776,0.9230593467735833,0.9942857142857142,0.9767441860465117
ballroom/ballroom_Media-104502/track.npy,ballroom,1.0,1.0,1.0,1.0,0.7651369553771116,0.733855603401243,0.9722222222222222,0.9166666666666666
ballroom/ballroom_Media-104516/track.npy,ballroom,0.9431818181818182,1.0,0.9431818181818182,1.0,0.8974068219383592,0.9443055923349299,0.9942857142857142,1.0
ballroom/ballroom_Media-104706/track.npy,ballroom,0.9814814814814815,0.9285714285714286,0.9814814814814815,0.9285714285714286,0.9014622761018538,0.9053837592575145,0.9719626168224299,0.962962962962963
ballroom/ballroom_Media-104707/track.npy,ballroom,0.9814814814814815,0.9285714285714286,0.9814814814814815,0.9285714285714286,0.9462242920457166,0.9143496481355436,0.9906542056074767,0.962962962962963
ballroom/ballroom_Media-104711/track.npy,ballroom,0.9452054794520548,0.96,0.9452054794520548,0.96,0.8113037024734425,0.7941368542087476,0.9793103448275863,0.9387755102040817
ballroom/ballroom_Media-104806/track.npy,ballroom,1.0,1.0,1.0,1.0,0.9229472029669253,0.9422955263935423,1.0,1.0
ballroom/ballroom_Media-104904/track.npy,ballroom,0.9142857142857143,0.9166666666666666,0.9142857142857143,0.9166666666666666,0.7940526903839332,0.7817818261326512,0.9142857142857143,0.9565217391304348
ballroom/ballroom_Media-104905/track.npy,ballroom,1.0,1.0,1.0,1.0,0.8556597928581046,0.9134110656746981,1.0,1.0
ballroom/ballroom_Media-105019/track.npy,ballroom,0.9647058823529412,0.9523809523809523,0.9647058823529412,0.9523809523809523,0.9094816301523748,0.9292151329795079,0.9761904761904762,0.975609756097561
ballroom/ballroom_Media-105119/track.npy,ballroom,0.9883720930232558,1.0,0.9883720930232558,1.0,0.9335144587286744,0.9297359784779528,0.9941520467836257,1.0
ballroom/ballroom_Media-105122/track.npy,ballroom,0.9659090909090909,0.9545454545454546,0.9659090909090909,0.9545454545454546,0.9098821298077645,0.898531840372491,0.9942857142857142,0.9767441860465117
ballroom/ballroom_Media-105211/track.npy,ballroom,0.875,0.6,0.875,0.6,0.642195945233962,0.46423115695911293,0.8888888888888888,0.6
ballroom/ballroom_Media-105215/track.npy,ballroom,1.0,1.0,1.0,1.0,0.9523292639538788,0.9682666428693744,1.0,1.0
ballroom/ballroom_Media-105401/track.npy,ballroom,0.9761904761904762,1.0,0.9761904761904762,1.0,0.9651837360156966,0.9743101009349384,0.9879518072289156,1.0
ballroom/ballroom_Media-105404/track.npy,ballroom,0.9523809523809523,1.0,0.9523809523809523,1.0,0.8942119691689153,0.8747330150891742,0.9285714285714286,0.9090909090909091
ballroom/ballroom_Media-105407/track.npy,ballroom,0.9629629629629629,0.6428571428571429,0.9629629629629629,0.6428571428571429,0.9569443844861619,0.640459859839753,0.9811320754716981,0.6666666666666666
ballroom/ballroom_Media-105414/track.npy,ballroom,0.9863013698630136,1.0,0.9863013698630136,1.0,0.9547525007961465,0.9553924751625585,0.993103448275862,1.0
ballroom/ballroom_Media-105419/track.npy,ballroom,0.8928571428571429,1.0,0.8928571428571429,1.0,0.8997584484324982,0.9844693769696261,0.9433962264150945,1.0
ballroom/ballroom_Media-105503/track.npy,ballroom,1.0,1.0,1.0,1.0,0.9094270577942514,0.9545981655638771,0.972972972972973,1.0
ballroom/ballroom_Media-105507/track.npy,ballroom,0.9814814814814815,1.0,0.9814814814814815,1.0,0.970850768377972,0.9680559295419819,0.9906542056074767,1.0
ballroom/ballroom_Media-105508/track.npy,ballroom,0.9814814814814815,1.0,0.9814814814814815,1.0,0.8809553545057116,0.9142872523949971,0.9906542056074767,1.0
ballroom/ballroom_Media-105516/track.npy,ballroom,0.9882352941176471,1.0,0.9882352941176471,1.0,0.9538017193785702,0.9480021998015301,0.9940828402366864,1.0
ballroom/ballroom_Media-105614/track.npy,ballroom,0.9772727272727273,1.0,0.9772727272727273,1.0,0.9683539602889858,0.9813592614898781,0.9885057471264368,1.0
ballroom/ballroom_Media-105704/track.npy,ballroom,0.9714285714285714,1.0,0.9714285714285714,1.0,0.9331951045095436,0.9571229198045657,0.9855072463768115,1.0
ballroom/ballroom_Media-105806/track.npy,ballroom,0.9814814814814815,0.9285714285714286,0.9814814814814815,0.9285714285714286,0.9726278648386103,0.9455470013693974,0.9906542056074767,0.962962962962963
ballroom/ballroom_Media-105811/track.npy,ballroom,1.0,1.0,1.0,1.0,0.9734832447024625,0.9719966102285277,1.0,1.0
ballroom/ballroom_Media-105817/track.npy,ballroom,0.9882352941176471,1.0,0.9882352941176471,1.0,0.9696303261595732,0.9790238322945333,0.9940828402366864,1.0
ballroom/ballroom_Media-105819/track.npy,ballroom,0.9882352941176471,0.9545454545454546,0.9882352941176471,0.9545454545454546,0.9720671220103215,0.9512260644516091,0.9940828402366864,0.9767441860465117
ballroom/ballroom_Media-106011/track.npy,ballroom,0.9523809523809523,0.9090909090909091,0.9523809523809523,0.9090909090909091,0.9270916893699456,0.9118440347431923,0.975609756097561,0.9523809523809523
ballroom/ballroom_Media-106015/track.npy,ballroom,0.9722222222222222,0.9444444444444444,0.9722222222222222,0.9444444444444444,0.928373392027424,0.9306864507759504,0.9859154929577464,0.9714285714285714
ballroom/ballroom_Media-106017/track.npy,ballroom,0.972972972972973,0.9473684210526315,0.972972972972973,0.9473684210526315,0.975726014983947,0.9566591349430051,0.9863013698630138,0.972972972972973
ballroom/ballroom_Media-106101/track.npy,ballroom,0.9629629629629629,0.9285714285714286,0.9629629629629629,0.9285714285714286,0.9637125150864513,0.940966391129293,0.9811320754716981,0.962962962962963
ballroom/ballroom_Media-106112/track.npy,ballroom,0.9767441860465116,1.0,0.9767441860465116,1.0,0.8947708281893372,0.8769200175495929,0.988235294117647,1.0
beatles/beatles_01_Please_Please_Me_11_Do_You_Want_To_Know_A_Secret/track.npy,beatles,0.9585253456221198,0.9629629629629629,0.9585253456221198,0.9629629629629629,0.8949238572448004,0.8949068643868294,0.9743589743589743,0.9719626168224299
beatles/beatles_01_Please_Please_Me_14_Twist_And_Shout/track.npy,beatles,1.0,1.0,1.0,1.0,0.9342437345246487,0.9322374093910138,1.0,1.0
beatles/beatles_02_With_the_Beatles_07_Please_Mister_Postman/track.npy,beatles,0.9866666666666667,0.9866666666666667,0.9866666666666667,0.9866666666666667,0.9626310644119486,0.9639181713223243,0.9932885906040269,0.9932885906040269
beatles/beatles_02_With_the_Beatles_10_You_Really_Got_A_Hold_On_Me/track.npy,beatles,0.9497716894977168,0.8333333333333334,0.9497716894977168,0.8333333333333334,0.8846714906036576,0.8249767292836614,0.9541284403669725,0.9043478260869566
beatles/beatles_03_A_Hard_Days_Night_01_A_Hard_Days_Night/track.npy,beatles,0.9758308157099698,0.9759036144578314,0.9758308157099698,0.9759036144578314,0.9589341872715211,0.9602863061321042,0.9893129770992367,0.9878048780487805
beatles/beatles_04_Beatles_for_Sale_11_Every_Little_Thing/track.npy,beatles,0.9957446808510638,1.0,0.9957446808510638,1.0,0.670400673141515,0.674703635416903,0.9978678038379531,1.0
beatles/beatles_04_Beatles_for_Sale_14_Everybodys_Trying_to_Be_My_Baby/track.npy,beatles,0.9435897435897436,0.8125,0.015665796344647518,0.0,0.4805564061189441,0.4376611139463499,0.6539792387543253,0.5874125874125874
beatles/beatles_05_Help_11_Tell_Me_What_You_See/track.npy,beatles,0.9850746268656716,0.9166666666666666,0.9850746268656716,0.9166666666666666,0.899159122997643,0.8265375817009221,0.9880239520958084,0.9221556886227544
beatles/beatles_05_Help_13_Yesterday/track.npy,beatles,0.994535519125683,1.0,0.994535519125683,1.0,0.7378927463520314,0.7220505257660395,0.9808219178082191,0.9782608695652174
beatles/beatles_06_Rubber_Soul_12_Wait/track.npy,beatles,0.9767441860465116,0.984375,0.9767441860465116,0.984375,0.9099954751465447,0.9082919514614319,0.9823874755381605,0.9921259842519685
beatles/beatles_07_Revolver_07_She_Said_She_Said/track.npy,beatles,0.9391634980988594,0.5142857142857142,0.9391634980988594,0.5142857142857142,0.8690542492260167,0.5985471211932939,0.9447619047619048,0.65625
beatles/beatles_07_Revolver_12_I_Want_To_Tell_You/track.npy,beatles,1.0,1.0,1.0,1.0,0.9576211426860095,0.9659476606484574,1.0,1.0
beatles/beatles_08_Sgt_Peppers_Lonely_Hearts_Club_Band_02_With_A_Little_Help_From_My_Friends/track.npy,beatles,0.9965277777777778,1.0,0.9965277777777778,1.0,0.9246355915032728,0.9279918973829607,0.9982608695652174,1.0
beatles/beatles_08_Sgt_Peppers_Lonely_Hearts_Club_Band_12_Sgt_Peppers_Lonely_Hearts_Club_Band_(Reprise)/track.npy,beatles,0.993103448275862,1.0,0.993103448275862,1.0,0.853477920676447,0.8599747942791117,0.9965397923875432,1.0
beatles/beatles_09_Magical_Mystery_Tour_10_Baby_Youre_A_Rich_Man/track.npy,beatles,0.989247311827957,0.9428571428571428,0.989247311827957,0.9428571428571428,0.8539959449154584,0.8172788472952695,0.9946140035906642,0.9571428571428572
beatles/beatles_10_CD1_The_Beatles_03_Glass_Onion/track.npy,beatles,0.983402489626556,0.8032786885245902,0.983402489626556,0.8032786885245902,0.9169557911539524,0.7709694207199255,0.9854469854469855,0.8099173553719008
beatles/beatles_10_CD1_The_Beatles_09_Martha_My_Dear/track.npy,beatles,0.9952380952380953,0.5769230769230769,0.9952380952380953,0.0,0.9420919053835113,0.5620261029389046,0.9976133651551313,0.5806451612903225
beatles/beatles_10_CD1_The_Beatles_15_Why_Dont_We_Do_It_In_The_Road/track.npy,beatles,0.9931506849315068,0.918918918918919,0.9931506849315068,0.918918918918919,0.8970659348293812,0.866432106623264,0.9965635738831615,0.9459459459459459
beatles/beatles_10_CD2_The_Beatles_11_Cry_Baby_Cry/track.npy,beatles,0.9422222222222222,0.6379310344827587,0.9422222222222222,0.6379310344827587,0.8429491628630118,0.5839155737659616,0.9543378995433789,0.6956521739130435
beatles/beatles_11_Abbey_Road_14_Golden_Slumbers/track.npy,beatles,0.9830508474576272,0.5806451612903226,0.9830508474576272,0.5806451612903226,0.8972636776226477,0.6230636820651614,0.9743589743589743,0.6779661016949152
beatles/beatles_11_Abbey_Road_16_The_End/track.npy,beatles,0.7630522088353414,0.7419354838709677,0.7630522088353414,0.7419354838709677,0.8789390637713883,0.8191231506972634,0.9137931034482759,0.8620689655172414
beatles/beatles_12_Let_It_Be_04_I_Me_Mine/track.npy,beatles,0.23756906077348067,0.16666666666666666,0.23756906077348067,0.16666666666666666,0.5874954350136241,0.4517889063076182,0.6344086021505376,0.4774193548387097
beatles/beatles_12_Let_It_Be_10_The_Long_and_Winding_Road/track.npy,beatles,0.9598214285714286,0.8928571428571429,0.9598214285714286,0.8928571428571429,0.8976852095852514,0.8298802467743829,0.9684684684684685,0.9009009009009009
candombe/csic.1995_ansina1_04/track.npy,candombe,0.9984251968503937,0.9811320754716981,0.9984251968503937,0.9811320754716981,0.9775776371478572,0.9702469021497568,0.9992119779353822,0.9874213836477987
candombe/csic.1995_ansina2_03/track.npy,candombe,0.9983552631578947,0.9738562091503268,0.9983552631578947,0.9738562091503268,0.9847349709989425,0.9696092837986983,0.9991769547325102,0.9836065573770492
candombe/proyecto.1992_lobo_01/track.npy,candombe,0.9976303317535545,1.0,0.9976303317535545,1.0,0.9113711297201265,0.9111232095236553,0.9988137603795968,1.0
candombe/zavala.muniz.2014_44/track.npy,candombe,1.0,1.0,1.0,1.0,0.942000099383042,0.9406721676455038,1.0,1.0
candombe/zavala.muniz.2014_49/track.npy,candombe,1.0,1.0,1.0,1.0,0.9776243393763094,0.9832810484893304,1.0,1.0
filosax/filosax_25/track.npy,filosax,0.9921073401736386,0.9116719242902208,0.9921073401736386,0.9116719242902208,0.9507467075224075,0.8782059577359572,0.9976303317535545,0.9257503949447077
filosax/filosax_27/track.npy,filosax,0.9891213389121339,0.8996655518394648,0.9891213389121339,0.8996655518394648,0.9483750421641813,0.8631177673156182,0.9974853310980721,0.9142857142857143
filosax/filosax_28/track.npy,filosax,0.9907407407407407,0.8994708994708994,0.9907407407407407,0.8994708994708994,0.9324941625632851,0.8907862868904362,0.9940436796823295,0.9510869565217392
filosax/filosax_38/track.npy,filosax,0.9980430528375733,0.9609375,0.9980430528375733,0.9609375,0.9638131629555754,0.9227420946416438,0.9995105237395986,0.96484375
filosax/filosax_41/track.npy,filosax,0.9939117199391172,0.9575757575757575,0.9939117199391172,0.9575757575757575,0.9295777373504212,0.8936363509538213,0.9923780487804879,0.9604863221884499
filosax/filosax_44/track.npy,filosax,0.9800460475825019,0.9355828220858896,0.9800460475825019,0.9355828220858896,0.9406636194715412,0.8907646602381695,0.9899302865995352,0.9504643962848297
groove_midi/drummer10_session1_3_jazz-swing_215_beat_4-4/track.npy,groove_midi,0.5329341317365269,0.2727272727272727,0.5329341317365269,0.0,0.8047695234921978,0.2339195635990901,0.8648648648648649,0.21874999999999997
groove_midi/drummer10_session1_5_jazz-swing_215_beat_4-4/track.npy,groove_midi,0.9672131147540983,0.4782608695652174,0.9672131147540983,0.4782608695652174,0.8854753590409701,0.6027465192066424,0.9862258953168044,0.6835443037974683
groove_midi/drummer1_eval_session_1_funk-groove1_138_beat_4-4/track.npy,groove_midi,0.9811320754716981,0.9285714285714286,0.9811320754716981,0.9285714285714286,0.966536027210925,0.9444762070587773,0.9904761904761905,0.962962962962963
groove_midi/drummer1_session1_183_afrocuban_105_beat_4-4/track.npy,groove_midi,0.9868421052631579,0.7192982456140351,0.9868421052631579,0.7192982456140351,0.9621627282825838,0.7325446890009901,0.9912280701754386,0.7610619469026548
groove_midi/drummer1_session1_38_latin-samba_116_beat_4-4/track.npy,groove_midi,0.9902912621359223,0.9615384615384616,0.9902912621359223,0.9615384615384616,0.8212488279423956,0.8085435908795328,0.9951219512195122,0.9803921568627451
groove_midi/drummer1_session1_5_jazz-funk_116_beat_4-4/track.npy,groove_midi,0.9893992932862191,0.7857142857142857,0.9893992932862191,0.7857142857142857,0.8726274628874818,0.8042984799503738,0.9946902654867257,0.9104477611940298
groove_midi/drummer1_session1_79_latin-reggaeton_90_beat_4-4/track.npy,groove_midi,0.976,0.875,0.976,0.875,0.9203944546901973,0.8621048213678069,0.9919354838709677,0.9206349206349206
groove_midi/drummer1_session2_181_rock_115_beat_4-4/track.npy,groove_midi,0.712,0.6451612903225806,0.712,0.6451612903225806,0.8000131561850186,0.6839723179688796,0.8354430379746836,0.7118644067796611
groove_midi/drummer1_session2_4_jazz_120_beat_3-4/track.npy,groove_midi,1.0,0.0,1.0,0.0,0.9338758907542867,0.31509352610961266,1.0,0.27586206896551724
groove_midi/drummer1_session3_11_afrobeat_94_beat_4-4/track.npy,groove_midi,0.35150375939849626,0.4594594594594595,0.35150375939849626,0.4594594594594595,0.5920249786423069,0.5006062231540211,0.5797413793103449,0.5333333333333333
groove_midi/drummer1_session3_12_latin-bomba_96_beat_4-4/track.npy,groove_midi,0.9685714285714285,0.8505747126436781,0.9685714285714285,0.8505747126436781,0.918666965242796,0.8387335906163466,0.982808022922636,0.8953488372093024
groove_midi/drummer1_session3_14_rock_94_beat_4-4/track.npy,groove_midi,0.9800995024875622,0.8585858585858586,0.9800995024875622,0.8585858585858586,0.9544223726017224,0.859359280854807,0.9899749373433584,0.8923076923076922
groove_midi/drummer1_session3_17_afrocuban-calypso_108_beat_4-4/track.npy,groove_midi,0.8946188340807175,0.7757009345794392,0.8946188340807175,0.7757009345794392,0.8542798698842552,0.7773939636229416,0.9464082098061573,0.8640776699029127
groove_midi/drummer3_session1_12_rock_120_beat_4-4/track.npy,groove_midi,0.9636363636363636,0.42857142857142855,0.9636363636363636,0.42857142857142855,0.8935473064845285,0.4520764699015653,0.9818181818181818,0.5
groove_midi/drummer3_session1_16_jazz_120_beat_4-4/track.npy,groove_midi,0.918918918918919,0.5833333333333334,0.04285714285714286,0.23529411764705882,0.7938440601320883,0.7677912154543196,0.691588785046729,0.7586206896551724
groove_midi/drummer3_session1_5_rock_105_beat_4-4/track.npy,groove_midi,0.9259259259259259,1.0,0.9259259259259259,1.0,0.6743031160152702,0.7453501413361048,0.9615384615384615,1.0
groove_midi/drummer3_session2_20_rock_92_beat_4-4/track.npy,groove_midi,1.0,1.0,1.0,1.0,0.809192831981452,0.8389626692736082,1.0,1.0
groove_midi/drummer3_session2_24_rock_92_beat_4-4/track.npy,groove_midi,1.0,1.0,1.0,1.0,0.8579928532766399,0.8537884656261396,1.0,1.0
groove_midi/drummer3_session2_2_rock_100_beat_4-4/track.npy,groove_midi,0.0,0.8333333333333334,0.0,0.0,0.0046896099499335545,3.448680460213909e-05,0.0,0.0
groove_midi/drummer5_eval_session_9_soul-groove9_105_beat_4-4/track.npy,groove_midi,1.0,1.0,1.0,1.0,0.927994862031883,0.9081967167854162,1.0,1.0
groove_midi/drummer5_session1_16_rock_136_beat_4-4/track.npy,groove_midi,0.9655172413793104,0.875,0.9655172413793104,0.875,0.9039208416371514,0.8300442591484835,0.9834586466165414,0.8982035928143712
groove_midi/drummer5_session1_17_blues-shuffle_72_beat_4-4/track.npy,groove_midi,0.09233176838810642,0.3630573248407643,0.09233176838810642,0.16964285714285715,0.5429681429874037,0.4553757415225701,0.5794979079497908,0.4502617801047121
groove_midi/drummer5_session1_20_latin-brazilian-baiao_110_beat_4-4/track.npy,groove_midi,0.8771498771498771,0.8333333333333334,0.8771498771498771,0.8333333333333334,0.8473411699108057,0.7395049471896944,0.894088669950739,0.7881773399014778
groove_midi/drummer5_session1_5_latin-brazilian-samba_89_beat_4-4/track.npy,groove_midi,0.9924242424242424,0.9595959595959596,0.9924242424242424,0.9595959595959596,0.943683277438747,0.9241435249529804,0.9974683544303797,0.9696969696969697
groove_midi/drummer5_session2_10_neworleans-funk_102_beat_4-4/track.npy,groove_midi,0.9873015873015873,0.9743589743589743,0.9873015873015873,0.9743589743589743,0.9609063278319084,0.9636752334084848,0.9952153110047847,0.9935483870967742
groove_midi/drummer5_session2_15_latin-venezuelan-joropo_80_beat_4-4/track.npy,groove_midi,0.047619047619047616,0.13513513513513514,0.047619047619047616,0.025,0.4716286982860691,0.2986711568549383,0.4685714285714285,0.3116883116883117
groove_midi/drummer7_eval_session_2_funk-groove2_105_beat_4-4/track.npy,groove_midi,0.9649122807017544,0.5714285714285714,0.9649122807017544,0.5714285714285714,0.9201950603235148,0.5432055394425321,0.9821428571428572,0.5925925925925927
groove_midi/drummer7_eval_session_5_funk-groove5_84_beat_4-4/track.npy,groove_midi,0.9827586206896551,1.0,0.9827586206896551,1.0,0.84999808459559,0.8476848397219516,0.9913043478260869,1.0
groove_midi/drummer7_eval_session_7_pop-groove7_138_beat_4-4/track.npy,groove_midi,1.0,1.0,1.0,1.0,0.9632676167318663,0.973367269455015,1.0,1.0
groove_midi/drummer7_session2_103_pop_132_beat_4-4/track.npy,groove_midi,0.968421052631579,0.9583333333333334,0.968421052631579,0.9583333333333334,0.9344542625781498,0.9147291073038898,0.983957219251337,0.9787234042553191
groove_midi/drummer7_session2_15_rock_118_beat_4-4/track.npy,groove_midi,0.9906976744186047,0.8703703703703703,0.9906976744186047,0.8703703703703703,0.9535403717134441,0.8537691399927596,0.9976689976689977,0.8888888888888888
groove_midi/drummer7_session3_10_rock_60_beat_4-4/track.npy,groove_midi,0.9895833333333334,0.9583333333333334,0.9895833333333334,0.9583333333333334,0.9412094631497969,0.9184866618507709,0.9947643979057591,0.9787234042553191
groove_midi/drummer7_session3_130_soul_105_beat_4-4/track.npy,groove_midi,1.0,1.0,1.0,1.0,0.6924408476198981,0.6873809858804828,1.0,1.0
groove_midi/drummer7_session3_150_soul_105_beat_4-4/track.npy,groove_midi,1.0,1.0,1.0,1.0,0.8576807494484304,0.8722473083106005,1.0,1.0
groove_midi/drummer7_session3_151_soul_98_beat_4-4/track.npy,groove_midi,1.0,1.0,1.0,1.0,0.9606522381533169,0.9619632478524395,1.0,1.0
groove_midi/drummer7_session3_64_funk_112_beat_4-4/track.npy,groove_midi,0.9642857142857143,0.6666666666666666,0.9642857142857143,0.6666666666666666,0.8155321245132489,0.6525057999848968,0.9818181818181818,0.7857142857142856
groove_midi/drummer8_eval_session_1_funk-groove1_138_beat_4-4/track.npy,groove_midi,1.0,1.0,1.0,1.0,0.9375482246822233,0.9475596169042996,1.0,1.0
groove_midi/drummer8_session1_16_afrobeat_90_beat_4-4/track.npy,groove_midi,0.9929078014184397,0.9583333333333334,0.9929078014184397,0.9583333333333334,0.8608031900623383,0.8266005248745417,0.9964412811387899,0.9859154929577464
groove_midi/drummer8_session1_1_funk_95_beat_4-4/track.npy,groove_midi,0.9975550122249389,0.9902912621359223,0.9975550122249389,0.9902912621359223,0.9531929883120991,0.9454129636823889,0.9987760097919216,0.9951219512195122
groove_midi/drummer8_session1_28_rock_102_beat_4-4/track.npy,groove_midi,0.9937888198757764,0.9,0.9937888198757764,0.9,0.9593870058649673,0.8860700606179879,0.9953343701399688,0.925
groove_midi/drummer9_session1_22_rock_120_beat_4-4/track.npy,groove_midi,1.0,1.0,1.0,1.0,0.9609143791007506,0.9646666524592842,1.0,1.0
groove_midi/drummer9_session1_3_rock_100_beat_4-4/track.npy,groove_midi,1.0,1.0,1.0,1.0,0.896881898623227,0.8903023878208149,1.0,1.0
guitarset/00_Jazz2-187-F#_comp_mix/track.npy,guitarset,1.0,1.0,1.0,1.0,0.9461900768969418,0.9451965508844729,1.0,1.0
guitarset/00_Jazz3-137-Eb_comp_mix/track.npy,guitarset,1.0,1.0,1.0,1.0,0.8488056248160019,0.835091896871526,1.0,1.0
guitarset/00_Rock1-90-C#_comp_mix/track.npy,guitarset,0.8604651162790697,0.8181818181818182,0.8604651162790697,0.8181818181818182,0.7829118630341086,0.740095733450399,0.9156626506024096,0.8571428571428572
guitarset/00_SS1-100-C#_comp_mix/track.npy,guitarset,0.9487179487179487,0.6666666666666666,0.9487179487179487,0.6666666666666666,0.950959516115663,0.6451786343838766,0.9870129870129869,0.6666666666666666
guitarset/01_Jazz1-130-D_comp_mix/track.npy,guitarset,1.0,1.0,1.0,1.0,0.9058147351694751,0.8991993308147538,1.0,1.0
guitarset/01_Jazz2-187-F#_comp_mix/track.npy,guitarset,1.0,1.0,1.0,1.0,0.9631693299574314,0.979328745267916,1.0,1.0
guitarset/01_Rock2-85-F_comp_mix/track.npy,guitarset,0.9824561403508771,0.9333333333333333,0.9824561403508771,0.9333333333333333,0.8771149976913052,0.8309014778324311,0.9911504424778761,0.9655172413793104
guitarset/01_SS2-107-Ab_comp_mix/track.npy,guitarset,0.7049180327868853,0.5384615384615384,0.7049180327868853,0.5384615384615384,0.8032438916112865,0.5980983375219444,0.8275862068965518,0.6153846153846154
guitarset/02_Funk2-108-Eb_comp_mix/track.npy,guitarset,0.9636363636363636,1.0,0.9636363636363636,1.0,0.9280020081669328,0.9451802206096949,0.9814814814814815,1.0
guitarset/02_Funk2-119-G_comp_mix/track.npy,guitarset,1.0,1.0,1.0,1.0,0.975227945179027,0.9747079367630479,1.0,1.0
guitarset/02_Rock1-130-A_comp_mix/track.npy,guitarset,1.0,1.0,1.0,1.0,0.904425531305559,0.925403418546579,1.0,1.0
guitarset/03_BN2-166-Ab_comp_mix/track.npy,guitarset,1.0,1.0,1.0,1.0,0.9674398366204432,0.9636331048219944,1.0,1.0
guitarset/03_Funk1-114-Ab_comp_mix/track.npy,guitarset,0.75,0.45454545454545453,0.75,0.45454545454545453,0.8999992767553302,0.47709357193765883,0.9268292682926829,0.5
guitarset/03_Funk1-97-C_comp_mix/track.npy,guitarset,1.0,1.0,1.0,1.0,0.9738795601397019,0.9812145570368668,1.0,1.0
guitarset/03_Rock3-148-C_comp_mix/track.npy,guitarset,1.0,1.0,1.0,1.0,0.9713727101347638,0.9784308036431911,1.0,1.0
guitarset/03_SS3-84-Bb_comp_mix/track.npy,guitarset,0.9473684210526315,0.7142857142857143,0.9473684210526315,0.7142857142857143,0.8231773187162976,0.571808281244186,0.9734513274336283,0.7142857142857143
guitarset/04_BN1-129-Eb_comp_mix/track.npy,guitarset,1.0,1.0,1.0,1.0,0.8939664047305147,0.8802951012156235,1.0,1.0
guitarset/04_BN3-154-E_comp_mix/track.npy,guitarset,1.0,1.0,1.0,1.0,0.9594103897816033,0.9688728530263743,1.0,1.0
guitarset/04_Rock3-117-Bb_comp_mix/track.npy,guitarset,1.0,1.0,1.0,1.0,0.95829743645165,0.9687403208227785,1.0,1.0
guitarset/04_Rock3-148-C_comp_mix/track.npy,guitarset,1.0,1.0,1.0,1.0,0.967248954108968,0.9597037162306443,1.0,1.0
guitarset/04_SS1-68-E_comp_mix/track.npy,guitarset,0.8444444444444444,0.36363636363636365,0.8444444444444444,0.36363636363636365,0.8247507084030555,0.3359794399678501,0.9425287356321839,0.380952380952381
guitarset/05_BN2-166-Ab_comp_mix/track.npy,guitarset,1.0,1.0,1.0,1.0,0.9546111993489201,0.9271037451790357,1.0,1.0
guitarset/05_Funk2-119-G_comp_mix/track.npy,guitarset,0.8148148148148148,0.8461538461538461,0.8148148148148148,0.8461538461538461,0.7841565155739013,0.7979743971208693,0.8653846153846153,0.8799999999999999
hainsworth/hainsworth_018/track.npy,hainsworth,1.0,1.0,1.0,1.0,0.9767946716023207,0.976194497976506,1.0,1.0
hainsworth/hainsworth_021/track.npy,hainsworth,1.0,1.0,1.0,1.0,0.9525263245654975,0.9704908713494093,1.0,1.0
hainsworth/hainsworth_037/track.npy,hainsworth,0.9861111111111112,0.8611111111111112,0.9861111111111112,0.8611111111111112,0.9140983382359167,0.8341659594242299,0.9965156794425087,0.8888888888888888
hainsworth/hainsworth_040/track.npy,hainsworth,1.0,1.0,1.0,1.0,0.9870584456808866,0.9871614539458562,1.0,1.0
hainsworth/hainsworth_049/track.npy,hainsworth,1.0,1.0,1.0,1.0,0.9729881027872413,0.9789763618658225,1.0,1.0
hainsworth/hainsworth_052/track.npy,hainsworth,1.0,1.0,1.0,1.0,0.9803171461506195,0.9841688366603388,1.0,1.0
hainsworth/hainsworth_061/track.npy,hainsworth,0.8842105263157894,0.8333333333333334,0.8842105263157894,0.8333333333333334,0.8990777932525145,0.8632032233147817,0.9304812834224598,0.8936170212765957
hainsworth/hainsworth_063/track.npy,hainsworth,1.0,1.0,1.0,0.0,0.9221241796493578,0.7719950668234538,1.0,0.6779661016949152
hainsworth/hainsworth_064/track.npy,hainsworth,1.0,1.0,1.0,1.0,0.9750966432159278,0.9791504778140373,1.0,1.0
hainsworth/hainsworth_076/track.npy,hainsworth,0.9859154929577465,0.3888888888888889,0.9859154929577465,0.16666666666666666,0.9398255563928916,0.3122289424913512,0.9929078014184397,0.17142857142857143
hainsworth/hainsworth_096/track.npy,hainsworth,1.0,1.0,1.0,1.0,0.9607900904097012,0.9632477104215093,1.0,1.0
hainsworth/hainsworth_100/track.npy,hainsworth,1.0,1.0,1.0,1.0,0.9671413791033946,0.9821023366974045,1.0,1.0
hainsworth/hainsworth_106/track.npy,hainsworth,1.0,1.0,1.0,1.0,0.9146300712405072,0.922177812560875,1.0,1.0
hainsworth/hainsworth_107/track.npy,hainsworth,0.5181818181818182,0.45454545454545453,0.5181818181818182,0.10638297872340426,0.6725753659005655,0.46469610021997004,0.7219512195121951,0.4266666666666666
hainsworth/hainsworth_121/track.npy,hainsworth,0.7714285714285715,0.11764705882352941,0.7714285714285715,0.0,0.7014922393062835,0.19557469374850048,0.9076923076923077,0.13793103448275862
hainsworth/hainsworth_122/track.npy,hainsworth,0.5555555555555556,0.08333333333333333,0.5555555555555556,0.07692307692307693,0.2896183774493552,0.0862687889942278,0.4893617021276596,0.08
hainsworth/hainsworth_138/track.npy,hainsworth,0.75,0.3333333333333333,0.75,0.3333333333333333,0.8550067830803262,0.42419724858954677,0.896551724137931,0.4313725490196078
hainsworth/hainsworth_143/track.npy,hainsworth,0.9803921568627451,1.0,0.9803921568627451,1.0,0.9490480196406309,0.9601467648689402,0.99009900990099,1.0
hainsworth/hainsworth_158/track.npy,hainsworth,1.0,0.9583333333333334,1.0,0.0,0.9691157143475118,0.4675735997986418,1.0,0.0
hainsworth/hainsworth_167/track.npy,hainsworth,0.5421686746987951,0.5,0.2923076923076923,0.5,0.8036905006977861,0.7147356653207065,0.7850467289719627,0.7368421052631577
hainsworth/hainsworth_179/track.npy,hainsworth,1.0,1.0,1.0,1.0,0.9837429488538768,0.9884191496949383,1.0,1.0
hainsworth/hainsworth_183/track.npy,hainsworth,1.0,1.0,1.0,1.0,0.9769670495207806,0.9845377917528629,1.0,1.0
hainsworth/hainsworth_187/track.npy,hainsworth,1.0,1.0,1.0,1.0,0.9602664073942093,0.9502425216948979,1.0,1.0
hainsworth/hainsworth_196/track.npy,hainsworth,0.9910714285714286,0.0,0.9910714285714286,0.0,0.9157360411355157,0.18938072376698742,0.9955156950672646,0.10256410256410256
hainsworth/hainsworth_206/track.npy,hainsworth,0.9107142857142857,0.7857142857142857,0.036036036036036036,0.0,0.7891442991053861,0.6855165683671965,0.6586826347305389,0.5714285714285714
hainsworth/hainsworth_223/track.npy,hainsworth,1.0,1.0,1.0,1.0,0.9675745677348737,0.9723772562530184,1.0,1.0
hainsworth/hainsworth_236/track.npy,hainsworth,1.0,1.0,1.0,0.0,0.9859249517255261,0.49037412102504874,1.0,0.0
hainsworth/hainsworth_240/track.npy,hainsworth,0.6119402985074627,0.07142857142857142,0.22522522522522523,0.0,0.7730623228756793,0.21678170937031663,0.752808988764045,0.16666666666666666
harmonix/0030_bodymovin/track.npy,harmonix,1.0,1.0,1.0,1.0,0.8974232496835911,0.8960757998004826,1.0,1.0
harmonix/0040_bustamove/track.npy,harmonix,0.9940828402366864,0.9763779527559056,0.9940828402366864,0.9763779527559056,0.9002955690989854,0.8873621939859174,0.9960474308300395,0.9881422924901185
harmonix/0049_closer/track.npy,harmonix,1.0,1.0,1.0,1.0,0.9467172073102704,0.9523970987082941,1.0,1.0
harmonix/0055_constantmotion/track.npy,harmonix,0.508641975308642,0.3400673400673401,0.508641975308642,0.3400673400673401,0.7729715053192113,0.6085522451528854,0.8442776735459662,0.6666666666666666
harmonix/0073_disturbia/track.npy,harmonix,0.9957894736842106,0.9915966386554622,0.9957894736842106,0.9915966386554622,0.9796395887825876,0.9760843545225854,0.9978902953586498,0.9957805907172996
harmonix/0077_dontsweat/track.npy,harmonix,0.9959514170040485,0.9180327868852459,0.9959514170040485,0.9180327868852459,0.948019173295357,0.903096866955081,0.9979716024340771,0.9344262295081968
harmonix/0080_down/track.npy,harmonix,1.0,1.0,1.0,1.0,0.9076397537959326,0.92488606633411,1.0,1.0
harmonix/0081_downonme/track.npy,harmonix,1.0,1.0,1.0,1.0,0.9451834793658009,0.9506954560243912,1.0,1.0
harmonix/0084_dropitlikeitshot/track.npy,harmonix,0.9957627118644068,1.0,0.9957627118644068,1.0,0.9627902304518474,0.9721748298556656,0.9978768577494692,1.0
harmonix/0086_escapade/track.npy,harmonix,0.9887850467289719,0.835820895522388,0.9887850467289719,0.835820895522388,0.9518617407175028,0.8600003814090509,0.9953227315247895,0.9042145593869733
harmonix/0091_fellonblackdays/track.npy,harmonix,0.9470198675496688,0.425531914893617,0.9470198675496688,0.425531914893617,0.8790108790839137,0.5445038293408767,0.9609810479375697,0.6077348066298343
harmonix/0102_gangstaluv/track.npy,harmonix,1.0,0.47474747474747475,1.0,0.47474747474747475,0.9420326028021555,0.5589152394007486,1.0,0.5076142131979695
harmonix/0126_heymami/track.npy,harmonix,1.0,1.0,1.0,1.0,0.9594020927296522,0.9645989841381756,1.0,1.0
harmonix/0129_hotinherre/track.npy,harmonix,0.9723320158102767,0.90625,0.9723320158102767,0.90625,0.9505134294355452,0.9236788283718906,0.9782178217821782,0.9448818897637795
harmonix/0158_letitrock/track.npy,harmonix,0.9964912280701754,0.971830985915493,0.9964912280701754,0.971830985915493,0.8935291898190304,0.8650145067854028,0.9982425307557118,0.9859154929577465
harmonix/0159_letthemusicplay/track.npy,harmonix,0.9875,0.86,0.9875,0.86,0.9191310741647859,0.8228611469443066,0.9962358845671266,0.8844221105527638
harmonix/0161_limelight/track.npy,harmonix,0.9761029411764706,0.4722222222222222,0.9761029411764706,0.4722222222222222,0.8787255638183122,0.5985680369013294,0.9860724233983288,0.6642599277978338
harmonix/0164_low/track.npy,harmonix,0.9939759036144579,1.0,0.9939759036144579,1.0,0.9241566048927855,0.9413298796044144,0.9984917043740573,1.0
harmonix/0191_newslang/track.npy,harmonix,0.9978947368421053,0.6230769230769231,0.9978947368421053,0.6230769230769231,0.9450326223682638,0.708498041150769,0.9978947368421053,0.75
harmonix/0207_oopsohmy/track.npy,harmonix,0.5623409669211196,0.7176470588235294,0.0,0.03896103896103896,0.5086555138620094,0.4631882058304516,0.5044404973357017,0.43333333333333335
harmonix/0240_sandstorm/track.npy,harmonix,1.0,0.7428571428571429,1.0,0.7428571428571429,0.924337856323734,0.7052005455115355,1.0,0.7571428571428571
harmonix/0250_sexyandiknowit/track.npy,harmonix,0.9969604863221885,0.6829268292682927,0.9969604863221885,0.6829268292682927,0.9360143773654654,0.654175492095051,0.9984779299847794,0.6951219512195121
harmonix/0254_sixsixsix/track.npy,harmonix,0.875,0.4807692307692308,0.875,0.4807692307692308,0.693088105116762,0.42203796757209866,0.9249806651198762,0.5599999999999999
harmonix/0258_sorry/track.npy,harmonix,0.9633447880870561,0.7361963190184049,0.9633447880870561,0.14432989690721648,0.8822932672402914,0.6759117324709885,0.9739432541980312,0.6696035242290749
harmonix/0261_starships/track.npy,harmonix,1.0,1.0,1.0,1.0,0.9570358732168557,0.9531905901557324,1.0,1.0
harmonix/0265_straightlines/track.npy,harmonix,0.9980506822612085,0.7054263565891473,0.9980506822612085,0.7054263565891473,0.974692030208027,0.7500069913377513,0.9990243902439024,0.7729083665338645
harmonix/0274_temperature/track.npy,harmonix,1.0,0.7714285714285715,1.0,0.7714285714285715,0.9170455912405068,0.7232648846231419,1.0,0.7857142857142857
harmonix/0283_thehumptydance/track.npy,harmonix,0.9925093632958801,1.0,0.9925093632958801,1.0,0.9193579003829476,0.9241191384763306,0.99812382739212,1.0
harmonix/0287_therewasatime/track.npy,harmonix,0.9679595278246206,0.9328859060402684,0.9679595278246206,0.9328859060402684,0.840105107004762,0.7989633066006245,0.9796264855687606,0.9455782312925171
harmonix/0303_wakeupdead/track.npy,harmonix,0.8345864661654135,0.582089552238806,0.8345864661654135,0.582089552238806,0.8207070286700088,0.6064720546157109,0.8541666666666666,0.6403162055335969
harmonix/0315_whygo/track.npy,harmonix,0.9699453551912568,0.9891304347826086,0.9699453551912568,0.9891304347826086,0.9111734192318831,0.9335643763439175,0.9767441860465116,0.9836065573770493
harmonix/0341_baggageclaim/track.npy,harmonix,0.9961240310077519,0.9846153846153847,0.9961240310077519,0.9846153846153847,0.9455128164840493,0.918711290919166,0.9980582524271845,0.9922480620155039
harmonix/0343_banjo/track.npy,harmonix,0.989159891598916,0.9239130434782609,0.989159891598916,0.9239130434782609,0.8975273159636121,0.8515411615337853,0.9945504087193461,0.9456521739130435
harmonix/0347_bitch/track.npy,harmonix,0.9770408163265306,0.9591836734693877,0.9770408163265306,0.9591836734693877,0.9275696801705303,0.9251083045952698,0.9883870967741936,0.9793814432989691
harmonix/0356_californiagurls/track.npy,harmonix,1.0,1.0,1.0,1.0,0.9693376611725081,0.9626898460917218,1.0,1.0
harmonix/0357_cheers/track.npy,harmonix,0.9903536977491961,0.9615384615384616,0.9903536977491961,0.9615384615384616,0.9565581220285373,0.9383256336166437,0.9951690821256038,0.9743589743589743
harmonix/0362_crazygirl/track.npy,harmonix,0.8593406593406593,0.8311688311688312,0.8593406593406593,0.8311688311688312,0.9082039521822308,0.869495630962089,0.9354473386183466,0.9006622516556292
harmonix/0365_dirtroadanthem/track.npy,harmonix,0.7362204724409449,0.7017543859649122,0.7362204724409449,0.7017543859649122,0.872575735838327,0.7411727538468923,0.9147609147609147,0.7747747747747747
harmonix/0374_drunkonyou/track.npy,harmonix,0.912,0.9344262295081968,0.912,0.9344262295081968,0.9242726727996902,0.928606550055264,0.9539748953974896,0.9661016949152543
harmonix/0379_et/track.npy,harmonix,0.6230088495575221,0.574468085106383,0.23160173160173161,0.23478260869565218,0.7409829057713415,0.7135682616600029,0.7597315436241611,0.7311827956989247
harmonix/0383_feelsoclose/track.npy,harmonix,0.9928909952606635,0.9428571428571428,0.9928909952606635,0.9428571428571428,0.9286658076462025,0.8791170365642136,0.9964328180737217,0.9523809523809523
harmonix/0389_gettinoveryou/track.npy,harmonix,0.9897435897435898,0.845360824742268,0.9897435897435898,0.845360824742268,0.9757391256465098,0.8467184155727364,0.9948453608247423,0.8659793814432989
harmonix/0406_honeybee/track.npy,harmonix,1.0,1.0,1.0,1.0,0.9295653714988432,0.9287604746594278,1.0,1.0
harmonix/0412_ifitmakesyouhappy/track.npy,harmonix,0.9880382775119617,0.9904761904761905,0.9880382775119617,0.9904761904761905,0.920227460461551,0.9239652536967048,0.9939831528279182,0.9952153110047847
harmonix/0413_ifyoucouldonlysee/track.npy,harmonix,0.9924433249370277,0.9795918367346939,0.9924433249370277,0.9795918367346939,0.8920499802121861,0.8780961133532615,0.9962073324905183,0.9897959183673469
harmonix/0418_inthedark/track.npy,harmonix,0.9759825327510917,0.8695652173913043,0.9759825327510917,0.8695652173913043,0.9410253425375549,0.8670842297142205,0.9934065934065934,0.911504424778761
harmonix/0421_ittakestwo/track.npy,harmonix,0.994750656167979,0.9894736842105263,0.994750656167979,0.9894736842105263,0.9294388065596929,0.9267459556456046,0.9973684210526316,0.9947089947089947
harmonix/0426_justcantgetenough/track.npy,harmonix,0.9287671232876712,0.8260869565217391,0.9287671232876712,0.8260869565217391,0.9053978741754354,0.8659923239546151,0.9555555555555555,0.9028571428571429
harmonix/0433_lighters/track.npy,harmonix,0.9954441913439636,1.0,0.9954441913439636,1.0,0.9293077446825603,0.9407694062071329,0.997716894977169,1.0
harmonix/0462_oldalabama/track.npy,harmonix,0.902946273830156,0.9041095890410958,0.902946273830156,0.9041095890410958,0.9049553456549111,0.90366552611639,0.9331016507384883,0.9273356401384083
harmonix/0468_openarms/track.npy,harmonix,0.9936102236421726,0.9523809523809523,0.9936102236421726,0.9523809523809523,0.9445389439358575,0.9256814499677679,0.987220447284345,0.9569377990430622
harmonix/0471_paradise/track.npy,harmonix,0.993485342019544,0.922077922077922,0.0,0.0,0.6755839746719485,0.6428014606023816,0.6282608695652173,0.6260869565217391
harmonix/0483_ridinsolo/track.npy,harmonix,0.9865319865319865,0.8933333333333333,0.9865319865319865,0.8933333333333333,0.9712031016714341,0.8853809463108032,0.9949409780775715,0.9066666666666666
harmonix/0490_showme/track.npy,harmonix,0.9913232104121475,0.9043478260869565,0.9913232104121475,0.9043478260869565,0.9594534194495705,0.9030944084139095,0.9956616052060737,0.9304347826086956
harmonix/0507_teenagedream/track.npy,harmonix,0.9930875576036866,1.0,0.9930875576036866,1.0,0.9813048746039862,0.9865633081104842,0.9965317919075144,1.0
harmonix/0508_tennesseeme/track.npy,harmonix,1.0,0.7727272727272727,1.0,0.7727272727272727,0.8882737004052554,0.7402837766185745,0.9807692307692307,0.8244274809160306
harmonix/0518_timeaftertime/track.npy,harmonix,0.9585798816568047,0.9365079365079365,0.9585798816568047,0.9365079365079365,0.8958365951376889,0.8683562387077838,0.983016983016983,0.9520000000000001
harmonix/0532_whistle/track.npy,harmonix,0.9973474801061007,1.0,0.9973474801061007,1.0,0.9617166785831316,0.9601238922292586,0.99867197875166,1.0
harmonix/0536_workout/track.npy,harmonix,0.9971590909090909,0.9204545454545454,0.9971590909090909,0.9204545454545454,0.9424026895675154,0.8749723662755101,0.9971590909090909,0.9371428571428572
harmonix/0548_2getherextended/track.npy,harmonix,0.9974619289340102,0.9137055837563451,0.9974619289340102,0.9137055837563451,0.9762134817158666,0.898758649818362,0.9987293519695045,0.9187817258883249
harmonix/0551_accordingtoyou/track.npy,harmonix,0.9754901960784313,0.9313725490196079,0.9754901960784313,0.9313725490196079,0.9640491690609575,0.9191372558943885,0.9791411042944784,0.9313725490196079
harmonix/0552_addicted/track.npy,harmonix,0.9831932773109243,0.9491525423728814,0.008421052631578947,0.0,0.8047268979581088,0.7749601363710243,0.6676016830294531,0.6553672316384181
harmonix/0558_allnightlong/track.npy,harmonix,0.9954337899543378,0.990909090909091,0.9954337899543378,0.990909090909091,0.9224299017854944,0.9213143425202112,0.9965714285714286,0.995433789954338
harmonix/0573_babyludacris/track.npy,harmonix,0.9931972789115646,1.0,0.9931972789115646,1.0,0.9747529144345856,0.9787616378788571,0.9965870307167235,1.0
harmonix/0582_beautifulday/track.npy,harmonix,0.9694072657743786,0.9007633587786259,0.9694072657743786,0.9007633587786259,0.9375741978431048,0.8580907585702854,0.9722488038277511,0.9007633587786259
harmonix/0587_bedrock/track.npy,harmonix,0.997134670487106,0.9545454545454546,0.997134670487106,0.9545454545454546,0.981552601645588,0.9510715673104018,0.9985652797704447,0.9714285714285714
harmonix/0591_biggirlsdontcry/track.npy,harmonix,0.9956803455723542,0.9826086956521739,0.9956803455723542,0.9826086956521739,0.961735703748936,0.9583390938818799,0.9989189189189189,0.9956331877729258
harmonix/0594_bleedinglove/track.npy,harmonix,0.9823232323232324,0.9393939393939394,0.9823232323232324,0.9393939393939394,0.8297105075025286,0.7998066226050509,0.9784537389100126,0.934010152284264
harmonix/0598_boomboompow/track.npy,harmonix,0.995260663507109,1.0,0.995260663507109,1.0,0.9466224362212545,0.9536196478431347,0.997624703087886,1.0
harmonix/0600_breakeven/track.npy,harmonix,0.9823232323232324,0.93,0.9823232323232324,0.93,0.9627149007954018,0.9264778396231463,0.9910828025477708,0.9595959595959594
harmonix/0610_castle/track.npy,harmonix,0.9797160243407708,0.9672131147540983,0.9797160243407708,0.9672131147540983,0.9380495620751287,0.9218982961058663,0.9867482161060144,0.9672131147540983
harmonix/0615_circus/track.npy,harmonix,1.0,1.0,1.0,1.0,0.9555057307279118,0.957241237953805,1.0,1.0
harmonix/0627_cowboyboots/track.npy,harmonix,0.7441860465116279,0.775,0.7441860465116279,0.775,0.7053517404003429,0.633275048888282,0.8958009331259721,0.7870967741935484
harmonix/0628_crankthatsouljaboy/track.npy,harmonix,0.998015873015873,0.9920634920634921,0.0,0.0,0.802614705014558,0.8040654650312886,0.6666666666666666,0.6666666666666666
harmonix/0633_dancingmachine/track.npy,harmonix,0.9861878453038674,0.9111111111111111,0.9861878453038674,0.9111111111111111,0.935490899427484,0.8781788464260114,0.9917127071823204,0.9222222222222223
harmonix/0634_dangerous/track.npy,harmonix,0.9908883826879271,0.990909090909091,0.9908883826879271,0.990909090909091,0.980177514803751,0.9809229448365316,0.9954233409610984,0.995433789954338
harmonix/0638_deadandgone/track.npy,harmonix,0.8035714285714286,0.8285714285714286,0.8035714285714286,0.8285714285714286,0.9069922924980618,0.9077686361539761,0.9383177570093457,0.9402985074626866
harmonix/0648_donttrustme/track.npy,harmonix,0.9950980392156863,0.8333333333333334,0.9950980392156863,0.8333333333333334,0.9037413231587389,0.8299530716569157,0.9975429975429976,0.9183673469387754
harmonix/0657_enursbonfire/track.npy,harmonix,0.9887323943661972,0.8539325842696629,0.9887323943661972,0.8539325842696629,0.951402383551278,0.8241132609727081,0.9943661971830986,0.8700564971751412
harmonix/0660_everymorning/track.npy,harmonix,0.9784768211920529,0.9403973509933775,0.9784768211920529,0.9403973509933775,0.9576934550719787,0.9329961215613074,0.9916943521594683,0.9666666666666668
harmonix/0664_eyesextendedmix/track.npy,harmonix,0.9987730061349693,0.9166666666666666,0.9987730061349693,0.9166666666666666,0.933795478000302,0.8629078004189948,0.9993861264579497,0.9264705882352942
harmonix/0683_foreverextendedmix/track.npy,harmonix,1.0,1.0,1.0,1.0,0.9860437920578374,0.9881415099794514,1.0,1.0
harmonix/0692_giveyourheartabreakdos/track.npy,harmonix,1.0,1.0,1.0,1.0,0.9611364826437342,0.9582447590654982,1.0,1.0
harmonix/0693_gold/track.npy,harmonix,0.9970501474926253,0.9294117647058824,0.9970501474926253,0.9294117647058824,0.954903980720154,0.89346396556482,0.9985228951255538,0.9411764705882353
harmonix/0699_gotmoney/track.npy,harmonix,0.9845201238390093,0.7666666666666667,0.9845201238390093,0.0,0.9573717252906803,0.5126069740318372,0.9921996879875196,0.11764705882352941
harmonix/0701_gottabeyou/track.npy,harmonix,0.8012618296529969,0.8421052631578947,0.8012618296529969,0.8421052631578947,0.7950625208574766,0.7847676745759332,0.8231511254019291,0.8133333333333335
harmonix/0726_hotplay/track.npy,harmonix,0.9920634920634921,0.7777777777777778,0.9920634920634921,0.7777777777777778,0.9484322515192055,0.7550878957957019,0.9940357852882704,0.8015873015873016
harmonix/0732_idontwannabeinlove/track.npy,harmonix,0.9956140350877193,1.0,0.9956140350877193,1.0,0.9815773612410266,0.9811648581662487,0.9978021978021978,1.0
harmonix/0745_immabewolf/track.npy,harmonix,0.9864661654135338,0.9161676646706587,0.9864661654135338,0.9161676646706587,0.6666188137507493,0.6201612794286271,0.9932177844762622,0.9309309309309309
harmonix/0750_ineedyourlove/track.npy,harmonix,0.9807280513918629,0.9743589743589743,0.9807280513918629,0.9743589743589743,0.967665182131912,0.9640685556343429,0.9860664523043945,0.9829059829059829
harmonix/0765_jimmyiovine/track.npy,harmonix,0.6434782608695652,0.3076923076923077,0.20920502092050208,0.2079207920792079,0.7773917457598338,0.533196235497086,0.7441253263707571,0.5317919075144509
harmonix/0767_justfine/track.npy,harmonix,0.9979123173277662,0.9495798319327731,0.9979123173277662,0.9495798319327731,0.9785735826153429,0.9370817957011442,0.9989550679205852,0.957983193277311
harmonix/0774_knockyoudown/track.npy,harmonix,0.6198083067092651,0.5448717948717948,0.6198083067092651,0.5448717948717948,0.7986946378885141,0.6506287644903958,0.8910369068541301,0.7235494880546075
harmonix/0778_letitrock/track.npy,harmonix,0.990521327014218,0.9428571428571428,0.990521327014218,0.9428571428571428,0.8919666066948878,0.8690372226113683,0.9928741092636579,0.9665071770334929
harmonix/0786_livelikeweredying/track.npy,harmonix,0.9775641025641025,0.9746835443037974,0.9775641025641025,0.9746835443037974,0.9542884530610659,0.9562962456702278,0.9886547811993517,0.9871794871794872
harmonix/0789_livingroom/track.npy,harmonix,0.9366666666666666,0.8266666666666667,0.9366666666666666,0.8266666666666667,0.872823316571618,0.7681902769715214,0.9415692821368947,0.8322147651006713
harmonix/0792_lovedrunk/track.npy,harmonix,0.9902152641878669,0.9921875,0.9902152641878669,0.9921875,0.951844897628973,0.9383669614572488,0.9950835791543756,0.996078431372549
harmonix/0821_myfeelingsforyou/track.npy,harmonix,0.9938461538461538,0.8220858895705522,0.9938461538461538,0.8220858895705522,0.8968831404464879,0.7820663731185172,0.9969230769230769,0.8589341692789969
harmonix/0828_neoncathedral/track.npy,harmonix,0.9887640449438202,0.9444444444444444,0.9887640449438202,0.9444444444444444,0.8964220725099272,0.8608502481394293,0.9943661971830987,0.9608938547486034
harmonix/0829_nevertoolate/track.npy,harmonix,0.7912087912087912,0.6323529411764706,0.11290322580645161,0.07258064516129033,0.8162268084150932,0.6915040480586677,0.7100130039011704,0.6458333333333334
harmonix/0832_noone/track.npy,harmonix,1.0,1.0,1.0,1.0,0.9846609408779388,0.9830891146153876,1.0,1.0
harmonix/0836_notmyselftonight/track.npy,harmonix,0.9861111111111112,0.9537037037037037,0.9861111111111112,0.9537037037037037,0.8880969396497709,0.8726390178799477,0.9953703703703703,0.9629629629629629
harmonix/0838_nowimallmessedup/track.npy,harmonix,0.9933554817275747,0.6933333333333334,0.9933554817275747,0.6933333333333334,0.9472553104828876,0.76671163129181,0.9983361064891847,0.7945205479452055
harmonix/0862_pleasedontleaveme/track.npy,harmonix,0.9973821989528796,0.5130890052356021,0.9973821989528796,0.5130890052356021,0.9822282831537767,0.5738060771228319,0.998689384010485,0.5340314136125655
harmonix/0863_pleasedontleavemedigi/track.npy,harmonix,0.9881889763779528,0.9291338582677166,0.9881889763779528,0.9291338582677166,0.9720361673445735,0.9217432507092564,0.9940711462450593,0.9407114624505929
harmonix/0869_raiseyourweapon/track.npy,harmonix,0.480276134122288,0.3346456692913386,0.480276134122288,0.3346456692913386,0.6892265919970729,0.6227605449025542,0.785438499724214,0.6960556844547563
harmonix/0919_stereolove/track.npy,harmonix,0.9669902912621359,0.8359375,0.9669902912621359,0.8359375,0.7886371004839372,0.69772060669793,0.9822834645669292,0.8695652173913043
harmonix/0928_takeabow/track.npy,harmonix,0.8519774011299435,0.509009009009009,0.8519774011299435,0.509009009009009,0.6891300740433878,0.4924967441002102,0.9091954022988507,0.616867469879518
harmonix/0934_teenagedreamkaskade/track.npy,harmonix,1.0,1.0,1.0,1.0,0.9790557145654556,0.9793656503284136,1.0,1.0
harmonix/0971_whatayawantfromme/track.npy,harmonix,0.993993993993994,1.0,0.993993993993994,1.0,0.9307614684756189,0.9499126679333233,0.996996996996997,1.0
harmonix/0975_whathappensinvegas/track.npy,harmonix,1.0,0.8023255813953488,1.0,0.8023255813953488,0.8952513902211305,0.7270196867433226,1.0,0.8139534883720931
harmonix/0988_withyoukovas/track.npy,harmonix,0.9984802431610942,0.9939393939393939,0.9984802431610942,0.9939393939393939,0.970391132396781,0.9675223716299537,0.9992395437262357,0.9969604863221885
harmonix/0993_youandidanny/track.npy,harmonix,0.9908906882591093,0.9758064516129032,0.9908906882591093,0.9758064516129032,0.9773959155967045,0.9673975116646761,0.9944247339077548,0.9838056680161943
harmonix/0995_youfoundme/track.npy,harmonix,0.6085714285714285,0.75,0.6085714285714285,0.75,0.7735827878512217,0.7981713526335167,0.8924050632911393,0.9200000000000002
hjdb/hjdb_6_Million_Ways_To_Die_(DJ_Hype_Remix)/track.npy,hjdb,0.9931972789115646,0.9444444444444444,0.9931972789115646,0.9444444444444444,0.9780728254868055,0.9237544748889864,0.9965870307167235,0.9444444444444444
hjdb/hjdb_A_Musical_Box/track.npy,hjdb,1.0,1.0,1.0,1.0,0.9831807668777215,0.9823415354724497,1.0,1.0
hjdb/hjdb_Aftershock/track.npy,hjdb,1.0,1.0,1.0,1.0,0.9771357684674097,0.9674431778904291,1.0,1.0
hjdb/hjdb_Beyond_Bass/track.npy,hjdb,1.0,1.0,1.0,1.0,0.9851266003711031,0.9886853086800925,1.0,1.0
hjdb/hjdb_Cookin_Up_Yah_Brain/track.npy,hjdb,1.0,1.0,1.0,1.0,0.9793131097381234,0.9787399546929524,1.0,1.0
hjdb/hjdb_Crackman_The_Return_(DJ_Ron_Remix)/track.npy,hjdb,0.9649122807017544,0.8571428571428571,0.9649122807017544,0.8571428571428571,0.9539312709076053,0.8728606172790369,0.9821428571428572,0.9090909090909091
hjdb/hjdb_Damage/track.npy,hjdb,1.0,1.0,1.0,1.0,0.9706529798480533,0.9743008696364932,1.0,1.0
hjdb/hjdb_Dark_Angel/track.npy,hjdb,1.0,1.0,1.0,1.0,0.9825110219436852,0.9837364195999242,1.0,1.0
hjdb/hjdb_Enticer/track.npy,hjdb,1.0,1.0,1.0,1.0,0.9828987811117113,0.9823595243237356,1.0,1.0
hjdb/hjdb_Feel_(Feel_Good)/track.npy,hjdb,1.0,1.0,1.0,1.0,0.9829242885513432,0.9918775990694647,1.0,1.0
hjdb/hjdb_Ghetto_People/track.npy,hjdb,1.0,1.0,1.0,1.0,0.9828233747824384,0.9862412859545647,1.0,1.0
hjdb/hjdb_Ghetto_People_(Remix)/track.npy,hjdb,1.0,1.0,1.0,1.0,0.9792800671909229,0.9855826362231133,1.0,1.0
hjdb/hjdb_I_Wanna_Be_Your_Lover/track.npy,hjdb,0.775,1.0,0.775,1.0,0.7717485449432036,0.7880062398988622,0.7875,0.8000000000000002
hjdb/hjdb_Music/track.npy,hjdb,1.0,0.9605263157894737,1.0,0.9605263157894737,0.9851122847963062,0.9480493712251598,1.0,0.9605263157894737
hjdb/hjdb_New_Direction/track.npy,hjdb,1.0,1.0,1.0,1.0,0.9809310547951554,0.9820108301719894,1.0,1.0
hjdb/hjdb_Nightmare_Walking/track.npy,hjdb,1.0,1.0,1.0,1.0,0.9544617625777764,0.9548724701160565,1.0,1.0
hjdb/hjdb_Open_Secrets/track.npy,hjdb,1.0,1.0,1.0,1.0,0.9751436346565451,0.9719634106477647,1.0,1.0
hjdb/hjdb_R_Yeah/track.npy,hjdb,1.0,1.0,1.0,1.0,0.9861593353379363,0.9920350388430549,1.0,1.0
hjdb/hjdb_Re-Baptised_By_Dub_(Selectors_Revenge)/track.npy,hjdb,1.0,1.0,1.0,1.0,0.9847309243631541,0.9848600970293524,1.0,1.0
hjdb/hjdb_Right_Before_My_Eyes/track.npy,hjdb,0.9649122807017544,0.8571428571428571,0.9649122807017544,0.8571428571428571,0.969929003851643,0.9071345462419913,0.9911504424778761,0.9285714285714286
hjdb/hjdb_Special_Request/track.npy,hjdb,0.994413407821229,1.0,0.994413407821229,1.0,0.9762939378076749,0.9804790245419446,0.9971988795518207,1.0
hjdb/hjdb_Sweet_Sensation_(12_Mix)/track.npy,hjdb,1.0,1.0,1.0,1.0,0.9826213988649787,0.9797053526578963,1.0,1.0
hjdb/hjdb_The_End_(Alternative_Version)/track.npy,hjdb,1.0,1.0,1.0,1.0,0.9749836485574231,0.979254240909313,1.0,1.0
hjdb/hjdb_The_Helicopter_Tune/track.npy,hjdb,1.0,1.0,1.0,1.0,0.9839665425160113,0.9836672663118725,1.0,1.0
hjdb/hjdb_This_Way/track.npy,hjdb,0.4339622641509434,0.2857142857142857,0.4339622641509434,0.0,0.738472294656122,0.2576855872496576,0.7524752475247525,0.2105263157894737
hjdb/hjdb_Time_Bomb/track.npy,hjdb,1.0,1.0,1.0,1.0,0.9597051409586558,0.9667479322621876,1.0,1.0
hjdb/hjdb_Time_Bomb_(Remix)/track.npy,hjdb,1.0,1.0,1.0,1.0,0.9761703153883353,0.9848852521146896,1.0,1.0
hjdb/hjdb_Touch_Somebody/track.npy,hjdb,1.0,1.0,1.0,1.0,0.9796546294131955,0.9639027493355705,1.0,1.0
hjdb/hjdb_Twisted/track.npy,hjdb,0.975609756097561,0.6,0.975609756097561,0.6,0.97117433608635,0.5912725033089388,0.9876543209876543,0.6
jaah/jaah_003-louis_armstrong_and_his_hot_seven-big_butter_and_egg_man_from_the_west/track.npy,jaah,0.9478260869565217,0.6458333333333334,0.9478260869565217,0.6458333333333334,0.9430104926448994,0.7523903079530365,0.980701754385965,0.7786259541984732
jaah/jaah_023-dexter_gordon-dexter_rides_again/track.npy,jaah,0.9968992248062015,0.9567901234567902,0.9968992248062015,0.9567901234567902,0.9770556125638707,0.9485485536445214,0.998447204968944,0.9659442724458205
jaah/jaah_025-django_reinhardt-dinah/track.npy,jaah,0.9735349716446124,0.8939393939393939,0.9735349716446124,0.8939393939393939,0.9601417884562861,0.878771314631311,0.9895536562203229,0.9049429657794676
jaah/jaah_026-fats_waller_and_his_rhythm-dinah/track.npy,jaah,0.9910044977511244,0.9520958083832335,0.9910044977511244,0.9520958083832335,0.9728868805798245,0.9326381163183629,0.9977494373593397,0.9609609609609611
jaah/jaah_027-red_nichols_his_five_pennies-dinah/track.npy,jaah,0.9925,0.92,0.9925,0.92,0.9608552811717254,0.8947973557178568,0.9949874686716792,0.9346733668341709
jaah/jaah_043-eddie_lang_lonnie_johnson-a_handful_of_riffs/track.npy,jaah,0.991304347826087,0.6802325581395349,0.991304347826087,0.6802325581395349,0.9739719541085066,0.7409161550425591,0.9970972423802612,0.7636363636363637
jaah/jaah_047-meade_lux_lewis-honky_tonk_train_blues/track.npy,jaah,0.9528688524590164,0.4294478527607362,0.9528688524590164,0.4294478527607362,0.8511629395506815,0.7076481141286842,0.9793388429752066,0.8085106382978722
jaah/jaah_055-bunks_brass_band-in_gloryland/track.npy,jaah,0.9010238907849829,0.6301369863013698,0.9010238907849829,0.6301369863013698,0.940017083272702,0.7581844568832545,0.9737762237762237,0.7910447761194029
jaah/jaah_057-duke_ellington_and_his_orchestra-isfahan/track.npy,jaah,0.8983050847457628,0.43103448275862066,0.8983050847457628,0.2542372881355932,0.8127613271226254,0.37094909596032766,0.9190371991247264,0.32142857142857145
jaah/jaah_069-quintette_du_hot_club_de_france-minor_swing/track.npy,jaah,0.9936,0.8141025641025641,0.9936,0.8141025641025641,0.7460079804741601,0.6773308246964814,0.9968,0.8910891089108911
jaah/jaah_078-count_basie_and_his_orchestra-one_oclock_jump/track.npy,jaah,0.9959758551307847,0.967741935483871,0.9959758551307847,0.967741935483871,0.789542728525997,0.7573301879608855,0.9979879275653923,0.9758064516129032
jaah/jaah_087-frankie_trumbauer_and_his_orchestra-singin_the_blues_til_my_daddy_comes_home/track.npy,jaah,0.8431876606683805,0.826530612244898,0.8431876606683805,0.826530612244898,0.5290091086882246,0.4618626313965914,0.8082368082368083,0.7076923076923078
jaah/jaah_091-louis_armstrong_and_his_hot_five-struttin_with_some_barbecue/track.npy,jaah,0.8185053380782918,0.4326241134751773,0.8185053380782918,0.4326241134751773,0.9046478662642433,0.46562827788837574,0.9499072356215212,0.4864864864864865
jaah/jaah_098-coleman_hawkins_quartet-the_man_i_love/track.npy,jaah,0.9913710450623202,0.9769230769230769,0.9913710450623202,0.9769230769230769,0.9425441710020493,0.9253711597514862,0.9966394623139704,0.9807692307692307
jaah/jaah_105-louis_armstrong_earl_hines-weather_bird/track.npy,jaah,0.8928571428571429,0.8692307692307693,0.8928571428571429,0.8692307692307693,0.8350197506381122,0.7635187058267018,0.9731800766283524,0.8992248062015504
rwc/rwc_classical_CD1_01/track.npy,rwc_classical,0.3321816386969398,0.2334293948126801,0.3321816386969398,0.2334293948126801,0.6259197775974835,0.4701831909236482,0.7465774262245208,0.561046511627907
rwc/rwc_classical_CD1_02/track.npy,rwc_classical,0.44878957169459965,0.26329113924050634,0.3132530120481928,0.26329113924050634,0.6599810904481676,0.49546744403412585,0.7748019615239533,0.5852187028657617
rwc/rwc_classical_CD3_03/track.npy,rwc_classical,0.38940520446096655,0.3271375464684015,0.38940520446096655,0.12453531598513011,0.6415662156458473,0.4520494956582324,0.7700709994538503,0.5132743362831859
rwc/rwc_classical_CD3_07/track.npy,rwc_classical,0.1169931180518793,0.39365079365079364,0.1169931180518793,0.07631160572337042,0.4925019935964249,0.49612786372270046,0.57291280148423,0.5361512791991101
rwc/rwc_classical_CD4_02/track.npy,rwc_classical,0.49696444058976585,0.5594405594405595,0.24361948955916474,0.5594405594405595,0.6418742359331874,0.5422370739320874,0.6921473245309243,0.6277372262773723
rwc/rwc_classical_CD5_09/track.npy,rwc_classical,0.014423076923076924,0.6086956521739131,0.007220216606498195,0.6086956521739131,0.3889828262865726,0.5594819908481228,0.4314442413162705,0.628352490421456
rwc/rwc_classical_CD5_11/track.npy,rwc_classical,0.9788359788359788,0.9047619047619048,0.9788359788359788,0.9047619047619048,0.9384613633989753,0.9184709223763885,0.986737400530504,0.944
rwc/rwc_classical_CD6_10/track.npy,rwc_classical,0.4827586206896552,0.4827586206896552,0.4827586206896552,0.4827586206896552,0.5713547697370579,0.4142697549194131,0.7718309859154928,0.5871559633027523
rwc/rwc_jazz_CD1_03/track.npy,rwc_jazz,0.3420074349442379,0.17094017094017094,0.3420074349442379,0.17094017094017094,0.38893050551724195,0.16976994042358054,0.45634920634920634,0.2122905027932961
rwc/rwc_jazz_CD1_06/track.npy,rwc_jazz,0.9554455445544554,0.8217821782178217,0.9554455445544554,0.8217821782178217,0.8028491566779787,0.7533187900693158,0.9276807980049875,0.8808290155440415
rwc/rwc_jazz_CD1_13/track.npy,rwc_jazz,0.7304347826086957,0.7012195121951219,0.7304347826086957,0.7012195121951219,0.6497672398596712,0.617948835641697,0.7833827893175075,0.7213114754098361
rwc/rwc_jazz_CD4_04/track.npy,rwc_jazz,0.9946524064171123,0.946236559139785,0.9946524064171123,0.946236559139785,0.9171410457040865,0.8725984145282301,0.9946380697050938,0.946236559139785
rwc/rwc_jazz_CD4_05/track.npy,rwc_jazz,0.6880570409982175,0.5546218487394958,0.6880570409982175,0.5546218487394958,0.6977256647810615,0.6120963174981998,0.8775313404050145,0.767123287671233
rwc/rwc_jazz_CD4_06/track.npy,rwc_jazz,0.739268680445151,0.5301587301587302,0.739268680445151,0.5301587301587302,0.6268693571314572,0.5265375034878547,0.7531847133757962,0.6306913996627319
rwc/rwc_popular_CD2_15/track.npy,rwc_popular,0.9574468085106383,0.8837209302325582,0.9574468085106383,0.8837209302325582,0.930639935031742,0.8553110038924276,0.9603097773475314,0.8837209302325582
rwc/rwc_popular_CD3_04/track.npy,rwc_popular,0.8607038123167156,0.9298245614035088,0.8607038123167156,0.9298245614035088,0.753185234724057,0.7090050799541397,0.8687315634218289,0.823529411764706
rwc/rwc_popular_CD3_14/track.npy,rwc_popular,0.8304431599229287,0.6076923076923076,0.8304431599229287,0.6076923076923076,0.9326338238448877,0.7598419020519566,0.9557344064386317,0.7782426778242677
rwc/rwc_popular_CD4_05/track.npy,rwc_popular,0.9977973568281938,0.9298245614035088,0.9977973568281938,0.9298245614035088,0.9813493729928393,0.92044064010417,0.9955947136563876,0.9427312775330398
rwc/rwc_popular_CD4_09/track.npy,rwc_popular,0.956081081081081,0.9324324324324325,0.956081081081081,0.9324324324324325,0.920114173405334,0.9127656493125506,0.9658703071672354,0.9387755102040816
rwc/rwc_popular_CD4_16/track.npy,rwc_popular,0.9892241379310345,0.9913793103448276,0.9892241379310345,0.9913793103448276,0.9638983829403261,0.965392707863822,0.9956709956709957,0.9956709956709957
rwc/rwc_popular_CD5_06/track.npy,rwc_popular,0.9924433249370277,0.98989898989899,0.9924433249370277,0.98989898989899,0.9647327038108453,0.9518522680308423,0.9962168978562421,0.98989898989899
rwc/rwc_popular_CD5_12/track.npy,rwc_popular,0.9758064516129032,0.8548387096774194,0.9758064516129032,0.8548387096774194,0.8753329577193056,0.836503272048701,0.9858585858585858,0.9411764705882352
rwc/rwc_popular_CD5_16/track.npy,rwc_popular,0.9856115107913669,0.9857142857142858,0.9856115107913669,0.9857142857142858,0.9581770951829714,0.9613596446283569,0.9927536231884058,0.9928057553956835
rwc/rwc_popular_CD6_01/track.npy,rwc_popular,0.9878787878787879,0.9146341463414634,0.9878787878787879,0.9146341463414634,0.9771313266347531,0.9152303051345165,0.9969604863221885,0.9325153374233128
rwc/rwc_popular_CD7_03/track.npy,rwc_popular,0.9945504087193461,0.967391304347826,0.9945504087193461,0.967391304347826,0.9679974167763353,0.9448510381773148,0.9972677595628415,0.9782608695652174
rwc/rwc_popular_CD7_06/track.npy,rwc_popular,0.9966044142614601,1.0,0.9966044142614601,1.0,0.9762447277534559,0.9732246349161839,0.9982993197278911,1.0
rwc/rwc_popular_CD7_09/track.npy,rwc_popular,0.9752747252747253,0.8681318681318682,0.9752747252747253,0.8681318681318682,0.8277946805099711,0.760091846068729,0.9833333333333333,0.8888888888888888
rwc/rwc_royalty-free_CD1_04/track.npy,rwc_royalty-free,0.9568345323741008,0.8,0.9568345323741008,0.8,0.49378557674036766,0.4583000434208287,0.8945454545454545,0.8115942028985507
rwc/rwc_royalty-free_CD1_13/track.npy,rwc_royalty-free,0.9444444444444444,0.9285714285714286,0.9444444444444444,0.9285714285714286,0.9141347987792334,0.9026374785860813,0.975609756097561,0.963855421686747
simac/simac_A_vida_me_fez_assim_01-Acalanto/track.npy,simac,0.9545454545454546,0.0,0.9545454545454546,0.0,0.8608828090723514,0.0,0.9767441860465117,0.0
simac/simac_Albedo_0.39_01-Pulstar/track.npy,simac,0.7333333333333333,0.0,0.0,0.0,0.6118445539103055,0.0,0.5581395348837209,0.0
simac/simac_Alfagamabetizado_06-Tour/track.npy,simac,1.0,0.0,1.0,0.0,0.8822966013427412,0.0,1.0,0.0
simac/simac_Amber_04-Slip/track.npy,simac,0.0,0.0,0.0,0.0,3.0168700812399357e-06,0.0,0.0,0.0
simac/simac_Amber_11-Teartear/track.npy,simac,1.0,0.0,0.0,0.0,0.8035258120790113,0.0,0.6785714285714285,0.0
simac/simac_As_time_goes_by_disk_2_02-Ive_got_five_dollars/track.npy,simac,0.7,0.0,0.7,0.0,0.7877639606071744,0.0,0.9090909090909091,0.0
simac/simac_As_time_goes_by_disk_3_08-Have_you_et_Miss_Jones/track.npy,simac,0.6666666666666666,0.0,0.6666666666666666,0.0,0.5636235732209066,0.0,0.7272727272727272,0.0
simac/simac_BACH_WTC_06-Prelude_and_Fugue_No._3_in_C-sharp_major_BWV_872_-_2._Fuga/track.npy,simac,1.0,0.0,1.0,0.0,0.9546373921223957,0.0,1.0,0.0
simac/simac_Bach_Bach_-_Cello_suite_1_G_-_01_Prelude/track.npy,simac,0.9629629629629629,0.0,0.9629629629629629,0.0,0.5907364996677545,0.0,0.8518518518518519,0.0
simac/simac_Bach_The_Well-Tempered_Clavier_II_(Disc_1)_18-Prelude_and_Fugue_No._9_in_E_major_BWV_878_-_2._Fuga/track.npy,simac,0.88,0.0,0.88,0.0,0.9243115749558438,0.0,0.9583333333333334,0.0
simac/simac_Bach_The_Well-Tempered_Clavier_II_(Disc_2)_04-Prelude_and_Fugue_No._14_F-sharp_minor_BWV_883_-_2._Fuga/track.npy,simac,0.9230769230769231,0.0,0.9230769230769231,0.0,0.9268211093245491,0.0,0.9615384615384616,0.0
simac/simac_Bach_The_Well-Tempered_Clavier_II_(Disc_2)_13-Prelude_and_Fugue_No._19_A_major_BWV_888_-_1._Praeludium/track.npy,simac,0.9615384615384616,0.0,0.9615384615384616,0.0,0.8906198213082716,0.0,0.9803921568627451,0.0
simac/simac_Bach_The_Well-Tempered_Clavier_II_(Disc_2)_16-Prelude_and_Fugue_No._20_A_minor_BWV_889_-_2._Fuga/track.npy,simac,1.0,0.0,1.0,0.0,0.850428967543411,0.0,1.0,0.0
simac/simac_Bach_The_Well-Tempered_Clavier_II_(Disc_2)_20-Prelude_and_Fugue_No._22_B-flat_minor_BWV_891_-_2._Fuga/track.npy,simac,1.0,0.0,0.0,0.0,0.4899986522954399,0.0,0.0,0.0
simac/simac_Bach_The_Well-Tempered_Clavier_II_(Disc_2)_23-Prelude_and_Fugue_No._24_B_minor_BWV_893_-_1._Praeludium/track.npy,simac,0.8695652173913043,0.0,0.8695652173913043,0.0,0.7792998709171451,0.0,0.8695652173913043,0.0
simac/simac_Beethoven_-_The_String_Quartets_#1_04-F_major_op._18_no._1_-_Allegro/track.npy,simac,0.6764705882352942,0.0,0.6764705882352942,0.0,0.6895153688357953,0.0,0.7936507936507937,0.0
simac/simac_Beethoven_-_The_String_Quartets_#1_10-D_major_op._18_no._3_-_Andante_con_moto/track.npy,simac,0.9473684210526315,0.0,0.9473684210526315,0.0,0.7867844487691819,0.0,0.972972972972973,0.0
simac/simac_Bela_Bartok_01-The_Miraculous_Mandarin_1.1_Allegro_1.2_Curtain/track.npy,simac,0.0,0.0,0.0,0.0,0.2396303120303565,0.0,0.19999999999999998,0.0
simac/simac_Billie_Holiday_CD1_09-Lets_call_a_heart_to_heart/track.npy,simac,0.92,0.0,0.92,0.0,0.7442378729068925,0.0,0.9795918367346939,0.0
simac/simac_Billie_Holiday_CD1_14-Loverman/track.npy,simac,0.5625,0.0,0.5625,0.0,0.5527556624819262,0.0,0.7857142857142857,0.0
simac/simac_Cafe_Zimmermann_04-Concerto_pour_deux_violons_&_cordes_en_r_mineur_BWV_1043_-_Largo_ma_non_tanto/track.npy,simac,0.5384615384615384,0.0,0.5384615384615384,0.0,0.628001798526415,0.0,0.8260869565217392,0.0
simac/simac_Cafe_Zimmermann_07-Suite_en_ut_majeur_BWV_1066_-_Courante/track.npy,simac,0.85,0.0,0.85,0.0,0.7403787859857571,0.0,0.9230769230769231,0.0
simac/simac_Cafe_Zimmermann_10-Suite_en_ut_majeur_BWV_1066_-_Menuets_I_&_II/track.npy,simac,0.4358974358974359,0.0,0.4358974358974359,0.0,0.6947605155818446,0.0,0.8059701492537313,0.0
simac/simac_Cafe_Zimmermann_13-Concerto_pour_hautbois_&_violon_en_ut_mineur_BWV_1060_-_Allegro/track.npy,simac,0.9615384615384616,0.0,0.9615384615384616,0.0,0.8285809594412353,0.0,0.9803921568627451,0.0
simac/simac_Chopin_Piano_Concerto_No._1_etc_01-I_Allegro_maestoso_risoluto/track.npy,simac,0.26666666666666666,0.0,0.06666666666666667,0.0,0.38213713054014903,0.0,0.5365853658536585,0.0
simac/simac_Clandestino_-_esperando_la_ultima_ola_02-Desaparecido/track.npy,simac,0.9166666666666666,0.0,0.9166666666666666,0.0,0.8468194282252631,0.0,0.9583333333333334,0.0
simac/simac_Clandestino_-_esperando_la_ultima_ola_03-Bongo_bong/track.npy,simac,1.0,0.0,1.0,0.0,0.9269643814557785,0.0,1.0,0.0
simac/simac_Clandestino_-_esperando_la_ultima_ola_05-Mentira/track.npy,simac,0.9473684210526315,0.0,0.9473684210526315,0.0,0.9105585255167844,0.0,0.972972972972973,0.0
simac/simac_Classic_Vivaldi_-_Stabat_Mater_01/track.npy,simac,0.5,0.0,0.5,0.0,0.3862868895594892,0.0,0.5714285714285715,0.0
simac/simac_Classic_Vivaldi_-_Stabat_Mater_09/track.npy,simac,0.11764705882352941,0.0,0.11764705882352941,0.0,0.31367875476971085,0.0,0.41379310344827586,0.0
simac/simac_DGG_419_047-2_02-Toccata_u._Fuge_d-moll_BWV_565_-_II_Fuge/track.npy,simac,1.0,0.0,1.0,0.0,0.8274619851425962,0.0,1.0,0.0
simac/simac_Eres_luz_07-En_una_canasta_(Rumba-Tango)/track.npy,simac,0.88,0.0,0.88,0.0,0.883407002927592,0.0,0.9583333333333334,0.0
simac/simac_Fado_05-AudioTrack_05/track.npy,simac,0.5,0.0,0.08333333333333333,0.0,0.23109196689505304,0.0,0.041666666666666664,0.0
simac/simac_Family_Tree_-_Greatest_Hits_As_Chosen_By_Bjork_07-Bachelorette/track.npy,simac,0.96,0.0,0.96,0.0,0.8618059639686343,0.0,0.9795918367346939,0.0
simac/simac_Gold_-_Greatest_Hits_02-Knowing_Me_Knowing_You/track.npy,simac,0.9259259259259259,0.0,0.9259259259259259,0.0,0.8720355178758283,0.0,0.9433962264150944,0.0
simac/simac_Gold_-_Greatest_Hits_10-S._O._S/track.npy,simac,1.0,0.0,1.0,0.0,0.958227298011855,0.0,1.0,0.0
simac/simac_Gold_-_Greatest_Hits_15-Does_Your_Mother_Know/track.npy,simac,1.0,0.0,1.0,0.0,0.970096133094376,0.0,1.0,0.0
simac/simac_Gold_-_Greatest_Hits_17-The_Name_Of_The_Game/track.npy,simac,0.9473684210526315,0.0,0.0,0.0,0.726729943743333,0.0,0.6428571428571429,0.0
simac/simac_Kocani_Orkester_Trubaci_-_Solo_tapan/track.npy,simac,1.0,0.0,1.0,0.0,0.9057707135766728,0.0,1.0,0.0
simac/simac_Niandra_LaDes_and_Usually_Just_a_T-Shirt_18-Usually_Just_a_T-Shirt_Untitled_6/track.npy,simac,0.9545454545454546,0.0,0.9545454545454546,0.0,0.8676825338216435,0.0,0.9545454545454546,0.0
simac/simac_Papakonstantinou_01-AudioTrack_01/track.npy,simac,0.8823529411764706,0.0,0.8823529411764706,0.0,0.6547644861093639,0.0,0.8484848484848485,0.0
simac/simac_Papakonstantinou_06-AudioTrack_06/track.npy,simac,0.23529411764705882,0.0,0.23529411764705882,0.0,0.46779134078970847,0.0,0.5833333333333334,0.0
simac/simac_Papakonstantinou_18-AudioTrack_18/track.npy,simac,0.6428571428571429,0.0,0.21739130434782608,0.0,0.6832311797988337,0.0,0.7567567567567568,0.0
simac/simac_Papakonstantinou_20-AudioTrack_20/track.npy,simac,0.9629629629629629,0.0,0.9629629629629629,0.0,0.8785235289457668,0.0,0.9811320754716981,0.0
simac/simac_Primer_Aliento_09-Brigada_de_demolicion/track.npy,simac,1.0,0.0,1.0,0.0,0.967219828782326,0.0,1.0,0.0
simac/simac_Primer_Aliento_11-La_television_es_nutritiva/track.npy,simac,1.0,0.0,1.0,0.0,0.933802853637819,0.0,1.0,0.0
simac/simac_R.A.F.I_08-Hypocrite/track.npy,simac,1.0,0.0,1.0,0.0,0.9708151738362478,0.0,1.0,0.0
simac/simac_Samba_na_Madrugada_08-Mascarada/track.npy,simac,1.0,0.0,1.0,0.0,0.899395902367623,0.0,1.0,0.0
simac/simac_So_Cartola_01-Quem_me_Ve_Sorrindo_Sei_Chorar_Alegria/track.npy,simac,0.07692307692307693,0.0,0.04,0.0,0.16801911897569138,0.0,0.16216216216216217,0.0
simac/simac_So_Cartola_16-Sofreguidao/track.npy,simac,0.9583333333333334,0.0,0.9583333333333334,0.0,0.8784610921318642,0.0,0.9361702127659574,0.0
simac/simac_So_Cartola_17-A_Mesma_Historia/track.npy,simac,0.9310344827586207,0.0,0.9310344827586207,0.0,0.5897582295855717,0.0,0.8771929824561403,0.0
simac/simac_So_Cartola_18-Peito_Vazio/track.npy,simac,0.8620689655172413,0.0,0.0,0.0,0.3505574061573679,0.0,0.0,0.0
simac/simac_Songs_Adalberto_(Adalberto_Alvarez_y_su_son)_-_Sobre_tu_piel/track.npy,simac,0.2,0.0,0.14285714285714285,0.0,0.46493080952421173,0.0,0.3902439024390244,0.0
simac/simac_Songs_Afrocuba_-_Cambio_de_Clima/track.npy,simac,0.27586206896551724,0.0,0.27586206896551724,0.0,0.31811073840114845,0.0,0.3636363636363637,0.0
simac/simac_Tales_Of_Mystery_And_Imagination_05-_The_System_Of_Doctor_Tarr_And_Professor_Fether/track.npy,simac,0.9523809523809523,0.0,0.9523809523809523,0.0,0.9194053001304384,0.0,0.975609756097561,0.0
simac/simac_Tales_Of_Mystery_And_Imagination_11-To_One_In_Paradise/track.npy,simac,0.95,0.0,0.95,0.0,0.8299211925103192,0.0,0.9230769230769231,0.0
simac/simac_Xatzidakis_11-AudioTrack_11/track.npy,simac,0.9565217391304348,0.0,0.9565217391304348,0.0,0.8419046108507451,0.0,0.9777777777777777,0.0
simac/simac_a_love_supreme_part_1_acknowledgement/track.npy,simac,0.5806451612903226,0.0,0.5806451612903226,0.0,0.5078232108692624,0.0,0.75,0.0
simac/simac_aire_07-La_Alcoba_y_la_mosca/track.npy,simac,1.0,0.0,1.0,0.0,0.8830303707499233,0.0,0.9583333333333334,0.0
simac/simac_blues_roots_es_flat_ahs_flat_too/track.npy,simac,0.6842105263157895,0.0,0.6842105263157895,0.0,0.735026467293746,0.0,0.8533333333333334,0.0
simac/simac_blues_roots_moanin/track.npy,simac,0.41509433962264153,0.0,0.4,0.0,0.7063499739067125,0.0,0.8059701492537313,0.0
simac/simac_greek_Gkoles_-_Atimi_tyxi/track.npy,simac,0.9,0.0,0.9,0.0,0.862018121693903,0.0,0.9310344827586207,0.0
simac/simac_more_greek_Gkoles_-_O_8ermastis/track.npy,simac,1.0,0.0,1.0,0.0,0.9051104704304823,0.0,1.0,0.0
simac/simac_more_greek_Gkoles_-_Xatzikyriakeio/track.npy,simac,0.8888888888888888,0.0,0.8888888888888888,0.0,0.8416859885615078,0.0,0.9615384615384615,0.0
simac/simac_more_greek_Glykeria_-_To_agalma/track.npy,simac,0.9333333333333333,0.0,0.9333333333333333,0.0,0.8309166406465466,0.0,0.9655172413793104,0.0
simac/simac_more_greek_Ksylouris_-_Afton_ton_kosmo_ton_kalo/track.npy,simac,1.0,0.0,1.0,0.0,0.940892115735447,0.0,1.0,0.0
simac/simac_more_greek_Marinella_-_Koita_me_sta_matia/track.npy,simac,0.9333333333333333,0.0,0.9333333333333333,0.0,0.7748931885344327,0.0,0.9655172413793104,0.0
simac/simac_more_greek_Marinella_-_Prin_to_xarama/track.npy,simac,0.9375,0.0,0.9375,0.0,0.9280934867950789,0.0,0.967741935483871,0.0
simac/simac_more_greek_Mitropanos_-_Brexei_sti_ftwxogeitonia/track.npy,simac,0.9473684210526315,0.0,0.9473684210526315,0.0,0.893713492453011,0.0,0.918918918918919,0.0
simac/simac_more_greek_Mosxoliou_-_Koimisou_palikari/track.npy,simac,0.9565217391304348,0.0,0.0,0.0,0.5510649594229066,0.0,0.5714285714285714,0.0
simac/simac_more_greek_Mpi8ikwtsis_-_H_mpalanta_tou_Antrikou/track.npy,simac,0.9354838709677419,0.0,0.9354838709677419,0.0,0.913307271936221,0.0,0.9836065573770492,0.0
simac/simac_more_greek_Mpi8ikwtsis_-_Sto_perigiali_to_kryfo/track.npy,simac,0.8571428571428571,0.0,0.8571428571428571,0.0,0.8275501718690745,0.0,0.888888888888889,0.0
simac/simac_more_greek_Mpi8ikwtsis_-_Xrysoprasino_fyllo/track.npy,simac,0.8571428571428571,0.0,0.8571428571428571,0.0,0.7234142402006158,0.0,0.888888888888889,0.0
simac/simac_selected_ambient_works_8592_ageispolis/track.npy,simac,1.0,0.0,1.0,0.0,0.9838733527176053,0.0,1.0,0.0
simac/simac_selected_ambient_works_8592_xtal/track.npy,simac,1.0,0.0,1.0,0.0,0.8823631061757574,0.0,1.0,0.0
smc/smc_005/track.npy,smc,0.6956521739130435,0.0,0.6956521739130435,0.0,0.2268494971963205,0.0,0.3333333333333333,0.0
smc/smc_011/track.npy,smc,0.6727272727272727,0.0,0.6727272727272727,0.0,0.6916014185548314,0.0,0.7924528301886793,0.0
smc/smc_022/track.npy,smc,0.8421052631578947,0.0,0.8421052631578947,0.0,0.8283316124622659,0.0,0.9210526315789473,0.0
smc/smc_042/track.npy,smc,0.8518518518518519,0.0,0.8518518518518519,0.0,0.6651629367133218,0.0,0.8148148148148148,0.0
smc/smc_044/track.npy,smc,0.6923076923076923,0.0,0.16279069767441862,0.0,0.5418764344391638,0.0,0.608695652173913,0.0
smc/smc_054/track.npy,smc,1.0,0.0,1.0,0.0,0.7594642599122252,0.0,0.9428571428571428,0.0
smc/smc_055/track.npy,smc,0.0,0.0,0.0,0.0,0.24611704692207645,0.0,0.18604651162790695,0.0
smc/smc_067/track.npy,smc,0.9411764705882353,0.0,0.9411764705882353,0.0,0.6060717301379065,0.0,0.8316831683168315,0.0
smc/smc_088/track.npy,smc,0.6764705882352942,0.0,0.6764705882352942,0.0,0.3849938487137458,0.0,0.5423728813559322,0.0
smc/smc_099/track.npy,smc,0.8787878787878788,0.0,0.8787878787878788,0.0,0.4497304763838228,0.0,0.696969696969697,0.0
smc/smc_103/track.npy,smc,0.037037037037037035,0.0,0.018518518518518517,0.0,0.3067355888787488,0.0,0.3835616438356165,0.0
smc/smc_135/track.npy,smc,0.43478260869565216,0.0,0.43478260869565216,0.0,0.616210024717629,0.0,0.7466666666666666,0.0
smc/smc_150/track.npy,smc,0.9242424242424242,0.0,0.9242424242424242,0.0,0.7531986513310832,0.0,0.9384615384615383,0.0
smc/smc_168/track.npy,smc,0.10526315789473684,0.0,0.10526315789473684,0.0,0.09603492826049516,0.0,0.19999999999999998,0.0
smc/smc_171/track.npy,smc,0.5084745762711864,0.0,0.025,0.0,0.3676658235138547,0.0,0.37142857142857144,0.0
smc/smc_179/track.npy,smc,0.47619047619047616,0.0,0.47619047619047616,0.0,0.5627150068189296,0.0,0.7027027027027026,0.0
smc/smc_188/track.npy,smc,0.9285714285714286,0.0,0.9285714285714286,0.0,0.7449034992415868,0.0,0.9818181818181818,0.0
smc/smc_190/track.npy,smc,0.40625,0.0,0.40625,0.0,0.5083546494160418,0.0,0.6451612903225806,0.0
smc/smc_197/track.npy,smc,0.5238095238095238,0.0,0.5238095238095238,0.0,0.20736458417968157,0.0,0.2777777777777778,0.0
smc/smc_208/track.npy,smc,0.8709677419354839,0.0,0.8709677419354839,0.0,0.514251790986343,0.0,0.6666666666666667,0.0
smc/smc_212/track.npy,smc,0.08333333333333333,0.0,0.08333333333333333,0.0,0.14858076621968389,0.0,0.15384615384615385,0.0
smc/smc_237/track.npy,smc,0.2631578947368421,0.0,0.21052631578947367,0.0,0.21282005078784855,0.0,0.2909090909090909,0.0
smc/smc_241/track.npy,smc,0.5581395348837209,0.0,0.5581395348837209,0.0,0.28791814346212913,0.0,0.375,0.0
smc/smc_260/track.npy,smc,0.6981132075471698,0.0,0.6981132075471698,0.0,0.669133179241342,0.0,0.796116504854369,0.0
smc/smc_274/track.npy,smc,0.9879518072289156,0.0,0.0,0.0,0.44832794053034475,0.0,0.0,0.0
smc/smc_286/track.npy,smc,0.9811320754716981,0.0,0.9811320754716981,0.0,0.9694760821686236,0.0,0.9904761904761905,0.0
smc/smc_289/track.npy,smc,1.0,0.0,1.0,0.0,0.8109424850543133,0.0,0.9827586206896551,0.0
tapcorrect/001_youtube_fV4DiAyExN0/track.npy,tapcorrect,0.9870550161812298,0.961038961038961,0.9870550161812298,0.961038961038961,0.9693068527630766,0.9480485070760433,0.993485342019544,0.974025974025974
tapcorrect/011_youtube_M7u5SdjDSQQ/track.npy,tapcorrect,0.9918367346938776,0.7868852459016393,0.9918367346938776,0.7868852459016393,0.9416533273719512,0.78161639935894,0.9938650306748468,0.819672131147541
tapcorrect/019_youtube_jSDukB1pc30/track.npy,tapcorrect,0.9773584905660377,0.9322033898305084,0.9773584905660377,0.9322033898305084,0.9309759056830507,0.9079338404119851,0.9867424242424242,0.951841359773371
tapcorrect/024_youtube_S4X_l8PIobc/track.npy,tapcorrect,0.9957081545064378,0.8135593220338984,0.9957081545064378,0.8135593220338984,0.8614356729851248,0.7161851504479592,0.9935483870967742,0.8135593220338985
tapcorrect/032_youtube_zsmUOdmm02A/track.npy,tapcorrect,0.9915254237288136,0.9887640449438202,0.9915254237288136,0.9887640449438202,0.9279426587880454,0.9377975712258052,0.9957446808510638,0.9943502824858756
tapcorrect/041_youtube_Eh44QPT1mPE/track.npy,tapcorrect,0.8545454545454545,0.631578947368421,0.8545454545454545,0.631578947368421,0.8808187596193304,0.7964227182467901,0.9471698113207547,0.8571428571428572
tapcorrect/046_youtube_ebZZpVFUQDY/track.npy,tapcorrect,0.8491620111731844,0.5939849624060151,0.049019607843137254,0.06956521739130435,0.7268114256181197,0.5697073217110666,0.6521181001283697,0.4835164835164834
tapcorrect/047_youtube_WNa60w5HOB4/track.npy,tapcorrect,0.8655660377358491,0.7547169811320755,0.8655660377358491,0.7547169811320755,0.8803936639955962,0.7688482603335951,0.9079903147699758,0.7884615384615384
tapcorrect/057_youtube_UrN3-lDk9Rs/track.npy,tapcorrect,0.8048048048048048,0.908256880733945,0.8048048048048048,0.908256880733945,0.8949230597625787,0.7755671689971856,0.9271317829457365,0.7981651376146789
tapcorrect/068_youtube_a8LcePfI6Hs/track.npy,tapcorrect,0.8774289985052317,0.5144927536231884,0.8774289985052317,0.5144927536231884,0.8938820883449212,0.7098658911163884,0.9372128637059723,0.7490039840637451
tapcorrect/069_youtube_8kl6q_9qZOs/track.npy,tapcorrect,0.9466327827191868,0.934010152284264,0.9466327827191868,0.934010152284264,0.9274079348452167,0.9070373629454356,0.9701298701298701,0.9637305699481865
tapcorrect/086_youtube_-2WQ_caqBiY/track.npy,tapcorrect,0.9948186528497409,0.9896907216494846,0.9948186528497409,0.9896907216494846,0.9683312505334318,0.9677323732677648,0.9974025974025974,0.9948186528497409
tapcorrect/099_youtube_WHWqj6gKS9g/track.npy,tapcorrect,0.8137931034482758,0.058823529411764705,0.08888888888888889,0.0,0.6385392121671449,0.25302356029924455,0.6602409638554217,0.1782178217821782
asap/Bach_Fugue_bwv_860_Ko04M/track.npy,asap,0.04119850187265917,0.1276595744680851,0.04119850187265917,0.0,0.46392603286542927,0.27031534043229194,0.47465437788018433,0.2769230769230769
asap/Bach_Fugue_bwv_860_Nikiforov05M/track.npy,asap,0.025362318840579712,0.06349206349206349,0.025362318840579712,0.012048192771084338,0.4433617632027732,0.27684183344355906,0.45598194130925507,0.273972602739726
asap/Bach_Fugue_bwv_860_Tetzloff04M/track.npy,asap,0.008869179600886918,0.5272727272727272,0.008869179600886918,0.11811023622047244,0.47704047982669046,0.5953263892547873,0.4951456310679611,0.5428571428571428
asap/Bach_Fugue_bwv_860_TuanS01M/track.npy,asap,0.005571030640668524,0.12962962962962962,0.002785515320334262,0.060240963855421686,0.44788628496136795,0.21743410503688437,0.4600760456273765,0.218978102189781
asap/Bach_Fugue_bwv_860_YoungS01M/track.npy,asap,0.07975460122699386,0.21686746987951808,0.07975460122699386,0.21686746987951808,0.5351232297018144,0.35857736778792393,0.5487804878048781,0.36363636363636365
asap/Bach_Fugue_bwv_860_ZhangH04M/track.npy,asap,0.010126582278481013,0.2289156626506024,0.002531645569620253,0.2289156626506024,0.44588628666474533,0.47665946475968934,0.4626334519572953,0.5030674846625767
asap/Bach_Fugue_bwv_880_LeungR01M/track.npy,asap,0.9946524064171123,0.6956521739130435,0.9946524064171123,0.0,0.9681506326729709,0.6134190550655862,0.9973190348525469,0.5611510791366907
asap/Bach_Fugue_bwv_880_WangA04M/track.npy,asap,0.9789473684210527,0.5319148936170213,0.9789473684210527,0.0,0.9691354845042077,0.46739601845743456,0.9920424403183024,0.3829787234042553
asap/Bach_Fugue_bwv_893_Kleisen04M/track.npy,asap,0.3204225352112676,0.2127659574468085,0.3204225352112676,0.0,0.7279777019337522,0.36415779081842725,0.7608695652173912,0.37795275590551186
asap/Bach_Fugue_bwv_893_Levitsky04M/track.npy,asap,0.3916083916083916,0.06382978723404255,0.07746478873239436,0.0,0.6412316966533037,0.21954135861928797,0.6697892271662763,0.20312500000000003
asap/Bach_Fugue_bwv_893_Wong01M/track.npy,asap,0.16783216783216784,0.0425531914893617,0.042105263157894736,0.0,0.4413905702390736,0.3002444054951672,0.441025641025641,0.2833333333333333
asap/Bach_Prelude_bwv_864_SunD01M/track.npy,asap,0.375,0.2727272727272727,0.375,0.2727272727272727,0.5316089664130366,0.36538667106375444,0.5189873417721519,0.3684210526315789
asap/Bach_Prelude_bwv_884_LiA01M/track.npy,asap,0.9259259259259259,0.5909090909090909,0.9259259259259259,0.5909090909090909,0.9403246881578683,0.8133800587305126,0.966542750929368,0.8354430379746834
asap/Bach_Prelude_bwv_887_LiYZ01M/track.npy,asap,0.9739583333333334,0.7083333333333334,0.9739583333333334,0.7083333333333334,0.9661226636423984,0.8423364832663963,0.9869451697127937,0.8571428571428572
asap/Balakirev_Islamey_CHEN10M/track.npy,asap,0.4392614188532556,0.15,0.4392614188532556,0.15,0.685382390495176,0.3657997247421256,0.7297895902547066,0.3898305084745763
asap/Balakirev_Islamey_Na08M/track.npy,asap,0.2654320987654321,0.19469026548672566,0.25146198830409355,0.19469026548672566,0.6260536506438839,0.4223588271503267,0.6642771804062126,0.44524236983842014
asap/Balakirev_Islamey_Yi04M/track.npy,asap,0.5460717749757517,0.182648401826484,0.5460717749757517,0.07647058823529412,0.7590346162316186,0.3691334985988808,0.7903225806451613,0.3828264758497316
asap/Beethoven_Piano_Sonatas_17-2_USHIKI05M/track.npy,asap,0.45662847790507366,0.12149532710280374,0.2243436754176611,0.12149532710280374,0.6734437960327684,0.3669484516446749,0.7062068965517243,0.3827751196172249
asap/Beethoven_Piano_Sonatas_26-1_HuNY02M/track.npy,asap,0.794314381270903,0.35294117647058826,0.02092050209205021,0.0,0.7449168323845343,0.47764637393218845,0.6324022346368715,0.48054919908466814
asap/Beethoven_Piano_Sonatas_26-1_Sham03M/track.npy,asap,0.8444816053511706,0.36585365853658536,0.011715481171548118,0.18566775244299674,0.7600460193325156,0.592019147627341,0.6368715083798884,0.6072186836518048
asap/Beethoven_Piano_Sonatas_26-1_Zhdanov05M/track.npy,asap,0.754180602006689,0.4527687296416938,0.0100418410041841,0.4527687296416938,0.7197338842019333,0.6840744280119879,0.6133933595948228,0.7159533073929961
asap/Beethoven_Piano_Sonatas_26-1_no_repeat_Kim02M/track.npy,asap,0.6903353057199211,0.25984251968503935,0.0508646998982706,0.1220472440944882,0.7201396218590705,0.4999090949361748,0.6322147651006712,0.5212765957446809
asap/Beethoven_Piano_Sonatas_4-1_Chon03M/track.npy,asap,0.7717842323651453,0.43258426966292135,0.7717842323651453,0.047752808988764044,0.8136867677528323,0.4215517402521113,0.8521617852161785,0.37593984962406013
asap/Beethoven_Piano_Sonatas_4-1_LeeE02M/track.npy,asap,0.6646266829865362,0.4368932038834951,0.6646266829865362,0.17696629213483145,0.8151000606786415,0.586650061892964,0.837696335078534,0.5658362989323843
asap/Beethoven_Piano_Sonatas_4-1_LiA04M/track.npy,asap,0.8115330520393812,0.2896174863387978,0.8115330520393812,0.16573033707865167,0.8519504751014219,0.50339672605061,0.8800567778566359,0.49350649350649356
asap/Beethoven_Piano_Sonatas_4-1_SirajA02M/track.npy,asap,0.727735368956743,0.3258426966292135,0.727735368956743,0.0898876404494382,0.8345347598572219,0.45460879967131196,0.8691588785046729,0.4315992292870906
asap/Chopin_Etudes_op_10_10_WangH02M/track.npy,asap,0.4791666666666667,0.22972972972972974,0.061224489795918366,0.22972972972972974,0.6206870890133427,0.41539355597163524,0.588477366255144,0.46153846153846156
asap/Chopin_Etudes_op_10_4_Duepree06M/track.npy,asap,0.8924050632911392,0.7721518987341772,0.8924050632911392,0.7721518987341772,0.893639334024645,0.7569434699343847,0.9492063492063493,0.7848101265822784
asap/Chopin_Etudes_op_10_4_Knoll03M/track.npy,asap,0.9361022364217252,0.7215189873417721,0.9361022364217252,0.7215189873417721,0.9267159545029341,0.727301150203227,0.9759229534510432,0.759493670886076
asap/Chopin_Etudes_op_10_4_Kurz03M/track.npy,asap,0.8853503184713376,0.5679012345679012,0.8853503184713376,0.5679012345679012,0.9202885317942996,0.6031572715067235,0.9497568881685575,0.6250000000000001
asap/Chopin_Etudes_op_10_4_LeeSH03M/track.npy,asap,0.9456869009584664,0.8227848101265823,0.9456869009584664,0.8227848101265823,0.9276643965030202,0.7642357282955822,0.9791332263242376,0.8152866242038216
asap/Chopin_Etudes_op_10_4_Sladek03M/track.npy,asap,0.7699680511182109,0.2087912087912088,0.7699680511182109,0.2087912087912088,0.8548280895225829,0.33073437894002333,0.896551724137931,0.3411764705882353
asap/Chopin_Etudes_op_10_4_Yi03M/track.npy,asap,0.8885350318471338,0.5316455696202531,0.8885350318471338,0.5316455696202531,0.8900480896178582,0.5926457461519498,0.9312000000000001,0.6258503401360545
asap/Chopin_Etudes_op_10_4_ZhangE03M/track.npy,asap,0.9297124600638977,0.532608695652174,0.9297124600638977,0.532608695652174,0.9172366765875423,0.6798664625720549,0.9886914378029079,0.7602339181286549
asap/Chopin_Etudes_op_10_4_ZhaoA03M/track.npy,asap,0.9462025316455697,0.9367088607594937,0.9462025316455697,0.9367088607594937,0.9312528940953616,0.8575048516310789,0.9777777777777777,0.9113924050632911
asap/Chopin_Etudes_op_25_11_KimSuyeon03M/track.npy,asap,0.8430851063829787,0.5,0.8430851063829787,0.5,0.844417068634147,0.5981542264087204,0.9125168236877523,0.6285714285714286
asap/Chopin_Etudes_op_25_11_KyykhynenT10M/track.npy,asap,0.9230769230769231,0.7894736842105263,0.9230769230769231,0.7894736842105263,0.8931290483759524,0.8079937397393935,0.9625668449197861,0.8465608465608466
asap/Chopin_Etudes_op_25_11_Lisiecki07M/track.npy,asap,0.8201058201058201,0.5096153846153846,0.8201058201058201,0.5096153846153846,0.8367385908217384,0.6735557463757975,0.8867924528301887,0.71356783919598
asap/Chopin_Etudes_op_25_11_MiyashitaM03M/track.npy,asap,0.8779840848806366,0.6476190476190476,0.8779840848806366,0.6476190476190476,0.8791444634586577,0.7620973237415346,0.9232839838492598,0.79
asap/Chopin_Etudes_op_25_11_Sham02M/track.npy,asap,0.8828125,0.6105263157894737,0.8828125,0.6105263157894737,0.8769919240426168,0.7112600248149684,0.9238845144356956,0.7403314917127073
asap/Chopin_Etudes_op_25_11_Shychko03M/track.npy,asap,0.8733509234828496,0.39090909090909093,0.8733509234828496,0.39090909090909093,0.8488947961527729,0.5537517975869699,0.9139072847682118,0.5784313725490196
asap/Chopin_Etudes_op_25_11_Song02M/track.npy,asap,0.9206349206349206,0.8526315789473684,0.9206349206349206,0.8526315789473684,0.8960219412375127,0.868892654653419,0.9441489361702128,0.8829787234042553
asap/Chopin_Etudes_op_25_11_WangA02M/track.npy,asap,0.8426666666666667,0.3025210084033613,0.8426666666666667,0.3025210084033613,0.853918636888218,0.5515574397618089,0.8990578734858682,0.5727699530516431
asap/Chopin_Sonata_3_4th_GarritsonL11M/track.npy,asap,0.8193202146690519,0.18928571428571428,0.8193202146690519,0.18928571428571428,0.8428430363461095,0.4812545793010163,0.9155313351498637,0.5046728971962616
asap/Chopin_Sonata_3_4th_HuangSW06M/track.npy,asap,0.8461538461538461,0.34285714285714286,0.8461538461538461,0.34285714285714286,0.8547478050846637,0.6583058664090593,0.9208371246587806,0.70042194092827
asap/Chopin_Sonata_3_4th_KimSJ10M/track.npy,asap,0.5893854748603352,0.45195729537366547,0.5893854748603352,0.45195729537366547,0.790358428031426,0.5762443822687117,0.8316366483946751,0.6011342155009451
asap/Chopin_Sonata_3_4th_KimSY23M/track.npy,asap,0.7224806201550388,0.35,0.7224806201550388,0.35,0.828324701644518,0.6091561477862609,0.8846473029045643,0.652892561983471
asap/Haydn_Keyboard_Sonatas_39-1_Yarden07M/track.npy,asap,0.6994219653179191,0.15894039735099338,0.6994219653179191,0.15894039735099338,0.8258084709735319,0.4485661095659534,0.8580246913580247,0.45669291338582685
asap/Haydn_Keyboard_Sonatas_48-2_GarritsonL03M/track.npy,asap,0.7894736842105263,0.3472222222222222,0.09598603839441536,0.0313588850174216,0.7810792387147487,0.539592041730121,0.6887115165336373,0.5563549160671463
asap/Haydn_Keyboard_Sonatas_48-2_PrjevalskayaM03M/track.npy,asap,0.5942857142857143,0.2222222222222222,0.21951219512195122,0.0,0.777766633449267,0.46075730514799945,0.7337662337662338,0.47150259067357514
asap/Mozart_Piano_Sonatas_12-3_MunA05M/track.npy,asap,0.9403292181069959,0.49166666666666664,0.9403292181069959,0.49166666666666664,0.9378527067582066,0.7896430789404325,0.96794208893485,0.8173076923076923
asap/Mozart_Piano_Sonatas_12-3_WuuE04M/track.npy,asap,0.7438330170777988,0.25,0.7438330170777988,0.25,0.8460001390921652,0.581569899081862,0.8690476190476191,0.5989847715736041
asap/Schubert_Impromptu_op.90_D.899_4_no_repeat_Huang10M/track.npy,asap,0.542997542997543,0.2647058823529412,0.542997542997543,0.2647058823529412,0.7547077564312868,0.5439355857025752,0.8025659301496793,0.5714285714285715
asap/Schubert_Impromptu_op.90_D.899_4_no_repeat_Lin11M/track.npy,asap,0.7084870848708487,0.39114391143911437,0.7084870848708487,0.39114391143911437,0.8385599756229923,0.6618405800994406,0.8718626155878468,0.6832579185520362
asap/Schubert_Impromptu_op.90_D.899_4_no_repeat_LuoJ09M/track.npy,asap,0.5227552275522755,0.34686346863468637,0.5227552275522755,0.34686346863468637,0.7884926629079897,0.681957407229318,0.8069414316702821,0.6962616822429908
asap/Schubert_Impromptu_op.90_D.899_4_no_repeat_WongWY08M/track.npy,asap,0.36654366543665434,0.15441176470588236,0.36654366543665434,0.11808118081180811,0.6434099841580266,0.44880553349672875,0.6896551724137933,0.5116279069767442
asap/Schubert_Moment_Musical_no_1_MunA10M/track.npy,asap,0.578544061302682,0.23841059602649006,0.578544061302682,0.23841059602649006,0.7670322277698254,0.4335426022286737,0.8324768756423432,0.4788732394366197
ballroom/ballroom_Albums-AnaBelen_Veneo-03/track.npy,ballroom,1.0,1.0,1.0,1.0,0.8957446113189707,0.8629369654641327,1.0,1.0
ballroom/ballroom_Albums-Ballroom_Classics4-05/track.npy,ballroom,0.972972972972973,1.0,0.972972972972973,1.0,0.7093413665801631,0.7935712823537143,0.9041095890410958,0.9166666666666666
ballroom/ballroom_Albums-Ballroom_Magic-03/track.npy,ballroom,0.9736842105263158,1.0,0.9736842105263158,0.0,0.8652231992002275,0.5029204882026669,0.9333333333333332,0.4444444444444444
ballroom/ballroom_Albums-Ballroom_Magic-11/track.npy,ballroom,0.9866666666666667,1.0,0.9866666666666667,1.0,0.9565160969991278,0.9557632766444744,0.9932885906040269,1.0
ballroom/ballroom_Albums-Cafe_Paradiso-05/track.npy,ballroom,0.9622641509433962,0.7692307692307693,0.9622641509433962,0.7692307692307693,0.9746958522370922,0.7611493959692465,0.9904761904761905,0.7692307692307693
ballroom/ballroom_Albums-Cafe_Paradiso-08/track.npy,ballroom,0.9807692307692307,1.0,0.9807692307692307,1.0,0.9669808854367024,0.9679505563681732,0.9902912621359222,1.0
ballroom/ballroom_Albums-Cafe_Paradiso-11/track.npy,ballroom,1.0,1.0,1.0,1.0,0.97262947140485,0.9825604755588818,1.0,1.0
ballroom/ballroom_Albums-Cafe_Paradiso-16/track.npy,ballroom,0.9861111111111112,1.0,0.9861111111111112,1.0,0.9544525891693213,0.954124560811421,0.993006993006993,1.0
ballroom/ballroom_Albums-Chrisanne1-01/track.npy,ballroom,0.9722222222222222,1.0,0.9722222222222222,1.0,0.8099468299724878,0.8220014044099458,0.9859154929577464,1.0
ballroom/ballroom_Albums-Chrisanne1-04/track.npy,ballroom,1.0,1.0,1.0,1.0,0.8941960196530419,0.898556098322661,1.0,1.0
ballroom/ballroom_Albums-Chrisanne1-14/track.npy,ballroom,0.9880952380952381,1.0,0.9880952380952381,1.0,0.9090447960954503,0.9118049168181501,1.0,1.0
ballroom/ballroom_Albums-Chrisanne2-05/track.npy,ballroom,1.0,0.875,1.0,0.0,0.9570979180103376,0.10895705601477158,1.0,0.09090909090909091
ballroom/ballroom_Albums-Chrisanne2-06/track.npy,ballroom,1.0,1.0,1.0,1.0,0.9746385205977387,0.963160141370851,1.0,1.0
ballroom/ballroom_Albums-Chrisanne3-01/track.npy,ballroom,0.9722222222222222,0.9166666666666666,0.9722222222222222,0.9166666666666666,0.8959972885755307,0.8634373472364324,0.9859154929577464,0.9565217391304348
ballroom/ballroom_Albums-Chrisanne3-02/track.npy,ballroom,1.0,1.0,1.0,1.0,0.932663997667789,0.8957532907610986,1.0,1.0
ballroom/ballroom_Albums-Chrisanne3-06/track.npy,ballroom,1.0,1.0,1.0,1.0,0.9425820361182407,0.9313537043060959,1.0,1.0
ballroom/ballroom_Albums-Chrisanne3-09/track.npy,ballroom,0.96,0.8,0.96,0.8,0.93559769426495,0.7488296974767831,0.9866666666666668,0.8000000000000002
ballroom/ballroom_Albums-GloriaEstefan_MiTierra-11/track.npy,ballroom,1.0,1.0,1.0,1.0,0.948069277579804,0.9688057196676471,1.0,1.0
ballroom/ballroom_Albums-Latin_Jam-04/track.npy,ballroom,1.0,1.0,1.0,1.0,0.9659769146972452,0.9622069563350912,1.0,1.0
ballroom/ballroom_Albums-Latin_Jam-08/track.npy,ballroom,1.0,1.0,1.0,1.0,0.962666685397948,0.9612726915522851,1.0,1.0
ballroom/ballroom_Albums-Latin_Jam-09/track.npy,ballroom,0.9772727272727273,1.0,0.9772727272727273,1.0,0.9607514726630776,0.980355053843727,0.9885057471264368,1.0
ballroom/ballroom_Albums-Latin_Jam-11/track.npy,ballroom,0.9864864864864865,0.9473684210526315,0.9864864864864865,0.9473684210526315,0.9677367285588434,0.9494816463410447,0.9931972789115647,0.972972972972973
ballroom/ballroom_Albums-Latin_Jam2-05/track.npy,ballroom,1.0,1.0,1.0,1.0,0.9843146444967357,0.9845590941959365,1.0,1.0
ballroom/ballroom_Albums-Latin_Jam2-07/track.npy,ballroom,0.9772727272727273,1.0,0.9772727272727273,1.0,0.9452848080695085,0.9857814970678195,0.9885057471264368,1.0
ballroom/ballroom_Albums-Latin_Jam3-01/track.npy,ballroom,0.9807692307692307,1.0,0.9807692307692307,1.0,0.97027355670413,0.9743858758624526,0.9902912621359222,1.0
ballroom/ballroom_Albums-Latin_Jam3-06/track.npy,ballroom,1.0,1.0,1.0,1.0,0.9821262890972351,0.9773670164848374,1.0,1.0
ballroom/ballroom_Albums-Latin_Jam4-05/track.npy,ballroom,1.0,0.8947368421052632,1.0,0.0,0.9855011879700811,0.4648237397190163,1.0,0.0
ballroom/ballroom_Albums-Pais_Tropical-11/track.npy,ballroom,1.0,1.0,1.0,1.0,0.9420691223143177,0.9725558411817415,1.0,1.0
ballroom/ballroom_Albums-Pais_Tropical-15/track.npy,ballroom,1.0,1.0,1.0,1.0,0.9757430107936709,0.9720099098543336,1.0,1.0
ballroom/ballroom_Albums-Step_By_Step-15/track.npy,ballroom,0.9883720930232558,1.0,0.9883720930232558,1.0,0.9532974368844722,0.9561340849945108,0.9941520467836257,1.0
ballroom/ballroom_Albums-Step_By_Step-17/track.npy,ballroom,0.9770114942528736,0.7272727272727273,0.9770114942528736,0.7272727272727273,0.9478778045027252,0.7373569592751317,0.9883720930232558,0.7727272727272727
ballroom/ballroom_Albums-StrictlyDancing_Tango-08/track.npy,ballroom,0.9807692307692307,1.0,0.9807692307692307,1.0,0.9514716713835752,0.9508123150625517,0.9902912621359222,1.0
ballroom/ballroom_Media-100606/track.npy,ballroom,1.0,1.0,1.0,1.0,0.9720879501166765,0.9712122167786933,1.0,1.0
ballroom/ballroom_Media-100615/track.npy,ballroom,1.0,1.0,1.0,1.0,0.9351775930870009,0.9197446445879658,1.0,1.0
ballroom/ballroom_Media-103403/track.npy,ballroom,0.98,0.9230769230769231,0.98,0.9230769230769231,0.9695056717159101,0.9479781687415314,0.98989898989899,0.9600000000000001
ballroom/ballroom_Media-103404/track.npy,ballroom,0.9807692307692307,1.0,0.9807692307692307,1.0,0.970833550534429,0.9794290336460428,0.9902912621359222,1.0
ballroom/ballroom_Media-103416/track.npy,ballroom,1.0,1.0,1.0,1.0,0.9630471569542335,0.9753224554388749,1.0,1.0
ballroom/ballroom_Media-103506/track.npy,ballroom,0.9736842105263158,1.0,0.9736842105263158,1.0,0.9242512191961564,0.9626885137629058,0.9866666666666666,1.0
ballroom/ballroom_Media-103513/track.npy,ballroom,1.0,1.0,1.0,1.0,0.9614686936989536,0.95645924441865,1.0,1.0
ballroom/ballroom_Media-103516/track.npy,ballroom,0.9857142857142858,1.0,0.9857142857142858,1.0,0.8767333588092096,0.8670411199229643,0.9928057553956835,1.0
ballroom/ballroom_Media-103601/track.npy,ballroom,0.9795918367346939,1.0,0.9795918367346939,1.0,0.9719424850754418,0.9662876159391436,0.9896907216494846,1.0
ballroom/ballroom_Media-103609/track.npy,ballroom,1.0,1.0,1.0,1.0,0.8972271932774111,0.9040782585140403,1.0,1.0
ballroom/ballroom_Media-103707/track.npy,ballroom,0.9767441860465116,0.9090909090909091,0.9767441860465116,0.9090909090909091,0.9673076213028348,0.9311779653818019,0.988235294117647,0.9523809523809523
ballroom/ballroom_Media-103711/track.npy,ballroom,1.0,1.0,1.0,1.0,0.9416478002043027,0.9052852572292864,1.0,1.0
ballroom/ballroom_Media-103719/track.npy,ballroom,1.0,1.0,1.0,1.0,0.9784959921973718,0.9728802338031078,1.0,1.0
ballroom/ballroom_Media-103801/track.npy,ballroom,0.6730769230769231,0.8461538461538461,0.25,0.8461538461538461,0.44649680734120967,0.2099704740035041,0.27450980392156865,0.24000000000000002
ballroom/ballroom_Media-103802/track.npy,ballroom,1.0,1.0,1.0,1.0,0.9879031474668735,0.9822952896454465,1.0,1.0
ballroom/ballroom_Media-103805/track.npy,ballroom,1.0,1.0,1.0,1.0,0.9714185366738047,0.986489119289718,1.0,1.0
ballroom/ballroom_Media-103806/track.npy,ballroom,0.9523809523809523,0.5454545454545454,0.9523809523809523,0.5454545454545454,0.9733617663920433,0.5679268638664674,0.9879518072289156,0.5714285714285713
ballroom/ballroom_Media-103810/track.npy,ballroom,1.0,1.0,1.0,1.0,0.9360134257781707,0.9423413584211243,1.0,1.0
ballroom/ballroom_Media-103908/track.npy,ballroom,1.0,1.0,1.0,1.0,0.9792941050323564,0.9681018586499957,1.0,1.0
ballroom/ballroom_Media-103911/track.npy,ballroom,0.6842105263157895,0.8,0.6842105263157895,0.8,0.7915847471399533,0.8785475907250844,0.8125000000000001,0.888888888888889
ballroom/ballroom_Media-104004/track.npy,ballroom,0.975609756097561,0.0,0.975609756097561,0.0,0.9461828776905953,2.8583575641388426e-48,0.9876543209876543,0.0
ballroom/ballroom_Media-104206/track.npy,ballroom,0.9814814814814815,0.9285714285714286,0.9814814814814815,0.9285714285714286,0.9365010602464622,0.9181660255019308,0.9906542056074767,0.962962962962963
ballroom/ballroom_Media-104209/track.npy,ballroom,0.9868421052631579,0.9615384615384616,0.9868421052631579,0.9615384615384616,0.9554888452765895,0.9438368960386289,0.9933774834437086,0.9803921568627451
ballroom/ballroom_Media-104216/track.npy,ballroom,0.9880952380952381,0.9523809523809523,0.9880952380952381,0.9523809523809523,0.9696495038416517,0.9472854393815762,0.9940119760479043,0.975609756097561
ballroom/ballroom_Media-104308/track.npy,ballroom,1.0,1.0,1.0,1.0,0.9795180504233764,0.9790541486021115,1.0,1.0
ballroom/ballroom_Media-104317/track.npy,ballroom,0.9886363636363636,1.0,0.9886363636363636,1.0,0.9509493507314489,0.9464350138070359,0.9942857142857142,1.0
ballroom/ballroom_Media-104507/track.npy,ballroom,0.9736842105263158,1.0,0.9736842105263158,1.0,0.9335513457713543,0.9232371714843208,0.9933774834437086,1.0
ballroom/ballroom_Media-104807/track.npy,ballroom,0.9821428571428571,1.0,0.9821428571428571,1.0,0.9626697323971228,0.9660928313242989,0.9909909909909909,1.0
ballroom/ballroom_Media-104901/track.npy,ballroom,1.0,1.0,1.0,1.0,0.92449367559829,0.9591401948344506,1.0,1.0
ballroom/ballroom_Media-104908/track.npy,ballroom,0.9864864864864865,0.96,0.9864864864864865,0.96,0.9531379530570211,0.9544461916191394,0.9931972789115647,0.9795918367346939
ballroom/ballroom_Media-104918/track.npy,ballroom,1.0,1.0,1.0,1.0,0.9350184527082285,0.9472799621087633,1.0,1.0
ballroom/ballroom_Media-105002/track.npy,ballroom,1.0,1.0,1.0,1.0,0.8842040475212878,0.9271618981223472,1.0,1.0
ballroom/ballroom_Media-105005/track.npy,ballroom,1.0,1.0,1.0,1.0,0.9248847205047807,0.9228820769378442,1.0,1.0
ballroom/ballroom_Media-105011/track.npy,ballroom,0.9868421052631579,0.9615384615384616,0.9868421052631579,0.9615384615384616,0.9529925276305435,0.9450182712806013,0.9933774834437086,0.9803921568627451
ballroom/ballroom_Media-105103/track.npy,ballroom,0.9722222222222222,0.9166666666666666,0.9722222222222222,0.9166666666666666,0.8211867306176992,0.7905089058742768,0.9859154929577464,0.9565217391304348
ballroom/ballroom_Media-105210/track.npy,ballroom,1.0,1.0,1.0,1.0,0.9283684551909106,0.9382808937431776,1.0,1.0
ballroom/ballroom_Media-105304/track.npy,ballroom,0.9722222222222222,0.9166666666666666,0.9722222222222222,0.9166666666666666,0.8875127198049552,0.861068521493771,0.9859154929577464,0.9565217391304348
ballroom/ballroom_Media-105313/track.npy,ballroom,0.9880952380952381,0.9523809523809523,0.9880952380952381,0.9523809523809523,0.9099856656545166,0.8557296714565654,0.9940119760479043,0.975609756097561
ballroom/ballroom_Media-105317/track.npy,ballroom,0.9814814814814815,1.0,0.9814814814814815,1.0,0.8947907483064854,0.9037318605598977,0.9906542056074767,1.0
ballroom/ballroom_Media-105402/track.npy,ballroom,0.9761904761904762,1.0,0.9761904761904762,1.0,0.9525503627831818,0.9752671168673365,0.9879518072289156,1.0
ballroom/ballroom_Media-105411/track.npy,ballroom,1.0,1.0,1.0,1.0,0.9384239153951562,0.9779733475701299,1.0,1.0
ballroom/ballroom_Media-105415/track.npy,ballroom,0.9861111111111112,1.0,0.9861111111111112,1.0,0.9594170272883248,0.9540630025151141,0.993006993006993,1.0
ballroom/ballroom_Media-105502/track.npy,ballroom,0.972972972972973,1.0,0.972972972972973,1.0,0.7672066579989656,0.828547654955092,0.9589041095890412,1.0
ballroom/ballroom_Media-105509/track.npy,ballroom,0.9594594594594594,1.0,0.9594594594594594,1.0,0.9424218644594683,0.957388538439009,0.9864864864864865,1.0
ballroom/ballroom_Media-105607/track.npy,ballroom,0.9761904761904762,1.0,0.9761904761904762,1.0,0.9712625645223582,0.9837284165069655,0.9879518072289156,1.0
ballroom/ballroom_Media-105706/track.npy,ballroom,0.9464285714285714,0.9285714285714286,0.9464285714285714,0.9285714285714286,0.9479832437974327,0.9303152683116869,0.9724770642201834,0.962962962962963
ballroom/ballroom_Media-105715/track.npy,ballroom,0.9659090909090909,1.0,0.9659090909090909,1.0,0.9158145716048076,0.909217016638504,0.9826589595375723,1.0
ballroom/ballroom_Media-105717/track.npy,ballroom,0.9659090909090909,1.0,0.9659090909090909,1.0,0.8945814578397902,0.8983468472401767,0.9826589595375723,1.0
ballroom/ballroom_Media-105805/track.npy,ballroom,1.0,1.0,1.0,1.0,0.9211015677880686,0.9591352380906889,1.0,1.0
ballroom/ballroom_Media-105904/track.npy,ballroom,1.0,1.0,1.0,1.0,0.9723452578214697,0.9745887408661101,1.0,1.0
ballroom/ballroom_Media-106107/track.npy,ballroom,0.9534883720930233,0.9090909090909091,0.9534883720930233,0.9090909090909091,0.9418514955608922,0.9173604344717076,0.9761904761904763,0.9523809523809523
ballroom/ballroom_Media-106109/track.npy,ballroom,0.9772727272727273,1.0,0.9772727272727273,1.0,0.9630085767989103,0.9771460399035341,0.9885057471264368,1.0
ballroom/ballroom_Media-106116/track.npy,ballroom,0.9594594594594594,1.0,0.9594594594594594,1.0,0.9620866719497974,0.9773153192013102,0.9793103448275862,1.0
ballroom/ballroom_Media-106117/track.npy,ballroom,0.95,1.0,0.95,1.0,0.8526967232906235,0.8403177093667378,0.9743589743589743,1.0
beatles/beatles_01_Please_Please_Me_02_Misery/track.npy,beatles,0.9636363636363636,0.9818181818181818,0.9636363636363636,0.9818181818181818,0.9437368529058059,0.944634101094389,0.981651376146789,0.9908256880733944
beatles/beatles_01_Please_Please_Me_07_Please_Please_Me/track.npy,beatles,0.99609375,1.0,0.99609375,1.0,0.9402338170852859,0.9417669051750697,0.9980430528375733,1.0
beatles/beatles_02_With_the_Beatles_11_I_Wanna_Be_Your_Man/track.npy,beatles,0.4394366197183099,0.4065934065934066,0.3716475095785441,0.3384615384615385,0.7501331877945947,0.7188734676012888,0.8063781321184511,0.7567567567567568
beatles/beatles_03_A_Hard_Days_Night_02_I_Should_Have_Known_Better/track.npy,beatles,0.9970149253731343,1.0,0.9970149253731343,1.0,0.9762141931739841,0.9773710994200518,0.9985052316890882,1.0
beatles/beatles_03_A_Hard_Days_Night_05_And_I_Love_Her/track.npy,beatles,1.0,1.0,1.0,1.0,0.9751039013004447,0.977133988849302,1.0,1.0
beatles/beatles_04_Beatles_for_Sale_03_Babys_In_Black/track.npy,beatles,0.8905109489051095,0.4117647058823529,0.8905109489051095,0.4117647058823529,0.33431018222235237,0.1441991142181815,0.7293233082706767,0.3225806451612903
beatles/beatles_04_Beatles_for_Sale_06_Mr_Moonlight/track.npy,beatles,0.9903225806451613,0.8974358974358975,0.9903225806451613,0.8974358974358975,0.7241960657162798,0.6772420598455215,0.9902912621359222,0.9032258064516129
beatles/beatles_05_Help_05_Another_Girl/track.npy,beatles,0.9713467048710601,0.8372093023255814,0.0029239766081871343,0.0,0.6686624538392945,0.5690628521856274,0.6615087040618955,0.5736434108527131
beatles/beatles_05_Help_12_Ive_Just_Seen_a_Face/track.npy,beatles,0.811965811965812,0.864406779661017,0.811965811965812,0.864406779661017,0.7247069912910732,0.6589995100088134,0.8516129032258064,0.7692307692307694
beatles/beatles_06_Rubber_Soul_02_Norwegian_Wood_(This_Bird_Has_Flown)/track.npy,beatles,0.9912023460410557,0.7192982456140351,0.9912023460410557,0.7192982456140351,0.9003995694520143,0.79311501761513,0.9941348973607038,0.8785046728971964
beatles/beatles_07_Revolver_01_Taxman/track.npy,beatles,0.9940298507462687,1.0,0.9940298507462687,1.0,0.9262183501104853,0.9335448354501491,0.997005988023952,1.0
beatles/beatles_07_Revolver_05_Here_There_And_Everywhere/track.npy,beatles,0.9505494505494505,0.9130434782608695,0.9505494505494505,0.9130434782608695,0.9324700720173161,0.9052914599774964,0.9777777777777779,0.9555555555555557
beatles/beatles_08_Sgt_Peppers_Lonely_Hearts_Club_Band_08_Within_You_Without_You/track.npy,beatles,0.6884681583476764,0.4142857142857143,0.6884681583476764,0.4142857142857143,0.6966456931775705,0.46521245363093316,0.7426008968609866,0.4908424908424909
beatles/beatles_08_Sgt_Peppers_Lonely_Hearts_Club_Band_10_Lovely_Rita/track.npy,beatles,1.0,1.0,1.0,1.0,0.9625459104134325,0.9531135540607827,1.0,1.0
beatles/beatles_09_Magical_Mystery_Tour_08_Strawberry_Fields_Forever/track.npy,beatles,0.899736147757256,0.6530612244897959,0.899736147757256,0.6530612244897959,0.7453081790568133,0.6200489521015284,0.9059139784946237,0.7628865979381444
beatles/beatles_10_CD1_The_Beatles_07_While_My_Guitar_Gently_Weeps/track.npy,beatles,0.8519924098671727,0.8939393939393939,0.8519924098671727,0.8939393939393939,0.914965145085824,0.9171191117216361,0.961576354679803,0.9727626459143969
beatles/beatles_10_CD1_The_Beatles_12_Piggies/track.npy,beatles,0.9819277108433735,0.5555555555555556,0.9819277108433735,0.5555555555555556,0.9055567260620317,0.7839914989821435,0.9909365558912386,0.8750000000000001
beatles/beatles_10_CD1_The_Beatles_17_Julia/track.npy,beatles,0.7692307692307693,0.6739130434782609,0.7692307692307693,0.6739130434782609,0.8736704313531471,0.8341080203500053,0.9360613810741688,0.8862275449101796
beatles/beatles_10_CD2_The_Beatles_02_Yer_Blues/track.npy,beatles,0.9293893129770993,0.375886524822695,0.9293893129770993,0.375886524822695,0.8654835810462244,0.5886786036540664,0.9374398460057748,0.6332046332046332
beatles/beatles_11_Abbey_Road_04_Oh_Darling/track.npy,beatles,0.0,0.575,0.0,0.0,0.47823800571436825,0.6368792972526401,0.4960212201591512,0.5269461077844311
beatles/beatles_11_Abbey_Road_06_I_Want_You/track.npy,beatles,0.7895812053115424,0.46384039900249374,0.7895812053115424,0.08118081180811808,0.9111501968593954,0.6417695890151629,0.9373326191751473,0.5805084745762712
beatles/beatles_12_Let_It_Be_07_Maggie_Mae/track.npy,beatles,0.9666666666666667,0.6086956521739131,0.011111111111111112,0.0,0.7867286273898764,0.5547567738817686,0.6666666666666666,0.4705882352941176
candombe/csic.1995_ansina1_01/track.npy,candombe,1.0,1.0,1.0,1.0,0.9770274694126118,0.97209352474203,1.0,1.0
candombe/csic.1995_cuareim_02/track.npy,candombe,0.9974683544303797,0.98989898989899,0.9974683544303797,0.98989898989899,0.9841763561081782,0.9815269416206449,0.999366687777074,0.9974683544303797
candombe/proyecto.1992_lobo_06/track.npy,candombe,0.986449864498645,0.9247311827956989,0.986449864498645,0.9247311827956989,0.974656796530879,0.9240729965654031,0.9932157394843961,0.9405405405405404
candombe/zavala.muniz.2014_52/track.npy,candombe,1.0,1.0,1.0,1.0,0.9804291552222969,0.9827291090796991,1.0,1.0
candombe/zavala.muniz.2014_55/track.npy,candombe,1.0,1.0,1.0,1.0,0.9692890835843094,0.9723692834211426,1.0,1.0
filosax/filosax_04/track.npy,filosax,0.9984894259818731,0.9698795180722891,0.9984894259818731,0.9698795180722891,0.9324656426079773,0.9003135464830334,0.999244142101285,0.9759036144578314
filosax/filosax_05/track.npy,filosax,0.9947826086956522,0.986013986013986,0.9947826086956522,0.986013986013986,0.9421151652620128,0.9381507050926895,0.997384481255449,0.993006993006993
filosax/filosax_09/track.npy,filosax,0.994269340974212,0.9369627507163324,0.994269340974212,0.9369627507163324,0.9482629751205364,0.8881809521874704,0.9978479196556671,0.9440459110473457
filosax/filosax_13/track.npy,filosax,0.924613987284287,0.9347826086956522,0.924613987284287,0.9347826086956522,0.9077213443955325,0.875192870612566,0.9782709200184928,0.9473684210526315
filosax/filosax_20/track.npy,filosax,0.9960732984293194,0.9685863874345549,0.9960732984293194,0.9685863874345549,0.8220151094570805,0.8078739845862231,0.994106090373281,0.9685863874345549
filosax/filosax_26/track.npy,filosax,0.9943566591422122,0.9773755656108597,0.9943566591422122,0.9773755656108597,0.9419813388267673,0.9169651517764754,0.9971735443753533,0.9819004524886877
groove_midi/drummer10_session1_9_jazz-swing_110_beat_4-4/track.npy,groove_midi,0.9933110367892977,0.6842105263157895,0.9933110367892977,0.17105263157894737,0.6036933556698364,0.2620671064409478,0.9932885906040269,0.18666666666666668
groove_midi/drummer1_eval_session_8_rock-groove8_65_beat_4-4/track.npy,groove_midi,1.0,1.0,1.0,1.0,0.9298924077362375,0.9048389251227948,1.0,1.0
groove_midi/drummer1_eval_session_9_soul-groove9_105_beat_4-4/track.npy,groove_midi,1.0,1.0,1.0,1.0,0.9482284418074316,0.9316471671763484,1.0,1.0
groove_midi/drummer1_session1_176_afrocuban_105_beat_4-4/track.npy,groove_midi,0.7493472584856397,0.5894736842105263,0.7493472584856397,0.5894736842105263,0.7936137922302919,0.6696765965728506,0.8425414364640883,0.718562874251497
groove_midi/drummer1_session1_78_jazz-fast_290_beat_4-4/track.npy,groove_midi,0.3255131964809384,0.22580645161290322,0.2923387096774194,0.008064516129032258,0.6451009165989441,0.26319008907936486,0.7264038231780167,0.2528735632183908
groove_midi/drummer1_session2_161_afrocuban-rhumba_110_beat_4-4/track.npy,groove_midi,0.6568627450980392,0.7058823529411765,0.6568627450980392,0.7058823529411765,0.6036530768672923,0.5617158806467614,0.6658476658476659,0.6206896551724137
groove_midi/drummer1_session2_32_punk_140_beat_4-4/track.npy,groove_midi,0.9941176470588236,1.0,0.9941176470588236,1.0,0.8915372237361328,0.8967657215229077,0.9985272459499264,1.0
groove_midi/drummer1_session3_15_funk_117_beat_4-4/track.npy,groove_midi,0.996309963099631,0.5942028985507246,0.996309963099631,0.5942028985507246,0.9362037806333677,0.5726363964057146,0.996309963099631,0.6131386861313869
groove_midi/drummer1_session3_16_funk_117_beat_4-4/track.npy,groove_midi,0.8795180722891566,0.7857142857142857,0.8795180722891566,0.7857142857142857,0.9132663369275841,0.7919680814776182,0.9570552147239264,0.8292682926829269
groove_midi/drummer1_session3_3_rock-rockabilly_200_beat_4-4/track.npy,groove_midi,0.9941634241245136,0.937984496124031,0.0,0.0,0.7962923656950694,0.7633297014638336,0.6645035691109669,0.6337662337662338
groove_midi/drummer1_session3_5_jazz-linear_128_beat_4-4/track.npy,groove_midi,0.5763688760806917,0.23938223938223938,0.19953596287703015,0.2,0.7027185235658402,0.3915127305823328,0.7274041937816341,0.40625000000000006
groove_midi/drummer3_session2_25_hiphop_92_beat_4-4/track.npy,groove_midi,0.9811320754716981,0.9285714285714286,0.9811320754716981,0.9285714285714286,0.8380778255799742,0.8139281655348315,0.9904761904761905,0.962962962962963
groove_midi/drummer3_session2_37_rock_92_beat_4-4/track.npy,groove_midi,0.9393939393939394,0.8888888888888888,0.9393939393939394,0.8888888888888888,0.8940450408678177,0.8863115291580589,0.9846153846153847,0.9411764705882353
groove_midi/drummer3_session2_5_rock_100_beat_4-4/track.npy,groove_midi,0.9661016949152542,1.0,0.9661016949152542,1.0,0.8057957114708342,0.8361840141414085,0.9914529914529915,1.0
groove_midi/drummer4_session1_1_rock_87_beat_4-4/track.npy,groove_midi,0.9736842105263158,0.9473684210526315,0.9736842105263158,0.0,0.8922379673399031,0.44013358077573156,0.9933774834437086,0.0
groove_midi/drummer4_session1_2_jazz_158_beat_4-4/track.npy,groove_midi,1.0,1.0,1.0,1.0,0.7083212237715852,0.701041391509669,1.0,1.0
groove_midi/drummer5_eval_session_1_funk-groove1_138_beat_4-4/track.npy,groove_midi,0.9811320754716981,0.9285714285714286,0.9811320754716981,0.9285714285714286,0.7901777944565974,0.803257127533967,0.9904761904761905,0.962962962962963
groove_midi/drummer5_session1_14_latin-brazilian-songo_112_beat_4-4/track.npy,groove_midi,0.9960732984293194,0.9581151832460733,0.9960732984293194,0.9581151832460733,0.9449548318714558,0.9160692325144699,0.9980353634577603,0.9658792650918635
groove_midi/drummer5_session1_1_latin-brazilian-bossa_127_beat_4-4/track.npy,groove_midi,0.6685761047463176,0.5392156862745098,0.6685761047463176,0.5392156862745098,0.6837827958120525,0.5915082287896842,0.7375415282392027,0.6366782006920416
groove_midi/drummer5_session1_2_latin-brazilian-bossa_127_beat_4-4/track.npy,groove_midi,0.9914529914529915,0.9318885448916409,0.9914529914529915,0.9318885448916409,0.9290986960046531,0.8853141615053864,0.9957215091404124,0.9440993788819876
groove_midi/drummer5_session2_21_latin-brazilian-ijexa_108_beat_4-4/track.npy,groove_midi,0.9833333333333333,0.9333333333333333,0.9833333333333333,0.0,0.9576143025836233,0.46623305936875736,0.9915966386554621,0.0
groove_midi/drummer5_session2_24_latin-brazilian-songo_120_beat_4-4/track.npy,groove_midi,0.9136690647482014,0.8,0.9136690647482014,0.8,0.869511394023047,0.7990005447633917,0.9239130434782609,0.8260869565217392
groove_midi/drummer6_session1_3_rock_80_beat_6-8/track.npy,groove_midi,1.0,0.0,1.0,0.0,0.8210038182457811,0.4439308910932284,1.0,0.4
groove_midi/drummer6_session1_4_rock_80_beat_6-8/track.npy,groove_midi,1.0,0.0,1.0,0.0,0.8941399592193523,0.44299668048771274,1.0,0.5
groove_midi/drummer6_session1_5_rock_60_beat_6-8/track.npy,groove_midi,0.0,0.0,0.0,0.0,0.4205974198719838,0.3079880700284546,0.4973544973544974,0.26923076923076916
groove_midi/drummer6_session2_1_rock_95_beat_4-4/track.npy,groove_midi,0.9860627177700348,0.9305555555555556,0.9860627177700348,0.9305555555555556,0.8377456346945183,0.7927484689683608,0.993006993006993,0.951048951048951
groove_midi/drummer6_session2_2_rock_95_beat_4-4/track.npy,groove_midi,0.8581235697940504,0.3761467889908257,0.026066350710900472,0.32,0.6584389172985909,0.49376031184134195,0.6458658346333854,0.5384615384615385
groove_midi/drummer7_eval_session_1_funk-groove1_138_beat_4-4/track.npy,groove_midi,0.9811320754716981,0.9285714285714286,0.9811320754716981,0.9285714285714286,0.9303579927823316,0.9122522146758295,0.9904761904761905,0.962962962962963
groove_midi/drummer7_session2_112_jazz-fusion_96_beat_4-4/track.npy,groove_midi,1.0,1.0,1.0,1.0,0.9470195241363503,0.934475311324561,1.0,1.0
groove_midi/drummer7_session2_123_hiphop_140_beat_4-4/track.npy,groove_midi,1.0,1.0,0.0,0.0,0.762632619122412,0.7726797173554483,0.6684782608695652,0.6666666666666666
groove_midi/drummer7_session2_79_funk_100_beat_4-4/track.npy,groove_midi,1.0,1.0,1.0,1.0,0.9841614506451651,0.9831798294315447,1.0,1.0
groove_midi/drummer7_session3_38_hiphop_67_beat_4-4/track.npy,groove_midi,1.0,1.0,1.0,1.0,0.921987331396721,0.909859898874905,1.0,1.0
groove_midi/drummer7_session3_47_funk_112_beat_4-4/track.npy,groove_midi,0.9941520467836257,0.8604651162790697,0.9941520467836257,0.8604651162790697,0.9397844964109556,0.8386286444423582,0.9970674486803519,0.8941176470588236
groove_midi/drummer8_session1_12_latin_118_beat_4-4/track.npy,groove_midi,0.986159169550173,0.9027777777777778,0.986159169550173,0.9027777777777778,0.8907673829686585,0.8385272347876889,0.9895833333333334,0.9027777777777778
groove_midi/drummer8_session1_13_latin_118_beat_4-4/track.npy,groove_midi,0.7633587786259542,0.36923076923076925,0.7633587786259542,0.36923076923076925,0.774775075320453,0.5619562816583843,0.872093023255814,0.6548672566371682
groove_midi/drummer8_session1_17_afrobeat_90_beat_4-4/track.npy,groove_midi,0.9908675799086758,1.0,0.9908675799086758,1.0,0.964419244247108,0.9705308076837124,0.9954128440366972,1.0
groove_midi/drummer8_session1_20_rock-shuffle_112_beat_4-4/track.npy,groove_midi,0.9964285714285714,1.0,0.9964285714285714,1.0,0.9331331258160285,0.9420611877925579,0.998211091234347,1.0
groove_midi/drummer8_session1_4_hiphop_90_beat_4-4/track.npy,groove_midi,1.0,1.0,1.0,1.0,0.9413171914545678,0.9386419379115137,1.0,1.0
groove_midi/drummer8_session1_8_funk_96_beat_4-4/track.npy,groove_midi,0.9959839357429718,0.9841269841269841,0.9959839357429718,0.9841269841269841,0.9639025964100717,0.9539619627366238,0.9979879275653923,0.9919999999999999
groove_midi/drummer9_session1_18_rock_120_beat_4-4/track.npy,groove_midi,0.9714285714285714,1.0,0.9714285714285714,1.0,0.7217933335494453,0.7551025090235532,0.9855072463768115,1.0
groove_midi/drummer9_session1_20_rock_120_beat_4-4/track.npy,groove_midi,0.9966101694915255,1.0,0.9966101694915255,1.0,0.885862262123645,0.8945140488622798,0.99830220713073,1.0
groove_midi/drummer9_session1_24_rock_90_beat_4-4/track.npy,groove_midi,1.0,1.0,1.0,1.0,0.91628665069058,0.9146805082014077,1.0,1.0
guitarset/00_Funk2-119-G_comp_mix/track.npy,guitarset,0.9272727272727272,0.9285714285714286,0.9272727272727272,0.9285714285714286,0.9400821660869818,0.9306448042248681,0.9724770642201834,0.962962962962963
guitarset/00_Jazz1-130-D_comp_mix/track.npy,guitarset,0.9736842105263158,0.0,0.9736842105263158,0.0,0.9094920766198907,0.16233159638024522,0.9866666666666666,0.13333333333333333
guitarset/00_Rock1-130-A_comp_mix/track.npy,guitarset,1.0,1.0,1.0,1.0,0.9185580046852214,0.8633890013411162,1.0,1.0
guitarset/00_SS3-98-C_comp_mix/track.npy,guitarset,0.9821428571428571,0.9285714285714286,0.9821428571428571,0.9285714285714286,0.9581509088605397,0.9262540931412532,0.9909909909909909,0.962962962962963
guitarset/01_BN1-129-Eb_comp_mix/track.npy,guitarset,1.0,1.0,1.0,1.0,0.9646559905192397,0.9620368953418755,1.0,1.0
guitarset/01_BN1-147-Gb_comp_mix/track.npy,guitarset,1.0,1.0,1.0,1.0,0.9778272316115141,0.9783307590048412,1.0,1.0
guitarset/01_Funk3-98-A_comp_mix/track.npy,guitarset,1.0,1.0,1.0,1.0,0.9718755531854663,0.9505905707557003,1.0,1.0
guitarset/01_SS1-68-E_comp_mix/track.npy,guitarset,0.9534883720930233,0.9090909090909091,0.9534883720930233,0.9090909090909091,0.8724661750634014,0.8169084234306961,0.988235294117647,0.9523809523809523
guitarset/02_BN1-129-Eb_comp_mix/track.npy,guitarset,1.0,1.0,1.0,1.0,0.9403860717008662,0.9339525132712316,1.0,1.0
guitarset/02_BN3-154-E_comp_mix/track.npy,guitarset,1.0,1.0,1.0,1.0,0.9662893871492514,0.9519156443945107,1.0,1.0
guitarset/02_Funk1-114-Ab_comp_mix/track.npy,guitarset,1.0,1.0,1.0,1.0,0.951584366059419,0.9516878907871708,1.0,1.0
guitarset/02_Funk1-97-C_comp_mix/track.npy,guitarset,1.0,1.0,1.0,1.0,0.954899156694058,0.9433893415173793,1.0,1.0
guitarset/03_Funk3-112-C#_comp_mix/track.npy,guitarset,0.8245614035087719,0.7857142857142857,0.8245614035087719,0.7857142857142857,0.8510834802209158,0.768926557068003,0.9009009009009009,0.8148148148148148
guitarset/03_Rock1-90-C#_comp_mix/track.npy,guitarset,0.41025641025641024,0.4,0.325,0.0,0.4013387222924813,0.2586943792016109,0.39999999999999997,0.26666666666666666
guitarset/03_SS2-88-F_comp_mix/track.npy,guitarset,0.9642857142857143,0.7857142857142857,0.9642857142857143,0.7857142857142857,0.9173381427770007,0.8116584522141176,0.9909909909909909,0.8571428571428571
guitarset/04_BN3-119-G_comp_mix/track.npy,guitarset,0.9818181818181818,0.9285714285714286,0.9818181818181818,0.9285714285714286,0.9617309587955023,0.9355021964805829,0.9908256880733944,0.962962962962963
guitarset/04_Funk1-114-Ab_comp_mix/track.npy,guitarset,1.0,1.0,1.0,1.0,0.9633966540994482,0.944743812664336,1.0,1.0
guitarset/04_Jazz1-130-D_comp_mix/track.npy,guitarset,1.0,1.0,1.0,1.0,0.9626730805559826,0.9522013380551226,1.0,1.0
guitarset/04_Rock2-142-D_comp_mix/track.npy,guitarset,1.0,1.0,1.0,1.0,0.9594895393289495,0.9502743365296472,1.0,1.0
guitarset/04_SS3-84-Bb_comp_mix/track.npy,guitarset,0.9122807017543859,0.8571428571428571,0.9122807017543859,0.8571428571428571,0.8087460077414131,0.7742000398033378,0.9473684210526315,0.8571428571428571
guitarset/05_Funk3-98-A_comp_mix/track.npy,guitarset,0.9272727272727272,0.15384615384615385,0.9272727272727272,0.15384615384615385,0.9219577571316356,0.5640440522792896,0.9724770642201834,0.608695652173913
guitarset/05_Rock3-117-Bb_comp_mix/track.npy,guitarset,0.9818181818181818,0.9285714285714286,0.9818181818181818,0.9285714285714286,0.9318256417666634,0.9182055897068807,0.9908256880733944,0.962962962962963
guitarset/05_Rock3-148-C_comp_mix/track.npy,guitarset,0.9807692307692307,0.9230769230769231,0.9807692307692307,0.9230769230769231,0.959122541999028,0.9421164100882758,0.9902912621359222,0.9600000000000001
hainsworth/hainsworth_008/track.npy,hainsworth,0.9900990099009901,0.48,0.9900990099009901,0.44,0.9118782763022123,0.49599242460672005,0.9950248756218906,0.44
hainsworth/hainsworth_013/track.npy,hainsworth,0.7457627118644068,0.13333333333333333,0.7457627118644068,0.13333333333333333,0.6487142875616749,0.1854674376768065,0.8214285714285715,0.23076923076923075
hainsworth/hainsworth_015/track.npy,hainsworth,1.0,1.0,1.0,1.0,0.9631505121789499,0.9462383982137226,1.0,1.0
hainsworth/hainsworth_020/track.npy,hainsworth,1.0,1.0,1.0,1.0,0.9565259124127072,0.9506461282101791,1.0,1.0
hainsworth/hainsworth_022/track.npy,hainsworth,0.5604395604395604,0.6086956521739131,0.2777777777777778,0.0,0.7938068511353424,0.6412824854331542,0.7796610169491525,0.4666666666666666
hainsworth/hainsworth_048/track.npy,hainsworth,1.0,1.0,1.0,1.0,0.9760070753598531,0.9893927378275814,1.0,1.0
hainsworth/hainsworth_066/track.npy,hainsworth,1.0,1.0,1.0,1.0,0.9789962922487775,0.9808891453766811,1.0,1.0
hainsworth/hainsworth_071/track.npy,hainsworth,1.0,0.5490196078431373,1.0,0.3,0.9716553158659964,0.8094858445836874,1.0,0.787878787878788
hainsworth/hainsworth_072/track.npy,hainsworth,1.0,1.0,1.0,1.0,0.9785991132545334,0.9786858462032436,1.0,1.0
hainsworth/hainsworth_077/track.npy,hainsworth,1.0,0.6363636363636364,1.0,0.21428571428571427,0.9170261715007266,0.7417019854292073,1.0,0.7555555555555554
hainsworth/hainsworth_086/track.npy,hainsworth,1.0,1.0,1.0,1.0,0.943235964095363,0.9335500232351479,1.0,1.0
hainsworth/hainsworth_090/track.npy,hainsworth,1.0,1.0,1.0,1.0,0.9738073560921375,0.9665552206118637,1.0,1.0
hainsworth/hainsworth_091/track.npy,hainsworth,1.0,0.4666666666666667,1.0,0.4,0.9474276056783506,0.5497814814067593,1.0,0.4827586206896552
hainsworth/hainsworth_097/track.npy,hainsworth,0.9883720930232558,0.782608695652174,0.9883720930232558,0.782608695652174,0.9049351736196397,0.7549493544876617,0.9941520467836257,0.8444444444444444
hainsworth/hainsworth_102/track.npy,hainsworth,1.0,1.0,1.0,1.0,0.9581883558103327,0.962850014568832,1.0,1.0
hainsworth/hainsworth_125/track.npy,hainsworth,0.7704918032786885,0.4,0.7704918032786885,0.4,0.5129572544347023,0.2773917115234667,0.6890756302521007,0.3333333333333333
hainsworth/hainsworth_126/track.npy,hainsworth,0.8703703703703703,0.09090909090909091,0.8703703703703703,0.0,0.5173288042236193,0.07039855395708441,0.6981132075471698,0.08333333333333334
hainsworth/hainsworth_131/track.npy,hainsworth,0.6666666666666666,0.3333333333333333,0.0625,0.0,0.3659720871908627,0.22065312547970814,0.4225352112676057,0.2222222222222222
hainsworth/hainsworth_137/track.npy,hainsworth,0.7375,0.38461538461538464,0.7375,0.3684210526315789,0.887618406559432,0.6000441588669352,0.922077922077922,0.625
hainsworth/hainsworth_147/track.npy,hainsworth,1.0,1.0,1.0,1.0,0.9530095065774672,0.9368418377805735,1.0,1.0
hainsworth/hainsworth_152/track.npy,hainsworth,0.7333333333333333,0.0,0.0,0.0,0.3437369761651813,1.3889891960926418e-07,0.13333333333333333,0.0
hainsworth/hainsworth_169/track.npy,hainsworth,1.0,1.0,1.0,1.0,0.9846613606002195,0.9935309966916179,1.0,1.0
hainsworth/hainsworth_172/track.npy,hainsworth,1.0,1.0,1.0,1.0,0.9617055885703066,0.9764866914403861,1.0,1.0
hainsworth/hainsworth_173/track.npy,hainsworth,1.0,1.0,1.0,1.0,0.9755913196835204,0.9628401766034669,1.0,1.0
hainsworth/hainsworth_195/track.npy,hainsworth,0.527027027027027,0.5238095238095238,0.527027027027027,0.5238095238095238,0.7743782937489835,0.5356235695499796,0.8702290076335879,0.6500000000000001
hainsworth/hainsworth_209/track.npy,hainsworth,0.9642857142857143,0.55,0.0,0.0,0.753097997505854,0.5552664676192568,0.6612244897959183,0.4912280701754386
hainsworth/hainsworth_213/track.npy,hainsworth,1.0,1.0,1.0,1.0,0.9714808547483128,0.9714650971619128,1.0,1.0
hainsworth/hainsworth_226/track.npy,hainsworth,0.9876543209876543,1.0,0.9876543209876543,1.0,0.9617302447813197,0.9748853404312424,0.9937888198757764,1.0
harmonix/0008_america/track.npy,harmonix,0.9950124688279302,1.0,0.9950124688279302,1.0,0.9168934614436679,0.8970285684692619,0.9925187032418953,0.99
harmonix/0010_andjusticeforall/track.npy,harmonix,0.9268134715025906,0.6096256684491979,0.9268134715025906,0.6096256684491979,0.8528745889042312,0.6179344174586731,0.9621903520208605,0.7043010752688172
harmonix/0013_athingaboutyou/track.npy,harmonix,0.9609164420485176,0.7934782608695652,0.9609164420485176,0.7934782608695652,0.9270610450591059,0.7797208435894751,0.9795081967213114,0.8273972602739726
harmonix/0035_boyfriend/track.npy,harmonix,0.9925093632958801,0.05970149253731343,0.9925093632958801,0.05970149253731343,0.9393441521964276,0.07406456523716823,0.9962406015037594,0.07518796992481203
harmonix/0039_bulletproof/track.npy,harmonix,1.0,1.0,1.0,1.0,0.9085812810123134,0.9121813206035215,1.0,1.0
harmonix/0041_calabria/track.npy,harmonix,1.0,1.0,1.0,1.0,0.9799366752919314,0.9788943196562052,1.0,1.0
harmonix/0043_callmemaybe/track.npy,harmonix,0.9784366576819407,0.956989247311828,0.9784366576819407,0.956989247311828,0.9341758242495843,0.9214121205484092,0.9878213802435725,0.972972972972973
harmonix/0061_dabutt/track.npy,harmonix,0.9895287958115183,0.9895833333333334,0.9895287958115183,0.9895833333333334,0.9632376751029221,0.9641066770161467,0.9947368421052631,0.9947643979057591
harmonix/0067_deep/track.npy,harmonix,0.9595959595959596,0.5043478260869565,0.9595959595959596,0.0,0.9165186032177567,0.5835185946624162,0.9802197802197802,0.6122448979591837
harmonix/0068_devilsisland/track.npy,harmonix,0.9177750906892382,0.7464114832535885,0.9177750906892382,0.7464114832535885,0.9217720198172222,0.8204577851031352,0.9778325123152709,0.87
harmonix/0072_discoinferno/track.npy,harmonix,0.4594594594594595,0.7076923076923077,0.4594594594594595,0.7076923076923077,0.3242084160340974,0.29134150576780915,0.42342342342342343,0.3833333333333333
harmonix/0079_dontyouwantme/track.npy,harmonix,0.9955947136563876,1.0,0.9955947136563876,1.0,0.9530114005745686,0.9686860651124904,0.9977924944812362,1.0
harmonix/0092_fergalicious/track.npy,harmonix,0.9967689822294022,0.9741935483870968,0.9967689822294022,0.9741935483870968,0.9798831422180387,0.9654223801409493,0.9983818770226538,0.9838187702265372
harmonix/0093_fireburning/track.npy,harmonix,0.9964539007092199,0.8888888888888888,0.9964539007092199,0.8888888888888888,0.9402391894845453,0.8540386658549441,0.9982238010657194,0.9090909090909091
harmonix/0096_fivemagics/track.npy,harmonix,0.8250863060989643,0.5853658536585366,0.8250863060989643,0.5853658536585366,0.8167479431615521,0.6708720797815486,0.8804664723032071,0.7135416666666667
harmonix/0098_floods/track.npy,harmonix,0.5737265415549598,0.1076923076923077,0.5737265415549598,0.1076923076923077,0.7260530839231818,0.2536753866886752,0.7627345844504022,0.26666666666666666
harmonix/0100_futureperfecttense/track.npy,harmonix,0.5607287449392713,0.27611940298507465,0.03242147922998987,0.27611940298507465,0.6286159901208286,0.26761271961560423,0.6210746685275645,0.28070175438596495
harmonix/0113_giveituptome/track.npy,harmonix,1.0,0.559322033898305,1.0,0.4067796610169492,0.9483046998618987,0.513871752622207,1.0,0.423728813559322
harmonix/0114_givemeeverything/track.npy,harmonix,1.0,1.0,1.0,1.0,0.9386002660034133,0.9388516526937352,1.0,1.0
harmonix/0128_homecoming/track.npy,harmonix,0.7097767513471901,0.6529209621993127,0.7097767513471901,0.6529209621993127,0.8292789640933924,0.7362026031118857,0.8672492717436538,0.7711267605633803
harmonix/0137_iknowyouwantme/track.npy,harmonix,0.996309963099631,1.0,0.996309963099631,1.0,0.9801328019370139,0.9834971607659775,0.9981515711645101,1.0
harmonix/0139_imcomingout/track.npy,harmonix,0.9982847341337907,0.7094594594594594,0.9982847341337907,0.7094594594594594,0.9746229312237906,0.718659066507859,0.9982847341337907,0.7346938775510203
harmonix/0197_nothinonyou/track.npy,harmonix,0.9929328621908127,0.9142857142857143,0.9929328621908127,0.9142857142857143,0.9387466979262189,0.8745461101130237,0.9964664310954063,0.9285714285714286
harmonix/0234_roundandround/track.npy,harmonix,0.9970238095238095,0.9404761904761905,0.9970238095238095,0.9404761904761905,0.9700525576109108,0.9251099795738814,0.9985096870342772,0.9523809523809523
harmonix/0238_sambadejaneiro/track.npy,harmonix,0.9716713881019831,0.8295454545454546,0.9716713881019831,0.8295454545454546,0.9136188524731951,0.7820866433085993,0.9886685552407931,0.8409090909090909
harmonix/0246_scenario/track.npy,harmonix,0.9951923076923077,0.9230769230769231,0.9951923076923077,0.9230769230769231,0.966992427241322,0.9150852088466624,0.9963898916967511,0.9468599033816425
harmonix/0251_sexychick/track.npy,harmonix,1.0,1.0,1.0,1.0,0.9599152257937027,0.9607818516035512,1.0,1.0
harmonix/0255_sleepwalker/track.npy,harmonix,0.7978620019436345,0.7309236947791165,0.7978620019436345,0.7309236947791165,0.8319566839795056,0.7518029354462903,0.899009900990099,0.8212765957446808
harmonix/0279_thebreaks/track.npy,harmonix,0.9976825028968713,1.0,0.9976825028968713,1.0,0.9287062102767673,0.933410648970083,0.9988399071925753,1.0
harmonix/0292_timeslikethese/track.npy,harmonix,0.9046728971962616,0.4222222222222222,0.9046728971962616,0.4222222222222222,0.9217419930086455,0.6251071575271681,0.9499509322865555,0.646551724137931
harmonix/0295_toxic/track.npy,harmonix,1.0,1.0,1.0,1.0,0.9737377391922609,0.968237164834074,1.0,1.0
harmonix/0298_turnmeon/track.npy,harmonix,0.9959677419354839,0.7903225806451613,0.9959677419354839,0.1774193548387097,0.9624674513673762,0.47921685540546943,0.997979797979798,0.17886178861788615
harmonix/0308_whatislove/track.npy,harmonix,1.0,1.0,1.0,1.0,0.9551479811442581,0.9567603174143632,1.0,1.0
harmonix/0337_alwayssomethingthere/track.npy,harmonix,0.8798521256931608,0.5692307692307692,0.8798521256931608,0.5692307692307692,0.8404603579579731,0.6080812390669207,0.9415094339622642,0.6561264822134387
harmonix/0345_beinlovetonight/track.npy,harmonix,0.9947916666666666,1.0,0.9947916666666666,1.0,0.9838125107028013,0.9855258672266345,0.9973890339425587,1.0
harmonix/0349_blow/track.npy,harmonix,0.9952038369304557,0.9326923076923077,0.9952038369304557,0.9326923076923077,0.9736164848286676,0.920925195147614,0.9975961538461539,0.9423076923076923
harmonix/0350_blowme/track.npy,harmonix,0.9929411764705882,1.0,0.9929411764705882,1.0,0.9785207561993736,0.981342453348997,0.9964664310954063,1.0
harmonix/0351_blowup/track.npy,harmonix,1.0,1.0,1.0,1.0,0.8470889861725711,0.8424094827943531,1.0,1.0
harmonix/0353_bottomsup/track.npy,harmonix,0.9862068965517241,0.875,0.0,0.0,0.786464796478654,0.7293654923998167,0.6635730858468677,0.6255924170616114
harmonix/0363_darkside/track.npy,harmonix,0.9833333333333333,0.9904761904761905,0.9833333333333333,0.9904761904761905,0.9624707162508476,0.9692470193647925,0.98090692124105,0.985645933014354
harmonix/0372_drinkinmyhand/track.npy,harmonix,0.9970059880239521,1.0,0.9970059880239521,1.0,0.9157778927969578,0.9091021928501997,0.9985007496251874,1.0
harmonix/0377_eatdirt/track.npy,harmonix,0.8545034642032333,0.8148148148148148,0.8545034642032333,0.8148148148148148,0.9202805211356198,0.9011332800870584,0.9603841536614646,0.9371980676328502
harmonix/0382_fatherofmine/track.npy,harmonix,0.9972222222222222,1.0,0.9972222222222222,1.0,0.9565700460313938,0.9531391232254285,0.9986091794158554,1.0
harmonix/0385_fiveoclock/track.npy,harmonix,0.993006993006993,1.0,0.993006993006993,1.0,0.9322018777283668,0.9259174487495204,0.9964912280701755,1.0
harmonix/0393_giveyourheartabreak/track.npy,harmonix,1.0,1.0,1.0,1.0,0.9586912901922263,0.957422283596241,1.0,1.0
harmonix/0395_gold/track.npy,harmonix,0.9963768115942029,0.9855072463768116,0.9963768115942029,0.9855072463768116,0.980644971809646,0.9694841775687243,0.9981851179673321,0.9927007299270074
harmonix/0401_hello/track.npy,harmonix,0.9235181644359465,0.7480916030534351,0.9235181644359465,0.7480916030534351,0.9275826453446474,0.8320147109669055,0.977648202137998,0.8799999999999999
harmonix/0403_heybaby/track.npy,harmonix,0.9952830188679245,1.0,0.9952830188679245,1.0,0.9717088066064243,0.9770322296894783,0.9976359338061466,1.0
harmonix/0428_kingofanything/track.npy,harmonix,0.9238578680203046,0.8421052631578947,0.9238578680203046,0.8421052631578947,0.5587224246268954,0.4951590562792136,0.9690721649484535,0.8617021276595744
harmonix/0431_letitrain/track.npy,harmonix,0.9858657243816255,0.9859154929577465,0.9858657243816255,0.9859154929577465,0.9562406401625407,0.9546775358696288,0.9928825622775801,0.9929078014184397
harmonix/0439_lovethewayyoulie/track.npy,harmonix,0.975609756097561,1.0,0.975609756097561,1.0,0.5210089864286171,0.46682733439623114,0.9214092140921409,0.9239130434782609
harmonix/0445_memories/track.npy,harmonix,0.997716894977169,0.990909090909091,0.997716894977169,0.990909090909091,0.74255231346781,0.757746115418366,0.9988571428571429,0.995433789954338
harmonix/0447_mindyourmanners/track.npy,harmonix,0.9965635738831615,1.0,0.9965635738831615,1.0,0.959036050239003,0.9527845275636417,0.9982788296041308,1.0
harmonix/0455_nevertearusapart/track.npy,harmonix,0.7054545454545454,0.532608695652174,0.7054545454545454,0.532608695652174,0.7933967891242627,0.5671887598830677,0.8884501480750248,0.6588235294117647
harmonix/0467_onthefloor/track.npy,harmonix,1.0,1.0,1.0,1.0,0.9386958753253253,0.9415474738429653,1.0,1.0
harmonix/0479_pricetag/track.npy,harmonix,0.9962406015037594,1.0,0.9962406015037594,1.0,0.9252869431204073,0.8989961588336156,0.9981167608286252,1.0
harmonix/0481_reallove/track.npy,harmonix,0.9612068965517241,0.7068965517241379,0.9612068965517241,0.7068965517241379,0.9200238218242905,0.6901704311392118,0.9802631578947368,0.736842105263158
harmonix/0491_skyscraper/track.npy,harmonix,0.997275204359673,1.0,0.997275204359673,1.0,0.9677625487602762,0.9687091793977406,0.9986357435197818,1.0
harmonix/0493_somebodysheartbreak/track.npy,harmonix,0.7859531772575251,0.7866666666666666,0.7859531772575251,0.7866666666666666,0.9117429648257018,0.9136874639731942,0.9434628975265017,0.9436619718309859
harmonix/0500_stay/track.npy,harmonix,1.0,1.0,1.0,1.0,0.9397434825525319,0.9373815352706122,1.0,1.0
harmonix/0513_thetime/track.npy,harmonix,0.9866156787762906,0.8625954198473282,0.9866156787762906,0.8625954198473282,0.9702622009158657,0.8478544056096452,0.9932756964457253,0.8735632183908046
harmonix/0515_thisafternoon/track.npy,harmonix,0.5985401459854015,0.6333333333333333,0.5985401459854015,0.6333333333333333,0.8620437035784547,0.8041595517476489,0.8861788617886179,0.823529411764706
harmonix/0516_thisorthat/track.npy,harmonix,1.0,1.0,1.0,1.0,0.9713211253744274,0.9743420462917545,1.0,1.0
harmonix/0541_youdroppedabombonme/track.npy,harmonix,0.9759519038076152,0.9354838709677419,0.9759519038076152,0.9354838709677419,0.884545503090726,0.8535493364154743,0.9878296146044625,0.951219512195122
harmonix/0545_youkeepmehangingon/track.npy,harmonix,1.0,1.0,1.0,1.0,0.9424359128361344,0.94065218853107,1.0,1.0
harmonix/0546_18days/track.npy,harmonix,0.5278688524590164,0.5194805194805194,0.5278688524590164,0.5194805194805194,0.7554288281229781,0.7613716403602682,0.8661710037174721,0.8676470588235293
harmonix/0575_badromanceskrillexremix/track.npy,harmonix,0.9943714821763602,0.9323308270676691,0.9943714821763602,0.9323308270676691,0.9766582998072642,0.9194779442146201,0.9971777986829726,0.9398496240601504
harmonix/0581_beautifulcarlyrae/track.npy,harmonix,0.975609756097561,0.7901234567901234,0.975609756097561,0.7901234567901234,0.9143083233653903,0.7623552057855181,0.989247311827957,0.8198757763975155
harmonix/0586_bed/track.npy,harmonix,0.9788135593220338,0.5409836065573771,0.0,0.1282051282051282,0.7794290600905524,0.6645956298115715,0.6619115549215406,0.6629213483146068
harmonix/0589_bestieverhad/track.npy,harmonix,0.967551622418879,0.9642857142857143,0.967551622418879,0.9642857142857143,0.9003404400765838,0.9104656883300614,0.9835575485799701,0.9820359281437125
harmonix/0597_boomboomguetta/track.npy,harmonix,1.0,1.0,1.0,1.0,0.9557023833171685,0.9512208514882851,1.0,1.0
harmonix/0602_breaktheice/track.npy,harmonix,0.7041095890410959,0.5978260869565217,0.7041095890410959,0.5978260869565217,0.6968661137660535,0.6304775013754187,0.736842105263158,0.6629213483146068
harmonix/0607_cantholdus/track.npy,harmonix,0.99836867862969,0.8169934640522876,0.99836867862969,0.8169934640522876,0.9453165495697459,0.7864967968190166,0.9991836734693879,0.8300653594771242
harmonix/0639_dieinyourarms/track.npy,harmonix,0.996969696969697,1.0,0.996969696969697,1.0,0.9779024135798666,0.9822498281480013,0.9984825493171471,1.0
harmonix/0647_dontthinkidontthinkaboutit/track.npy,harmonix,0.9902439024390244,0.9607843137254902,0.9902439024390244,0.9607843137254902,0.9802080460341329,0.9747054807541948,0.9951219512195122,0.99009900990099
harmonix/0653_dynamite/track.npy,harmonix,0.9986111111111111,1.0,0.9986111111111111,1.0,0.9812861482229533,0.9851227469346041,0.9993050729673384,1.0
harmonix/0654_dynamitemixinmarc/track.npy,harmonix,0.9973958333333334,1.0,0.9973958333333334,1.0,0.9609768974914701,0.9618532205861658,0.998696219035202,1.0
harmonix/0655_earthquakey/track.npy,harmonix,0.9526411657559198,0.8759124087591241,0.9526411657559198,0.8759124087591241,0.9224309453237407,0.8079670059669454,0.9508196721311475,0.8321167883211679
harmonix/0658_evacuatethedancefloor/track.npy,harmonix,0.9976359338061466,0.9150943396226415,0.9976359338061466,0.9150943396226415,0.9813454673782287,0.9075016521832349,0.9988165680473373,0.9245283018867925
harmonix/0665_fall/track.npy,harmonix,0.9969879518072289,0.9879518072289156,0.9969879518072289,0.9879518072289156,0.9095566574660656,0.9230219519309081,0.9984917043740573,0.993939393939394
harmonix/0709_hangingon/track.npy,harmonix,0.9417040358744395,0.9642857142857143,0.9417040358744395,0.9642857142857143,0.7016571141673454,0.6854542844748738,0.9641255605381166,0.9642857142857143
harmonix/0716_heroheroine/track.npy,harmonix,0.736936936936937,0.5611510791366906,0.14202334630350194,0.1724137931034483,0.7837968081900768,0.6971501113366279,0.702020202020202,0.6344086021505376
harmonix/0723_hotelroomservice/track.npy,harmonix,0.9935064935064936,0.8706896551724138,0.9935064935064936,0.8706896551724138,0.9560531664701687,0.8448422994297584,0.9967426710097721,0.8831168831168832
harmonix/0736_igotafeeling/track.npy,harmonix,1.0,1.0,1.0,1.0,0.9505894448919291,0.9524333667560714,1.0,1.0
harmonix/0738_ihearnoises/track.npy,harmonix,0.9977678571428571,1.0,0.9977678571428571,1.0,0.9687810471491021,0.9716056084781848,0.9988826815642458,1.0
harmonix/0743_iminloveiwannadoit/track.npy,harmonix,0.9767441860465116,0.854251012145749,0.9767441860465116,0.854251012145749,0.939208082474741,0.8288546800473372,0.9887640449438202,0.8757637474541752
harmonix/0747_imreal/track.npy,harmonix,0.9883720930232558,0.8372093023255814,0.9883720930232558,0.8372093023255814,0.9680657100820619,0.8500263471123841,0.9941690962099125,0.8654970760233918
harmonix/0748_imyours/track.npy,harmonix,0.4845360824742268,0.4931506849315068,0.4845360824742268,0.4931506849315068,0.8010683610491421,0.8084258954826139,0.8421052631578948,0.8482490272373542
harmonix/0775_knockyoudownbimbojones/track.npy,harmonix,0.9947275922671354,1.0,0.9947275922671354,1.0,0.6989707446994377,0.7141361368903036,0.9973568281938325,1.0
harmonix/0782_lifeafteryou/track.npy,harmonix,0.9937106918238994,0.6391752577319587,0.9937106918238994,0.6391752577319587,0.8202795122708635,0.7869775860836431,0.9968454258675079,0.8977272727272727
harmonix/0805_lovetheysay/track.npy,harmonix,0.9906542056074766,0.9625,0.9906542056074766,0.9625,0.9415237917206,0.9144647755407043,0.9953051643192489,0.975
harmonix/0813_missindependent/track.npy,harmonix,0.9778481012658228,0.6455696202531646,0.0,0.012738853503184714,0.7895472414001101,0.6438259161080735,0.6602972399150744,0.6410256410256411
harmonix/0818_mrsaxobeatext/track.npy,harmonix,0.9811676082862524,0.9318181818181818,0.9811676082862524,0.9318181818181818,0.9730713769252481,0.9249435949672841,0.9904942965779467,0.9389312977099236
harmonix/0840_obsessed/track.npy,harmonix,0.967741935483871,0.9764705882352941,0.967741935483871,0.9764705882352941,0.9680297551577275,0.9747273521343514,0.9836065573770492,0.988095238095238
harmonix/0856_paperbackhead/track.npy,harmonix,0.979933110367893,0.9864864864864865,0.979933110367893,0.9864864864864865,0.9535541935967137,0.9505804443220206,0.9898648648648649,0.9931972789115647
harmonix/0859_picturesofyou/track.npy,harmonix,0.9967213114754099,1.0,0.9967213114754099,1.0,0.9783822543965377,0.9805488369793216,0.9983579638752053,1.0
harmonix/0864_pleasedontleavememain/track.npy,harmonix,0.9861111111111112,0.9444444444444444,0.9861111111111112,0.9444444444444444,0.9548468696941453,0.9247203369752737,0.9930209371884348,0.9561752988047808
harmonix/0873_readyornot/track.npy,harmonix,1.0,1.0,1.0,1.0,0.9824077990857163,0.9802889547937109,1.0,1.0
harmonix/0877_releasemenow/track.npy,harmonix,0.9978947368421053,0.9745762711864406,0.9978947368421053,0.9745762711864406,0.7907355202970552,0.8912740797719132,0.9947312961011593,0.9830508474576272
harmonix/0886_rudeboy/track.npy,harmonix,0.9968152866242038,1.0,0.9968152866242038,1.0,0.9522646648212965,0.9566563954736781,0.9984051036682616,1.0
harmonix/0888_russianroulettejump/track.npy,harmonix,0.993993993993994,0.8928571428571429,0.993993993993994,0.8928571428571429,0.9034220224614521,0.8349664496621892,0.993993993993994,0.9221556886227544
harmonix/0897_sentimentaltune/track.npy,harmonix,0.9981203007518797,0.9924812030075187,0.9981203007518797,0.9924812030075187,0.9785589424988074,0.9774026447746079,0.9990592662276576,0.9962264150943396
harmonix/0899_sexycani/track.npy,harmonix,0.9964912280701754,1.0,0.9964912280701754,1.0,0.9811063988675117,0.9758756237819213,0.9982425307557118,1.0
harmonix/0902_shakeitradiomix/track.npy,harmonix,0.9699769053117783,0.5981308411214953,0.9699769053117783,0.5981308411214953,0.9317358366318476,0.7000464339888292,0.9849012775842044,0.7551020408163265
harmonix/0909_sofineed/track.npy,harmonix,0.7574316290130797,0.7473684210526316,0.7574316290130797,0.7473684210526316,0.8581663549138425,0.6720443005361342,0.900562851782364,0.7002652519893899
harmonix/0918_starstrukk/track.npy,harmonix,1.0,1.0,1.0,1.0,0.9757973630261892,0.9767338622524679,1.0,1.0
harmonix/0925_sweetdisposition/track.npy,harmonix,0.9795501022494888,0.9016393442622951,0.9795501022494888,0.9016393442622951,0.9217474383130895,0.8646592241261952,0.9897540983606556,0.9262295081967213
harmonix/0933_teardropsonmyguitar/track.npy,harmonix,1.0,1.0,1.0,1.0,0.9434557282211065,0.9315649169087078,1.0,1.0
harmonix/0943_thetheayer/track.npy,harmonix,1.0,1.0,1.0,1.0,0.9789599593015327,0.9808689329336452,1.0,1.0
harmonix/0970_whataboutnow/track.npy,harmonix,0.9782608695652174,0.9753086419753086,0.9782608695652174,0.9753086419753086,0.971065817428033,0.9694635457188714,0.989010989010989,0.9875
harmonix/0974_whateveryoulike/track.npy,harmonix,0.9925373134328358,0.9701492537313433,0.9925373134328358,0.9701492537313433,0.9681195269498238,0.9650527195734797,0.9962546816479401,0.9924812030075187
harmonix/0979_whenlovetakesover/track.npy,harmonix,0.9669211195928753,0.8888888888888888,0.9669211195928753,0.8888888888888888,0.9472923450986225,0.8709257635270129,0.9782886334610472,0.9035532994923858
harmonix/0982_whoknewdos/track.npy,harmonix,0.9935344827586207,0.8717948717948718,0.9935344827586207,0.8717948717948718,0.9470166438504866,0.8502732338409554,0.9967567567567568,0.8927038626609441
harmonix/0994_youbelongwithme/track.npy,harmonix,0.9957446808510638,1.0,0.9957446808510638,1.0,0.8145235147949145,0.813612529679416,0.9957356076759062,0.9914529914529915
hjdb/hjdb_A21/track.npy,hjdb,1.0,1.0,1.0,1.0,0.9808626615905152,0.9845656955709035,1.0,1.0
hjdb/hjdb_A_New_Dawn/track.npy,hjdb,1.0,1.0,1.0,1.0,0.9806373777261417,0.986700384667848,1.0,1.0
hjdb/hjdb_Breaking_Free/track.npy,hjdb,1.0,1.0,1.0,1.0,0.9818464166281431,0.9795808043845202,1.0,1.0
hjdb/hjdb_Breaking_Free_2/track.npy,hjdb,1.0,1.0,1.0,1.0,0.9794863809215485,0.9790877652799937,1.0,1.0
hjdb/hjdb_Cant_Stop_Thinking_About/track.npy,hjdb,1.0,1.0,1.0,1.0,0.9816966278504545,0.9851070735175282,1.0,1.0
hjdb/hjdb_Chasin_A_Dream/track.npy,hjdb,1.0,1.0,1.0,1.0,0.9745378895830935,0.9766472272229964,1.0,1.0
hjdb/hjdb_Demons_Theme/track.npy,hjdb,0.9932432432432432,0.972972972972973,0.9932432432432432,0.972972972972973,0.9527412395468243,0.9407823520530826,0.9966101694915254,0.9863013698630138
hjdb/hjdb_Divine_Rhythm/track.npy,hjdb,1.0,1.0,1.0,1.0,0.9841660429885793,0.9833902677954084,1.0,1.0
hjdb/hjdb_Drummer_Of_Doom/track.npy,hjdb,0.9661016949152542,1.0,0.9661016949152542,0.0,0.972887014826623,0.34714810282780917,0.9914529914529915,0.27272727272727276
hjdb/hjdb_Freeaneazy/track.npy,hjdb,1.0,1.0,1.0,1.0,0.9807716459131572,0.9806070702474383,1.0,1.0
hjdb/hjdb_Going_Out_For_Da_Loot/track.npy,hjdb,0.4888888888888889,0.5,0.4888888888888889,0.5,0.8412913216603098,0.8525559426058943,0.8559322033898306,0.8666666666666666
hjdb/hjdb_Here_Comes_The_Drumz_(Drumz_VIP_Mix)/track.npy,hjdb,1.0,1.0,1.0,1.0,0.9607546452413526,0.9700054284153173,1.0,1.0
hjdb/hjdb_Ill_Take_You_(Original_Mix)/track.npy,hjdb,0.24375,0.20689655172413793,0.24375,0.20689655172413793,0.49541668553216517,0.22529682501868947,0.6131386861313869,0.3018867924528302
hjdb/hjdb_Im_Gonna_Get_You/track.npy,hjdb,1.0,1.0,1.0,1.0,0.9822463986472217,0.9868062431353427,1.0,1.0
hjdb/hjdb_Keep_The_Fires_Burning/track.npy,hjdb,1.0,1.0,1.0,1.0,0.9868136009946965,0.9891565811477635,1.0,1.0
hjdb/hjdb_Lords_Of_The_Null_Lines_(Foul_Play_Remix)/track.npy,hjdb,1.0,1.0,1.0,1.0,0.9782378232880758,0.978452448420933,1.0,1.0
hjdb/hjdb_Manic_Stampede/track.npy,hjdb,1.0,1.0,1.0,1.0,0.968344383777101,0.9689284622184305,1.0,1.0
hjdb/hjdb_Open_Your_Mind/track.npy,hjdb,0.8292682926829268,0.0,0.0,0.0,0.7143230276823991,0.2812156493020798,0.5833333333333334,0.0
hjdb/hjdb_Original_Badboy/track.npy,hjdb,1.0,1.0,1.0,1.0,0.9785972586859704,0.9849663695944242,1.0,1.0
hjdb/hjdb_Promised_Land/track.npy,hjdb,0.9802631578947368,0.9210526315789473,0.9802631578947368,0.9210526315789473,0.9691943277532755,0.9423053926426841,0.9933774834437086,0.9599999999999999
hjdb/hjdb_Showtime/track.npy,hjdb,0.9791666666666666,1.0,0.9791666666666666,1.0,0.9647870201007891,0.9895209639830095,0.9894736842105264,1.0
hjdb/hjdb_Star_Eyes/track.npy,hjdb,1.0,1.0,1.0,1.0,0.9637680922922484,0.9733454564764759,1.0,1.0
hjdb/hjdb_Terrorist_(Grooverider_Remix)/track.npy,hjdb,1.0,1.0,1.0,1.0,0.9778428351233743,0.976698767901388,1.0,1.0
hjdb/hjdb_Terrorist_(PA_Mix)/track.npy,hjdb,1.0,1.0,1.0,1.0,0.982088467015078,0.9844527247196788,1.0,1.0
hjdb/hjdb_Terrorist_(original)/track.npy,hjdb,1.0,1.0,1.0,1.0,0.9507376635182853,0.9390255692243831,1.0,1.0
hjdb/hjdb_Volume_1/track.npy,hjdb,1.0,1.0,1.0,1.0,0.97711624664952,0.9703583460916207,1.0,1.0
hjdb/hjdb_Wots_My_Code_(Ray_Keith_Final_Plate)/track.npy,hjdb,1.0,1.0,1.0,1.0,0.9668095192861905,0.958055867936391,1.0,1.0
hjdb/hjdb_Yaaah/track.npy,hjdb,0.9967213114754099,0.987012987012987,0.9967213114754099,0.987012987012987,0.9781954020426027,0.9727534869674821,0.9983579638752053,0.9934640522875817
hjdb/hjdb_You_Dont_Know/track.npy,hjdb,1.0,1.0,1.0,1.0,0.9808384381333598,0.9820717319313857,1.0,1.0
jaah/jaah_004-dexter_gordon_quartet-bikini/track.npy,jaah,0.9574468085106383,0.8138297872340425,0.9574468085106383,0.8138297872340425,0.9242076398399768,0.8343562003385875,0.9853333333333332,0.891304347826087
jaah/jaah_012-stan_getz_jj_johnson-blues_in_the_closet/track.npy,jaah,0.9894281595386833,0.9347408829174664,0.9894281595386833,0.9347408829174664,0.9189011548751375,0.8688025401817111,0.99375,0.9461538461538461
jaah/jaah_024-duke_ellington_his_orchestra-diminuendo_in_blue_and_crescendo_in_blue/track.npy,jaah,0.9858906525573192,0.7901639344262295,0.9858906525573192,0.7901639344262295,0.9693550781116422,0.8801869669205844,0.9942350332594234,0.9047619047619048
jaah/jaah_032-charlie_parker_quintet-embraceable_you/track.npy,jaah,0.8888888888888888,0.7540983606557377,0.8888888888888888,0.7540983606557377,0.8387373553948585,0.7000499432971626,0.9662447257383966,0.8403361344537814
jaah/jaah_048-louis_armstrong_and_his_hot_five-hotter_than_that/track.npy,jaah,0.9329073482428115,0.8471337579617835,0.9329073482428115,0.8471337579617835,0.9188066481512838,0.837537844243532,0.9563106796116505,0.8681672025723473
jaah/jaah_065-new_orleans_feetwarmers-maple_leaf_rag/track.npy,jaah,0.8103448275862069,0.7287234042553191,0.8103448275862069,0.7287234042553191,0.9024015495338058,0.7055175308789634,0.9500693481276006,0.7393617021276595
jaah/jaah_066-anthony_braxton_muhal_richard_abrams-maple_leaf_rag/track.npy,jaah,0.3803680981595092,0.45588235294117646,0.20512820512820512,0.45588235294117646,0.5078768810959289,0.44816150576878067,0.6442577030812325,0.6133333333333333
jaah/jaah_067-dick_hyman-maple_leaf_rag/track.npy,jaah,0.81,0.38848920863309355,0.81,0.38848920863309355,0.7069137209836968,0.5428515908525006,0.9326424870466321,0.7148936170212766
jaah/jaah_070-thelonious_monk_quartet-misterioso/track.npy,jaah,0.8215613382899628,0.14960629921259844,0.8215613382899628,0.07462686567164178,0.762981432291194,0.24553724947005295,0.9177820267686425,0.2748091603053435
jaah/jaah_073-john_coltrane_quartet-my_favorite_things_part_1_single_version/track.npy,jaah,0.9699769053117783,0.6,0.9699769053117783,0.6,0.9275167619750524,0.8100973287697815,0.9871645274212368,0.876923076923077
jaah/jaah_074-duke_ellington_his_orchestra-the_new_east_st_louis_toodleoo/track.npy,jaah,0.9857142857142858,0.9857142857142858,0.9857142857142858,0.9857142857142858,0.9480474662230304,0.9545567797257218,0.9928057553956835,0.9928057553956835
jaah/jaah_079-jimmie_lunceford_and_his_orchestra-organ_grinders_swing/track.npy,jaah,0.9966101694915255,1.0,0.9966101694915255,1.0,0.8907513052146748,0.8936192650559798,0.9932203389830508,0.9863013698630136
jaah/jaah_092-lennie_tristano-subconscious_lee/track.npy,jaah,0.9742813918305597,0.8181818181818182,0.9742813918305597,0.8181818181818182,0.9650925699831184,0.8735077391007667,0.990895295902883,0.897196261682243
jaah/jaah_106-wes_montgomery-west_coast_blues_abridged/track.npy,jaah,0.995049504950495,0.34944237918215615,0.995049504950495,0.34944237918215615,0.9681056939799808,0.6406924156206663,0.9975216852540273,0.6608315098468271
rwc/rwc_classical_CD1_05/track.npy,rwc_classical,0.44326530612244897,0.29591836734693877,0.44326530612244897,0.29591836734693877,0.6059575641091611,0.39373676679554054,0.7520075578649033,0.4874274661508704
rwc/rwc_classical_CD2_03/track.npy,rwc_classical,0.17707267144319344,0.08,0.17707267144319344,0.05351170568561873,0.2416723742490542,0.1369032325472016,0.3325599381283836,0.18798955613577026
rwc/rwc_classical_CD3_06/track.npy,rwc_classical,0.5045045045045045,0.24736842105263157,0.5045045045045045,0.24736842105263157,0.674307386950061,0.509285710919558,0.781038374717833,0.5754189944134077
rwc/rwc_classical_CD4_09/track.npy,rwc_classical,0.8742138364779874,0.39622641509433965,0.8742138364779874,0.39622641509433965,0.8209176251299397,0.524692078488467,0.9576547231270358,0.5833333333333333
rwc/rwc_classical_CD4_12/track.npy,rwc_classical,0.921875,0.625,0.0,0.0,0.7224013841266188,0.54478718507343,0.6458333333333334,0.5
rwc/rwc_classical_CD5_02/track.npy,rwc_classical,0.789261744966443,0.5207100591715976,0.789261744966443,0.0220125786163522,0.8427502283158383,0.516834101747423,0.9244883556810162,0.5051334702258728
rwc/rwc_classical_CD6_05/track.npy,rwc_classical,0.8064516129032258,0.4861111111111111,0.8064516129032258,0.4861111111111111,0.6983130196942055,0.52426519746455,0.8602941176470589,0.6524822695035462
rwc/rwc_classical_CD6_12/track.npy,rwc_classical,0.6027397260273972,0.6,0.6027397260273972,0.6,0.6575572267327403,0.5958707184262674,0.7969924812030076,0.7019867549668874
rwc/rwc_jazz_CD1_02/track.npy,rwc_jazz,0.7883435582822086,0.336734693877551,0.7883435582822086,0.336734693877551,0.7792659925076619,0.6354857098437203,0.86875,0.6931818181818182
rwc/rwc_jazz_CD1_10/track.npy,rwc_jazz,0.7698630136986301,0.38016528925619836,0.7698630136986301,0.38016528925619836,0.7240837949896995,0.4879111881544176,0.8330995792426368,0.5742574257425742
rwc/rwc_jazz_CD2_02/track.npy,rwc_jazz,0.95,0.4909090909090909,0.95,0.4909090909090909,0.7564858903725489,0.6081438175345062,0.9076517150395779,0.715686274509804
rwc/rwc_jazz_CD3_08/track.npy,rwc_jazz,0.9498327759197325,0.9517241379310345,0.9498327759197325,0.9517241379310345,0.8913848406177918,0.854830376577959,0.9778534923339013,0.9550173010380624
rwc/rwc_jazz_CD4_13/track.npy,rwc_jazz,0.990909090909091,0.9009009009009009,0.990909090909091,0.9009009009009009,0.8442143810953968,0.7859358363951368,0.9886363636363636,0.9049773755656109
rwc/rwc_jazz_CD4_15/track.npy,rwc_jazz,0.757328990228013,0.7189542483660131,0.757328990228013,0.7189542483660131,0.842245212875249,0.815351892876422,0.9341421143847487,0.89198606271777
rwc/rwc_popular_CD1_02/track.npy,rwc_popular,0.9971751412429378,1.0,0.9971751412429378,1.0,0.9880352608033123,0.9886451537727624,0.9985855728429986,1.0
rwc/rwc_popular_CD1_04/track.npy,rwc_popular,0.9909638554216867,1.0,0.9909638554216867,1.0,0.9713649922588885,0.9707017578823629,0.9954614220877459,1.0
rwc/rwc_popular_CD1_09/track.npy,rwc_popular,0.834319526627219,0.8333333333333334,0.834319526627219,0.8333333333333334,0.9098875065644573,0.8964187144251364,0.9567901234567902,0.9565217391304348
rwc/rwc_popular_CD2_05/track.npy,rwc_popular,0.9737470167064439,1.0,0.9737470167064439,1.0,0.9679173115064654,0.9736726775710589,0.9856115107913669,0.9903846153846154
rwc/rwc_popular_CD2_06/track.npy,rwc_popular,0.9955156950672646,0.9375,0.9955156950672646,0.9375,0.9737428985233653,0.9253773027240281,0.9977528089887641,0.9464285714285714
rwc/rwc_popular_CD2_13/track.npy,rwc_popular,0.9971590909090909,0.9886363636363636,0.9971590909090909,0.9886363636363636,0.9787932976599408,0.9709088275861589,0.9985775248933144,0.9942857142857142
rwc/rwc_popular_CD2_16/track.npy,rwc_popular,1.0,1.0,1.0,1.0,0.9839929159860071,0.9831624545595948,1.0,1.0
rwc/rwc_popular_CD3_12/track.npy,rwc_popular,0.9836065573770492,0.991869918699187,0.9836065573770492,0.991869918699187,0.9733658024366205,0.9662217958271931,0.9877049180327869,0.9795918367346939
rwc/rwc_popular_CD3_16/track.npy,rwc_popular,0.9973333333333333,0.9893617021276596,0.9973333333333333,0.9893617021276596,0.9735963630967353,0.9717594220655813,0.9986648865153538,0.9946524064171123
rwc/rwc_popular_CD4_11/track.npy,rwc_popular,0.9873015873015873,0.9871794871794872,0.9873015873015873,0.9871794871794872,0.961622261591269,0.9773794355825909,0.9904153354632589,0.9935483870967742
rwc/rwc_popular_CD5_11/track.npy,rwc_popular,0.9819819819819819,0.9879518072289156,0.9819819819819819,0.9879518072289156,0.8989534767468362,0.91556342365447,0.9924585218702866,0.993939393939394
rwc/rwc_popular_CD5_14/track.npy,rwc_popular,0.9806451612903225,0.9230769230769231,0.9806451612903225,0.9230769230769231,0.8998120148281493,0.8378915444115163,0.993527508090615,0.9290322580645162
rwc/rwc_popular_CD6_09/track.npy,rwc_popular,0.99581589958159,0.9663865546218487,0.99581589958159,0.9663865546218487,0.9777770429584788,0.9577977402829816,0.9979035639412999,0.9747899159663865
rwc/rwc_royalty-free_CD1_08/track.npy,rwc_royalty-free,0.9764705882352941,0.96875,0.9764705882352941,0.96875,0.7612432573462992,0.7549200744019661,0.988095238095238,0.9841269841269841
rwc/rwc_royalty-free_CD1_15/track.npy,rwc_royalty-free,0.9682539682539683,0.9761904761904762,0.9682539682539683,0.9761904761904762,0.6707114046310645,0.6893533720887551,0.8525896414342629,0.8333333333333334
simac/simac_A_vida_me_fez_assim_03-candeeiro/track.npy,simac,0.92,0.0,0.92,0.0,0.9520399673690715,0.0,0.9795918367346939,0.0
simac/simac_A_vida_me_fez_assim_08-Pedro_e_Tereza/track.npy,simac,0.92,0.0,0.92,0.0,0.9528826156092761,0.0,0.9795918367346939,0.0
simac/simac_A_vida_me_fez_assim_10-Sorri/track.npy,simac,0.8076923076923077,0.0,0.8076923076923077,0.0,0.8292500949906515,0.0,0.9199999999999999,0.0
simac/simac_Amber_05-Glitch/track.npy,simac,0.0,0.0,0.0,0.0,0.2745740607992863,0.0,0.0,0.0
simac/simac_Amber_06-Piezo/track.npy,simac,0.7222222222222222,0.0,0.7222222222222222,0.0,0.8691265487459386,0.0,0.9253731343283582,0.0
simac/simac_As_Time_Goes_By_12-i_could_write_a_book/track.npy,simac,0.7857142857142857,0.0,0.7857142857142857,0.0,0.8202083633214949,0.0,0.9056603773584904,0.0
simac/simac_As_time_goes_by_disk_2_13-Experiment/track.npy,simac,0.9666666666666667,0.0,0.9666666666666667,0.0,0.9083438100401211,0.0,0.983050847457627,0.0
simac/simac_As_time_goes_by_disk_2_14-Isntit_romantic/track.npy,simac,0.8095238095238095,0.0,0.8095238095238095,0.0,0.804884517879694,0.0,0.9268292682926829,0.0
simac/simac_As_time_goes_by_disk_3_01-One/track.npy,simac,0.631578947368421,0.0,0.21875,0.0,0.732333020323769,0.0,0.7450980392156863,0.0
simac/simac_BACH_WTC_02-Prelude_and_Fugue_No._1_in_C_major_BWV_870_-_2._Fuga/track.npy,simac,1.0,0.0,1.0,0.0,0.9408007162391038,0.0,1.0,0.0
simac/simac_Bach_Bach_-_Cello_suite_1_G_-_03_Courante/track.npy,simac,0.68,0.0,0.68,0.0,0.6749361175861383,0.0,0.7499999999999999,0.0
simac/simac_Bach_Bach_-_Cello_suite_2_d_-_01_Prelude/track.npy,simac,0.14285714285714285,0.0,0.0,0.0,0.29347548744963187,0.0,0.3,0.0
simac/simac_Bach_The_Well-Tempered_Clavier_II_(Disc_1)_14-Prelude_and_Fugue_No._7_in_E-flat_major_BWV_876_-_2._Fuga/track.npy,simac,0.9565217391304348,0.0,0.9565217391304348,0.0,0.9250609553650011,0.0,0.9777777777777777,0.0
simac/simac_Beethoven_The_String_Quartets_-_CD_3_08-IV_Finale-_Presto/track.npy,simac,0.7,0.0,0.0,0.0,0.5715443421346235,0.0,0.5614035087719298,0.0
simac/simac_Bela_Bartok_02-The_Miraculous_Mandarin_2_1st_Decoy_Game/track.npy,simac,0.75,0.0,0.75,0.0,0.6305808032064223,0.0,0.7567567567567567,0.0
simac/simac_Bela_Bartok_11-Music_for_Strings_Percussion_and_Celesta_III_Adagio/track.npy,simac,0.32,0.0,0.32,0.0,0.37893468162832683,0.0,0.5789473684210525,0.0
simac/simac_Bernstein_conducts_Stravinsky_08-Dance_of_the_earth/track.npy,simac,0.85,0.0,0.0,0.0,0.34645379232768647,0.0,0.0,0.0
simac/simac_Bernstein_conducts_Stravinsky_10-Mystical_circles_of_the_young_girls/track.npy,simac,0.6666666666666666,0.0,0.6666666666666666,0.0,0.41030657499469253,0.0,0.6428571428571429,0.0
simac/simac_Bernstein_conducts_Stravinsky_19-Waltz_ballerina_and_the_moor/track.npy,simac,0.0,0.0,0.0,0.0,0.382015401920329,0.0,0.5,0.0
simac/simac_Bernstein_conducts_Stravinsky_22-The_bear_and_the_peasant/track.npy,simac,0.11764705882352941,0.0,0.11764705882352941,0.0,0.08074651370670007,0.0,0.10526315789473684,0.0
simac/simac_Bernstein_conducts_Stravinsky_24-Danse_of_the_coachmen_and_grooms/track.npy,simac,0.6206896551724138,0.0,0.6206896551724138,0.0,0.5598555547921246,0.0,0.7272727272727274,0.0
simac/simac_Cafe_Zimmermann_06-Suite_en_ut_majeur_BWV_1066_-_Ouverture/track.npy,simac,0.42424242424242425,0.0,0.4166666666666667,0.0,0.5106028701432427,0.0,0.6829268292682927,0.0
simac/simac_Cafe_Zimmermann_15-Concerto_pour_hautbois_&_violon_en_ut_mineur_BWV_1060_-_Allegro/track.npy,simac,1.0,0.0,1.0,0.0,0.9521892521745968,0.0,1.0,0.0
simac/simac_Clandestino_-_esperando_la_ultima_ola_04-Je_ne_t_aime_plus/track.npy,simac,0.9473684210526315,0.0,0.9473684210526315,0.0,0.8423882040281983,0.0,0.918918918918919,0.0
simac/simac_Clandestino_-_esperando_la_ultima_ola_06-Lagrimas_de_oro/track.npy,simac,1.0,0.0,1.0,0.0,0.9392581101999914,0.0,1.0,0.0
simac/simac_DGG_419_047-2_08-Toccata_Adagio_u._Fuge_C-dur_BWV_564_-_II_Adagio/track.npy,simac,0.5384615384615384,0.0,0.5384615384615384,0.0,0.49457199480209907,0.0,0.6363636363636364,0.0
simac/simac_DGG_419_047-2_10-Triosonate_Nr._1_Es-Dur_BWV_525_-_I_(Allegro)/track.npy,simac,0.8421052631578947,0.0,0.8421052631578947,0.0,0.717910461506396,0.0,0.9444444444444444,0.0
simac/simac_DGG_419_047-2_12-Triosonate_Nr._1_Es-Dur_BWV_525_-_III_Allegro/track.npy,simac,1.0,0.0,1.0,0.0,0.7296973251585139,0.0,0.9565217391304348,0.0
simac/simac_Ella_&_Louis_11-Oh_Johnny/track.npy,simac,1.0,0.0,1.0,0.0,0.7486603516833904,0.0,0.9166666666666666,0.0
simac/simac_Ella_&_Louis_15-Billy/track.npy,simac,1.0,0.0,1.0,0.0,0.8131441487940664,0.0,1.0,0.0
simac/simac_Fado_08-AudioTrack_08/track.npy,simac,0.5,0.0,0.5,0.0,0.3142519644547367,0.0,0.42857142857142855,0.0
simac/simac_Family_Tree_-_Greatest_Hits_As_Chosen_By_Bjork_01-Venus_As_A_Boy/track.npy,simac,0.8787878787878788,0.0,0.0625,0.0,0.8034910107990443,0.0,0.6938775510204082,0.0
simac/simac_Family_Tree_-_Greatest_Hits_As_Chosen_By_Bjork_05-Joga/track.npy,simac,0.4090909090909091,0.0,0.4090909090909091,0.0,0.558082195852691,0.0,0.6341463414634148,0.0
simac/simac_Ludwid_van_Beethoven_05-Quartet_in_C-sharp_major_Op._131_I._Adagio_ma_non_troppo_e_molto_espressivo_-_attacca/track.npy,simac,0.5882352941176471,0.0,0.5882352941176471,0.0,0.4631713934275095,0.0,0.5,0.0
simac/simac_Niandra_LaDes_and_Usually_Just_a_T-Shirt_04-Big_Takeover/track.npy,simac,0.8823529411764706,0.0,0.0,0.0,0.7258545115935354,0.0,0.6274509803921569,0.0
simac/simac_Niandra_LaDes_and_Usually_Just_a_T-Shirt_08-Been_Insane/track.npy,simac,0.9047619047619048,0.0,0.9047619047619048,0.0,0.8038223711221741,0.0,0.975609756097561,0.0
simac/simac_Niandra_LaDes_and_Usually_Just_a_T-Shirt_09-Skin_Blues/track.npy,simac,0.6,0.0,0.6,0.0,0.6505623340430081,0.0,0.7755102040816326,0.0
simac/simac_Niandra_LaDes_and_Usually_Just_a_T-Shirt_10-Your_Pussys_Glued_to_a_Building_on_Fire/track.npy,simac,0.9411764705882353,0.0,0.9411764705882353,0.0,0.8231352556758805,0.0,0.9411764705882353,0.0
simac/simac_Niandra_LaDes_and_Usually_Just_a_T-Shirt_12-Ten_to_Butter_Blood_Voodoo/track.npy,simac,0.6046511627906976,0.0,0.13513513513513514,0.0,0.6584505257309886,0.0,0.6440677966101694,0.0
simac/simac_Papakonstantinou_05-AudioTrack_05/track.npy,simac,1.0,0.0,1.0,0.0,0.944004326790829,0.0,1.0,0.0
simac/simac_Papakonstantinou_17-AudioTrack_17/track.npy,simac,1.0,0.0,1.0,0.0,0.7650101980604815,0.0,1.0,0.0
simac/simac_Primer_Aliento_04-Varsovia_en_llamas/track.npy,simac,1.0,0.0,1.0,0.0,0.9788226367655127,0.0,1.0,0.0
simac/simac_Primer_Aliento_16-Kraken/track.npy,simac,1.0,0.0,1.0,0.0,0.9676788992762306,0.0,1.0,0.0
simac/simac_R.A.F.I_13-Real_Areas_For_Investigation/track.npy,simac,0.3076923076923077,0.0,0.3076923076923077,0.0,0.45262093888604554,0.0,0.5263157894736842,0.0
simac/simac_Samba_na_Madrugada_05-Momento_de_Fraqueza/track.npy,simac,1.0,0.0,1.0,0.0,0.8429579981130231,0.0,1.0,0.0
simac/simac_Samba_na_Madrugada_11-Alo_Alo/track.npy,simac,0.07692307692307693,0.0,0.07692307692307693,0.0,0.014849027491163394,0.0,0.0,0.0
simac/simac_Santana_03-La_Puesta_De_Sol/track.npy,simac,0.9310344827586207,0.0,0.9310344827586207,0.0,0.9253696161295255,0.0,0.9824561403508771,0.0
simac/simac_So_Cartola_12-Divina_Dama/track.npy,simac,1.0,0.0,1.0,0.0,0.9435462442158918,0.0,1.0,0.0
simac/simac_Songs_Afrocuba_-_Mezquinidad/track.npy,simac,0.4583333333333333,0.0,0.4583333333333333,0.0,0.6588236823851595,0.0,0.6808510638297872,0.0
simac/simac_Tales_Of_Mystery_And_Imagination_02-The_Raven/track.npy,simac,0.65,0.0,0.65,0.0,0.17736803130266302,0.0,0.20000000000000004,0.0
simac/simac_Tanto_Tempo_01-Samba_da_Bencao/track.npy,simac,1.0,0.0,1.0,0.0,0.806161572913461,0.0,1.0,0.0
simac/simac_Tanto_Tempo_11-Close_Your_Eyes/track.npy,simac,1.0,0.0,1.0,0.0,0.9736161702968095,0.0,1.0,0.0
simac/simac_The_Art_of_Spanish_Guitar_02-Lauro_Dos_Valses_Venezolanos_-_Uno/track.npy,simac,1.0,0.0,1.0,0.0,0.896661887667397,0.0,1.0,0.0
simac/simac_The_Crackdown_03-Talking_Time/track.npy,simac,0.9642857142857143,0.0,0.9642857142857143,0.0,0.9477166603858102,0.0,0.9818181818181818,0.0
simac/simac_The_Crackdown_04-Animation/track.npy,simac,1.0,0.0,1.0,0.0,0.9787407273240243,0.0,1.0,0.0
simac/simac_Tomatito_Tomatito-01.Barrio_negro/track.npy,simac,0.0967741935483871,0.0,0.0967741935483871,0.0,0.11429093736887043,0.0,0.13114754098360656,0.0
simac/simac_VOL.3_Musiques_pour_guitare_et_violoncelle_09-M._de_Falla_7_chansons_populaires_espagnoles_(extraits)_-_El_pano_moruno/track.npy,simac,0.0,0.0,0.0,0.0,0.40459397003412356,0.0,0.3888888888888889,0.0
simac/simac_Xatzidakis_17-AudioTrack_17/track.npy,simac,1.0,0.0,1.0,0.0,0.8452325818202081,0.0,1.0,0.0
simac/simac_aire_06-Arrengao/track.npy,simac,0.925,0.0,0.925,0.0,0.8634232609152239,0.0,0.975,0.0
simac/simac_blues_roots_cryin_blues/track.npy,simac,0.8947368421052632,0.0,0.8947368421052632,0.0,0.7031808780387256,0.0,0.8333333333333333,0.0
simac/simac_greek_Mavili_-_Afto_t_agori/track.npy,simac,1.0,0.0,1.0,0.0,0.8940056060946854,0.0,1.0,0.0
simac/simac_more_greek_03_Virginouda/track.npy,simac,0.0,0.0,0.0,0.0,0.41168584600023317,0.0,0.3888888888888889,0.0
simac/simac_more_greek_08_Kapoios_peftei.../track.npy,simac,0.9705882352941176,0.0,0.9705882352941176,0.0,0.9534607177895362,0.0,0.9850746268656716,0.0
simac/simac_more_greek_Giannakopoulou_-_Marina/track.npy,simac,0.8333333333333334,0.0,0.0,0.0,0.6975981140898219,0.0,0.6470588235294118,0.0
simac/simac_more_greek_Ksylouris_-_Xilia_myria_kymata/track.npy,simac,0.9285714285714286,0.0,0.9285714285714286,0.0,0.8878327518293891,0.0,0.962962962962963,0.0
simac/simac_more_greek_Makedonas_-_Savvatovrado_stin_Kaisariani/track.npy,simac,0.2,0.0,0.2,0.0,0.4919792411388775,0.0,0.5517241379310346,0.0
simac/simac_more_greek_Mosxoliou_-_Eipa_na_svisw_ta_palia/track.npy,simac,1.0,0.0,1.0,0.0,0.7992479797920037,0.0,1.0,0.0
simac/simac_more_greek_Mpellou_-_De_les_kouventa/track.npy,simac,1.0,0.0,1.0,0.0,0.8579152305270266,0.0,1.0,0.0
simac/simac_more_greek_Mpellou_-_O_kosmos_einai_san_mpakses/track.npy,simac,0.9375,0.0,0.9375,0.0,0.8550542850812103,0.0,0.967741935483871,0.0
simac/simac_more_greek_Mpi8ikwtsis_-_Brexei_sti_ftwxogeitonia/track.npy,simac,0.8888888888888888,0.0,0.8888888888888888,0.0,0.8255737759101618,0.0,0.9142857142857143,0.0
simac/simac_more_greek_Mpi8ikwtsis_-_Kokotas_-_Stou_O8wna_ta_xronia/track.npy,simac,1.0,0.0,1.0,0.0,0.7017586019482935,0.0,0.9230769230769231,0.0
simac/simac_more_greek_Mpi8ikwtsis_-_Mia_Kyriaki/track.npy,simac,0.7142857142857143,0.0,0.7142857142857143,0.0,0.7718074298909376,0.0,0.923076923076923,0.0
simac/simac_more_greek_NinouTsitsanis_-_Synnefiasmeni_Kyriaki/track.npy,simac,1.0,0.0,1.0,0.0,0.8310265128639716,0.0,1.0,0.0
simac/simac_more_greek_Ntalaras_-_Ta_matoklada_sou_lampoun/track.npy,simac,0.6470588235294118,0.0,0.6470588235294118,0.0,0.8253733091686967,0.0,0.8749999999999999,0.0
simac/simac_more_greek_Panou_Dionysiou_Tsitsanis_-_Axaristi/track.npy,simac,1.0,0.0,0.0,0.0,0.6341691495871908,0.0,0.6428571428571429,0.0
smc/smc_006/track.npy,smc,0.4444444444444444,0.0,0.4444444444444444,0.0,0.7242727086022412,0.0,0.7586206896551725,0.0
smc/smc_018/track.npy,smc,0.1875,0.0,0.1836734693877551,0.0,0.2624811729395288,0.0,0.3076923076923077,0.0
smc/smc_026/track.npy,smc,0.8620689655172413,0.0,0.8620689655172413,0.0,0.5129648824707688,0.0,0.7241379310344829,0.0
smc/smc_027/track.npy,smc,0.7105263157894737,0.0,0.7105263157894737,0.0,0.5419348979712404,0.0,0.7466666666666667,0.0
smc/smc_065/track.npy,smc,1.0,0.0,1.0,0.0,0.7578543666716072,0.0,1.0,0.0
smc/smc_068/track.npy,smc,0.9811320754716981,0.0,0.9811320754716981,0.0,0.6450165721614238,0.0,0.8867924528301887,0.0
smc/smc_082/track.npy,smc,0.9473684210526315,0.0,0.9473684210526315,0.0,0.8036602457655305,0.0,0.9649122807017544,0.0
smc/smc_089/track.npy,smc,0.6551724137931034,0.0,0.2,0.0,0.40647870833860156,0.0,0.5316455696202531,0.0
smc/smc_104/track.npy,smc,0.1794871794871795,0.0,0.1794871794871795,0.0,0.31991305910906603,0.0,0.45283018867924535,0.0
smc/smc_106/track.npy,smc,0.5352112676056338,0.0,0.057971014492753624,0.0,0.37644961337190475,0.0,0.4380952380952381,0.0
smc/smc_111/track.npy,smc,0.08333333333333333,0.0,0.020833333333333332,0.0,0.34294319092044656,0.0,0.36363636363636365,0.0
smc/smc_118/track.npy,smc,0.12307692307692308,0.0,0.12195121951219512,0.0,0.2996347773828965,0.0,0.4324324324324324,0.0
smc/smc_130/track.npy,smc,0.2,0.0,0.2,0.0,0.3750541187099954,0.0,0.4363636363636364,0.0
smc/smc_142/track.npy,smc,0.3181818181818182,0.0,0.23255813953488372,0.0,0.30166699687867726,0.0,0.37499999999999994,0.0
smc/smc_157/track.npy,smc,0.6363636363636364,0.0,0.6363636363636364,0.0,0.38408524476295874,0.0,0.5432098765432098,0.0
smc/smc_167/track.npy,smc,0.3333333333333333,0.0,0.3333333333333333,0.0,0.27288072436939137,0.0,0.30303030303030304,0.0
smc/smc_169/track.npy,smc,0.041237113402061855,0.0,0.041237113402061855,0.0,0.3900322204081011,0.0,0.4444444444444444,0.0
smc/smc_174/track.npy,smc,0.17391304347826086,0.0,0.17391304347826086,0.0,0.30226264989761037,0.0,0.32,0.0
smc/smc_198/track.npy,smc,0.5737704918032787,0.0,0.5737704918032787,0.0,0.588963305133475,0.0,0.7027027027027027,0.0
smc/smc_219/track.npy,smc,0.673469387755102,0.0,0.673469387755102,0.0,0.6591380084995573,0.0,0.7865168539325842,0.0
smc/smc_243/track.npy,smc,0.7037037037037037,0.0,0.7037037037037037,0.0,0.6198117068228722,0.0,0.75,0.0
smc/smc_248/track.npy,smc,0.11538461538461539,0.0,0.0,0.0,0.24116203505896328,0.0,0.2769230769230769,0.0
smc/smc_251/track.npy,smc,0.8028169014084507,0.0,0.8028169014084507,0.0,0.6469132628857189,0.0,0.8296296296296297,0.0
smc/smc_256/track.npy,smc,0.8888888888888888,0.0,0.0,0.0,0.6253922909985092,0.0,0.6415094339622641,0.0
smc/smc_261/track.npy,smc,0.4166666666666667,0.0,0.4166666666666667,0.0,0.3917190177755762,0.0,0.4923076923076923,0.0
smc/smc_271/track.npy,smc,1.0,0.0,1.0,0.0,0.9712149422338641,0.0,1.0,0.0
smc/smc_276/track.npy,smc,1.0,0.0,0.0,0.0,0.7703138411663519,0.0,0.6666666666666666,0.0
tapcorrect/005_youtube_RB-RcX5DS5A/track.npy,tapcorrect,0.9967532467532467,1.0,0.9967532467532467,1.0,0.9589587595839569,0.9656755506090051,0.9983739837398374,1.0
tapcorrect/013_youtube_6iGpdkgr57g/track.npy,tapcorrect,0.9894291754756871,0.9327731092436975,0.9894291754756871,0.9327731092436975,0.9672623777096233,0.9214073391599377,0.992576882290562,0.9451476793248945
tapcorrect/016_youtube_eelfrHtmk68/track.npy,tapcorrect,0.9585987261146497,0.9358974358974359,0.9585987261146497,0.9358974358974359,0.8838177214875284,0.8750284824925217,0.9680511182108625,0.9615384615384616
tapcorrect/028_youtube_StFfXP4eAgU/track.npy,tapcorrect,0.9966996699669967,1.0,0.9966996699669967,1.0,0.9554094728069867,0.9645849157229758,0.9983471074380166,1.0
tapcorrect/033_youtube_0Jj9rOwkfLM/track.npy,tapcorrect,0.8494623655913979,0.8494623655913979,0.8494623655913979,0.8494623655913979,0.9358959384385914,0.9399692229775737,0.956884561891516,0.9555555555555556
tapcorrect/035_youtube_NCnT_grZvLE/track.npy,tapcorrect,0.9960629921259843,1.0,0.9960629921259843,1.0,0.9329291998233413,0.9510229664516837,0.990138067061144,1.0
tapcorrect/044_youtube_BwKPJJxSnOE/track.npy,tapcorrect,0.993920972644377,0.9727272727272728,0.993920972644377,0.0,0.9580795063940969,0.8032526233738315,0.9969512195121951,0.6585365853658536
tapcorrect/072_youtube_sABVieMgwlA/track.npy,tapcorrect,0.9952038369304557,1.0,0.9952038369304557,1.0,0.9668618520794392,0.9725942028380429,0.9976019184652278,1.0
tapcorrect/078_youtube_DL_uU76w5eQ/track.npy,tapcorrect,0.8347826086956521,0.7586206896551724,0.8347826086956521,0.7586206896551724,0.6015554462866453,0.5271282330859891,0.9461883408071748,0.8495575221238938
tapcorrect/079_youtube_aEW001GcS9s/track.npy,tapcorrect,0.9908675799086758,0.40350877192982454,0.9908675799086758,0.40350877192982454,0.9461207227821254,0.553805593562807,0.9954337899543378,0.5555555555555555
tapcorrect/080_youtube_9z1A1R8RQZs/track.npy,tapcorrect,0.9716312056737588,0.9577464788732394,0.9716312056737588,0.9577464788732394,0.8152802803588707,0.8051986904820794,0.9679715302491102,0.9787234042553192
tapcorrect/091_youtube_NCtzkaL2t_Y/track.npy,tapcorrect,0.9691119691119691,0.8125,0.9691119691119691,0.8125,0.9224945087697872,0.808350533922566,0.9806949806949807,0.859375
tapcorrect/095_youtube_zO6D_BAuYCI/track.npy,tapcorrect,0.8899755501222494,0.912621359223301,0.8899755501222494,0.912621359223301,0.924032782573762,0.9189645936763762,0.961298377028714,0.9603960396039605
asap/Bach_Fugue_bwv_854_LuA01M/track.npy,asap,0.8476190476190476,0.4642857142857143,0.8476190476190476,0.4642857142857143,0.9136489130921681,0.531453491968081,0.9326923076923078,0.5555555555555555
asap/Bach_Fugue_bwv_854_MiyashitaM01M/track.npy,asap,0.6722689075630253,0.14814814814814814,0.6722689075630253,0.07407407407407407,0.8865586100755187,0.3034108893467109,0.9009009009009008,0.2641509433962264
asap/Bach_Fugue_bwv_854_Ozaki01M/track.npy,asap,1.0,0.5,1.0,0.5,0.9787584684612461,0.5942231723707605,1.0,0.5384615384615384
asap/Bach_Fugue_bwv_854_Richardson01M/track.npy,asap,0.9611650485436893,0.0,0.9611650485436893,0.0,0.9609246135676548,0.4423943732998572,0.9853658536585367,0.41860465116279066
asap/Bach_Fugue_bwv_854_WangA01M/track.npy,asap,0.6019417475728155,0.34615384615384615,0.6019417475728155,0.34615384615384615,0.78430735600677,0.48837422699629984,0.8044692737430168,0.5
asap/Bach_Fugue_bwv_856_LuoJ01M/track.npy,asap,0.045,0.4411764705882353,0.045,0.0,0.52905185479316,0.526362949388095,0.5401459854014599,0.5274725274725275
asap/Bach_Fugue_bwv_870_ChenW01M/track.npy,asap,0.9743589743589743,0.6153846153846154,0.9743589743589743,0.0,0.9703877448746309,0.6282305189135774,0.9871794871794872,0.6379310344827586
asap/Bach_Fugue_bwv_870_LeeE01M/track.npy,asap,1.0,0.6923076923076923,1.0,0.01282051282051282,0.9795505810862507,0.6604414327993643,1.0,0.6666666666666666
asap/Bach_Fugue_bwv_870_MaximovI01M/track.npy,asap,1.0,0.717948717948718,1.0,0.01282051282051282,0.9761354014379822,0.6793593882131761,1.0,0.6666666666666666
asap/Bach_Prelude_bwv_854_LuA01M/track.npy,asap,0.9090909090909091,0.6818181818181818,0.9090909090909091,0.6818181818181818,0.9142698942674162,0.6588947694576927,0.942528735632184,0.6976744186046512
asap/Bach_Prelude_bwv_854_MiyashitaM01M/track.npy,asap,0.9310344827586207,0.3488372093023256,0.9310344827586207,0.3333333333333333,0.9559700681727487,0.6953023930035,0.9824561403508771,0.6938775510204083
asap/Bach_Prelude_bwv_854_Ozaki01M/track.npy,asap,0.39416058394160586,0.23333333333333334,0.39416058394160586,0.23333333333333334,0.7489267749741638,0.5605517724540469,0.7644444444444445,0.576923076923077
asap/Bach_Prelude_bwv_854_Richardson01M/track.npy,asap,0.9204545454545454,0.42857142857142855,0.9204545454545454,0.42857142857142855,0.9586857370515847,0.7868684660563413,0.9770114942528736,0.8
asap/Bach_Prelude_bwv_854_WangA01M/track.npy,asap,0.9310344827586207,0.5,0.9310344827586207,0.36363636363636365,0.9337159396325216,0.4445748229591965,0.9651162790697674,0.4090909090909091
asap/Bach_Prelude_bwv_862_Song04M/track.npy,asap,0.9291338582677166,0.5609756097560976,0.9291338582677166,0.5609756097560976,0.9479602644057399,0.7427577469698009,0.976,0.7567567567567567
asap/Bach_Prelude_bwv_865_Rizikov01M/track.npy,asap,0.24503311258278146,0.0,0.24503311258278146,0.0,0.6587532368777146,0.4229020655585267,0.669603524229075,0.43373493975903615
asap/Bach_Prelude_bwv_865_Teo01M/track.npy,asap,0.23636363636363636,0.36,0.23636363636363636,0.36,0.6301336815991884,0.3526990895719512,0.6378378378378379,0.35555555555555557
asap/Bach_Prelude_bwv_865_ZhangE01M/track.npy,asap,0.6022727272727273,0.12,0.6022727272727273,0.038461538461538464,0.8259320705367036,0.34256054172987754,0.8414634146341463,0.34782608695652173
asap/Bach_Prelude_bwv_892_Hou01M/track.npy,asap,0.9595375722543352,0.5454545454545454,0.9595375722543352,0.5454545454545454,0.9695869072792221,0.595370280466264,0.9883720930232557,0.611764705882353
asap/Bach_Prelude_bwv_892_KabuliL01M/track.npy,asap,1.0,0.41509433962264153,1.0,0.41509433962264153,0.9778478972813852,0.677055990703264,1.0,0.6597938144329897
asap/Bach_Prelude_bwv_893_Kleisen04M/track.npy,asap,0.47619047619047616,0.3548387096774194,0.47619047619047616,0.0,0.6484560240367906,0.3400367283354621,0.6553191489361703,0.27906976744186046
asap/Bach_Prelude_bwv_893_Levitsky04M/track.npy,asap,0.7737226277372263,0.2222222222222222,0.7737226277372263,0.2222222222222222,0.8930108476747876,0.4906783941363152,0.9125475285171103,0.5
asap/Bach_Prelude_bwv_893_Wong01M/track.npy,asap,0.3900709219858156,0.46875,0.3900709219858156,0.015625,0.6163359883849157,0.4159105670655627,0.626865671641791,0.375
asap/Beethoven_Piano_Sonatas_10-1_Hou02M/track.npy,asap,0.6946564885496184,0.2982456140350877,0.6946564885496184,0.16751269035532995,0.763147531501232,0.525192593738232,0.8021248339973439,0.5466237942122186
asap/Beethoven_Piano_Sonatas_11-1_LiC03M/track.npy,asap,0.8622448979591837,0.36036036036036034,0.8622448979591837,0.36036036036036034,0.9294835129682687,0.6412471337238755,0.9584158415841584,0.6602870813397128
asap/Beethoven_Piano_Sonatas_11-1_LiYZ03M/track.npy,asap,0.8941326530612245,0.73,0.8941326530612245,0.73,0.9415494626938737,0.8417641874086095,0.9640287769784173,0.8636363636363636
asap/Beethoven_Piano_Sonatas_11-1_MaximovI02M/track.npy,asap,0.7305236270753512,0.40625,0.7305236270753512,0.40625,0.8768715810283862,0.6773776997823356,0.9031413612565444,0.7
asap/Beethoven_Piano_Sonatas_11-1_ZhaoK02M/track.npy,asap,0.8084291187739464,0.43317972350230416,0.8084291187739464,0.43317972350230416,0.9085493284818111,0.6962546635721265,0.9277266754270697,0.7167070217917676
asap/Beethoven_Piano_Sonatas_22-2_KOLESO04M/track.npy,asap,0.6359649122807017,0.27722772277227725,0.6359649122807017,0.0049261083743842365,0.7961269352358122,0.3577705652250909,0.8167053364269142,0.3010752688172043
asap/Beethoven_Piano_Sonatas_31-2_ADIG05M/track.npy,asap,0.34684684684684686,0.02702702702702703,0.34684684684684686,0.0,0.7348284804727002,0.2257283640748638,0.7560975609756098,0.2214285714285714
asap/Beethoven_Piano_Sonatas_32-1_DupreeF03M/track.npy,asap,0.66548463356974,0.2674698795180723,0.66548463356974,0.07258064516129033,0.8105191450983574,0.38049716178851994,0.8377088305489261,0.3684210526315789
asap/Beethoven_Piano_Sonatas_32-1_HouY04M/track.npy,asap,0.40512820512820513,0.1493975903614458,0.40512820512820513,0.06329113924050633,0.7009195266194918,0.2708459878280434,0.7305986696230599,0.24719101123595505
asap/Beethoven_Piano_Sonatas_32-1_Jussow06M/track.npy,asap,0.5492341356673961,0.1927710843373494,0.5492341356673961,0.04905660377358491,0.739916182548895,0.2753274272807508,0.7740825688073395,0.2536997885835095
asap/Chopin_Etudes_op_10_4_Richardson_2013_03M/track.npy,asap,0.9808917197452229,0.8860759493670886,0.9808917197452229,0.8860759493670886,0.9434451836328417,0.833927376792296,0.9904458598726115,0.8917197452229298
asap/Chopin_Etudes_op_25_12_BorickC04M/track.npy,asap,0.459375,0.275,0.459375,0.275,0.6042155025540938,0.43940834861976724,0.7152103559870551,0.4736842105263158
asap/Chopin_Etudes_op_25_12_HouKimberly03M/track.npy,asap,0.615625,0.3125,0.615625,0.3125,0.6771231638291432,0.4843606203038239,0.7856025039123631,0.5211267605633804
asap/Chopin_Etudes_op_25_12_LuA04M/track.npy,asap,0.696875,0.4125,0.696875,0.4125,0.7428757851545637,0.5115184906219805,0.8317152103559871,0.5419354838709678
asap/Haydn_Keyboard_Sonatas_31-1_Song05M/track.npy,asap,0.4871287128712871,0.24691358024691357,0.2152230971128609,0.24691358024691357,0.699927882779424,0.3571475751652948,0.6813880126182966,0.375
asap/Liszt_Concert_Etude_S145_2_Lu03M/track.npy,asap,0.6918918918918919,0.1951219512195122,0.6918918918918919,0.0,0.8052056955205228,0.2820301218116675,0.8381742738589212,0.28085106382978725
asap/Liszt_Concert_Etude_S145_2_Tario06M/track.npy,asap,0.6684636118598383,0.11585365853658537,0.6684636118598383,0.11585365853658537,0.7800334838719478,0.3613531131208445,0.836940836940837,0.38174273858921165
asap/Liszt_Gran_Etudes_de_Paganini_2_La_campanella_BuiJL03M/track.npy,asap,0.061933534743202415,0.14184397163120568,0.061933534743202415,0.14184397163120568,0.4234922733029043,0.2650013683466922,0.4559915164369035,0.2758620689655172
asap/Liszt_Gran_Etudes_de_Paganini_2_La_campanella_LeungR04M/track.npy,asap,0.09163987138263666,0.1619718309859155,0.09163987138263666,0.1619718309859155,0.4776669805423509,0.3640045706777073,0.5099778270509978,0.40425531914893614
asap/Liszt_Gran_Etudes_de_Paganini_2_La_campanella_Levitsky06M/track.npy,asap,0.04777070063694268,0.23404255319148937,0.04777070063694268,0.23404255319148937,0.44184123079238424,0.30553659601154093,0.46644664466446645,0.31046931407942235
asap/Liszt_Gran_Etudes_de_Paganini_2_La_campanella_Lin07M/track.npy,asap,0.031117397454031116,0.26573426573426573,0.031117397454031116,0.26573426573426573,0.43374310670629257,0.3985773718619191,0.45592705167173253,0.4098939929328622
asap/Liszt_Gran_Etudes_de_Paganini_2_La_campanella_LiuC05M/track.npy,asap,0.10899653979238755,0.24285714285714285,0.10899653979238755,0.24285714285714285,0.4719488095823978,0.3334484681308573,0.48951048951048953,0.345679012345679
asap/Liszt_Gran_Etudes_de_Paganini_2_La_campanella_LiuY03M/track.npy,asap,0.16783216783216784,0.2857142857142857,0.16783216783216784,0.2857142857142857,0.4753549130505202,0.34168236699206117,0.5331452750352609,0.3790322580645161
asap/Liszt_Gran_Etudes_de_Paganini_2_La_campanella_MunA08M/track.npy,asap,0.11396468699839486,0.41134751773049644,0.11396468699839486,0.41134751773049644,0.468176957240464,0.4056724719011197,0.504424778761062,0.4290909090909091
asap/Liszt_Gran_Etudes_de_Paganini_2_La_campanella_VuV06M/track.npy,asap,0.0449438202247191,0.2302158273381295,0.0449438202247191,0.12142857142857143,0.40815936061789004,0.2300902100080317,0.42524916943521596,0.2283464566929134
asap/Liszt_Gran_Etudes_de_Paganini_2_La_campanella_Yang05M/track.npy,asap,0.13035714285714287,0.3028169014084507,0.13035714285714287,0.3028169014084507,0.48266105102276124,0.4024329952523265,0.5071090047393364,0.42352941176470593
asap/Liszt_Gran_Etudes_de_Paganini_2_La_campanella_ZhangH07M/track.npy,asap,0.0442225392296719,0.25,0.02282453637660485,0.25,0.4171625460258342,0.232243372700081,0.44240570846075433,0.22382671480144406
ballroom/ballroom_Albums-Ballroom_Classics4-20/track.npy,ballroom,0.9882352941176471,0.9545454545454546,0.9882352941176471,0.9545454545454546,0.9574064419384878,0.9409740546975177,0.9940828402366864,0.9767441860465117
ballroom/ballroom_Albums-Ballroom_Magic-16/track.npy,ballroom,1.0,1.0,1.0,1.0,0.9734491609527525,0.9772046802365251,1.0,1.0
ballroom/ballroom_Albums-Ballroom_Magic-17/track.npy,ballroom,1.0,1.0,1.0,1.0,0.9750357244260872,0.9826390346295678,1.0,1.0
ballroom/ballroom_Albums-Cafe_Paradiso-06/track.npy,ballroom,1.0,1.0,1.0,1.0,0.962582603446442,0.9671490282942119,1.0,1.0
ballroom/ballroom_Albums-Chrisanne2-04/track.npy,ballroom,0.9824561403508771,1.0,0.9824561403508771,1.0,0.9561734415589872,0.9436277710746773,0.9911504424778761,1.0
ballroom/ballroom_Albums-Chrisanne3-04/track.npy,ballroom,0.5178571428571429,0.5,0.5178571428571429,0.5,0.592672806998202,0.4370629835747594,0.5818181818181818,0.4444444444444445
ballroom/ballroom_Albums-Commitments-08/track.npy,ballroom,0.9571428571428572,0.9411764705882353,0.9571428571428572,0.9411764705882353,0.960946762368076,0.9508641111927563,0.9781021897810218,0.9696969696969697
ballroom/ballroom_Albums-Commitments-10/track.npy,ballroom,1.0,1.0,1.0,1.0,0.9745893105380278,0.9845766857181999,1.0,1.0
ballroom/ballroom_Albums-Commitments-11/track.npy,ballroom,1.0,1.0,1.0,1.0,0.9565159963378023,0.9778934941044368,1.0,1.0
ballroom/ballroom_Albums-Latin_Jam-03/track.npy,ballroom,0.9772727272727273,0.9090909090909091,0.9772727272727273,0.9090909090909091,0.9759301636334778,0.9408479786852834,0.9885057471264368,0.9523809523809523
ballroom/ballroom_Albums-Latin_Jam3-03/track.npy,ballroom,0.9807692307692307,1.0,0.9807692307692307,1.0,0.9693022535094961,0.9745202020176726,0.9902912621359222,1.0
ballroom/ballroom_Albums-Latin_Jam3-11/track.npy,ballroom,1.0,1.0,1.0,1.0,0.9761921186613656,0.9787321530580319,1.0,1.0
ballroom/ballroom_Albums-Latin_Jam4-03/track.npy,ballroom,1.0,1.0,1.0,1.0,0.9676303303605237,0.9814509681497323,1.0,1.0
ballroom/ballroom_Albums-Latin_Jam4-06/track.npy,ballroom,1.0,1.0,1.0,1.0,0.9738939242015009,0.9758041950136431,1.0,1.0
ballroom/ballroom_Albums-Latin_Jam4-07/track.npy,ballroom,1.0,1.0,1.0,1.0,0.987471428656412,0.9911084084802926,1.0,1.0
ballroom/ballroom_Albums-Latin_Jam4-10/track.npy,ballroom,1.0,1.0,1.0,1.0,0.9777980175939718,0.981975395473229,1.0,1.0
ballroom/ballroom_Albums-Latin_Jam5-11/track.npy,ballroom,1.0,1.0,1.0,1.0,0.9873678371756782,0.9898697358807833,1.0,1.0
ballroom/ballroom_Albums-Latino_Latino-03/track.npy,ballroom,1.0,1.0,1.0,1.0,0.9577353393458443,0.9718932212647406,1.0,1.0
ballroom/ballroom_Albums-Latino_Latino-09/track.npy,ballroom,1.0,1.0,1.0,1.0,0.9729121441289899,0.9784351812885279,1.0,1.0
ballroom/ballroom_Albums-Latino_Latino-10/track.npy,ballroom,0.9166666666666666,0.6666666666666666,0.9166666666666666,0.6666666666666666,0.9408622125392123,0.7257513054700281,0.968421052631579,0.75
ballroom/ballroom_Albums-Macumba-05/track.npy,ballroom,1.0,1.0,1.0,1.0,0.9571218067508758,0.9506622754116004,1.0,1.0
ballroom/ballroom_Albums-Macumba-10/track.npy,ballroom,0.975,1.0,0.975,1.0,0.923656927080737,0.9383666694040003,0.9873417721518987,1.0
ballroom/ballroom_Albums-Macumba-12/track.npy,ballroom,1.0,1.0,1.0,1.0,0.962440734528091,0.9706197395160425,1.0,1.0
ballroom/ballroom_Albums-Pais_Tropical-02/track.npy,ballroom,0.9761904761904762,1.0,0.9761904761904762,1.0,0.9714299419650377,0.9904361228974263,0.9879518072289156,1.0
ballroom/ballroom_Albums-Pais_Tropical-06/track.npy,ballroom,1.0,1.0,1.0,1.0,0.9801157838294157,0.9826074727764333,1.0,1.0
ballroom/ballroom_Albums-StrictlyDancing_Tango-07/track.npy,ballroom,0.9803921568627451,0.9230769230769231,0.9803921568627451,0.0,0.963295581579259,0.4630437200533567,0.99009900990099,0.0
ballroom/ballroom_Albums-StrictlyDancing_Tango-12/track.npy,ballroom,0.9803921568627451,1.0,0.9803921568627451,1.0,0.9369079422498428,0.9672774518842819,0.99009900990099,1.0
ballroom/ballroom_Media-100608/track.npy,ballroom,1.0,1.0,1.0,1.0,0.9700259934106922,0.9849923585537177,1.0,1.0
ballroom/ballroom_Media-100609/track.npy,ballroom,1.0,1.0,1.0,1.0,0.9212739066267347,0.9516891416842083,1.0,1.0
ballroom/ballroom_Media-100614/track.npy,ballroom,1.0,1.0,1.0,1.0,0.9686777601955447,0.96014208295969,1.0,1.0
ballroom/ballroom_Media-103308/track.npy,ballroom,0.9726027397260274,0.96,0.9726027397260274,0.96,0.9157563786596223,0.9002936610183473,0.9793103448275863,0.9795918367346939
ballroom/ballroom_Media-103505/track.npy,ballroom,1.0,1.0,1.0,1.0,0.9451741944322402,0.9764535725243112,1.0,1.0
ballroom/ballroom_Media-103602/track.npy,ballroom,1.0,1.0,1.0,1.0,0.9546283849840712,0.9248119226219735,1.0,1.0
ballroom/ballroom_Media-103603/track.npy,ballroom,1.0,1.0,1.0,1.0,0.975405967960192,0.9819736213782897,1.0,1.0
ballroom/ballroom_Media-103709/track.npy,ballroom,1.0,1.0,1.0,1.0,0.9142563199032344,0.9027816444099377,1.0,1.0
ballroom/ballroom_Media-103713/track.npy,ballroom,1.0,1.0,1.0,1.0,0.9769922026300866,0.9775930924232102,1.0,1.0
ballroom/ballroom_Media-103716/track.npy,ballroom,1.0,1.0,1.0,1.0,0.978192803843506,0.9854736480830807,1.0,1.0
ballroom/ballroom_Media-103901/track.npy,ballroom,0.6111111111111112,0.6666666666666666,0.6111111111111112,0.6666666666666666,0.7447057651609638,0.7805297992944111,0.7586206896551725,0.8
ballroom/ballroom_Media-103903/track.npy,ballroom,1.0,1.0,1.0,1.0,0.9448973694304381,0.9643192183586232,1.0,1.0
ballroom/ballroom_Media-103912/track.npy,ballroom,1.0,1.0,1.0,1.0,0.9206564389992867,0.9411145100644064,1.0,1.0
ballroom/ballroom_Media-103913/track.npy,ballroom,1.0,1.0,1.0,1.0,0.935266659171129,0.9704511637043097,0.9761904761904762,1.0
ballroom/ballroom_Media-103914/track.npy,ballroom,0.975609756097561,1.0,0.975609756097561,1.0,0.8699856385521109,0.8985986416139807,0.9629629629629629,1.0
ballroom/ballroom_Media-103920/track.npy,ballroom,1.0,1.0,1.0,1.0,0.9787501339793998,0.9718887939906519,1.0,1.0
ballroom/ballroom_Media-104001/track.npy,ballroom,1.0,1.0,1.0,1.0,0.9844016811768238,0.9908376540376537,1.0,1.0
ballroom/ballroom_Media-104002/track.npy,ballroom,1.0,1.0,1.0,1.0,0.9740849807324536,0.9790552035055737,1.0,1.0
ballroom/ballroom_Media-104107/track.npy,ballroom,1.0,1.0,1.0,1.0,0.9808840127130719,0.979205495440155,1.0,1.0
ballroom/ballroom_Media-104111/track.npy,ballroom,1.0,1.0,1.0,1.0,0.9723464147652966,0.9526917196561328,1.0,1.0
ballroom/ballroom_Media-104117/track.npy,ballroom,0.9726027397260274,1.0,0.9726027397260274,1.0,0.966681232277244,0.9729984505845491,0.9861111111111112,1.0
ballroom/ballroom_Media-104208/track.npy,ballroom,1.0,1.0,1.0,1.0,0.9633377575618463,0.9747732814938307,1.0,1.0
ballroom/ballroom_Media-104211/track.npy,ballroom,0.9866666666666667,1.0,0.9866666666666667,1.0,0.9380366093122435,0.9487321768930954,0.9932885906040269,1.0
ballroom/ballroom_Media-104217/track.npy,ballroom,0.9767441860465116,1.0,0.9767441860465116,1.0,0.9652973952348695,0.971098775656792,0.9941520467836257,1.0
ballroom/ballroom_Media-104218/track.npy,ballroom,0.8372093023255814,1.0,0.8372093023255814,1.0,0.8403430656144019,0.8458632062307248,0.888888888888889,0.8571428571428571
ballroom/ballroom_Media-104301/track.npy,ballroom,0.9722222222222222,0.9166666666666666,0.9722222222222222,0.9166666666666666,0.7060816848673571,0.7359216330125313,0.9014084507042254,0.8695652173913043
ballroom/ballroom_Media-104306/track.npy,ballroom,1.0,1.0,1.0,1.0,0.9511404722320758,0.9678320229258135,1.0,1.0
ballroom/ballroom_Media-104405/track.npy,ballroom,0.9814814814814815,0.9285714285714286,0.9814814814814815,0.9285714285714286,0.9413712642815035,0.9236287461643609,0.9906542056074767,0.962962962962963
ballroom/ballroom_Media-104504/track.npy,ballroom,0.972972972972973,1.0,0.972972972972973,1.0,0.8121633846256109,0.7937455895156157,0.9315068493150684,0.9166666666666666
ballroom/ballroom_Media-104514/track.npy,ballroom,0.9886363636363636,1.0,0.9886363636363636,1.0,0.9683588347536074,0.981593325344019,0.9942857142857142,1.0
ballroom/ballroom_Media-104601/track.npy,ballroom,1.0,1.0,1.0,1.0,0.829857155082991,0.8393115144351646,0.9714285714285714,1.0
ballroom/ballroom_Media-104602/track.npy,ballroom,1.0,1.0,1.0,1.0,0.8761475465313437,0.8885190602241558,1.0,1.0
ballroom/ballroom_Media-104618/track.npy,ballroom,0.9772727272727273,1.0,0.0,0.0,0.7369030013223793,0.7562774924866962,0.6666666666666666,0.6666666666666666
ballroom/ballroom_Media-104703/track.npy,ballroom,0.9714285714285714,1.0,0.9714285714285714,1.0,0.8767952245284579,0.9282157291951253,0.9714285714285714,1.0
ballroom/ballroom_Media-104708/track.npy,ballroom,0.9622641509433962,1.0,0.9622641509433962,1.0,0.8822402281004322,0.9155122418399504,0.9904761904761905,1.0
ballroom/ballroom_Media-104801/track.npy,ballroom,0.9459459459459459,1.0,0.9459459459459459,1.0,0.7490378032694263,0.8430093241908624,0.8767123287671232,0.9166666666666666
ballroom/ballroom_Media-104811/track.npy,ballroom,0.9736842105263158,0.6923076923076923,0.9736842105263158,0.6923076923076923,0.86782244134597,0.6493474064472988,0.9801324503311258,0.7058823529411765
ballroom/ballroom_Media-104903/track.npy,ballroom,0.9722222222222222,1.0,0.9722222222222222,1.0,0.7097831731229696,0.7339335132658841,0.9295774647887323,1.0
ballroom/ballroom_Media-104906/track.npy,ballroom,0.9814814814814815,0.9285714285714286,0.9814814814814815,0.9285714285714286,0.9346507328065197,0.9085046363454601,0.9906542056074767,0.962962962962963
ballroom/ballroom_Media-104917/track.npy,ballroom,0.7764705882352941,1.0,0.7764705882352941,1.0,0.7019301318618335,0.7463736782370051,0.9411764705882353,0.9523809523809523
ballroom/ballroom_Media-105105/track.npy,ballroom,0.9722222222222222,0.9166666666666666,0.9722222222222222,0.9166666666666666,0.9089450011541403,0.8640225296671169,0.9859154929577464,0.9565217391304348
ballroom/ballroom_Media-105111/track.npy,ballroom,0.9459459459459459,1.0,0.9459459459459459,1.0,0.8289182595790044,0.8367603749319236,0.979591836734694,1.0
ballroom/ballroom_Media-105121/track.npy,ballroom,0.8705882352941177,1.0,0.8705882352941177,1.0,0.7424836376058342,0.7709392390454887,0.9411764705882353,0.9090909090909091
ballroom/ballroom_Media-105318/track.npy,ballroom,0.9868421052631579,0.9615384615384616,0.9868421052631579,0.9615384615384616,0.874633821763834,0.8503858910332921,0.9933774834437086,0.9803921568627451
ballroom/ballroom_Media-105408/track.npy,ballroom,0.38461538461538464,0.2,0.15,0.0,0.38021722910141875,7.246236524456043e-14,0.3142857142857143,0.0
ballroom/ballroom_Media-105418/track.npy,ballroom,0.96875,1.0,0.96875,1.0,0.9138686654772656,0.9716448753540968,0.9841269841269841,1.0
ballroom/ballroom_Media-105603/track.npy,ballroom,0.9811320754716981,1.0,0.9811320754716981,1.0,0.9617917532992758,0.9793171845256331,0.9904761904761905,1.0
ballroom/ballroom_Media-105703/track.npy,ballroom,0.9473684210526315,1.0,0.9473684210526315,1.0,0.9513816411188137,0.9832034289089094,0.972972972972973,1.0
ballroom/ballroom_Media-105709/track.npy,ballroom,0.9736842105263158,1.0,0.9736842105263158,1.0,0.9260450323442054,0.9396893615992191,0.9866666666666666,1.0
ballroom/ballroom_Media-105716/track.npy,ballroom,0.9879518072289156,1.0,0.9879518072289156,1.0,0.9570288031829307,0.9753197170681311,0.9879518072289156,1.0
ballroom/ballroom_Media-105801/track.npy,ballroom,1.0,1.0,1.0,1.0,0.9047804130984134,0.8889121361447141,1.0,1.0
ballroom/ballroom_Media-105808/track.npy,ballroom,0.9814814814814815,0.9285714285714286,0.9814814814814815,0.9285714285714286,0.9546367796457439,0.9222111634207067,0.9906542056074767,0.962962962962963
ballroom/ballroom_Media-105901/track.npy,ballroom,1.0,1.0,1.0,1.0,0.8848821222957761,0.8890840712515908,1.0,1.0
ballroom/ballroom_Media-105902/track.npy,ballroom,1.0,1.0,1.0,1.0,0.8433952400336396,0.8351172640871097,1.0,1.0
ballroom/ballroom_Media-105903/track.npy,ballroom,1.0,1.0,1.0,1.0,0.7874997638164661,0.7504233070005218,1.0,1.0
ballroom/ballroom_Media-106005/track.npy,ballroom,0.9811320754716981,1.0,0.9811320754716981,1.0,0.9390785133880288,0.9567198256201431,0.9904761904761905,1.0
ballroom/ballroom_Media-106008/track.npy,ballroom,0.9811320754716981,1.0,0.9811320754716981,1.0,0.973547502716012,0.9707131100434275,0.9904761904761905,1.0
ballroom/ballroom_Media-106009/track.npy,ballroom,0.9473684210526315,1.0,0.9473684210526315,1.0,0.9550188421510739,0.9879712492412855,0.972972972972973,1.0
ballroom/ballroom_Media-106114/track.npy,ballroom,0.958904109589041,0.9444444444444444,0.958904109589041,0.9444444444444444,0.9592779050830752,0.9530604448769058,0.9790209790209791,0.9714285714285714
beatles/beatles_01_Please_Please_Me_01_I_Saw_Her_Standing_There/track.npy,beatles,0.997737556561086,0.990990990990991,0.997737556561086,0.990990990990991,0.958972165182529,0.9498271214301286,0.997737556561086,0.9954751131221719
beatles/beatles_01_Please_Please_Me_04_Chains/track.npy,beatles,0.9966101694915255,0.9864864864864865,0.9966101694915255,0.9864864864864865,0.9720633551564652,0.9733137554773076,0.99830220713073,0.9931972789115647
beatles/beatles_02_With_the_Beatles_09_Hold_Me_Tight/track.npy,beatles,0.9937106918238994,0.95,0.9937106918238994,0.95,0.9566264518889042,0.9289661376523569,0.9952755905511811,0.9685534591194969
beatles/beatles_03_A_Hard_Days_Night_06_Tell_Me_Why/track.npy,beatles,0.9934640522875817,0.987012987012987,0.9934640522875817,0.987012987012987,0.9669711730154248,0.966705910982208,0.9967213114754099,0.9934640522875817
beatles/beatles_03_A_Hard_Days_Night_08_Any_Time_At_All/track.npy,beatles,0.9930795847750865,0.9863013698630136,0.9930795847750865,0.9863013698630136,0.9772305047313812,0.9749140797155752,0.9965277777777778,0.993103448275862
beatles/beatles_04_Beatles_for_Sale_01_No_Reply/track.npy,beatles,0.9850187265917603,0.9850746268656716,0.9850187265917603,0.9850746268656716,0.6370792023955902,0.6315329373609976,0.9849056603773584,0.9924812030075187
beatles/beatles_04_Beatles_for_Sale_08_Eight_Days_a_Week/track.npy,beatles,1.0,1.0,1.0,1.0,0.6551062740437219,0.684919588848896,1.0,1.0
beatles/beatles_05_Help_06_Youre_Going_To_Lose_That_Girl/track.npy,beatles,1.0,1.0,1.0,1.0,0.7751281205902407,0.7943080954239805,1.0,1.0
beatles/beatles_06_Rubber_Soul_01_Drive_My_Car/track.npy,beatles,0.9755244755244755,0.875,0.9755244755244755,0.875,0.9006151860101735,0.8080078489480879,0.9876543209876544,0.8951048951048951
beatles/beatles_06_Rubber_Soul_07_Michelle/track.npy,beatles,1.0,1.0,1.0,1.0,0.9448496496685076,0.9243416319158634,1.0,1.0
beatles/beatles_07_Revolver_06_Yellow_Submarine/track.npy,beatles,0.9855595667870036,0.9857142857142858,0.9855595667870036,0.9857142857142858,0.9011292224759726,0.9106159150906253,0.9909255898366605,0.9928057553956835
beatles/beatles_07_Revolver_11_Doctor_Robert/track.npy,beatles,0.9767441860465116,0.9651162790697675,0.9767441860465116,0.9651162790697675,0.9686120433860694,0.954033675059343,0.9926793557833089,0.9764705882352942
beatles/beatles_08_Sgt_Peppers_Lonely_Hearts_Club_Band_01_Sgt_Peppers_Lonely_Hearts_Club_Band/track.npy,beatles,0.9775280898876404,1.0,0.9775280898876404,1.0,0.7715988097965334,0.7878689041109972,0.983050847457627,1.0
beatles/beatles_08_Sgt_Peppers_Lonely_Hearts_Club_Band_09_When_Im_Sixty-Four/track.npy,beatles,0.797752808988764,0.9101123595505618,0.797752808988764,0.9101123595505618,0.8109899781783918,0.7649736346940881,0.9453471196454947,0.9213483146067416
beatles/beatles_09_Magical_Mystery_Tour_03_Flying/track.npy,beatles,0.9432624113475178,0.9444444444444444,0.9432624113475178,0.9444444444444444,0.8564063436096477,0.8526450416788297,0.9708029197080292,0.9714285714285714
beatles/beatles_10_CD1_The_Beatles_08_Happiness_is_a_Warm_Gun/track.npy,beatles,0.6208053691275168,0.27472527472527475,0.6208053691275168,0.27472527472527475,0.8139978859310812,0.5332915809960227,0.8795620437956205,0.5844155844155844
beatles/beatles_10_CD1_The_Beatles_11_Black_Bird/track.npy,beatles,0.9849246231155779,0.5964912280701754,0.9849246231155779,0.14736842105263157,0.8839755452176915,0.6585565881538142,0.9722921914357683,0.6578947368421052
beatles/beatles_10_CD2_The_Beatles_04_Everybodys_Got_Something_To_Hide_Except_Me_and_My_Monkey/track.npy,beatles,0.9635036496350365,0.6428571428571429,0.9635036496350365,0.6428571428571429,0.9354154290015313,0.7415935585383728,0.9724770642201834,0.7633587786259541
beatles/beatles_10_CD2_The_Beatles_09_Honey_Pie/track.npy,beatles,0.8686567164179104,0.9240506329113924,0.8686567164179104,0.0,0.7928427364659324,0.7626192479051168,0.923076923076923,0.6329113924050632
beatles/beatles_11_Abbey_Road_08_Because/track.npy,beatles,0.8803827751196173,0.7884615384615384,0.8803827751196173,0.7884615384615384,0.8571074262148961,0.7907762585745447,0.9530864197530865,0.8712871287128713
beatles/beatles_11_Abbey_Road_09_You_Never_Give_Me_Your_Money/track.npy,beatles,0.9121813031161473,0.7386363636363636,0.9121813031161473,0.7386363636363636,0.8863981448963836,0.7903461641320679,0.9650145772594754,0.8383233532934132
beatles/beatles_12_Let_It_Be_06_Let_It_Be/track.npy,beatles,1.0,0.5111111111111111,1.0,0.25252525252525254,0.8920085175230287,0.7148499969840267,0.9963369963369964,0.7544910179640718
candombe/csic.1995_ansina1_03/track.npy,candombe,0.993993993993994,0.9880239520958084,0.993993993993994,0.9880239520958084,0.9677394276923996,0.9588467003718183,0.9984962406015038,0.9940119760479041
candombe/csic.1995_cuareim_05/track.npy,candombe,1.0,1.0,1.0,1.0,0.9743406172147278,0.9793643107411897,1.0,1.0
candombe/proyecto.1992_magarinos_02/track.npy,candombe,0.9987212276214834,0.979539641943734,0.9987212276214834,0.979539641943734,0.9717389393652212,0.9587895787372889,0.9996802046690119,0.9833546734955186
candombe/zavala.muniz.2014_50/track.npy,candombe,0.9883381924198251,0.9534883720930233,0.9883381924198251,0.9534883720930233,0.9665639239392398,0.9381380248861505,0.9941520467836257,0.9651162790697675
candombe/zavala.muniz.2014_51/track.npy,candombe,1.0,1.0,1.0,1.0,0.9777905603521417,0.9828452948362152,1.0,1.0
filosax/filosax_07/track.npy,filosax,0.9970149253731343,0.9101796407185628,0.9970149253731343,0.9101796407185628,0.9464411159337749,0.8849443243094162,0.9985074626865672,0.9357798165137615
filosax/filosax_14/track.npy,filosax,0.9935576234788833,1.0,0.9935576234788833,1.0,0.9461886167751756,0.9356317581346567,0.9974937343358395,0.997134670487106
filosax/filosax_18/track.npy,filosax,0.9818875119161106,0.9847328244274809,0.9818875119161106,0.9847328244274809,0.9386546031833498,0.9275562873828193,0.9908609908609909,0.9923076923076923
filosax/filosax_34/track.npy,filosax,0.9969278033794163,0.9631901840490797,0.9969278033794163,0.9631901840490797,0.9076070923988419,0.879608705667963,0.9969230769230769,0.9693251533742331
filosax/filosax_40/track.npy,filosax,0.9918864097363083,1.0,0.9918864097363083,1.0,0.9588808586265826,0.9519418551840132,0.9959432048681541,1.0
filosax/filosax_46/track.npy,filosax,0.9922279792746114,0.9656357388316151,0.9922279792746114,0.9656357388316151,0.9342103894483867,0.8912321730830214,0.9969762419006479,0.9672977624784853
groove_midi/drummer10_session1_6_jazz-swing_215_beat_4-4/track.npy,groove_midi,0.9682539682539683,1.0,0.9682539682539683,1.0,0.7694151150886572,0.74371898795836,1.0,1.0
groove_midi/drummer1_eval_session_2_funk-groove2_105_beat_4-4/track.npy,groove_midi,0.9821428571428571,0.9285714285714286,0.9821428571428571,0.9285714285714286,0.9563899655479604,0.9343928661048624,0.9909909909909909,0.962962962962963
groove_midi/drummer1_eval_session_7_pop-groove7_138_beat_4-4/track.npy,groove_midi,1.0,1.0,1.0,1.0,0.8306375962215923,0.8270516479366479,1.0,1.0
groove_midi/drummer1_session1_100_neworleans-secondline_94_beat_4-4/track.npy,groove_midi,0.8761467889908257,0.75,0.8761467889908257,0.75,0.9153099342043423,0.8270119187236179,0.9645390070921985,0.8686868686868686
groove_midi/drummer1_session1_145_latin-brazilian-baiao_95_beat_4-4/track.npy,groove_midi,0.975609756097561,0.9090909090909091,0.975609756097561,0.9090909090909091,0.9367072788547863,0.8808906951694331,0.9876543209876543,0.9523809523809523
groove_midi/drummer1_session1_239_funk-purdieshuffle_130_beat_4-4/track.npy,groove_midi,0.9951338199513382,0.8640776699029126,0.9951338199513382,0.8640776699029126,0.925785946824701,0.8109845389408745,0.9975609756097561,0.8878048780487806
groove_midi/drummer1_session1_28_latin-samba_116_beat_4-4/track.npy,groove_midi,0.9976580796252927,0.5981308411214953,0.9976580796252927,0.5981308411214953,0.8792980240623619,0.6355376395733651,0.9976580796252927,0.6699029126213593
groove_midi/drummer1_session1_50_jazz_125_beat_4-4/track.npy,groove_midi,0.9871794871794872,0.7457627118644068,0.9871794871794872,0.7457627118644068,0.9342904286039605,0.8398539780196259,0.9914529914529915,0.890909090909091
groove_midi/drummer1_session2_180_rock_50_beat_4-4/track.npy,groove_midi,0.3054662379421222,0.5280898876404494,0.3054662379421222,0.029411764705882353,0.6703820546684465,0.5112765266411897,0.7276422764227642,0.4601769911504424
groove_midi/drummer1_session2_2_latin-chacarera_118_beat_4-4/track.npy,groove_midi,0.26136363636363635,0.05333333333333334,0.26136363636363635,0.05333333333333334,0.6485223274004777,0.13796988708658126,0.6732673267326733,0.14492753623188406
groove_midi/drummer1_session2_6_rock_102_beat_3-4/track.npy,groove_midi,0.8123167155425219,0.5420560747663551,0.8123167155425219,0.5420560747663551,0.8025502740627014,0.6702652604386743,0.9060606060606061,0.7772020725388601
groove_midi/drummer1_session3_18_rock_128_beat_4-4/track.npy,groove_midi,0.9897610921501706,1.0,0.9897610921501706,1.0,0.926489540666435,0.9359425357054746,0.9948542024013721,1.0
groove_midi/drummer1_session3_2_jazz-swing_185_beat_4-4/track.npy,groove_midi,0.7746478873239436,0.7570093457943925,0.12698412698412698,0.12698412698412698,0.7940255821466835,0.7973759577517567,0.7208121827411168,0.7162162162162161
groove_midi/drummer3_session1_15_jazz_120_beat_4-4/track.npy,groove_midi,0.9814814814814815,0.9285714285714286,0.9814814814814815,0.9285714285714286,0.9502362744898029,0.9482541448196075,0.9814814814814815,0.962962962962963
groove_midi/drummer3_session1_9_rock_105_beat_4-4/track.npy,groove_midi,1.0,1.0,1.0,1.0,0.9049716491753772,0.8884030798867795,1.0,1.0
groove_midi/drummer3_session2_22_rock_92_beat_4-4/track.npy,groove_midi,0.9705882352941176,0.6666666666666666,0.9705882352941176,0.6666666666666666,0.9428593859363463,0.7358518192459328,0.9850746268656716,0.7777777777777778
groove_midi/drummer5_eval_session_3_soul-groove3_86_beat_4-4/track.npy,groove_midi,0.9824561403508771,0.9333333333333333,0.9824561403508771,0.9333333333333333,0.9553434547446911,0.9501754949291411,0.9911504424778761,0.9655172413793104
groove_midi/drummer5_session1_4_latin-brazilian-samba_89_beat_4-4/track.npy,groove_midi,1.0,1.0,1.0,1.0,0.9164592766445058,0.9026662010544614,1.0,1.0
groove_midi/drummer5_session2_12_rock_105_beat_4-4/track.npy,groove_midi,0.9954337899543378,1.0,0.9954337899543378,1.0,0.9191125991192566,0.9089899913409304,0.9977116704805492,1.0
groove_midi/drummer5_session2_14_rock_140_beat_4-4/track.npy,groove_midi,0.9902912621359223,0.9807692307692307,0.9902912621359223,0.9807692307692307,0.9397995369659403,0.9511375350310435,0.9951219512195122,0.9902912621359222
groove_midi/drummer5_session2_1_latin-venezuelan-sangueo_101_beat_4-4/track.npy,groove_midi,1.0,1.0,1.0,1.0,0.9332072442985087,0.9360819791983087,1.0,1.0
groove_midi/drummer5_session2_6_neworleans-secondline_99_beat_4-4/track.npy,groove_midi,0.9954545454545455,1.0,0.9954545454545455,1.0,0.9445398065631267,0.9412332264938879,0.9988623435722412,1.0
groove_midi/drummer6_session1_1_rock_70_beat_6-8/track.npy,groove_midi,0.8846153846153846,0.0,0.8846153846153846,0.0,0.8616267865778602,0.44955423972534514,0.9600000000000001,0.4
groove_midi/drummer7_eval_session_3_soul-groove3_86_beat_4-4/track.npy,groove_midi,1.0,1.0,1.0,1.0,0.9234675577594115,0.9141795690031077,1.0,1.0
groove_midi/drummer7_eval_session_6_hiphop-groove6_87_beat_4-4/track.npy,groove_midi,0.9824561403508771,0.9333333333333333,0.9824561403508771,0.9333333333333333,0.9614868385020028,0.9342494079089813,0.9911504424778761,0.9655172413793104
groove_midi/drummer7_session1_16_hiphop_100_beat_4-4/track.npy,groove_midi,0.9846153846153847,1.0,0.9846153846153847,1.0,0.9598545515647474,0.9593931360207795,0.9922480620155039,1.0
groove_midi/drummer7_session1_1_rock_86_beat_4-4/track.npy,groove_midi,0.9936908517350158,0.925,0.9936908517350158,0.0,0.8580663862610571,0.41694902557599733,0.9936708860759493,0.0
groove_midi/drummer7_session2_104_pop_132_beat_4-4/track.npy,groove_midi,0.979381443298969,0.9583333333333334,0.979381443298969,0.0,0.9436986646403399,0.4703479409006657,0.9895833333333333,0.0
groove_midi/drummer7_session2_14_rock_95_beat_4-4/track.npy,groove_midi,0.9811320754716981,0.9285714285714286,0.9811320754716981,0.9285714285714286,0.9511193278838069,0.9420740793264026,0.9904761904761905,0.962962962962963
groove_midi/drummer7_session2_27_rock_75_beat_4-4/track.npy,groove_midi,0.9924242424242424,1.0,0.9924242424242424,1.0,0.9022836204470882,0.9138317008246932,0.9809885931558935,0.9696969696969697
groove_midi/drummer7_session2_45_rock_135_beat_4-4/track.npy,groove_midi,1.0,1.0,1.0,1.0,0.9329911711233816,0.9195083273721744,1.0,1.0
groove_midi/drummer7_session2_46_rock_135_beat_4-4/track.npy,groove_midi,0.9827586206896551,1.0,0.9827586206896551,1.0,0.9360913089981704,0.9642028852541419,0.9913043478260869,1.0
groove_midi/drummer7_session2_80_country_78_beat_4-4/track.npy,groove_midi,0.9837837837837838,0.421875,0.9837837837837838,0.421875,0.9142359913084521,0.7703430349557886,0.9918256130790191,0.8363636363636363
groove_midi/drummer7_session2_87_hiphop_75_beat_4-4/track.npy,groove_midi,0.9884393063583815,0.9069767441860465,0.9884393063583815,0.9069767441860465,0.8475134060481947,0.7978797468793482,0.9971014492753623,0.9411764705882352
groove_midi/drummer7_session3_108_rock_95_beat_4-4/track.npy,groove_midi,1.0,0.33962264150943394,1.0,0.20754716981132076,0.9654513704481755,0.6048065890527868,1.0,0.46808510638297873
groove_midi/drummer7_session3_117_rock_95_beat_4-4/track.npy,groove_midi,1.0,1.0,1.0,1.0,0.9030897954465263,0.9324610268283996,1.0,1.0
groove_midi/drummer7_session3_129_rock_93_beat_4-4/track.npy,groove_midi,1.0,1.0,1.0,1.0,0.9407931947801449,0.9366104074352132,1.0,1.0
groove_midi/drummer7_session3_24_hiphop_67_beat_4-4/track.npy,groove_midi,0.9902912621359223,0.9615384615384616,0.9902912621359223,0.9615384615384616,0.9192781146607353,0.8989550965292477,0.9951219512195122,0.9803921568627451
groove_midi/drummer8_eval_session_4_soul-groove4_80_beat_4-4/track.npy,groove_midi,1.0,1.0,1.0,1.0,0.9622537500273968,0.9498618214874064,1.0,1.0
groove_midi/drummer8_eval_session_8_rock-groove8_65_beat_4-4/track.npy,groove_midi,1.0,1.0,1.0,1.0,0.9466200460163262,0.9661182929459946,1.0,1.0
groove_midi/drummer8_session1_14_hiphop_94_beat_4-4/track.npy,groove_midi,0.992,0.9523809523809523,0.992,0.9523809523809523,0.9616776843325666,0.9436359047374936,0.9959839357429718,0.976
groove_midi/drummer8_session1_6_funk_80_beat_4-4/track.npy,groove_midi,0.9954128440366973,0.9818181818181818,0.9954128440366973,0.9818181818181818,0.9348582397519851,0.9266987529560146,0.9977011494252873,0.9908256880733944
guitarset/00_BN2-131-B_comp_mix/track.npy,guitarset,0.7358490566037735,0.6153846153846154,0.7358490566037735,0.6153846153846154,0.800404469012778,0.7221457339900781,0.8571428571428571,0.7692307692307693
guitarset/00_Rock3-117-Bb_comp_mix/track.npy,guitarset,0.9074074074074074,0.9230769230769231,0.9074074074074074,0.9230769230769231,0.8886710587667979,0.8899544920552798,0.9333333333333333,0.9230769230769231
guitarset/00_SS2-107-Ab_comp_mix/track.npy,guitarset,0.9821428571428571,0.9285714285714286,0.9821428571428571,0.9285714285714286,0.9412330385998057,0.915547022899822,0.9909909909909909,0.962962962962963
guitarset/01_Funk1-114-Ab_comp_mix/track.npy,guitarset,0.8461538461538461,1.0,0.8461538461538461,1.0,0.8634371216189526,0.8646356128736442,0.9090909090909091,0.8888888888888888
guitarset/01_Funk2-108-Eb_comp_mix/track.npy,guitarset,0.9821428571428571,0.9285714285714286,0.9821428571428571,0.9285714285714286,0.9497655614858107,0.9245594244685359,0.9909909909909909,0.962962962962963
guitarset/01_Jazz3-137-Eb_comp_mix/track.npy,guitarset,1.0,1.0,1.0,1.0,0.9593510946801584,0.9535178631920602,1.0,1.0
guitarset/02_Jazz2-187-F#_comp_mix/track.npy,guitarset,1.0,1.0,1.0,1.0,0.9589384217460145,0.9306736087714439,1.0,1.0
guitarset/02_Jazz3-137-Eb_comp_mix/track.npy,guitarset,1.0,1.0,1.0,1.0,0.9738859797626384,0.9553488391974978,1.0,1.0
guitarset/02_Rock3-117-Bb_comp_mix/track.npy,guitarset,1.0,1.0,1.0,1.0,0.8741100752154473,0.8876176519404699,1.0,1.0
guitarset/02_SS1-68-E_comp_mix/track.npy,guitarset,0.9523809523809523,0.7,0.9523809523809523,0.7,0.5902170227859258,0.5486757673424865,0.8192771084337348,0.7
guitarset/03_BN1-129-Eb_comp_mix/track.npy,guitarset,1.0,1.0,1.0,1.0,0.975841709083572,0.976282595488366,1.0,1.0
guitarset/03_Funk2-108-Eb_comp_mix/track.npy,guitarset,0.9818181818181818,0.9285714285714286,0.9818181818181818,0.9285714285714286,0.9572357504950567,0.9465150274792881,0.9818181818181818,0.962962962962963
guitarset/03_Jazz2-110-Bb_comp_mix/track.npy,guitarset,0.8392857142857143,0.7692307692307693,0.8392857142857143,0.7692307692307693,0.7536448735401857,0.5631130401650126,0.8909090909090909,0.6923076923076923
guitarset/03_Rock2-85-F_comp_mix/track.npy,guitarset,0.9824561403508771,0.9333333333333333,0.9824561403508771,0.9333333333333333,0.6716190566870475,0.6843994452467576,0.9734513274336283,0.9655172413793104
guitarset/03_SS1-68-E_comp_mix/track.npy,guitarset,0.8095238095238095,0.5454545454545454,0.8095238095238095,0.5454545454545454,0.8338128918131243,0.5197011677926123,0.9156626506024096,0.5714285714285713
guitarset/04_SS2-88-F_comp_mix/track.npy,guitarset,1.0,1.0,1.0,1.0,0.9283482918641912,0.9188904733485247,1.0,1.0
guitarset/05_BN2-131-B_comp_mix/track.npy,guitarset,1.0,1.0,1.0,1.0,0.7177352514571429,0.7119105236478299,1.0,1.0
guitarset/05_BN3-154-E_comp_mix/track.npy,guitarset,1.0,1.0,1.0,1.0,0.9543777298706793,0.9409358527329325,1.0,1.0
guitarset/05_Funk1-114-Ab_comp_mix/track.npy,guitarset,0.6578947368421053,0.6666666666666666,0.6578947368421053,0.6666666666666666,0.7594292085300727,0.6926260320230503,0.7777777777777778,0.7058823529411765
guitarset/05_Jazz2-110-Bb_comp_mix/track.npy,guitarset,1.0,1.0,1.0,1.0,0.8267452837575483,0.8638410547286136,1.0,1.0
guitarset/05_Rock1-90-C#_comp_mix/track.npy,guitarset,0.975609756097561,0.9090909090909091,0.975609756097561,0.9090909090909091,0.8899052798132349,0.8805611309432203,0.9876543209876543,0.9523809523809523
guitarset/05_Rock2-85-F_comp_mix/track.npy,guitarset,1.0,1.0,1.0,1.0,0.8621336122197916,0.8690302373296097,1.0,1.0
guitarset/05_SS2-107-Ab_comp_mix/track.npy,guitarset,1.0,1.0,1.0,1.0,0.8650040291888962,0.8847203086642638,1.0,1.0
hainsworth/hainsworth_011/track.npy,hainsworth,1.0,1.0,1.0,1.0,0.9658517289760946,0.9659503955261487,1.0,1.0
hainsworth/hainsworth_025/track.npy,hainsworth,0.9857142857142858,0.7777777777777778,0.9857142857142858,0.7777777777777778,0.9550362287791573,0.8072429623295001,0.9928057553956835,0.8333333333333334
hainsworth/hainsworth_042/track.npy,hainsworth,1.0,1.0,1.0,1.0,0.9859230878779178,0.9898018549940928,1.0,1.0
hainsworth/hainsworth_056/track.npy,hainsworth,0.43414634146341463,0.34210526315789475,0.3945578231292517,0.34210526315789475,0.8079970247550645,0.43232534972219194,0.824,0.4444444444444444
hainsworth/hainsworth_073/track.npy,hainsworth,0.8320610687022901,0.4838709677419355,0.09166666666666666,0.04,0.7444738102394027,0.5316010605514556,0.7096774193548387,0.5365853658536586
hainsworth/hainsworth_075/track.npy,hainsworth,1.0,0.0,0.0,0.0,0.7546709563879341,0.20671535832950444,0.6701570680628273,0.17241379310344826
hainsworth/hainsworth_084/track.npy,hainsworth,1.0,0.47619047619047616,1.0,0.47619047619047616,0.9706312250305248,0.5791745369233555,1.0,0.5238095238095238
hainsworth/hainsworth_088/track.npy,hainsworth,1.0,1.0,1.0,1.0,0.9642271243150417,0.9768148943733126,1.0,1.0
hainsworth/hainsworth_089/track.npy,hainsworth,1.0,1.0,1.0,1.0,0.9708507891574337,0.9713123170354072,1.0,1.0
hainsworth/hainsworth_112/track.npy,hainsworth,0.9760956175298805,0.7741935483870968,0.00398406374501992,0.0,0.7997443160141491,0.6309882437887727,0.6648936170212766,0.5161290322580645
hainsworth/hainsworth_114/track.npy,hainsworth,1.0,1.0,1.0,1.0,0.9793882186157654,0.9790257099111478,1.0,1.0
hainsworth/hainsworth_115/track.npy,hainsworth,1.0,1.0,1.0,1.0,0.9755814597895973,0.9816958861267068,1.0,1.0
hainsworth/hainsworth_120/track.npy,hainsworth,0.9885057471264368,0.9772727272727273,0.9885057471264368,0.9772727272727273,0.9419132974587028,0.9333737488629952,0.9971181556195965,0.9885057471264368
hainsworth/hainsworth_123/track.npy,hainsworth,0.9,0.4444444444444444,0.9,0.0,0.6244975240125018,0.2264955172806698,0.8489208633093526,0.23076923076923078
hainsworth/hainsworth_128/track.npy,hainsworth,0.639344262295082,0.3125,0.639344262295082,0.3125,0.5435693360960606,0.3323151387575775,0.7155963302752295,0.42857142857142855
hainsworth/hainsworth_141/track.npy,hainsworth,0.6363636363636364,0.6153846153846154,0.6363636363636364,0.6153846153846154,0.6908063009779866,0.6861825069105537,0.782608695652174,0.7272727272727274
hainsworth/hainsworth_154/track.npy,hainsworth,1.0,1.0,1.0,1.0,0.9677523273149411,0.9653075613270801,1.0,1.0
hainsworth/hainsworth_182/track.npy,hainsworth,1.0,1.0,1.0,1.0,0.9759713386588109,0.9757122960205712,1.0,1.0
hainsworth/hainsworth_191/track.npy,hainsworth,1.0,1.0,1.0,1.0,0.9644245431993383,0.9635116265136571,1.0,1.0
hainsworth/hainsworth_193/track.npy,hainsworth,0.4772727272727273,0.4166666666666667,0.4772727272727273,0.0,0.5969731004226114,0.30596217350301524,0.8026315789473685,0.3529411764705882
hainsworth/hainsworth_200/track.npy,hainsworth,0.9726027397260274,1.0,0.9726027397260274,1.0,0.917193128062542,0.9305827890837592,0.958904109589041,1.0
hainsworth/hainsworth_207/track.npy,hainsworth,0.5,0.2631578947368421,0.5,0.0,0.6294099615738636,0.20666348140255836,0.7604166666666667,0.23999999999999996
hainsworth/hainsworth_230/track.npy,hainsworth,0.9705882352941176,0.88,0.9705882352941176,0.88,0.928088078179999,0.8695607634478244,0.99009900990099,0.92
hainsworth/hainsworth_232/track.npy,hainsworth,1.0,0.5185185185185185,1.0,0.5185185185185185,0.9738915746871848,0.5348811295280514,1.0,0.5555555555555556
hainsworth/hainsworth_234/track.npy,hainsworth,1.0,1.0,1.0,1.0,0.9679492650251987,0.968177751126514,1.0,1.0
hainsworth/hainsworth_238/track.npy,hainsworth,1.0,1.0,1.0,1.0,0.980639857549333,0.9799983165258994,1.0,1.0
hainsworth/hainsworth_239/track.npy,hainsworth,1.0,1.0,1.0,1.0,0.9854544838885614,0.9863438392827869,1.0,1.0
hainsworth/hainsworth_244/track.npy,hainsworth,1.0,1.0,1.0,0.0,0.9428537192933657,0.7977091233380642,1.0,0.6829268292682926
harmonix/0004_abc/track.npy,harmonix,0.8560885608856088,0.6029411764705882,0.8560885608856088,0.6029411764705882,0.7825497843429484,0.5667358541898934,0.8698884758364311,0.6212121212121211
harmonix/0009_americanmusic/track.npy,harmonix,0.9194214876033058,0.9008264462809917,0.9194214876033058,0.9008264462809917,0.8324148666034008,0.8086405665823914,0.9460317460317461,0.9243697478991597
harmonix/0032_boomboompow/track.npy,harmonix,0.9975609756097561,0.9411764705882353,0.9975609756097561,0.9411764705882353,0.9600596038873063,0.9001335258436114,0.9987789987789988,0.9509803921568627
harmonix/0038_bringmetolife/track.npy,harmonix,0.9972527472527473,0.9239130434782609,0.9972527472527473,0.9239130434782609,0.9705828989061254,0.9195865315852809,0.9986244841815681,0.9456521739130435
harmonix/0052_collector/track.npy,harmonix,0.9902676399026764,0.23404255319148937,0.9902676399026764,0.21052631578947367,0.9667549411044044,0.3148482970195402,0.9975609756097561,0.3068783068783069
harmonix/0063_daysgoby/track.npy,harmonix,0.9690265486725663,0.9122807017543859,0.9690265486725663,0.9122807017543859,0.8585998790381809,0.8054232040079264,0.991111111111111,0.9380530973451328
harmonix/0069_digginmedown/track.npy,harmonix,0.8862928348909658,0.7232704402515723,0.8862928348909658,0.7232704402515723,0.8187853148779985,0.6813186407131225,0.9370967741935483,0.7831715210355987
harmonix/0083_dragthewaters/track.npy,harmonix,0.8664440734557596,0.27631578947368424,0.8664440734557596,0.27631578947368424,0.8489523965364686,0.40503975968409145,0.927038626609442,0.430188679245283
harmonix/0087_evacuate/track.npy,harmonix,0.9957264957264957,0.9166666666666666,0.9957264957264957,0.9166666666666666,0.8784445013766453,0.8345511413132033,0.9978586723768736,0.9411764705882353
harmonix/0094_fireflies/track.npy,harmonix,0.9688473520249221,0.9629629629629629,0.9688473520249221,0.9629629629629629,0.9616717990685212,0.9565427053905533,0.985781990521327,0.9811320754716981
harmonix/0107_getlow/track.npy,harmonix,0.9909747292418772,0.935251798561151,0.9909747292418772,0.935251798561151,0.8502938313560107,0.8234810049496086,0.9945848375451264,0.9458483754512634
harmonix/0118_grenade/track.npy,harmonix,0.995850622406639,0.9166666666666666,0.995850622406639,0.9166666666666666,0.9164408783943747,0.8538468757899057,0.997920997920998,0.9333333333333333
harmonix/0127_hollabackgirl/track.npy,harmonix,1.0,1.0,1.0,1.0,0.9196885635554258,0.9393471640736414,1.0,1.0
harmonix/0152_kingofrock/track.npy,harmonix,0.9940476190476191,0.776,0.9940476190476191,0.07936507936507936,0.9327870035430582,0.4379744811815601,0.9980119284294234,0.08163265306122448
harmonix/0153_lalaland/track.npy,harmonix,0.654368932038835,0.5968992248062015,0.1655328798185941,0.18691588785046728,0.7722203913416539,0.7208980423839183,0.721030042918455,0.6744186046511628
harmonix/0155_lapdance/track.npy,harmonix,0.9953703703703703,0.8703703703703703,0.9953703703703703,0.8703703703703703,0.9324564592022601,0.8314288945020266,0.9976798143851509,0.897196261682243
harmonix/0157_leanwitit/track.npy,harmonix,1.0,1.0,1.0,1.0,0.9682558673443765,0.9761651668797127,1.0,1.0
harmonix/0162_lobotomy/track.npy,harmonix,0.7409326424870466,0.4461538461538462,0.7409326424870466,0.4461538461538462,0.7789685513350479,0.42143170660923834,0.9004566210045661,0.49799196787148603
harmonix/0168_maneater/track.npy,harmonix,1.0,1.0,1.0,1.0,0.9648713840472192,0.9577640045553328,1.0,1.0
harmonix/0171_marchofthepigs/track.npy,harmonix,0.6444444444444445,0.4891304347826087,0.08238636363636363,0.4891304347826087,0.6809805021629487,0.46798728850468396,0.674812030075188,0.49411764705882355
harmonix/0178_mountainman/track.npy,harmonix,0.7090909090909091,0.5942028985507246,0.7090909090909091,0.5942028985507246,0.8336972575997857,0.7339760530243525,0.9038461538461537,0.7906976744186046
harmonix/0182_mycurse/track.npy,harmonix,0.9728183118741058,0.6370967741935484,0.9728183118741058,0.08597285067873303,0.9568198721738558,0.6556070634782168,0.9777777777777777,0.6086956521739131
harmonix/0190_newfang/track.npy,harmonix,0.4808510638297872,0.48314606741573035,0.4808510638297872,0.48314606741573035,0.7544090021054503,0.4753668102086038,0.8408262454434993,0.5423728813559321
harmonix/0198_nowthatwefoundlove/track.npy,harmonix,1.0,1.0,1.0,1.0,0.8718596576612764,0.8823274504920502,1.0,1.0
harmonix/0201_oh/track.npy,harmonix,1.0,1.0,1.0,1.0,0.7820834736831163,0.7910349102091946,1.0,1.0
harmonix/0204_onlyamemory/track.npy,harmonix,0.9957446808510638,0.9661016949152542,0.9957446808510638,0.9661016949152542,0.8805253811348558,0.8676834725044644,0.9989350372736955,0.9745762711864406
harmonix/0217_pokerface/track.npy,harmonix,1.0,1.0,1.0,1.0,0.9379428575543945,0.9294031641169793,1.0,1.0
harmonix/0222_realgoodlooking/track.npy,harmonix,0.77526395173454,0.7245508982035929,0.77526395173454,0.7245508982035929,0.852319180057805,0.8237293373052674,0.9209896249002395,0.8903225806451611
harmonix/0235_rudeboy/track.npy,harmonix,1.0,1.0,1.0,1.0,0.8508319561402186,0.8691516357255105,1.0,1.0
harmonix/0241_satellite/track.npy,harmonix,1.0,0.765625,1.0,0.765625,0.955960489797395,0.7841513519030929,1.0,0.8253968253968254
harmonix/0257_somebodytolove/track.npy,harmonix,1.0,1.0,1.0,1.0,0.9176891406509973,0.9154077556370898,1.0,1.0
harmonix/0267_superfreak/track.npy,harmonix,0.993103448275862,0.8181818181818182,0.993103448275862,0.8181818181818182,0.9624293176100749,0.7975383103232659,0.996547756041427,0.821917808219178
harmonix/0282_thegreatsatan/track.npy,harmonix,0.787321063394683,0.6666666666666666,0.13701431492842536,0.6666666666666666,0.4650159875700228,0.043297360534987124,0.1685508735868448,0.05106382978723405
harmonix/0309_whatsmyname/track.npy,harmonix,1.0,1.0,1.0,1.0,0.8891995668439144,0.9071359888136473,1.0,1.0
harmonix/0314_whoomp/track.npy,harmonix,0.9962825278810409,1.0,0.9962825278810409,1.0,0.9594911100630852,0.9511392231215874,0.9981378026070763,1.0
harmonix/0316_wildones/track.npy,harmonix,0.9481268011527377,0.896551724137931,0.9481268011527377,0.896551724137931,0.79319247793462,0.7441579734608519,0.9654178674351584,0.9080459770114943
harmonix/0326_yougotittherightstuff/track.npy,harmonix,0.996742671009772,1.0,0.996742671009772,1.0,0.897015851085176,0.9029299042976691,0.99836867862969,1.0
harmonix/0331_againstallodds/track.npy,harmonix,0.8186813186813187,0.6483516483516484,0.8186813186813187,0.6483516483516484,0.8916516988595178,0.7999664185850456,0.9482758620689656,0.839506172839506
harmonix/0332_alejandro/track.npy,harmonix,0.9458128078817734,0.7254901960784313,0.9458128078817734,0.7254901960784313,0.9224072704546541,0.6792546608775102,0.9615861214374226,0.7093596059113301
harmonix/0342_bangpop/track.npy,harmonix,0.9936908517350158,0.9375,0.9936908517350158,0.9375,0.9255324320847133,0.8809304497479695,0.9968354430379747,0.9559748427672956
harmonix/0360_coolerthanme/track.npy,harmonix,0.984375,0.9821428571428571,0.984375,0.9821428571428571,0.9490214113638963,0.9508333202574631,0.9921259842519685,0.9909909909909909
harmonix/0367_dontdreamitsover/track.npy,harmonix,0.9770491803278688,0.6973684210526315,0.9770491803278688,0.6973684210526315,0.8417754411755427,0.6084984029521708,0.988391376451078,0.7417218543046358
harmonix/0370_downonme/track.npy,harmonix,0.9724137931034482,0.9726027397260274,0.9724137931034482,0.9726027397260274,0.9484230451361707,0.9504319428251693,0.9842931937172775,0.9861111111111112
harmonix/0378_effinperfect/track.npy,harmonix,0.9870550161812298,0.8717948717948718,0.9870550161812298,0.8717948717948718,0.9599005249088052,0.8706986134335207,0.9935064935064936,0.9032258064516129
harmonix/0384_finally/track.npy,harmonix,0.9914163090128756,0.8376068376068376,0.9914163090128756,0.11965811965811966,0.8258083156333176,0.41537433927270634,0.9956896551724138,0.1293103448275862
harmonix/0397_goodlife/track.npy,harmonix,0.9746835443037974,0.86,0.9746835443037974,0.86,0.9375673538408766,0.8461878935982712,0.9871794871794872,0.8934010152284264
harmonix/0408_icanonlyimagine/track.npy,harmonix,0.9611872146118722,0.9454545454545454,0.9611872146118722,0.9454545454545454,0.8789948065050393,0.8656852796839493,0.9816091954022989,0.963302752293578
harmonix/0410_idontwantthisnighttoend/track.npy,harmonix,0.9947916666666666,0.9375,0.9947916666666666,0.9375,0.9428365789244287,0.8995760064457979,0.9973958333333334,0.9479166666666666
harmonix/0411_ifihadyou/track.npy,harmonix,0.9916317991631799,0.9916666666666667,0.9916317991631799,0.9916666666666667,0.5461107347136346,0.5531673726131293,0.995798319327731,0.99581589958159
harmonix/0414_illbe/track.npy,harmonix,0.976271186440678,0.9696969696969697,0.976271186440678,0.9696969696969697,0.8187772131368469,0.8076544026887631,0.9863013698630138,0.9489795918367346
harmonix/0416_impossible/track.npy,harmonix,0.9938837920489296,1.0,0.9938837920489296,1.0,0.9139104631745982,0.9202606317224605,0.9969325153374233,1.0
harmonix/0419_itgirl/track.npy,harmonix,0.9854545454545455,1.0,0.9854545454545455,1.0,0.9662453113821862,0.9723930677906107,0.9927007299270072,1.0
harmonix/0441_lovingyoutonight/track.npy,harmonix,1.0,1.0,1.0,1.0,0.968292501497631,0.9701765544469299,1.0,1.0
harmonix/0456_nohands/track.npy,harmonix,0.9929078014184397,0.9859154929577465,0.9929078014184397,0.9859154929577465,0.8912663169395664,0.9000159273454561,0.9964412811387899,0.9929078014184397
harmonix/0459_notoveryou/track.npy,harmonix,0.4119318181818182,0.4634146341463415,0.4119318181818182,0.4634146341463415,0.7264429829540804,0.7211736053647212,0.7512520868113522,0.736111111111111
harmonix/0460_numb/track.npy,harmonix,0.9683972911963883,0.9107142857142857,0.9683972911963883,0.9107142857142857,0.9638817504533723,0.9054787543122196,0.9807474518686295,0.918918918918919
harmonix/0463_onemorenight/track.npy,harmonix,0.9939577039274925,1.0,0.9939577039274925,1.0,0.9086587500907273,0.9195355772608937,0.996969696969697,1.0
harmonix/0473_payphone/track.npy,harmonix,0.9898734177215189,0.9797979797979798,0.9898734177215189,0.0,0.9319776650683589,0.4590363111282182,0.9949109414758269,0.0
harmonix/0475_poisonedwithlove/track.npy,harmonix,0.8128161888701517,0.7474747474747475,0.8128161888701517,0.7474747474747475,0.898303037206547,0.7619271439590117,0.936355710549259,0.7853403141361256
harmonix/0476_pontoon/track.npy,harmonix,1.0,1.0,1.0,1.0,0.9740683017733313,0.9724731124974645,1.0,1.0
harmonix/0484_rockthatbody/track.npy,harmonix,1.0,1.0,1.0,1.0,0.9528794338111954,0.9523214138768182,1.0,1.0
harmonix/0487_secrets/track.npy,harmonix,0.4821092278719397,0.46616541353383456,0.350253807106599,0.3469387755102041,0.7984342755221916,0.7917141119213056,0.8060606060606061,0.8
harmonix/0495_someonelikeyou/track.npy,harmonix,0.626057529610829,0.5472972972972973,0.626057529610829,0.5472972972972973,0.7855494899133124,0.7191486440060071,0.873394495412844,0.8106060606060607
harmonix/0496_sparksfly/track.npy,harmonix,0.9745222929936306,0.9661016949152542,0.9745222929936306,0.9661016949152542,0.9009015603289686,0.911890769938269,0.9787685774946921,0.978723404255319
harmonix/0499_starbuckssmile/track.npy,harmonix,0.9352112676056338,0.9431818181818182,0.9352112676056338,0.9431818181818182,0.8594286248807234,0.875057260706938,0.9665211062590975,0.9707602339181286
harmonix/0502_stronger/track.npy,harmonix,1.0,0.9512195121951219,1.0,0.9512195121951219,0.8766288838374523,0.8332337025919806,1.0,0.9634146341463414
harmonix/0504_suspiciousminds/track.npy,harmonix,0.9715536105032823,0.9391304347826087,0.9715536105032823,0.9391304347826087,0.9571946651825601,0.9510582806327079,0.9900552486187846,0.9736842105263158
harmonix/0519_titanium/track.npy,harmonix,0.9906103286384976,0.9906542056074766,0.9906103286384976,0.9906542056074766,0.9481732429859188,0.9489712605925361,0.9952830188679246,0.9953051643192489
harmonix/0529_werwhower/track.npy,harmonix,0.98,0.95,0.98,0.95,0.9590869145869192,0.9278785253163019,0.9912390488110137,0.96
harmonix/0533_whosays/track.npy,harmonix,1.0,1.0,1.0,1.0,0.7780679563905956,0.7687508941101641,1.0,1.0
harmonix/0534_wideawake/track.npy,harmonix,1.0,1.0,1.0,1.0,0.9625455863746569,0.9591424992563157,1.0,1.0
harmonix/0564_americanboybenny/track.npy,harmonix,0.9305816135084428,0.9328358208955224,0.9305816135084428,0.9328358208955224,0.9219782340230721,0.9009100508496088,0.9472693032015065,0.9288389513108615
harmonix/0565_americanhoney/track.npy,harmonix,0.9966887417218543,0.9868421052631579,0.9966887417218543,0.9868421052631579,0.9514310250332092,0.9476724583354499,0.9983416252072967,0.9933774834437086
harmonix/0568_apologize/track.npy,harmonix,0.9881305637982196,0.9518072289156626,0.0029940119760479044,0.0,0.8071300201420624,0.79897480336637,0.6640159045725647,0.6612903225806451
harmonix/0578_bealright/track.npy,harmonix,0.9625,0.9746835443037974,0.9625,0.9746835443037974,0.9238866568523599,0.9240714062464724,0.9778481012658228,0.980891719745223
harmonix/0583_beautifulgirls/track.npy,harmonix,0.9978813559322034,1.0,0.9978813559322034,1.0,0.9575345444542419,0.9537905569317758,0.9978813559322034,1.0
harmonix/0588_believe/track.npy,harmonix,0.43157894736842106,0.7012987012987013,0.43157894736842106,0.7012987012987013,0.8064073183653809,0.8235550513477017,0.826219512195122,0.8493150684931507
harmonix/0596_bonbon/track.npy,harmonix,0.9932735426008968,0.9910714285714286,0.9932735426008968,0.9910714285714286,0.9709607045231744,0.9558165282317115,0.9977528089887641,0.9955156950672646
harmonix/0630_crushcrushcrush/track.npy,harmonix,0.992462311557789,0.8282828282828283,0.992462311557789,0.8282828282828283,0.9767983807008622,0.8975565798410428,0.9962168978562421,0.9157894736842106
harmonix/0636_daynnitecrookersremix/track.npy,harmonix,0.9970674486803519,1.0,0.9970674486803519,1.0,0.8972602646198857,0.901177572583489,0.9985315712187959,1.0
harmonix/0640_disturbia2/track.npy,harmonix,0.9978947368421053,1.0,0.9978947368421053,1.0,0.9884986975605439,0.9889713153934498,0.9989462592202318,1.0
harmonix/0642_dontconfess/track.npy,harmonix,0.878727634194831,0.888,0.06092436974789916,0.058823529411764705,0.7101505243032431,0.7111091772008787,0.6758241758241759,0.6813186813186813
harmonix/0649_down/track.npy,harmonix,0.9842696629213483,0.990990990990991,0.9842696629213483,0.990990990990991,0.8983303306464357,0.8962193816804979,0.9920724801812004,0.9954751131221719
harmonix/0650_downlilwayne/track.npy,harmonix,0.9778761061946902,0.9823008849557522,0.9778761061946902,0.9823008849557522,0.9713460526067512,0.9710377689370508,0.9888143176733781,0.9910714285714286
harmonix/0651_doyouremember/track.npy,harmonix,0.9952718676122931,1.0,0.9952718676122931,1.0,0.9574575535887172,0.9583991671367345,0.9976359338061466,1.0
harmonix/0668_fallinganthem/track.npy,harmonix,0.9981818181818182,0.9708029197080292,0.9981818181818182,0.9708029197080292,0.9827411049666369,0.9624437778016888,0.9990900818926297,0.9781021897810219
harmonix/0676_figure8/track.npy,harmonix,0.4635416666666667,0.5056179775280899,0.4635416666666667,0.5056179775280899,0.7455057407238044,0.7008555035930853,0.8390977443609023,0.775
harmonix/0681_flashinglights/track.npy,harmonix,0.9942028985507246,0.9885057471264368,0.9942028985507246,0.9885057471264368,0.9554426991590996,0.9532917769198668,0.9956458635703919,0.9942196531791908
harmonix/0686_fortheloveofadaughter/track.npy,harmonix,0.953810623556582,1.0,0.953810623556582,1.0,0.8860833674521897,0.8978399595424519,0.953810623556582,0.9541284403669725
harmonix/0696_goodgirlsgobad/track.npy,harmonix,0.9973614775725593,0.9894736842105263,0.9973614775725593,0.9894736842105263,0.987009545544019,0.9831875473045674,0.9986789960369881,0.9947089947089947
harmonix/0710_hardjeezy/track.npy,harmonix,1.0,1.0,1.0,1.0,0.9773408466272024,0.9794790688702659,1.0,1.0
harmonix/0717_heysoulsister/track.npy,harmonix,1.0,1.0,1.0,1.0,0.9748318208756039,0.9642302488696477,1.0,1.0
harmonix/0733_ifihadyou/track.npy,harmonix,0.9957627118644068,1.0,0.9957627118644068,1.0,0.974917724746625,0.9771595451818444,0.9978768577494692,1.0
harmonix/0752_inmyhead/track.npy,harmonix,0.9798270893371758,1.0,0.9798270893371758,1.0,0.9738375932859215,0.9885458173468823,0.9898697539797395,1.0
harmonix/0758_itgetsbetter/track.npy,harmonix,0.9812606473594548,0.8027210884353742,0.9812606473594548,0.8027210884353742,0.9325677553564087,0.8258817039177541,0.9940222032450896,0.8873239436619718
harmonix/0759_itgirljasonnevins/track.npy,harmonix,1.0,1.0,1.0,1.0,0.716883951551684,0.7238338376479444,1.0,1.0
harmonix/0766_justdance/track.npy,harmonix,0.9935064935064936,1.0,0.9935064935064936,1.0,0.9850923896209518,0.9887354940708244,0.9967426710097721,1.0
harmonix/0777_lebump/track.npy,harmonix,0.8719646799116998,0.32727272727272727,0.8719646799116998,0.32727272727272727,0.737684573351534,0.39090278425943026,0.9198218262806235,0.43349753694581283
harmonix/0800_lovesexmagicjason/track.npy,harmonix,0.9951100244498777,0.9411764705882353,0.9951100244498777,0.9411764705882353,0.9808206062521834,0.943206058307261,0.9987760097919216,0.9556650246305418
harmonix/0827_needyounow/track.npy,harmonix,0.9826732673267327,0.9504950495049505,0.9826732673267327,0.9504950495049505,0.947568919695079,0.9208626162837803,0.9912609238451935,0.9651741293532338
harmonix/0868_puton/track.npy,harmonix,0.8132911392405063,0.7875,0.09965034965034965,0.11188811188811189,0.7595489000224576,0.7522207529240938,0.7072072072072072,0.7085201793721974
harmonix/0875_redbelt/track.npy,harmonix,1.0,1.0,1.0,1.0,0.8737602370136516,0.867568570951324,1.0,1.0
harmonix/0890_samemistakes/track.npy,harmonix,0.9935897435897436,1.0,0.9935897435897436,1.0,0.9846714889715096,0.987946495983722,0.9967845659163987,1.0
harmonix/0895_scarymonsters/track.npy,harmonix,1.0,0.7714285714285715,1.0,0.7714285714285715,0.8166294080939964,0.7202922939251147,1.0,0.8839506172839505
harmonix/0914_soobviousnow/track.npy,harmonix,0.9829222011385199,0.9770992366412213,0.9829222011385199,0.9770992366412213,0.930562316130627,0.9194417580938984,0.9904580152671756,0.9847328244274809
harmonix/0927_swing/track.npy,harmonix,0.9849624060150376,0.9701492537313433,0.9849624060150376,0.9701492537313433,0.9779910943223353,0.9743913005894284,0.9905838041431262,0.9850746268656716
harmonix/0931_takeyouthere/track.npy,harmonix,0.9954441913439636,0.990909090909091,0.9954441913439636,0.990909090909091,0.9637984143588847,0.9641044799272843,0.9965792474344355,0.995433789954338
harmonix/0932_tattoo/track.npy,harmonix,0.9840255591054313,1.0,0.9840255591054313,1.0,0.8700031925242471,0.8788068444517612,0.9807692307692308,0.9871794871794872
harmonix/0951_thunder/track.npy,harmonix,0.992619926199262,0.9705882352941176,0.992619926199262,0.9705882352941176,0.9396492467585285,0.9290428747419325,0.996309963099631,0.9925925925925926
harmonix/0955_tinylittlebows/track.npy,harmonix,0.9948051948051948,1.0,0.9948051948051948,1.0,0.9808049993503878,0.9835769441440183,0.9973958333333334,1.0
harmonix/0958_turnmeup/track.npy,harmonix,0.991130820399113,0.9464285714285714,0.991130820399113,0.9464285714285714,0.9809227498421434,0.9434180531459899,0.9955456570155902,0.9553571428571429
harmonix/0959_turnthisclubaround/track.npy,harmonix,1.0,1.0,1.0,1.0,0.8808719576993063,0.8810285749447536,1.0,1.0
harmonix/0991_worryaboutyounow/track.npy,harmonix,1.0,0.5151515151515151,1.0,0.45454545454545453,0.905963690260491,0.49404960994033176,1.0,0.45454545454545453
harmonix/0999_yourheartisamuscle/track.npy,harmonix,1.0,0.7865168539325843,1.0,0.7865168539325843,0.977691383891375,0.9305286887682204,1.0,0.9467455621301775
hjdb/hjdb_Anastacia/track.npy,hjdb,1.0,1.0,1.0,1.0,0.9756074816721109,0.981818521779589,1.0,1.0
hjdb/hjdb_Another_Direction/track.npy,hjdb,1.0,1.0,1.0,1.0,0.9792899742362334,0.9789487132870054,1.0,1.0
hjdb/hjdb_Bodymotion/track.npy,hjdb,1.0,1.0,1.0,1.0,0.9599698644975029,0.9743354344645668,1.0,1.0
hjdb/hjdb_Casanova_(Down_To_Earth_Remix)/track.npy,hjdb,1.0,1.0,1.0,1.0,0.987572434890255,0.9795402533073138,1.0,1.0
hjdb/hjdb_Charly/track.npy,hjdb,0.9940119760479041,0.926829268292683,0.9940119760479041,0.926829268292683,0.9632264507696022,0.9207561719967775,0.996996996996997,0.9512195121951219
hjdb/hjdb_Dance_The_Dream/track.npy,hjdb,1.0,1.0,1.0,1.0,0.9795831753979117,0.9806676133940616,1.0,1.0
hjdb/hjdb_Darkcore/track.npy,hjdb,0.9879518072289156,0.8571428571428571,0.9879518072289156,0.8571428571428571,0.9499842004939167,0.8803208895080726,0.9879518072289156,0.9047619047619048
hjdb/hjdb_Dont_Need_Your_Love/track.npy,hjdb,0.9795918367346939,1.0,0.9795918367346939,1.0,0.9682770389551618,0.9614903860094448,0.9896907216494846,1.0
hjdb/hjdb_Fireball/track.npy,hjdb,1.0,1.0,1.0,1.0,0.9841975298596517,0.993359423646884,1.0,1.0
hjdb/hjdb_Fires_Burning/track.npy,hjdb,1.0,1.0,1.0,1.0,0.9823752338231165,0.9819532283006209,1.0,1.0
hjdb/hjdb_Flammable/track.npy,hjdb,1.0,1.0,1.0,1.0,0.9810404076143513,0.9758196574799667,1.0,1.0
hjdb/hjdb_Flammable_(Tango_Remix)/track.npy,hjdb,0.9938650306748467,0.975609756097561,0.9938650306748467,0.975609756097561,0.9652630441170553,0.9660885756045715,0.9969230769230769,0.9876543209876543
hjdb/hjdb_Gangsta/track.npy,hjdb,0.9876543209876543,0.9523809523809523,0.9876543209876543,0.9523809523809523,0.9612330600717802,0.9518411434162187,0.9937888198757764,0.975609756097561
hjdb/hjdb_Hands_Of_Time/track.npy,hjdb,1.0,1.0,1.0,1.0,0.9821585779795048,0.9821560219720644,1.0,1.0
hjdb/hjdb_Hold_it_Down/track.npy,hjdb,0.9673469387755103,0.8852459016393442,0.9673469387755103,0.8852459016393442,0.9231739423964626,0.8525795016349125,0.9815950920245399,0.8852459016393442
hjdb/hjdb_Into_Da_Future_(Massive_Mix)/track.npy,hjdb,1.0,1.0,1.0,1.0,0.9825372784705224,0.9768594083675047,1.0,1.0
hjdb/hjdb_Jeopardy_(DJ_Spice_Mix)/track.npy,hjdb,1.0,1.0,1.0,1.0,0.9650259096269963,0.9624840138159176,1.0,1.0
hjdb/hjdb_Jump_Mk_II/track.npy,hjdb,0.990909090909091,0.9642857142857143,0.990909090909091,0.9642857142857143,0.9658108782465502,0.9563964922759403,0.995433789954338,0.9818181818181818
hjdb/hjdb_Just_A_Dream/track.npy,hjdb,0.9848484848484849,1.0,0.9848484848484849,1.0,0.9028862568835312,0.916863566045053,0.9961977186311787,1.0
hjdb/hjdb_Moments_So_Dark/track.npy,hjdb,1.0,1.0,1.0,1.0,0.9756820377878381,0.9710712587590922,1.0,1.0
hjdb/hjdb_Project_1_(Remix)/track.npy,hjdb,0.990909090909091,1.0,0.990909090909091,1.0,0.9757408648699489,0.9817733705939553,0.995433789954338,1.0
hjdb/hjdb_Skanka/track.npy,hjdb,0.5263157894736842,0.14285714285714285,0.15517241379310345,0.0,0.4321404384398489,0.1265555990882771,0.22429906542056074,0.1
hjdb/hjdb_Stay_Calm_(Foul_Play_Remix)/track.npy,hjdb,1.0,1.0,1.0,1.0,0.9804522702908753,0.9820426537417728,1.0,1.0
hjdb/hjdb_Sub_Dub/track.npy,hjdb,1.0,1.0,1.0,1.0,0.9823517329950645,0.9885298556999613,1.0,1.0
hjdb/hjdb_Take_Me_To_The_Top/track.npy,hjdb,1.0,1.0,1.0,1.0,0.9489423855762482,0.9540640942087588,1.0,1.0
hjdb/hjdb_The_Deep/track.npy,hjdb,1.0,1.0,1.0,1.0,0.9755996919660673,0.9732403440808689,1.0,1.0
hjdb/hjdb_The_Element_(Highnoon)/track.npy,hjdb,1.0,1.0,1.0,1.0,0.9632699043717601,0.9658523974311367,1.0,1.0
hjdb/hjdb_This_Is_A_Trip/track.npy,hjdb,0.956140350877193,1.0,0.956140350877193,1.0,0.9452913248639474,0.9606591782339239,0.9779735682819383,1.0
hjdb/hjdb_Warpdrive/track.npy,hjdb,1.0,0.47368421052631576,1.0,0.0,0.9805114923156593,3.126594192921032e-19,1.0,0.0
jaah/jaah_005-duke_ellington_and_his_orchestra-black_and_tan_fantasy/track.npy,jaah,0.9914529914529915,0.9195402298850575,0.9914529914529915,0.9195402298850575,0.9038799438424096,0.8678124361300321,0.9900142653352354,0.9310344827586207
jaah/jaah_013-the_benny_goodman_trio-body_and_soul/track.npy,jaah,0.9808306709265175,0.9871794871794872,0.9808306709265175,0.9871794871794872,0.9420950291525916,0.9482864292228133,0.9887640449438203,0.9871794871794872
jaah/jaah_014-coleman_hawkins_and_his_orchestra-body_and_soul/track.npy,jaah,0.9511278195488722,0.4925373134328358,0.9511278195488722,0.4925373134328358,0.786050572316162,0.4793692727421389,0.9659090909090909,0.5343511450381679
jaah/jaah_015-miles_davis_nonet-boplicity/track.npy,jaah,0.9869791666666666,0.8333333333333334,0.9869791666666666,0.8333333333333334,0.8594696334393651,0.7561175813158243,0.9869451697127937,0.9021739130434783
jaah/jaah_028-king_olivers_creole_jazz_band-dippermouth_blues/track.npy,jaah,0.9954853273137697,0.7,0.9954853273137697,0.7,0.9021539627241683,0.7341577077829146,0.9977375565610859,0.8000000000000002
jaah/jaah_029-the_modern_jazz_quartet-django/track.npy,jaah,0.9200581395348837,0.6453488372093024,0.9200581395348837,0.6453488372093024,0.7996053582892939,0.5410112871081326,0.9666913397483347,0.696165191740413
jaah/jaah_041-jelly_roll_mortons_red_hot_peppers-grandpas_spells/track.npy,jaah,0.9931506849315068,0.9863013698630136,0.9931506849315068,0.9863013698630136,0.9742251711595317,0.9753375497031986,0.9982847341337907,0.9965635738831615
jaah/jaah_049-the_chocolate_dandies-i_cant_believe_that_youre_in_love_with_me/track.npy,jaah,0.9931740614334471,0.954337899543379,0.9931740614334471,0.954337899543379,0.9724158972825816,0.9437519683339941,0.9982925441092771,0.965675057208238
jaah/jaah_060-tadd_dameron_sextet-lady_bird/track.npy,jaah,0.8718487394957983,1.0,0.8718487394957983,1.0,0.6587072589634891,0.6139951341929358,0.9442691903259727,0.9327731092436976
jaah/jaah_071-art_blakey_the_jazz_messengers-moanin/track.npy,jaah,0.9730185497470489,0.7836065573770492,0.9730185497470489,0.7836065573770492,0.8476077634428653,0.7408780777974568,0.985605419136325,0.8737541528239203
jaah/jaah_080-charlie_parker_allstars-parkers_mood/track.npy,jaah,0.9372197309417041,0.4722222222222222,0.9372197309417041,0.4722222222222222,0.8065680056947682,0.6641203188703287,0.9099307159353349,0.765625
jaah/jaah_093-miles_davis_gil_evans-summertime/track.npy,jaah,0.9876923076923076,0.9878048780487805,0.9876923076923076,0.9878048780487805,0.7398942671861966,0.7260956449444053,0.963076923076923,0.975609756097561
jaah/jaah_099-horace_silver_the_jazz_messengers-the_preacher/track.npy,jaah,0.997364953886693,0.8412698412698413,0.997364953886693,0.8412698412698413,0.9725549678085801,0.8901031188698115,0.9986807387862797,0.9155313351498636
jaah/jaah_107-louis_armstrong_and_his_hot_five-west_end_blues/track.npy,jaah,0.8996138996138996,0.8939393939393939,0.8996138996138996,0.8939393939393939,0.7379328561125195,0.7395146617059531,0.9025844930417495,0.8976377952755905
rwc/rwc_classical_CD3_02/track.npy,rwc_classical,0.8418848167539267,0.5901639344262295,0.8418848167539267,0.5901639344262295,0.8120892830804387,0.6492154695788701,0.9365165491047206,0.7391304347826089
rwc/rwc_classical_CD3_05/track.npy,rwc_classical,0.4767123287671233,0.6277372262773723,0.34440344403444034,0.6277372262773723,0.6846887440164975,0.6569633420420083,0.7773695811903012,0.7741935483870968
rwc/rwc_classical_CD4_04/track.npy,rwc_classical,0.862453531598513,0.24324324324324326,0.862453531598513,0.140625,0.8274402979030547,0.4751422035548868,0.9543726235741444,0.5346534653465346
rwc/rwc_classical_CD5_10/track.npy,rwc_classical,0.956140350877193,0.7894736842105263,0.956140350877193,0.7894736842105263,0.8780975279072244,0.8605545619428937,0.9623059866962306,0.8888888888888888
rwc/rwc_classical_CD6_03/track.npy,rwc_classical,0.15384615384615385,0.13,0.15384615384615385,0.07960199004975124,0.2455069264767347,0.1861339785849353,0.3263157894736842,0.26771653543307083
rwc/rwc_classical_CD6_06/track.npy,rwc_classical,0.3148148148148148,0.25,0.3148148148148148,0.25,0.3478033476744509,0.12702526115131874,0.48684210526315785,0.2105263157894737
rwc/rwc_classical_CD6_07/track.npy,rwc_classical,0.8375,0.6226415094339622,0.8375,0.0,0.3899949788404097,0.17353243783856645,0.5949367088607596,0.23684210526315788
rwc/rwc_classical_CD6_09/track.npy,rwc_classical,0.7669902912621359,0.45652173913043476,0.10752688172043011,0.0,0.549743168365059,0.426826606212105,0.6920415224913494,0.45901639344262296
rwc/rwc_jazz_CD2_06/track.npy,rwc_jazz,0.8370044052863436,0.6343612334801763,0.8370044052863436,0.6343612334801763,0.7897011112757463,0.6916438809285124,0.9192263936291241,0.8148148148148148
rwc/rwc_jazz_CD3_03/track.npy,rwc_jazz,0.5765472312703583,1.0,0.5765472312703583,1.0,0.7769871430842451,0.8718513548405262,0.8722627737226277,0.9916666666666667
rwc/rwc_jazz_CD3_04/track.npy,rwc_jazz,0.9810725552050473,0.9811320754716981,0.9810725552050473,0.9811320754716981,0.9041766143541737,0.888703161398933,0.9840764331210191,0.9777777777777779
rwc/rwc_jazz_CD4_01/track.npy,rwc_jazz,0.9636752136752137,1.0,0.9636752136752137,1.0,0.793394622958051,0.8021636228295155,0.9551282051282052,0.9551282051282052
rwc/rwc_jazz_CD4_09/track.npy,rwc_jazz,0.1111111111111111,0.10526315789473684,0.1111111111111111,0.025974025974025976,0.21858637154992316,0.13896045525509312,0.23754789272030652,0.15384615384615385
rwc/rwc_jazz_CD4_10/track.npy,rwc_jazz,0.9865168539325843,0.8558558558558559,0.9865168539325843,0.8558558558558559,0.9095164941471297,0.7894738896110036,0.9920903954802259,0.8636363636363636
rwc/rwc_popular_CD1_03/track.npy,rwc_popular,0.9849397590361446,0.9879518072289156,0.9849397590361446,0.9879518072289156,0.961342446044689,0.9560134493540874,0.992412746585736,0.993939393939394
rwc/rwc_popular_CD1_16/track.npy,rwc_popular,0.9942418426103646,0.9538461538461539,0.9942418426103646,0.9538461538461539,0.9769897126121395,0.9395464010600825,0.9961538461538462,0.9615384615384616
rwc/rwc_popular_CD3_11/track.npy,rwc_popular,0.8250950570342205,0.6014492753623188,0.8250950570342205,0.6014492753623188,0.7187064947796789,0.617969123696198,0.9258517034068136,0.7692307692307693
rwc/rwc_popular_CD3_15/track.npy,rwc_popular,0.9967213114754099,1.0,0.9967213114754099,1.0,0.928426814728365,0.9320008389139847,0.9983579638752053,1.0
rwc/rwc_popular_CD4_15/track.npy,rwc_popular,0.9899396378269618,0.9512195121951219,0.9899396378269618,0.9512195121951219,0.9555502130138592,0.9042031959990579,0.994954591321897,0.959349593495935
rwc/rwc_popular_CD5_01/track.npy,rwc_popular,0.9681978798586572,0.971830985915493,0.9681978798586572,0.971830985915493,0.9005882467628902,0.9486016913902804,0.9766606822262118,0.9857142857142858
rwc/rwc_popular_CD5_02/track.npy,rwc_popular,0.9948717948717949,0.9897959183673469,0.9948717948717949,0.9897959183673469,0.954548087582237,0.963462279011657,0.9974358974358974,0.9948717948717948
rwc/rwc_popular_CD5_13/track.npy,rwc_popular,0.9311926605504587,0.926605504587156,0.9311926605504587,0.926605504587156,0.8148522237440408,0.8107742148532147,0.9659224441833136,0.9483568075117371
rwc/rwc_popular_CD6_05/track.npy,rwc_popular,0.9953271028037384,0.99375,0.0,0.0,0.8089327784484037,0.8052196811765193,0.6652806652806652,0.6666666666666666
rwc/rwc_popular_CD6_07/track.npy,rwc_popular,0.9901960784313726,1.0,0.9901960784313726,1.0,0.9429530526750188,0.9491987043265245,0.9914110429447853,0.9901960784313726
rwc/rwc_popular_CD7_02/track.npy,rwc_popular,0.9936708860759493,1.0,0.9936708860759493,1.0,0.9738038300733202,0.9769969197955195,0.9968253968253968,1.0
rwc/rwc_popular_CD7_07/track.npy,rwc_popular,0.9945652173913043,1.0,0.9945652173913043,1.0,0.9642012782345621,0.9692586531642802,0.9972752043596731,1.0
rwc/rwc_popular_CD7_10/track.npy,rwc_popular,0.9973190348525469,0.9893617021276596,0.9973190348525469,0.9893617021276596,0.9160381726644232,0.9053181148087815,0.9986577181208054,0.9946524064171123
rwc/rwc_royalty-free_CD1_12/track.npy,rwc_royalty-free,0.6292428198433421,0.5157894736842106,0.6292428198433421,0.5157894736842106,0.7004360009503966,0.563044876330774,0.9034090909090909,0.8023952095808383
simac/simac_A_vida_me_fez_assim_02-Viver/track.npy,simac,1.0,0.0,1.0,0.0,0.9087747791937044,0.0,1.0,0.0
simac/simac_Alfagamabetizado_03-Covered_Saints/track.npy,simac,0.95,0.0,0.95,0.0,0.946642034182307,0.0,0.9743589743589743,0.0
simac/simac_Alfagamabetizado_11-Quixabeira/track.npy,simac,0.5454545454545454,0.0,0.30303030303030304,0.0,0.6979236731496148,0.0,0.8,0.0
simac/simac_Alfagamabetizado_13-Mares_de_Ti/track.npy,simac,1.0,0.0,1.0,0.0,0.9529571396559028,0.0,1.0,0.0
simac/simac_Alfagamabetizado_14-Zanza/track.npy,simac,1.0,0.0,1.0,0.0,0.9700066876078529,0.0,1.0,0.0
simac/simac_Alfagamabetizado_15-A_Namorada/track.npy,simac,1.0,0.0,1.0,0.0,0.9596765987045679,0.0,1.0,0.0
simac/simac_As_Time_Goes_By_02-manhattan/track.npy,simac,0.8695652173913043,0.0,0.8695652173913043,0.0,0.6651056008889389,0.0,0.9545454545454545,0.0
simac/simac_As_Time_Goes_By_09-this_funny_world/track.npy,simac,0.8888888888888888,0.0,0.8888888888888888,0.0,0.7780742122790825,0.0,0.9142857142857143,0.0
simac/simac_As_Time_Goes_By_11-spring_is_here/track.npy,simac,0.9444444444444444,0.0,0.9444444444444444,0.0,0.6550548616473868,0.0,0.8571428571428571,0.0
simac/simac_As_time_goes_by_disk_2_01-The_lady_is_a_tramp/track.npy,simac,0.48148148148148145,0.0,0.48148148148148145,0.0,0.5323183025088619,0.0,0.6399999999999999,0.0
simac/simac_As_time_goes_by_disk_2_06-You_took_advantage_on_me/track.npy,simac,1.0,0.0,1.0,0.0,0.8985443691528119,0.0,1.0,0.0
simac/simac_As_time_goes_by_disk_3_02-I_wish_I_were_in_love_again/track.npy,simac,0.7714285714285715,0.0,0.09375,0.0,0.6653494935331434,0.0,0.6799999999999999,0.0
simac/simac_Bach_The_Well-Tempered_Clavier_II_(Disc_1)_15-Prelude_and_Fugue_No._8_in_D-sharp_minor_BWV_877_-_1._Praeludium/track.npy,simac,0.9166666666666666,0.0,0.9166666666666666,0.0,0.9604997433176423,0.0,0.9787234042553191,0.0
simac/simac_Bach_The_Well-Tempered_Clavier_II_(Disc_2)_01-Prelude_and_Fugue_No._13_F-sharp_major_BWV_882_-_1._Praeludium/track.npy,simac,0.9629629629629629,0.0,0.9629629629629629,0.0,0.912924366437505,0.0,0.9811320754716981,0.0
simac/simac_Bach_The_Well-Tempered_Clavier_II_(Disc_2)_02-Prelude_and_Fugue_No._13_F-sharp_major_BWV_882_-_2._Fuga/track.npy,simac,0.52,0.0,0.52,0.0,0.8326585598881023,0.0,0.8510638297872342,0.0
simac/simac_Bach_The_Well-Tempered_Clavier_II_(Disc_2)_15-Prelude_and_Fugue_No._20_A_minor_BWV_889_-_1._Praeludium/track.npy,simac,1.0,0.0,0.0,0.0,0.7659966422320028,0.0,0.6818181818181819,0.0
simac/simac_Bach_The_Well-Tempered_Clavier_II_(Disc_2)_18-Prelude_and_Fugue_No._21_B-flat_major_BWV_890_-_2._Fuga/track.npy,simac,1.0,0.0,0.0,0.0,0.8019832241352572,0.0,0.6666666666666666,0.0
simac/simac_Bach_The_Well-Tempered_Clavier_II_(Disc_2)_22-Prelude_and_Fugue_No._23_B_major_BWV_892_-_2._Fuga/track.npy,simac,0.9655172413793104,0.0,0.9655172413793104,0.0,0.9596530785123363,0.0,0.9824561403508771,0.0
simac/simac_Beethoven_-_The_String_Quartets_#1_03-F_major_op._18_no._1_-_Scherzo._Allegro_molto/track.npy,simac,0.37037037037037035,0.0,0.37037037037037035,0.0,0.6006899836896027,0.0,0.6521739130434783,0.0
simac/simac_Beethoven_-_The_String_Quartets_#1_12-D_major_op._18_no._3_-_Presto/track.npy,simac,0.9473684210526315,0.0,0.9473684210526315,0.0,0.6563652948089088,0.0,0.918918918918919,0.0
simac/simac_Beethoven_The_String_Quartets_-_CD_3_01-String_Quartet_No_7_Op_59_No_1_-_I_Allegro/track.npy,simac,0.8947368421052632,0.0,0.8947368421052632,0.0,0.7594957784150786,0.0,0.972972972972973,0.0
simac/simac_Bernstein_conducts_Stravinsky_04-Spring_round_dances/track.npy,simac,0.5333333333333333,0.0,0.5333333333333333,0.0,0.45889968574345724,0.0,0.7407407407407408,0.0
simac/simac_Bernstein_conducts_Stravinsky_16-Legerdemain_scene-_Russian_danse/track.npy,simac,0.4375,0.0,0.4375,0.0,0.5238118399244323,0.0,0.625,0.0
simac/simac_Classic_Pergolesi_-_Stabat_Mater_01/track.npy,simac,0.6190476190476191,0.0,0.11764705882352941,0.0,0.49983375145090114,0.0,0.6428571428571428,0.0
simac/simac_Concert_06-2._Allegro/track.npy,simac,1.0,0.0,1.0,0.0,0.9489956745387135,0.0,1.0,0.0
simac/simac_Concert_12-4._Allegro/track.npy,simac,1.0,0.0,0.0,0.0,0.6987034057621533,0.0,0.6222222222222223,0.0
simac/simac_Concert_13-Concero_en_Sol_Mineur_pour_flute_a_bec_violons_et_basse_continue._Allegro/track.npy,simac,0.4230769230769231,0.0,0.4230769230769231,0.0,0.7013432356842841,0.0,0.7999999999999999,0.0
simac/simac_Concert_22-2._Allegro/track.npy,simac,0.9714285714285714,0.0,0.9714285714285714,0.0,0.9374386074800833,0.0,0.9855072463768115,0.0
simac/simac_DGG_419_047-2_06-Fantasie_u._Fuge_g-moll_BWV_542_-_II_Fuge/track.npy,simac,1.0,0.0,0.0,0.0,0.4192579596459115,0.0,0.0,0.0
simac/simac_Ella_&_Louis_01-Its_Only_A_Paper_Moon/track.npy,simac,0.9,0.0,0.9,0.0,0.8691765080442934,0.0,0.9491525423728815,0.0
simac/simac_Eventail_05-Fandango/track.npy,simac,0.4864864864864865,0.0,0.10344827586206896,0.0,0.558922886140608,0.0,0.5,0.0
simac/simac_Fado_03-AudioTrack_03/track.npy,simac,0.92,0.0,0.04,0.0,0.6431545250088171,0.0,0.6842105263157895,0.0
simac/simac_Fado_07-AudioTrack_07/track.npy,simac,0.8823529411764706,0.0,0.8823529411764706,0.0,0.5516658841156549,0.0,0.7272727272727272,0.0
simac/simac_Family_Tree_-_Greatest_Hits_As_Chosen_By_Bjork_08-All_Is_Full_Of_Love/track.npy,simac,1.0,0.0,1.0,0.0,0.9692326355618205,0.0,1.0,0.0
simac/simac_Family_Tree_-_Greatest_Hits_As_Chosen_By_Bjork_10-I_ve_Seen_It_All/track.npy,simac,0.8333333333333334,0.0,0.8333333333333334,0.0,0.6863591208416462,0.0,0.8888888888888888,0.0
simac/simac_Family_Tree_-_Greatest_Hits_As_Chosen_By_Bjork_12-It_s_Not_Up_To_You/track.npy,simac,1.0,0.0,1.0,0.0,0.9441269596104405,0.0,1.0,0.0
simac/simac_Gold_-_Greatest_Hits_11-Chiquitita/track.npy,simac,1.0,0.0,1.0,0.0,0.663514111141957,0.0,0.8636363636363636,0.0
simac/simac_Gold_-_Greatest_Hits_19-Waterloo/track.npy,simac,1.0,0.0,1.0,0.0,0.9623352185894545,0.0,1.0,0.0
simac/simac_Kocani_Orkester_Trubaci_-_Nikol/track.npy,simac,1.0,0.0,1.0,0.0,0.9556668066626484,0.0,1.0,0.0
simac/simac_Ludwid_van_Beethoven_10-VI._Adagio_quasi_un_poco_andante_-_attacca/track.npy,simac,0.45454545454545453,0.0,0.0,0.0,0.14635404138851163,0.0,0.13793103448275862,0.0
simac/simac_Niandra_LaDes_and_Usually_Just_a_T-Shirt_11-Blood_on_My_Neck_From_Success/track.npy,simac,0.7777777777777778,0.0,0.7777777777777778,0.0,0.7815502036405392,0.0,0.9142857142857143,0.0
simac/simac_Niandra_LaDes_and_Usually_Just_a_T-Shirt_20-Usually_Just_a_T-Shirt_Untitled_8/track.npy,simac,0.7647058823529411,0.0,0.7647058823529411,0.0,0.7546738058428878,0.0,0.9206349206349206,0.0
simac/simac_Papakonstantinou_04-AudioTrack_04/track.npy,simac,1.0,0.0,1.0,0.0,0.8570237003613296,0.0,1.0,0.0
simac/simac_Primer_Aliento_02-Nuclear_si_por_supuesto_/track.npy,simac,1.0,0.0,1.0,0.0,0.9800163003821852,0.0,1.0,0.0
simac/simac_Primer_Aliento_10-Ondina/track.npy,simac,1.0,0.0,1.0,0.0,0.9196570385654323,0.0,1.0,0.0
simac/simac_Primer_Aliento_15-El_laberinto_del_nuevo_Minotauro/track.npy,simac,0.9166666666666666,0.0,0.9166666666666666,0.0,0.9231729514262683,0.0,0.9787234042553191,0.0
simac/simac_R.A.F.I_05-Free_Satpal_Ram/track.npy,simac,0.9629629629629629,0.0,0.9629629629629629,0.0,0.9659552335920571,0.0,0.9811320754716981,0.0
simac/simac_R.A.F.I_12-Culture_Move/track.npy,simac,0.7727272727272727,0.0,0.7727272727272727,0.0,0.9119385063336897,0.0,0.9302325581395349,0.0
simac/simac_Samba_na_Madrugada_03-14_Anos/track.npy,simac,1.0,0.0,1.0,0.0,0.9405619798613768,0.0,1.0,0.0
simac/simac_Selling_England_By_The_Pound_01-Dancing_with_the_Moonlit_Knight/track.npy,simac,1.0,0.0,1.0,0.0,0.8261339914238274,0.0,0.8947368421052632,0.0
simac/simac_So_Cartola_02-Alvorada_Ao_Amanhecer/track.npy,simac,1.0,0.0,1.0,0.0,0.8978479521908609,0.0,1.0,0.0
simac/simac_So_Cartola_13-Velho_Estacio/track.npy,simac,0.64,0.0,0.11538461538461539,0.0,0.37319840585453756,0.0,0.16666666666666669,0.0
simac/simac_So_Cartola_14-Ciume_Doentio/track.npy,simac,0.9166666666666666,0.0,0.9166666666666666,0.0,0.7895042921343427,0.0,0.9787234042553191,0.0
simac/simac_Tales_Of_Mystery_And_Imagination_07-The_Fall_Of_The_House_Of_Usher_II_Arrival/track.npy,simac,0.9473684210526315,0.0,0.9473684210526315,0.0,0.9293359045567516,0.0,0.972972972972973,0.0
simac/simac_The_Crackdown_07-Why_Kill_Time_When_You_Can_Kill_Yourself_/track.npy,simac,0.9736842105263158,0.0,0.0,0.0,0.8019497150790558,0.0,0.6666666666666666,0.0
simac/simac_The_Crackdown_08-Haiti/track.npy,simac,1.0,0.0,1.0,0.0,0.9511824630234853,0.0,1.0,0.0
simac/simac_Tomatito_Tomatito-05.A_mi_tao_El_Nino_Miguel/track.npy,simac,0.4375,0.0,0.4375,0.0,0.4500091076909876,0.0,0.46875,0.0
simac/simac_VOL.3_Musiques_pour_guitare_et_violoncelle_01-M._Baumann_Duo_pour_guitare_et_violoncelle_op.62_-_1._Prelude_(Lento_rubato)/track.npy,simac,0.8333333333333334,0.0,0.8333333333333334,0.0,0.763270344037258,0.0,0.9411764705882353,0.0
simac/simac_Xatzidakis_01-AudioTrack_01/track.npy,simac,0.625,0.0,0.24,0.0,0.5963958807516745,0.0,0.7317073170731707,0.0
simac/simac_Xatzidakis_03-AudioTrack_03/track.npy,simac,0.8571428571428571,0.0,0.8571428571428571,0.0,0.752562123826437,0.0,0.955223880597015,0.0
simac/simac_Xatzidakis_15-AudioTrack_15/track.npy,simac,0.6538461538461539,0.0,0.6538461538461539,0.0,0.6900773248787432,0.0,0.8936170212765957,0.0
simac/simac_greek_Asteriadi_-_Mia_giorti/track.npy,simac,0.2222222222222222,0.0,0.1111111111111111,0.0,0.42033305903354967,0.0,0.4166666666666667,0.0
simac/simac_greek_Gkoles_-_Zwi_mou_farmakw8ikes/track.npy,simac,0.8888888888888888,0.0,0.8888888888888888,0.0,0.8051698807027827,0.0,0.9714285714285714,0.0
simac/simac_greek_To_pasoumi_-_Smyrni/track.npy,simac,1.0,0.0,1.0,0.0,0.7975426187320123,0.0,0.9500000000000001,0.0
simac/simac_more_greek_Gkoles_-_H_tsigkouna/track.npy,simac,0.72,0.0,0.72,0.0,0.8376169274648112,0.0,0.9130434782608696,0.0
simac/simac_more_greek_Gkoles_-_Keravnoi_ki_astropelekia/track.npy,simac,1.0,0.0,1.0,0.0,0.9533579251127998,0.0,1.0,0.0
simac/simac_more_greek_Gkoles_-_Ksaveriwtissa/track.npy,simac,0.8333333333333334,0.0,0.8333333333333334,0.0,0.78841544899066,0.0,0.9565217391304348,0.0
simac/simac_more_greek_Gkoles_-_Rimakse_to_spitiko_mas/track.npy,simac,0.9473684210526315,0.0,0.9473684210526315,0.0,0.8522903471952106,0.0,0.972972972972973,0.0
simac/simac_more_greek_Glykeria_-_Odos_Aristotelous/track.npy,simac,0.9090909090909091,0.0,0.9090909090909091,0.0,0.8198312050013132,0.0,0.9545454545454546,0.0
simac/simac_more_greek_Marinella_-_Kane_ligaki_ypomoni/track.npy,simac,0.8666666666666667,0.0,0.8666666666666667,0.0,0.7241585702284858,0.0,0.9655172413793104,0.0
simac/simac_more_greek_Mitropanos_-_8essaloniki/track.npy,simac,0.9666666666666667,0.0,0.9666666666666667,0.0,0.8577384735027445,0.0,0.9666666666666667,0.0
simac/simac_more_greek_Mitsias_-_Apopse_f8inopwriase/track.npy,simac,0.8666666666666667,0.0,0.8666666666666667,0.0,0.7010439028362908,0.0,0.896551724137931,0.0
simac/simac_more_greek_Mosxoliou_Gkika_-_Pira_ap_to_xeri_sou_nero/track.npy,simac,0.9545454545454546,0.0,0.9545454545454546,0.0,0.8020376326720872,0.0,0.9767441860465117,0.0
simac/simac_more_greek_Mpellou_-_Liga_psixoula_agapis_sou_gyrevw/track.npy,simac,0.75,0.0,0.75,0.0,0.6669697450598838,0.0,0.9090909090909091,0.0
simac/simac_selected_ambient_works_8592_schottkey_7th_path/track.npy,simac,0.9117647058823529,0.0,0.9117647058823529,0.0,0.9036521966255062,0.0,0.955223880597015,0.0
smc/smc_001/track.npy,smc,0.8571428571428571,0.0,0.8571428571428571,0.0,0.5018622767699688,0.0,0.5660377358490566,0.0
smc/smc_003/track.npy,smc,0.64,0.0,0.0,0.0,0.5129008511551277,0.0,0.5132743362831859,0.0
smc/smc_012/track.npy,smc,0.37254901960784315,0.0,0.37254901960784315,0.0,0.3581425803846884,0.0,0.5000000000000001,0.0
smc/smc_019/track.npy,smc,0.6956521739130435,0.0,0.6956521739130435,0.0,0.5599889051557613,0.0,0.8372093023255814,0.0
smc/smc_035/track.npy,smc,0.7352941176470589,0.0,0.7352941176470589,0.0,0.49170679787447513,0.0,0.7384615384615385,0.0
smc/smc_047/track.npy,smc,0.6538461538461539,0.0,0.0,0.0,0.35184689861613594,0.0,0.42253521126760557,0.0
smc/smc_048/track.npy,smc,0.5,0.0,0.5,0.0,0.4561221638654874,0.0,0.6285714285714286,0.0
smc/smc_051/track.npy,smc,1.0,0.0,1.0,0.0,0.5640516732053316,0.0,0.7297297297297297,0.0
smc/smc_057/track.npy,smc,0.22857142857142856,0.0,0.22857142857142856,0.0,0.18984482856145712,0.0,0.32653061224489793,0.0
smc/smc_069/track.npy,smc,0.8958333333333334,0.0,0.8958333333333334,0.0,0.6928547229964748,0.0,0.8631578947368421,0.0
smc/smc_084/track.npy,smc,0.0,0.0,0.0,0.0,0.0,0.0,0.0,0.0
smc/smc_085/track.npy,smc,0.4375,0.0,0.4375,0.0,0.1764278281211322,0.0,0.18518518518518515,0.0
smc/smc_086/track.npy,smc,0.7,0.0,0.7,0.0,0.7465954102799157,0.0,0.8831168831168831,0.0
smc/smc_096/track.npy,smc,0.9841269841269841,0.0,0.9841269841269841,0.0,0.7184559304078865,0.0,0.976,0.0
smc/smc_113/track.npy,smc,0.0,0.0,0.0,0.0,0.40540745616408674,0.0,0.5569620253164557,0.0
smc/smc_143/track.npy,smc,0.8653846153846154,0.0,0.8653846153846154,0.0,0.437738073903282,0.0,0.5961538461538461,0.0
smc/smc_178/track.npy,smc,0.23809523809523808,0.0,0.23809523809523808,0.0,0.2925575385035526,0.0,0.45161290322580644,0.0
smc/smc_199/track.npy,smc,0.10256410256410256,0.0,0.1,0.0,0.23958381884414248,0.0,0.27692307692307694,0.0
smc/smc_202/track.npy,smc,0.03125,0.0,0.03125,0.0,0.033369449986555846,0.0,0.05555555555555555,0.0
smc/smc_213/track.npy,smc,0.3684210526315789,0.0,0.15789473684210525,0.0,0.3382422126010293,0.0,0.3859649122807018,0.0
smc/smc_223/track.npy,smc,0.5151515151515151,0.0,0.5151515151515151,0.0,0.602501863874636,0.0,0.7241379310344828,0.0
smc/smc_232/track.npy,smc,0.40625,0.0,0.40625,0.0,0.5098709958277904,0.0,0.7184466019417476,0.0
smc/smc_244/track.npy,smc,0.21875,0.0,0.0,0.0,0.0871795027641647,0.0,0.10126582278481013,0.0
smc/smc_252/track.npy,smc,1.0,0.0,1.0,0.0,0.6833352673048028,0.0,0.9074074074074074,0.0
smc/smc_255/track.npy,smc,0.6216216216216216,0.0,0.6216216216216216,0.0,0.6664875480975656,0.0,0.7323943661971832,0.0
smc/smc_264/track.npy,smc,0.5862068965517241,0.0,0.0,0.0,0.36139322608952695,0.0,0.46511627906976755,0.0
smc/smc_283/track.npy,smc,1.0,0.0,1.0,0.0,0.8928154642107939,0.0,1.0,0.0
tapcorrect/006_youtube_I3gHugP6bPE/track.npy,tapcorrect,0.9887892376681614,0.4966442953020134,0.9887892376681614,0.4966442953020134,0.9271568779127387,0.8241200756224537,0.9865470852017937,0.8582375478927203
tapcorrect/010_youtube_80tX5MLX8QY/track.npy,tapcorrect,0.9974683544303797,0.79,0.9974683544303797,0.79,0.9338100135558276,0.82034946219614,0.9949367088607595,0.8659793814432989
tapcorrect/012_youtube_Va0vs1fhhNI/track.npy,tapcorrect,0.9908466819221968,0.9907407407407407,0.0,0.0,0.8094382740092267,0.8088417138280577,0.6656441717791411,0.6666666666666666
tapcorrect/030_youtube_U8EDgciZZFc/track.npy,tapcorrect,0.8098720292504571,0.7153284671532847,0.8098720292504571,0.7153284671532847,0.8239746427379725,0.7647289187986308,0.8646034816247582,0.8075471698113207
tapcorrect/037_youtube_VYCOg-yglNM/track.npy,tapcorrect,0.9808917197452229,0.9238095238095239,0.9808917197452229,0.9238095238095239,0.955871952746477,0.8644189332784606,0.9912070343725019,0.8846153846153847
tapcorrect/042_youtube_uBMtdaRhDMY/track.npy,tapcorrect,1.0,0.7777777777777778,1.0,0.7777777777777778,0.9543917540550948,0.9070048353393565,1.0,0.9411764705882353
tapcorrect/049_youtube_rSktfVJc_IM/track.npy,tapcorrect,0.9973118279569892,1.0,0.9973118279569892,1.0,0.9548200244893883,0.944724923080615,0.9986541049798116,1.0
tapcorrect/055_youtube_LzLt9X4hoIE/track.npy,tapcorrect,0.8876080691642652,0.7586206896551724,0.8876080691642652,0.7586206896551724,0.8904123155728159,0.875982740266002,0.9276218611521417,0.8957055214723926
tapcorrect/066_youtube_H4BB9eGUEaE/track.npy,tapcorrect,0.9792387543252595,0.7972972972972973,0.9792387543252595,0.7972972972972973,0.9666396543243481,0.8144807486173767,0.994782608695652,0.8356164383561645
tapcorrect/074_youtube_aBqT2qWxDL8/track.npy,tapcorrect,0.9942528735632183,0.9540229885057471,0.9942528735632183,0.9540229885057471,0.8133123963376063,0.8101841425854909,0.9899280575539569,0.9655172413793104
tapcorrect/085_youtube_KEl7WjfbnSA/track.npy,tapcorrect,0.9651162790697675,0.9482758620689655,0.9651162790697675,0.9482758620689655,0.8766195769934624,0.8936960160571998,0.9823529411764705,0.9649122807017544
tapcorrect/093_youtube_C1lbOgBtE3w/track.npy,tapcorrect,0.9903614457831326,0.9807692307692307,0.9903614457831326,0.9807692307692307,0.9326866587418162,0.9506595818505709,0.9843184559710495,0.9951690821256038
tapcorrect/098_youtube_MsduHmjQlgI/track.npy,tapcorrect,0.9722814498933902,0.7457627118644068,0.9722814498933902,0.7457627118644068,0.9534104049221416,0.7770652525831404,0.9838882921589688,0.7982456140350878
asap/Bach_Fugue_bwv_865_Teo01M/track.npy,asap,0.9705014749262537,0.5029585798816568,0.9705014749262537,0.14516129032258066,0.9476702029973966,0.6693971007077898,0.9734513274336283,0.6028708133971292
asap/Bach_Fugue_bwv_865_ZhangE01M/track.npy,asap,0.9765395894428153,0.4911242603550296,0.9765395894428153,0.16030534351145037,0.9647883944254783,0.6587280891304961,0.9882352941176471,0.5740740740740741
asap/Bach_Fugue_bwv_874_BianF01/track.npy,asap,0.4049586776859504,0.07407407407407407,0.01652892561983471,0.018518518518518517,0.03769846645216594,0.014830971239776083,0.027522935779816515,0.019607843137254905
asap/Bach_Fugue_bwv_874_Kurz01M/track.npy,asap,0.8549222797927462,0.35789473684210527,0.06629834254143646,0.016666666666666666,0.792382129119739,0.5145646726335373,0.6906474820143885,0.42592592592592593
asap/Bach_Fugue_bwv_874_WongWY01M/track.npy,asap,0.8341968911917098,0.47368421052631576,0.0335195530726257,0.046875,0.7302937016110137,0.5961871624675859,0.6521739130434783,0.5357142857142857
asap/Bach_Fugue_bwv_884_LiA01M/track.npy,asap,0.9396984924623115,0.4393939393939394,0.9396984924623115,0.4393939393939394,0.9414490022447084,0.6083558542325609,0.9698492462311558,0.6260869565217392
asap/Bach_Prelude_bwv_846_Shi05M/track.npy,asap,0.38636363636363635,0.3142857142857143,0.38636363636363635,0.3142857142857143,0.4634598241442437,0.33987232618843827,0.4780876494023904,0.3529411764705882
asap/Bach_Prelude_bwv_863_LeeN01M/track.npy,asap,0.010869565217391304,0.18518518518518517,0.010869565217391304,0.18518518518518517,0.49708280763974244,0.43299139201777026,0.5068493150684931,0.4444444444444445
asap/Bach_Prelude_bwv_863_Shychko01M/track.npy,asap,0.03488372093023256,0.2631578947368421,0.03488372093023256,0.18518518518518517,0.41699740549300207,0.4069538314883267,0.44285714285714284,0.43478260869565216
asap/Bach_Prelude_bwv_863_TongB01M/track.npy,asap,0.31645569620253167,0.25925925925925924,0.31645569620253167,0.25925925925925924,0.743198584607451,0.5018325077525349,0.7819548872180452,0.5333333333333333
asap/Bach_Prelude_bwv_873_Lisiecki13M/track.npy,asap,0.05730659025787966,0.0707070707070707,0.05730659025787966,0.030303030303030304,0.40184734316677284,0.27992295082562046,0.4196597353497164,0.2893081761006289
asap/Beethoven_Piano_Sonatas_18-1_ChenGuang03M/track.npy,asap,0.808,0.324,0.808,0.324,0.8632847793193528,0.5493530736591918,0.8969283276450513,0.5645933014354066
asap/Beethoven_Piano_Sonatas_18-1_KOLESO06M/track.npy,asap,0.7786666666666666,0.336,0.7786666666666666,0.336,0.85518996411916,0.5393913404734869,0.9009762900976289,0.5653206650831354
asap/Beethoven_Piano_Sonatas_18-1_LeungR02M/track.npy,asap,0.8008021390374331,0.484,0.8008021390374331,0.484,0.870033101114342,0.6706192863500751,0.8953974895397488,0.6883116883116882
asap/Beethoven_Piano_Sonatas_18-1_Levitsky05M/track.npy,asap,0.8029294274300932,0.44621513944223107,0.8029294274300932,0.44621513944223107,0.8612302875918175,0.6735430051383495,0.8986905582356995,0.7024608501118569
asap/Beethoven_Piano_Sonatas_18-1_ZhangH05M/track.npy,asap,0.7653333333333333,0.264,0.7653333333333333,0.264,0.8598500473131107,0.4848363090735098,0.8924806746310612,0.5071090047393365
asap/Beethoven_Piano_Sonatas_18-4_ChenGuang06M/track.npy,asap,0.7636138613861386,0.22772277227722773,0.7636138613861386,0.0024752475247524753,0.871055025450234,0.4522393313113122,0.9002590673575129,0.46319569120287263
asap/Beethoven_Piano_Sonatas_18-4_KOLESO06M/track.npy,asap,0.8195302843016069,0.3415841584158416,0.8195302843016069,0.0024691358024691358,0.8749420026299309,0.45797637112918776,0.908291457286432,0.4745166959578207
asap/Beethoven_Piano_Sonatas_24-1_no_2_repeat_Cui06M/track.npy,asap,0.9725274725274725,0.7898550724637681,0.9725274725274725,0.7898550724637681,0.9476427681359165,0.7900330209381012,0.9862258953168045,0.832116788321168
asap/Beethoven_Piano_Sonatas_24-1_no_2_repeat_DeTurck06M/track.npy,asap,0.9723247232472325,0.7956204379562044,0.9723247232472325,0.7956204379562044,0.9486308042134209,0.8557510716329247,0.9879963065558633,0.8913857677902622
asap/Beethoven_Piano_Sonatas_26-3_HONG05M/track.npy,asap,0.8507853403141361,0.518324607329843,0.8507853403141361,0.518324607329843,0.8757875353178555,0.718472260066146,0.9109947643979057,0.744186046511628
asap/Beethoven_Piano_Sonatas_26-3_Zhdanov05M/track.npy,asap,0.7154882154882155,0.5725190839694656,0.7154882154882155,0.5725190839694656,0.8452869642505357,0.7288021576956459,0.8783542039355993,0.7556468172484598
asap/Chopin_Etudes_op_10_5_LiA03M/track.npy,asap,0.6067415730337079,0.35,0.6067415730337079,0.0,0.8085173045031868,0.43218863480569913,0.8343195266272191,0.42735042735042733
asap/Chopin_Etudes_op_10_5_LiC02M/track.npy,asap,0.5759162303664922,0.48936170212765956,0.5759162303664922,0.1125,0.7849004589816516,0.5372796129255519,0.8262108262108262,0.5196850393700788
asap/Chopin_Etudes_op_10_5_ZhangW03M/track.npy,asap,0.4036697247706422,0.3584905660377358,0.4036697247706422,0.2625,0.715434556594954,0.5882903836070585,0.7671957671957673,0.6165413533834586
asap/Chopin_Etudes_op_10_8_KyykhynenT09M/track.npy,asap,0.8342391304347826,0.273224043715847,0.8342391304347826,0.256,0.8456846568532488,0.4784222683959255,0.9013698630136986,0.5069124423963134
asap/Chopin_Etudes_op_10_8_Lou03M/track.npy,asap,0.7377049180327869,0.31683168316831684,0.7377049180327869,0.31683168316831684,0.7798149638580961,0.5021555922964134,0.8171745152354571,0.5284974093264249
asap/Chopin_Etudes_op_10_8_LuEric03M/track.npy,asap,0.6794520547945205,0.3695652173913043,0.6794520547945205,0.3695652173913043,0.8000254684594786,0.4879385719446868,0.8776978417266188,0.5806451612903226
asap/Chopin_Etudes_op_10_8_MiyashitaM05M/track.npy,asap,0.8032786885245902,0.4891304347826087,0.8032786885245902,0.4891304347826087,0.8343032157511084,0.45964989625538627,0.8670360110803325,0.46783625730994155
asap/Chopin_Etudes_op_10_8_Rizikov03M/track.npy,asap,0.8629032258064516,0.6666666666666666,0.8629032258064516,0.6666666666666666,0.8822183332739479,0.5605824333500562,0.915989159891599,0.5837837837837838
asap/Chopin_Etudes_op_10_8_Tetzloff07M/track.npy,asap,0.6612021857923497,0.29347826086956524,0.6612021857923497,0.29347826086956524,0.7766047985332439,0.3951209599576752,0.844574780058651,0.4150943396226415
asap/Chopin_Etudes_op_10_8_Zhou03M/track.npy,asap,0.8114754098360656,0.4891304347826087,0.8114754098360656,0.4891304347826087,0.8288422141475629,0.5232171273092961,0.8846153846153846,0.5476190476190477
asap/Chopin_Etudes_op_25_11_Richardson_2013_08M/track.npy,asap,0.896551724137931,0.7684210526315789,0.896551724137931,0.7684210526315789,0.8970640552686648,0.7674234869411497,0.9557046979865772,0.8128342245989306
asap/Chopin_Scherzos_20_Kurz04M/track.npy,asap,0.07485191168551426,0.1064516129032258,0.07485191168551426,0.029079159935379646,0.485804212623264,0.35442302636467743,0.5150449394294646,0.36185819070904646
asap/Chopin_Scherzos_20_Wong04M/track.npy,asap,0.04139433551198257,0.24183006535947713,0.0332244008714597,0.011437908496732025,0.43264017417684325,0.40690169147339283,0.4658536585365854,0.4077201447527141
asap/Chopin_Scherzos_20_ZhangYunling04M/track.npy,asap,0.05016181229773463,0.2588996763754045,0.05016181229773463,0.019417475728155338,0.4674532165717479,0.4473429059748737,0.49129746835443044,0.4108618654073199
asap/Liszt_Ballade_2_GarritsonL04M/track.npy,asap,0.3149955634427684,0.17197452229299362,0.3149955634427684,0.17197452229299362,0.5484406861463476,0.33918148143635063,0.6181630546955623,0.37251356238698013
asap/Liszt_Ballade_2_Jin07M/track.npy,asap,0.3877551020408163,0.22611464968152867,0.3877551020408163,0.22611464968152867,0.6209813062946968,0.38314137393007064,0.6679518072289157,0.418348623853211
asap/Liszt_Ballade_2_Min06M/track.npy,asap,0.29281277728482696,0.15311004784688995,0.29281277728482696,0.08917197452229299,0.5665253982138678,0.27763007172548204,0.6158445440956651,0.32122370936902483
asap/Rachmaninoff_Preludes_op_23_4_ChenGuang12M/track.npy,asap,0.4222222222222222,0.17333333333333334,0.4222222222222222,0.17333333333333334,0.6938312447590372,0.34601135731082633,0.7330097087378641,0.37795275590551186
asap/Rachmaninoff_Preludes_op_23_4_WuuE07M/track.npy,asap,0.30952380952380953,0.16,0.30952380952380953,0.14666666666666667,0.621894584221838,0.3155046715467752,0.6554621848739496,0.32
asap/Schubert_Impromptu_op.90_D.899_1_Duepree08M/track.npy,asap,0.8298397040690506,0.5615763546798029,0.8298397040690506,0.5615763546798029,0.8865757229089128,0.6506471313688943,0.9249363867684478,0.6806282722513088
asap/Schubert_Impromptu_op.90_D.899_1_Jin05M/track.npy,asap,0.7718865598027127,0.5829383886255924,0.7718865598027127,0.5829383886255924,0.8786058295527155,0.7543267846421277,0.9118028534370947,0.78743961352657
asap/Schubert_Impromptu_op.90_D.899_1_Teo06M/track.npy,asap,0.5844636251541308,0.5172413793103449,0.5844636251541308,0.5172413793103449,0.8060629018891124,0.6656017461836577,0.8503827418232428,0.7146529562982005
asap/Schubert_Impromptu_op.90_D.899_3_Hou06M/track.npy,asap,0.33665835411471323,0.2261904761904762,0.33665835411471323,0.2261904761904762,0.6717056720299766,0.3961370294077447,0.7028493894165536,0.40993788819875776
asap/Schubert_Impromptu_op.90_D.899_3_JeonH06M/track.npy,asap,0.28205128205128205,0.15294117647058825,0.28205128205128205,0.15294117647058825,0.5991931508324689,0.381114622393501,0.6947674418604651,0.4550898203592814
asap/Schubert_Impromptu_op.90_D.899_3_Ko08M/track.npy,asap,0.5882352941176471,0.4588235294117647,0.5882352941176471,0.4588235294117647,0.6504549375675571,0.5164726480516406,0.7415066469719351,0.6153846153846154
asap/Schubert_Impromptu_op.90_D.899_3_Kociuban10M/track.npy,asap,0.37295690936106984,0.26373626373626374,0.3141025641025641,0.26373626373626374,0.6697733759856405,0.445111080872395,0.7354037267080744,0.5
asap/Schubert_Impromptu_op.90_D.899_3_LeeSH08M/track.npy,asap,0.5548961424332344,0.15294117647058825,0.5548961424332344,0.15294117647058825,0.7076901139583747,0.37684885201067386,0.7740963855421688,0.4210526315789473
asap/Schubert_Impromptu_op.90_D.899_3_Mizumoto07M/track.npy,asap,0.5,0.2261904761904762,0.5,0.2261904761904762,0.5872480965447998,0.2830779362711266,0.6868686868686869,0.36842105263157887
asap/Schubert_Impromptu_op.90_D.899_3_Woo10M/track.npy,asap,0.5208333333333334,0.16666666666666666,0.5208333333333334,0.16666666666666666,0.7274389508627135,0.47052040160651293,0.8168067226890756,0.5135135135135135
asap/Schubert_Impromptu_op.90_D.899_3_WuuE10M/track.npy,asap,0.41369047619047616,0.26373626373626374,0.41369047619047616,0.26373626373626374,0.5448200200283911,0.3137567370196912,0.6526315789473683,0.4342857142857143
asap/Schubert_Impromptu_op.90_D.899_3_ZhangW07M/track.npy,asap,0.4094955489614243,0.22807017543859648,0.4094955489614243,0.11764705882352941,0.5293875570586088,0.2693835416303997,0.6459412780656303,0.35211267605633806
asap/Schubert_Impromptu_op.90_D.899_3_ZhaoK10M/track.npy,asap,0.7377049180327869,0.4431137724550898,0.056856187290969896,0.0847457627118644,0.673823264172887,0.4560552369044288,0.6595289079229122,0.4653465346534653
asap/Schubert_Moment_musical_no_3_Tetzloff09M/track.npy,asap,0.7837837837837838,0.35135135135135137,0.7837837837837838,0.0,0.8839400972054504,0.39689522609997624,0.9290780141843972,0.3738317757009346
asap/Schumann_Arabeske_Min09M/track.npy,asap,0.39059304703476483,0.08943089430894309,0.39059304703476483,0.0163265306122449,0.6408348638302657,0.2829091961980829,0.7183098591549295,0.31044776119402984
asap/Schumann_Arabeske_ParkS15M/track.npy,asap,0.5775510204081633,0.2938775510204082,0.5775510204081633,0.2938775510204082,0.6638715467774533,0.502089537134203,0.7590618336886994,0.5580246913580247
ballroom/ballroom_Albums-Ballroom_Classics4-06/track.npy,ballroom,0.9629629629629629,1.0,0.9629629629629629,1.0,0.923044315796398,0.9644845830118995,0.9811320754716981,1.0
ballroom/ballroom_Albums-Ballroom_Classics4-08/track.npy,ballroom,1.0,1.0,1.0,1.0,0.9319658295855637,0.9320894473236111,1.0,1.0
ballroom/ballroom_Albums-Ballroom_Classics4-14/track.npy,ballroom,0.9726027397260274,1.0,0.9726027397260274,1.0,0.9038038696060474,0.9265776839041879,0.993103448275862,1.0
ballroom/ballroom_Albums-Ballroom_Magic-02/track.npy,ballroom,1.0,1.0,1.0,1.0,0.9010573950824214,0.9606808664425385,0.9444444444444444,1.0
ballroom/ballroom_Albums-Ballroom_Magic-05/track.npy,ballroom,1.0,1.0,1.0,1.0,0.8223248887653454,0.8691383803039977,1.0,1.0
ballroom/ballroom_Albums-Cafe_Paradiso-01/track.npy,ballroom,1.0,1.0,1.0,1.0,0.9382902865943477,0.947277149316345,1.0,1.0
ballroom/ballroom_Albums-Cafe_Paradiso-10/track.npy,ballroom,0.975,1.0,0.975,1.0,0.895146567328886,0.9051998451675207,0.975,1.0
ballroom/ballroom_Albums-Cafe_Paradiso-14/track.npy,ballroom,1.0,1.0,1.0,1.0,0.9739598121865168,0.9904022381138352,1.0,1.0
ballroom/ballroom_Albums-Chrisanne1-02/track.npy,ballroom,0.9411764705882353,0.7272727272727273,0.9411764705882353,0.7272727272727273,0.9222997071497009,0.7734433745406247,0.955223880597015,0.8181818181818182
ballroom/ballroom_Albums-Chrisanne2-01/track.npy,ballroom,0.8285714285714286,0.3333333333333333,0.8285714285714286,0.0,0.5665299641848939,0.15041524576512752,0.8656716417910447,0.11764705882352941
ballroom/ballroom_Albums-Chrisanne2-11/track.npy,ballroom,0.9880952380952381,0.9523809523809523,0.9880952380952381,0.9523809523809523,0.9159353011220515,0.8794259392224714,0.9940119760479043,0.975609756097561
ballroom/ballroom_Albums-Fire-13/track.npy,ballroom,1.0,1.0,1.0,1.0,0.9196693710439371,0.9458186918473963,1.0,1.0
ballroom/ballroom_Albums-I_Like_It2-01/track.npy,ballroom,1.0,1.0,1.0,1.0,0.9801077846796328,0.9765560866247124,1.0,1.0
ballroom/ballroom_Albums-Latin_Jam-06/track.npy,ballroom,1.0,1.0,1.0,1.0,0.9474539918676341,0.9641216119417806,1.0,1.0
ballroom/ballroom_Albums-Latin_Jam2-01/track.npy,ballroom,1.0,1.0,1.0,1.0,0.9824130008498253,0.978916775793941,1.0,1.0
ballroom/ballroom_Albums-Latin_Jam2-03/track.npy,ballroom,1.0,1.0,1.0,1.0,0.9721920185634211,0.9784912672789495,1.0,1.0
ballroom/ballroom_Albums-Latin_Jam2-04/track.npy,ballroom,1.0,1.0,1.0,1.0,0.9759274067177008,0.9752163939642099,1.0,1.0
ballroom/ballroom_Albums-Latin_Jam2-09/track.npy,ballroom,1.0,1.0,1.0,1.0,0.9585115122344688,0.9681185294853716,1.0,1.0
ballroom/ballroom_Albums-Latin_Jam3-12/track.npy,ballroom,1.0,1.0,1.0,1.0,0.9871693476767496,0.989562443623787,1.0,1.0
ballroom/ballroom_Albums-Latin_Jam5-01/track.npy,ballroom,1.0,1.0,1.0,1.0,0.9725858849674831,0.9815467783081481,1.0,1.0
ballroom/ballroom_Albums-Latin_Jam5-08/track.npy,ballroom,0.9767441860465116,1.0,0.9767441860465116,1.0,0.965901903306663,0.984168209671186,0.988235294117647,1.0
ballroom/ballroom_Albums-Latin_Jam5-12/track.npy,ballroom,1.0,1.0,1.0,1.0,0.9753785438207553,0.9804699064166845,1.0,1.0
ballroom/ballroom_Albums-Latino_Latino-06/track.npy,ballroom,1.0,1.0,1.0,1.0,0.9809385682808668,0.9678011000872394,1.0,1.0
ballroom/ballroom_Albums-Mambo_Kings-10/track.npy,ballroom,1.0,1.0,1.0,1.0,0.9742819603908116,0.9763813988694416,1.0,1.0
ballroom/ballroom_Albums-Secret_Garden-02/track.npy,ballroom,1.0,1.0,1.0,1.0,0.6507339206396502,0.6637198903997082,0.9444444444444444,1.0
ballroom/ballroom_Albums-Step_By_Step-01/track.npy,ballroom,1.0,1.0,1.0,1.0,0.8918050346617628,0.8825607656903832,1.0,1.0
ballroom/ballroom_Albums-Step_By_Step-05/track.npy,ballroom,1.0,1.0,1.0,1.0,0.9475204084055707,0.9369830315981295,1.0,1.0
ballroom/ballroom_Albums-Step_By_Step-10/track.npy,ballroom,1.0,1.0,1.0,0.0,0.9725373847501697,0.8085943730519778,1.0,0.6486486486486487
ballroom/ballroom_Albums-StrictlyDancing_Tango-03/track.npy,ballroom,1.0,1.0,1.0,1.0,0.9758307796685591,0.9790386858499848,1.0,1.0
ballroom/ballroom_Albums-StrictlyDancing_Tango-04/track.npy,ballroom,1.0,1.0,1.0,1.0,0.9625969540593636,0.9608898775298177,1.0,1.0
ballroom/ballroom_Media-100602/track.npy,ballroom,0.972972972972973,1.0,0.972972972972973,1.0,0.8569115190005516,0.8741940881982667,0.972972972972973,1.0
ballroom/ballroom_Media-100607/track.npy,ballroom,1.0,1.0,1.0,1.0,0.9193599521139509,0.9393974225340419,1.0,1.0
ballroom/ballroom_Media-100616/track.npy,ballroom,1.0,1.0,1.0,1.0,0.969484802708805,0.9694227418512349,1.0,1.0
ballroom/ballroom_Media-103301/track.npy,ballroom,1.0,1.0,1.0,1.0,0.9077970367067416,0.957647469533702,1.0,1.0
ballroom/ballroom_Media-103412/track.npy,ballroom,1.0,1.0,1.0,1.0,0.9706549675914375,0.9719588526583808,1.0,1.0
ballroom/ballroom_Media-103417/track.npy,ballroom,1.0,1.0,1.0,1.0,0.9618879023315255,0.9773267706182969,1.0,1.0
ballroom/ballroom_Media-103501/track.npy,ballroom,0.9523809523809523,1.0,0.9523809523809523,1.0,0.9300650448979666,0.9823324549009855,0.975609756097561,1.0
ballroom/ballroom_Media-103517/track.npy,ballroom,0.9864864864864865,0.9473684210526315,0.9864864864864865,0.9473684210526315,0.9706822374852496,0.9578889246621543,0.9931972789115647,0.972972972972973
ballroom/ballroom_Media-103604/track.npy,ballroom,0.9807692307692307,1.0,0.9807692307692307,1.0,0.9686015032571677,0.9709136856733909,0.9902912621359222,1.0
ballroom/ballroom_Media-103608/track.npy,ballroom,1.0,1.0,1.0,1.0,0.9687575091931664,0.9508050634593281,1.0,1.0
ballroom/ballroom_Media-103614/track.npy,ballroom,0.9861111111111112,1.0,0.9861111111111112,1.0,0.9452926753433942,0.9488317912596194,0.993006993006993,1.0
ballroom/ballroom_Media-103615/track.npy,ballroom,0.9393939393939394,1.0,0.9393939393939394,1.0,0.8224928097278588,0.8507200456927264,0.9374999999999999,1.0
ballroom/ballroom_Media-103712/track.npy,ballroom,1.0,1.0,1.0,1.0,0.959959856196526,0.9768271401430226,1.0,1.0
ballroom/ballroom_Media-103807/track.npy,ballroom,0.9767441860465116,1.0,0.9767441860465116,1.0,0.9480878599378038,0.9728804412920464,0.988235294117647,1.0
ballroom/ballroom_Media-103809/track.npy,ballroom,1.0,1.0,1.0,1.0,0.933724363528794,0.9369402204796256,1.0,1.0
ballroom/ballroom_Media-103919/track.npy,ballroom,1.0,1.0,1.0,1.0,0.9771019976907637,0.9806693150994953,1.0,1.0
ballroom/ballroom_Media-104008/track.npy,ballroom,0.7948717948717948,0.8,0.7948717948717948,0.8,0.837908564671493,0.8838479691318237,0.8857142857142858,0.888888888888889
ballroom/ballroom_Media-104011/track.npy,ballroom,0.9791666666666666,1.0,0.9791666666666666,1.0,0.9639550415809217,0.968955550077227,0.9894736842105264,1.0
ballroom/ballroom_Media-104012/track.npy,ballroom,0.9807692307692307,1.0,0.9807692307692307,1.0,0.9563554765687153,0.9412012185167953,0.9902912621359222,1.0
ballroom/ballroom_Media-104015/track.npy,ballroom,1.0,1.0,1.0,1.0,0.9728629757901759,0.9719234434213748,1.0,1.0
ballroom/ballroom_Media-104016/track.npy,ballroom,0.9861111111111112,1.0,0.9861111111111112,1.0,0.970408112779985,0.9787942630246772,0.993006993006993,1.0
ballroom/ballroom_Media-104101/track.npy,ballroom,1.0,1.0,1.0,1.0,0.9795819414094338,0.9840113483381149,1.0,1.0
ballroom/ballroom_Media-104102/track.npy,ballroom,1.0,1.0,1.0,1.0,0.9844313194118142,0.9911129373894025,1.0,1.0
ballroom/ballroom_Media-104104/track.npy,ballroom,1.0,1.0,1.0,1.0,0.9738111378236984,0.978607702289678,1.0,1.0
ballroom/ballroom_Media-104108/track.npy,ballroom,0.9811320754716981,0.8461538461538461,0.9811320754716981,0.8461538461538461,0.9753259175995819,0.8348941439677673,0.9904761904761905,0.8461538461538461
ballroom/ballroom_Media-104109/track.npy,ballroom,0.9622641509433962,1.0,0.9622641509433962,1.0,0.9552878339920378,0.970463373233702,0.9807692307692307,1.0
ballroom/ballroom_Media-104113/track.npy,ballroom,1.0,0.9090909090909091,1.0,0.9090909090909091,0.9252657586506758,0.9450876524699413,1.0,0.9523809523809523
ballroom/ballroom_Media-104408/track.npy,ballroom,0.9868421052631579,0.9615384615384616,0.9868421052631579,0.9615384615384616,0.9440902570124782,0.9377723527869225,0.9933774834437086,0.9803921568627451
ballroom/ballroom_Media-104409/track.npy,ballroom,0.987012987012987,1.0,0.987012987012987,0.0,0.9414131944254817,0.7766287835765296,0.9934640522875817,0.6666666666666666
ballroom/ballroom_Media-104506/track.npy,ballroom,0.9814814814814815,0.9285714285714286,0.9814814814814815,0.9285714285714286,0.9600035402942351,0.9436223056502407,0.9906542056074767,0.962962962962963
ballroom/ballroom_Media-104609/track.npy,ballroom,1.0,1.0,1.0,1.0,0.962758332789743,0.9751091269741067,1.0,1.0
ballroom/ballroom_Media-104615/track.npy,ballroom,0.8588235294117647,0.5454545454545454,0.8588235294117647,0.0,0.8870736195492513,0.35912788119848255,0.9575757575757576,0.3870967741935483
ballroom/ballroom_Media-104616/track.npy,ballroom,0.9882352941176471,1.0,0.9882352941176471,1.0,0.8649520233705317,0.8635159332641567,1.0,1.0
ballroom/ballroom_Media-104802/track.npy,ballroom,1.0,1.0,1.0,1.0,0.909428967903541,0.9136554532681123,1.0,1.0
ballroom/ballroom_Media-104815/track.npy,ballroom,0.9885057471264368,1.0,0.9885057471264368,1.0,0.9611252488022414,0.9730247260507442,0.9942196531791908,1.0
ballroom/ballroom_Media-104915/track.npy,ballroom,0.9411764705882353,0.9545454545454546,0.9411764705882353,0.9545454545454546,0.9094899755680617,0.9005686978462663,0.9764705882352941,0.9767441860465117
ballroom/ballroom_Media-104916/track.npy,ballroom,0.9767441860465116,1.0,0.9767441860465116,1.0,0.8620763519802088,0.9023285658466411,0.988235294117647,1.0
ballroom/ballroom_Media-105001/track.npy,ballroom,1.0,1.0,1.0,1.0,0.8391559823850425,0.9225189456201089,1.0,1.0
ballroom/ballroom_Media-105018/track.npy,ballroom,1.0,1.0,1.0,1.0,0.9602470888256311,0.9647718639952994,1.0,1.0
ballroom/ballroom_Media-105106/track.npy,ballroom,0.9722222222222222,1.0,0.9722222222222222,1.0,0.8313490659800877,0.8738974726247687,0.9859154929577464,1.0
ballroom/ballroom_Media-105209/track.npy,ballroom,0.7575757575757576,0.8,0.14705882352941177,0.0,0.3667116305304856,7.946449300632686e-18,0.15151515151515152,0.0
ballroom/ballroom_Media-105213/track.npy,ballroom,1.0,1.0,1.0,1.0,0.7858408101403717,0.7890446984146171,0.9473684210526315,1.0
ballroom/ballroom_Media-105301/track.npy,ballroom,0.972972972972973,1.0,0.972972972972973,1.0,0.932031704779633,0.964290347856705,0.9863013698630138,1.0
ballroom/ballroom_Media-105307/track.npy,ballroom,1.0,1.0,1.0,1.0,0.8881241716220871,0.9010258184109174,1.0,1.0
ballroom/ballroom_Media-105308/track.npy,ballroom,1.0,1.0,1.0,1.0,0.9248814395102708,0.9639781434278367,1.0,1.0
ballroom/ballroom_Media-105412/track.npy,ballroom,0.9761904761904762,1.0,0.9761904761904762,1.0,0.8222027934450448,0.8379390535989476,0.9879518072289156,1.0
ballroom/ballroom_Media-105505/track.npy,ballroom,0.9814814814814815,1.0,0.9814814814814815,1.0,0.9402462308522768,0.9453846839692931,0.9906542056074767,1.0
ballroom/ballroom_Media-105506/track.npy,ballroom,0.9636363636363636,0.9285714285714286,0.9636363636363636,0.9285714285714286,0.8125761268639392,0.7966632145293061,0.9814814814814815,0.962962962962963
ballroom/ballroom_Media-105602/track.npy,ballroom,0.9807692307692307,1.0,0.9807692307692307,1.0,0.9660688170327234,0.973655330808466,0.9902912621359222,1.0
ballroom/ballroom_Media-105604/track.npy,ballroom,0.9807692307692307,1.0,0.9807692307692307,1.0,0.9731300485340763,0.9699371408540169,0.9902912621359222,1.0
ballroom/ballroom_Media-105707/track.npy,ballroom,0.9636363636363636,0.9285714285714286,0.9636363636363636,0.9285714285714286,0.9331645123185311,0.9460748183203413,0.9814814814814815,0.962962962962963
ballroom/ballroom_Media-105710/track.npy,ballroom,0.961038961038961,0.9615384615384616,0.961038961038961,0.9615384615384616,0.9190082748073964,0.9260700905055086,0.9801324503311257,0.9803921568627451
ballroom/ballroom_Media-105906/track.npy,ballroom,0.9818181818181818,1.0,0.9818181818181818,1.0,0.8967682226956377,0.860600054466578,0.9908256880733944,1.0
ballroom/ballroom_Media-105911/track.npy,ballroom,0.9285714285714286,1.0,0.9285714285714286,0.0,0.8632882057729802,0.5016919676782016,0.9580838323353292,0.43749999999999994
ballroom/ballroom_Media-105912/track.npy,ballroom,0.9882352941176471,1.0,0.9882352941176471,1.0,0.9559161801330623,0.9606877344453038,0.9940828402366864,1.0
ballroom/ballroom_Media-106115/track.npy,ballroom,0.9466666666666667,0.6666666666666666,0.9466666666666667,0.6666666666666666,0.9513576613166079,0.6566895737898188,0.9726027397260273,0.6666666666666666
beatles/beatles_01_Please_Please_Me_03_Anna_(Go_To_Him)/track.npy,beatles,0.9869281045751634,0.987012987012987,0.9869281045751634,0.987012987012987,0.9286884982410177,0.9216105923343332,0.9934426229508198,0.987012987012987
beatles/beatles_02_With_the_Beatles_05_Little_Child/track.npy,beatles,0.9649805447470817,0.9692307692307692,0.9649805447470817,0.9692307692307692,0.9503637217256546,0.9342842840218858,0.9802371541501975,0.96875
beatles/beatles_02_With_the_Beatles_08_Roll_Over_Beethoven/track.npy,beatles,1.0,1.0,1.0,1.0,0.97166797861381,0.9622841370865557,1.0,1.0
beatles/beatles_03_A_Hard_Days_Night_03_If_I_Fell/track.npy,beatles,1.0,1.0,1.0,1.0,0.9723335264831071,0.9630046532102678,1.0,1.0
beatles/beatles_03_A_Hard_Days_Night_04_Im_Happy_Just_To_Dance_With_You/track.npy,beatles,0.9831932773109243,0.9833333333333333,0.9831932773109243,0.9833333333333333,0.9574961116545415,0.9536076412054544,0.9915254237288135,0.9915966386554621
beatles/beatles_04_Beatles_for_Sale_07_Kansas_City-_Hey_Hey_Hey_Hey/track.npy,beatles,0.974025974025974,0.9473684210526315,0.974025974025974,0.9473684210526315,0.735809129210914,0.7309129688210844,0.9868421052631579,0.9668874172185431
beatles/beatles_04_Beatles_for_Sale_13_What_Youre_Doing/track.npy,beatles,0.9870967741935484,0.9871794871794872,0.9870967741935484,0.9871794871794872,0.6544089658555483,0.6758866496191338,0.9935064935064934,0.9935483870967742
beatles/beatles_05_Help_04_I_Need_You/track.npy,beatles,1.0,1.0,1.0,1.0,0.8649548002781541,0.8529733573502485,1.0,1.0
beatles/beatles_06_Rubber_Soul_05_Think_For_Yourself/track.npy,beatles,1.0,1.0,1.0,1.0,0.8879797707308608,0.8754657815724246,1.0,1.0
beatles/beatles_06_Rubber_Soul_11_In_My_Life/track.npy,beatles,1.0,1.0,1.0,1.0,0.8960531999404716,0.8878656370070789,1.0,1.0
beatles/beatles_07_Revolver_04_Love_You_To/track.npy,beatles,0.8835820895522388,0.3488372093023256,0.8835820895522388,0.3488372093023256,0.8581068868252009,0.39721515243080724,0.9065849923430321,0.42767295597484273
beatles/beatles_07_Revolver_13_Got_To_Get_You_Into_My_Life/track.npy,beatles,0.9905660377358491,0.9875,0.9905660377358491,0.9875,0.9246026936458069,0.9247477151776144,0.9952606635071091,0.9937106918238994
beatles/beatles_08_Sgt_Peppers_Lonely_Hearts_Club_Band_13_A_Day_In_The_Life/track.npy,beatles,0.5629139072847682,0.3583815028901734,0.5629139072847682,0.2755905511811024,0.6839324412125649,0.6081801900470978,0.7490542244640604,0.616822429906542
beatles/beatles_09_Magical_Mystery_Tour_05_Your_Mother_Should_Know/track.npy,beatles,0.9926470588235294,0.855072463768116,0.9926470588235294,0.855072463768116,0.8208107873158417,0.7444106707281377,0.996309963099631,0.8970588235294118
beatles/beatles_09_Magical_Mystery_Tour_09_Penny_Lane/track.npy,beatles,0.990506329113924,1.0,0.990506329113924,1.0,0.7091237912610158,0.7203228843162988,0.9952305246422893,1.0
beatles/beatles_10_CD1_The_Beatles_14_Dont_Pass_Me_By/track.npy,beatles,0.9904458598726115,0.7777777777777778,0.9904458598726115,0.7777777777777778,0.9243710654646661,0.7641863632786695,0.9968051118210862,0.8427672955974842
beatles/beatles_10_CD2_The_Beatles_05_Sexy_Sadie/track.npy,beatles,0.6206896551724138,0.9152542372881356,0.6206896551724138,0.9152542372881356,0.8605761140679133,0.8416108249239846,0.8952380952380952,0.8793103448275862
beatles/beatles_10_CD2_The_Beatles_07_Long_Long_Long/track.npy,beatles,0.9693486590038314,0.9655172413793104,0.9693486590038314,0.9655172413793104,0.9388105110073935,0.946626135762756,0.9787234042553192,0.9826589595375722
beatles/beatles_11_Abbey_Road_05_Octopuss_Garden/track.npy,beatles,0.9959839357429718,0.9516129032258065,0.9959839357429718,0.0,0.9555191112274737,0.7665820747871475,0.9979879275653923,0.6451612903225807
beatles/beatles_11_Abbey_Road_07_Here_Comes_The_Sun/track.npy,beatles,0.7924528301886793,0.6964285714285714,0.7924528301886793,0.6964285714285714,0.897794883765026,0.787690299924344,0.9439601494396015,0.821256038647343
beatles/beatles_12_Let_It_Be_08_Ive_Got_A_Feeling/track.npy,beatles,0.9822064056939501,0.9714285714285714,0.9822064056939501,0.9714285714285714,0.8609105915687937,0.8443396813659323,0.992831541218638,0.9857142857142858
candombe/csic.1995_ansina1_05/track.npy,candombe,0.9968253968253968,1.0,0.9968253968253968,1.0,0.9822483004717744,0.9834320472303294,0.9984126984126984,1.0
candombe/csic.1995_cuareim_04/track.npy,candombe,0.9972789115646259,0.9837837837837838,0.9972789115646259,0.9837837837837838,0.9783345766836864,0.9726009402485226,0.998639455782313,0.9918699186991871
candombe/proyecto.1992_pelado_05/track.npy,candombe,0.9955257270693513,0.9553571428571429,0.9955257270693513,0.9553571428571429,0.9563459897940689,0.935597138543372,0.9966405375139977,0.9642857142857143
candombe/zavala.muniz.2014_45/track.npy,candombe,1.0,1.0,1.0,1.0,0.9384324911692842,0.9403777195895683,1.0,1.0
filosax/filosax_10/track.npy,filosax,0.9863481228668942,0.9954545454545455,0.9863481228668942,0.9954545454545455,0.916965563328452,0.9104188221010184,0.9908883826879271,0.9886104783599089
filosax/filosax_16/track.npy,filosax,0.9981006647673314,0.9924242424242424,0.9981006647673314,0.9924242424242424,0.9644035334036655,0.956545255416201,0.9995249406175772,0.9962121212121212
filosax/filosax_17/track.npy,filosax,0.9879432624113476,0.9206798866855525,0.9879432624113476,0.9206798866855525,0.9384474174923032,0.875393807190093,0.9943100995732576,0.9261363636363635
filosax/filosax_30/track.npy,filosax,0.9828571428571429,0.9485714285714286,0.9828571428571429,0.9485714285714286,0.935557011399804,0.8869464695530616,0.9967776584317938,0.9570200573065902
filosax/filosax_33/track.npy,filosax,0.9976377952755906,0.9779874213836478,0.9976377952755906,0.9779874213836478,0.9365686373039668,0.9214435839713727,0.9984251968503937,0.9842271293375394
filosax/filosax_47/track.npy,filosax,0.9907473309608541,0.9403409090909091,0.9907473309608541,0.9403409090909091,0.9199259019045216,0.8583041420130717,0.9992877492877492,0.9445234708392604
groove_midi/drummer1_session1_101_dance-disco_120_beat_4-4/track.npy,groove_midi,0.9975369458128078,1.0,0.9975369458128078,1.0,0.9237801720002501,0.9159811366944465,0.9987669543773119,1.0
groove_midi/drummer1_session1_146_latin-brazilian-baiao_95_beat_4-4/track.npy,groove_midi,0.9668674698795181,0.8795180722891566,0.9668674698795181,0.8795180722891566,0.8800578649364377,0.8450996970599695,0.9698795180722891,0.9090909090909091
groove_midi/drummer1_session1_49_jazz_125_beat_4-4/track.npy,groove_midi,0.978448275862069,0.6666666666666666,0.978448275862069,0.6666666666666666,0.9386110071018474,0.7237880173154826,0.9891540130151844,0.7592592592592592
groove_midi/drummer1_session1_4_jazz-funk_116_beat_4-4/track.npy,groove_midi,0.9928057553956835,1.0,0.9928057553956835,1.0,0.9485241158746106,0.9423048866392228,0.996389891696751,1.0
groove_midi/drummer1_session2_7_jazz-march_88_beat_4-4/track.npy,groove_midi,0.7610062893081762,0.475,0.7610062893081762,0.475,0.8525895286644088,0.5214765337423496,0.9235880398671096,0.5695364238410596
groove_midi/drummer1_session2_8_jazz-march_176_beat_4-4/track.npy,groove_midi,0.8394495412844036,0.7647058823529411,0.07901234567901234,0.009900990099009901,0.780057228471146,0.6512793440793345,0.6998394863563403,0.5637583892617449
groove_midi/drummer1_session2_90_funk-rock_92_beat_4-4/track.npy,groove_midi,0.9943181818181818,0.9772727272727273,0.9943181818181818,0.0,0.9459710218396483,0.4745967161640762,0.9971509971509972,0.0
groove_midi/drummer1_session3_7_dance-disco_120_beat_4-4/track.npy,groove_midi,0.9813084112149533,0.8888888888888888,0.9813084112149533,0.8888888888888888,0.9404640827571727,0.9026238278108591,0.9953051643192489,0.9433962264150944
groove_midi/drummer3_session1_14_rock_120_beat_4-4/track.npy,groove_midi,0.9743589743589743,0.0,0.9743589743589743,0.0,0.9135998387905059,7.236722293302605e-32,0.9870129870129869,0.0
groove_midi/drummer3_session1_1_rock_105_beat_4-4/track.npy,groove_midi,0.9916666666666667,0.9666666666666667,0.9916666666666667,0.9666666666666667,0.8253853107936265,0.789545316312892,0.99581589958159,0.983050847457627
groove_midi/drummer3_session1_22_jazz_120_beat_4-4/track.npy,groove_midi,0.20512820512820512,0.15,0.20512820512820512,0.15,0.3300229501497767,0.17817541720425872,0.41025641025641024,0.20512820512820512
groove_midi/drummer3_session2_26_hiphop_92_beat_4-4/track.npy,groove_midi,1.0,1.0,1.0,1.0,0.8923477060886595,0.9193276268178052,1.0,1.0
groove_midi/drummer3_session2_6_rock_100_beat_4-4/track.npy,groove_midi,0.25,0.42857142857142855,0.25,0.42857142857142855,0.17257270831388163,0.10918281395852605,0.25,0.14285714285714285
groove_midi/drummer5_eval_session_2_funk-groove2_105_beat_4-4/track.npy,groove_midi,0.9821428571428571,0.9285714285714286,0.9821428571428571,0.9285714285714286,0.9027019478244379,0.863379376124355,0.9909909909909909,0.962962962962963
groove_midi/drummer5_eval_session_6_hiphop-groove6_87_beat_4-4/track.npy,groove_midi,1.0,1.0,1.0,1.0,0.941565546533843,0.9179865010440871,1.0,1.0
groove_midi/drummer5_session1_3_latin-brazilian-samba_89_beat_4-4/track.npy,groove_midi,0.9964912280701754,0.9027777777777778,0.9964912280701754,0.9027777777777778,0.9403173209746173,0.8571806829219558,0.9982425307557118,0.9090909090909091
groove_midi/drummer5_session1_9_latin-dominican-merengue_130_beat_4-4/track.npy,groove_midi,0.9969512195121951,0.9085365853658537,0.9969512195121951,0.9085365853658537,0.9528446846218809,0.8751007639702715,0.998473282442748,0.9174311926605505
groove_midi/drummer5_session2_20_latin-brazilian-ijexa_108_beat_4-4/track.npy,groove_midi,1.0,0.8333333333333334,1.0,0.0,0.9374884433950854,0.431920140546301,1.0,0.0
groove_midi/drummer5_session2_23_latin-brazilian-songo_120_beat_4-4/track.npy,groove_midi,0.7921348314606742,0.3488372093023256,0.7921348314606742,0.045454545454545456,0.7497209021111086,0.3400143873981021,0.8409090909090909,0.2077922077922078
groove_midi/drummer5_session2_5_reggae_126_beat_4-4/track.npy,groove_midi,0.9815789473684211,0.0,0.9815789473684211,0.0,0.9194731304618828,1.5216040293958502e-28,0.9907038512616202,0.0
groove_midi/drummer5_session2_9_neworleans-shuffle_104_beat_4-4/track.npy,groove_midi,0.9908256880733946,1.0,0.9908256880733946,1.0,0.8643789109282761,0.8857444581501425,0.9953917050691244,1.0
groove_midi/drummer7_eval_session_4_soul-groove4_80_beat_4-4/track.npy,groove_midi,1.0,1.0,1.0,1.0,0.8510849446923359,0.858465812596788,1.0,1.0
groove_midi/drummer7_session1_10_rock_93_beat_4-4/track.npy,groove_midi,1.0,1.0,1.0,1.0,0.8531879615533654,0.8552197879591933,1.0,1.0
groove_midi/drummer7_session1_11_rock_93_beat_4-4/track.npy,groove_midi,0.9565217391304348,0.43478260869565216,0.9565217391304348,0.43478260869565216,0.8957698787527584,0.5021787824288364,0.9777777777777777,0.4444444444444445
groove_midi/drummer7_session1_17_hiphop_100_beat_4-4/track.npy,groove_midi,0.9548872180451128,0.3333333333333333,0.9548872180451128,0.3333333333333333,0.8614070227819877,0.43373265875196987,0.958490566037736,0.39999999999999997
groove_midi/drummer7_session1_18_hiphop_100_beat_4-4/track.npy,groove_midi,0.9642857142857143,0.8571428571428571,0.9642857142857143,0.8571428571428571,0.9313809740280478,0.8506381577266483,0.9818181818181818,0.923076923076923
groove_midi/drummer7_session2_106_soul-motown_104_beat_4-4/track.npy,groove_midi,1.0,1.0,1.0,1.0,0.8873050279280016,0.8922898638201499,1.0,1.0
groove_midi/drummer7_session2_108_soul-motown_104_beat_4-4/track.npy,groove_midi,0.9866666666666667,1.0,0.9866666666666667,1.0,0.871964770037303,0.8946935774544875,0.9932885906040269,1.0
groove_midi/drummer7_session2_113_jazz-fusion_96_beat_4-4/track.npy,groove_midi,1.0,1.0,1.0,1.0,0.9543855544885126,0.9443849384877387,1.0,1.0
groove_midi/drummer7_session2_26_rock_118_beat_4-4/track.npy,groove_midi,0.9833333333333333,1.0,0.9833333333333333,1.0,0.8316808638711419,0.8398723550123541,0.9915966386554621,1.0
groove_midi/drummer7_session2_53_rock_135_beat_4-4/track.npy,groove_midi,1.0,1.0,1.0,1.0,0.8788721697705218,0.8816163939264067,1.0,1.0
groove_midi/drummer7_session2_54_soul-motown_148_beat_4-4/track.npy,groove_midi,0.0163265306122449,1.0,0.0,1.0,0.05414258530842074,0.03695984871425022,0.0,0.0
groove_midi/drummer7_session2_93_hiphop_75_beat_4-4/track.npy,groove_midi,0.9622641509433962,1.0,0.0,0.0,0.7593123735192406,0.8080031786206511,0.6582278481012659,0.7000000000000001
groove_midi/drummer7_session3_109_rock_95_beat_4-4/track.npy,groove_midi,0.9830508474576272,0.7142857142857143,0.9830508474576272,0.0,0.922445174139495,0.3583471970959377,0.9914529914529915,0.0
groove_midi/drummer7_session3_1_rock_60_beat_4-4/track.npy,groove_midi,0.9866666666666667,0.9473684210526315,0.9866666666666667,0.9473684210526315,0.8923033591648762,0.8557743796199386,0.9866666666666668,0.972972972972973
groove_midi/drummer7_session3_92_hiphop_70_beat_4-4/track.npy,groove_midi,0.9873417721518988,1.0,0.9873417721518988,1.0,0.903533675693845,0.9174391656908597,0.9968253968253968,1.0
groove_midi/drummer8_eval_session_2_funk-groove2_105_beat_4-4/track.npy,groove_midi,0.9821428571428571,0.9285714285714286,0.9821428571428571,0.9285714285714286,0.9306385719427128,0.9225384455987918,0.9909909909909909,0.962962962962963
groove_midi/drummer8_eval_session_3_soul-groove3_86_beat_4-4/track.npy,groove_midi,1.0,1.0,1.0,1.0,0.9654476089752259,0.9524993176236,1.0,1.0
groove_midi/drummer8_session1_21_rock-shuffle_112_beat_4-4/track.npy,groove_midi,0.988,0.9206349206349206,0.988,0.9206349206349206,0.8716211472287124,0.8337164603451357,0.9919678714859438,0.944
groove_midi/drummer8_session1_27_latin_122_beat_4-4/track.npy,groove_midi,0.9974293059125964,0.5979381443298969,0.9974293059125964,0.5979381443298969,0.9399098242527255,0.6043537486057822,0.9987129987129987,0.6557377049180328
groove_midi/drummer9_session1_1_rock_100_beat_4-4/track.npy,groove_midi,0.9722222222222222,0.5555555555555556,0.9722222222222222,0.5555555555555556,0.9255196792357361,0.5933050293788538,0.9859154929577464,0.5555555555555556
groove_midi/drummer9_session1_28_rock_90_beat_4-4/track.npy,groove_midi,1.0,1.0,0.0,0.0,0.7647312266573334,0.7664655341480797,0.6721311475409836,0.6875000000000001
guitarset/00_BN1-129-Eb_comp_mix/track.npy,guitarset,1.0,1.0,1.0,1.0,0.9643030577975367,0.9596448118912994,1.0,1.0
guitarset/00_BN3-119-G_comp_mix/track.npy,guitarset,0.8148148148148148,0.6923076923076923,0.8148148148148148,0.6923076923076923,0.8563663895843315,0.7076127843814237,0.8846153846153846,0.7199999999999999
guitarset/00_Funk1-114-Ab_comp_mix/track.npy,guitarset,0.55,0.5555555555555556,0.55,0.5555555555555556,0.6338216832064666,0.10780288016774228,0.6923076923076923,0.11764705882352941
guitarset/00_Funk3-112-C#_comp_mix/track.npy,guitarset,1.0,1.0,1.0,1.0,0.9597398967846101,0.973569913821427,1.0,1.0
guitarset/00_Funk3-98-A_comp_mix/track.npy,guitarset,0.7796610169491526,0.5714285714285714,0.7796610169491526,0.0,0.7441076711062479,0.44872148760227926,0.8421052631578948,0.4
guitarset/00_SS2-88-F_comp_mix/track.npy,guitarset,0.9824561403508771,0.8666666666666667,0.9824561403508771,0.8666666666666667,0.866521030161544,0.8328018613206104,0.9911504424778761,0.9655172413793104
guitarset/00_SS3-84-Bb_comp_mix/track.npy,guitarset,0.9649122807017544,1.0,0.9649122807017544,1.0,0.7577992611477914,0.8267597248431632,0.9734513274336283,1.0
guitarset/01_BN2-131-B_comp_mix/track.npy,guitarset,1.0,1.0,1.0,1.0,0.9389707300372584,0.9490331376064568,1.0,1.0
guitarset/01_Funk3-112-C#_comp_mix/track.npy,guitarset,0.9074074074074074,0.7692307692307693,0.9074074074074074,0.7692307692307693,0.93105770754088,0.8400375178372889,0.9714285714285714,0.8799999999999999
guitarset/01_Jazz2-110-Bb_comp_mix/track.npy,guitarset,1.0,1.0,1.0,1.0,0.9285770300320935,0.9350522717375029,1.0,1.0
guitarset/02_BN3-119-G_comp_mix/track.npy,guitarset,0.9818181818181818,0.9285714285714286,0.9818181818181818,0.9285714285714286,0.9647066399140609,0.9454105668673941,0.9908256880733944,0.962962962962963
guitarset/02_Funk3-112-C#_comp_mix/track.npy,guitarset,1.0,1.0,1.0,1.0,0.9485801279601893,0.9370984050425866,1.0,1.0
guitarset/03_BN3-154-E_comp_mix/track.npy,guitarset,1.0,1.0,1.0,1.0,0.928605029919954,0.9185016799429876,1.0,1.0
guitarset/03_Funk3-98-A_comp_mix/track.npy,guitarset,0.9821428571428571,0.9285714285714286,0.9821428571428571,0.9285714285714286,0.9382392445606592,0.9220069647497254,0.9909909909909909,0.962962962962963
guitarset/03_Rock3-117-Bb_comp_mix/track.npy,guitarset,1.0,1.0,1.0,1.0,0.9595176083442547,0.9538664871771998,1.0,1.0
guitarset/03_SS1-100-C#_comp_mix/track.npy,guitarset,0.974025974025974,1.0,0.012987012987012988,1.0,0.7991899450817996,0.8509384754641898,0.6724137931034482,0.8888888888888888
guitarset/04_BN2-166-Ab_comp_mix/track.npy,guitarset,1.0,1.0,1.0,1.0,0.8697384389008945,0.8589760000982891,1.0,1.0
guitarset/04_Funk2-108-Eb_comp_mix/track.npy,guitarset,1.0,1.0,1.0,1.0,0.9688798166619716,0.9772137404084469,1.0,1.0
guitarset/04_Jazz1-200-B_comp_mix/track.npy,guitarset,1.0,1.0,1.0,1.0,0.9341463468743456,0.9419461915046182,1.0,1.0
guitarset/04_Jazz3-137-Eb_comp_mix/track.npy,guitarset,0.9811320754716981,0.7692307692307693,0.9811320754716981,0.7692307692307693,0.9266511464659114,0.7874428535663233,0.9904761904761905,0.8461538461538461
guitarset/04_Rock1-130-A_comp_mix/track.npy,guitarset,1.0,1.0,1.0,1.0,0.9654149335451594,0.9743305632892384,1.0,1.0
guitarset/04_Rock1-90-C#_comp_mix/track.npy,guitarset,0.975609756097561,0.9090909090909091,0.975609756097561,0.9090909090909091,0.8889205466267096,0.8006423007763788,0.9876543209876543,0.9523809523809523
guitarset/04_SS2-107-Ab_comp_mix/track.npy,guitarset,0.9821428571428571,0.8571428571428571,0.9821428571428571,0.8571428571428571,0.9112736527563627,0.8148857127708183,0.9909909909909909,0.888888888888889
hainsworth/hainsworth_007/track.npy,hainsworth,0.9661016949152542,0.1111111111111111,0.9661016949152542,0.0,0.7859378840548236,0.10497811356795483,0.94017094017094,0.08695652173913043
hainsworth/hainsworth_010/track.npy,hainsworth,1.0,0.36666666666666664,1.0,0.36666666666666664,0.9045401550836075,0.5448476695893048,1.0,0.5818181818181818
hainsworth/hainsworth_036/track.npy,hainsworth,0.987012987012987,0.95,0.987012987012987,0.95,0.938375065230537,0.9178402366896825,0.9934640522875817,0.9743589743589743
hainsworth/hainsworth_050/track.npy,hainsworth,1.0,1.0,1.0,1.0,0.9644027379386113,0.9625367187554268,1.0,1.0
hainsworth/hainsworth_054/track.npy,hainsworth,0.9791666666666666,1.0,0.9791666666666666,1.0,0.938287442600942,0.9733619187753729,0.9842931937172775,1.0
hainsworth/hainsworth_062/track.npy,hainsworth,0.9925373134328358,0.9777777777777777,0.9925373134328358,0.9777777777777777,0.939838191640843,0.9421474382634458,0.9962546816479401,0.9887640449438202
hainsworth/hainsworth_068/track.npy,hainsworth,0.9891304347826086,0.9565217391304348,0.9891304347826086,0.9565217391304348,0.9743887430458948,0.9647044499128508,0.994535519125683,0.9777777777777777
hainsworth/hainsworth_113/track.npy,hainsworth,0.9948453608247423,1.0,0.9948453608247423,1.0,0.9518296775558934,0.94862208710097,0.9974160206718347,1.0
hainsworth/hainsworth_117/track.npy,hainsworth,1.0,1.0,1.0,1.0,0.9633426614789559,0.9656836323790742,1.0,1.0
hainsworth/hainsworth_118/track.npy,hainsworth,0.9944444444444445,0.9555555555555556,0.9944444444444445,0.9555555555555556,0.9658291365571676,0.9179255206217906,0.9972144846796658,0.9555555555555556
hainsworth/hainsworth_140/track.npy,hainsworth,0.5625,0.375,0.5625,0.375,0.580253769437831,0.6084154644280945,0.7213114754098361,0.6666666666666666
hainsworth/hainsworth_150/track.npy,hainsworth,0.8360655737704918,0.6,0.8360655737704918,0.6,0.8785212214103869,0.720602285593386,0.912280701754386,0.7407407407407408
hainsworth/hainsworth_162/track.npy,hainsworth,0.974025974025974,0.8947368421052632,0.974025974025974,0.8947368421052632,0.9690796526256111,0.9455730543958786,0.9934640522875817,0.972972972972973
hainsworth/hainsworth_165/track.npy,hainsworth,1.0,1.0,1.0,1.0,0.9651984352710441,0.9530637804327876,1.0,1.0
hainsworth/hainsworth_174/track.npy,hainsworth,1.0,0.5,1.0,0.4230769230769231,0.9658659678117213,0.5513385895786431,1.0,0.47058823529411764
hainsworth/hainsworth_176/track.npy,hainsworth,1.0,1.0,1.0,1.0,0.9619812616193534,0.9563470749235794,1.0,1.0
hainsworth/hainsworth_180/track.npy,hainsworth,1.0,1.0,1.0,1.0,0.9837034201575039,0.9887137555919052,1.0,1.0
hainsworth/hainsworth_181/track.npy,hainsworth,1.0,1.0,1.0,1.0,0.9615955555854083,0.9586369155756748,1.0,1.0
hainsworth/hainsworth_185/track.npy,hainsworth,1.0,1.0,1.0,1.0,0.9785628419622087,0.9802594022647907,1.0,1.0
hainsworth/hainsworth_186/track.npy,hainsworth,1.0,1.0,1.0,1.0,0.9845091736402451,0.9793936939226027,1.0,1.0
hainsworth/hainsworth_189/track.npy,hainsworth,0.2905982905982906,0.13333333333333333,0.0,0.0,0.5549991746160832,0.42162545520693273,0.546583850931677,0.32558139534883723
hainsworth/hainsworth_202/track.npy,hainsworth,0.4444444444444444,0.4444444444444444,0.38372093023255816,0.38095238095238093,0.7055660514385456,0.7400620924784155,0.8137931034482759,0.8
hainsworth/hainsworth_221/track.npy,hainsworth,0.8428571428571429,0.2222222222222222,0.8428571428571429,0.2222222222222222,0.6438766459516893,0.22545513314836896,0.8467153284671534,0.26666666666666666
hainsworth/hainsworth_222/track.npy,hainsworth,1.0,0.4666666666666667,1.0,0.4666666666666667,0.9683322488302999,0.817905120158395,1.0,0.846153846153846
hainsworth/hainsworth_225/track.npy,hainsworth,0.2872340425531915,0.6666666666666666,0.2872340425531915,0.6666666666666666,0.2810755902514041,0.26339914613972265,0.3135135135135135,0.2978723404255319
hainsworth/hainsworth_228/track.npy,hainsworth,1.0,1.0,1.0,1.0,0.9736686082742004,0.9734105026055537,1.0,1.0
hainsworth/hainsworth_237/track.npy,hainsworth,1.0,0.8695652173913043,1.0,0.8695652173913043,0.9843589927270666,0.9416162172720306,1.0,0.9545454545454545
hainsworth/hainsworth_242/track.npy,hainsworth,1.0,0.0,1.0,0.0,0.9317902719447193,1.0360806277002508e-32,1.0,0.0
harmonix/0005_again/track.npy,harmonix,0.9860788863109049,1.0,0.9860788863109049,1.0,0.9400825998674217,0.9481335142179602,0.9941656942823804,1.0
harmonix/0012_aroundtheworld/track.npy,harmonix,1.0,0.5945945945945946,1.0,0.5945945945945946,0.7612941278951677,0.4655713383825418,1.0,0.6081081081081081
harmonix/0014_babaoriley/track.npy,harmonix,0.8373590982286635,0.532051282051282,0.8373590982286635,0.532051282051282,0.8792658591339463,0.6255377427011144,0.9102880658436214,0.6458333333333334
harmonix/0015_babygotback/track.npy,harmonix,1.0,1.0,1.0,1.0,0.9725079088474348,0.979078323066885,1.0,1.0
harmonix/0020_becauseofyou/track.npy,harmonix,0.9798850574712644,0.9885057471264368,0.9798850574712644,0.9885057471264368,0.96940072030133,0.9802305095427563,0.9898403483309144,0.9942196531791908
harmonix/0023_bewareoftheboys/track.npy,harmonix,0.5394190871369294,0.55,0.5394190871369294,0.55,0.5273561499739473,0.4266430573461306,0.5690376569037657,0.5137614678899083
harmonix/0028_blackmagic/track.npy,harmonix,0.5350404312668463,0.3710691823899371,0.5350404312668463,0.3710691823899371,0.5836499691414132,0.3518066771088121,0.6859205776173285,0.41830065359477125
harmonix/0053_commander/track.npy,harmonix,1.0,0.7258064516129032,1.0,0.7258064516129032,0.8760054837556205,0.6539161994423797,1.0,0.7479674796747967
harmonix/0054_conceited/track.npy,harmonix,0.9957264957264957,0.8983050847457628,0.9957264957264957,0.8983050847457628,0.8706783612132911,0.8083682630167184,0.9978586723768736,0.9152542372881356
harmonix/0074_djgotusfallininlove/track.npy,harmonix,1.0,1.0,1.0,1.0,0.7347592706576307,0.7233124066116308,1.0,1.0
harmonix/0088_everybody/track.npy,harmonix,1.0,1.0,1.0,1.0,0.9619411229480773,0.9581040613641348,1.0,1.0
harmonix/0090_fearofthedarklive/track.npy,harmonix,0.7903391572456321,0.7366255144032922,0.7903391572456321,0.7366255144032922,0.8707496505328094,0.8020682853568841,0.9076262083780883,0.8318965517241379
harmonix/0099_forgetyou/track.npy,harmonix,0.9144736842105263,0.8070175438596491,0.9144736842105263,0.8070175438596491,0.9017979677767008,0.8282359529425378,0.933920704845815,0.8545454545454546
harmonix/0106_getitshawty/track.npy,harmonix,0.996415770609319,1.0,0.996415770609319,1.0,0.8563256501464359,0.8794747298290732,0.9982046678635548,1.0
harmonix/0109_geturfreakon/track.npy,harmonix,0.49217002237136465,0.38738738738738737,0.3413173652694611,0.36,0.7796651780425837,0.7127835441172508,0.8028673835125447,0.732824427480916
harmonix/0110_girlsandboys/track.npy,harmonix,1.0,1.0,1.0,1.0,0.8885091822936694,0.8951723524434797,1.0,1.0
harmonix/0111_girlsonfilm/track.npy,harmonix,0.9977876106194691,0.6754385964912281,0.9977876106194691,0.6754385964912281,0.9625642839962835,0.660086524026782,0.9988925802879292,0.6929824561403509
harmonix/0117_goodmorningblackfriday/track.npy,harmonix,0.4798951048951049,0.2980392156862745,0.4798951048951049,0.2980392156862745,0.5592745796700422,0.3538391696138948,0.6682091624248033,0.41059602649006616
harmonix/0123_heavyduty/track.npy,harmonix,0.9316239316239316,0.7674418604651163,0.9316239316239316,0.7674418604651163,0.9150876032048374,0.776612194450416,0.9665211062590976,0.8187134502923977
harmonix/0132_iceicebaby/track.npy,harmonix,1.0,1.0,1.0,1.0,0.8819983690216111,0.9026754526031769,1.0,1.0
harmonix/0133_ifeellove/track.npy,harmonix,0.9974160206718347,1.0,0.9974160206718347,1.0,0.9649557926281485,0.9685735285120919,0.9987063389391979,1.0
harmonix/0176_megasus/track.npy,harmonix,0.975609756097561,0.9548872180451128,0.975609756097561,0.9548872180451128,0.844434361357313,0.8271470147538683,0.9877934272300469,0.9774436090225563
harmonix/0189_neversaynever/track.npy,harmonix,0.9943820224719101,0.9887640449438202,0.9943820224719101,0.9887640449438202,0.9338754129411199,0.962936806066322,0.9943661971830987,0.9943502824858756
harmonix/0195_nookie/track.npy,harmonix,0.816933638443936,0.8316831683168316,0.816933638443936,0.8316831683168316,0.7189443451509383,0.7083802619874144,0.9128834355828221,0.8775510204081632
harmonix/0209_paparazzi/track.npy,harmonix,0.9948186528497409,0.9587628865979382,0.9948186528497409,0.9587628865979382,0.9702683618885228,0.9373963688480828,0.9974093264248705,0.9740932642487047
harmonix/0212_peoplegotalotofnerve/track.npy,harmonix,0.9936908517350158,0.8641975308641975,0.9936908517350158,0.8641975308641975,0.8512925296632643,0.7434680281702962,0.9984202211690364,0.8999999999999999
harmonix/0214_planetrock/track.npy,harmonix,0.9924812030075187,0.9849246231155779,0.9924812030075187,0.9849246231155779,0.9729879996851453,0.9641050254427894,0.9974905897114178,0.9899497487437185
harmonix/0215_pointofknowreturn/track.npy,harmonix,0.7506112469437652,0.2803738317757009,0.7506112469437652,0.2803738317757009,0.6894601008557695,0.39844834427912085,0.8946684005201561,0.5111111111111112
harmonix/0218_policyoftruth/track.npy,harmonix,0.9250398724082934,0.5419354838709678,0.9250398724082934,0.5419354838709678,0.7846980261283311,0.49255405781600725,0.9469453376205789,0.5602605863192183
harmonix/0220_promiscuous/track.npy,harmonix,1.0,1.0,1.0,1.0,0.8499520443623729,0.8487572956908017,1.0,1.0
harmonix/0245_sayhey/track.npy,harmonix,0.9971264367816092,1.0,0.9971264367816092,1.0,0.9786046106052494,0.9833871310047585,0.9985611510791367,1.0
harmonix/0268_supersonic/track.npy,harmonix,0.9818731117824774,0.891566265060241,0.9818731117824774,0.891566265060241,0.891584734074224,0.8106861041598098,0.9833080424886191,0.9212121212121213
harmonix/0269_sweettalk/track.npy,harmonix,1.0,1.0,0.0,0.0,0.8070146172845957,0.8117241082057984,0.665871121718377,0.6698564593301435
harmonix/0270_takeovercontrol/track.npy,harmonix,0.9930875576036866,0.9908256880733946,0.9930875576036866,0.9908256880733946,0.9768753356004325,0.972169325146251,0.9965317919075144,0.9953917050691244
harmonix/0285_thekill/track.npy,harmonix,0.9651162790697675,0.9565217391304348,0.9651162790697675,0.9565217391304348,0.9616854487662063,0.8413880882527166,0.9817916970138384,0.8558951965065502
harmonix/0296_transmaniaconmc/track.npy,harmonix,0.9891774891774892,0.8165137614678899,0.9891774891774892,0.8165137614678899,0.9225083104995927,0.8105480100439039,0.9924160346695557,0.8663594470046083
harmonix/0297_troublecomesrunning/track.npy,harmonix,0.9922178988326849,0.703125,0.9922178988326849,0.703125,0.862939666146412,0.8133679206863649,0.99609375,0.9152542372881356
harmonix/0305_wenospeakamericano/track.npy,harmonix,0.9923664122137404,0.9692307692307692,0.9923664122137404,0.9692307692307692,0.8606105007527173,0.8365925660767389,0.9980879541108987,0.9846153846153847
harmonix/0306_werunthis/track.npy,harmonix,1.0,1.0,1.0,1.0,0.9458890753734696,0.9288826868225045,1.0,1.0
harmonix/0323_yeah/track.npy,harmonix,1.0,1.0,1.0,1.0,0.9396322506795882,0.922273719473134,1.0,1.0
harmonix/0335_allyourlife/track.npy,harmonix,0.75,0.703125,0.14072494669509594,0.1282051282051282,0.7868148567673354,0.7513865981183857,0.7203274215552523,0.6961325966850829
harmonix/0336_alonewithyou/track.npy,harmonix,0.9886363636363636,0.9886363636363636,0.9886363636363636,0.9886363636363636,0.9593897765138664,0.9544063197057541,0.9942857142857142,0.9942857142857142
harmonix/0375_dynamite/track.npy,harmonix,0.992822966507177,1.0,0.992822966507177,1.0,0.9814435955360682,0.9841356884310124,0.9963985594237695,1.0
harmonix/0380_everybodytalks/track.npy,harmonix,0.9932279909706546,0.9272727272727272,0.9932279909706546,0.9272727272727272,0.9630673593442195,0.9024677965673211,0.9966101694915254,0.9363636363636364
harmonix/0386_footloose/track.npy,harmonix,0.9867330016583747,0.9933774834437086,0.9867330016583747,0.9933774834437086,0.784711262488571,0.7960137155585003,0.9991701244813278,0.9966777408637874
harmonix/0387_free/track.npy,harmonix,0.9892933618843683,0.9051724137931034,0.9892933618843683,0.9051724137931034,0.9771746931683423,0.9031988764182884,0.9946178686759958,0.9224137931034483
harmonix/0391_givemeallyourluvin/track.npy,harmonix,0.6997885835095138,0.6974789915966386,0.6997885835095138,0.6974789915966386,0.9015278912312106,0.8920896968767276,0.9167616875712657,0.9090909090909091
harmonix/0402_herestous/track.npy,harmonix,0.9912280701754386,1.0,0.9912280701754386,1.0,0.959185902451711,0.9576098010927595,0.9955947136563876,1.0
harmonix/0407_humpinaround/track.npy,harmonix,0.997872340425532,1.0,0.997872340425532,1.0,0.523158700536163,0.5190608116428597,0.9989350372736955,1.0
harmonix/0432_letsgo/track.npy,harmonix,0.9847494553376906,0.9385964912280702,0.9847494553376906,0.9385964912280702,0.9784136221740194,0.9327756168096786,0.9923329682365826,0.9473684210526315
harmonix/0434_lights/track.npy,harmonix,0.9951100244498777,1.0,0.9951100244498777,1.0,0.8075673516999587,0.7951125589266759,0.9975490196078431,1.0
harmonix/0444_maybe/track.npy,harmonix,0.9962121212121212,1.0,0.9962121212121212,1.0,0.9707941504113001,0.9729679513386275,0.9981024667931689,1.0
harmonix/0449_misery/track.npy,harmonix,0.9768115942028985,0.9883720930232558,0.9768115942028985,0.9883720930232558,0.9113143993243993,0.9087120072034104,0.9882697947214076,0.9941520467836257
harmonix/0477_poundthealarm/track.npy,harmonix,0.9926470588235294,1.0,0.9926470588235294,1.0,0.8630192752632437,0.8605936369628762,0.996309963099631,1.0
harmonix/0480_raiseyourglass/track.npy,harmonix,0.9974747474747475,0.8585858585858586,0.9974747474747475,0.8585858585858586,0.9435441477808603,0.8199919677334828,0.9962073324905184,0.8686868686868688
harmonix/0482_redsolocup/track.npy,harmonix,0.925,0.9142857142857143,0.925,0.9142857142857143,0.8151909532556686,0.7827537770261037,0.9534246575342467,0.9197080291970803
harmonix/0485_rollinginthedeep/track.npy,harmonix,0.9948320413436692,1.0,0.9948320413436692,1.0,0.9788440247252996,0.980971467800961,0.9974093264248705,1.0
harmonix/0498_springsteen/track.npy,harmonix,0.9617977528089887,0.963963963963964,0.9617977528089887,0.963963963963964,0.9518605481984698,0.9520191534447674,0.9805269186712485,0.9816513761467891
harmonix/0501_stayawhile/track.npy,harmonix,0.8963414634146342,0.9024390243902439,0.8963414634146342,0.9024390243902439,0.9169285085592052,0.8867526140964932,0.9488372093023256,0.9135802469135802
harmonix/0528_werunthenight/track.npy,harmonix,1.0,1.0,1.0,1.0,0.9294626978575845,0.9241841313609201,1.0,1.0
harmonix/0537_writteninthestars/track.npy,harmonix,0.9901639344262295,1.0,0.9901639344262295,1.0,0.9035085185761962,0.9298429943443248,0.9950576606260296,1.0
harmonix/0544_yougottabe/track.npy,harmonix,0.9435483870967742,0.925531914893617,0.9435483870967742,0.925531914893617,0.798270364571868,0.8027051110896997,0.9710344827586207,0.9617486338797814
harmonix/0550_aboutyounow/track.npy,harmonix,0.9980314960629921,1.0,0.9980314960629921,1.0,0.9521252523889594,0.9462787403560087,0.9990147783251232,1.0
harmonix/0557_alligator/track.npy,harmonix,1.0,1.0,1.0,1.0,0.9770342510841088,0.9726792865239068,1.0,1.0
harmonix/0566_americanwoman/track.npy,harmonix,0.9776357827476039,0.9871794871794872,0.9776357827476039,0.9871794871794872,0.8944849910809319,0.8896334731978388,0.9886914378029079,0.9935483870967742
harmonix/0570_aslongasyouloveme/track.npy,harmonix,0.9921875,0.9365079365079365,0.9921875,0.9365079365079365,0.9507479800792241,0.9036182755295554,0.996078431372549,0.9523809523809523
harmonix/0571_atlantis/track.npy,harmonix,0.6596491228070176,0.7619047619047619,0.6596491228070176,0.7619047619047619,0.8316744311055958,0.7882940698702977,0.874766355140187,0.819672131147541
harmonix/0574_badromanceappboyz/track.npy,harmonix,0.9939024390243902,1.0,0.9939024390243902,1.0,0.9791253311023741,0.9818380632298367,0.9969418960244648,1.0
harmonix/0579_beatitstudioversion/track.npy,harmonix,0.9635036496350365,0.40441176470588236,0.9635036496350365,0.3357664233576642,0.9663216677510665,0.46614849761090943,0.9880624426078971,0.375
harmonix/0580_beautiful/track.npy,harmonix,0.9965277777777778,1.0,0.9965277777777778,1.0,0.6263863524913722,0.6100397141090586,0.8939130434782608,0.875
harmonix/0585_beautyandabeat/track.npy,harmonix,0.9978768577494692,1.0,0.9978768577494692,1.0,0.9182877100630423,0.9227321594457597,0.9989373007438895,1.0
harmonix/0590_betterintime/track.npy,harmonix,0.9775641025641025,0.9743589743589743,0.9775641025641025,0.9743589743589743,0.9713725409537532,0.9686875990887309,0.9886547811993517,0.9870129870129869
harmonix/0592_blameit/track.npy,harmonix,1.0,0.7538461538461538,1.0,0.7538461538461538,0.9568220733414398,0.7323671151111081,1.0,0.7615384615384615
harmonix/0595_blonde/track.npy,harmonix,1.0,0.9565217391304348,1.0,0.9565217391304348,0.9624288099246017,0.9505005531650259,1.0,0.9781021897810219
harmonix/0608_canttellmenothing/track.npy,harmonix,1.0,1.0,1.0,1.0,0.8464484788446087,0.8397605562453939,1.0,1.0
harmonix/0614_cinema/track.npy,harmonix,0.8691588785046729,0.50625,0.8691588785046729,0.50625,0.8719781205552091,0.5652256557731276,0.9080996884735203,0.58
harmonix/0626_coolerthanme/track.npy,harmonix,0.9955156950672646,0.9369369369369369,0.9955156950672646,0.9369369369369369,0.9518546219497872,0.9024330390112936,0.9977528089887641,0.9459459459459459
harmonix/0663_explosions/track.npy,harmonix,0.8760330578512396,0.7692307692307693,0.8760330578512396,0.7692307692307693,0.8858631878619163,0.8285919476373681,0.9391304347826087,0.8690476190476191
harmonix/0680_fixaheart/track.npy,harmonix,0.6904761904761905,0.7530864197530864,0.6904761904761905,0.7530864197530864,0.8493167604871564,0.6158965311559352,0.8992248062015503,0.6415094339622641
harmonix/0700_gottabesomebody/track.npy,harmonix,0.9758771929824561,0.9035087719298246,0.9758771929824561,0.9035087719298246,0.9560502737457478,0.8977668948822937,0.9900552486187846,0.9251101321585904
harmonix/0704_guitarstringweddingring/track.npy,harmonix,0.9385749385749386,0.8431372549019608,0.9385749385749386,0.8431372549019608,0.9130070297067825,0.7951345068587179,0.9421894218942188,0.8223350253807108
harmonix/0718_heytheredelilah/track.npy,harmonix,0.9947643979057592,1.0,0.9947643979057592,1.0,0.9674337478686685,0.9740401203548225,0.9973753280839895,1.0
harmonix/0727_howcomeyoudontwantme/track.npy,harmonix,0.9893617021276596,0.971830985915493,0.9893617021276596,0.971830985915493,0.9782789174145827,0.9707575599201576,0.9946714031971581,0.9859154929577465
harmonix/0735_ifuseeamy/track.npy,harmonix,0.9977628635346756,1.0,0.9977628635346756,1.0,0.9747042258035743,0.9751105639303876,0.9988801791713325,1.0
harmonix/0756_istillmissyou/track.npy,harmonix,0.9864864864864865,0.9324324324324325,0.9864864864864865,0.9324324324324325,0.9723926690105634,0.9390272453718214,0.9931972789115647,0.9523809523809523
harmonix/0764_iwish/track.npy,harmonix,0.983451536643026,0.9339622641509434,0.983451536643026,0.9339622641509434,0.9741875880377884,0.9425524861158895,0.9916963226571768,0.9619047619047619
harmonix/0776_krazy/track.npy,harmonix,1.0,1.0,1.0,1.0,0.9706971743386723,0.966693420763497,1.0,1.0
harmonix/0793_lovegame/track.npy,harmonix,1.0,1.0,1.0,1.0,0.8714629711222754,0.8544986803411609,1.0,1.0
harmonix/0794_lovegamedave/track.npy,harmonix,0.9976744186046511,0.9439252336448598,0.9976744186046511,0.9439252336448598,0.9782674801680674,0.9344900982839612,0.9988358556461001,0.9532710280373832
harmonix/0802_lovestoned/track.npy,harmonix,0.990234375,0.9921875,0.990234375,0.9921875,0.9641729320272155,0.9628861814608101,0.9950932286555446,0.996078431372549
harmonix/0803_lovestory/track.npy,harmonix,1.0,1.0,1.0,1.0,0.9823929421156814,0.9806791325301653,1.0,1.0
harmonix/0815_mondaymondaymonday/track.npy,harmonix,1.0,1.0,1.0,1.0,0.8254758639751617,0.8278980220915862,0.9973333333333333,0.9893617021276596
harmonix/0826_myohmy/track.npy,harmonix,0.7402912621359223,0.8131868131868132,0.7402912621359223,0.8131868131868132,0.8677939038702169,0.7628646442043022,0.9157894736842105,0.8089887640449438
harmonix/0833_northshore/track.npy,harmonix,0.9951807228915662,0.42718446601941745,0.9951807228915662,0.42718446601941745,0.9347621934823317,0.5983638004552398,0.9975845410628019,0.6387434554973822
harmonix/0857_paralyzer/track.npy,harmonix,0.9971671388101983,1.0,0.9971671388101983,1.0,0.9411141616916874,0.9561374878685822,0.9985815602836879,1.0
harmonix/0861_pingmebaby/track.npy,harmonix,0.9975490196078431,0.9509803921568627,0.9975490196078431,0.9509803921568627,0.9800117219071566,0.9499085086192907,0.9975490196078431,0.9655172413793103
harmonix/0870_ratedr/track.npy,harmonix,0.9980988593155894,1.0,0.9980988593155894,1.0,0.949281315003411,0.9479435546466075,0.9961977186311787,1.0
harmonix/0876_rehab/track.npy,harmonix,0.9741602067183462,0.9278350515463918,0.9741602067183462,0.9278350515463918,0.9463256761837066,0.9085779118508895,0.989556135770235,0.9479166666666666
harmonix/0879_ridinsoloian/track.npy,harmonix,0.9857142857142858,0.5142857142857142,0.9857142857142858,0.5142857142857142,0.9594325071039713,0.5726612932358397,0.9880810488676998,0.5311004784688995
harmonix/0883_rocksatmywindow/track.npy,harmonix,0.6212389380530974,0.6028368794326241,0.2326086956521739,0.20175438596491227,0.8072529339211939,0.7764320110750169,0.7617765814266487,0.7243243243243244
harmonix/0905_shocktoyoursystem/track.npy,harmonix,0.9885386819484241,0.9886363636363636,0.9885386819484241,0.9886363636363636,0.9576714184785032,0.9624255628205296,0.9942363112391931,0.9942857142857142
harmonix/0912_somenights/track.npy,harmonix,0.9958071278825996,1.0,0.9958071278825996,1.0,0.949795163064286,0.9557796347077417,0.9968520461699895,1.0
harmonix/0915_sosletthemusicplay/track.npy,harmonix,0.9917355371900827,0.989010989010989,0.9917355371900827,0.989010989010989,0.9571521108402093,0.9465880639168182,0.995850622406639,0.994475138121547
harmonix/0917_spacemanties/track.npy,harmonix,0.8512195121951219,0.5099009900990099,0.8512195121951219,0.5099009900990099,0.7981367995180771,0.6247484642438076,0.8727719729563613,0.6649484536082475
harmonix/0926_sweetthing/track.npy,harmonix,0.9973190348525469,0.9893617021276596,0.9973190348525469,0.9893617021276596,0.7504019263295197,0.7401703275943052,0.9986577181208054,0.9946524064171123
harmonix/0929_takeovercontrolext/track.npy,harmonix,0.9132075471698113,0.9494949494949495,0.9132075471698113,0.9494949494949495,0.7783020496776507,0.7462866786551419,0.923659305993691,0.8888888888888888
harmonix/0936_tequieroacoustic/track.npy,harmonix,0.8819188191881919,0.8787878787878788,0.8819188191881919,0.8787878787878788,0.8582733928346123,0.8405576903584029,0.9179104477611941,0.8854961832061069
harmonix/0940_thehousethatbuiltme/track.npy,harmonix,0.49747899159663866,0.5570469798657718,0.3080357142857143,0.20689655172413793,0.7216705756104324,0.6541863120904508,0.7855227882037533,0.6701570680628273
harmonix/0949_throwitinthebag/track.npy,harmonix,0.9938271604938271,1.0,0.9938271604938271,1.0,0.9165810770369989,0.9364899831988366,0.9969040247678018,1.0
harmonix/0956_tonightimgettingoveryou/track.npy,harmonix,0.9977477477477478,0.972972972972973,0.9977477477477478,0.972972972972973,0.9672972109376713,0.9472387139100302,0.9988726042841037,0.972972972972973
harmonix/0980_whenyouleave/track.npy,harmonix,0.9946164199192463,0.9086021505376344,0.9946164199192463,0.9086021505376344,0.9419164715120962,0.902460630765587,0.9973045822102427,0.956043956043956
harmonix/0983_whyamitheone/track.npy,harmonix,0.990625,0.5189873417721519,0.990625,0.5189873417721519,0.8615067792973357,0.5040759884707904,0.989010989010989,0.567741935483871
harmonix/0987_withyou/track.npy,harmonix,1.0,1.0,1.0,1.0,0.6204815952689876,0.6065638967456196,1.0,1.0
harmonix/1000_yourloveismydrug/track.npy,harmonix,0.9585635359116023,0.6857142857142857,0.9585635359116023,0.6857142857142857,0.9197909181726097,0.8445641126666784,0.9611111111111111,0.8820512820512821
hjdb/hjdb_All_Right_(All_Night_Mix)/track.npy,hjdb,1.0,1.0,1.0,1.0,0.9776201922517924,0.9757667182641634,1.0,1.0
hjdb/hjdb_Devotion/track.npy,hjdb,1.0,1.0,1.0,1.0,0.9880778443432076,0.9903624781239468,1.0,1.0
hjdb/hjdb_Dub_War_Chapter_1_(Raw_Mix)/track.npy,hjdb,1.0,1.0,1.0,1.0,0.9709923120074258,0.9665721673915073,1.0,1.0
hjdb/hjdb_Dub_War_Chapter_1_(The_Mix_Strikes_Back)/track.npy,hjdb,1.0,1.0,1.0,1.0,0.9818080836524904,0.9752893107965174,1.0,1.0
hjdb/hjdb_Dub_War_Chapter_2/track.npy,hjdb,1.0,1.0,1.0,1.0,0.9817751821707414,0.9818943258768786,1.0,1.0
hjdb/hjdb_Fuckin_Hardcore/track.npy,hjdb,1.0,1.0,1.0,1.0,0.9678424756425074,0.9652323111160414,1.0,1.0
hjdb/hjdb_Future_Followers/track.npy,hjdb,1.0,1.0,1.0,1.0,0.9783661231208785,0.987592449521298,1.0,1.0
hjdb/hjdb_Future_Followers_(Remix)/track.npy,hjdb,0.9879518072289156,1.0,0.9879518072289156,1.0,0.9626306763948927,0.977817839503993,0.993939393939394,1.0
hjdb/hjdb_Hey_DJ/track.npy,hjdb,1.0,1.0,1.0,1.0,0.9827012127761713,0.9727110675936708,1.0,1.0
hjdb/hjdb_In_Effect/track.npy,hjdb,1.0,1.0,1.0,1.0,0.9833542413657218,0.9891948638897148,1.0,1.0
hjdb/hjdb_Livin_In_A_Dream/track.npy,hjdb,0.9922480620155039,1.0,0.9922480620155039,1.0,0.9797793968624275,0.9869051022199286,0.9961089494163424,1.0
hjdb/hjdb_Merder_Style/track.npy,hjdb,0.9803921568627451,0.9230769230769231,0.9803921568627451,0.9230769230769231,0.9730895003505322,0.9313700322421077,0.99009900990099,0.9600000000000001
hjdb/hjdb_Method_To_My_Madness/track.npy,hjdb,0.9636363636363636,0.9285714285714286,0.9636363636363636,0.9285714285714286,0.9494972717008908,0.9160977743789914,0.9814814814814815,0.962962962962963
hjdb/hjdb_Mystic_Stepper_(Feel_Better)/track.npy,hjdb,1.0,1.0,1.0,1.0,0.9699281290523707,0.9659300018040229,1.0,1.0
hjdb/hjdb_News_At_Ten/track.npy,hjdb,1.0,1.0,1.0,1.0,0.9822091626839032,0.9873883799399443,1.0,1.0
hjdb/hjdb_Obsession_(Musics_So_Wonderful)/track.npy,hjdb,1.0,1.0,1.0,1.0,0.9758123790116786,0.9840844902656165,1.0,1.0
hjdb/hjdb_Obsession_(The_Only_Remix)/track.npy,hjdb,1.0,1.0,1.0,1.0,0.981736712682133,0.9838769468206069,1.0,1.0
hjdb/hjdb_Obsessions/track.npy,hjdb,0.7777777777777778,0.4722222222222222,0.7777777777777778,0.4722222222222222,0.7904979819544725,0.7242664126835029,0.8083623693379791,0.7419354838709676
hjdb/hjdb_Pennywise/track.npy,hjdb,1.0,1.0,1.0,1.0,0.9455616203975122,0.9458948478366926,1.0,1.0
hjdb/hjdb_Rockin_Down_The_House/track.npy,hjdb,0.9858490566037735,1.0,0.9858490566037735,1.0,0.9491821428939982,0.967764500852597,0.9928741092636578,1.0
hjdb/hjdb_Something_I_Feel_(2_Bad_Mice_Remix)/track.npy,hjdb,1.0,1.0,1.0,1.0,0.9782105098445742,0.9769088435662141,1.0,1.0
hjdb/hjdb_Something_New_Pt1/track.npy,hjdb,1.0,1.0,1.0,1.0,0.9739296341705429,0.9731892056962671,1.0,1.0
hjdb/hjdb_Something_New_Pt2/track.npy,hjdb,1.0,1.0,1.0,1.0,0.9736060540050011,0.985973948109944,1.0,1.0
hjdb/hjdb_String_Of_Darkness/track.npy,hjdb,1.0,1.0,1.0,1.0,0.971466558007672,0.9670884838748728,1.0,1.0
hjdb/hjdb_Superpod/track.npy,hjdb,1.0,1.0,1.0,1.0,0.977622404234072,0.9813099246079681,1.0,1.0
hjdb/hjdb_The_R/track.npy,hjdb,1.0,1.0,1.0,1.0,0.9853944270306556,0.9886698690765026,1.0,1.0
hjdb/hjdb_Tibetan_Jungle/track.npy,hjdb,1.0,1.0,1.0,1.0,0.9845326715042877,0.9829415388401358,1.0,1.0
hjdb/hjdb_Tiger_Style/track.npy,hjdb,1.0,1.0,1.0,1.0,0.9692394477560536,0.9784001860803158,1.0,1.0
hjdb/hjdb_Unity/track.npy,hjdb,1.0,1.0,1.0,1.0,0.9812380260329544,0.9787199646368311,1.0,1.0
hjdb/hjdb_We_Are_Hardcore/track.npy,hjdb,1.0,1.0,1.0,1.0,0.9778618390913315,0.9883538589043518,1.0,1.0
jaah/jaah_006-jelly_roll_mortons_red_hot_peppers-black_bottom_stomp/track.npy,jaah,0.7255400254129606,0.5177664974619289,0.7255400254129606,0.5177664974619289,0.783989271543658,0.6050260238754738,0.9366576819407008,0.75
jaah/jaah_016-the_benny_goodman_sextet-breakfast_feud_composite_feat_charlie_christian/track.npy,jaah,0.9915966386554622,1.0,0.9915966386554622,1.0,0.964143417501163,0.9648144780331473,0.9978991596638656,1.0
jaah/jaah_018-duke_ellington_his_orchestra-cotton_tail/track.npy,jaah,0.986449864498645,0.9347826086956522,0.986449864498645,0.9347826086956522,0.9498323796899929,0.900320737859789,0.9972862957937584,0.9402173913043478
jaah/jaah_019-ella_fitzgerald_duke_ellington_orchestra-cotton_tail/track.npy,jaah,0.9097087378640777,0.7578125,0.9097087378640777,0.7578125,0.8784266291663927,0.77167082666597,0.98488542174549,0.8553971486761711
jaah/jaah_030-count_basie_his_orchestra-doggin_around/track.npy,jaah,0.9958100558659218,0.7877094972067039,0.9958100558659218,0.7877094972067039,0.9651310328686413,0.8011491775326287,0.9972067039106145,0.8255813953488371
jaah/jaah_042-clark_terrybob_brookmeyer_quintet-haig_haig/track.npy,jaah,0.9801324503311258,0.7450331125827815,0.9801324503311258,0.7450331125827815,0.9661720065155187,0.8005283030580567,0.9924999999999998,0.8211243611584327
jaah/jaah_050-dizzy_gillespie_sextet-i_cant_get_started/track.npy,jaah,0.9655172413793104,0.6976744186046512,0.9655172413793104,0.6976744186046512,0.8459399778633437,0.6343338149368916,0.9507246376811593,0.7441860465116278
jaah/jaah_056-bud_powell-indiana/track.npy,jaah,0.6026731470230863,0.35436893203883496,0.6026731470230863,0.35436893203883496,0.8295600056912091,0.60169670928565,0.9010554089709762,0.6492753623188405
jaah/jaah_061-count_basie_and_the_kansas_city_7-lester_leaps_in/track.npy,jaah,0.9895833333333334,0.875,0.9895833333333334,0.875,0.9553105521291952,0.8507830953020507,0.9980430528375733,0.8825065274151436
jaah/jaah_072-bennie_moten_and_his_kansas_city_orchestra-moten_swing/track.npy,jaah,0.9139280125195618,0.8427672955974843,0.9139280125195618,0.8427672955974843,0.7859753926229328,0.7012893086370052,0.9882537196554424,0.8490566037735849
jaah/jaah_081-sonny_rollins-pentup_house/track.npy,jaah,0.8788612961841308,0.6634382566585957,0.8788612961841308,0.6634382566585957,0.8949265846171032,0.7282759235378079,0.9417206290471785,0.7644787644787644
jaah/jaah_094-louis_armstrong_his_orchestra-sweethearts_on_parade/track.npy,jaah,0.9926108374384236,0.9509803921568627,0.9926108374384236,0.9509803921568627,0.9414732957041608,0.9120099369926187,0.9876847290640394,0.9655172413793103
jaah/jaah_100-fletcher_henderson_and_his_orchestra-the_stampede/track.npy,jaah,0.4527503526093089,0.7909604519774012,0.4527503526093089,0.7909604519774012,0.4935546188474965,0.44350919147318413,0.8096249115357395,0.7352941176470588
jaah/jaah_108-lionel_hampton_and_his_orchestra-when_lights_are_low/track.npy,jaah,1.0,1.0,1.0,1.0,0.8724088342231368,0.8761870955957153,1.0,1.0
rwc/rwc_classical_CD1_04/track.npy,rwc_classical,0.34509803921568627,0.058823529411764705,0.34509803921568627,0.052941176470588235,0.2490428662886216,0.09886274095978675,0.33948339483394835,0.13333333333333333
rwc/rwc_classical_CD4_07/track.npy,rwc_classical,0.4356955380577428,0.29473684210526313,0.4356955380577428,0.0,0.7151682984476013,0.4790200547666797,0.8222565687789799,0.49805447470817116
rwc/rwc_classical_CD4_11/track.npy,rwc_classical,0.9388888888888889,0.45,0.9388888888888889,0.45,0.7697896041585347,0.4755222478074485,0.9611111111111111,0.6168224299065421
rwc/rwc_classical_CD4_13/track.npy,rwc_classical,0.8111888111888111,0.4925373134328358,0.8111888111888111,0.13043478260869565,0.7165708129748056,0.5307420170269763,0.9386281588447654,0.625
rwc/rwc_classical_CD4_15/track.npy,rwc_classical,0.7464788732394366,0.8857142857142857,0.7464788732394366,0.8857142857142857,0.6812479348261117,0.6749831559517264,0.8290909090909091,0.8115942028985507
rwc/rwc_classical_CD4_16/track.npy,rwc_classical,0.9083333333333333,0.8135593220338984,0.9083333333333333,0.0,0.7449495671760015,0.5684111789188985,0.9495798319327732,0.5581395348837209
rwc/rwc_classical_CD5_07/track.npy,rwc_classical,0.08273381294964029,0.3875968992248062,0.08273381294964029,0.0,0.4991388621161083,0.4563048613006839,0.5378973105134474,0.4258064516129032
rwc/rwc_classical_CD6_13/track.npy,rwc_classical,0.2826086956521739,0.11764705882352941,0.2826086956521739,0.0875,0.4914761608336405,0.2668343307252468,0.6124031007751938,0.33587786259541985
rwc/rwc_jazz_CD1_09/track.npy,rwc_jazz,0.45132743362831856,0.3944954128440367,0.45132743362831856,0.3944954128440367,0.5123556353119519,0.4634747755556811,0.6486486486486487,0.5842696629213483
rwc/rwc_jazz_CD1_14/track.npy,rwc_jazz,0.8796992481203008,0.73,0.8796992481203008,0.73,0.7709977240052006,0.6289858196007538,0.8802017654476673,0.7131782945736435
rwc/rwc_jazz_CD1_15/track.npy,rwc_jazz,0.6213235294117647,0.46408839779005523,0.6213235294117647,0.46408839779005523,0.610545576532851,0.47479488627909516,0.7495145631067961,0.5592705167173253
rwc/rwc_jazz_CD2_01/track.npy,rwc_jazz,0.9695652173913043,0.9260869565217391,0.9695652173913043,0.9260869565217391,0.8648270362457775,0.8278553895498948,0.9738562091503269,0.9324618736383442
rwc/rwc_jazz_CD2_08/track.npy,rwc_jazz,0.3798449612403101,0.26804123711340205,0.3798449612403101,0.26804123711340205,0.6214041473794318,0.5153985120846588,0.7664041994750657,0.6375
rwc/rwc_jazz_CD2_10/track.npy,rwc_jazz,0.9358974358974359,0.8186813186813187,0.9358974358974359,0.8186813186813187,0.733169067396332,0.6830489654224248,0.8989805375347544,0.834782608695652
rwc/rwc_popular_CD1_08/track.npy,rwc_popular,0.974025974025974,0.9791666666666666,0.974025974025974,0.9791666666666666,0.8953559008455071,0.892046328722799,0.9868421052631579,0.9894736842105264
rwc/rwc_popular_CD1_10/track.npy,rwc_popular,1.0,1.0,1.0,1.0,0.9723919358068658,0.9703620578667673,1.0,1.0
rwc/rwc_popular_CD3_03/track.npy,rwc_popular,0.980544747081712,0.8046875,0.980544747081712,0.8046875,0.9493748694092764,0.7813306528406285,0.9941291585127202,0.8203125
rwc/rwc_popular_CD4_01/track.npy,rwc_popular,0.997737556561086,0.990990990990991,0.997737556561086,0.990990990990991,0.9689794660852313,0.9762182452221941,0.9988674971687429,0.9954751131221719
rwc/rwc_popular_CD4_07/track.npy,rwc_popular,0.986159169550173,0.9861111111111112,0.986159169550173,0.9861111111111112,0.9510432073832494,0.9496347749077064,0.9913043478260869,0.9861111111111112
rwc/rwc_popular_CD5_03/track.npy,rwc_popular,0.9442896935933147,0.7474747474747475,0.9442896935933147,0.7474747474747475,0.9264223890564988,0.8939588178247859,0.9760900140646976,0.9197860962566845
rwc/rwc_popular_CD5_09/track.npy,rwc_popular,0.8466453674121406,0.8481012658227848,0.8466453674121406,0.8481012658227848,0.7385875794097122,0.6681879341598621,0.9078947368421052,0.8387096774193549
rwc/rwc_popular_CD5_10/track.npy,rwc_popular,1.0,1.0,1.0,1.0,0.8885881591641365,0.8497003193676778,1.0,1.0
rwc/rwc_popular_CD6_03/track.npy,rwc_popular,0.5498392282958199,0.4016393442622951,0.2824742268041237,0.4016393442622951,0.7911632218056459,0.7598126547949082,0.778894472361809,0.7904761904761903
rwc/rwc_popular_CD6_06/track.npy,rwc_popular,0.9969604863221885,1.0,0.9969604863221885,1.0,0.9473408661249298,0.9389119589449768,0.9984779299847794,1.0
rwc/rwc_popular_CD6_10/track.npy,rwc_popular,0.9946524064171123,1.0,0.9946524064171123,1.0,0.9529655654911541,0.9497046991703995,0.9964285714285713,1.0
rwc/rwc_popular_CD7_08/track.npy,rwc_popular,0.9944444444444445,0.945054945054945,0.9944444444444445,0.945054945054945,0.9735584962874033,0.9364371551467913,0.9958275382475661,0.9613259668508287
rwc/rwc_royalty-free_CD1_09/track.npy,rwc_royalty-free,0.9876543209876543,0.9876543209876543,0.9876543209876543,0.9876543209876543,0.7345217941666792,0.7541863200358925,0.9937888198757764,0.9937888198757764
rwc/rwc_royalty-free_CD1_10/track.npy,rwc_royalty-free,0.6015037593984962,0.6060606060606061,0.6015037593984962,0.6060606060606061,0.6660741820927497,0.6339011600791191,0.8851774530271399,0.85
simac/simac_A_vida_me_fez_assim_06-Peito_sangrando/track.npy,simac,0.9545454545454546,0.0,0.9545454545454546,0.0,0.9326424792480925,0.0,0.9767441860465117,0.0
simac/simac_A_vida_me_fez_assim_07-A_borboleta_e_o_passarinho/track.npy,simac,0.8888888888888888,0.0,0.8888888888888888,0.0,0.7646451080711085,0.0,0.8679245283018868,0.0
simac/simac_A_vida_me_fez_assim_09-Um_calo_de_estimacao/track.npy,simac,1.0,0.0,1.0,0.0,0.9359915894179176,0.0,1.0,0.0
simac/simac_Alfagamabetizado_02-Pandeiro-Deiro/track.npy,simac,0.5454545454545454,0.0,0.30303030303030304,0.0,0.8147487307959064,0.0,0.8,0.0
simac/simac_Alfagamabetizado_16-Vanju_Concessa/track.npy,simac,1.0,0.0,1.0,0.0,0.9424065338967886,0.0,1.0,0.0
simac/simac_Amber_08-Further/track.npy,simac,0.5185185185185185,0.0,0.0,0.0,0.42974614183136245,0.0,0.04081632653061224,0.0
simac/simac_As_time_goes_by_disk_3_06-Mr._Magic/track.npy,simac,0.9523809523809523,0.0,0.9523809523809523,0.0,0.8006963272123743,0.0,0.9268292682926829,0.0
simac/simac_As_time_goes_by_disk_3_10-Bridges/track.npy,simac,0.46153846153846156,0.0,0.2857142857142857,0.0,0.576635206686505,0.0,0.7647058823529412,0.0
simac/simac_As_time_goes_by_disk_3_11-You_swell/track.npy,simac,0.9696969696969697,0.0,0.9696969696969697,0.0,0.9011219530856794,0.0,0.9846153846153847,0.0
simac/simac_As_time_goes_by_disk_3_13-The_most_beautiful_girl_in_the_world/track.npy,simac,0.5142857142857142,0.0,0.5142857142857142,0.0,0.7213204552156544,0.0,0.870967741935484,0.0
simac/simac_BACH_WTC_01-Prelude_and_Fugue_No._1_in_C_major_BWV_870_-_1._Praeludium/track.npy,simac,0.8333333333333334,0.0,0.8333333333333334,0.0,0.9343045614731544,0.0,0.9565217391304348,0.0
simac/simac_Bach_The_Well-Tempered_Clavier_II_(Disc_1)_10-Prelude_and_Fugue_No._5_in_D_major_BWV_874_-_2._Fuga/track.npy,simac,0.8947368421052632,0.0,0.8947368421052632,0.0,0.9475592987940373,0.0,0.972972972972973,0.0
simac/simac_Bach_The_Well-Tempered_Clavier_II_(Disc_1)_22-Prelude_and_Fugue_No._11_in_F_major_BWV_880_-_2._Fuga/track.npy,simac,0.8181818181818182,0.0,0.1,0.0,0.797957537344743,0.0,0.7234042553191489,0.0
simac/simac_Bach_The_Well-Tempered_Clavier_II_(Disc_2)_09-Prelude_and_Fugue_No._17_A-flat_major_BWV_886_-_1._Praeludium/track.npy,simac,1.0,0.0,1.0,0.0,0.9137144941105964,0.0,1.0,0.0
simac/simac_Beethoven_-_The_String_Quartets_#1_01-F_major_op._18_no._1_-_Allegro_con_brio/track.npy,simac,0.8285714285714286,0.0,0.8285714285714286,0.0,0.8174542061656254,0.0,0.9275362318840579,0.0
simac/simac_Beethoven_-_The_String_Quartets_#1_08-G_major_op._18_no._2_-_Allegro_molto_quasi_Presto/track.npy,simac,0.8918918918918919,0.0,0.02702702702702703,0.0,0.759150781189452,0.0,0.6428571428571428,0.0
simac/simac_Beethoven_-_The_String_Quartets_#1_09-D_major_op._18_no._3_-_Allegro/track.npy,simac,1.0,0.0,1.0,0.0,0.8398161262559616,0.0,1.0,0.0
simac/simac_Bela_Bartok_07-The_Miraculous_Mandarin_7.1_Agitato_7.2_Molto_moderato/track.npy,simac,0.8181818181818182,0.0,0.0,0.0,0.11988758722164594,0.0,0.0,0.0
simac/simac_Bernstein_conducts_Stravinsky_15-Petrouchka_scene_1_-_The_shrovetide_fair/track.npy,simac,0.8666666666666667,0.0,0.0,0.0,0.3670481351325708,0.0,0.0,0.0
simac/simac_Cafe_Zimmermann_01-3e_Concert_Brandebourgeois_en_sol_majeur_BWV_1048_-_Allegro_-_Adagio/track.npy,simac,0.9642857142857143,0.0,0.9642857142857143,0.0,0.929035584414912,0.0,0.9818181818181818,0.0
simac/simac_Cafe_Zimmermann_05-Concerto_pour_deux_violons_&_cordes_en_r_mineur_BWV_1043_-_Allegro/track.npy,simac,0.8275862068965517,0.0,0.8275862068965517,0.0,0.8782631176461901,0.0,0.9285714285714286,0.0
simac/simac_Concert_08-4._Allegro/track.npy,simac,0.9090909090909091,0.0,0.9090909090909091,0.0,0.8433989150034967,0.0,0.9523809523809523,0.0
simac/simac_Concert_15-3._Bourre/track.npy,simac,0.8928571428571429,0.0,0.8928571428571429,0.0,0.7924275992783899,0.0,0.9454545454545454,0.0
simac/simac_Concert_19-3._Largo_e_staccato/track.npy,simac,0.8461538461538461,0.0,0.0,0.0,0.732107763300651,0.0,0.6486486486486487,0.0
simac/simac_DGG_419_047-2_04-Praludium_u._Fuge_f-moll_BWV_534_-_II_Fuge/track.npy,simac,0.9230769230769231,0.0,0.9230769230769231,0.0,0.6118594942504753,0.0,0.8461538461538461,0.0
simac/simac_DGG_419_047-2_11-Triosonate_Nr._1_Es-Dur_BWV_525_-_II_Adagio/track.npy,simac,0.9047619047619048,0.0,0.9047619047619048,0.0,0.7608044504808936,0.0,0.8780487804878048,0.0
simac/simac_Ella_&_Louis_05-Youll_Have_To_Swing_It/track.npy,simac,0.7647058823529411,0.0,0.7647058823529411,0.0,0.5404089639333692,0.0,0.7741935483870968,0.0
simac/simac_Ella_&_Louis_09-Oh_Lady_Be_Good/track.npy,simac,0.5483870967741935,0.0,0.15625,0.0,0.3890919097182504,0.0,0.2580645161290323,0.0
simac/simac_Eres_luz_12-Genios_(Rumba-Cancion)/track.npy,simac,0.9629629629629629,0.0,0.9629629629629629,0.0,0.8685177043788039,0.0,0.9811320754716981,0.0
simac/simac_Eventail_10-Prld1/track.npy,simac,0.16666666666666666,0.0,0.16666666666666666,0.0,0.47188467523584626,0.0,0.5,0.0
simac/simac_Fado_01-AudioTrack_01/track.npy,simac,0.8518518518518519,0.0,0.8518518518518519,0.0,0.7965695612962714,0.0,0.923076923076923,0.0
simac/simac_Fado_04-AudioTrack_04/track.npy,simac,1.0,0.0,1.0,0.0,0.5151160339712856,0.0,0.7142857142857143,0.0
simac/simac_Family_Tree_-_Greatest_Hits_As_Chosen_By_Bjork_11-Pagan_Poetry/track.npy,simac,0.9444444444444444,0.0,0.9444444444444444,0.0,0.7529185649948388,0.0,0.9142857142857143,0.0
simac/simac_Gold_-_Greatest_Hits_03-Take_A_Chance_On_Me/track.npy,simac,1.0,0.0,1.0,0.0,0.9537805086345656,0.0,1.0,0.0
simac/simac_Ludwid_van_Beethoven_04-IV._Finale/track.npy,simac,0.8571428571428571,0.0,0.8571428571428571,0.0,0.8693912927326012,0.0,0.9056603773584904,0.0
simac/simac_Niandra_LaDes_and_Usually_Just_a_T-Shirt_05-Curtains/track.npy,simac,0.09090909090909091,0.0,0.0,0.0,0.2375692164458557,0.0,0.19999999999999998,0.0
simac/simac_Niandra_LaDes_and_Usually_Just_a_T-Shirt_15-Usually_Just_a_T-Shirt_Untitled_3/track.npy,simac,0.6764705882352942,0.0,0.6764705882352942,0.0,0.7683216686600962,0.0,0.9032258064516129,0.0
simac/simac_Niandra_LaDes_and_Usually_Just_a_T-Shirt_21-Usually_Just_a_T-Shirt_Untitled_9/track.npy,simac,0.9523809523809523,0.0,0.9523809523809523,0.0,0.8835124179080428,0.0,0.975609756097561,0.0
simac/simac_Papakonstantinou_03-AudioTrack_03/track.npy,simac,0.8125,0.0,0.8125,0.0,0.630315886243546,0.0,0.7333333333333334,0.0
simac/simac_Papakonstantinou_09-AudioTrack_09/track.npy,simac,0.56,0.0,0.2857142857142857,0.0,0.7663333255020899,0.0,0.7647058823529412,0.0
simac/simac_Papakonstantinou_19-AudioTrack_19/track.npy,simac,0.16666666666666666,0.0,0.04,0.0,0.30935017915952573,0.0,0.30303030303030304,0.0
simac/simac_Primer_Aliento_14-Sintonia_de_la_moda_estandarizada/track.npy,simac,1.0,0.0,1.0,0.0,0.939724512953783,0.0,1.0,0.0
simac/simac_Primer_Aliento_18-La_cicatriz_en_la_fabrica_roja/track.npy,simac,1.0,0.0,1.0,0.0,0.9022422725115279,0.0,1.0,0.0
simac/simac_R.A.F.I_10-Loot/track.npy,simac,1.0,0.0,1.0,0.0,0.9699443885194968,0.0,1.0,0.0
simac/simac_R.A.F.I_11-Dub_Mentality/track.npy,simac,0.9565217391304348,0.0,0.9565217391304348,0.0,0.9638301802364193,0.0,0.9777777777777777,0.0
simac/simac_Samba_na_Madrugada_01-Arvoredo/track.npy,simac,0.9523809523809523,0.0,0.9523809523809523,0.0,0.8349721534669894,0.0,0.975609756097561,0.0
simac/simac_Samba_na_Madrugada_02-Maioria_sem_Nenhum/track.npy,simac,0.5,0.0,0.5,0.0,0.7277394167423188,0.0,0.7894736842105263,0.0
simac/simac_Selling_England_By_The_Pound_02-I_Know_What_I_Like_In_Your_Wardrobe_/track.npy,simac,0.9545454545454546,0.0,0.9545454545454546,0.0,0.8262440127276705,0.0,0.9302325581395349,0.0
simac/simac_Songs_Alfredo_-_Ahora_somos_felices/track.npy,simac,0.95,0.0,0.95,0.0,0.9256560300009864,0.0,0.9743589743589743,0.0
simac/simac_Tales_Of_Mystery_And_Imagination_04-The_Cask_Of_Amontillado/track.npy,simac,0.0,0.0,0.0,0.0,0.3642728688451986,0.0,0.42105263157894735,0.0
simac/simac_Tanto_Tempo_04-Sem_Contencao/track.npy,simac,0.9655172413793104,0.0,0.0,0.0,0.7978655467912663,0.0,0.6511627906976745,0.0
simac/simac_Tanto_Tempo_10-Samba_e_Amor/track.npy,simac,0.5555555555555556,0.0,0.0,0.0,0.3828796235070729,0.0,0.4,0.0
simac/simac_The_Crackdown_01-24-24/track.npy,simac,1.0,0.0,1.0,0.0,0.9500109210481159,0.0,1.0,0.0
simac/simac_The_Crackdown_06-Just_Fascination/track.npy,simac,0.9285714285714286,0.0,0.9285714285714286,0.0,0.9209768869480599,0.0,0.962962962962963,0.0
simac/simac_The_Crackdown_13-Moscow/track.npy,simac,0.9,0.0,0.0,0.0,0.6678851552841784,0.0,0.6363636363636364,0.0
simac/simac_VOL.3_Musiques_pour_guitare_et_violoncelle_03-3._Berceuse_(Lento_molto)/track.npy,simac,0.47368421052631576,0.0,0.47368421052631576,0.0,0.8016581489505724,0.0,0.8484848484848484,0.0
simac/simac_VOL.3_Musiques_pour_guitare_et_violoncelle_07-H._Villa-lobos_Bachianas_Brasileiras_No.5_(Aria)/track.npy,simac,1.0,0.0,1.0,0.0,0.895470154169844,0.0,1.0,0.0
simac/simac_Xatzidakis_06-AudioTrack_06/track.npy,simac,0.0,0.0,0.0,0.0,0.3583489364739536,0.0,0.391304347826087,0.0
simac/simac_Xatzidakis_09-AudioTrack_09/track.npy,simac,0.8888888888888888,0.0,0.8888888888888888,0.0,0.7979878548600826,0.0,0.9142857142857143,0.0
simac/simac_blues_roots_tensions/track.npy,simac,1.0,0.0,1.0,0.0,0.7600380486097595,0.0,0.9285714285714286,0.0
simac/simac_greek_07_Pikrodafni/track.npy,simac,0.9642857142857143,0.0,0.9642857142857143,0.0,0.9078287976845877,0.0,0.9818181818181818,0.0
simac/simac_more_greek_05_Odysseas/track.npy,simac,0.8076923076923077,0.0,0.8076923076923077,0.0,0.7619122245802885,0.0,0.8571428571428572,0.0
simac/simac_more_greek_Anagnwstopoulos_-_Hr8a_ki_apopse_sta_skalopatia_sou/track.npy,simac,1.0,0.0,1.0,0.0,0.7770492700089668,0.0,0.8888888888888888,0.0
simac/simac_more_greek_Gkoles_-_O_pasatempos/track.npy,simac,1.0,0.0,1.0,0.0,0.8746596362345924,0.0,1.0,0.0
simac/simac_more_greek_Glykeria_-_Den_les_kouventa/track.npy,simac,0.6666666666666666,0.0,0.6666666666666666,0.0,0.8274140574204809,0.0,0.9285714285714286,0.0
simac/simac_more_greek_Kazantzidis_-_Oti_agapaw_egw_pe8ainei/track.npy,simac,0.9375,0.0,0.9375,0.0,0.7374857708461378,0.0,0.9375,0.0
simac/simac_more_greek_Mosxoliou_Gkika_-_Den_klaiw_gia_twra/track.npy,simac,0.20833333333333334,0.0,0.20833333333333334,0.0,0.528217463783215,0.0,0.6842105263157894,0.0
simac/simac_more_greek_Mpellou_-_Antilaloune_ta_vouna/track.npy,simac,0.9375,0.0,0.9375,0.0,0.8195894754719405,0.0,0.967741935483871,0.0
simac/simac_more_greek_Mpellou_-_Min_klais/track.npy,simac,0.4166666666666667,0.0,0.4166666666666667,0.0,0.5874742016707556,0.0,0.6666666666666666,0.0
simac/simac_more_greek_Mpi8ikwtsis_-_Aspri_mera/track.npy,simac,0.85,0.0,0.85,0.0,0.8589447044151365,0.0,0.9743589743589743,0.0
simac/simac_more_greek_Mpi8ikwtsis_-_Mana_mou_kai_Panagia/track.npy,simac,1.0,0.0,1.0,0.0,0.7719389565132818,0.0,0.9333333333333333,0.0
simac/simac_more_greek_Poulopoulos_-_Kamaroula_mia_stalia/track.npy,simac,0.8666666666666667,0.0,0.8666666666666667,0.0,0.759532922143435,0.0,0.9655172413793104,0.0
simac/simac_more_greek_Smokovitis_-_Mi_mou_8ymwneis_matia_mou/track.npy,simac,0.8461538461538461,0.0,0.8461538461538461,0.0,0.7310017935704551,0.0,0.8799999999999999,0.0
simac/simac_selected_ambient_works_8592_pulsewidth/track.npy,simac,0.9666666666666667,0.0,0.0,0.0,0.7308843701202554,0.0,0.6666666666666666,0.0
smc/smc_017/track.npy,smc,0.7619047619047619,0.0,0.7619047619047619,0.0,0.6146601952729978,0.0,0.8500000000000001,0.0
smc/smc_033/track.npy,smc,0.6415094339622641,0.0,0.6415094339622641,0.0,0.438327857579427,0.0,0.6122448979591837,0.0
smc/smc_038/track.npy,smc,0.7837837837837838,0.0,0.7837837837837838,0.0,0.6611342813254741,0.0,0.7671232876712328,0.0
smc/smc_056/track.npy,smc,0.1794871794871795,0.0,0.1794871794871795,0.0,0.2867231669630373,0.0,0.35036496350364965,0.0
smc/smc_059/track.npy,smc,0.006097560975609756,0.0,0.0,0.0,0.4322212824071758,0.0,0.3980582524271844,0.0
smc/smc_060/track.npy,smc,0.5853658536585366,0.0,0.5853658536585366,0.0,0.4128175262557491,0.0,0.5789473684210527,0.0
smc/smc_073/track.npy,smc,0.7804878048780488,0.0,0.7804878048780488,0.0,0.7077049437865754,0.0,0.8500000000000001,0.0
smc/smc_075/track.npy,smc,0.48936170212765956,0.0,0.48936170212765956,0.0,0.41769778857873047,0.0,0.5897435897435898,0.0
smc/smc_095/track.npy,smc,0.6382978723404256,0.0,0.6382978723404256,0.0,0.5678929060675914,0.0,0.7529411764705882,0.0
smc/smc_098/track.npy,smc,0.6082474226804123,0.0,0.14457831325301204,0.0,0.5899591083007757,0.0,0.6969696969696971,0.0
smc/smc_114/track.npy,smc,0.3157894736842105,0.0,0.3157894736842105,0.0,0.4451977961998766,0.0,0.5185185185185185,0.0
smc/smc_121/track.npy,smc,0.35,0.0,0.35,0.0,0.24314901064237862,0.0,0.4571428571428572,0.0
smc/smc_124/track.npy,smc,0.7894736842105263,0.0,0.7894736842105263,0.0,0.2875958561160916,0.0,0.4,0.0
smc/smc_137/track.npy,smc,0.6046511627906976,0.0,0.6046511627906976,0.0,0.6218873947958323,0.0,0.8198757763975156,0.0
smc/smc_139/track.npy,smc,0.9333333333333333,0.0,0.0,0.0,0.4527225653548492,0.0,0.5,0.0
smc/smc_140/track.npy,smc,0.5333333333333333,0.0,0.5333333333333333,0.0,0.4748256154645763,0.0,0.6346153846153847,0.0
smc/smc_147/track.npy,smc,0.05714285714285714,0.0,0.034482758620689655,0.0,0.3136009159822575,0.0,0.43010752688172044,0.0
smc/smc_166/track.npy,smc,1.0,0.0,1.0,0.0,0.7314458256508469,0.0,0.9130434782608695,0.0
smc/smc_172/track.npy,smc,0.25,0.0,0.25,0.0,0.24790556487370752,0.0,0.3733333333333333,0.0
smc/smc_206/track.npy,smc,0.47058823529411764,0.0,0.47058823529411764,0.0,0.5931825109110103,0.0,0.65625,0.0
smc/smc_207/track.npy,smc,0.9850746268656716,0.0,0.9850746268656716,0.0,0.7373186052431989,0.0,0.8955223880597015,0.0
smc/smc_214/track.npy,smc,0.25,0.0,0.25,0.0,0.2853645676443823,0.0,0.34285714285714286,0.0
smc/smc_225/track.npy,smc,0.013513513513513514,0.0,0.0,0.0,0.2991025087100666,0.0,0.3636363636363637,0.0
smc/smc_254/track.npy,smc,0.25,0.0,0.0,0.0,0.1903671181008441,0.0,0.15,0.0
smc/smc_258/track.npy,smc,0.1346153846153846,0.0,0.1346153846153846,0.0,0.16491169971046132,0.0,0.24324324324324326,0.0
smc/smc_263/track.npy,smc,0.4827586206896552,0.0,0.4827586206896552,0.0,0.5760049063008923,0.0,0.7272727272727274,0.0
smc/smc_273/track.npy,smc,1.0,0.0,1.0,0.0,0.8303521488981226,0.0,1.0,0.0
tapcorrect/008_youtube_bg7RjxsghNY/track.npy,tapcorrect,0.9967948717948718,1.0,0.9967948717948718,1.0,0.9298278914562976,0.9382013451791027,0.9983948635634029,1.0
tapcorrect/014_youtube_53FGAgfYVsw/track.npy,tapcorrect,0.515527950310559,0.4117647058823529,0.515527950310559,0.4117647058823529,0.7138930094655495,0.5665725464220946,0.7416107382550335,0.588235294117647
tapcorrect/017_youtube_S6Nt1ssPLBA/track.npy,tapcorrect,0.9970414201183432,0.8809523809523809,0.9970414201183432,0.8809523809523809,0.978282726900599,0.8745183919998001,0.9985185185185186,0.8928571428571429
tapcorrect/020_youtube_0WrjMeHsfgM/track.npy,tapcorrect,0.9598470363288719,0.9694656488549618,0.9598470363288719,0.9694656488549618,0.9396608757113015,0.9316034012789064,0.975095785440613,0.9694656488549618
tapcorrect/027_youtube_iYYRH4apXDo/track.npy,tapcorrect,0.5313868613138686,0.4093567251461988,0.20064205457463885,0.328125,0.7301680775122115,0.645951223494516,0.7039337474120084,0.6728971962616822
tapcorrect/029_youtube_41TNDPn9x2Y/track.npy,tapcorrect,0.8754098360655738,0.8701298701298701,0.8754098360655738,0.8701298701298701,0.8763131041725286,0.8281445006781007,0.9042904290429044,0.8496732026143792
tapcorrect/036_youtube__-xZYhm6QgQ/track.npy,tapcorrect,0.9618528610354223,0.8709677419354839,0.019390581717451522,0.011111111111111112,0.8017312726395192,0.7595735083224497,0.6752293577981652,0.6423357664233577
tapcorrect/045_youtube_SYUgGs9IStY/track.npy,tapcorrect,0.6323851203501094,0.5981308411214953,0.2225201072386059,0.12121212121212122,0.7949697675642762,0.686021195435343,0.7574750830564783,0.6405228758169934
tapcorrect/051_youtube_InYVlCCEqFc/track.npy,tapcorrect,1.0,1.0,1.0,1.0,0.9613775027782385,0.965499469699648,0.9978070175438597,1.0
tapcorrect/064_youtube_Xlv1tm2h7pY/track.npy,tapcorrect,0.8769230769230769,0.7682926829268293,0.8769230769230769,0.7682926829268293,0.9105631165213915,0.8159222649202101,0.9650793650793651,0.8789808917197452
tapcorrect/075_youtube_p_6F5K_xP6Q/track.npy,tapcorrect,0.9553571428571429,0.9380530973451328,0.9553571428571429,0.9380530973451328,0.8968260562382417,0.8974262769841911,0.9652855543113102,0.96
tapcorrect/083_youtube_HfUoCF3dmbU/track.npy,tapcorrect,0.9903846153846154,0.7090909090909091,0.9903846153846154,0.7090909090909091,0.9344549797087758,0.7632065873694696,0.9951690821256038,0.8224299065420562
tapcorrect/096_youtube_XAYhNHhxN0A/track.npy,tapcorrect,0.8409785932721713,0.7341772151898734,0.8409785932721713,0.7341772151898734,0.9113723930056052,0.8278764925135121,0.9409937888198758,0.855263157894737
asap/Bach_Fugue_bwv_846_Shi05M/track.npy,asap,0.7614678899082569,0.16326530612244897,0.7614678899082569,0.0,0.8819930504322856,0.24810232659794235,0.909952606635071,0.21428571428571427
asap/Bach_Fugue_bwv_848_Denisova06M/track.npy,asap,0.9234449760765551,0.4563106796116505,0.9234449760765551,0.17105263157894737,0.9357989540358906,0.6677969052956039,0.9588377723970944,0.5937499999999999
asap/Bach_Fugue_bwv_848_Lee01M/track.npy,asap,0.9571428571428572,0.42592592592592593,0.9571428571428572,0.42592592592592593,0.9472771773190559,0.5556274538308821,0.9807692307692307,0.49056603773584906
asap/Bach_Fugue_bwv_848_LeeSH01M/track.npy,asap,0.7819905213270142,0.5283018867924528,0.7819905213270142,0.5283018867924528,0.8914528412114225,0.5793508993753784,0.913151364764268,0.594059405940594
asap/Bach_Fugue_bwv_848_Lin04M/track.npy,asap,0.9760765550239234,0.4716981132075472,0.9760765550239234,0.4716981132075472,0.9566678216790231,0.518079373155733,0.988009592326139,0.4761904761904762
asap/Bach_Fugue_bwv_848_Lou01M/track.npy,asap,0.9138755980861244,0.7115384615384616,0.9138755980861244,0.7115384615384616,0.9318946833754073,0.7118870011509468,0.953771289537713,0.7307692307692306
asap/Bach_Fugue_bwv_848_MiyashitaM01M/track.npy,asap,0.8809523809523809,0.2631578947368421,0.8809523809523809,0.17543859649122806,0.9264514502489528,0.5369696750547301,0.948905109489051,0.44036697247706424
asap/Bach_Fugue_bwv_848_Mizumoto03M/track.npy,asap,0.919047619047619,0.3548387096774194,0.919047619047619,0.3548387096774194,0.929457535362379,0.6204161777247887,0.9609756097560974,0.6140350877192983
asap/Bach_Fugue_bwv_848_SunY01M/track.npy,asap,0.9090909090909091,0.4307692307692308,0.9090909090909091,0.4307692307692308,0.9034610272621405,0.6582352425698973,0.9204819277108434,0.6495726495726495
asap/Bach_Fugue_bwv_848_Zhou01M/track.npy,asap,0.8904761904761904,0.38461538461538464,0.8904761904761904,0.38461538461538464,0.9392372399774577,0.47462399495607144,0.9563106796116505,0.48351648351648346
asap/Bach_Fugue_bwv_858_VuV01M/track.npy,asap,0.9318181818181818,0.5,0.9318181818181818,0.1,0.9356864649418571,0.4842486775715776,0.9581749049429659,0.32876712328767127
asap/Bach_Fugue_bwv_858_Zhang01M/track.npy,asap,0.9389312977099237,0.7692307692307693,0.9389312977099237,0.0,0.9448921873421621,0.6727299364538648,0.9729729729729729,0.6
asap/Bach_Fugue_bwv_887_LiYZ01M/track.npy,asap,0.1470019342359768,0.20640569395017794,0.1470019342359768,0.07801418439716312,0.6031480955052743,0.4226335981880197,0.6140350877192982,0.37681159420289856
asap/Bach_Prelude_bwv_858_VuV01M/track.npy,asap,0.5138888888888888,0.21052631578947367,0.25663716814159293,0.07142857142857142,0.7641819783607608,0.3598813740126564,0.7351351351351352,0.3404255319148936
asap/Bach_Prelude_bwv_858_Zhang01M/track.npy,asap,0.9385964912280702,0.4827586206896552,0.9385964912280702,0.3103448275862069,0.938439932743779,0.39231749146397565,0.9603524229074888,0.28070175438596495
asap/Bach_Prelude_bwv_870_ChenW01M/track.npy,asap,0.9545454545454546,0.5230769230769231,0.9545454545454546,0.11538461538461539,0.967153969725572,0.6676971915770582,0.9885057471264368,0.5882352941176471
asap/Bach_Prelude_bwv_870_LeeE01M/track.npy,asap,0.9844961240310077,0.36923076923076925,0.9844961240310077,0.29545454545454547,0.9801153086753457,0.6615707917064803,0.9961089494163424,0.6753246753246752
asap/Bach_Prelude_bwv_870_MaximovI01M/track.npy,asap,0.8297872340425532,0.8153846153846154,0.8297872340425532,0.017543859649122806,0.9200204183887516,0.6875971572888397,0.9555555555555556,0.6222222222222222
asap/Bach_Prelude_bwv_876_SirajA01M/track.npy,asap,0.9052132701421801,0.2222222222222222,0.9052132701421801,0.2222222222222222,0.9317610020737835,0.4936133616907711,0.9471153846153846,0.4999999999999999
asap/Bach_Prelude_bwv_876_Song01M/track.npy,asap,0.9323671497584541,0.20588235294117646,0.9323671497584541,0.20588235294117646,0.9476266070785578,0.5010749573812043,0.9660194174757282,0.5084745762711865
asap/Bach_Prelude_bwv_888_ZhaoK01M/track.npy,asap,0.9523809523809523,0.43902439024390244,0.9523809523809523,0.43902439024390244,0.9521178976515632,0.725770592150423,0.9721115537848605,0.75
asap/Bach_Prelude_bwv_889_Giesbrecht01M/track.npy,asap,0.6532258064516129,0.22580645161290322,0.6532258064516129,0.22580645161290322,0.7918228620157989,0.23754086455364876,0.8103448275862069,0.23728813559322032
asap/Bach_Prelude_bwv_889_LiuY01M/track.npy,asap,0.3684210526315789,0.2903225806451613,0.24812030075187969,0.06451612903225806,0.48904616784928234,0.04762476913222809,0.3968871595330739,0.03225806451612903
asap/Bach_Prelude_bwv_889_MunA01M/track.npy,asap,0.5806451612903226,0.21875,0.5806451612903226,0.21875,0.7720375002979796,0.37763954512215064,0.7811158798283262,0.38095238095238093
asap/Bach_Prelude_bwv_889_Wang01M/track.npy,asap,0.4838709677419355,0.25806451612903225,0.4838709677419355,0.25806451612903225,0.7060791271030427,0.3789958416499662,0.7168141592920354,0.3859649122807018
asap/Bach_Prelude_bwv_889_YangY02M/track.npy,asap,0.38513513513513514,0.4,0.38513513513513514,0.4,0.6578886910081061,0.21019458995286253,0.625,0.21212121212121215
asap/Bach_Prelude_bwv_889_ZhangW02M/track.npy,asap,0.29850746268656714,0.12903225806451613,0.29850746268656714,0.12903225806451613,0.5601367436024097,0.15911922576043833,0.5214007782101168,0.16393442622950818
asap/Beethoven_Piano_Sonatas_17-3_KaszoS11M/track.npy,asap,0.25537820957668284,0.36929460580912865,0.25537820957668284,0.1496881496881497,0.5867073584944266,0.5803032577153934,0.6045738045738046,0.5666666666666667
asap/Beethoven_Piano_Sonatas_17-3_USHIKI05M/track.npy,asap,0.07887517146776406,0.3684210526315789,0.07887517146776406,0.11522633744855967,0.5026868326817036,0.5172262555127511,0.5123456790123457,0.5102319236016372
asap/Beethoven_Piano_Sonatas_21-2_YOO05M/track.npy,asap,0.05172413793103448,0.18867924528301888,0.02586206896551724,0.030303030303030304,0.3673263080563562,0.20352867086014353,0.3976608187134502,0.19999999999999998
asap/Beethoven_Piano_Sonatas_3-2_MiyashitaM04M/track.npy,asap,0.2637889688249401,0.2857142857142857,0.045563549160671464,0.23300970873786409,0.539088064141227,0.5438336391163446,0.5008635578583766,0.5543478260869565
asap/Beethoven_Piano_Sonatas_7-1_Hebert01M/track.npy,asap,0.7168141592920354,0.35294117647058826,0.7168141592920354,0.0,0.8445472146085357,0.42573106277784034,0.869496855345912,0.4017467248908297
asap/Beethoven_Piano_Sonatas_7-1_Larionova04M/track.npy,asap,0.7315634218289085,0.4117647058823529,0.7315634218289085,0.08259587020648967,0.8247496227349006,0.5125880074813024,0.8493788819875777,0.4705882352941177
asap/Beethoven_Piano_Sonatas_7-1_LeeS02M/track.npy,asap,0.7699115044247787,0.21764705882352942,0.7699115044247787,0.10619469026548672,0.8530975200755988,0.459580914852977,0.8749028749028749,0.4725738396624472
asap/Beethoven_Piano_Sonatas_7-1_Wang02M/track.npy,asap,0.6986706056129985,0.40236686390532544,0.6986706056129985,0.0,0.8091962655560542,0.4323678514837074,0.8320251177394035,0.3875
asap/Beethoven_Piano_Sonatas_7-1_WangY01M/track.npy,asap,0.6818851251840943,0.4470588235294118,0.6818851251840943,0.011799410029498525,0.7982899681318997,0.4701395662574726,0.8250197941409344,0.4618556701030928
asap/Beethoven_Piano_Sonatas_7-1_ZhangE02M/track.npy,asap,0.7581120943952803,0.37058823529411766,0.7581120943952803,0.08259587020648967,0.8408100546826894,0.4866400948315742,0.8663594470046083,0.4793388429752066
asap/Beethoven_Piano_Sonatas_9-1_Tysman05M/track.npy,asap,0.5763779527559055,0.4779874213836478,0.5763779527559055,0.4779874213836478,0.8169249014256703,0.6803174831473285,0.8531468531468531,0.7168458781362007
asap/Chopin_Barcarolle_LeeSH05M/track.npy,asap,0.5189620758483033,0.27074235807860264,0.5189620758483033,0.09433962264150944,0.6870769978238284,0.37076249865519045,0.7346514047866805,0.40145985401459855
asap/Chopin_Barcarolle_Na09M/track.npy,asap,0.648471615720524,0.28634361233480177,0.648471615720524,0.08074534161490683,0.7210169889788397,0.3613112014777692,0.7694013303769401,0.3781818181818182
asap/Chopin_Barcarolle_Ozel10M/track.npy,asap,0.6304347826086957,0.45414847161572053,0.6304347826086957,0.07103825136612021,0.7086931761615595,0.43981572248136164,0.7846790890269151,0.5100671140939597
asap/Chopin_Barcarolle_Park10M/track.npy,asap,0.548828125,0.48034934497816595,0.548828125,0.031746031746031744,0.6709309971819335,0.3834464196479556,0.7263374485596709,0.4210526315789474
asap/Chopin_Barcarolle_Rozanski07M/track.npy,asap,0.550321199143469,0.37554585152838427,0.550321199143469,0.059782608695652176,0.6497758798610087,0.38493175676668023,0.6990291262135923,0.4214046822742475
asap/Chopin_Scherzos_39_Arciglione13M/track.npy,asap,0.028066528066528068,0.08722741433021806,0.015080603224128965,0.0031201248049922,0.41791407727846697,0.3653324910825735,0.446578631452581,0.3536737235367372
asap/Chopin_Scherzos_39_Bult-ItoS05M/track.npy,asap,0.056162246489859596,0.19314641744548286,0.056162246489859596,0.0093603744149766,0.49147904569524303,0.39916906866574164,0.5257654966392831,0.3743961352657005
asap/Liszt_Concert_Etude_S145_1_Kleisen06M/track.npy,asap,0.5423280423280423,0.2169811320754717,0.5423280423280423,0.2169811320754717,0.6707963662751528,0.32602633420594157,0.714078374455733,0.35820895522388063
asap/Liszt_Concert_Etude_S145_1_Woo06M/track.npy,asap,0.3925729442970822,0.3386243386243386,0.3925729442970822,0.08391608391608392,0.5854537156092677,0.3293642473436109,0.6265060240963854,0.3361344537815126
asap/Mozart_Piano_Sonatas_12-1_MunA03M/track.npy,asap,0.9037037037037037,0.6,0.9037037037037037,0.6,0.9194517013972571,0.7424869452664448,0.9611360239162929,0.766265060240964
asap/Mozart_Piano_Sonatas_12-1_WuuE02M/track.npy,asap,0.9407407407407408,0.38666666666666666,0.9407407407407408,0.38666666666666666,0.9466178842117963,0.6735134996176905,0.9716417910447761,0.6933333333333332
asap/Schubert_Impromptu_op.90_D.899_2_Denisova11M/track.npy,asap,0.265625,0.1510791366906475,0.265625,0.1474820143884892,0.6080146644856231,0.45817760286820103,0.6481620405101276,0.48039215686274506
asap/Schubert_Impromptu_op.90_D.899_2_FaB06M/track.npy,asap,0.5880239520958084,0.35251798561151076,0.5880239520958084,0.0035842293906810036,0.8046435739886231,0.41391697315234405,0.8324250681198909,0.4274809160305343
asap/Schubert_Impromptu_op.90_D.899_2_HuNY06M/track.npy,asap,0.6403823178016727,0.20430107526881722,0.6403823178016727,0.20430107526881722,0.8370147212480139,0.4822790020645006,0.8609625668449198,0.49648711943793905
asap/Schubert_Impromptu_op.90_D.899_2_KaiRuiR05M/track.npy,asap,0.6263473053892216,0.3237410071942446,0.6263473053892216,0.06093189964157706,0.8313773081670246,0.4991655486725863,0.8582995951417003,0.510948905109489
asap/Schubert_Impromptu_op.90_D.899_2_Levitsky09M/track.npy,asap,0.10778443113772455,0.25,0.10778443113772455,0.06810035842293907,0.5387388926553813,0.5036501084811349,0.5610169491525424,0.5208845208845209
asap/Schubert_Impromptu_op.90_D.899_2_Nikiforov09M/track.npy,asap,0.19640718562874251,0.15827338129496402,0.19640718562874251,0.007168458781362007,0.6085401030540333,0.3847392617039043,0.628992628992629,0.3858695652173913
asap/Schubert_Piano_Sonatas_664-1_BuiJL06M/track.npy,asap,0.44857142857142857,0.6865671641791045,0.34476190476190477,0.6865671641791045,0.760644122962882,0.8068848544285894,0.7885714285714286,0.8603773584905662
asap/Schubert_Piano_Sonatas_664-1_KabuliL10M/track.npy,asap,0.5148809523809523,0.5801526717557252,0.2876190476190476,0.5801526717557252,0.7654014157021585,0.7421524236366638,0.7642276422764227,0.7829787234042553
asap/Schubert_Piano_Sonatas_664-1_Mo10M/track.npy,asap,0.3971830985915493,0.5725190839694656,0.36952380952380953,0.5725190839694656,0.7341412901497012,0.6900840890736822,0.7795454545454545,0.7235772357723576
asap/Schumann_Kreisleriana_1_no_first_repeat_JohannsonP02M/track.npy,asap,0.4648648648648649,0.15217391304347827,0.4648648648648649,0.15217391304347827,0.565336967292203,0.2734579865438997,0.6491228070175439,0.3246753246753247
ballroom/ballroom_Albums-Ballroom_Classics4-10/track.npy,ballroom,1.0,1.0,1.0,1.0,0.9595201858408396,0.9628680764825982,1.0,1.0
ballroom/ballroom_Albums-Ballroom_Classics4-12/track.npy,ballroom,1.0,1.0,1.0,1.0,0.9342723050091082,0.945340338366115,1.0,1.0
ballroom/ballroom_Albums-Ballroom_Magic-04/track.npy,ballroom,0.9722222222222222,0.9166666666666666,0.9722222222222222,0.9166666666666666,0.722167653796454,0.7484117091063258,0.8450704225352113,0.8695652173913043
ballroom/ballroom_Albums-Cafe_Paradiso-07/track.npy,ballroom,1.0,1.0,1.0,1.0,0.9690260621544945,0.9778067546145259,1.0,1.0
ballroom/ballroom_Albums-Cafe_Paradiso-15/track.npy,ballroom,0.9861111111111112,1.0,0.9861111111111112,1.0,0.9564462931527511,0.9327085284321102,0.993006993006993,1.0
ballroom/ballroom_Albums-Chrisanne1-06/track.npy,ballroom,0.9622641509433962,1.0,0.9622641509433962,1.0,0.8823825068966517,0.9469022785288199,0.9433962264150944,1.0
ballroom/ballroom_Albums-Chrisanne2-02/track.npy,ballroom,1.0,1.0,1.0,1.0,0.9516596248195195,0.9559718568587091,1.0,1.0
ballroom/ballroom_Albums-Chrisanne2-07/track.npy,ballroom,1.0,1.0,1.0,1.0,0.9547555315373604,0.976653758217484,1.0,1.0
ballroom/ballroom_Albums-Chrisanne3-14/track.npy,ballroom,0.9761904761904762,1.0,0.9761904761904762,1.0,0.8839211571900563,0.8888735318224571,1.0,1.0
ballroom/ballroom_Albums-Fire-02/track.npy,ballroom,1.0,1.0,1.0,1.0,0.9278644055973196,0.914977297173097,1.0,1.0
ballroom/ballroom_Albums-Fire-03/track.npy,ballroom,1.0,1.0,1.0,1.0,0.9473890536927563,0.9281221711364832,1.0,1.0
ballroom/ballroom_Albums-Fire-07/track.npy,ballroom,0.9315068493150684,0.9444444444444444,0.9315068493150684,0.9444444444444444,0.9264280372784796,0.9392774002933704,0.9645390070921985,0.9714285714285714
ballroom/ballroom_Albums-Fire-10/track.npy,ballroom,0.9761904761904762,1.0,0.9761904761904762,1.0,0.9137387159816002,0.9048260044814014,0.9879518072289156,1.0
ballroom/ballroom_Albums-GloriaEstefan_MiTierra-04/track.npy,ballroom,0.98,1.0,0.98,1.0,0.9346297271822634,0.964051578697357,0.9696969696969697,1.0
ballroom/ballroom_Albums-GloriaEstefan_MiTierra-06/track.npy,ballroom,1.0,1.0,1.0,1.0,0.970109203408778,0.9592353877925852,1.0,1.0
ballroom/ballroom_Albums-Latin_Jam-12/track.npy,ballroom,0.9864864864864865,0.6842105263157895,0.9864864864864865,0.6842105263157895,0.9634994486816097,0.6767255208822579,0.9931972789115647,0.7368421052631579
ballroom/ballroom_Albums-Latin_Jam2-06/track.npy,ballroom,1.0,1.0,1.0,1.0,0.9857034704356541,0.9771007778444437,1.0,1.0
ballroom/ballroom_Albums-Latin_Jam2-12/track.npy,ballroom,0.9726027397260274,0.4444444444444444,0.9726027397260274,0.4444444444444444,0.9635969620670716,0.4306720068374,0.993103448275862,0.4444444444444444
ballroom/ballroom_Albums-Latin_Jam3-05/track.npy,ballroom,1.0,1.0,1.0,1.0,0.9754620431614685,0.9881898769170739,1.0,1.0
ballroom/ballroom_Albums-Latin_Jam4-01/track.npy,ballroom,1.0,1.0,1.0,1.0,0.98201416215416,0.9798086925723793,1.0,1.0
ballroom/ballroom_Albums-Latin_Jam4-08/track.npy,ballroom,0.9772727272727273,1.0,0.9772727272727273,1.0,0.9513633556578951,0.992686423437291,0.9885057471264368,1.0
ballroom/ballroom_Albums-Macumba-03/track.npy,ballroom,1.0,1.0,1.0,1.0,0.9803152581262313,0.984927483498483,1.0,1.0
ballroom/ballroom_Albums-Macumba-16/track.npy,ballroom,1.0,1.0,1.0,1.0,0.9770764807571398,0.9861178315849294,1.0,1.0
ballroom/ballroom_Albums-Pais_Tropical-12/track.npy,ballroom,1.0,1.0,1.0,1.0,0.944322041470254,0.9273702144328718,1.0,1.0
ballroom/ballroom_Albums-Pais_Tropical-14/track.npy,ballroom,0.9859154929577465,0.9444444444444444,0.9859154929577465,0.9444444444444444,0.9713798631166835,0.9605306888758905,0.9929078014184397,0.9714285714285714
ballroom/ballroom_Albums-Secret_Garden-05/track.npy,ballroom,0.9,0.5,0.9,0.4,0.7794453911272573,0.3070591111698694,0.8666666666666667,0.4000000000000001
ballroom/ballroom_Albums-Step_By_Step-03/track.npy,ballroom,1.0,1.0,1.0,1.0,0.8893922987422404,0.9484616615964899,1.0,1.0
ballroom/ballroom_Albums-Step_By_Step-06/track.npy,ballroom,1.0,1.0,1.0,1.0,0.905270978166193,0.839654519483979,1.0,1.0
ballroom/ballroom_Albums-Step_By_Step-18/track.npy,ballroom,0.9883720930232558,1.0,0.9883720930232558,1.0,0.9384178903894014,0.9196740074037184,0.9941520467836257,1.0
ballroom/ballroom_Albums-StrictlyDancing_Tango-15/track.npy,ballroom,0.9272727272727272,0.9285714285714286,0.9272727272727272,0.9285714285714286,0.8706568357155021,0.8464035371384719,0.9814814814814815,0.962962962962963
ballroom/ballroom_Media-100601/track.npy,ballroom,1.0,1.0,1.0,1.0,0.9355516423660837,0.9371286654695683,1.0,1.0
ballroom/ballroom_Media-100610/track.npy,ballroom,1.0,1.0,1.0,1.0,0.9418192105172881,0.9449150416454082,1.0,1.0
ballroom/ballroom_Media-103306/track.npy,ballroom,0.9814814814814815,1.0,0.9814814814814815,1.0,0.9087378893499758,0.9341432421448103,0.9906542056074767,1.0
ballroom/ballroom_Media-103401/track.npy,ballroom,1.0,1.0,1.0,1.0,0.9651667831823133,0.9748704166347868,1.0,1.0
ballroom/ballroom_Media-103406/track.npy,ballroom,1.0,1.0,1.0,1.0,0.9830658769667712,0.9689327975736158,1.0,1.0
ballroom/ballroom_Media-103409/track.npy,ballroom,0.9807692307692307,0.9230769230769231,0.9807692307692307,0.9230769230769231,0.9700326113656451,0.9389199251670215,0.9902912621359222,0.9600000000000001
ballroom/ballroom_Media-103410/track.npy,ballroom,0.9423076923076923,0.9230769230769231,0.9423076923076923,0.9230769230769231,0.9505958331587617,0.9350754284304367,0.9702970297029703,0.9600000000000001
ballroom/ballroom_Media-103514/track.npy,ballroom,1.0,1.0,1.0,1.0,0.9729205845232344,0.9654310119639433,1.0,1.0
ballroom/ballroom_Media-103606/track.npy,ballroom,0.6410256410256411,0.5,0.6410256410256411,0.5,0.7798086134292651,0.7666663339781242,0.8,0.7777777777777777
ballroom/ballroom_Media-103613/track.npy,ballroom,0.9863013698630136,1.0,0.9863013698630136,1.0,0.9642159050796391,0.9675002337212043,0.993103448275862,1.0
ballroom/ballroom_Media-103703/track.npy,ballroom,1.0,1.0,1.0,1.0,0.9683642684913023,0.9735691252075512,1.0,1.0
ballroom/ballroom_Media-103715/track.npy,ballroom,1.0,0.8666666666666667,0.0,0.0,0.7717662489437428,0.7739736488008652,0.6744186046511628,0.6363636363636364
ballroom/ballroom_Media-103718/track.npy,ballroom,0.9245283018867925,0.9230769230769231,0.9245283018867925,0.9230769230769231,0.9362165053671873,0.9289408153352582,0.9607843137254902,0.9600000000000001
ballroom/ballroom_Media-103804/track.npy,ballroom,0.9795918367346939,1.0,0.9795918367346939,1.0,0.9676217304546002,0.9565510159323342,0.9896907216494846,1.0
ballroom/ballroom_Media-103808/track.npy,ballroom,1.0,1.0,1.0,1.0,0.9744025155207062,0.990137465134293,1.0,1.0
ballroom/ballroom_Media-103811/track.npy,ballroom,1.0,1.0,1.0,1.0,0.9487276739463084,0.9590633093808376,1.0,1.0
ballroom/ballroom_Media-103818/track.npy,ballroom,1.0,1.0,1.0,1.0,0.9841928843364902,0.9861121029690866,1.0,1.0
ballroom/ballroom_Media-103907/track.npy,ballroom,1.0,1.0,1.0,1.0,0.9738803516394636,0.9842997715086206,1.0,1.0
ballroom/ballroom_Media-104103/track.npy,ballroom,1.0,1.0,1.0,1.0,0.9451129454768106,0.9629164411682001,1.0,1.0
ballroom/ballroom_Media-104105/track.npy,ballroom,1.0,0.0,1.0,0.0,0.9582099971627474,6.040405212382982e-47,1.0,0.0
ballroom/ballroom_Media-104204/track.npy,ballroom,1.0,1.0,1.0,1.0,0.9742215383095001,0.990202039376522,1.0,1.0
ballroom/ballroom_Media-104207/track.npy,ballroom,0.9636363636363636,0.6666666666666666,0.9636363636363636,0.6666666666666666,0.944180336276201,0.6894028192568707,0.9814814814814815,0.7142857142857142
ballroom/ballroom_Media-104403/track.npy,ballroom,0.972972972972973,0.9230769230769231,0.972972972972973,0.9230769230769231,0.9437945287796835,0.9050703050839943,0.9863013698630138,0.9600000000000001
ballroom/ballroom_Media-104406/track.npy,ballroom,1.0,1.0,1.0,1.0,0.96471355720405,0.9559461670658445,1.0,1.0
ballroom/ballroom_Media-104415/track.npy,ballroom,0.9655172413793104,1.0,0.9655172413793104,1.0,0.9577324749419374,0.9745787500588609,0.9826589595375722,1.0
ballroom/ballroom_Media-104508/track.npy,ballroom,1.0,1.0,1.0,1.0,0.9724222372230581,0.9695621283478825,1.0,1.0
ballroom/ballroom_Media-104604/track.npy,ballroom,0.9459459459459459,0.9166666666666666,0.9459459459459459,0.9166666666666666,0.8869690967085402,0.8852776761147751,0.9444444444444445,0.9565217391304348
ballroom/ballroom_Media-104606/track.npy,ballroom,0.9818181818181818,1.0,0.9818181818181818,1.0,0.8946260778105358,0.8739592501409392,0.9908256880733944,1.0
ballroom/ballroom_Media-104607/track.npy,ballroom,1.0,0.9615384615384616,1.0,0.9615384615384616,0.9509466431624163,0.9334998708572548,1.0,0.9803921568627451
ballroom/ballroom_Media-104617/track.npy,ballroom,0.9883720930232558,0.8095238095238095,0.9883720930232558,0.8095238095238095,0.9036370869871596,0.7363561188167919,0.9883720930232558,0.8095238095238095
ballroom/ballroom_Media-104704/track.npy,ballroom,0.8787878787878788,0.6363636363636364,0.8787878787878788,0.6363636363636364,0.7084836263443233,0.6278027483059169,0.7878787878787878,0.6666666666666666
ballroom/ballroom_Media-104717/track.npy,ballroom,0.9885057471264368,0.9545454545454546,0.9885057471264368,0.9545454545454546,0.9348007207641819,0.9177952598336904,0.9942196531791908,0.9767441860465117
ballroom/ballroom_Media-104803/track.npy,ballroom,1.0,1.0,1.0,1.0,0.9129883828929093,0.9633921898349332,1.0,1.0
ballroom/ballroom_Media-104804/track.npy,ballroom,1.0,1.0,1.0,1.0,0.8782499418213002,0.9253762532949502,1.0,1.0
ballroom/ballroom_Media-104808/track.npy,ballroom,0.9636363636363636,0.5714285714285714,0.9636363636363636,0.5714285714285714,0.8667519652263859,0.5964596482606218,0.9818181818181818,0.6428571428571429
ballroom/ballroom_Media-104810/track.npy,ballroom,1.0,1.0,1.0,1.0,0.863891257686063,0.8941592416885611,1.0,1.0
ballroom/ballroom_Media-104816/track.npy,ballroom,0.8705882352941177,0.9047619047619048,0.8705882352941177,0.9047619047619048,0.8996215667082855,0.9075798714761258,0.9308176100628931,0.9500000000000001
ballroom/ballroom_Media-104907/track.npy,ballroom,1.0,1.0,1.0,1.0,0.7101744042547395,0.7158871586483629,0.9615384615384616,0.9230769230769231
ballroom/ballroom_Media-105004/track.npy,ballroom,0.8529411764705882,1.0,0.8529411764705882,1.0,0.6537223678894528,0.6385244126625961,0.7761194029850745,0.7272727272727273
ballroom/ballroom_Media-105101/track.npy,ballroom,0.75,0.9166666666666666,0.75,0.9166666666666666,0.4720420594833714,0.5050412140655302,0.676056338028169,0.6956521739130435
ballroom/ballroom_Media-105110/track.npy,ballroom,0.9444444444444444,1.0,0.9444444444444444,1.0,0.8714195224416066,0.8872493340508957,0.965034965034965,0.9583333333333334
ballroom/ballroom_Media-105207/track.npy,ballroom,1.0,1.0,1.0,1.0,0.9736293795128953,0.9811011544607834,1.0,1.0
ballroom/ballroom_Media-105305/track.npy,ballroom,0.9811320754716981,1.0,0.9811320754716981,1.0,0.9125562986432486,0.9520501596702149,0.9904761904761905,1.0
ballroom/ballroom_Media-105316/track.npy,ballroom,0.9714285714285714,0.9166666666666666,0.9714285714285714,0.9166666666666666,0.9435111918016594,0.9256185111976909,0.9855072463768115,0.9565217391304348
ballroom/ballroom_Media-105406/track.npy,ballroom,1.0,1.0,1.0,1.0,0.9723283929190107,0.9747956540835682,1.0,1.0
ballroom/ballroom_Media-105601/track.npy,ballroom,0.9807692307692307,1.0,0.9807692307692307,1.0,0.971076759924452,0.9842162011653207,0.9902912621359222,1.0
ballroom/ballroom_Media-105609/track.npy,ballroom,1.0,1.0,1.0,1.0,0.9726284562142353,0.9685427067908374,1.0,1.0
ballroom/ballroom_Media-105820/track.npy,ballroom,0.9882352941176471,1.0,0.9882352941176471,1.0,0.9505901164635197,0.9727431703564665,0.9940828402366864,1.0
ballroom/ballroom_Media-105905/track.npy,ballroom,1.0,1.0,1.0,1.0,0.9637189350379097,0.9750686108438404,1.0,1.0
ballroom/ballroom_Media-105913/track.npy,ballroom,0.9883720930232558,0.9523809523809523,0.9883720930232558,0.0,0.9432869672638775,0.4688120535834575,0.9941520467836257,0.0
ballroom/ballroom_Media-105914/track.npy,ballroom,0.9878048780487805,1.0,0.9878048780487805,1.0,0.9388777385991527,0.941845283823807,0.9938650306748467,1.0
ballroom/ballroom_Media-106002/track.npy,ballroom,0.9545454545454546,1.0,0.9545454545454546,1.0,0.9360318547255576,0.9731052956070007,0.9767441860465117,1.0
ballroom/ballroom_Media-106004/track.npy,ballroom,0.9555555555555556,1.0,0.9555555555555556,1.0,0.9594414388039104,0.9893291097288461,0.9772727272727273,1.0
ballroom/ballroom_Media-106110/track.npy,ballroom,0.9523809523809523,0.9090909090909091,0.9523809523809523,0.9090909090909091,0.907298564975668,0.8937484787634179,0.975609756097561,0.9523809523809523
ballroom/ballroom_Media-106113/track.npy,ballroom,0.85,0.9,0.85,0.9,0.8936564101431234,0.9040127663607574,0.9189189189189189,0.9473684210526316
ballroom/ballroom_Media-106119/track.npy,ballroom,0.9459459459459459,1.0,0.9459459459459459,1.0,0.9263699579680436,0.9439838763017655,0.9722222222222222,1.0
beatles/beatles_01_Please_Please_Me_13_Theres_A_Place/track.npy,beatles,0.9917695473251029,0.9016393442622951,0.9917695473251029,0.9016393442622951,0.9542594167303786,0.8949543504332185,0.9938144329896909,0.9256198347107439
beatles/beatles_02_With_the_Beatles_03_All_My_Loving/track.npy,beatles,0.9837133550488599,0.8701298701298701,0.9837133550488599,0.8701298701298701,0.9548616372552458,0.8451269353287569,0.9869706840390879,0.8701298701298701
beatles/beatles_02_With_the_Beatles_04_Dont_Bother_Me/track.npy,beatles,0.9797979797979798,0.86,0.0,0.0,0.7871474168517826,0.7325060437710709,0.6621621621621622,0.6621621621621622
beatles/beatles_03_A_Hard_Days_Night_09_Ill_Cry_Instead/track.npy,beatles,0.9806451612903225,0.875,0.9806451612903225,0.875,0.9321342385610231,0.857664965580963,0.9741935483870968,0.8860759493670887
beatles/beatles_03_A_Hard_Days_Night_10_Things_We_Said_Today/track.npy,beatles,0.9941176470588236,0.8953488372093024,0.9941176470588236,0.8953488372093024,0.971451843380676,0.888378641799177,0.9970501474926253,0.9122807017543859
beatles/beatles_04_Beatles_for_Sale_05_Ill_Follow_the_Sun/track.npy,beatles,0.9864864864864865,0.8545454545454545,0.9864864864864865,0.8545454545454545,0.6433118328764156,0.5757617051736054,0.9864253393665158,0.8727272727272727
beatles/beatles_05_Help_03_Youve_Got_To_Hide_Your_Love_Away/track.npy,beatles,0.9673024523160763,0.8780487804878049,0.9673024523160763,0.8780487804878049,0.8498653956447505,0.7532380037469707,0.9945355191256832,0.8897959183673471
beatles/beatles_05_Help_07_Ticket_To_Ride/track.npy,beatles,0.9892183288409704,0.956989247311828,0.9892183288409704,0.956989247311828,0.7913276254077851,0.7905185287010539,0.9946091644204852,0.967741935483871
beatles/beatles_06_Rubber_Soul_06_The_Word/track.npy,beatles,0.9274447949526814,0.7875,0.9274447949526814,0.7875,0.7820075557033918,0.6613017955001501,0.9537480063795853,0.8176100628930818
beatles/beatles_06_Rubber_Soul_09_Girl/track.npy,beatles,0.9696969696969697,0.8620689655172413,0.9696969696969697,0.8620689655172413,0.8799222848151826,0.7759595022844084,0.9846827133479211,0.8869565217391304
beatles/beatles_07_Revolver_10_For_No_One/track.npy,beatles,0.9932885906040269,1.0,0.0,0.0,0.751230910227709,0.7407594691553749,0.6621923937360179,0.6607142857142857
beatles/beatles_07_Revolver_14_Tomorrow_Never_Knows/track.npy,beatles,0.9777158774373259,0.9777777777777777,0.9777158774373259,0.9777777777777777,0.9013585980336941,0.9094333344037255,0.9887323943661972,0.9887640449438202
beatles/beatles_08_Sgt_Peppers_Lonely_Hearts_Club_Band_06_Shes_Leaving_Home/track.npy,beatles,0.8482758620689655,0.27586206896551724,0.8482758620689655,0.27586206896551724,0.6761011707189155,0.41723655239992413,0.9028436018957345,0.5833333333333334
beatles/beatles_09_Magical_Mystery_Tour_02_The_Fool_On_The_Hill/track.npy,beatles,0.9951690821256038,0.9423076923076923,0.9951690821256038,0.9423076923076923,0.7903328746494189,0.7894387897871432,0.9806763285024155,0.9514563106796117
beatles/beatles_09_Magical_Mystery_Tour_11_All_You_Need_Is_Love/track.npy,beatles,0.97911227154047,0.4666666666666667,0.97911227154047,0.4666666666666667,0.8015203443987423,0.45912373346088237,0.9894459102902375,0.5421686746987951
beatles/beatles_10_CD1_The_Beatles_04_Ob-La-Di_Ob-La-Da/track.npy,beatles,0.9822485207100592,0.4594594594594595,0.9822485207100592,0.4594594594594595,0.9306816674638578,0.7492876885982793,0.9955423476968795,0.8102564102564102
beatles/beatles_10_CD1_The_Beatles_06_The_Continuing_Story_of_Bungalow_Bill/track.npy,beatles,0.9444444444444444,0.42857142857142855,0.9444444444444444,0.42857142857142855,0.8508905821681172,0.5050618398473782,0.9719298245614035,0.5931034482758619
beatles/beatles_10_CD2_The_Beatles_03_Mother_Natures_Son/track.npy,beatles,0.95,0.423728813559322,0.95,0.09009009009009009,0.8615009795272174,0.5872127246240878,0.9771689497716896,0.6588235294117647
beatles/beatles_11_Abbey_Road_01_Come_Together/track.npy,beatles,0.7870619946091644,0.8850574712643678,0.7870619946091644,0.8850574712643678,0.8579035881779082,0.826759662709502,0.8907563025210085,0.8554913294797688
beatles/beatles_11_Abbey_Road_11_Mean_Mr_Mustard/track.npy,beatles,1.0,0.9230769230769231,1.0,0.9230769230769231,0.9502858290943649,0.8964640067700834,1.0,0.9411764705882353
beatles/beatles_11_Abbey_Road_17_Her_Majesty/track.npy,beatles,0.967741935483871,0.625,0.967741935483871,0.0,0.936852848900227,0.6251991773472818,0.967741935483871,0.5217391304347827
beatles/beatles_12_Let_It_Be_03_Across_the_Universe/track.npy,beatles,0.9027777777777778,0.4520547945205479,0.045207956600361664,0.028985507246376812,0.7656371779370287,0.5590718690796246,0.680142687277051,0.6066350710900473
candombe/csic.1995_ansina1_02/track.npy,candombe,1.0,1.0,1.0,1.0,0.9755120027419176,0.9753058145336332,1.0,1.0
candombe/csic.1995_cuareim_03/track.npy,candombe,0.9966159052453468,0.9864864864864865,0.9966159052453468,0.9864864864864865,0.9818081242137673,0.9766646796782376,0.9991532599491956,0.9932432432432432
candombe/proyecto.1992_pelado_01/track.npy,candombe,1.0,1.0,1.0,1.0,0.9725486028986662,0.972969808956111,1.0,1.0
candombe/zavala.muniz.2014_54/track.npy,candombe,1.0,1.0,1.0,1.0,0.9748509503788835,0.9778946246562219,1.0,1.0
filosax/filosax_01/track.npy,filosax,0.8272108843537415,0.9243243243243243,0.8272108843537415,0.9243243243243243,0.9129927699441865,0.8909941480261659,0.9517730496453901,0.9376693766937669
filosax/filosax_06/track.npy,filosax,0.9863791146424518,0.95,0.9863791146424518,0.95,0.9383995535102883,0.9055887522774536,0.992575671045117,0.965675057208238
filosax/filosax_12/track.npy,filosax,0.9963768115942029,0.9178743961352657,0.9963768115942029,0.9178743961352657,0.9368639571380475,0.8679206458289144,0.9975845410628019,0.9323671497584541
filosax/filosax_31/track.npy,filosax,0.9902834008097166,0.9090909090909091,0.9902834008097166,0.9090909090909091,0.962387645664406,0.9153901718458402,0.9967558799675589,0.9503311258278145
filosax/filosax_32/track.npy,filosax,0.9898403483309144,0.9421965317919075,0.9898403483309144,0.9421965317919075,0.9398763586568089,0.8940153511180551,0.9941944847605225,0.9593023255813954
filosax/filosax_35/track.npy,filosax,0.9938042131350682,0.9850746268656716,0.9938042131350682,0.9850746268656716,0.9493909251657603,0.9366456803969234,0.9981378026070763,0.9900497512437811
groove_midi/drummer10_session1_2_jazz-swing_215_beat_4-4/track.npy,groove_midi,0.9805194805194806,0.987012987012987,0.9805194805194806,0.987012987012987,0.8803605457549022,0.8698926362521493,0.9983739837398374,0.987012987012987
groove_midi/drummer1_eval_session_4_soul-groove4_80_beat_4-4/track.npy,groove_midi,1.0,1.0,1.0,1.0,0.9836786668511167,0.9843392323199754,1.0,1.0
groove_midi/drummer1_session1_201_reggae-slow_64_beat_4-4/track.npy,groove_midi,0.6343612334801763,0.45454545454545453,0.20430107526881722,0.45454545454545453,0.7571055159305877,0.4421531721498643,0.7466666666666668,0.49180327868852464
groove_midi/drummer1_session1_202_rock-halftime_140_beat_4-4/track.npy,groove_midi,0.5696594427244582,0.5609756097560976,0.2732673267326733,0.25196850393700787,0.7868132236071058,0.7590176829882864,0.7777777777777777,0.7559808612440192
groove_midi/drummer1_session1_47_jazz_102_beat_4-4/track.npy,groove_midi,1.0,1.0,1.0,1.0,0.9129668760331757,0.908118049323949,0.9966555183946488,0.9864864864864865
groove_midi/drummer1_session1_77_jazz-mediumfast_180_beat_4-4/track.npy,groove_midi,0.7995337995337995,0.5925925925925926,0.7995337995337995,0.5925925925925926,0.8692630347976944,0.7919850987535602,0.947239263803681,0.8556701030927835
groove_midi/drummer1_session2_110_rock-prog_190_beat_4-4/track.npy,groove_midi,0.7283950617283951,0.3055555555555556,0.024305555555555556,0.041666666666666664,0.5388944465060568,0.3563798724210983,0.6133333333333334,0.4716981132075472
groove_midi/drummer1_session2_62_punk_144_beat_4-4/track.npy,groove_midi,0.9936974789915967,1.0,0.9936974789915967,1.0,0.9516017269240504,0.9496647109711174,0.9968387776606955,1.0
groove_midi/drummer1_session2_9_jazz-march_120_beat_4-4/track.npy,groove_midi,0.7933884297520661,0.7333333333333333,0.7933884297520661,0.7333333333333333,0.7611655813624167,0.6741769096502293,0.8125,0.7394957983193278
groove_midi/drummer1_session3_13_rock_115_beat_4-4/track.npy,groove_midi,0.9913194444444444,0.9166666666666666,0.9913194444444444,0.9166666666666666,0.9097731828760748,0.8444914623525371,0.9973890339425587,0.9305555555555556
groove_midi/drummer1_session3_4_jazz-linear_182_beat_4-4/track.npy,groove_midi,0.4838709677419355,0.43,0.18125,0.01,0.5687634185087374,0.3478878896892923,0.6272285251215558,0.36678200692041524
groove_midi/drummer1_session3_6_dance-disco_120_beat_4-4/track.npy,groove_midi,0.995475113122172,0.963963963963964,0.995475113122172,0.963963963963964,0.9524434606639439,0.9275924713053372,0.997737556561086,0.9773755656108598
groove_midi/drummer3_session1_18_rock_120_beat_4-4/track.npy,groove_midi,1.0,1.0,1.0,1.0,0.9121809633960155,0.9103087210378171,1.0,1.0
groove_midi/drummer3_session2_1_rock_100_beat_4-4/track.npy,groove_midi,1.0,1.0,1.0,1.0,0.9089530433299294,0.9257840877741061,1.0,1.0
groove_midi/drummer3_session2_43_rock_110_beat_4-4/track.npy,groove_midi,0.9594594594594594,1.0,0.9594594594594594,1.0,0.9184969255198343,0.9266052690373926,0.9793103448275862,1.0
groove_midi/drummer4_session1_3_jazz-klezmer_152_beat_4-4/track.npy,groove_midi,0.46987951807228917,0.35,0.46987951807228917,0.35,0.4026408611030181,0.2662808581787322,0.5925925925925926,0.2777777777777778
groove_midi/drummer5_eval_session_4_soul-groove4_80_beat_4-4/track.npy,groove_midi,1.0,1.0,1.0,1.0,0.969791608928343,0.9719836058646952,1.0,1.0
groove_midi/drummer5_eval_session_8_rock-groove8_65_beat_4-4/track.npy,groove_midi,1.0,1.0,1.0,1.0,0.7866876167136179,0.7364452330241588,1.0,1.0
groove_midi/drummer5_session1_10_latin-brazilian-sambareggae_96_beat_4-4/track.npy,groove_midi,0.9868421052631579,0.9473684210526315,0.9868421052631579,0.9473684210526315,0.9465132707323047,0.9413837297917538,0.9933774834437086,0.972972972972973
groove_midi/drummer5_session1_19_middleeastern_126_beat_4-4/track.npy,groove_midi,0.4906054279749478,0.3826086956521739,0.4906054279749478,0.07758620689655173,0.617335086294847,0.1993362295231783,0.6228813559322033,0.0857142857142857
groove_midi/drummer5_session2_11_soul_96_beat_4-4/track.npy,groove_midi,0.9951219512195122,0.9807692307692307,0.9951219512195122,0.9807692307692307,0.9588318627057274,0.959619460126242,0.9975550122249389,0.9902912621359222
groove_midi/drummer5_session2_16_latin-ando_125_beat_3-4/track.npy,groove_midi,0.92,0.07692307692307693,0.92,0.0,0.9133978029764205,0.23637181337292318,0.956386292834891,0.2427745664739884
groove_midi/drummer5_session2_3_latin-brazilian_101_beat_4-4/track.npy,groove_midi,0.9878048780487805,0.6341463414634146,0.9878048780487805,0.6341463414634146,0.8712406289933495,0.5675194365264017,0.9939024390243902,0.6666666666666667
groove_midi/drummer5_session2_8_neworleans-chacha_124_beat_4-4/track.npy,groove_midi,0.5785123966942148,0.38596491228070173,0.5785123966942148,0.38596491228070173,0.641292047180074,0.4972494850343269,0.6751592356687898,0.52
groove_midi/drummer6_session1_2_rock_70_beat_6-8/track.npy,groove_midi,0.828125,0.2,0.828125,0.06666666666666667,0.7661475625823397,0.23492399055943686,0.8571428571428571,0.24
groove_midi/drummer6_session2_3_rock_88_beat_4-4/track.npy,groove_midi,0.9861111111111112,0.8472222222222222,0.9861111111111112,0.8472222222222222,0.8490121507319484,0.7883254638421838,0.9861111111111112,0.9285714285714286
groove_midi/drummer6_session3_1_rock_90_beat_4-4/track.npy,groove_midi,0.9868421052631579,0.9473684210526315,0.9868421052631579,0.0,0.8326961949033528,0.40239289732484546,0.9933774834437086,0.0
groove_midi/drummer6_session3_2_rock_100_beat_4-4/track.npy,groove_midi,0.9914529914529915,1.0,0.9914529914529915,1.0,0.8919814411500461,0.8811987110442904,0.9957081545064378,1.0
groove_midi/drummer7_session1_12_funk_102_beat_4-4/track.npy,groove_midi,0.9047619047619048,0.9523809523809523,0.9047619047619048,0.0,0.7565465954726404,0.3616998165011642,0.8571428571428571,0.0
groove_midi/drummer7_session2_101_pop_142_beat_4-4/track.npy,groove_midi,0.9642857142857143,0.5714285714285714,0.9642857142857143,0.23809523809523808,0.8579665822362618,0.5140157928356528,0.9820359281437125,0.5714285714285714
groove_midi/drummer7_session2_115_jazz-fusion_96_beat_4-4/track.npy,groove_midi,1.0,1.0,1.0,1.0,0.9316654689718354,0.9207212215152727,1.0,1.0
groove_midi/drummer7_session2_33_rock_75_beat_4-4/track.npy,groove_midi,1.0,1.0,1.0,1.0,0.6935287165304397,0.7422512525258352,0.9655172413793104,1.0
groove_midi/drummer7_session2_72_funk_100_beat_4-4/track.npy,groove_midi,0.9884393063583815,0.9302325581395349,0.9884393063583815,0.9302325581395349,0.956845282079351,0.9231990928442292,0.994186046511628,0.9647058823529412
groove_midi/drummer7_session3_159_soul_98_beat_4-4/track.npy,groove_midi,0.975,0.9,0.975,0.9,0.8955216337772908,0.8787674218255211,0.9873417721518987,0.9473684210526316
groove_midi/drummer7_session3_46_rock-indie_63_beat_4-4/track.npy,groove_midi,0.9508196721311475,0.875,0.9508196721311475,0.875,0.8963187295441158,0.862515127206141,0.9747899159663865,0.9333333333333333
groove_midi/drummer7_session3_67_neworleans-funk_93_beat_4-4/track.npy,groove_midi,0.9891891891891892,0.9574468085106383,0.9891891891891892,0.9574468085106383,0.90701266861645,0.8570518348792969,0.997289972899729,0.9462365591397849
groove_midi/drummer8_eval_session_10_soul-groove10_102_beat_4-4/track.npy,groove_midi,1.0,0.7142857142857143,1.0,0.7142857142857143,0.935819396609485,0.7128656441830628,1.0,0.7407407407407408
groove_midi/drummer8_eval_session_9_soul-groove9_105_beat_4-4/track.npy,groove_midi,1.0,1.0,1.0,1.0,0.8975254649697768,0.9351700347264764,1.0,1.0
groove_midi/drummer8_session1_26_afrobeat_94_beat_4-4/track.npy,groove_midi,0.8592964824120602,0.7785234899328859,0.06951871657754011,0.0,0.7600014730466736,0.6626946000737484,0.6883720930232559,0.5514018691588785
groove_midi/drummer8_session1_2_funk_95_beat_4-4/track.npy,groove_midi,1.0,1.0,1.0,1.0,0.9488349602884162,0.9448247818786688,1.0,1.0
groove_midi/drummer8_session1_7_funk_80_beat_4-4/track.npy,groove_midi,0.9901477832512315,0.82,0.9901477832512315,0.82,0.869492363198746,0.7535138180444014,0.995049504950495,0.8599999999999999
groove_midi/drummer9_session1_13_rock_120_beat_4-4/track.npy,groove_midi,0.7974683544303798,1.0,0.7974683544303798,1.0,0.7063157851338976,0.71566988583523,0.810126582278481,0.85
guitarset/00_Rock3-148-C_comp_mix/track.npy,guitarset,1.0,1.0,1.0,1.0,0.9119803389259225,0.8395810231916855,1.0,1.0
guitarset/00_SS1-68-E_comp_mix/track.npy,guitarset,0.9130434782608695,0.5,0.9130434782608695,0.1,0.7739277975371806,0.4432845151984661,0.9545454545454545,0.5
guitarset/01_BN2-166-Ab_comp_mix/track.npy,guitarset,1.0,1.0,1.0,1.0,0.9325754562016949,0.9390074028564426,1.0,1.0
guitarset/01_Funk2-119-G_comp_mix/track.npy,guitarset,0.9818181818181818,0.9285714285714286,0.9818181818181818,0.9285714285714286,0.9668887021116187,0.9361136290253768,0.9908256880733944,0.962962962962963
guitarset/01_Jazz1-200-B_comp_mix/track.npy,guitarset,1.0,1.0,1.0,1.0,0.978889286326862,0.9796276400923695,1.0,1.0
guitarset/01_Jazz3-150-C_comp_mix/track.npy,guitarset,0.9807692307692307,0.46153846153846156,0.9807692307692307,0.46153846153846156,0.9598875377447214,0.46728989415617406,0.9902912621359222,0.48000000000000004
guitarset/02_BN1-147-Gb_comp_mix/track.npy,guitarset,1.0,1.0,1.0,1.0,0.8900789485380532,0.8440458897554353,1.0,1.0
guitarset/02_Jazz1-200-B_comp_mix/track.npy,guitarset,1.0,1.0,1.0,1.0,0.9175300819028374,0.9275985912664159,1.0,1.0
guitarset/02_Rock1-90-C#_comp_mix/track.npy,guitarset,0.975609756097561,0.9090909090909091,0.975609756097561,0.9090909090909091,0.9392613665961574,0.9122156624408229,0.9876543209876543,0.9523809523809523
guitarset/02_Rock2-85-F_comp_mix/track.npy,guitarset,1.0,1.0,1.0,1.0,0.9439030332132863,0.9471500656621706,1.0,1.0
guitarset/02_SS1-100-C#_comp_mix/track.npy,guitarset,1.0,1.0,1.0,1.0,0.8480236112302105,0.8310414312633049,1.0,1.0
guitarset/02_SS2-107-Ab_comp_mix/track.npy,guitarset,0.9821428571428571,0.9285714285714286,0.9821428571428571,0.9285714285714286,0.9403010600630244,0.909811680541668,0.9909909909909909,0.962962962962963
guitarset/03_BN3-119-G_comp_mix/track.npy,guitarset,0.9818181818181818,0.9285714285714286,0.9818181818181818,0.9285714285714286,0.91458306487869,0.8866416336432202,0.9908256880733944,0.962962962962963
guitarset/03_Rock1-130-A_comp_mix/track.npy,guitarset,1.0,1.0,1.0,1.0,0.9527307599326401,0.9417170578826308,1.0,1.0
guitarset/04_Funk1-97-C_comp_mix/track.npy,guitarset,0.875,1.0,0.875,0.0,0.7608863577543366,0.3045330705747259,0.9113924050632911,0.2857142857142857
guitarset/04_Jazz2-187-F#_comp_mix/track.npy,guitarset,0.9795918367346939,0.8333333333333334,0.9795918367346939,0.8333333333333334,0.890741980873715,0.8101529740868404,0.9896907216494846,0.9166666666666666
guitarset/04_Jazz3-150-C_comp_mix/track.npy,guitarset,0.9807692307692307,0.7692307692307693,0.9807692307692307,0.7692307692307693,0.919854275801702,0.8148510725082717,0.9902912621359222,0.8799999999999999
guitarset/04_Rock2-85-F_comp_mix/track.npy,guitarset,0.9824561403508771,0.9333333333333333,0.9824561403508771,0.9333333333333333,0.802325439977864,0.7515922793256029,0.9911504424778761,0.9655172413793104
guitarset/04_SS1-100-C#_comp_mix/track.npy,guitarset,1.0,1.0,1.0,1.0,0.9477541634076624,0.925785226588397,1.0,1.0
guitarset/05_Jazz3-137-Eb_comp_mix/track.npy,guitarset,1.0,1.0,1.0,1.0,0.7828034052784835,0.7896136054650029,1.0,1.0
guitarset/05_Rock1-130-A_comp_mix/track.npy,guitarset,1.0,1.0,1.0,1.0,0.8469051294796432,0.8111415399308997,1.0,1.0
guitarset/05_SS1-68-E_comp_mix/track.npy,guitarset,0.25333333333333335,0.5454545454545454,0.25333333333333335,0.5454545454545454,0.5910977563040629,0.37243879199790847,0.717948717948718,0.47619047619047616
hainsworth/hainsworth_002/track.npy,hainsworth,0.594059405940594,0.6153846153846154,0.3333333333333333,0.6153846153846154,0.48706485705204344,0.04414117626361425,0.374384236453202,0.038461538461538464
hainsworth/hainsworth_019/track.npy,hainsworth,1.0,1.0,1.0,1.0,0.9755961376924673,0.9844401752174695,1.0,1.0
hainsworth/hainsworth_035/track.npy,hainsworth,0.8725490196078431,0.4230769230769231,0.8725490196078431,0.4230769230769231,0.8225324154422832,0.495529958621005,0.9346733668341709,0.5599999999999999
hainsworth/hainsworth_038/track.npy,hainsworth,0.9834710743801653,1.0,0.9834710743801653,1.0,0.9767384634412162,0.9781402451704897,0.995850622406639,1.0
hainsworth/hainsworth_041/track.npy,hainsworth,1.0,1.0,1.0,1.0,0.9854384687809282,0.9824897002105771,1.0,1.0
hainsworth/hainsworth_043/track.npy,hainsworth,1.0,1.0,1.0,1.0,0.9644763915989498,0.9710007592021861,1.0,1.0
hainsworth/hainsworth_045/track.npy,hainsworth,1.0,1.0,1.0,1.0,0.9811835267944221,0.9842070628761916,1.0,1.0
hainsworth/hainsworth_051/track.npy,hainsworth,1.0,1.0,1.0,1.0,0.9816640073446901,0.9873132986881457,1.0,1.0
hainsworth/hainsworth_053/track.npy,hainsworth,1.0,1.0,1.0,1.0,0.9451816481838509,0.9554537286355669,1.0,1.0
hainsworth/hainsworth_065/track.npy,hainsworth,1.0,0.4782608695652174,1.0,0.4782608695652174,0.9596745542120377,0.5399910896593477,1.0,0.55
hainsworth/hainsworth_067/track.npy,hainsworth,1.0,1.0,1.0,1.0,0.9771180522143614,0.9800171131524418,1.0,1.0
hainsworth/hainsworth_080/track.npy,hainsworth,0.9901960784313726,1.0,0.9901960784313726,1.0,0.6833541943199357,0.6819405667182619,0.935960591133005,0.88
hainsworth/hainsworth_081/track.npy,hainsworth,1.0,1.0,1.0,1.0,0.9660642211155644,0.9731534197876633,1.0,1.0
hainsworth/hainsworth_092/track.npy,hainsworth,1.0,1.0,1.0,1.0,0.9642021722596839,0.9729376806022754,1.0,1.0
hainsworth/hainsworth_104/track.npy,hainsworth,0.9635627530364372,0.9516129032258065,0.9635627530364372,0.9516129032258065,0.8848646588492508,0.8763537370437551,0.9979716024340771,0.967741935483871
hainsworth/hainsworth_139/track.npy,hainsworth,0.9594594594594594,0.8333333333333334,0.9594594594594594,0.8333333333333334,0.935110204082871,0.8993507588251467,0.972972972972973,0.9411764705882353
hainsworth/hainsworth_161/track.npy,hainsworth,1.0,1.0,1.0,1.0,0.9826988944012993,0.9812087973646894,1.0,1.0
hainsworth/hainsworth_170/track.npy,hainsworth,1.0,1.0,1.0,1.0,0.9835510382575418,0.984831902760185,1.0,1.0
hainsworth/hainsworth_175/track.npy,hainsworth,1.0,1.0,1.0,1.0,0.9813302552742028,0.9721398253521943,1.0,1.0
hainsworth/hainsworth_188/track.npy,hainsworth,0.8585858585858586,0.42857142857142855,0.8585858585858586,0.0,0.8615696328441996,0.23707210235469892,0.9479166666666667,0.2162162162162162
hainsworth/hainsworth_194/track.npy,hainsworth,0.4583333333333333,0.5833333333333334,0.4583333333333333,0.36,0.7801434240137088,0.4806709673262707,0.8433734939759037,0.4081632653061225
hainsworth/hainsworth_215/track.npy,hainsworth,1.0,1.0,1.0,1.0,0.9731580901963428,0.9532697645214757,1.0,1.0
hainsworth/hainsworth_216/track.npy,hainsworth,1.0,1.0,1.0,1.0,0.9701868881985642,0.9640457881398763,1.0,1.0
hainsworth/hainsworth_218/track.npy,hainsworth,0.8536585365853658,0.05263157894736842,0.8536585365853658,0.0,0.6852186747496716,0.19312286969033488,0.8333333333333334,0.16216216216216214
hainsworth/hainsworth_219/track.npy,hainsworth,0.9456521739130435,0.38461538461538464,0.9456521739130435,0.0,0.8051402526673903,0.15620591873948794,0.9497206703910613,0.1714285714285714
hainsworth/hainsworth_224/track.npy,hainsworth,1.0,1.0,1.0,1.0,0.8486035943199566,0.9300510051823369,1.0,1.0
hainsworth/hainsworth_235/track.npy,hainsworth,0.9918032786885246,0.7333333333333333,0.9918032786885246,0.7333333333333333,0.9773546981965603,0.7549307328645531,0.9958847736625513,0.7666666666666667
hainsworth/hainsworth_245/track.npy,hainsworth,0.7450980392156863,0.46153846153846156,0.08247422680412371,0.0,0.7606840149056878,0.3947809376131085,0.6756756756756755,0.32432432432432434
harmonix/0001_12step/track.npy,harmonix,1.0,1.0,1.0,1.0,0.9126030162458824,0.9162340447015037,1.0,1.0
harmonix/0022_betteroffalone/track.npy,harmonix,0.8155737704918032,0.6916666666666667,0.8155737704918032,0.6916666666666667,0.857759774093543,0.80037529159648,0.8799171842650104,0.8214285714285715
harmonix/0024_billionaire/track.npy,harmonix,0.9828178694158075,0.972972972972973,0.9828178694158075,0.972972972972973,0.9532650440712671,0.9475242750476804,0.9827586206896552,0.979591836734694
harmonix/0048_chingaling/track.npy,harmonix,0.9348534201954397,0.8701298701298701,0.9348534201954397,0.8701298701298701,0.8942207925351046,0.8313866749886286,0.9664429530201342,0.9066666666666665
harmonix/0056_control/track.npy,harmonix,0.9133858267716536,0.90625,0.9133858267716536,0.90625,0.9223442271233682,0.9190571299004034,0.9547325102880658,0.9508196721311475
harmonix/0057_crankthat/track.npy,harmonix,1.0,1.0,0.0,0.0,0.8105829241176348,0.8052753128233683,0.6681715575620767,0.6666666666666666
harmonix/0062_dance/track.npy,harmonix,0.9668674698795181,0.9759036144578314,0.9668674698795181,0.9759036144578314,0.9252431201345066,0.9113929581270305,0.9697885196374623,0.963855421686747
harmonix/0070_dipitlow/track.npy,harmonix,0.6822033898305084,0.7254901960784313,0.6822033898305084,0.7254901960784313,0.7729460799362832,0.6025087789289671,0.9066059225512528,0.7254901960784313
harmonix/0082_dragosteadintei/track.npy,harmonix,0.9842696629213483,0.9642857142857143,0.9842696629213483,0.9642857142857143,0.8956242543394111,0.8777456804872135,0.9920903954802259,0.9819819819819819
harmonix/0105_getdownonit/track.npy,harmonix,0.9929411764705882,0.8504672897196262,0.9929411764705882,0.8504672897196262,0.9816753251677832,0.8463889365029154,0.9976415094339623,0.863849765258216
harmonix/0134_igotmine/track.npy,harmonix,0.936026936026936,0.8933333333333333,0.0,0.013422818791946308,0.7653557507036479,0.7615913226154276,0.6408209806157354,0.6363636363636364
harmonix/0135_igottafeeling/track.npy,harmonix,0.9973333333333333,1.0,0.9973333333333333,1.0,0.9481986002248743,0.9486742098276959,0.9986648865153538,1.0
harmonix/0136_igotyoudancing/track.npy,harmonix,1.0,1.0,1.0,1.0,0.9629005572911592,0.9656804799355574,1.0,1.0
harmonix/0143_informer/track.npy,harmonix,0.990521327014218,0.9433962264150944,0.990521327014218,0.9433962264150944,0.9305227308835279,0.8946234329468612,0.9952380952380951,0.9622641509433962
harmonix/0144_ishotthesheriff/track.npy,harmonix,0.45951859956236324,0.3333333333333333,0.23726346433770015,0.1744186046511628,0.7115450660261685,0.5611036889687404,0.708041958041958,0.5830258302583026
harmonix/0145_iwantyouback/track.npy,harmonix,0.9133574007220217,0.569620253164557,0.9133574007220217,0.569620253164557,0.9002236043410138,0.7559988290955196,0.9314079422382673,0.7866666666666666
harmonix/0148_jesusofsuburbia/track.npy,harmonix,0.528052805280528,0.26216216216216215,0.528052805280528,0.26216216216216215,0.7954278467265647,0.5860282991195039,0.8486891385767791,0.6212361331220285
harmonix/0165_lucretia/track.npy,harmonix,0.6288888888888889,0.6831683168316832,0.6288888888888889,0.6831683168316832,0.8518115792588108,0.7630923623054057,0.882138517618469,0.7794871794871795
harmonix/0167_makesomenoise/track.npy,harmonix,0.996996996996997,0.9156626506024096,0.996996996996997,0.9156626506024096,0.9488637806953354,0.8800337855704761,0.9984962406015038,0.927710843373494
harmonix/0172_marrythenight/track.npy,harmonix,0.9813664596273292,0.8148148148148148,0.9813664596273292,0.8148148148148148,0.939543125247595,0.8963252927241062,0.9953198127925117,0.922077922077922
harmonix/0177_milkshake/track.npy,harmonix,1.0,1.0,1.0,1.0,0.913601650342637,0.9093192108065583,1.0,1.0
harmonix/0181_mrsaxobeat/track.npy,harmonix,0.9949367088607595,0.9797979797979798,0.9949367088607595,0.9797979797979798,0.9633170120185538,0.9584304677861145,0.9974683544303797,0.98989898989899
harmonix/0200_oceansize/track.npy,harmonix,0.8316831683168316,0.8333333333333334,0.8316831683168316,0.8333333333333334,0.8957260693109358,0.8677938476980862,0.9314720812182741,0.8888888888888888
harmonix/0208_opp/track.npy,harmonix,0.9906759906759907,0.5555555555555556,0.9906759906759907,0.5555555555555556,0.9563330422439039,0.5653121462078545,0.9953161592505855,0.586046511627907
harmonix/0216_poison/track.npy,harmonix,0.9921568627450981,1.0,0.9921568627450981,1.0,0.9738745487406711,0.9845273358958555,0.9960629921259843,1.0
harmonix/0227_replay/track.npy,harmonix,1.0,1.0,1.0,1.0,0.9693797351134448,0.9644204437517163,1.0,1.0
harmonix/0231_rightthurr/track.npy,harmonix,1.0,1.0,1.0,1.0,0.9310315314781132,0.9502192421117496,1.0,1.0
harmonix/0237_run/track.npy,harmonix,0.989159891598916,0.978494623655914,0.989159891598916,0.978494623655914,0.8720859410761718,0.9035326728902561,0.9918478260869565,0.9945945945945946
harmonix/0276_texasflood/track.npy,harmonix,0.964873765093304,0.7821782178217822,0.964873765093304,0.045936395759717315,0.9359269326993471,0.6867095833407287,0.9828064337215752,0.5977011494252873
harmonix/0284_thehustle/track.npy,harmonix,1.0,1.0,1.0,1.0,0.9486088105679846,0.9594925987573425,1.0,1.0
harmonix/0286_theragelive/track.npy,harmonix,0.7036144578313253,0.6122448979591837,0.7036144578313253,0.6122448979591837,0.7644745002894304,0.6316997523409644,0.9090909090909092,0.7914438502673796
harmonix/0293_tomsawyer2/track.npy,harmonix,0.39657282741738065,0.3565217391304348,0.3880070546737213,0.3565217391304348,0.699036252088447,0.4229858511932137,0.7950819672131149,0.4796380090497738
harmonix/0304_weaponofchoice/track.npy,harmonix,0.5835010060362174,0.36363636363636365,0.255050505050505,0.36363636363636365,0.7361849617663161,0.5789356991768142,0.7689922480620155,0.6285714285714286
harmonix/0310_whineup/track.npy,harmonix,1.0,1.0,1.0,1.0,0.9818405725090285,0.9781665619490535,1.0,1.0
harmonix/0312_whitefalconfuzz/track.npy,harmonix,1.0,0.85,1.0,0.85,0.839343543938977,0.703348045891031,0.9936908517350158,0.8734177215189874
harmonix/0319_withoutyou/track.npy,harmonix,0.9919191919191919,0.8467741935483871,0.9919191919191919,0.8467741935483871,0.9545192002460552,0.8819440186357007,0.9969666329625885,0.925
harmonix/0322_wordup/track.npy,harmonix,0.9917864476386037,0.9918032786885246,0.9917864476386037,0.9918032786885246,0.9553932301203202,0.9562230408425878,0.9958762886597937,0.9958847736625513
harmonix/0325_ymca/track.npy,harmonix,1.0,1.0,1.0,1.0,0.9494672694974664,0.9348416621832141,1.0,1.0
harmonix/0328_youmakemefeeldc/track.npy,harmonix,0.9969418960244648,0.9753086419753086,0.9969418960244648,0.9753086419753086,0.9309001042242395,0.9139957944367572,0.9984686064318529,0.9753086419753086
harmonix/0329_youreajerk/track.npy,harmonix,1.0,1.0,1.0,1.0,0.9528649521218854,0.9606764594234808,1.0,1.0
harmonix/0338_animal/track.npy,harmonix,1.0,1.0,1.0,1.0,0.8261735968215553,0.8103162351501869,1.0,1.0
harmonix/0340_backintime/track.npy,harmonix,0.9976359338061466,1.0,0.9976359338061466,1.0,0.9813825820710357,0.9817558582283371,0.9988165680473373,1.0
harmonix/0352_boogiewonderland/track.npy,harmonix,0.9951534733441034,0.9294871794871795,0.9951534733441034,0.9294871794871795,0.8486987740534241,0.834687490354585,0.9959579628132579,0.9483870967741935
harmonix/0355_brokenhearted/track.npy,harmonix,0.9977220956719818,0.990909090909091,0.9977220956719818,0.990909090909091,0.8253790968878598,0.8029338385403346,0.9988597491448118,0.995433789954338
harmonix/0358_children/track.npy,harmonix,1.0,1.0,1.0,1.0,0.5640304764841226,0.5846321194728091,1.0,1.0
harmonix/0361_countrymustbecountrywide/track.npy,harmonix,0.9911111111111112,0.9473684210526315,0.9911111111111112,0.9473684210526315,0.9703090720324384,0.9484442030261904,0.9977728285077951,0.9734513274336283
harmonix/0369_dontyouworrychild/track.npy,harmonix,0.8953488372093024,0.7777777777777778,0.8953488372093024,0.7777777777777778,0.8921314312750936,0.7722443749554172,0.916083916083916,0.7906976744186047
harmonix/0371_downunder/track.npy,harmonix,0.968,0.9139784946236559,0.968,0.9139784946236559,0.87616938340634,0.8076200635739974,0.9837837837837838,0.9297297297297297
harmonix/0373_driveby/track.npy,harmonix,0.9973045822102425,1.0,0.9973045822102425,1.0,0.9751394513325662,0.9744478089955159,0.9986504723346828,1.0
harmonix/0392_givemeyourhand/track.npy,harmonix,0.9870967741935484,0.9568965517241379,0.9870967741935484,0.9568965517241379,0.9609151993172821,0.9447475855577246,0.9935064935064934,0.9783549783549784
harmonix/0400_heatofthemoment/track.npy,harmonix,0.904572564612326,0.4915254237288136,0.904572564612326,0.4915254237288136,0.7981768191555845,0.5704441904824241,0.9185929648241206,0.648888888888889
harmonix/0404_holditagainstme/track.npy,harmonix,0.9938650306748467,0.967479674796748,0.9938650306748467,0.967479674796748,0.9738417282773489,0.9551641218289761,0.9969230769230769,0.9795918367346939
harmonix/0405_home/track.npy,harmonix,1.0,1.0,1.0,1.0,0.3992152924448924,0.40780642148947477,0.9704545454545455,0.9727272727272728
harmonix/0420_itsrainingmen/track.npy,harmonix,0.98068669527897,0.9829059829059829,0.98068669527897,0.9829059829059829,0.8440453474195866,0.8489919524308774,0.9902491874322861,0.9913793103448275
harmonix/0422_itwillrain/track.npy,harmonix,0.7429519071310116,0.8609271523178808,0.14800759013282733,0.07801418439716312,0.8129774983891984,0.8184106443591418,0.7285886610373944,0.7004608294930876
harmonix/0446_midnightcity/track.npy,harmonix,0.9607843137254902,0.9702970297029703,0.9607843137254902,0.9702970297029703,0.9655497838008429,0.9697645532365016,0.98,0.9849246231155778
harmonix/0450_more/track.npy,harmonix,0.9886621315192744,0.8272727272727273,0.9886621315192744,0.8272727272727273,0.961165169470418,0.8258552837775531,0.9931818181818182,0.8545454545454545
harmonix/0458_notorious/track.npy,harmonix,0.9975728155339806,1.0,0.9975728155339806,1.0,0.9481131082260684,0.9460700328837185,0.9987849331713243,1.0
harmonix/0474_pleasedontgo/track.npy,harmonix,0.9973474801061007,0.9468085106382979,0.9973474801061007,0.9468085106382979,0.9788304583213063,0.9386538130502765,0.99867197875166,0.9574468085106385
harmonix/0494_somebodythatiusedtoknow/track.npy,harmonix,0.9941176470588236,0.8671875,0.9941176470588236,0.8671875,0.9795543753790862,0.9152177485297619,0.9980353634577603,0.9311740890688258
harmonix/0497_speakers/track.npy,harmonix,0.8441814595660749,0.7083333333333334,0.8441814595660749,0.7083333333333334,0.9230310699159552,0.7734953501864422,0.9371196754563894,0.7863247863247863
harmonix/0521_tooclose/track.npy,harmonix,0.9841897233201581,0.8650793650793651,0.9841897233201581,0.8650793650793651,0.9071392594879196,0.8184945334363521,0.992063492063492,0.8968253968253969
harmonix/0524_undoit/track.npy,harmonix,0.9954954954954955,0.9821428571428571,0.9954954954954955,0.9821428571428571,0.9260337355285985,0.9139574608479559,0.9977426636568849,0.9909909909909909
harmonix/0530_whatthehell/track.npy,harmonix,1.0,1.0,1.0,1.0,0.9699746422572053,0.9703069002578465,1.0,1.0
harmonix/0538_you/track.npy,harmonix,0.9790794979079498,1.0,0.9790794979079498,1.0,0.952117922732749,0.9469532146754409,0.9915966386554622,1.0
harmonix/0569_arrow/track.npy,harmonix,0.9238095238095239,0.8235294117647058,0.9238095238095239,0.8235294117647058,0.944323756094314,0.8891312143837629,0.962605548854041,0.9081632653061226
harmonix/0577_battlefieldmainversion/track.npy,harmonix,0.6468842729970327,0.8115942028985508,0.6468842729970327,0.8115942028985508,0.7533227300286213,0.7426766915791227,0.8939641109298532,0.8823529411764706
harmonix/0603_breaktheicejasonnevinsmix/track.npy,harmonix,0.9980842911877394,0.7404580152671756,0.9980842911877394,0.7404580152671756,0.9478235675956511,0.702459920004775,0.9990412272291467,0.7509578544061303
harmonix/0616_citygirl/track.npy,harmonix,0.8040540540540541,0.8108108108108109,0.8040540540540541,0.8108108108108109,0.8548148821227914,0.8254225705998407,0.941385435168739,0.9361702127659575
harmonix/0625_complicated/track.npy,harmonix,0.9867549668874173,0.9868421052631579,0.9867549668874173,0.9868421052631579,0.9617646848965313,0.9502519506810838,0.9933333333333334,0.9933774834437086
harmonix/0643_dontrush/track.npy,harmonix,0.9693251533742331,0.9753086419753086,0.9693251533742331,0.9753086419753086,0.9428443256033026,0.9415002851277231,0.9844236760124611,0.9875
harmonix/0644_dontsayaword/track.npy,harmonix,0.8506666666666667,0.8297872340425532,0.8506666666666667,0.8297872340425532,0.8665735162352591,0.8569719902521437,0.9271708683473389,0.9222222222222223
harmonix/0662_everytimewetouch/track.npy,harmonix,1.0,1.0,1.0,1.0,0.9208396159679196,0.9242411067431096,0.998371335504886,1.0
harmonix/0666_fallin/track.npy,harmonix,0.05733558178752108,0.84,0.05733558178752108,0.050505050505050504,0.48117483274648504,0.6831890099948033,0.530359355638166,0.6174496644295302
harmonix/0673_feelsliketonight/track.npy,harmonix,0.997946611909651,1.0,0.997946611909651,1.0,0.9845091827648685,0.9820922792314414,0.998972250770812,1.0
harmonix/0678_fireflies/track.npy,harmonix,0.9936507936507937,1.0,0.9936507936507937,1.0,0.9801363695068475,0.9803764157166576,0.9968152866242038,1.0
harmonix/0679_firsttime/track.npy,harmonix,0.9975903614457832,1.0,0.9975903614457832,1.0,0.9658272848793702,0.960235347746734,0.9987937273823884,1.0
harmonix/0689_gettinoveryou/track.npy,harmonix,0.9779411764705882,0.9588235294117647,0.9779411764705882,0.9588235294117647,0.9416713894852368,0.9225755302215755,0.9867452135493373,0.9705882352941176
harmonix/0695_goodbyegoodbye/track.npy,harmonix,0.9887892376681614,0.9732142857142857,0.9887892376681614,0.9732142857142857,0.9734068387657497,0.9618294238790089,0.9954954954954954,0.9865470852017937
harmonix/0698_goodtime/track.npy,harmonix,0.9828850855745721,0.9313725490196079,0.9828850855745721,0.9313725490196079,0.9559036549195802,0.912048662600136,0.9913686806411837,0.9458128078817734
harmonix/0715_hellodadalife/track.npy,harmonix,0.9400855920114123,0.6666666666666666,0.9400855920114123,0.6666666666666666,0.9125065445205665,0.6494207801373059,0.9713055954088954,0.6914285714285714
harmonix/0719_hipsdontlie/track.npy,harmonix,0.9942196531791907,0.8255813953488372,0.9942196531791907,0.8255813953488372,0.9118188851839167,0.7743622069130268,0.9942028985507246,0.8538011695906433
harmonix/0728_howyouremindme/track.npy,harmonix,0.9832214765100671,0.9866666666666667,0.9832214765100671,0.9866666666666667,0.8722528415240267,0.8565001006787288,0.9915397631133671,0.9932885906040269
harmonix/0734_iftodaywasyourlastday/track.npy,harmonix,0.9857142857142858,0.9431818181818182,0.9857142857142858,0.9431818181818182,0.9789807502275157,0.9455848133070752,0.9928057553956835,0.96
harmonix/0737_ihatethispart/track.npy,harmonix,0.8833746898263027,0.7525773195876289,0.8833746898263027,0.7525773195876289,0.833291223856984,0.7724800510876935,0.8877679697351828,0.8042328042328043
harmonix/0741_iknowyoucare/track.npy,harmonix,0.9166666666666666,0.38202247191011235,0.9166666666666666,0.3,0.8974024365300033,0.4325419337854798,0.9635854341736695,0.3793103448275862
harmonix/0753_inreallife/track.npy,harmonix,0.9867256637168141,0.8771929824561403,0.9867256637168141,0.8771929824561403,0.9268599499450504,0.8573751435795943,0.9933184855233852,0.9203539823008849
harmonix/0773_kissmethruthephone/track.npy,harmonix,0.9871244635193133,1.0,0.9871244635193133,1.0,0.9783507001823042,0.98211403090999,0.9935205183585313,1.0
harmonix/0780_letmebereal/track.npy,harmonix,1.0,1.0,1.0,1.0,0.9359062608586801,0.9362783080697603,1.0,1.0
harmonix/0785_littleliesnow/track.npy,harmonix,0.9935275080906149,1.0,0.9935275080906149,1.0,0.9265049932483683,0.933120175124385,0.9967532467532468,1.0
harmonix/0808_makethemoney/track.npy,harmonix,0.9873817034700315,0.8734177215189873,0.9873817034700315,0.8734177215189873,0.9284467108507348,0.8559705490318089,0.9936507936507936,0.8860759493670886
harmonix/0810_memoriesextended/track.npy,harmonix,0.9985272459499264,1.0,0.9985272459499264,1.0,0.9776145151720249,0.9827440274241273,0.9992630803242447,1.0
harmonix/0811_miami2ibiza/track.npy,harmonix,0.9862637362637363,0.8131868131868132,0.9862637362637363,0.8131868131868132,0.9537030377873755,0.8000138155497106,0.9944903581267218,0.8351648351648353
harmonix/0819_myblood/track.npy,harmonix,0.975609756097561,0.9878048780487805,0.975609756097561,0.9878048780487805,0.9122978876646586,0.9116880427468539,0.9846153846153846,0.9938650306748467
harmonix/0825_myloveislikeastar/track.npy,harmonix,0.9795081967213115,0.9836065573770492,0.9795081967213115,0.9836065573770492,0.9389613434468479,0.9295946826350968,0.989648033126294,0.9917355371900827
harmonix/0830_nightwatch/track.npy,harmonix,0.8127090301003345,0.32786885245901637,0.8127090301003345,0.32786885245901637,0.824627723470899,0.3370270088038417,0.8465430016863406,0.3471074380165289
harmonix/0834_nosurprise/track.npy,harmonix,0.9751381215469613,0.945054945054945,0.9751381215469613,0.945054945054945,0.9506883902043258,0.9279203968544805,0.9874125874125874,0.9666666666666667
harmonix/0843_omgalmighty/track.npy,harmonix,0.9892215568862276,0.9857142857142858,0.9892215568862276,0.9857142857142858,0.9596001167054856,0.9632494872067194,0.9945815773630344,0.9928057553956835
harmonix/0854_overmyheadcablecar/track.npy,harmonix,0.9683972911963883,0.972972972972973,0.9683972911963883,0.972972972972973,0.9461110001646927,0.9436801351510838,0.9839816933638443,0.9863013698630138
harmonix/0880_righthere/track.npy,harmonix,0.9933554817275747,1.0,0.9933554817275747,1.0,0.957099347560426,0.9522940692995012,0.9966777408637874,1.0
harmonix/0884_rockstar/track.npy,harmonix,1.0,0.9166666666666666,1.0,0.9166666666666666,0.952624175279084,0.9235563115421528,1.0,0.9577464788732395
harmonix/0891_savetheworld/track.npy,harmonix,0.9331797235023042,0.822429906542056,0.9331797235023042,0.822429906542056,0.8572224555102372,0.8072954711124841,0.9465116279069766,0.8846153846153846
harmonix/0903_shakethatbubblenow/track.npy,harmonix,0.9585987261146497,0.9620253164556962,0.9585987261146497,0.9620253164556962,0.9586157566680623,0.9528141560628699,0.9788617886178862,0.9806451612903226
harmonix/0904_shewolf/track.npy,harmonix,0.9945652173913043,0.7934782608695652,0.9945652173913043,0.7934782608695652,0.9618972058174597,0.7793320622466021,0.9972752043596731,0.7978142076502732
harmonix/0906_shutupanddrive/track.npy,harmonix,0.9891067538126361,0.956140350877193,0.9891067538126361,0.956140350877193,0.9803495826766592,0.9522439039078864,0.9945235487404162,0.9649122807017544
harmonix/0907_skyscraper/track.npy,harmonix,0.997275204359673,1.0,0.997275204359673,1.0,0.9472172694339368,0.9379618113627625,0.9986357435197818,1.0
harmonix/0921_stronger/track.npy,harmonix,0.9760191846522782,0.9038461538461539,0.9760191846522782,0.9038461538461539,0.9428177123781422,0.8611582503955694,0.9795918367346939,0.8942307692307693
harmonix/0923_sunandmoon/track.npy,harmonix,0.9796511627906976,0.752895752895753,0.9796511627906976,0.752895752895753,0.8821040114490794,0.681150872306098,0.9878699660359048,0.7596899224806202
harmonix/0945_thewayiareradio/track.npy,harmonix,0.9700598802395209,0.8928571428571429,0.9700598802395209,0.8928571428571429,0.9561308242668167,0.8966839096194031,0.9848024316109423,0.9212121212121211
harmonix/0960_umbrella/track.npy,harmonix,0.971830985915493,0.9444444444444444,0.971830985915493,0.9444444444444444,0.9190807566394291,0.900066561584804,0.9857142857142858,0.9717514124293786
harmonix/0962_usagainsttheworldjason/track.npy,harmonix,0.9751724137931035,0.8901098901098901,0.9751724137931035,0.8901098901098901,0.7768140333585757,0.7325886913898579,0.966183574879227,0.8870523415977962
harmonix/0981_whenyouregone/track.npy,harmonix,0.9925650557620818,1.0,0.9925650557620818,1.0,0.8735869545810215,0.8475368003831664,0.994413407821229,1.0
harmonix/0989_womanizer/track.npy,harmonix,1.0,1.0,1.0,1.0,0.9770979995205087,0.9806430595718634,1.0,1.0
harmonix/1001_yourloveismydrugdave/track.npy,harmonix,0.987152034261242,0.9914529914529915,0.987152034261242,0.9914529914529915,0.9592790110565125,0.9586232394948896,0.9935344827586208,0.9957081545064378
hjdb/hjdb_2_Bad_Mice_Take_You/track.npy,hjdb,0.9863945578231292,0.7837837837837838,0.9863945578231292,0.7837837837837838,0.9744446117550082,0.7984805880241392,0.9965870307167235,0.8108108108108109
hjdb/hjdb_Alright_With_Me/track.npy,hjdb,1.0,1.0,1.0,1.0,0.9619134417885536,0.9768102765697189,1.0,1.0
hjdb/hjdb_Bouncing/track.npy,hjdb,1.0,1.0,1.0,1.0,0.9825057705090885,0.9776020849580614,1.0,1.0
hjdb/hjdb_Captain_Of_This_Ship/track.npy,hjdb,1.0,1.0,1.0,1.0,0.9832418733790812,0.9892472954427298,1.0,1.0
hjdb/hjdb_Champion_Sound/track.npy,hjdb,0.9951456310679612,1.0,0.9951456310679612,1.0,0.9760016465427372,0.9667748683555979,0.9975669099756691,1.0
hjdb/hjdb_Champion_Sound_(Doc_Scott_Remix)/track.npy,hjdb,1.0,1.0,1.0,1.0,0.9790464967547238,0.9756584120181662,1.0,1.0
hjdb/hjdb_Cold_Fresh_Air_(Remix)/track.npy,hjdb,1.0,1.0,1.0,1.0,0.9785937747586223,0.9716797720139023,1.0,1.0
hjdb/hjdb_Deep_Cover/track.npy,hjdb,0.9927536231884058,0.8055555555555556,0.9927536231884058,0.8055555555555556,0.9709088977185194,0.8359904630865632,0.9963636363636363,0.8571428571428571
hjdb/hjdb_Deep_Love/track.npy,hjdb,0.975609756097561,0.9,0.975609756097561,0.9,0.9731424003803383,0.9321382868307782,0.9876543209876543,0.9500000000000001
hjdb/hjdb_Digable_Bass/track.npy,hjdb,1.0,0.0,1.0,0.0,0.9802672687056674,3.1133979568488926e-18,1.0,0.0
hjdb/hjdb_Do_It_Together_(The_Baggys_Mix)/track.npy,hjdb,1.0,1.0,1.0,1.0,0.9808314808119133,0.9734984049875728,1.0,1.0
hjdb/hjdb_Factor_5/track.npy,hjdb,1.0,1.0,1.0,1.0,0.9651642351639025,0.9768779712302251,1.0,1.0
hjdb/hjdb_Give_A_Little_Love_(Remix)/track.npy,hjdb,1.0,1.0,1.0,1.0,0.9792000472782626,0.9688971409586941,1.0,1.0
hjdb/hjdb_Gonna_Be_Alright/track.npy,hjdb,1.0,1.0,1.0,1.0,0.9810456901262553,0.9752371353614591,1.0,1.0
hjdb/hjdb_Hardcore_Junglism/track.npy,hjdb,1.0,1.0,1.0,1.0,0.9784101679298971,0.9796129063220417,1.0,1.0
hjdb/hjdb_I_Need_Your_Lovin/track.npy,hjdb,1.0,1.0,1.0,1.0,0.9885298339086176,0.9908274881049443,1.0,1.0
hjdb/hjdb_Incredible_Bass_(Remix)/track.npy,hjdb,0.987012987012987,0.95,0.987012987012987,0.95,0.9689760851526826,0.9507411801766642,0.987012987012987,0.9743589743589743
hjdb/hjdb_Last_Action_Hero/track.npy,hjdb,1.0,1.0,1.0,1.0,0.9791774113960807,0.9812359579573134,1.0,1.0
hjdb/hjdb_My_Own_(Hixxy_and_UFO_Remix)/track.npy,hjdb,1.0,1.0,1.0,1.0,0.9718108522801016,0.9674869059389362,1.0,1.0
hjdb/hjdb_On_My_Own_(Rmx)/track.npy,hjdb,1.0,1.0,1.0,1.0,0.9857979998941778,0.9833265105044481,1.0,1.0
hjdb/hjdb_Rhythm/track.npy,hjdb,1.0,1.0,1.0,1.0,0.9732975564892387,0.9808892568546658,1.0,1.0
hjdb/hjdb_Rock_To_The_Groove/track.npy,hjdb,1.0,1.0,1.0,1.0,0.9778769947046244,0.981083927975477,1.0,1.0
hjdb/hjdb_Ruff/track.npy,hjdb,1.0,1.0,1.0,1.0,0.9814830398136154,0.9840688896922543,1.0,1.0
hjdb/hjdb_Ruff_(Remix)/track.npy,hjdb,1.0,1.0,1.0,1.0,0.9740256162703976,0.951879774639088,1.0,1.0
hjdb/hjdb_Ruff_Beats/track.npy,hjdb,1.0,1.0,1.0,1.0,0.9744446738589365,0.9832908493824973,1.0,1.0
hjdb/hjdb_Screw_Face/track.npy,hjdb,1.0,1.0,1.0,1.0,0.9780346106344487,0.9877814300392151,1.0,1.0
hjdb/hjdb_So_Good/track.npy,hjdb,0.9932432432432432,1.0,0.9932432432432432,1.0,0.9790202393812609,0.9848151531605159,0.9966101694915254,1.0
hjdb/hjdb_Storm_Trooper/track.npy,hjdb,1.0,1.0,1.0,1.0,0.9837012863012606,0.9878589710675536,1.0,1.0
hjdb/hjdb_The_Core/track.npy,hjdb,1.0,1.0,1.0,1.0,0.9757607805165152,0.9770145333927907,1.0,1.0
hjdb/hjdb_Trip_II_The_Moon/track.npy,hjdb,1.0,1.0,1.0,1.0,0.9794220334989623,0.9818039549095219,1.0,1.0
jaah/jaah_007-bessie_smith_james_p_johnson-black_water_blues/track.npy,jaah,0.9226190476190477,0.39285714285714285,0.9226190476190477,0.39285714285714285,0.8035004161418281,0.40862020099206603,0.9319213313161876,0.43636363636363634
jaah/jaah_010-duke_ellington_his_orchestra-blue_serge/track.npy,jaah,0.9886792452830189,0.8088235294117647,0.9886792452830189,0.8088235294117647,0.9244762505467365,0.8013080729130561,0.9924528301886792,0.8656716417910447
jaah/jaah_017-duke_ellington_his_orchestra-concerto_for_cootie/track.npy,jaah,0.9811912225705329,0.9125,0.9811912225705329,0.9125,0.949660755029342,0.894646965039991,0.9921259842519685,0.9308176100628932
jaah/jaah_036-woody_herman_and_his_orchestra-four_brothers/track.npy,jaah,0.9665211062590975,0.9302325581395349,0.9665211062590975,0.9302325581395349,0.9412426627482211,0.8967039894569176,0.9868035190615837,0.9442815249266862
jaah/jaah_044-chick_webb_and_his_orchestra-harlem_congo/track.npy,jaah,0.9070588235294118,0.6502463054187192,0.9070588235294118,0.6502463054187192,0.9284096524364196,0.6945821698646594,0.9705351773902586,0.7236180904522613
jaah/jaah_051-the_benny_goodman_sextet-i_found_a_new_baby_feat_charlie_christian_count_basie/track.npy,jaah,1.0,0.815068493150685,1.0,0.815068493150685,0.9754942165665437,0.7993807904958582,1.0,0.821917808219178
jaah/jaah_058-jelly_roll_morton-king_porter_stomp/track.npy,jaah,0.9941520467836257,0.9140625,0.9941520467836257,0.9140625,0.9787610218098103,0.9109473423979968,0.9970731707317074,0.9296875
jaah/jaah_062-original_dixieland_jazz_band-livery_stable_blues/track.npy,jaah,0.8094262295081968,0.5983606557377049,0.8094262295081968,0.5983606557377049,0.7819965087533762,0.6914769000649597,0.9420600858369099,0.8108108108108109
jaah/jaah_075-bud_powell_trio-night_in_tunisia/track.npy,jaah,0.9877300613496932,0.9447852760736196,0.9877300613496932,0.9447852760736196,0.9629686939737337,0.9250488413747712,0.9923076923076923,0.9538461538461538
jaah/jaah_082-louis_armstrong_and_his_hot_five-potato_head_blues/track.npy,jaah,0.9654510556621881,0.5546875,0.9654510556621881,0.5546875,0.9106336093505082,0.6868809192819814,0.9913043478260869,0.7148936170212766
jaah/jaah_095-louis_armstrong_and_his_orchestra-swing_that_music/track.npy,jaah,0.7454909819639278,0.9174311926605505,0.12629161882893225,0.0,0.6718573340322167,0.6061323008939383,0.727007299270073,0.6172839506172839
jaah/jaah_101-billie_holiday-these_foolish_things/track.npy,jaah,0.9090909090909091,0.6274509803921569,0.9090909090909091,0.6274509803921569,0.8100665028381934,0.6019126659254028,0.9200968523002422,0.6862745098039216
jaah/jaah_109-cannonball_adderley-work_song/track.npy,jaah,0.9676258992805755,0.9711538461538461,0.9676258992805755,0.9711538461538461,0.7684767520997351,0.738479086684961,0.9831121833534379,0.9830508474576272
jaah/jaah_112-ella_fitzgerald-youd_be_so_nice_to_come_home_to/track.npy,jaah,0.9459459459459459,0.9834710743801653,0.9459459459459459,0.9834710743801653,0.9532551389396471,0.9654270014682953,0.9841605068637804,0.995850622406639
rwc/rwc_classical_CD2_01/track.npy,rwc_classical,0.4041666666666667,0.42572062084257206,0.4041666666666667,0.23548387096774193,0.6735689312492148,0.5757230524714975,0.7836034318398475,0.6268656716417911
rwc/rwc_classical_CD2_05/track.npy,rwc_classical,0.8438576349024111,0.2620689655172414,0.8438576349024111,0.2620689655172414,0.772181716479342,0.43688980057150406,0.9155182744158179,0.5140562248995985
rwc/rwc_classical_CD4_14/track.npy,rwc_classical,0.8636363636363636,0.43137254901960786,0.8636363636363636,0.14634146341463414,0.7930206283919166,0.4645322101692687,0.9532710280373831,0.5074626865671641
rwc/rwc_classical_CD5_03/track.npy,rwc_classical,0.8200192492781521,0.640926640926641,0.8200192492781521,0.640926640926641,0.716972637439781,0.6307344627619155,0.8641490926924963,0.7464503042596349
rwc/rwc_classical_CD5_06/track.npy,rwc_classical,0.42391304347826086,0.21333333333333335,0.42391304347826086,0.05263157894736842,0.6371814176679292,0.2774661890919527,0.7083333333333333,0.30534351145038163
rwc/rwc_classical_CD6_01/track.npy,rwc_classical,0.5598455598455598,0.20754716981132076,0.5598455598455598,0.20754716981132076,0.6356133581967874,0.30778891938474173,0.7940552016985138,0.4
rwc/rwc_classical_CD6_02/track.npy,rwc_classical,0.32061068702290074,0.22727272727272727,0.015267175572519083,0.034482758620689655,0.445035561723508,0.3246581676857212,0.574468085106383,0.4375
rwc/rwc_classical_CD6_15/track.npy,rwc_classical,0.16585365853658537,0.17142857142857143,0.16585365853658537,0.1079136690647482,0.3299786992272201,0.21503077338773613,0.4493597206053551,0.3069306930693069
rwc/rwc_jazz_CD2_03/track.npy,rwc_jazz,0.35942492012779553,0.6914893617021277,0.35942492012779553,0.6914893617021277,0.5373342979760404,0.6350336573225803,0.6241276171485544,0.7173913043478262
rwc/rwc_jazz_CD2_04/track.npy,rwc_jazz,0.7787418655097614,0.4675324675324675,0.7787418655097614,0.4675324675324675,0.8083884282016028,0.6354627136535528,0.9213226909920182,0.7223587223587222
rwc/rwc_jazz_CD2_09/track.npy,rwc_jazz,0.7257142857142858,0.38953488372093026,0.7257142857142858,0.38953488372093026,0.6972987156435883,0.536119881956324,0.8138528138528138,0.6220735785953176
rwc/rwc_jazz_CD3_07/track.npy,rwc_jazz,0.9781931464174455,0.9629629629629629,0.9781931464174455,0.9629629629629629,0.8469845224783773,0.851844290606586,0.9638932496075353,0.975
rwc/rwc_jazz_CD3_10/track.npy,rwc_jazz,0.9606986899563319,0.9391304347826087,0.9606986899563319,0.9391304347826087,0.8649241072409667,0.8439556281034483,0.9730517115804808,0.9586056644880174
rwc/rwc_jazz_CD4_02/track.npy,rwc_jazz,0.74,0.6851851851851852,0.74,0.6851851851851852,0.8061050313716256,0.7154787412652766,0.9098712446351932,0.8195121951219513
rwc/rwc_popular_CD1_13/track.npy,rwc_popular,0.9944289693593314,1.0,0.9944289693593314,1.0,0.9728559593438652,0.9759980944572807,0.9972067039106145,1.0
rwc/rwc_popular_CD2_01/track.npy,rwc_popular,0.9972602739726028,0.9565217391304348,0.9972602739726028,0.9565217391304348,0.9770167540859118,0.9420926711553822,0.9972602739726028,0.967391304347826
rwc/rwc_popular_CD2_10/track.npy,rwc_popular,0.9980276134122288,0.9603174603174603,0.9980276134122288,0.9603174603174603,0.969461302577075,0.9324258172713982,0.9980276134122288,0.9682539682539683
rwc/rwc_popular_CD3_01/track.npy,rwc_popular,0.9859154929577465,0.8373983739837398,0.9859154929577465,0.8373983739837398,0.9647588988252604,0.8407647934178505,0.9919354838709677,0.861788617886179
rwc/rwc_popular_CD3_05/track.npy,rwc_popular,0.9158345221112696,0.29714285714285715,0.9158345221112696,0.29714285714285715,0.8600381781010874,0.31687166840420333,0.9530685920577617,0.34131736526946105
rwc/rwc_popular_CD3_13/track.npy,rwc_popular,1.0,1.0,1.0,1.0,0.976995743432039,0.9792093027774185,1.0,1.0
rwc/rwc_popular_CD4_04/track.npy,rwc_popular,0.9898785425101214,0.6829268292682927,0.9898785425101214,0.6829268292682927,0.9789154766113974,0.8210800334664604,0.9939148073022313,0.8333333333333334
rwc/rwc_popular_CD4_06/track.npy,rwc_popular,0.9887133182844243,1.0,0.9887133182844243,1.0,0.9694677131884104,0.9727497426562143,0.9943246311010215,1.0
rwc/rwc_popular_CD4_13/track.npy,rwc_popular,0.9908424908424909,0.8897058823529411,0.9908424908424909,0.8897058823529411,0.9643090344813859,0.9223482971224924,0.9963235294117647,0.946969696969697
rwc/rwc_popular_CD5_07/track.npy,rwc_popular,0.9905660377358491,0.9874213836477987,0.9905660377358491,0.9874213836477987,0.9134825335390663,0.9278191204897401,0.9905511811023622,0.9874213836477987
rwc/rwc_popular_CD5_08/track.npy,rwc_popular,0.9651162790697675,0.4375,0.9651162790697675,0.4307692307692308,0.8157572992506701,0.42539599299569497,0.96484375,0.4496124031007752
rwc/rwc_popular_CD6_08/track.npy,rwc_popular,0.9895833333333334,0.8991596638655462,0.9895833333333334,0.8991596638655462,0.9517777720357745,0.8762611694032995,0.99581589958159,0.9159663865546218
rwc/rwc_royalty-free_CD1_01/track.npy,rwc_royalty-free,0.9705882352941176,0.9830508474576272,0.9705882352941176,0.9830508474576272,0.8732903699044167,0.8733057681510847,0.9850746268656716,0.9914529914529915
rwc/rwc_royalty-free_CD1_07/track.npy,rwc_royalty-free,0.979381443298969,0.9791666666666666,0.979381443298969,0.9791666666666666,0.889946111928159,0.9047575206509102,0.9895833333333333,0.9894736842105264
simac/simac_A_vida_me_fez_assim_04-O_passar_dos_anos/track.npy,simac,1.0,0.0,1.0,0.0,0.9565492111989145,0.0,1.0,0.0
simac/simac_A_vida_me_fez_assim_14-Embala_eu_Samba_de_roda/track.npy,simac,0.9166666666666666,0.0,0.9166666666666666,0.0,0.856114623006374,0.0,0.9583333333333334,0.0
simac/simac_Alfagamabetizado_05-Argila/track.npy,simac,0.7368421052631579,0.0,0.7368421052631579,0.0,0.7362391662973079,0.0,0.8333333333333333,0.0
simac/simac_Alfagamabetizado_10-Frases_Ventias/track.npy,simac,0.9473684210526315,0.0,0.9473684210526315,0.0,0.8900578251686893,0.0,0.972972972972973,0.0
simac/simac_As_Time_Goes_By_03-blue_moon/track.npy,simac,0.8260869565217391,0.0,0.8260869565217391,0.0,0.6362320794904412,0.0,0.8372093023255814,0.0
simac/simac_As_Time_Goes_By_10-i_used_to_be_colourblind/track.npy,simac,0.8,0.0,0.8,0.0,0.5579137265399211,0.0,0.7142857142857142,0.0
simac/simac_As_time_goes_by_disk_2_04-Life_is_beautiful/track.npy,simac,0.8333333333333334,0.0,0.0,0.0,0.667388662943643,0.0,0.6285714285714286,0.0
simac/simac_As_time_goes_by_disk_2_08-My_romance/track.npy,simac,0.8421052631578947,0.0,0.8421052631578947,0.0,0.8079350733940085,0.0,0.9444444444444444,0.0
simac/simac_BACH_WTC_03-Prelude_and_Fugue_No._2_in_C_minor_BWV_871_-_1._Praeludium/track.npy,simac,1.0,0.0,1.0,0.0,0.9787602258991498,0.0,1.0,0.0
simac/simac_BACH_WTC_05-Prelude_and_Fugue_No._3_in_C-sharp_major_BWV_872_-_1._Praeludium/track.npy,simac,1.0,0.0,1.0,0.0,0.9652996923712907,0.0,1.0,0.0
simac/simac_Bach_Bach_-_BWV_639_-_Ich_ruf_zu_dir_Herr_Jesu_Christ/track.npy,simac,0.14285714285714285,0.0,0.13333333333333333,0.0,0.29452713970554434,0.0,0.3809523809523809,0.0
simac/simac_Bach_The_Well-Tempered_Clavier_II_(Disc_1)_16-Prelude_and_Fugue_No._8_in_D-sharp_minor_BWV_877_-_2._Fuga/track.npy,simac,1.0,0.0,1.0,0.0,0.9803583692579831,0.0,1.0,0.0
simac/simac_Bach_The_Well-Tempered_Clavier_II_(Disc_1)_23-Prelude_and_Fugue_No._12_in_F_minor_BWV_881_-_1._Praeludium/track.npy,simac,0.9655172413793104,0.0,0.9655172413793104,0.0,0.8365824595548994,0.0,0.9824561403508771,0.0
simac/simac_Bach_The_Well-Tempered_Clavier_II_(Disc_2)_08-Prelude_and_Fugue_No._16_G_minor_BWV_885_-_2._Fuga/track.npy,simac,0.9310344827586207,0.0,0.9310344827586207,0.0,0.9413061727716835,0.0,0.9642857142857143,0.0
simac/simac_Bach_The_Well-Tempered_Clavier_II_(Disc_2)_10-Prelude_and_Fugue_No._17_A-flats_major_BWV_886_-_2._Fuga/track.npy,simac,0.9310344827586207,0.0,0.9310344827586207,0.0,0.8854626430718379,0.0,0.9473684210526316,0.0
simac/simac_Beethoven_The_String_Quartets_-_CD_3_07-III_Allegretto_-_Maggiore_(Theme_russe)/track.npy,simac,0.8157894736842105,0.0,0.8157894736842105,0.0,0.7522411463709553,0.0,0.8857142857142857,0.0
simac/simac_Bernstein_conducts_Stravinsky_02-The_augurs_of_spring/track.npy,simac,0.5769230769230769,0.0,0.5769230769230769,0.0,0.5941794740003494,0.0,0.8260869565217392,0.0
simac/simac_Bernstein_conducts_Stravinsky_05-Games_of_the_rival_tribes/track.npy,simac,0.5714285714285714,0.0,0.5714285714285714,0.0,0.6781482427530404,0.0,0.7804878048780488,0.0
simac/simac_Bernstein_conducts_Stravinsky_25-The_masqueraders/track.npy,simac,0.15789473684210525,0.0,0.0,0.0,0.20133109764926194,0.0,0.07692307692307691,0.0
simac/simac_Cafe_Zimmermann_09-Suite_en_ut_majeur_BWV_1066_-_Forlane/track.npy,simac,0.9130434782608695,0.0,0.9130434782608695,0.0,0.9308212054793039,0.0,0.9777777777777777,0.0
simac/simac_Cafe_Zimmermann_11-Suite_en_ut_majeur_BWV_1066_-_Bourres_I_&_II/track.npy,simac,1.0,0.0,1.0,0.0,0.9055023380913059,0.0,1.0,0.0
simac/simac_Chopin_Piano_Concerto_No._1_etc_03-III_Rondo_(Vivace)/track.npy,simac,0.9354838709677419,0.0,0.9354838709677419,0.0,0.7915740807671358,0.0,0.9,0.0
simac/simac_Classic_Track_04/track.npy,simac,0.0,0.0,0.0,0.0,0.0953789823608523,0.0,0.16,0.0
simac/simac_Concert_02-2._Vivace/track.npy,simac,0.7647058823529411,0.0,0.7647058823529411,0.0,0.7094839092260703,0.0,0.9032258064516129,0.0
simac/simac_Concert_24-4._Presto/track.npy,simac,1.0,0.0,1.0,0.0,0.9381374046980261,0.0,1.0,0.0
simac/simac_Ella_&_Louis_10-Cow_Cow_Boogie/track.npy,simac,0.8928571428571429,0.0,0.8928571428571429,0.0,0.7912237650566366,0.0,0.9433962264150945,0.0
simac/simac_Ella_&_Louis_12-Lover_Come_Back_To_Me/track.npy,simac,0.14705882352941177,0.0,0.02857142857142857,0.0,0.29139960723735886,0.0,0.1923076923076923,0.0
simac/simac_Eventail_14-Prld5/track.npy,simac,0.06666666666666667,0.0,0.06666666666666667,0.0,0.5142509434452519,0.0,0.56,0.0
simac/simac_Fado_02-AudioTrack_02/track.npy,simac,0.9310344827586207,0.0,0.9310344827586207,0.0,0.6525146180121469,0.0,0.9310344827586207,0.0
simac/simac_Family_Tree_-_Greatest_Hits_As_Chosen_By_Bjork_02-Hyperballad/track.npy,simac,0.9411764705882353,0.0,0.9411764705882353,0.0,0.9014119723941735,0.0,0.9850746268656716,0.0
simac/simac_Family_Tree_-_Greatest_Hits_As_Chosen_By_Bjork_03-You_ve_Been_Flirting_Again/track.npy,simac,1.0,0.0,0.0,0.0,0.566046890314652,0.0,0.5641025641025641,0.0
simac/simac_Fight_To_Win_01-Do_your_best/track.npy,simac,0.9615384615384616,0.0,0.9615384615384616,0.0,0.9561807092573101,0.0,0.9803921568627451,0.0
simac/simac_Gold_-_Greatest_Hits_04-Mamma_Mia/track.npy,simac,0.5263157894736842,0.0,0.23529411764705882,0.0,0.7458612928527382,0.0,0.7169811320754718,0.0
simac/simac_Gold_-_Greatest_Hits_12-Fernando/track.npy,simac,0.84,0.0,0.84,0.0,0.7645559415699816,0.0,0.8979591836734694,0.0
simac/simac_Gold_-_Greatest_Hits_13-Voulez_Vous/track.npy,simac,1.0,0.0,1.0,0.0,0.9674598911346071,0.0,1.0,0.0
simac/simac_Ludwid_van_Beethoven_08-IV._Andante_ma_non_troppo_e_molto_cantabile_-_Andante_moderato_e_lusinghiero/track.npy,simac,0.76,0.0,0.76,0.0,0.6345509834156686,0.0,0.782608695652174,0.0
simac/simac_Niandra_LaDes_and_Usually_Just_a_T-Shirt_03-Head_(Beach_Arab)/track.npy,simac,0.8947368421052632,0.0,0.8947368421052632,0.0,0.8353598288279427,0.0,0.918918918918919,0.0
simac/simac_Niandra_LaDes_and_Usually_Just_a_T-Shirt_07-Mascara/track.npy,simac,0.09090909090909091,0.0,0.09090909090909091,0.0,0.5042000342267009,0.0,0.5405405405405405,0.0
simac/simac_Papakonstantinou_12-AudioTrack_12/track.npy,simac,1.0,0.0,1.0,0.0,0.6996881509963677,0.0,0.9285714285714286,0.0
simac/simac_Papakonstantinou_14-AudioTrack_14/track.npy,simac,0.8235294117647058,0.0,0.8235294117647058,0.0,0.7568451161975206,0.0,0.9090909090909091,0.0
simac/simac_Primer_Aliento_12-Cita_en_el_asteroide_Eden/track.npy,simac,1.0,0.0,1.0,0.0,0.9494755701778733,0.0,1.0,0.0
simac/simac_Primer_Aliento_13-Obsesion/track.npy,simac,1.0,0.0,1.0,0.0,0.9633892973422714,0.0,1.0,0.0
simac/simac_Primer_Aliento_19-El_nacimiento_de_la_industria/track.npy,simac,0.9736842105263158,0.0,0.9736842105263158,0.0,0.9672151338251389,0.0,0.9866666666666666,0.0
simac/simac_R.A.F.I_03-Black_White/track.npy,simac,1.0,0.0,1.0,0.0,0.9919815478270687,0.0,1.0,0.0
simac/simac_R.A.F.I_06-Modern_Apprentice/track.npy,simac,0.8918918918918919,0.0,0.02702702702702703,0.0,0.7289150029040887,0.0,0.6428571428571428,0.0
simac/simac_Samba_na_Madrugada_07-Perfeito_Amor/track.npy,simac,0.5789473684210527,0.0,0.5789473684210527,0.0,0.7629045108353536,0.0,0.8235294117647058,0.0
simac/simac_So_Cartola_08-Amor_Proibido/track.npy,simac,0.3888888888888889,0.0,0.0,0.0,0.2974571036725686,0.0,0.3137254901960784,0.0
simac/simac_So_Cartola_20-As_Rosas_Nao_Falam/track.npy,simac,0.6538461538461539,0.0,0.0,0.0,0.42411434510259766,0.0,0.04081632653061224,0.0
simac/simac_Songs_Pastora_-_Lola/track.npy,simac,1.0,0.0,1.0,0.0,0.9472088938079366,0.0,1.0,0.0
simac/simac_Tanto_Tempo_05-Mais_Feliz/track.npy,simac,0.1,0.0,0.0,0.0,0.29557480683494114,0.0,0.12121212121212123,0.0
simac/simac_Tanto_Tempo_09-Bananeira/track.npy,simac,1.0,0.0,1.0,0.0,0.9252671695520108,0.0,1.0,0.0
simac/simac_The_Crackdown_05-Over_and_Over/track.npy,simac,0.4,0.0,0.10810810810810811,0.0,0.6579817564563848,0.0,0.6129032258064517,0.0
simac/simac_Tomatito_Tomatito-06.Caminillo_viejo/track.npy,simac,0.875,0.0,0.875,0.0,0.8253495098282231,0.0,0.9130434782608695,0.0
simac/simac_VOL.3_Musiques_pour_guitare_et_violoncelle_11-Nana/track.npy,simac,0.6923076923076923,0.0,0.6923076923076923,0.0,0.8140391513948448,0.0,0.8936170212765957,0.0
simac/simac_Xatzidakis_10-AudioTrack_10/track.npy,simac,0.3125,0.0,0.3125,0.0,0.47995293078103324,0.0,0.5833333333333334,0.0
simac/simac_blues_roots_my_jelly_roll_soul/track.npy,simac,0.8275862068965517,0.0,0.10714285714285714,0.0,0.6217928722653101,0.0,0.6976744186046512,0.0
simac/simac_greek_01_H_mikri_Rallou/track.npy,simac,0.5789473684210527,0.0,0.5789473684210527,0.0,0.7085739247699832,0.0,0.8484848484848484,0.0
simac/simac_more_greek_03_Efriksen_i_gi/track.npy,simac,0.9473684210526315,0.0,0.9473684210526315,0.0,0.7252927570167202,0.0,0.918918918918919,0.0
simac/simac_more_greek_08_Hlios/track.npy,simac,0.0,0.0,0.0,0.0,0.2931239087217551,0.0,0.36363636363636365,0.0
simac/simac_more_greek_Ksylouris_-_Evale_o_8eos_simadi/track.npy,simac,1.0,0.0,0.0,0.0,0.6404079597379759,0.0,0.6666666666666666,0.0
simac/simac_more_greek_Ksylouris_-_Filentem/track.npy,simac,0.9354838709677419,0.0,0.0,0.0,0.7160662036143863,0.0,0.6521739130434783,0.0
simac/simac_more_greek_Marinella_-_Omorfi_poli/track.npy,simac,0.5384615384615384,0.0,0.5384615384615384,0.0,0.584333832272715,0.0,0.6956521739130435,0.0
simac/simac_more_greek_Mosxoliou_-_Xwrismos/track.npy,simac,0.9565217391304348,0.0,0.9565217391304348,0.0,0.9238979394295901,0.0,0.9777777777777777,0.0
simac/simac_more_greek_Mpellou_-_Kane_ligaki_ypomoni/track.npy,simac,0.9444444444444444,0.0,0.9444444444444444,0.0,0.7233681705088335,0.0,0.9714285714285714,0.0
simac/simac_more_greek_Mpellou_-_Ksimerwnei_kai_vradiazei/track.npy,simac,0.96,0.0,0.96,0.0,0.8910020244646432,0.0,0.9795918367346939,0.0
simac/simac_more_greek_Mpellou_-_To_minore_tis_avgis/track.npy,simac,0.8333333333333334,0.0,0.0,0.0,0.4204549938545928,0.0,0.4444444444444444,0.0
simac/simac_more_greek_Mpellou_-_Zeimpekiko/track.npy,simac,1.0,0.0,1.0,0.0,0.870066504023949,0.0,0.9444444444444444,0.0
simac/simac_more_greek_Mpi8ikwtsis_-_Paei_o_kairos/track.npy,simac,1.0,0.0,1.0,0.0,0.6841679245598762,0.0,0.875,0.0
simac/simac_more_greek_Mpi8ikwtsis_Xiwtis_-_Myrtia/track.npy,simac,1.0,0.0,1.0,0.0,0.8516713155444546,0.0,1.0,0.0
simac/simac_more_greek_Ninou_-_Apopse_kaneis_mpam/track.npy,simac,0.9473684210526315,0.0,0.9473684210526315,0.0,0.7960640737620749,0.0,0.972972972972973,0.0
simac/simac_more_greek_Smokovitis_-_Prwino_tsigaro/track.npy,simac,0.7037037037037037,0.0,0.13043478260869565,0.0,0.7152406555792932,0.0,0.6486486486486486,0.0
simac/simac_selected_ambient_works_8592_actium/track.npy,simac,1.0,0.0,1.0,0.0,0.9278354495608403,0.0,1.0,0.0
simac/simac_selected_ambient_works_8592_ptolemy/track.npy,simac,0.9,0.0,0.9,0.0,0.6932654414981273,0.0,0.9491525423728815,0.0
simac/simac_selected_ambient_works_8592_we_are_the_music_makers/track.npy,simac,0.6666666666666666,0.0,0.18604651162790697,0.0,0.7621946692720807,0.0,0.7536231884057971,0.0
smc/smc_002/track.npy,smc,0.008771929824561403,0.0,0.0,0.0,0.34502328927694054,0.0,0.44736842105263164,0.0
smc/smc_009/track.npy,smc,0.0,0.0,0.0,0.0,0.2932484003802654,0.0,0.42748091603053434,0.0
smc/smc_016/track.npy,smc,0.7804878048780488,0.0,0.7804878048780488,0.0,0.6406741427048404,0.0,0.7749999999999999,0.0
smc/smc_030/track.npy,smc,0.603448275862069,0.0,0.603448275862069,0.0,0.6852653886574828,0.0,0.8246445497630333,0.0
smc/smc_052/track.npy,smc,0.7636363636363637,0.0,0.7636363636363637,0.0,0.45436121075426295,0.0,0.6481481481481481,0.0
smc/smc_058/track.npy,smc,0.6666666666666666,0.0,0.05555555555555555,0.0,0.3834075623131099,0.0,0.45283018867924524,0.0
smc/smc_072/track.npy,smc,1.0,0.0,1.0,0.0,0.730232399532211,0.0,0.9487179487179487,0.0
smc/smc_074/track.npy,smc,0.0,0.0,0.0,0.0,0.36880552978836206,0.0,0.5070422535211268,0.0
smc/smc_087/track.npy,smc,0.6638655462184874,0.0,0.05982905982905983,0.0,0.5143253102830504,0.0,0.6214689265536724,0.0
smc/smc_105/track.npy,smc,0.16216216216216217,0.0,0.0,0.0,0.14038397968513702,0.0,0.1923076923076923,0.0
smc/smc_126/track.npy,smc,0.9487179487179487,0.0,0.9487179487179487,0.0,0.7122998417968028,0.0,0.8831168831168831,0.0
smc/smc_127/track.npy,smc,0.12903225806451613,0.0,0.12903225806451613,0.0,0.30199313842561604,0.0,0.4583333333333333,0.0
smc/smc_149/track.npy,smc,0.3888888888888889,0.0,0.03333333333333333,0.0,0.36541659844956875,0.0,0.42105263157894735,0.0
smc/smc_175/track.npy,smc,0.2222222222222222,0.0,0.2222222222222222,0.0,0.19731086064806042,0.0,0.27272727272727276,0.0
smc/smc_203/track.npy,smc,0.19230769230769232,0.0,0.10256410256410256,0.0,0.18767829469196068,0.0,0.276923076923077,0.0
smc/smc_209/track.npy,smc,0.225,0.0,0.225,0.0,0.11780704420811504,0.0,0.21428571428571425,0.0
smc/smc_220/track.npy,smc,0.9767441860465116,0.0,0.9767441860465116,0.0,0.6686681078789039,0.0,0.9176470588235294,0.0
smc/smc_222/track.npy,smc,0.28,0.0,0.28,0.0,0.41633557718322833,0.0,0.5263157894736842,0.0
smc/smc_227/track.npy,smc,0.2631578947368421,0.0,0.13157894736842105,0.0,0.21672176701957968,0.0,0.2807017543859649,0.0
smc/smc_229/track.npy,smc,0.9545454545454546,0.0,0.9545454545454546,0.0,0.6684234360167451,0.0,0.8604651162790699,0.0
smc/smc_242/track.npy,smc,0.7333333333333333,0.0,0.7333333333333333,0.0,0.5215302096241169,0.0,0.6987951807228916,0.0
smc/smc_253/track.npy,smc,0.6153846153846154,0.0,0.6153846153846154,0.0,0.5094715470228739,0.0,0.6486486486486486,0.0
smc/smc_259/track.npy,smc,0.7307692307692307,0.0,0.7307692307692307,0.0,0.4850400954739317,0.0,0.5882352941176471,0.0
smc/smc_262/track.npy,smc,0.47619047619047616,0.0,0.47619047619047616,0.0,0.6426368159149713,0.0,0.7809523809523808,0.0
smc/smc_279/track.npy,smc,1.0,0.0,1.0,0.0,0.9453417872656522,0.0,1.0,0.0
smc/smc_281/track.npy,smc,1.0,0.0,1.0,0.0,0.8830967612843573,0.0,1.0,0.0
smc/smc_288/track.npy,smc,0.9666666666666667,0.0,0.9666666666666667,0.0,0.8872101734163543,0.0,0.957983193277311,0.0
tapcorrect/004_youtube_IwOfCgkyEj0/track.npy,tapcorrect,0.9929577464788732,0.9787234042553191,0.9929577464788732,0.9787234042553191,0.969363172994113,0.963140140446015,0.9973568281938325,0.9929078014184397
tapcorrect/007_youtube_9QnUOrTsxXA/track.npy,tapcorrect,0.975,0.9111111111111111,0.975,0.9111111111111111,0.9554828389413057,0.9077800403144409,0.9873417721518987,0.9325842696629215
tapcorrect/009_youtube_hRFLv29K__o/track.npy,tapcorrect,0.9978494623655914,0.9396551724137931,0.9978494623655914,0.9396551724137931,0.9805937507248708,0.9333476835895653,0.9989235737351991,0.9482758620689655
tapcorrect/018_youtube_wVyggTKDcOE/track.npy,tapcorrect,0.9830985915492958,0.9662921348314607,0.9830985915492958,0.9662921348314607,0.8600595902742708,0.9121194217097246,0.9675599435825105,0.9717514124293786
tapcorrect/026_youtube__X6DCz3pkYA/track.npy,tapcorrect,0.9949109414758269,0.9897959183673469,0.9949109414758269,0.9897959183673469,0.9532659133536869,0.9604347751320504,0.9974489795918366,0.9948979591836735
tapcorrect/038_youtube_eVTXPUF4Oz4/track.npy,tapcorrect,0.9801699716713881,0.9772727272727273,0.9801699716713881,0.9772727272727273,0.9624196990805461,0.9545155664824161,0.9900426742532005,0.9772727272727273
tapcorrect/040_youtube_1zrxnqejwCk/track.npy,tapcorrect,0.9897209985315712,0.9823788546255506,0.9897209985315712,0.9823788546255506,0.8642181408179839,0.9074920644445337,0.9970631424375918,0.986784140969163
tapcorrect/056_youtube_alYFdNGVL1E/track.npy,tapcorrect,0.6392857142857142,0.8103448275862069,0.6392857142857142,0.8103448275862069,0.8520417650467893,0.772916171101912,0.889763779527559,0.8173913043478261
tapcorrect/058_youtube_c5dwksSbD34/track.npy,tapcorrect,0.94875,0.7897435897435897,0.005,0.7897435897435897,0.7700235963262874,0.7865853665404546,0.6554903604358759,0.8298969072164948
tapcorrect/067_youtube_MbmFqUtK2aw/track.npy,tapcorrect,0.5213483146067416,0.8494623655913979,0.5213483146067416,0.8494623655913979,0.7343499171278582,0.7610814547212996,0.7654320987654321,0.8
tapcorrect/081_youtube_pSdUOTuQzWQ/track.npy,tapcorrect,0.4875283446712018,0.452991452991453,0.28694404591104733,0.452991452991453,0.7550063593211487,0.5736939392528048,0.7644991212653779,0.6082949308755762
tapcorrect/090_youtube_2tmc8rJgxUI/track.npy,tapcorrect,0.8650793650793651,0.9333333333333333,0.8650793650793651,0.9333333333333333,0.936014717702169,0.8854310157458953,0.9616438356164383,0.9101123595505618
tapcorrect/102_youtube_4aiWPx8RU7I/track.npy,tapcorrect,0.905,0.5238095238095238,0.905,0.5238095238095238,0.7690911754598614,0.5136159150019244,0.9534883720930232,0.6363636363636364
asap/Bach_Fugue_bwv_867_HuNY01M/track.npy,asap,0.625,0.19444444444444445,0.625,0.0,0.868361276188555,0.36122232349020167,0.8923076923076924,0.36
asap/Bach_Fugue_bwv_867_Sham01M/track.npy,asap,0.7931034482758621,0.1891891891891892,0.7931034482758621,0.0,0.9216081898583449,0.3980479972182852,0.9420289855072462,0.40384615384615385
asap/Bach_Fugue_bwv_885_Guo01M/track.npy,asap,0.6394052044609665,0.11940298507462686,0.6394052044609665,0.1111111111111111,0.832089875547742,0.25460258842189987,0.8454011741682975,0.25675675675675674
asap/Bach_Fugue_bwv_885_Huang04M/track.npy,asap,0.927710843373494,0.5333333333333333,0.927710843373494,0.14814814814814814,0.9534053448186813,0.41996503231184606,0.9796747967479675,0.4126984126984127
asap/Bach_Fugue_bwv_885_JeonH01M/track.npy,asap,0.11666666666666667,0.3170731707317073,0.11203319502074689,0.06172839506172839,0.37514074520274543,0.0822074372289914,0.3382352941176471,0.08403361344537816
asap/Bach_Fugue_bwv_885_SINKEV06/track.npy,asap,0.20408163265306123,0.09876543209876543,0.20408163265306123,0.09876543209876543,0.08058052892164273,0.05207646209072401,0.11522633744855966,0.09395973154362416
asap/Bach_Fugue_bwv_892_Hou01M/track.npy,asap,0.9261083743842364,0.3137254901960784,0.9261083743842364,0.0,0.9429385720947392,0.48870082868160236,0.9748743718592966,0.5034965034965035
asap/Bach_Fugue_bwv_892_KabuliL01M/track.npy,asap,0.9802955665024631,0.5098039215686274,0.9802955665024631,0.0,0.9724185683723187,0.5621898798205659,0.995049504950495,0.5733333333333334
asap/Bach_Prelude_bwv_874_BianF01M/track.npy,asap,0.9772727272727273,0.4266666666666667,0.9772727272727273,0.4266666666666667,0.9569288920477919,0.8058784387647704,0.9931350114416476,0.821705426356589
asap/Bach_Prelude_bwv_874_WongWY01M/track.npy,asap,0.5819397993311036,0.5514018691588785,0.5819397993311036,0.20430107526881722,0.8089476998825736,0.6457041923304683,0.8355899419729207,0.6666666666666666
asap/Bach_Prelude_bwv_875_Ahfat01M/track.npy,asap,0.6198830409356725,0.14285714285714285,0.6198830409356725,0.08771929824561403,0.7921373808306572,0.3772559058932123,0.8058823529411765,0.3838383838383838
asap/Bach_Prelude_bwv_875_CaoJ01M/track.npy,asap,0.9017341040462428,0.7758620689655172,0.9017341040462428,0.7758620689655172,0.9126734611370588,0.7772487091042329,0.9333333333333332,0.7931034482758621
asap/Bach_Prelude_bwv_875_HONG04M/track.npy,asap,0.877906976744186,0.3103448275862069,0.877906976744186,0.3103448275862069,0.9119022153743184,0.6492177073703256,0.936046511627907,0.6666666666666666
asap/Beethoven_Piano_Sonatas_12-1_Kleisen05M/track.npy,asap,0.7295208655332303,0.10638297872340426,0.7295208655332303,0.09259259259259259,0.8420349944092514,0.3311608988846301,0.8756841282251758,0.34173669467787116
asap/Beethoven_Piano_Sonatas_21-3_KimSY04M/track.npy,asap,0.8571428571428571,0.5083612040133779,0.8571428571428571,0.14100185528756956,0.8872068872967777,0.6441804360696178,0.9261363636363636,0.6539379474940333
asap/Beethoven_Piano_Sonatas_21-3_Sekino05M/track.npy,asap,0.6512059369202227,0.25925925925925924,0.6512059369202227,0.09833024118738404,0.8101840802124268,0.45880296907315465,0.851063829787234,0.47571606475716066
asap/Beethoven_Piano_Sonatas_21-3_YOO05M/track.npy,asap,0.7353760445682451,0.3296296296296296,0.7353760445682451,0.07050092764378478,0.8149249000145856,0.44885705170580903,0.8593598448108632,0.4710327455919395
asap/Beethoven_Piano_Sonatas_26-2_LEE_K05M/track.npy,asap,0.39263803680981596,0.1951219512195122,0.0457516339869281,0.1951219512195122,0.4789114382777774,0.36168956789621715,0.48510638297872344,0.430379746835443
asap/Beethoven_Piano_Sonatas_28-1_KimHJ02M/track.npy,asap,0.6142857142857143,0.16071428571428573,0.6142857142857143,0.15,0.7061906087973023,0.38167012452224836,0.7317073170731706,0.3974358974358974
asap/Beethoven_Piano_Sonatas_28-1_KyykhynenT06M/track.npy,asap,0.69,0.2545454545454545,0.69,0.15,0.728769394880768,0.444665392916762,0.765,0.464516129032258
asap/Beethoven_Piano_Sonatas_28-1_WangY04M/track.npy,asap,0.615,0.18,0.615,0.01,0.7142252483949265,0.3000389527153099,0.7568922305764411,0.3194444444444445
asap/Beethoven_Piano_Sonatas_31-1_ADIG05M/track.npy,asap,0.5065885797950219,0.15436241610738255,0.14262820512820512,0.15436241610738255,0.6652097607372932,0.42963400846898087,0.6480331262939958,0.4638783269961977
asap/Beethoven_Piano_Sonatas_31-1_AbdelmoulaJS03M/track.npy,asap,0.5373352855051244,0.06470588235294118,0.148479427549195,0.06470588235294118,0.6820196096449547,0.37283473552944363,0.6703662597114317,0.38732394366197187
asap/Beethoven_Piano_Sonatas_31-1_Ahfat02M/track.npy,asap,0.595900439238653,0.16455696202531644,0.09572649572649573,0.16455696202531644,0.6717266613538784,0.4418033100837987,0.6494066882416396,0.4632352941176471
asap/Beethoven_Piano_Sonatas_31-1_BrendleA03M/track.npy,asap,0.5168374816983895,0.24561403508771928,0.13261648745519714,0.24561403508771928,0.6457659785405632,0.38117195279382593,0.6355555555555554,0.39461883408071746
asap/Beethoven_Piano_Sonatas_31-1_HuangSW08M/track.npy,asap,0.568081991215227,0.15517241379310345,0.1624087591240876,0.15517241379310345,0.6771435710124547,0.3054645494657193,0.6786516853932585,0.33043478260869563
asap/Beethoven_Piano_Sonatas_31-1_LeungM03M/track.npy,asap,0.6178623718887262,0.2631578947368421,0.09181969949916527,0.2631578947368421,0.6822059091042731,0.37627361286511035,0.6397449521785336,0.3943661971830986
asap/Beethoven_Piano_Sonatas_31-1_Na06M/track.npy,asap,0.5563689604685212,0.25210084033613445,0.12947189097103917,0.25210084033613445,0.6830109560376779,0.3619675484939879,0.6544671689989235,0.38626609442060084
asap/Beethoven_Piano_Sonatas_31-1_Zuber04M/track.npy,asap,0.4333821376281113,0.06818181818181818,0.10196779964221825,0.06818181818181818,0.5909920652130698,0.31734643740516294,0.5971143174250833,0.34959349593495936
asap/Chopin_Ballades_1_BuiJL04M/track.npy,asap,0.28659476117103233,0.23193916349809887,0.28659476117103233,0.23193916349809887,0.5874017812296847,0.4796502823947048,0.620633631194151,0.51131221719457
asap/Chopin_Ballades_1_JIA06M/track.npy,asap,0.24923076923076923,0.1634980988593156,0.24923076923076923,0.1634980988593156,0.5768504079616982,0.4077725355232328,0.6183800623052959,0.44083526682134566
asap/Chopin_Ballades_1_KimSuyeon04M/track.npy,asap,0.28923076923076924,0.17110266159695817,0.28923076923076924,0.17110266159695817,0.6030687643176379,0.3867629272990194,0.6430298146655923,0.41706161137440756
asap/Chopin_Ballades_1_Mo07M/track.npy,asap,0.24195804195804196,0.311787072243346,0.24195804195804196,0.311787072243346,0.5682639278328716,0.4836618956526894,0.6231671554252198,0.5407725321888411
asap/Chopin_Ballades_1_MunA19M/track.npy,asap,0.21390374331550802,0.1717557251908397,0.21390374331550802,0.1717557251908397,0.5682230351332178,0.34175415174618534,0.6097560975609756,0.37168141592920356
asap/Chopin_Ballades_1_Richardson13M/track.npy,asap,0.1867043847241867,0.1596958174904943,0.1867043847241867,0.1596958174904943,0.5856066711915109,0.4174668241303441,0.6106194690265487,0.4292237442922375
asap/Chopin_Ballades_1_Sladek04M/track.npy,asap,0.2932098765432099,0.16546762589928057,0.2932098765432099,0.0648854961832061,0.5828096728847096,0.33784433512574835,0.6061588330632091,0.3491271820448878
asap/Chopin_Ballades_1_Zhou06M/track.npy,asap,0.29668674698795183,0.13307984790874525,0.29668674698795183,0.13307984790874525,0.6163192979666952,0.34800596444575577,0.6484018264840181,0.3657957244655582
asap/Chopin_Ballades_4_ChenC04M/track.npy,asap,0.34232954545454547,0.20416666666666666,0.34232954545454547,0.20416666666666666,0.6354844560151772,0.3922371277286467,0.6773648648648648,0.4265402843601896
asap/Chopin_Ballades_4_Kociuban07M/track.npy,asap,0.41784037558685444,0.14107883817427386,0.41784037558685444,0.14107883817427386,0.6470083616003455,0.32614423424904676,0.7053571428571428,0.3554502369668247
asap/Chopin_Ballades_4_Levitsky18M/track.npy,asap,0.39968404423380727,0.16,0.39968404423380727,0.07916666666666666,0.6559081463663581,0.3661867550342853,0.6936208445642408,0.38461538461538464
asap/Chopin_Ballades_4_LuEric04M/track.npy,asap,0.33284671532846716,0.125,0.33284671532846716,0.125,0.620809417034585,0.33446879640790245,0.6729613733905578,0.36815920398009944
asap/Chopin_Ballades_4_MiyashitaM04M/track.npy,asap,0.4905008635578584,0.1935483870967742,0.4905008635578584,0.0375,0.6828579447672809,0.3755257812083188,0.7327667610953731,0.4151898734177215
asap/Chopin_Ballades_4_Mizumoto02M/track.npy,asap,0.40717628705148207,0.13333333333333333,0.40717628705148207,0.13333333333333333,0.6374465428207362,0.32467068845132324,0.6851025869759144,0.36855036855036855
asap/Chopin_Ballades_4_Nikiforov13M/track.npy,asap,0.2732166890982503,0.13333333333333333,0.2732166890982503,0.13333333333333333,0.5871539056260602,0.318426110129185,0.6345053147996729,0.34549878345498786
asap/Chopin_Etudes_op_25_10_Guo02M/track.npy,asap,0.6640826873385013,0.3017241379310345,0.6640826873385013,0.3017241379310345,0.7671129871068026,0.43225356809669185,0.8243243243243243,0.47715736040609136
asap/Chopin_Etudes_op_25_10_Ozel05M/track.npy,asap,0.6923076923076923,0.13733905579399142,0.6923076923076923,0.08547008547008547,0.7709992030144007,0.41390261907661335,0.821808510638298,0.4444444444444444
asap/Chopin_Etudes_op_25_10_WangA03M/track.npy,asap,0.41494845360824745,0.13793103448275862,0.41494845360824745,0.13793103448275862,0.6755008876362817,0.36069287801513317,0.7036496350364964,0.37988826815642457
asap/Haydn_Keyboard_Sonatas_48-1_GarritsonL02M/track.npy,asap,0.5051334702258727,0.16352201257861634,0.5051334702258727,0.16352201257861634,0.7258044941488384,0.41765091235242385,0.7759336099585061,0.4421052631578948
asap/Haydn_Keyboard_Sonatas_48-1_PrjevalskayaM02M/track.npy,asap,0.5872689938398358,0.18867924528301888,0.5872689938398358,0.18867924528301888,0.6955799924308764,0.42624900604027616,0.778816199376947,0.45692883895131087
asap/Liszt_Gran_Etudes_de_Paganini_6_Theme_and_Variations_repeat_KanM09M/track.npy,asap,0.5372233400402414,0.2922374429223744,0.5372233400402414,0.2922374429223744,0.7448301083134203,0.5349501438434039,0.7927350427350427,0.5659340659340659
asap/Schubert_Impromptu_op.90_D.899_3_LEE_K04M/track.npy,asap,0.8902077151335311,0.5294117647058824,0.8902077151335311,0.5294117647058824,0.7130250221643194,0.4465577623782137,0.8622754491017963,0.6134969325153374
asap/Schubert_Piano_Sonatas_664-3_KabuliL12M/track.npy,asap,0.4403361344537815,0.30985915492957744,0.4403361344537815,0.30985915492957744,0.7785785889621785,0.4623180917233076,0.7999999999999999,0.46851385390428213
asap/Schubert_Wanderer_fantasie_Larionova05M/track.npy,asap,0.5369211514392991,0.1986013986013986,0.5369211514392991,0.1986013986013986,0.7277993602621635,0.44284153107615887,0.7600589846218664,0.4616564417177914
asap/Schubert_Wanderer_fantasie_SunY10M/track.npy,asap,0.6349603671255737,0.2755244755244755,0.6349603671255737,0.2755244755244755,0.784959614956887,0.5291088813188887,0.8156895824546606,0.5478194338179035
asap/Schumann_Kreisleriana_1_ParkJH04M/track.npy,asap,0.3693304535637149,0.102803738317757,0.2958579881656805,0.06896551724137931,0.7041179712576735,0.2964247419917556,0.7087719298245614,0.3049327354260089
asap/Schumann_Kreisleriana_1_Yarden09M/track.npy,asap,0.36925795053003535,0.08620689655172414,0.030035335689045935,0.08620689655172414,0.5193148585156939,0.19751430882358686,0.45556946182728414,0.20960698689956334
asap/Schumann_Toccata_WangY07M/track.npy,asap,0.6174734356552538,0.35013262599469497,0.6174734356552538,0.35013262599469497,0.7572838782187762,0.5355450512261397,0.7875000000000001,0.5553869499241275
asap/Schumann_Toccata_no_repeat_DupreeF13M/track.npy,asap,0.7035714285714286,0.31899641577060933,0.7035714285714286,0.31899641577060933,0.7427430564358537,0.43533890508973677,0.7645478961504029,0.4482758620689656
asap/Scriabin_Sonatas_5_ChernovA06M/track.npy,asap,0.20760534429599178,0.1085972850678733,0.20760534429599178,0.022675736961451247,0.4486189031941042,0.1769743158821673,0.48160919540229885,0.1918238993710692
asap/Scriabin_Sonatas_5_FaB05M/track.npy,asap,0.1720321931589537,0.12444444444444444,0.1720321931589537,0.022222222222222223,0.4090132872649759,0.2209853970577804,0.43990665110851807,0.22893481717011127
asap/Scriabin_Sonatas_5_GarritsonL06M/track.npy,asap,0.2022132796780684,0.1111111111111111,0.2022132796780684,0.028888888888888888,0.4349650191472176,0.2023692795897426,0.4660408614025401,0.218408736349454
asap/Scriabin_Sonatas_5_Ko07M/track.npy,asap,0.26619433198380565,0.15555555555555556,0.26619433198380565,0.026726057906458798,0.48897750621872277,0.22693838870565985,0.518140589569161,0.24
asap/Scriabin_Sonatas_5_Na07M/track.npy,asap,0.3058350100603622,0.1836734693877551,0.3058350100603622,0.05555555555555555,0.5055184661082921,0.23729678822086447,0.5350389321468298,0.25323741007194245
asap/Scriabin_Sonatas_5_Yeletskiy07M/track.npy,asap,0.2891809908998989,0.16964285714285715,0.2891809908998989,0.024553571428571428,0.50187424943414,0.2033686849296697,0.5355603448275863,0.21646341463414634
ballroom/ballroom_Albums-AnaBelen_Veneo-02/track.npy,ballroom,0.9047619047619048,0.9090909090909091,0.9047619047619048,0.9090909090909091,0.8642292003964039,0.8763006472757583,0.9382716049382716,0.9523809523809523
ballroom/ballroom_Albums-Ballroom_Classics4-03/track.npy,ballroom,1.0,1.0,1.0,1.0,0.7683794611607713,0.847104504832119,0.9166666666666666,0.9166666666666666
ballroom/ballroom_Albums-Ballroom_Classics4-04/track.npy,ballroom,0.972972972972973,1.0,0.972972972972973,1.0,0.8921479760515783,0.9026796196956838,0.9863013698630138,1.0
ballroom/ballroom_Albums-Ballroom_Classics4-13/track.npy,ballroom,0.8767123287671232,0.5416666666666666,0.8767123287671232,0.5416666666666666,0.766973880076418,0.452566402048282,0.9166666666666666,0.5416666666666666
ballroom/ballroom_Albums-Ballroom_Magic-01/track.npy,ballroom,0.9714285714285714,0.5,0.9714285714285714,0.5,0.8753308325255603,0.4707779455140078,0.9855072463768115,0.5217391304347826
ballroom/ballroom_Albums-Ballroom_Magic-06/track.npy,ballroom,1.0,1.0,1.0,1.0,0.9712074785741199,0.9841443365556776,1.0,1.0
ballroom/ballroom_Albums-Ballroom_Magic-07/track.npy,ballroom,1.0,1.0,1.0,1.0,0.8705958081671036,0.8768410009539725,1.0,1.0
ballroom/ballroom_Albums-Cafe_Paradiso-04/track.npy,ballroom,1.0,1.0,1.0,1.0,0.9765169506788465,0.9628877130839889,1.0,1.0
ballroom/ballroom_Albums-Cafe_Paradiso-09/track.npy,ballroom,1.0,1.0,1.0,1.0,0.9368729636595343,0.9879934022796496,0.9714285714285714,1.0
ballroom/ballroom_Albums-Chrisanne1-05/track.npy,ballroom,0.9814814814814815,1.0,0.9814814814814815,1.0,0.9413831772703468,0.9059374618708933,0.9814814814814815,0.9285714285714286
ballroom/ballroom_Albums-Chrisanne1-13/track.npy,ballroom,1.0,1.0,1.0,1.0,0.969744781367057,0.9782330841590745,1.0,1.0
ballroom/ballroom_Albums-Chrisanne3-07/track.npy,ballroom,0.9726027397260274,0.96,0.9726027397260274,0.96,0.8707651920986365,0.8563572380952489,0.9861111111111112,0.9795918367346939
ballroom/ballroom_Albums-Fire-01/track.npy,ballroom,1.0,1.0,1.0,1.0,0.9522734873292005,0.9421584854200032,1.0,1.0
ballroom/ballroom_Albums-Fire-08/track.npy,ballroom,0.9433962264150944,1.0,0.9433962264150944,1.0,0.9594106382956663,0.9856604594898766,0.9807692307692307,1.0
ballroom/ballroom_Albums-Latin_Jam2-08/track.npy,ballroom,1.0,1.0,1.0,1.0,0.9781986913894267,0.9831495032128341,1.0,1.0
ballroom/ballroom_Albums-Latin_Jam3-04/track.npy,ballroom,0.9761904761904762,1.0,0.9761904761904762,1.0,0.9697951260554621,0.9791995618185491,0.9879518072289156,1.0
ballroom/ballroom_Albums-Latin_Jam3-07/track.npy,ballroom,0.9772727272727273,1.0,0.9772727272727273,1.0,0.9226250667331914,0.9286767135712837,0.9885057471264368,1.0
ballroom/ballroom_Albums-Latin_Jam3-08/track.npy,ballroom,1.0,1.0,1.0,1.0,0.9696062617984582,0.9595196178712702,1.0,1.0
ballroom/ballroom_Albums-Latin_Jam4-12/track.npy,ballroom,1.0,1.0,1.0,1.0,0.9769603412712959,0.979195973013999,1.0,1.0
ballroom/ballroom_Albums-Macumba-01/track.npy,ballroom,1.0,1.0,1.0,1.0,0.9803363081339665,0.9867315062664469,1.0,1.0
ballroom/ballroom_Albums-Macumba-02/track.npy,ballroom,1.0,1.0,1.0,1.0,0.956113491900904,0.9839319833534621,1.0,1.0
ballroom/ballroom_Albums-Pais_Tropical-01/track.npy,ballroom,0.9024390243902439,0.6363636363636364,0.9024390243902439,0.6363636363636364,0.9157801970560705,0.774803165255512,0.975,0.7999999999999999
ballroom/ballroom_Albums-Pais_Tropical-04/track.npy,ballroom,0.9761904761904762,0.9090909090909091,0.9761904761904762,0.9090909090909091,0.9611718184670435,0.9257567246912062,0.9879518072289156,0.9523809523809523
ballroom/ballroom_Albums-Pais_Tropical-16/track.npy,ballroom,0.9861111111111112,0.9444444444444444,0.9861111111111112,0.0,0.9784033975696819,0.4801452806999334,0.993006993006993,0.0
ballroom/ballroom_Albums-Step_By_Step-07/track.npy,ballroom,1.0,1.0,1.0,1.0,0.9444433188058629,0.95667916296107,1.0,1.0
ballroom/ballroom_Albums-StrictlyDancing_Tango-01/track.npy,ballroom,1.0,1.0,1.0,1.0,0.9472682139304928,0.9405648754578788,1.0,1.0
ballroom/ballroom_Albums-StrictlyDancing_Tango-09/track.npy,ballroom,1.0,1.0,1.0,1.0,0.9615625792381017,0.9811227549498536,1.0,1.0
ballroom/ballroom_Albums-StrictlyDancing_Tango-14/track.npy,ballroom,1.0,1.0,1.0,1.0,0.9336558564537375,0.9520941074623344,1.0,1.0
ballroom/ballroom_Media-103402/track.npy,ballroom,1.0,1.0,1.0,1.0,0.9755184184172816,0.9626794455320355,1.0,1.0
ballroom/ballroom_Media-103512/track.npy,ballroom,1.0,1.0,1.0,1.0,0.9701279940613701,0.9646201816360074,1.0,1.0
ballroom/ballroom_Media-103610/track.npy,ballroom,0.9148936170212766,0.9090909090909091,0.9148936170212766,0.9090909090909091,0.9188680391406094,0.9139638736610023,0.9555555555555556,0.9523809523809523
ballroom/ballroom_Media-103714/track.npy,ballroom,0.4383561643835616,0.2222222222222222,0.4383561643835616,0.0,0.8170819408071375,0.43420139803208485,0.832,0.4444444444444444
ballroom/ballroom_Media-103717/track.npy,ballroom,0.96875,1.0,0.96875,1.0,0.6921449779963073,0.6763896935017268,0.9841269841269841,1.0
ballroom/ballroom_Media-103816/track.npy,ballroom,1.0,1.0,1.0,1.0,0.9727455267265211,0.9764964319150042,1.0,1.0
ballroom/ballroom_Media-103819/track.npy,ballroom,1.0,1.0,1.0,1.0,0.9674163049766987,0.9490590994599909,1.0,1.0
ballroom/ballroom_Media-103904/track.npy,ballroom,1.0,0.9,1.0,0.0,0.9720475095606971,0.4524068814237485,1.0,0.0
ballroom/ballroom_Media-103906/track.npy,ballroom,1.0,1.0,1.0,1.0,0.9842586417289791,0.9808127920754447,1.0,1.0
ballroom/ballroom_Media-103909/track.npy,ballroom,0.9615384615384616,0.38461538461538464,0.9615384615384616,0.38461538461538464,0.9726935575050605,0.4547846361544498,0.9902912621359222,0.46153846153846156
ballroom/ballroom_Media-103918/track.npy,ballroom,0.9833333333333333,1.0,0.9833333333333333,1.0,0.9648060611592275,0.9832374389182487,0.9915966386554621,1.0
ballroom/ballroom_Media-104110/track.npy,ballroom,1.0,1.0,1.0,1.0,0.9691608992783864,0.962916645998145,1.0,1.0
ballroom/ballroom_Media-104115/track.npy,ballroom,1.0,1.0,1.0,1.0,0.9531129037950269,0.9349165119831501,1.0,1.0
ballroom/ballroom_Media-104116/track.npy,ballroom,0.9824561403508771,0.9333333333333333,0.9824561403508771,0.9333333333333333,0.9640541684598096,0.9434025576610602,0.9911504424778761,0.9655172413793104
ballroom/ballroom_Media-104119/track.npy,ballroom,0.9863013698630136,1.0,0.9863013698630136,1.0,0.9681571227725589,0.9747311430549996,0.993103448275862,1.0
ballroom/ballroom_Media-104205/track.npy,ballroom,1.0,1.0,1.0,1.0,0.9537614682996501,0.9467609003078362,1.0,1.0
ballroom/ballroom_Media-104302/track.npy,ballroom,0.9655172413793104,1.0,0.9655172413793104,1.0,0.961385681497314,0.983872877023097,0.9824561403508771,1.0
ballroom/ballroom_Media-104304/track.npy,ballroom,0.9803921568627451,1.0,0.9803921568627451,1.0,0.9464472417111182,0.9498871804592373,0.99009900990099,1.0
ballroom/ballroom_Media-104309/track.npy,ballroom,0.9868421052631579,0.9615384615384616,0.9868421052631579,0.9615384615384616,0.9347173938054701,0.9388973731528856,0.9933774834437086,0.9803921568627451
ballroom/ballroom_Media-104316/track.npy,ballroom,1.0,1.0,1.0,1.0,0.9719761295400349,0.9727617764727715,1.0,1.0
ballroom/ballroom_Media-104402/track.npy,ballroom,1.0,1.0,1.0,1.0,0.8728704740024129,0.9295118510127223,1.0,1.0
ballroom/ballroom_Media-104503/track.npy,ballroom,1.0,1.0,1.0,1.0,0.9093729668277012,0.9082523752915707,1.0,1.0
ballroom/ballroom_Media-104608/track.npy,ballroom,0.9864864864864865,1.0,0.9864864864864865,1.0,0.9344714487876014,0.9478856266896274,0.9931972789115647,1.0
ballroom/ballroom_Media-104718/track.npy,ballroom,0.9545454545454546,0.9545454545454546,0.9545454545454546,0.9545454545454546,0.9054630211689382,0.8982496030683418,0.9714285714285714,0.9767441860465117
ballroom/ballroom_Media-105003/track.npy,ballroom,0.8571428571428571,1.0,0.8571428571428571,1.0,0.6557203816619386,0.7252281720148166,0.8000000000000002,0.9090909090909091
ballroom/ballroom_Media-105006/track.npy,ballroom,0.7931034482758621,0.8,0.7931034482758621,0.8,0.7775290937143938,0.7617536546320877,0.8846153846153846,0.888888888888889
ballroom/ballroom_Media-105010/track.npy,ballroom,0.9868421052631579,0.9615384615384616,0.9868421052631579,0.9615384615384616,0.9282362607589884,0.9372966595760713,0.9933774834437086,0.9803921568627451
ballroom/ballroom_Media-105104/track.npy,ballroom,0.972972972972973,1.0,0.972972972972973,1.0,0.9363336443901935,0.9020203979184213,0.9863013698630138,1.0
ballroom/ballroom_Media-105120/track.npy,ballroom,0.9767441860465116,1.0,0.9767441860465116,1.0,0.9388749772177581,0.9531309318707398,0.9941520467836257,1.0
ballroom/ballroom_Media-105303/track.npy,ballroom,1.0,1.0,1.0,1.0,0.8999081621786763,0.9514295401061745,1.0,1.0
ballroom/ballroom_Media-105306/track.npy,ballroom,0.9433962264150944,0.9230769230769231,0.9433962264150944,0.9230769230769231,0.9235660658643534,0.8869290819007393,0.9615384615384616,0.9600000000000001
ballroom/ballroom_Media-105309/track.npy,ballroom,0.9866666666666667,1.0,0.9866666666666667,1.0,0.9597578698567607,0.9721180762779713,0.9932885906040269,1.0
ballroom/ballroom_Media-105314/track.npy,ballroom,0.9285714285714286,0.9523809523809523,0.9285714285714286,0.9523809523809523,0.9175876721234933,0.915860502946689,0.9940119760479043,0.975609756097561
ballroom/ballroom_Media-105315/track.npy,ballroom,0.9770114942528736,1.0,0.9770114942528736,1.0,0.9691377743194279,0.9910210427530473,0.9883720930232558,1.0
ballroom/ballroom_Media-105410/track.npy,ballroom,0.9743589743589743,1.0,0.9743589743589743,1.0,0.9381394393775588,0.9758374219172754,0.9743589743589743,1.0
ballroom/ballroom_Media-105413/track.npy,ballroom,0.9705882352941176,0.9411764705882353,0.9705882352941176,0.9411764705882353,0.9588894810239774,0.9297675357436277,0.9850746268656716,0.9696969696969697
ballroom/ballroom_Media-105416/track.npy,ballroom,0.972972972972973,0.9,0.972972972972973,0.9,0.9494001134850275,0.887027249567995,0.9863013698630138,0.9473684210526316
ballroom/ballroom_Media-105504/track.npy,ballroom,1.0,1.0,1.0,1.0,0.8459488597917191,0.8321493426224479,0.9444444444444444,0.9166666666666666
ballroom/ballroom_Media-105510/track.npy,ballroom,0.972972972972973,0.96,0.972972972972973,0.96,0.9392898406423918,0.9391796121991259,0.9863013698630138,0.9795918367346939
ballroom/ballroom_Media-105511/track.npy,ballroom,0.9866666666666667,1.0,0.9866666666666667,1.0,0.9160536219361094,0.9227040686363973,0.9932885906040269,1.0
ballroom/ballroom_Media-105517/track.npy,ballroom,0.9764705882352941,0.9523809523809523,0.9764705882352941,0.9523809523809523,0.9552713468294608,0.9488453824634985,0.988095238095238,0.975609756097561
ballroom/ballroom_Media-105518/track.npy,ballroom,0.9764705882352941,0.9545454545454546,0.9764705882352941,0.9545454545454546,0.9461358025867312,0.9397062913193297,0.988095238095238,0.9767441860465117
ballroom/ballroom_Media-105606/track.npy,ballroom,0.9767441860465116,1.0,0.9767441860465116,1.0,0.9609720956178934,0.9657032764771123,0.988235294117647,1.0
ballroom/ballroom_Media-105611/track.npy,ballroom,0.9772727272727273,0.9090909090909091,0.9772727272727273,0.9090909090909091,0.9749254557236996,0.9348038907247158,0.9885057471264368,0.9523809523809523
ballroom/ballroom_Media-105615/track.npy,ballroom,1.0,1.0,1.0,1.0,0.9559143737453877,0.9656021632302131,1.0,1.0
ballroom/ballroom_Media-105701/track.npy,ballroom,0.918918918918919,0.9230769230769231,0.918918918918919,0.9230769230769231,0.9169415564542238,0.9111800129521148,0.972972972972973,0.9600000000000001
ballroom/ballroom_Media-105708/track.npy,ballroom,0.9605263157894737,0.96,0.9605263157894737,0.96,0.9519881601910574,0.9534101219624895,0.9798657718120806,0.9795918367346939
ballroom/ballroom_Media-105802/track.npy,ballroom,1.0,1.0,1.0,1.0,0.9570791308173567,0.961634495630796,1.0,1.0
ballroom/ballroom_Media-105807/track.npy,ballroom,0.9814814814814815,0.9285714285714286,0.9814814814814815,0.9285714285714286,0.9050098819926632,0.880920498387705,0.9906542056074767,0.962962962962963
ballroom/ballroom_Media-105816/track.npy,ballroom,0.9882352941176471,1.0,0.9882352941176471,1.0,0.9745572161585274,0.9819015784467592,0.9940828402366864,1.0
ballroom/ballroom_Media-105818/track.npy,ballroom,0.9883720930232558,1.0,0.9883720930232558,1.0,0.9665858435894972,0.9680483919703601,0.9941520467836257,1.0
ballroom/ballroom_Media-106007/track.npy,ballroom,0.9629629629629629,1.0,0.9629629629629629,1.0,0.968489597864527,0.9926501932270907,0.9811320754716981,1.0
ballroom/ballroom_Media-106012/track.npy,ballroom,0.9534883720930233,0.9090909090909091,0.9534883720930233,0.9090909090909091,0.9349264880535338,0.8837920456062953,0.9761904761904763,0.9523809523809523
ballroom/ballroom_Media-106103/track.npy,ballroom,0.9629629629629629,1.0,0.9629629629629629,1.0,0.9311182443989793,0.9477872952936277,0.9811320754716981,1.0
ballroom/ballroom_Media-106104/track.npy,ballroom,0.9629629629629629,0.9285714285714286,0.9629629629629629,0.9285714285714286,0.9612656927902165,0.9455986059544562,0.9811320754716981,0.962962962962963
ballroom/ballroom_Media-106105/track.npy,ballroom,0.9622641509433962,1.0,0.9622641509433962,1.0,0.9564897657398478,0.9873178200272578,0.9807692307692307,1.0
ballroom/ballroom_Media-106118/track.npy,ballroom,0.8032786885245902,0.75,0.10714285714285714,0.75,0.8108545881420407,0.4890755608132133,0.7126436781609196,0.5
beatles/beatles_01_Please_Please_Me_08_Love_Me_Do/track.npy,beatles,0.6123076923076923,0.5609756097560976,0.6123076923076923,0.5609756097560976,0.8452992765077636,0.777231029113315,0.8896434634974533,0.8194444444444444
beatles/beatles_01_Please_Please_Me_10_Baby_Its_You/track.npy,beatles,0.9927797833935018,0.9855072463768116,0.9927797833935018,0.9855072463768116,0.8192203389025412,0.8604750839205817,0.9927536231884057,0.9927007299270074
beatles/beatles_02_With_the_Beatles_12_Devil_In_Her_Heart/track.npy,beatles,1.0,1.0,1.0,1.0,0.9640886351882815,0.9594354208157425,1.0,1.0
beatles/beatles_02_With_the_Beatles_13_Not_A_Second_Time/track.npy,beatles,0.9919678714859438,1.0,0.9919678714859438,1.0,0.9719099110536938,0.9758972302098249,0.995967741935484,1.0
beatles/beatles_03_A_Hard_Days_Night_11_When_I_Get_Home/track.npy,beatles,0.9962406015037594,0.9253731343283582,0.9962406015037594,0.9253731343283582,0.9443389175398857,0.8957701421003983,0.9981167608286252,0.9402985074626865
beatles/beatles_03_A_Hard_Days_Night_12_You_Cant_Do_That/track.npy,beatles,0.9808917197452229,0.9746835443037974,0.9808917197452229,0.9746835443037974,0.9612782340258256,0.9530741823118677,0.9903536977491961,0.9871794871794872
beatles/beatles_04_Beatles_for_Sale_12_I_Dont_Want_to_Spoil_the_Party/track.npy,beatles,1.0,1.0,1.0,1.0,0.7545508222460318,0.762186855833531,1.0,1.0
beatles/beatles_05_Help_02_The_Night_Before/track.npy,beatles,0.5490196078431373,0.7745098039215687,0.5490196078431373,0.7745098039215687,0.695976988398439,0.7020891422968247,0.8729281767955802,0.8900523560209425
beatles/beatles_05_Help_10_You_Like_Me_Too_Much/track.npy,beatles,0.9716981132075472,0.4339622641509434,0.004728132387706856,0.4339622641509434,0.7447121413562114,0.7191354634895404,0.6613924050632911,0.8131868131868132
beatles/beatles_06_Rubber_Soul_10_Im_Looking_Through_You/track.npy,beatles,0.9898734177215189,0.9797979797979798,0.0,0.0,0.7541434597527192,0.7588972914698415,0.6632825719120136,0.6621621621621622
beatles/beatles_06_Rubber_Soul_13_If_I_Needed_Someone/track.npy,beatles,0.9964285714285714,0.9285714285714286,0.9964285714285714,0.9285714285714286,0.9685944696196366,0.914144564842881,0.998211091234347,0.9428571428571428
beatles/beatles_07_Revolver_03_Im_Only_Sleeping/track.npy,beatles,0.962457337883959,0.9594594594594594,0.962457337883959,0.9594594594594594,0.8507730140108627,0.8233995568402926,0.9773913043478261,0.9793103448275862
beatles/beatles_07_Revolver_08_Good_Day_Sunshine/track.npy,beatles,0.9537815126050421,0.8166666666666667,0.9537815126050421,0.8166666666666667,0.8964668571032417,0.7741904124098558,0.9807280513918629,0.8376068376068376
beatles/beatles_08_Sgt_Peppers_Lonely_Hearts_Club_Band_07_Being_For_The_Benefit_Of_Mr_Kite/track.npy,beatles,0.95,0.9629629629629629,0.95,0.9629629629629629,0.8202271503647705,0.8585182836198821,0.9729729729729729,0.9875
beatles/beatles_09_Magical_Mystery_Tour_06_I_Am_The_Walrus/track.npy,beatles,0.9974160206718347,1.0,0.9974160206718347,1.0,0.9045811779069193,0.9137425229102908,0.9857697283311773,1.0
beatles/beatles_09_Magical_Mystery_Tour_07_Hello_Goodbye/track.npy,beatles,0.993920972644377,0.5531914893617021,0.993920972644377,0.5531914893617021,0.8968948713885846,0.6839099221428268,0.9984779299847794,0.7486033519553073
beatles/beatles_10_CD1_The_Beatles_16_I_Will/track.npy,beatles,0.9879518072289156,0.5185185185185185,0.9879518072289156,0.5185185185185185,0.9600282584208919,0.8244550952543493,0.9969788519637462,0.8541666666666667
beatles/beatles_10_CD2_The_Beatles_01_Birthday/track.npy,beatles,0.997134670487106,0.9886363636363636,0.997134670487106,0.9886363636363636,0.9078720569569878,0.9003507077882885,0.9985652797704447,0.9942857142857142
beatles/beatles_10_CD2_The_Beatles_13_Good_Night/track.npy,beatles,0.9644670050761421,0.31958762886597936,0.9644670050761421,0.2878787878787879,0.6520649897846504,0.44408480879324674,0.8571428571428572,0.608695652173913
beatles/beatles_11_Abbey_Road_12_Polythene_Pam/track.npy,beatles,0.6096256684491979,0.6071428571428571,0.6096256684491979,0.17391304347826086,0.8386169951194482,0.6024691337490236,0.8875739644970415,0.5945945945945946
beatles/beatles_11_Abbey_Road_15_Carry_That_Weight/track.npy,beatles,1.0,1.0,1.0,1.0,0.9237075556505578,0.9050929713336338,1.0,1.0
beatles/beatles_12_Let_It_Be_11_For_You_Blue/track.npy,beatles,0.9967213114754099,1.0,0.9967213114754099,1.0,0.9299950412858505,0.9407056797215023,0.9983579638752053,1.0
beatles/beatles_12_Let_It_Be_12_Get_Back/track.npy,beatles,0.9772727272727273,0.7701149425287356,0.9772727272727273,0.7701149425287356,0.8723493900427869,0.8198177317433222,0.9804560260586319,0.9146341463414633
candombe/csic.1995_ansina2_01/track.npy,candombe,1.0,1.0,1.0,1.0,0.9742771084050224,0.9748301649623861,1.0,1.0
candombe/csic.1995_cuareim_01/track.npy,candombe,0.9974683544303797,0.9494949494949495,0.9974683544303797,0.9494949494949495,0.9810371559284438,0.940362427796238,0.9987341772151899,0.9569620253164557
candombe/zavala.muniz.2014_41/track.npy,candombe,0.9941002949852508,0.9411764705882353,0.9941002949852508,0.9411764705882353,0.9689706330682485,0.9191436447722966,0.9985228951255538,0.9529411764705882
candombe/zavala.muniz.2014_47/track.npy,candombe,1.0,1.0,1.0,1.0,0.9569706315829133,0.9629669724666572,1.0,1.0
filosax/filosax_02/track.npy,filosax,0.9943502824858758,0.9943502824858758,0.9943502824858758,0.9943502824858758,0.949496174799145,0.9392577304762261,0.9978768577494692,0.9971671388101983
filosax/filosax_03/track.npy,filosax,0.9960552268244576,1.0,0.9960552268244576,1.0,0.9166892237945847,0.9000613116251306,0.9985199802664035,1.0
filosax/filosax_22/track.npy,filosax,0.9931389365351629,0.9623287671232876,0.9931389365351629,0.9623287671232876,0.9555769516348407,0.9225601051908907,0.9965665236051503,0.967409948542024
filosax/filosax_36/track.npy,filosax,0.9984214680347278,0.9528301886792453,0.9984214680347278,0.9528301886792453,0.9535234208368454,0.915160653070207,0.9992101105845181,0.9621451104100947
filosax/filosax_37/track.npy,filosax,0.991389913899139,0.9803921568627451,0.991389913899139,0.9803921568627451,0.9164315398939515,0.902554746573042,0.9950617283950617,0.9901477832512315
filosax/filosax_45/track.npy,filosax,0.9973718791064389,0.7874396135265701,0.9973718791064389,0.7874396135265701,0.9211556880118695,0.8276239744986534,0.9986859395532195,0.9045226130653267
groove_midi/drummer10_session1_10_jazz-swing_110_beat_4-4/track.npy,groove_midi,0.9936102236421726,0.4935064935064935,0.9936102236421726,0.3333333333333333,0.9192587514135556,0.49659940810364833,0.9967948717948718,0.4473684210526316
groove_midi/drummer10_session1_4_jazz-swing_215_beat_4-4/track.npy,groove_midi,0.993006993006993,0.9722222222222222,0.993006993006993,0.9722222222222222,0.916824082624809,0.927995511728127,0.9964912280701755,0.9859154929577464
groove_midi/drummer1_eval_session_3_soul-groove3_86_beat_4-4/track.npy,groove_midi,1.0,1.0,1.0,1.0,0.9729039802824377,0.9729979199101155,1.0,1.0
groove_midi/drummer1_session1_184_reggae_78_beat_4-4/track.npy,groove_midi,0.9862068965517241,0.6666666666666666,0.9862068965517241,0.6666666666666666,0.903482902940949,0.8315572012737629,0.9930555555555556,0.8955223880597015
groove_midi/drummer1_session1_1_funk_80_beat_4-4/track.npy,groove_midi,0.972972972972973,0.8214285714285714,0.972972972972973,0.8214285714285714,0.8303904337283504,0.6759088587430476,0.9909090909090909,0.7999999999999999
groove_midi/drummer1_session1_2_funk_80_beat_4-4/track.npy,groove_midi,0.990909090909091,0.9642857142857143,0.990909090909091,0.9642857142857143,0.8825183531984595,0.8933432929322775,0.995433789954338,0.9818181818181818
groove_midi/drummer1_session1_48_jazz_93_beat_4-4/track.npy,groove_midi,1.0,1.0,1.0,1.0,0.8902260138604131,0.8799933868168812,1.0,1.0
groove_midi/drummer1_session1_52_jazz_125_beat_4-4/track.npy,groove_midi,0.9956709956709957,0.9482758620689655,0.9956709956709957,0.9482758620689655,0.871857910318773,0.8319418965932579,0.9978308026030369,0.9655172413793104
groove_midi/drummer1_session1_80_dance-breakbeat_170_beat_4-4/track.npy,groove_midi,0.8970099667774086,0.5675675675675675,0.8970099667774086,0.5675675675675675,0.8748999081409131,0.6396884010113083,0.9310924369747899,0.6762589928057553
groove_midi/drummer1_session2_35_punk_128_beat_4-4/track.npy,groove_midi,0.9911894273127754,0.8947368421052632,0.9911894273127754,0.8947368421052632,0.9494997878770117,0.8765931572228463,0.9955752212389382,0.9203539823008849
groove_midi/drummer3_session1_11_rock_120_beat_4-4/track.npy,groove_midi,1.0,1.0,1.0,1.0,0.7596586423946153,0.7448972448446174,1.0,1.0
groove_midi/drummer3_session1_35_rock_120_beat_4-4/track.npy,groove_midi,0.9615384615384616,0.6,0.9615384615384616,0.6,0.8706181374543966,0.5929953208547505,0.974025974025974,0.6666666666666667
groove_midi/drummer3_session1_4_rock_105_beat_4-4/track.npy,groove_midi,1.0,1.0,1.0,1.0,0.9012462537283894,0.9141932727315565,1.0,1.0
groove_midi/drummer3_session1_8_jazz_105_beat_4-4/track.npy,groove_midi,0.7698412698412699,0.7096774193548387,0.7698412698412699,0.7096774193548387,0.6847803210730413,0.5944880076820463,0.874493927125506,0.7540983606557377
groove_midi/drummer4_session1_5_latin-brazilian_184_beat_4-4/track.npy,groove_midi,0.9811320754716981,0.7142857142857143,0.0,0.0,0.7124893077071554,0.5418088810891142,0.6666666666666666,0.5
groove_midi/drummer5_eval_session_10_soul-groove10_102_beat_4-4/track.npy,groove_midi,1.0,1.0,1.0,1.0,0.9600827944254069,0.9680603560328263,1.0,1.0
groove_midi/drummer5_session1_13_afrocuban-calypso_124_beat_4-4/track.npy,groove_midi,0.997179125528914,0.9606741573033708,0.997179125528914,0.9606741573033708,0.9544841257416504,0.9220196200449398,0.998589562764457,0.9690140845070423
groove_midi/drummer5_session1_18_afrocuban_128_beat_4-4/track.npy,groove_midi,0.8592436974789915,0.576271186440678,0.8592436974789915,0.576271186440678,0.8230313919245738,0.6448767256921549,0.9104320337197049,0.7022222222222222
groove_midi/drummer5_session1_7_latin-brazilian-maracatu_96_beat_4-4/track.npy,groove_midi,0.8647342995169082,0.8725490196078431,0.8647342995169082,0.8725490196078431,0.7930684285869781,0.7555267572555455,0.9368029739776952,0.8955223880597014
groove_midi/drummer5_session2_4_reggae_141_beat_4-4/track.npy,groove_midi,0.79957805907173,0.5,0.79957805907173,0.0,0.8241512329637598,0.3310405527157148,0.9467849223946785,0.038461538461538464
groove_midi/drummer7_eval_session_10_soul-groove10_102_beat_4-4/track.npy,groove_midi,1.0,1.0,1.0,1.0,0.9572548838042314,0.9537885771179658,1.0,1.0
groove_midi/drummer7_eval_session_8_rock-groove8_65_beat_4-4/track.npy,groove_midi,0.9830508474576272,0.9333333333333333,0.9830508474576272,0.9333333333333333,0.8518657792159122,0.8122733476686664,0.9743589743589743,0.9655172413793104
groove_midi/drummer7_session1_14_jazz_100_beat_4-4/track.npy,groove_midi,0.989010989010989,0.46511627906976744,0.989010989010989,0.0,0.8775835361030143,0.5354304556562688,0.994475138121547,0.36363636363636365
groove_midi/drummer7_session1_38_hiphop_100_beat_4-4/track.npy,groove_midi,1.0,0.0,1.0,0.0,0.9169039832099508,4.5667763257501766e-46,1.0,0.0
groove_midi/drummer7_session1_7_rock_93_beat_4-4/track.npy,groove_midi,0.975609756097561,1.0,0.975609756097561,1.0,0.8385992946014885,0.8475234694780104,0.9876543209876543,1.0
groove_midi/drummer7_session2_100_pop_142_beat_4-4/track.npy,groove_midi,0.9814814814814815,1.0,0.9814814814814815,1.0,0.7937569235911054,0.7913463563964446,0.9906542056074767,1.0
groove_midi/drummer7_session2_1_rock_120_beat_4-4/track.npy,groove_midi,0.9834710743801653,1.0,0.9834710743801653,1.0,0.887783234902518,0.8922139936726333,0.9916666666666667,1.0
groove_midi/drummer7_session2_29_rock_75_beat_4-4/track.npy,groove_midi,0.9411764705882353,0.8888888888888888,0.9411764705882353,0.8888888888888888,0.821899775375938,0.8192837473629752,0.9090909090909091,0.823529411764706
groove_midi/drummer7_session2_8_rock_95_beat_4-4/track.npy,groove_midi,0.9939393939393939,0.8809523809523809,0.9939393939393939,0.8809523809523809,0.9071318748398415,0.8447964290890698,0.9969604863221885,0.9156626506024096
groove_midi/drummer7_session2_96_pop_142_beat_4-4/track.npy,groove_midi,0.9895287958115183,1.0,0.9895287958115183,1.0,0.9352824345257713,0.9409221428350053,0.9947368421052631,1.0
groove_midi/drummer7_session3_131_soul_105_beat_4-4/track.npy,groove_midi,0.9791666666666666,0.75,0.9791666666666666,0.75,0.8012157654874711,0.6909961554750542,0.9894736842105264,0.8695652173913043
groove_midi/drummer7_session3_65_funk_112_beat_4-4/track.npy,groove_midi,0.993006993006993,0.9722222222222222,0.993006993006993,0.9722222222222222,0.9537273388874447,0.9358866753541248,0.9964912280701755,0.9859154929577464
groove_midi/drummer7_session3_91_neworleans-funk_93_beat_4-4/track.npy,groove_midi,1.0,1.0,1.0,1.0,0.8774458333497882,0.8545088056343694,1.0,1.0
groove_midi/drummer8_eval_session_6_hiphop-groove6_87_beat_4-4/track.npy,groove_midi,1.0,1.0,1.0,1.0,0.837608573418741,0.856215112658519,1.0,1.0
groove_midi/drummer8_eval_session_7_pop-groove7_138_beat_4-4/track.npy,groove_midi,1.0,1.0,1.0,1.0,0.9564729944813888,0.9598874426901993,1.0,1.0
groove_midi/drummer8_session1_18_funk_108_beat_4-4/track.npy,groove_midi,0.9962962962962963,0.6119402985074627,0.9962962962962963,0.3582089552238806,0.9446413414608192,0.4823584888612431,0.9981447124304267,0.35820895522388063
groove_midi/drummer8_session1_19_funk_108_beat_4-4/track.npy,groove_midi,0.9024390243902439,0.6951219512195121,0.9024390243902439,0.6951219512195121,0.8939098043489808,0.7227963761138585,0.9464012251148545,0.7643312101910827
groove_midi/drummer8_session1_22_funk_115_beat_4-4/track.npy,groove_midi,0.4883227176220807,0.2966101694915254,0.4883227176220807,0.2966101694915254,0.6105710624886985,0.4548401891438244,0.6642771804062126,0.49746192893401014
groove_midi/drummer8_session1_5_hiphop_90_beat_4-4/track.npy,groove_midi,0.9945945945945946,0.9787234042553191,0.9945945945945946,0.9787234042553191,0.9573509930978676,0.9517068782660497,0.997289972899729,0.989247311827957
groove_midi/drummer8_session1_9_funk_96_beat_4-4/track.npy,groove_midi,0.987012987012987,0.9487179487179487,0.987012987012987,0.9487179487179487,0.958233333016353,0.9278734968047253,0.9934640522875817,0.9610389610389611
groove_midi/drummer9_session1_25_rock_90_beat_4-4/track.npy,groove_midi,0.9375,0.8333333333333334,0.9375,0.8333333333333334,0.8274852971375534,0.7463890349599988,0.9583333333333334,0.9166666666666666
groove_midi/drummer9_session1_2_rock_100_beat_4-4/track.npy,groove_midi,1.0,1.0,1.0,1.0,0.9759950646178549,0.9687580766236811,1.0,1.0
guitarset/00_BN2-166-Ab_comp_mix/track.npy,guitarset,0.98,0.0,0.98,0.0,0.9126766255324972,2.6391702269605627e-17,0.98989898989899,0.0
guitarset/00_BN3-154-E_comp_mix/track.npy,guitarset,1.0,1.0,1.0,1.0,0.9258539774527512,0.904711543915116,1.0,1.0
guitarset/00_Funk1-97-C_comp_mix/track.npy,guitarset,0.9743589743589743,1.0,0.9743589743589743,1.0,0.9305511169307885,0.9714128782556902,0.9870129870129869,1.0
guitarset/01_BN3-119-G_comp_mix/track.npy,guitarset,1.0,1.0,1.0,1.0,0.9438569283924729,0.9299334313985094,1.0,1.0
guitarset/01_BN3-154-E_comp_mix/track.npy,guitarset,1.0,1.0,1.0,1.0,0.9796333127762711,0.9894561605524109,1.0,1.0
guitarset/01_Rock1-90-C#_comp_mix/track.npy,guitarset,0.975609756097561,0.9090909090909091,0.975609756097561,0.9090909090909091,0.9382356335919989,0.8809283243685864,0.9876543209876543,0.9523809523809523
guitarset/01_Rock3-148-C_comp_mix/track.npy,guitarset,1.0,1.0,1.0,1.0,0.9466016610173147,0.9544856382817938,1.0,1.0
guitarset/02_BN2-131-B_comp_mix/track.npy,guitarset,1.0,1.0,1.0,1.0,0.9673297672114852,0.9764026269878718,1.0,1.0
guitarset/02_Jazz3-150-C_comp_mix/track.npy,guitarset,1.0,1.0,1.0,1.0,0.9028869818015611,0.8544739656428865,1.0,1.0
guitarset/02_Rock2-142-D_comp_mix/track.npy,guitarset,1.0,1.0,1.0,1.0,0.8375142934093354,0.8557591455318561,1.0,1.0
guitarset/02_Rock3-148-C_comp_mix/track.npy,guitarset,1.0,1.0,1.0,1.0,0.8784176340432079,0.8972644093378571,1.0,1.0
guitarset/02_SS3-98-C_comp_mix/track.npy,guitarset,1.0,1.0,1.0,1.0,0.9678142193554412,0.961007838843537,1.0,1.0
guitarset/03_BN1-147-Gb_comp_mix/track.npy,guitarset,1.0,1.0,1.0,1.0,0.9575039815044369,0.943702844327393,1.0,1.0
guitarset/03_Jazz2-187-F#_comp_mix/track.npy,guitarset,0.8269230769230769,0.8461538461538461,0.8269230769230769,0.8461538461538461,0.8244880760361321,0.706588153720601,0.9600000000000001,0.8799999999999999
guitarset/03_Rock2-142-D_comp_mix/track.npy,guitarset,1.0,1.0,1.0,1.0,0.9189522068353345,0.926911904527501,1.0,1.0
guitarset/03_SS3-98-C_comp_mix/track.npy,guitarset,1.0,1.0,1.0,1.0,0.9467925667258423,0.9199480446683602,1.0,1.0
guitarset/04_BN2-131-B_comp_mix/track.npy,guitarset,0.9433962264150944,1.0,0.9433962264150944,1.0,0.8793960693176778,0.9568945439281327,0.9433962264150944,1.0
guitarset/05_Funk2-108-Eb_comp_mix/track.npy,guitarset,0.7818181818181819,0.5384615384615384,0.7818181818181819,0.5384615384615384,0.7886183456055118,0.557657800387842,0.8679245283018867,0.6153846153846154
guitarset/05_Jazz1-130-D_comp_mix/track.npy,guitarset,1.0,0.9444444444444444,1.0,0.0,0.7811061810867944,0.6445125489364948,1.0,0.6666666666666666
guitarset/05_Jazz1-200-B_comp_mix/track.npy,guitarset,1.0,1.0,1.0,1.0,0.9465806483064616,0.9166533103432355,1.0,1.0
guitarset/05_Jazz3-150-C_comp_mix/track.npy,guitarset,0.9607843137254902,0.75,0.9607843137254902,0.75,0.889654310378235,0.7718842150659371,0.99009900990099,0.8333333333333334
guitarset/05_SS3-84-Bb_comp_mix/track.npy,guitarset,1.0,1.0,1.0,1.0,0.8434797665467374,0.8150429979003818,1.0,1.0
hainsworth/hainsworth_001/track.npy,hainsworth,1.0,1.0,1.0,1.0,0.976966440705427,0.9865578917112807,1.0,1.0
hainsworth/hainsworth_016/track.npy,hainsworth,0.7037037037037037,0.16666666666666666,0.17391304347826086,0.0,0.802506193606179,0.47666694795413744,0.7397260273972603,0.47058823529411764
hainsworth/hainsworth_046/track.npy,hainsworth,0.9885057471264368,1.0,0.9885057471264368,1.0,0.9436209481649189,0.9586792713620763,0.9942196531791908,1.0
hainsworth/hainsworth_060/track.npy,hainsworth,1.0,0.5714285714285714,1.0,0.28205128205128205,0.9536515630319436,0.7828787731847879,1.0,0.7812500000000001
hainsworth/hainsworth_070/track.npy,hainsworth,0.7864077669902912,0.4230769230769231,0.7864077669902912,0.4230769230769231,0.7490957612002956,0.4317148859823053,0.8932038834951457,0.5306122448979592
hainsworth/hainsworth_074/track.npy,hainsworth,0.4444444444444444,0.36363636363636365,0.3877551020408163,0.2916666666666667,0.8076067339736909,0.6775965174537528,0.819277108433735,0.6829268292682927
hainsworth/hainsworth_078/track.npy,hainsworth,1.0,0.42857142857142855,1.0,0.42857142857142855,0.9216668644789697,0.4068446729340987,1.0,0.4642857142857143
hainsworth/hainsworth_087/track.npy,hainsworth,1.0,1.0,1.0,1.0,0.9752312239622678,0.9642075685801043,1.0,1.0
hainsworth/hainsworth_094/track.npy,hainsworth,1.0,1.0,1.0,1.0,0.9165748125699122,0.9309821785138468,1.0,1.0
hainsworth/hainsworth_095/track.npy,hainsworth,1.0,1.0,1.0,1.0,0.9748359921409265,0.9715786464948408,1.0,1.0
hainsworth/hainsworth_098/track.npy,hainsworth,1.0,1.0,1.0,1.0,0.9754084076744558,0.9734275683333352,1.0,1.0
hainsworth/hainsworth_103/track.npy,hainsworth,0.6567164179104478,0.47058823529411764,0.6567164179104478,0.47058823529411764,0.7283598647009819,0.5644102409617416,0.7906976744186047,0.6060606060606061
hainsworth/hainsworth_119/track.npy,hainsworth,1.0,1.0,1.0,1.0,0.9596699093384695,0.9635230972992047,1.0,1.0
hainsworth/hainsworth_127/track.npy,hainsworth,0.3448275862068966,0.14285714285714285,0.23214285714285715,0.0,0.5079772800966964,0.20563487352087795,0.6352941176470589,0.2285714285714286
hainsworth/hainsworth_133/track.npy,hainsworth,0.3,0.16666666666666666,0.3,0.0,0.3441128645729224,0.15975453540819576,0.463768115942029,0.21052631578947367
hainsworth/hainsworth_134/track.npy,hainsworth,0.27450980392156865,0.08,0.11650485436893204,0.08,0.3216658108472046,0.2550184859914734,0.4028776978417266,0.23529411764705882
hainsworth/hainsworth_146/track.npy,hainsworth,1.0,1.0,1.0,1.0,0.9800010107472071,0.9827129769956257,1.0,1.0
hainsworth/hainsworth_148/track.npy,hainsworth,1.0,1.0,1.0,1.0,0.9609567932558479,0.96646887224946,1.0,1.0
hainsworth/hainsworth_157/track.npy,hainsworth,1.0,1.0,1.0,1.0,0.980804208409243,0.9855199522781809,1.0,1.0
hainsworth/hainsworth_160/track.npy,hainsworth,1.0,1.0,1.0,1.0,0.9636272698181229,0.95742150329501,1.0,1.0
hainsworth/hainsworth_164/track.npy,hainsworth,1.0,1.0,1.0,1.0,0.9695823262088007,0.9831964548356321,1.0,1.0
hainsworth/hainsworth_168/track.npy,hainsworth,1.0,1.0,1.0,1.0,0.9765769990910411,0.9783790493378299,1.0,1.0
hainsworth/hainsworth_205/track.npy,hainsworth,0.0,0.26666666666666666,0.0,0.26666666666666666,0.21007157041786173,0.2424374158534626,0.3564356435643564,0.3846153846153846
hainsworth/hainsworth_208/track.npy,hainsworth,0.45985401459854014,0.3333333333333333,0.3627450980392157,0.0,0.767821254673497,0.19450327438370113,0.8070175438596492,0.20689655172413793
hainsworth/hainsworth_217/track.npy,hainsworth,1.0,1.0,1.0,1.0,0.9733104749070803,0.9566006404986294,1.0,1.0
hainsworth/hainsworth_229/track.npy,hainsworth,1.0,1.0,1.0,1.0,0.9801343733286777,0.979758375310104,1.0,1.0
hainsworth/hainsworth_233/track.npy,hainsworth,1.0,1.0,1.0,1.0,0.983408031422226,0.982156234842057,1.0,1.0
hainsworth/hainsworth_241/track.npy,hainsworth,0.9809523809523809,0.0,0.009615384615384616,0.0,0.7767917905604702,0.4498838512509069,0.6751592356687898,0.4
harmonix/0011_areyouexperienced/track.npy,harmonix,0.9246987951807228,0.3333333333333333,0.9246987951807228,0.3333333333333333,0.8841324815418222,0.4471948346597471,0.947209653092006,0.4675324675324675
harmonix/0021_better/track.npy,harmonix,0.9495798319327731,0.8235294117647058,0.9495798319327731,0.8235294117647058,0.885211608063361,0.7876387062303041,0.9536842105263157,0.849785407725322
harmonix/0036_breakingthegirl/track.npy,harmonix,0.7967289719626168,0.6771929824561403,0.7967289719626168,0.06493506493506493,0.8529984024391176,0.6775495541946197,0.9211973121563836,0.6417112299465241
harmonix/0046_castlesmadeofsand/track.npy,harmonix,0.7829457364341085,0.46875,0.7829457364341085,0.46875,0.7410474292394038,0.4564855229139895,0.8514056224899598,0.5528455284552846
harmonix/0047_chinacatsunflower/track.npy,harmonix,0.98,0.673469387755102,0.98,0.673469387755102,0.8594403647528348,0.7043567878848908,0.9899569583931135,0.8449197860962567
harmonix/0059_cupidshuffle/track.npy,harmonix,0.4805914972273567,0.8059701492537313,0.4805914972273567,0.8059701492537313,0.34300468700015685,0.32570119898518934,0.45437616387337054,0.45384615384615384
harmonix/0066_decentdaysandnights/track.npy,harmonix,0.9732360097323601,0.37142857142857144,0.9732360097323601,0.37142857142857144,0.911593854107764,0.4462878483357436,0.9902200488997555,0.48756218905472637
harmonix/0122_heardemall/track.npy,harmonix,0.4823848238482385,0.7021276595744681,0.12408759124087591,0.7021276595744681,0.6646363834849066,0.41457038979073607,0.5359477124183006,0.4318181818181818
harmonix/0130_hotstuff/track.npy,harmonix,1.0,1.0,1.0,1.0,0.9552616253041355,0.9567179791109555,1.0,1.0
harmonix/0138_ilikeit/track.npy,harmonix,1.0,1.0,1.0,1.0,0.9449522164774968,0.9307713790757436,1.0,1.0
harmonix/0141_indaclub/track.npy,harmonix,1.0,1.0,1.0,1.0,0.6728083288025157,0.6677949161992124,1.0,1.0
harmonix/0142_indestructible/track.npy,harmonix,0.9909365558912386,0.42857142857142855,0.9909365558912386,0.42857142857142855,0.9281271861259028,0.6167783743755878,0.996969696969697,0.6585365853658537
harmonix/0150_justdance/track.npy,harmonix,1.0,1.0,1.0,1.0,0.9508964749720058,0.9606706882655827,1.0,1.0
harmonix/0166_macarena/track.npy,harmonix,1.0,0.7741935483870968,1.0,0.7741935483870968,0.8455790911133072,0.6515259002926053,1.0,0.7903225806451614
harmonix/0169_manicdepression/track.npy,harmonix,0.940952380952381,0.26285714285714284,0.940952380952381,0.26285714285714284,0.9085171428971802,0.4957950619201431,0.9688109161793372,0.5333333333333333
harmonix/0170_manyshadesofblack/track.npy,harmonix,0.015665796344647518,0.8888888888888888,0.015665796344647518,0.03076923076923077,0.46775453977133813,0.7321309565774667,0.5091610414657666,0.6464646464646465
harmonix/0173_massiveattack/track.npy,harmonix,0.7790368271954674,0.6292134831460674,0.0,0.041666666666666664,0.6672183082532035,0.5608037752155376,0.5679012345679013,0.5128205128205129
harmonix/0174_maythisbelove/track.npy,harmonix,0.9042553191489362,0.9,0.9042553191489362,0.9,0.8984534472658079,0.911761372615171,0.9481481481481482,0.9402985074626866
harmonix/0175_meddle/track.npy,harmonix,0.9614325068870524,0.5604395604395604,0.0196078431372549,0.2361111111111111,0.8059830398568941,0.6664811298456719,0.6753246753246753,0.6101694915254238
harmonix/0186_nearlylostyou/track.npy,harmonix,0.6016260162601627,0.5934959349593496,0.6016260162601627,0.5934959349593496,0.7989596572293312,0.6127346079822911,0.8856172140430351,0.6787330316742082
harmonix/0219_pondereplay/track.npy,harmonix,0.740139211136891,0.5420560747663551,0.14893617021276595,0.025974025974025976,0.7997399600790897,0.6408206868398653,0.7297297297297298,0.5801526717557253
harmonix/0223_reallove/track.npy,harmonix,1.0,0.9838709677419355,1.0,0.0,0.8803226634178519,0.4393190801144019,1.0,0.0
harmonix/0236_rumpshaker/track.npy,harmonix,1.0,1.0,1.0,1.0,0.9211756910280351,0.9249299168808329,1.0,1.0
harmonix/0239_sandm/track.npy,harmonix,0.9968944099378882,1.0,0.9968944099378882,1.0,0.941729324218095,0.9442308518674201,0.9984447900466563,1.0
harmonix/0244_sayaah/track.npy,harmonix,0.9800995024875622,0.8627450980392157,0.9800995024875622,0.8627450980392157,0.750822770870436,0.7275148805835231,0.995,0.8910891089108911
harmonix/0249_sensualseduction/track.npy,harmonix,0.9596602972399151,0.8898305084745762,0.9596602972399151,0.8898305084745762,0.9497460618187019,0.8957830090433218,0.9752953813104188,0.9224137931034483
harmonix/0266_straightup/track.npy,harmonix,1.0,1.0,1.0,1.0,0.8761439299012675,0.8731670961369515,1.0,1.0
harmonix/0272_teachmehowtojerk/track.npy,harmonix,0.9958677685950413,1.0,0.9958677685950413,1.0,0.976787945485034,0.9838723389890812,0.9979296066252588,1.0
harmonix/0273_technologic/track.npy,harmonix,1.0,1.0,1.0,1.0,0.9341199624916827,0.9258032150824131,1.0,1.0
harmonix/0277_thashiznit/track.npy,harmonix,0.9234338747099768,0.8055555555555556,0.0,0.004651162790697674,0.7613937761115364,0.7069333518426978,0.6324921135646688,0.6309148264984227
harmonix/0294_tonighttonight/track.npy,harmonix,0.984375,0.9,0.984375,0.9,0.9646214508392309,0.8794546983173597,0.9921507064364208,0.925
harmonix/0302_venus/track.npy,harmonix,1.0,1.0,1.0,1.0,0.9801008928615085,0.9796765344012605,1.0,1.0
harmonix/0311_whipmyhair/track.npy,harmonix,1.0,1.0,1.0,1.0,0.9057194155400571,0.9166290693288726,1.0,1.0
harmonix/0330_50waystosaygoodbye/track.npy,harmonix,1.0,1.0,1.0,1.0,0.9353060661191454,0.9401573817615547,1.0,1.0
harmonix/0334_alltherightplaces/track.npy,harmonix,1.0,0.8933333333333333,1.0,0.8933333333333333,0.9623704507966586,0.8948939715931636,1.0,0.9395973154362416
harmonix/0344_beautifullife/track.npy,harmonix,0.9680170575692963,0.9067796610169492,0.9680170575692963,0.9067796610169492,0.8339398120176752,0.8074503771949031,0.9850107066381156,0.94017094017094
harmonix/0348_blackout/track.npy,harmonix,0.9951923076923077,1.0,0.9951923076923077,1.0,0.9582318702956328,0.9630937830134827,0.9975903614457832,1.0
harmonix/0354_brandnewday/track.npy,harmonix,0.9743589743589743,0.979381443298969,0.9743589743589743,0.979381443298969,0.945429869305001,0.9482363879084376,0.9858429858429858,0.9844559585492227
harmonix/0376_earthquake/track.npy,harmonix,0.9018987341772152,0.8354430379746836,0.0,0.0,0.6949507607951706,0.6719414045337679,0.6137339055793992,0.5862068965517242
harmonix/0399_gotmygirls/track.npy,harmonix,0.9942363112391931,1.0,0.9942363112391931,1.0,0.8768131205443622,0.8760289285454204,0.9971098265895955,1.0
harmonix/0415_illbewaiting/track.npy,harmonix,1.0,1.0,1.0,1.0,0.9687492474682367,0.9671532620344626,1.0,1.0
harmonix/0425_justakiss/track.npy,harmonix,1.0,1.0,1.0,1.0,0.9769109022710434,0.9788587770168979,1.0,1.0
harmonix/0451_mrknowitall/track.npy,harmonix,0.9916434540389972,1.0,0.9916434540389972,1.0,0.9516300241933564,0.9451599642371118,0.9972067039106145,1.0
harmonix/0453_mygirl/track.npy,harmonix,0.9652777777777778,0.9722222222222222,0.9652777777777778,0.9722222222222222,0.9580829276658149,0.9641928012104501,0.9823321554770319,0.9859154929577464
harmonix/0454_myohmy/track.npy,harmonix,0.9969230769230769,1.0,0.9969230769230769,1.0,0.9834691788117271,0.9830082346261615,0.9984591679506933,1.0
harmonix/0465_onething/track.npy,harmonix,0.9974874371859297,1.0,0.9974874371859297,1.0,0.9681038234741064,0.9686413180712742,0.9987421383647799,1.0
harmonix/0466_onthedarkside/track.npy,harmonix,0.3874709976798144,0.6296296296296297,0.3874709976798144,0.6296296296296297,0.40335684043513975,0.4021623156153846,0.7404580152671756,0.7309644670050761
harmonix/0470_ours/track.npy,harmonix,0.8760469011725294,0.86,0.8760469011725294,0.86,0.90810541073964,0.8852188434260689,0.9663503019844695,0.9448275862068967
harmonix/0472_partofme/track.npy,harmonix,0.9932584269662922,1.0,0.9932584269662922,1.0,0.5624355637886956,0.5617496264606304,0.9966178128523112,1.0
harmonix/0488_september/track.npy,harmonix,0.900355871886121,0.8208955223880597,0.900355871886121,0.8208955223880597,0.9161221611246685,0.8476935366783349,0.970802919708029,0.8923076923076922
harmonix/0489_shakeyourbody/track.npy,harmonix,1.0,1.0,1.0,1.0,0.8866261131376706,0.8915804659532556,1.0,1.0
harmonix/0503_stucklikeglue/track.npy,harmonix,0.87518573551263,0.8682634730538922,0.06656101426307448,0.07006369426751592,0.8148389866980665,0.8133288023774923,0.6962809917355373,0.6970954356846474
harmonix/0514_thetimeofmylife/track.npy,harmonix,0.9759036144578314,0.9758064516129032,0.9759036144578314,0.9758064516129032,0.8585659121974846,0.8617740409670299,0.9738430583501007,0.967741935483871
harmonix/0520_tonight/track.npy,harmonix,0.9957446808510638,0.9658119658119658,0.9957446808510638,0.9658119658119658,0.9644300606855832,0.9340948280740611,0.997872340425532,0.9658119658119658
harmonix/0531_whenwestandtogether/track.npy,harmonix,1.0,0.9722222222222222,1.0,0.9722222222222222,0.9614626633671659,0.9494897630427511,1.0,0.993006993006993
harmonix/0539_youandi/track.npy,harmonix,0.6636636636636637,0.6547619047619048,0.10526315789473684,0.11290322580645161,0.27490963483238146,0.28546667593067343,0.6118500604594921,0.5961538461538461
harmonix/0554_allalright/track.npy,harmonix,0.5588723051409619,0.6158940397350994,0.27941176470588236,0.18032786885245902,0.7844553483925265,0.7436302789669865,0.7763496143958869,0.7070707070707071
harmonix/0562_alreadygone/track.npy,harmonix,0.9969788519637462,0.9879518072289156,0.9969788519637462,0.9879518072289156,0.9189481776104533,0.9118861514842492,0.9984871406959154,0.993939393939394
harmonix/0567_anythingcouldhappen/track.npy,harmonix,0.9810924369747899,0.8571428571428571,0.9810924369747899,0.8571428571428571,0.9629297333588925,0.8558929443006082,0.9936708860759494,0.8776371308016878
harmonix/0604_bustitbabypart2/track.npy,harmonix,0.7167630057803468,0.7468354430379747,0.16161616161616163,0.08783783783783784,0.7829022858262819,0.7413604521291896,0.7340425531914893,0.6607929515418502
harmonix/0629_crush/track.npy,harmonix,0.9816849816849816,0.9420289855072463,0.9816849816849816,0.9420289855072463,0.955502280187808,0.9364466698662559,0.9907578558225507,0.9705882352941176
harmonix/0637_daynniteremix/track.npy,harmonix,1.0,1.0,1.0,1.0,0.809322024438155,0.8091071666396266,1.0,1.0
harmonix/0645_dontstopthemusic/track.npy,harmonix,0.9829545454545454,0.8636363636363636,0.9829545454545454,0.8636363636363636,0.9281007936081774,0.8141014882118919,0.9914204003813155,0.8745247148288973
harmonix/0659_everybody/track.npy,harmonix,0.9860335195530726,0.9333333333333333,0.9860335195530726,0.9333333333333333,0.972967720159333,0.9353703489644054,0.9929676511954993,0.9497206703910613
harmonix/0670_fearless/track.npy,harmonix,1.0,1.0,1.0,1.0,0.9720420094796565,0.9744152742538402,1.0,1.0
harmonix/0671_feedback/track.npy,harmonix,0.9975490196078431,1.0,0.9975490196078431,1.0,0.9611569911732823,0.9640337272240762,0.9975490196078431,1.0
harmonix/0672_feelitinmybones/track.npy,harmonix,0.9966254218222722,0.9774774774774775,0.9966254218222722,0.9774774774774775,0.9559408051943473,0.9428154886915476,0.9988751406074241,0.9819819819819819
harmonix/0685_forgottolaugh/track.npy,harmonix,1.0,0.9710144927536232,1.0,0.9710144927536232,0.9732719997644987,0.9687201735860662,1.0,0.9855072463768116
harmonix/0687_getouttamyway/track.npy,harmonix,0.9971949509116409,0.634020618556701,0.9971949509116409,0.17010309278350516,0.5014982560113703,0.2526392932566175,0.9985955056179775,0.27419354838709675
harmonix/0688_getthepartystarted/track.npy,harmonix,0.9949622166246851,1.0,0.9949622166246851,1.0,0.974695135618305,0.974820211782831,0.9974747474747475,1.0
harmonix/0690_givemeeverything/track.npy,harmonix,0.9962121212121212,1.0,0.9962121212121212,1.0,0.9732580538835208,0.9773876715256489,0.9981024667931689,1.0
harmonix/0702_greenlight/track.npy,harmonix,0.9691780821917808,0.9315068493150684,0.9691780821917808,0.9315068493150684,0.9703373199330928,0.9384827452819783,0.984375,0.951388888888889
harmonix/0706_halcyon/track.npy,harmonix,0.9507772020725389,0.90625,0.9507772020725389,0.90625,0.6778448937340963,0.651234074093204,0.868421052631579,0.8526315789473684
harmonix/0707_halfwaygone/track.npy,harmonix,0.9973821989528796,0.96875,0.9973821989528796,0.96875,0.969484183858525,0.9590005217928088,0.9973821989528796,0.9842931937172775
harmonix/0724_hotmessdj/track.npy,harmonix,0.9967213114754099,1.0,0.9967213114754099,1.0,0.7131826664434079,0.709319914698534,0.9983579638752053,1.0
harmonix/0725_hotncold/track.npy,harmonix,0.9956140350877193,1.0,0.9956140350877193,1.0,0.8793735178827767,0.8593615187958856,0.9978021978021978,1.0
harmonix/0730_hurtssogood/track.npy,harmonix,1.0,0.6039603960396039,1.0,0.6039603960396039,0.9732348411298402,0.6467417136030877,1.0,0.6565656565656566
harmonix/0740_ikissedagirljasonnevins/track.npy,harmonix,1.0,1.0,1.0,1.0,0.9579988002044061,0.9573198583718847,1.0,1.0
harmonix/0746_imnotyourhero/track.npy,harmonix,0.9933184855233853,0.9642857142857143,0.9933184855233853,0.9642857142857143,0.9625647059156438,0.9367633852526458,0.9966555183946487,0.9732142857142857
harmonix/0762_iwantitthatway/track.npy,harmonix,0.9850299401197605,0.9879518072289156,0.9850299401197605,0.9879518072289156,0.9361625021233871,0.933762818023519,0.9924585218702865,0.993939393939394
harmonix/0763_iwasafool/track.npy,harmonix,0.9757785467128027,0.9722222222222222,0.9757785467128027,0.9722222222222222,0.9701450690243316,0.9642061690006865,0.9877408056042032,0.979020979020979
harmonix/0779_letitrockfilthy/track.npy,harmonix,0.9978902953586498,0.7457627118644068,0.9978902953586498,0.7457627118644068,0.9713457608890302,0.7350887174528052,0.9989440337909187,0.7542372881355932
harmonix/0781_lettinggoduttylove/track.npy,harmonix,0.8953488372093024,0.9655172413793104,0.8953488372093024,0.9655172413793104,0.854422810124548,0.8417844157358448,0.908029197080292,0.9132947976878613
harmonix/0783_lighton/track.npy,harmonix,0.9914163090128756,0.896551724137931,0.9914163090128756,0.896551724137931,0.979066539988213,0.9049807388218245,0.9978494623655914,0.9217391304347825
harmonix/0787_liveyourlife/track.npy,harmonix,0.9920844327176781,0.9894736842105263,0.9920844327176781,0.9894736842105263,0.9492329662141681,0.952195442769846,0.9947089947089947,0.9947089947089947
harmonix/0791_lollipop/track.npy,harmonix,0.9539473684210527,0.8666666666666667,0.9539473684210527,0.8666666666666667,0.9110814165778892,0.8613352772071117,0.9867109634551494,0.9315068493150686
harmonix/0807_makemebetter/track.npy,harmonix,1.0,1.0,1.0,1.0,0.9643734000981935,0.9729422927473205,1.0,1.0
harmonix/0831_noair/track.npy,harmonix,0.9940476190476191,0.9880952380952381,0.9940476190476191,0.9880952380952381,0.9151117160788353,0.9203104225622208,0.9955290611028316,0.9880952380952381
harmonix/0835_notetogod/track.npy,harmonix,0.6864035087719298,0.5526315789473685,0.6864035087719298,0.5526315789473685,0.6545792415460293,0.596319935536385,0.8913043478260869,0.8020304568527918
harmonix/0837_nottonight/track.npy,harmonix,0.9953271028037384,0.9814814814814815,0.9953271028037384,0.9814814814814815,0.9553245405834978,0.94701362718936,0.9976580796252927,0.9906542056074767
harmonix/0842_obsessionstatic/track.npy,harmonix,0.9977924944812362,1.0,0.9977924944812362,1.0,0.9553848039578116,0.9560143508623857,0.9988950276243094,1.0
harmonix/0849_onlyyou/track.npy,harmonix,1.0,0.9130434782608695,1.0,0.9130434782608695,0.9800648580930893,0.9312516515288461,1.0,0.9502762430939227
harmonix/0850_onlyyoucanlovemethisway/track.npy,harmonix,0.9930313588850174,1.0,0.9930313588850174,1.0,0.9036494245622013,0.9216499008185672,0.9965034965034965,1.0
harmonix/0855_overyou/track.npy,harmonix,0.9922178988326849,0.953125,0.9922178988326849,0.953125,0.9374189178339171,0.9021346915365724,0.9961089494163424,0.953125
harmonix/0860_pieceofme/track.npy,harmonix,1.0,1.0,1.0,1.0,0.9571773110027472,0.9600014106442455,1.0,1.0
harmonix/0866_pokerfacedave/track.npy,harmonix,1.0,1.0,1.0,1.0,0.5086356962462616,0.5210942462011003,0.987027027027027,0.9826839826839827
harmonix/0878_replay/track.npy,harmonix,0.9962264150943396,0.9850746268656716,0.9962264150943396,0.9850746268656716,0.9679100178233013,0.9458068066798901,0.998109640831758,0.9924812030075187
harmonix/0881_rightround/track.npy,harmonix,0.9901477832512315,0.9901960784313726,0.9901477832512315,0.9901960784313726,0.9487126976628983,0.9366895914817678,0.9938347718865598,0.9950738916256158
harmonix/0889_samelove/track.npy,harmonix,0.748868778280543,0.7207207207207207,0.748868778280543,0.7207207207207207,0.582113081253955,0.5357885013947872,0.7929411764705883,0.7475728155339806
harmonix/0908_sober/track.npy,harmonix,0.986449864498645,0.978494623655914,0.986449864498645,0.978494623655914,0.937828421071575,0.9237810552766356,0.9931787175989086,0.9891304347826088
harmonix/0910_solo/track.npy,harmonix,0.990521327014218,0.9905660377358491,0.990521327014218,0.9905660377358491,0.618703983939856,0.6201481671100341,0.9893238434163701,0.9857819905213271
harmonix/0913_somuchlove/track.npy,harmonix,0.9885773624091381,0.44166666666666665,0.9885773624091381,0.4149377593360996,0.9698788484774175,0.5352169939479039,0.9932185706833593,0.45511482254697283
harmonix/0924_sunisup/track.npy,harmonix,1.0,0.6730769230769231,1.0,0.6730769230769231,0.8990907424866096,0.6305479317724288,1.0,0.6956521739130436
harmonix/0939_thecure/track.npy,harmonix,0.9977777777777778,0.9469026548672567,0.9977777777777778,0.9469026548672567,0.914820374336916,0.8694006490233508,0.9988876529477196,0.9557522123893806
harmonix/0946_thinkingofyou/track.npy,harmonix,0.5444743935309974,0.38144329896907214,0.5444743935309974,0.38144329896907214,0.7074958226762064,0.6076996838466042,0.8619119878603946,0.7544910179640719
harmonix/0947_thiskiss/track.npy,harmonix,0.9936170212765958,0.9491525423728814,0.9936170212765958,0.9491525423728814,0.9532227821105884,0.9127697894177946,0.9968051118210862,0.9576271186440678
harmonix/0950_throwyourhandsup/track.npy,harmonix,0.9977324263038548,0.9727272727272728,0.9977324263038548,0.9727272727272728,0.947032778324546,0.937322428854143,0.9977324263038548,0.9818181818181818
harmonix/0953_tilltheworldends2/track.npy,harmonix,0.996,1.0,0.996,1.0,0.9493072360286973,0.9511157612440898,0.99,0.992
harmonix/0961_unfaithfulfemme/track.npy,harmonix,0.9956140350877193,1.0,0.9956140350877193,1.0,0.950851654210384,0.9543020181926909,0.9978021978021978,1.0
harmonix/0964_wakingupinvegas/track.npy,harmonix,0.9238095238095239,0.7788461538461539,0.9238095238095239,0.7788461538461539,0.8983395455465,0.8184898254892883,0.9507803121248499,0.8656716417910447
harmonix/0965_wakingupinvegascalvin/track.npy,harmonix,0.984641638225256,0.7945205479452054,0.984641638225256,0.7945205479452054,0.9361411134090888,0.7832797118088474,0.9845890410958905,0.8109965635738832
harmonix/0966_wakingupinvegascalvinh/track.npy,harmonix,0.967948717948718,0.9145299145299145,0.967948717948718,0.9145299145299145,0.9538365167259474,0.9204452299750318,0.9870410367170626,0.9482758620689655
harmonix/0967_walkingonadream/track.npy,harmonix,1.0,1.0,1.0,1.0,0.9583377208855138,0.95670792208633,1.0,1.0
harmonix/0969_webelongtogether/track.npy,harmonix,0.9732142857142857,0.9464285714285714,0.9732142857142857,0.9464285714285714,0.9216748855085453,0.8986311356435627,0.9864864864864865,0.972972972972973
hjdb/hjdb_Being_With_You/track.npy,hjdb,1.0,1.0,1.0,1.0,0.979250571619614,0.9854254669310355,1.0,1.0
hjdb/hjdb_Being_With_You_(Foul_Play_Remix)/track.npy,hjdb,0.9916666666666667,1.0,0.9916666666666667,1.0,0.9848614088325109,0.9853574154699825,0.9979123173277662,1.0
hjdb/hjdb_Being_With_You_1/track.npy,hjdb,0.9951690821256038,0.8431372549019608,0.9951690821256038,0.8431372549019608,0.98231521461897,0.850198264152931,0.9975786924939467,0.8627450980392157
hjdb/hjdb_Bombscare/track.npy,hjdb,1.0,1.0,1.0,1.0,0.9833104511997379,0.9670516389324629,1.0,1.0
hjdb/hjdb_Breakage4/track.npy,hjdb,1.0,1.0,1.0,1.0,0.9791641349808777,0.9770363446738559,1.0,1.0
hjdb/hjdb_Cant_Stop_The_Rush_(93_Remix)/track.npy,hjdb,0.9910714285714286,0.8928571428571429,0.9910714285714286,0.8928571428571429,0.9709731913233153,0.9216112223404743,0.9955156950672646,0.9454545454545454
hjdb/hjdb_Dance_With_Power_(Original_Mix)/track.npy,hjdb,1.0,1.0,1.0,1.0,0.9722872322577473,0.9672623398400694,1.0,1.0
hjdb/hjdb_Deep_Space/track.npy,hjdb,1.0,1.0,1.0,1.0,0.9344567662624355,0.9253199862928858,1.0,1.0
hjdb/hjdb_Dis_Generation/track.npy,hjdb,0.9823008849557522,1.0,0.9823008849557522,1.0,0.9634635946033089,0.9607850725551977,0.9955555555555555,1.0
hjdb/hjdb_Do_It_Now/track.npy,hjdb,1.0,1.0,1.0,1.0,0.9794830016279228,0.970293567334677,1.0,1.0
hjdb/hjdb_Drum_Programme_(Remix)/track.npy,hjdb,1.0,1.0,1.0,1.0,0.9804789140134865,0.9634393468965798,1.0,1.0
hjdb/hjdb_Even_Further_Intrigue/track.npy,hjdb,1.0,1.0,1.0,1.0,0.9786678237045286,0.9735371645812847,1.0,1.0
hjdb/hjdb_Further_Intrigue/track.npy,hjdb,1.0,1.0,1.0,1.0,0.9764816151131452,0.9866229440172326,1.0,1.0
hjdb/hjdb_Gotta_Release/track.npy,hjdb,1.0,1.0,1.0,1.0,0.9685389496841527,0.9752962341567663,1.0,1.0
hjdb/hjdb_Imagine_The_Future/track.npy,hjdb,0.9833333333333333,0.6,0.9833333333333333,0.6,0.9516680925604868,0.5968137533425898,0.9916666666666667,0.6333333333333333
hjdb/hjdb_Johnny_(Dance_Conspiracy_Mix)/track.npy,hjdb,0.9813084112149533,0.8888888888888888,0.9813084112149533,0.8888888888888888,0.9766581243323287,0.8717997326098051,0.9953051643192489,0.8888888888888888
hjdb/hjdb_Light_Years/track.npy,hjdb,0.6363636363636364,0.45454545454545453,0.6363636363636364,0.0,0.6526419218152374,0.31082227680710967,0.6744186046511628,0.25000000000000006
hjdb/hjdb_Music_In_Search_Of_Light/track.npy,hjdb,1.0,1.0,1.0,1.0,0.9775284145209735,0.9793613084969218,1.0,1.0
hjdb/hjdb_Music_Takes_You/track.npy,hjdb,1.0,1.0,1.0,1.0,0.9743019252439306,0.9677381643148952,1.0,1.0
hjdb/hjdb_Oblivion/track.npy,hjdb,0.9066666666666666,1.0,0.9066666666666666,1.0,0.9117296490418564,0.9273110076038369,0.9395973154362416,0.9444444444444444
hjdb/hjdb_Renegade_Snares_(Foul_Play_Remix)/track.npy,hjdb,0.9912280701754386,1.0,0.9912280701754386,1.0,0.9775305749419301,0.9786274035468817,0.9978021978021978,1.0
hjdb/hjdb_Renegade_Snares_(VIP_Remix)/track.npy,hjdb,1.0,1.0,1.0,1.0,0.9860268343720259,0.9893054183985884,1.0,1.0
hjdb/hjdb_Serious_Sounds/track.npy,hjdb,0.9957983193277311,1.0,0.9957983193277311,1.0,0.9819239799610749,0.9876017558695188,0.9978947368421053,1.0
hjdb/hjdb_Spliffhead/track.npy,hjdb,1.0,1.0,1.0,1.0,0.9806840248889117,0.9693805840099684,1.0,1.0
hjdb/hjdb_Terminator/track.npy,hjdb,1.0,1.0,1.0,1.0,0.9688019221998094,0.9776234165155134,1.0,1.0
hjdb/hjdb_Terminator_2/track.npy,hjdb,1.0,1.0,1.0,1.0,0.9829643107763845,0.9779315992189457,1.0,1.0
hjdb/hjdb_The_Warning_(Remix)/track.npy,hjdb,1.0,1.0,1.0,1.0,0.9820997268205295,0.9775635031560772,1.0,1.0
hjdb/hjdb_Total_Xstacy_(Remix)/track.npy,hjdb,1.0,1.0,1.0,1.0,0.9790303719220486,0.9803032135613675,1.0,1.0
hjdb/hjdb_Wait_4_The_Bass/track.npy,hjdb,1.0,1.0,1.0,1.0,0.9808784659550914,0.9711857350974189,1.0,1.0
hjdb/hjdb_Wind_It_Up_(Rewound)/track.npy,hjdb,0.6122448979591837,0.3333333333333333,0.3,0.0,0.4770609123024864,6.869682640817718e-07,0.3232323232323232,0.0
jaah/jaah_000-tito_puente-airegin/track.npy,jaah,0.44097995545657015,0.21524663677130046,0.44097995545657015,0.208955223880597,0.4815415964666347,0.320668550286198,0.5231481481481481,0.34959349593495936
jaah/jaah_008-sonny_rollins-blue_7/track.npy,jaah,0.9920212765957447,0.8643617021276596,0.9920212765957447,0.8643617021276596,0.9591536905553583,0.8573441330972688,0.9966688874083943,0.8906882591093117
jaah/jaah_020-charlie_parker-crazeology_take_4/track.npy,jaah,0.8637566137566137,0.46236559139784944,0.8637566137566137,0.46236559139784944,0.8890920638856439,0.6232071554034057,0.964,0.6605504587155964
jaah/jaah_031-duke_ellington_his_orchestra-east_st_louis_toodleoo/track.npy,jaah,0.8546637744034707,0.7130434782608696,0.8546637744034707,0.7130434782608696,0.8893145832154854,0.8245624319024094,0.9537767756482526,0.8785046728971964
jaah/jaah_033-the_boswell_sisters-everybody_loves_my_baby/track.npy,jaah,0.6285714285714286,0.36428571428571427,0.6285714285714286,0.36428571428571427,0.8112852056520808,0.5292775007612333,0.8978805394990367,0.5630252100840336
jaah/jaah_037-jimmie_noones_apex_club_orchestra-four_or_five_times/track.npy,jaah,0.9796954314720813,0.7142857142857143,0.9796954314720813,0.7142857142857143,0.959037209840729,0.7303360086963527,0.9859872611464969,0.7499999999999999
jaah/jaah_052-don_byas_slam_stewart-i_got_rhythm/track.npy,jaah,0.7466945024356297,0.418848167539267,0.7466945024356297,0.06406685236768803,0.8108735310405074,0.25669100716284254,0.9650997150997151,0.2763636363636363
jaah/jaah_063-bessie_smith-lost_your_head_blues/track.npy,jaah,0.98,0.9193548387096774,0.98,0.9193548387096774,0.9216282626224805,0.9005011860929846,0.9899799599198397,0.9516129032258065
jaah/jaah_083-frankie_trumbauer_and_his_orchestra-riverboat_shuffle/track.npy,jaah,0.9937791601866252,1.0,0.9937791601866252,1.0,0.9738220296353989,0.978596604482008,0.9976653696498056,1.0
jaah/jaah_086-dizzy_gillespie_his_all_stars-shaw_nuff/track.npy,jaah,0.8629629629629629,0.5841584158415841,0.8629629629629629,0.5841584158415841,0.8675303779657805,0.6585609996071895,0.9700748129675811,0.7262872628726288
jaah/jaah_096-eddie_condons_hot_shots-thats_a_serious_thing/track.npy,jaah,1.0,1.0,1.0,1.0,0.9541509521303424,0.9550149758749586,1.0,1.0
jaah/jaah_102-lucky_thompson_trio-tricroism/track.npy,jaah,0.8498583569405099,0.6420454545454546,0.8498583569405099,0.6420454545454546,0.7444218072082188,0.582075725917173,0.9002153625269202,0.6987951807228915
jaah/jaah_110-sarah_vaughan-wrap_your_troubles_in_dreams/track.npy,jaah,0.98989898989899,0.96,0.98989898989899,0.96,0.9338680267754198,0.9132864659264771,0.9831649831649831,0.9466666666666667
jaah/jaah_111-fletcher_henderson_and_his_orchestra-wrappin_it_up/track.npy,jaah,0.99812734082397,0.9552238805970149,0.99812734082397,0.9552238805970149,0.971040331594691,0.9385597649896532,0.99812734082397,0.9626865671641791
rwc/rwc_classical_CD1_03/track.npy,rwc_classical,0.6160849772382397,0.2347266881028939,0.1454983922829582,0.0,0.6289156162918677,0.3694666954096123,0.6484498160798738,0.4099999999999999
rwc/rwc_classical_CD2_04/track.npy,rwc_classical,0.6369230769230769,0.39709443099273606,0.6369230769230769,0.39709443099273606,0.7029189112943932,0.4930252319809779,0.8494623655913979,0.5828729281767956
rwc/rwc_classical_CD4_01/track.npy,rwc_classical,0.36732186732186733,0.3028169014084507,0.3544415127528584,0.3028169014084507,0.6764313788104571,0.42648037212918644,0.7770374167093798,0.4971537001897533
rwc/rwc_classical_CD4_03/track.npy,rwc_classical,0.4262023217247098,0.586046511627907,0.4262023217247098,0.586046511627907,0.6376466157578354,0.6086723052889812,0.7738209817131857,0.7220902612826603
rwc/rwc_classical_CD5_01/track.npy,rwc_classical,0.5954946131243879,0.5352112676056338,0.5954946131243879,0.041935483870967745,0.7510639018418362,0.5244986033163206,0.8342404750123702,0.5163934426229507
rwc/rwc_classical_CD5_08/track.npy,rwc_classical,0.4668534080298786,0.09900990099009901,0.2052980132450331,0.09900990099009901,0.6656402759512573,0.2997040112097735,0.7031900138696255,0.3368421052631579
rwc/rwc_classical_CD6_11/track.npy,rwc_classical,0.5,0.3157894736842105,0.5,0.3157894736842105,0.5217990908323582,0.3531535092931201,0.7704160246533128,0.5620915032679739
rwc/rwc_jazz_CD1_04/track.npy,rwc_jazz,0.5796344647519582,0.2931937172774869,0.025,0.09009009009009009,0.511088896435271,0.3889721083837102,0.4891304347826087,0.37681159420289856
rwc/rwc_jazz_CD1_07/track.npy,rwc_jazz,0.6197718631178707,0.40229885057471265,0.6197718631178707,0.40229885057471265,0.5070752249816672,0.37804870297746423,0.6338582677165355,0.4836601307189542
rwc/rwc_jazz_CD2_07/track.npy,rwc_jazz,0.9619289340101523,0.6695652173913044,0.9619289340101523,0.6695652173913044,0.7300353804250752,0.6556412323440469,0.9035532994923858,0.8075117370892018
rwc/rwc_jazz_CD3_01/track.npy,rwc_jazz,0.9698795180722891,0.7469879518072289,0.9698795180722891,0.7469879518072289,0.8549995139337597,0.7386784368157099,0.9653092006033183,0.8473520249221184
rwc/rwc_jazz_CD3_09/track.npy,rwc_jazz,0.5722160970231532,0.9517543859649122,0.2625,0.9517543859649122,0.7248402136564615,0.8358103941422387,0.7597955706984669,0.9538461538461538
rwc/rwc_jazz_CD4_08/track.npy,rwc_jazz,0.9931153184165232,0.9931506849315068,0.9931153184165232,0.9931506849315068,0.9253290749236505,0.9234969244921146,0.9948186528497409,0.9896907216494845
rwc/rwc_jazz_CD4_11/track.npy,rwc_jazz,0.9959349593495935,1.0,0.9959349593495935,1.0,0.926245417464712,0.9305072194545115,0.9989827060020345,1.0
rwc/rwc_popular_CD1_07/track.npy,rwc_popular,0.9541595925297114,0.8843537414965986,0.9541595925297114,0.8843537414965986,0.9603215211217271,0.9004267218125801,0.9748482220294884,0.9134948096885813
rwc/rwc_popular_CD1_11/track.npy,rwc_popular,0.9897172236503856,1.0,0.9897172236503856,1.0,0.9785728737637104,0.9810044493466888,0.9948320413436693,1.0
rwc/rwc_popular_CD2_04/track.npy,rwc_popular,0.9921568627450981,0.9921875,0.9921568627450981,0.9921875,0.9805315094666242,0.9839244742334144,0.9970501474926253,0.996078431372549
rwc/rwc_popular_CD2_09/track.npy,rwc_popular,0.9460093896713615,0.897196261682243,0.9460093896713615,0.897196261682243,0.9427635523957307,0.909124545000918,0.9564193168433451,0.9245283018867924
rwc/rwc_popular_CD2_12/track.npy,rwc_popular,0.9611872146118722,0.9636363636363636,0.9611872146118722,0.9636363636363636,0.8271089958789756,0.8329730291047752,0.9679633867276888,0.958904109589041
rwc/rwc_popular_CD3_07/track.npy,rwc_popular,0.9705014749262537,0.8314606741573034,0.9705014749262537,0.8314606741573034,0.865704872998572,0.8483318312325909,0.9850299401197605,0.9425287356321839
rwc/rwc_popular_CD4_03/track.npy,rwc_popular,0.9917763157894737,0.993421052631579,0.9917763157894737,0.993421052631579,0.9555818821420257,0.9494968779584415,0.9958779884583677,0.993421052631579
rwc/rwc_popular_CD4_08/track.npy,rwc_popular,0.9946808510638298,1.0,0.9946808510638298,1.0,0.9032999996508285,0.915602542049769,0.9986684420772304,1.0
rwc/rwc_popular_CD5_04/track.npy,rwc_popular,0.9885321100917431,0.926605504587156,0.9885321100917431,0.926605504587156,0.9274857363550402,0.842418696731589,0.9758342922899885,0.903225806451613
rwc/rwc_popular_CD6_04/track.npy,rwc_popular,0.9838969404186796,0.9871794871794872,0.9838969404186796,0.9871794871794872,0.9538144453494833,0.9476792490343393,0.9927007299270074,0.9935483870967742
rwc/rwc_popular_CD7_04/track.npy,rwc_popular,1.0,1.0,1.0,1.0,0.9774270020088844,0.9796992723066327,1.0,1.0
rwc/rwc_popular_CD7_05/track.npy,rwc_popular,0.8675496688741722,0.8421052631578947,0.009950248756218905,0.0,0.7071397988976845,0.6799133117059002,0.622876557191393,0.6
rwc/rwc_royalty-free_CD1_05/track.npy,rwc_royalty-free,0.9693486590038314,0.8769230769230769,0.9693486590038314,0.8769230769230769,0.8796394820170899,0.8187278960752942,0.9827255278310941,0.8923076923076924
rwc/rwc_royalty-free_CD1_11/track.npy,rwc_royalty-free,0.9958677685950413,1.0,0.9958677685950413,1.0,0.8327549072332359,0.8292038010181039,0.9979296066252588,1.0
simac/simac_A_vida_me_fez_assim_05-Ja_era_(Palavra)/track.npy,simac,1.0,0.0,1.0,0.0,0.9540425286297097,0.0,1.0,0.0
simac/simac_A_vida_me_fez_assim_11-Quantas_lagrimas/track.npy,simac,0.9615384615384616,0.0,0.9615384615384616,0.0,0.9507166571539041,0.0,0.9803921568627451,0.0
simac/simac_A_vida_me_fez_assim_13-Ana_agua_do_rio_A_vida_me_fez_assim/track.npy,simac,1.0,0.0,1.0,0.0,0.8679636410173098,0.0,1.0,0.0
simac/simac_Albedo_0.39_04-Main_Sequence/track.npy,simac,0.2222222222222222,0.0,0.2222222222222222,0.0,0.4505926519824541,0.0,0.5909090909090909,0.0
simac/simac_Alfagamabetizado_04-Cumplicidade_de_Armario/track.npy,simac,1.0,0.0,1.0,0.0,0.8588825361564909,0.0,1.0,0.0
simac/simac_Amber_01-Foil/track.npy,simac,0.5806451612903226,0.0,0.5806451612903226,0.0,0.7601266654624415,0.0,0.7741935483870968,0.0
simac/simac_As_Time_Goes_By_06-therell_be_some_changes_made/track.npy,simac,0.8846153846153846,0.0,0.8846153846153846,0.0,0.7090625433670917,0.0,0.8461538461538461,0.0
simac/simac_As_time_goes_by_disk_2_11-Mountain_greenery/track.npy,simac,0.625,0.0,0.625,0.0,0.6519114624585883,0.0,0.8421052631578947,0.0
simac/simac_As_time_goes_by_disk_3_07-Lover/track.npy,simac,1.0,0.0,1.0,0.0,0.8461350540960668,0.0,0.9629629629629629,0.0
simac/simac_As_time_goes_by_disk_3_09-All_mine/track.npy,simac,0.96,0.0,0.96,0.0,0.8755188740948554,0.0,0.9795918367346939,0.0
simac/simac_As_time_goes_by_disk_3_12-My_heart_stood_still/track.npy,simac,0.92,0.0,0.92,0.0,0.753642166343014,0.0,0.96,0.0
simac/simac_BACH_WTC_04-Prelude_and_Fugue_No._2_in_C_minor_BWV_871_-_2._Fuga/track.npy,simac,0.6,0.0,0.6,0.0,0.8582832864292204,0.0,0.888888888888889,0.0
simac/simac_Bach_The_Well-Tempered_Clavier_II_(Disc_1)_11-Prelude_and_Fugue_No._6_in_D_minor_BWV_875_-_1._Praeludium/track.npy,simac,1.0,0.0,1.0,0.0,0.9542648384396593,0.0,1.0,0.0
simac/simac_Bach_The_Well-Tempered_Clavier_II_(Disc_2)_05-Prelude_and_Fugue_No._15_G_major_BWV_884_-_1._Praeludium/track.npy,simac,0.2926829268292683,0.0,0.14814814814814814,0.0,0.47139465574854444,0.0,0.4583333333333333,0.0
simac/simac_Bach_The_Well-Tempered_Clavier_II_(Disc_2)_19-Prelude_and_Fugue_No._22_B-flat_minor_BWV_891_-_1._Praeludium/track.npy,simac,0.9629629629629629,0.0,0.9629629629629629,0.0,0.9474354094537067,0.0,0.9811320754716981,0.0
simac/simac_Bach_The_Well-Tempered_Clavier_II_(Disc_2)_21-Prelude_and_Fugue_No._23_B_major_BWV_892_-_1._Praeludium/track.npy,simac,0.9333333333333333,0.0,0.9333333333333333,0.0,0.933968336973835,0.0,0.9655172413793104,0.0
simac/simac_Beethoven_-_The_String_Quartets_#1_05-G_major_op._18_no._2_-_Allegro/track.npy,simac,0.9166666666666666,0.0,0.9166666666666666,0.0,0.8904596786235692,0.0,0.9787234042553191,0.0
simac/simac_Beethoven_-_The_String_Quartets_#1_07-G_major_op._18_no._2_-_Scherzo._Allegro/track.npy,simac,0.868421052631579,0.0,0.868421052631579,0.0,0.7784766202871773,0.0,0.8947368421052632,0.0
simac/simac_Bela_Bartok_05-The_Miraculous_Mandarin_5.1_Maestoso_5.2_Allegro/track.npy,simac,0.0,0.0,0.0,0.0,0.3180077206884741,0.0,0.31578947368421056,0.0
simac/simac_Bernstein_conducts_Stravinsky_01-Introduction_Part_1-_The_adoration_of_the_earth_/track.npy,simac,0.42857142857142855,0.0,0.15384615384615385,0.0,0.3933824810302986,0.0,0.631578947368421,0.0
simac/simac_Bernstein_conducts_Stravinsky_06-Procession_of_the_wise_elder/track.npy,simac,0.7894736842105263,0.0,0.7894736842105263,0.0,0.6833991636378641,0.0,0.8888888888888888,0.0
simac/simac_Bernstein_conducts_Stravinsky_11-Glorfication_of_the_chosen_victim/track.npy,simac,0.0,0.0,0.0,0.0,0.04969681363776103,0.0,0.07547169811320754,0.0
simac/simac_Bernstein_conducts_Stravinsky_21-Danse_of_the_nursemaids/track.npy,simac,0.8275862068965517,0.0,0.037037037037037035,0.0,0.7128214479769639,0.0,0.6666666666666667,0.0
simac/simac_Cafe_Zimmermann_02-3e_Concert_Brandebourgeois_en_sol_majeur_BWV_1048_-_Allegro/track.npy,simac,0.045454545454545456,0.0,0.045454545454545456,0.0,0.6122624984384831,0.0,0.6268656716417911,0.0
simac/simac_Cafe_Zimmermann_08-Suite_en_ut_majeur_BWV_1066_-_OuvertureGavottes_I_&_II/track.npy,simac,1.0,0.0,1.0,0.0,0.9360860461204937,0.0,1.0,0.0
simac/simac_Clandestino_-_esperando_la_ultima_ola_01-Clandestino/track.npy,simac,0.8536585365853658,0.0,0.07317073170731707,0.0,0.6967028752879456,0.0,0.6774193548387097,0.0
simac/simac_Concert_16-4._Menuet/track.npy,simac,0.8387096774193549,0.0,0.8387096774193549,0.0,0.898448785279517,0.0,0.9491525423728813,0.0
simac/simac_DGG_419_047-2_03-Praludium_u._Fuge_f-moll_BWV_534_-_I_Praludium/track.npy,simac,0.9629629629629629,0.0,0.9629629629629629,0.0,0.6825333827562294,0.0,0.830188679245283,0.0
simac/simac_Ella_&_Louis_08-Flying_Home/track.npy,simac,0.9310344827586207,0.0,0.9310344827586207,0.0,0.7898779876870939,0.0,0.9642857142857143,0.0
simac/simac_Ella_&_Louis_16-If_You_Ever_Change_Your_Mind/track.npy,simac,0.8888888888888888,0.0,0.8888888888888888,0.0,0.6184715536647545,0.0,0.8461538461538461,0.0
simac/simac_Fado_11-AudioTrack_11/track.npy,simac,0.5714285714285714,0.0,0.5714285714285714,0.0,0.4771533515193527,0.0,0.6,0.0
simac/simac_Family_Tree_-_Greatest_Hits_As_Chosen_By_Bjork_04-Isobel/track.npy,simac,1.0,0.0,1.0,0.0,0.9734134010944784,0.0,1.0,0.0
simac/simac_Family_Tree_-_Greatest_Hits_As_Chosen_By_Bjork_06-Unravel/track.npy,simac,1.0,0.0,1.0,0.0,0.7415672090002915,0.0,0.9230769230769231,0.0
simac/simac_Fight_To_Win_03-Traitors_of_Africa/track.npy,simac,0.8181818181818182,0.0,0.8181818181818182,0.0,0.8224061159084849,0.0,0.8615384615384615,0.0
simac/simac_Gold_-_Greatest_Hits_01-Dancing_Queen/track.npy,simac,0.9615384615384616,0.0,0.9615384615384616,0.0,0.8904034359095871,0.0,0.9803921568627451,0.0
simac/simac_Gold_-_Greatest_Hits_05-Lay_All_Your_Love_On_Me/track.npy,simac,1.0,0.0,1.0,0.0,0.8919587241939113,0.0,1.0,0.0
simac/simac_Gold_-_Greatest_Hits_08-The_Winner_Takes_It_All/track.npy,simac,1.0,0.0,0.0,0.0,0.649405364559716,0.0,0.5957446808510638,0.0
simac/simac_Niandra_LaDes_and_Usually_Just_a_T-Shirt_01-As_Can_Be/track.npy,simac,1.0,0.0,1.0,0.0,0.930094252655926,0.0,1.0,0.0
simac/simac_Papakonstantinou_02-AudioTrack_02/track.npy,simac,0.8620689655172413,0.0,0.06896551724137931,0.0,0.6473615581735541,0.0,0.6363636363636364,0.0
simac/simac_Papakonstantinou_10-AudioTrack_10/track.npy,simac,1.0,0.0,1.0,0.0,0.8459215473829409,0.0,0.9523809523809523,0.0
simac/simac_Papakonstantinou_21-AudioTrack_21/track.npy,simac,0.9444444444444444,0.0,0.9444444444444444,0.0,0.8756854326186659,0.0,0.9714285714285714,0.0
simac/simac_Primer_Aliento_03-El_retorno_de_Godzilla/track.npy,simac,1.0,0.0,1.0,0.0,0.9572914488355765,0.0,1.0,0.0
simac/simac_Primer_Aliento_07-Telepatia/track.npy,simac,1.0,0.0,1.0,0.0,0.9671220537750179,0.0,1.0,0.0
simac/simac_R.A.F.I_07-Operation_Eagle_Lie/track.npy,simac,0.2,0.0,0.2,0.0,0.4689905297805025,0.0,0.4615384615384615,0.0
simac/simac_Santana_01-Jingo/track.npy,simac,0.967741935483871,0.0,0.967741935483871,0.0,0.9181292195406129,0.0,0.9836065573770492,0.0
simac/simac_So_Cartola_11-O_Que_e_Feito_de_Voce_/track.npy,simac,0.7142857142857143,0.0,0.0,0.0,0.3553446278349394,0.0,0.0,0.0
simac/simac_So_Cartola_19-Injuria_O_Sol_Nascera/track.npy,simac,0.9230769230769231,0.0,0.0,0.0,0.37295334976184275,0.0,0.0,0.0
simac/simac_Songs_Alejandro_(Alex_Benson)_-_Golondrina/track.npy,simac,1.0,0.0,1.0,0.0,0.9774649882893202,0.0,1.0,0.0
simac/simac_Songs_Caracas_Latin_Brothers_-_Los_hombres_tambien_lo_mueven/track.npy,simac,0.9696969696969697,0.0,0.9696969696969697,0.0,0.9437463589678117,0.0,0.9696969696969697,0.0
simac/simac_Tales_Of_Mystery_And_Imagination_03-The_Tell-tale_Heart/track.npy,simac,0.8888888888888888,0.0,0.0,0.0,0.6723461492762648,0.0,0.6341463414634146,0.0
simac/simac_Tanto_Tempo_06-Alguem/track.npy,simac,0.9117647058823529,0.0,0.0,0.0,0.7525728936846134,0.0,0.6399999999999999,0.0
simac/simac_Tanto_Tempo_07-So_Nice_Summer_Samba_/track.npy,simac,0.9259259259259259,0.0,0.037037037037037035,0.0,0.7826041047509471,0.0,0.6829268292682926,0.0
simac/simac_The_Art_of_Spanish_Guitar_01-Tarrega_Recuerdos_de_la_Alhambra/track.npy,simac,0.6190476190476191,0.0,0.6190476190476191,0.0,0.694018018821225,0.0,0.8205128205128205,0.0
simac/simac_The_Art_of_Spanish_Guitar_05-Sojo_Cancion/track.npy,simac,0.5882352941176471,0.0,0.5882352941176471,0.0,0.5062598930936788,0.0,0.6451612903225806,0.0
simac/simac_The_Crackdown_02-In_the_Shadows/track.npy,simac,1.0,0.0,1.0,0.0,0.9391587340909905,0.0,1.0,0.0
simac/simac_Tomatito_Tomatito-04.Armonias_del_Romane/track.npy,simac,0.5333333333333333,0.0,0.5333333333333333,0.0,0.32880170197405517,0.0,0.5517241379310344,0.0
simac/simac_VOL.3_Musiques_pour_guitare_et_violoncelle_06-E._Granados_Intermezzo_(de_Goyescas_)/track.npy,simac,0.8484848484848485,0.0,0.0,0.0,0.6803976221916697,0.0,0.6170212765957447,0.0
simac/simac_Xatzidakis_02-AudioTrack_02/track.npy,simac,0.4444444444444444,0.0,0.21052631578947367,0.0,0.4522856924390943,0.0,0.6428571428571429,0.0
simac/simac_Xatzidakis_13-AudioTrack_13/track.npy,simac,0.6,0.0,0.6,0.0,0.5099635703157855,0.0,0.6153846153846153,0.0
simac/simac_aire_01-Aire/track.npy,simac,0.0,0.0,0.0,0.0,0.41065333393555414,0.0,0.4390243902439025,0.0
simac/simac_greek_12_evzwnakia/track.npy,simac,0.8461538461538461,0.0,0.8461538461538461,0.0,0.9106028114753089,0.0,0.9600000000000001,0.0
simac/simac_greek_Mpellou_-_Nyxtwse_xwris_feggari/track.npy,simac,1.0,0.0,1.0,0.0,0.7836764902497106,0.0,0.875,0.0
simac/simac_greek_Paisa_sti_vrysi_-_Velvento/track.npy,simac,0.9310344827586207,0.0,0.9310344827586207,0.0,0.8763045080890723,0.0,0.9642857142857143,0.0
simac/simac_more_greek_Gkoles_-_Kori_paraxaidemeni/track.npy,simac,1.0,0.0,1.0,0.0,0.934155964387338,0.0,1.0,0.0
simac/simac_more_greek_Ksylouris_-_Erwtiko_tragoudi_(Palikarou_palikarou)/track.npy,simac,0.875,0.0,0.875,0.0,0.8352855573146993,0.0,0.967741935483871,0.0
simac/simac_more_greek_Makedonas_-_Ena_deilino/track.npy,simac,1.0,0.0,1.0,0.0,0.914447635362593,0.0,1.0,0.0
simac/simac_more_greek_Marinella_-_Agapi_pou_gines_dikopo_maxairi/track.npy,simac,0.8666666666666667,0.0,0.8666666666666667,0.0,0.5038111652093756,0.0,0.689655172413793,0.0
simac/simac_more_greek_Mpellou_-_Kapoio_vrady_t_oneiro_mou/track.npy,simac,0.9285714285714286,0.0,0.9285714285714286,0.0,0.6478585874923698,0.0,0.888888888888889,0.0
simac/simac_more_greek_Mpellou_-_To_teleftaio_gramma_sou/track.npy,simac,1.0,0.0,1.0,0.0,0.7816910092600196,0.0,1.0,0.0
simac/simac_more_greek_Mpellou_-_Xwrisame_ena_deilino/track.npy,simac,0.8947368421052632,0.0,0.8947368421052632,0.0,0.8021182227025955,0.0,0.918918918918919,0.0
simac/simac_more_greek_Mpi8ikwtsis_-_Gwnia_gwnia/track.npy,simac,1.0,0.0,1.0,0.0,0.7659280690726502,0.0,0.8666666666666667,0.0
simac/simac_more_greek_Mpi8ikwtsis_-_H_kyra/track.npy,simac,1.0,0.0,1.0,0.0,0.650360560022308,0.0,0.9285714285714286,0.0
simac/simac_more_greek_Mpi8ikwtsis_-_Matia_vourkwmena/track.npy,simac,0.8125,0.0,0.8125,0.0,0.6896455311883557,0.0,0.8387096774193549,0.0
simac/simac_selected_ambient_works_8592_delphium/track.npy,simac,0.7,0.0,0.7,0.0,0.8334763080651765,0.0,0.847457627118644,0.0
smc/smc_004/track.npy,smc,0.36363636363636365,0.0,0.36363636363636365,0.0,0.5296248613786319,0.0,0.5714285714285714,0.0
smc/smc_007/track.npy,smc,0.5,0.0,0.5,0.0,0.37332879546163844,0.0,0.5384615384615385,0.0
smc/smc_013/track.npy,smc,0.8035714285714286,0.0,0.8035714285714286,0.0,0.6925215642033639,0.0,0.830188679245283,0.0
smc/smc_021/track.npy,smc,0.5849056603773585,0.0,0.5849056603773585,0.0,0.42276688621387787,0.0,0.6021505376344085,0.0
smc/smc_032/track.npy,smc,0.3888888888888889,0.0,0.3888888888888889,0.0,0.4669915767413959,0.0,0.6024096385542169,0.0
smc/smc_034/track.npy,smc,0.972972972972973,0.0,0.972972972972973,0.0,0.773163507111444,0.0,0.9315068493150684,0.0
smc/smc_037/track.npy,smc,0.7647058823529411,0.0,0.029411764705882353,0.0,0.5222741322121904,0.0,0.627450980392157,0.0
smc/smc_041/track.npy,smc,0.7560975609756098,0.0,0.7560975609756098,0.0,0.7139761670748089,0.0,0.8533333333333334,0.0
smc/smc_043/track.npy,smc,0.6862745098039216,0.0,0.6862745098039216,0.0,0.6763699962818472,0.0,0.7722772277227723,0.0
smc/smc_063/track.npy,smc,0.5882352941176471,0.0,0.5882352941176471,0.0,0.510328051802919,0.0,0.6666666666666667,0.0
smc/smc_066/track.npy,smc,0.3333333333333333,0.0,0.3333333333333333,0.0,0.3411135679098216,0.0,0.43902439024390244,0.0
smc/smc_076/track.npy,smc,0.35714285714285715,0.0,0.06382978723404255,0.0,0.26849279673201965,0.0,0.34666666666666673,0.0
smc/smc_100/track.npy,smc,0.21621621621621623,0.0,0.21621621621621623,0.0,0.32554616374428563,0.0,0.40579710144927533,0.0
smc/smc_109/track.npy,smc,0.013333333333333334,0.0,0.0,0.0,0.25989746165902317,0.0,0.36170212765957444,0.0
smc/smc_117/track.npy,smc,0.22857142857142856,0.0,0.22857142857142856,0.0,0.4436957267407321,0.0,0.5769230769230769,0.0
smc/smc_173/track.npy,smc,0.7872340425531915,0.0,0.08888888888888889,0.0,0.5794198530805358,0.0,0.608695652173913,0.0
smc/smc_176/track.npy,smc,0.0,0.0,0.0,0.0,0.15892179658150388,0.0,0.23529411764705882,0.0
smc/smc_181/track.npy,smc,0.0,0.0,0.0,0.0,0.2315003611363151,0.0,0.3384615384615385,0.0
smc/smc_194/track.npy,smc,0.0,0.0,0.0,0.0,0.0,0.0,0.0,0.0
smc/smc_204/track.npy,smc,0.05555555555555555,0.0,0.05555555555555555,0.0,0.1841526189006915,0.0,0.19178082191780824,0.0
smc/smc_216/track.npy,smc,0.2222222222222222,0.0,0.2222222222222222,0.0,0.3296648597019028,0.0,0.5,0.0
smc/smc_217/track.npy,smc,0.7419354838709677,0.0,0.7419354838709677,0.0,0.5631500014669925,0.0,0.8275862068965517,0.0
smc/smc_266/track.npy,smc,0.4642857142857143,0.0,0.4642857142857143,0.0,0.41495590161726187,0.0,0.5454545454545454,0.0
smc/smc_269/track.npy,smc,0.5806451612903226,0.0,0.5806451612903226,0.0,0.5105337412024799,0.0,0.7719298245614036,0.0
smc/smc_275/track.npy,smc,0.0,0.0,0.0,0.0,0.4335292031936338,0.0,0.4946236559139785,0.0
smc/smc_277/track.npy,smc,0.29213483146067415,0.0,0.0,0.0,0.5302574657064456,0.0,0.5166666666666667,0.0
smc/smc_282/track.npy,smc,0.9636363636363636,0.0,0.9636363636363636,0.0,0.8769570863682368,0.0,0.9818181818181818,0.0
tapcorrect/043_youtube_CWEqbuJ6DlQ/track.npy,tapcorrect,0.14084507042253522,0.34177215189873417,0.14084507042253522,0.34177215189873417,0.5383818744313051,0.5290730953386905,0.5522514868309261,0.5333333333333333
tapcorrect/048_youtube_B_e7QbWc5mI/track.npy,tapcorrect,0.8603351955307262,0.3333333333333333,0.8603351955307262,0.3333333333333333,0.9023037013658498,0.5828733263520224,0.9390815370196813,0.6148148148148148
tapcorrect/050_youtube_vx2u5uUu3DE/track.npy,tapcorrect,0.9568965517241379,0.9396551724137931,0.9568965517241379,0.9396551724137931,0.9535255070441532,0.937825338955437,0.9790979097909791,0.9649122807017544
tapcorrect/052_youtube_LjffPO71TJs/track.npy,tapcorrect,0.8600427350427351,0.7148936170212766,0.8600427350427351,0.7148936170212766,0.8454220776468542,0.7467519321310111,0.9265350877192983,0.8008948545861297
tapcorrect/059_youtube_-tJYN-eG1zk/track.npy,tapcorrect,1.0,1.0,1.0,1.0,0.9484316752048532,0.9454397106915065,1.0,1.0
tapcorrect/060_youtube_FY9v147BZuE/track.npy,tapcorrect,0.56656346749226,0.676056338028169,0.56656346749226,0.676056338028169,0.850467347744255,0.7822115155884409,0.8784722222222222,0.8059701492537313
tapcorrect/063_youtube_uFEK4fpYOS4/track.npy,tapcorrect,0.9879518072289156,0.9794520547945206,0.9879518072289156,0.9794520547945206,0.9635517932732205,0.9662390602751566,0.9913644214162349,0.9896907216494845
tapcorrect/070_youtube_m-M1AtrxztU/track.npy,tapcorrect,0.9916839916839917,0.8677685950413223,0.9916839916839917,0.8677685950413223,0.9574068925816362,0.8716122846601176,0.9947970863683663,0.895397489539749
tapcorrect/071_youtube_WBQ03PXMpqY/track.npy,tapcorrect,0.7105751391465677,0.8074074074074075,0.7105751391465677,0.8074074074074075,0.8701813900310157,0.8812280849341647,0.922,0.9111969111969113
tapcorrect/082_youtube_M84S81FL5FY/track.npy,tapcorrect,1.0,0.7087378640776699,1.0,0.7087378640776699,0.9676915513842409,0.8977763968240637,1.0,0.9214659685863874
tapcorrect/092_youtube_oh2LWWORoiM/track.npy,tapcorrect,0.9861878453038674,0.967032967032967,0.9861878453038674,0.967032967032967,0.926358435671304,0.9285053178203554,0.9820193637621024,0.9834254143646408
tapcorrect/100_youtube_QinABEXzutY/track.npy,tapcorrect,0.8664850136239782,0.6021505376344086,0.8664850136239782,0.6021505376344086,0.8674566516957485,0.6780560959702675,0.9080779944289693,0.7142857142857143
asap/Bach_Fugue_bwv_857_Bult-ItoS02M/track.npy,asap,0.9459459459459459,0.45045045045045046,0.9459459459459459,0.0,0.947825261698545,0.49034852795197853,0.9771689497716894,0.43410852713178294
asap/Bach_Fugue_bwv_857_Lisiecki04M/track.npy,asap,0.9730941704035875,0.3380281690140845,0.9730941704035875,0.3380281690140845,0.9677523421718798,0.6315234783125483,0.9932279909706546,0.6299212598425197
asap/Bach_Fugue_bwv_857_ToA01M/track.npy,asap,0.9733333333333334,0.2972972972972973,0.9733333333333334,0.23529411764705882,0.9716218649604792,0.5917341697674116,0.9866071428571429,0.596774193548387
asap/Bach_Fugue_bwv_857_WangA01M/track.npy,asap,0.9820627802690582,0.2882882882882883,0.9820627802690582,0.23880597014925373,0.9654696452190448,0.5782478154226713,0.9864864864864865,0.5691056910569106
asap/Bach_Fugue_bwv_857_YuP01M/track.npy,asap,0.9775784753363229,0.3582089552238806,0.9775784753363229,0.3582089552238806,0.9629903779848444,0.6353990745858624,0.9887640449438202,0.6504065040650405
asap/Bach_Fugue_bwv_875_Ahfat01M/track.npy,asap,0.5961538461538461,0.37037037037037035,0.5961538461538461,0.37037037037037035,0.6861304071703852,0.36342056846273296,0.7053140096618358,0.33962264150943394
asap/Bach_Fugue_bwv_875_CaoJ01M/track.npy,asap,0.9038461538461539,0.68,0.9038461538461539,0.68,0.9538840025129897,0.6664526488333604,0.970873786407767,0.68
asap/Bach_Fugue_bwv_876_SirajA01M/track.npy,asap,0.5975609756097561,0.42105263157894735,0.24812030075187969,0.23880597014925373,0.8046193601956638,0.7342836457432778,0.7627906976744185,0.7238095238095238
asap/Bach_Fugue_bwv_876_Song01M/track.npy,asap,0.8702290076335878,0.48484848484848486,0.8702290076335878,0.0,0.9515450788963613,0.6155504729936458,0.9685039370078741,0.625
asap/Bach_Fugue_bwv_883_GuoE01M/track.npy,asap,0.7794117647058824,0.22962962962962963,0.7794117647058824,0.18181818181818182,0.9090515052118823,0.5112521478739442,0.9315068493150686,0.49655172413793097
asap/Bach_Fugue_bwv_883_Herbert02/track.npy,asap,0.19047619047619047,0.0967741935483871,0.19047619047619047,0.0,0.009034493550609151,0.0016154376393809778,0.007339449541284403,0.0
asap/Bach_Fugue_bwv_883_KaiRuiR03/track.npy,asap,0.7084870848708487,0.014814814814814815,0.03308823529411765,0.0,0.16280111386662005,0.0021520289360168286,0.014760147601476014,0.0
asap/Bach_Fugue_bwv_883_Khmara04/track.npy,asap,0.125,0.03296703296703297,0.0,0.02197802197802198,0.004525465734076643,2.993446948357144e-11,0.00390625,0.0
asap/Bach_Fugue_bwv_883_LuM01M/track.npy,asap,1.0,0.362962962962963,1.0,0.10526315789473684,0.9653838176165265,0.572237980086145,0.992619926199262,0.46625766871165647
asap/Bach_Fugue_bwv_889_Giesbrecht01M/track.npy,asap,0.4647887323943662,0.7254901960784313,0.4647887323943662,0.0,0.8266299949472352,0.6759766791836423,0.8455284552845529,0.5352112676056338
asap/Bach_Fugue_bwv_889_LiuY01M/track.npy,asap,0.44680851063829785,0.8035714285714286,0.44680851063829785,0.0,0.8088762758710545,0.7159414942195401,0.8326530612244898,0.6097560975609756
asap/Bach_Fugue_bwv_889_MunA01M/track.npy,asap,0.45454545454545453,0.9807692307692307,0.45454545454545453,0.0,0.8229806560469306,0.8064319887028343,0.8387096774193549,0.6666666666666666
asap/Bach_Fugue_bwv_889_Wang01M/track.npy,asap,0.4788732394366197,0.9807692307692307,0.4788732394366197,0.0,0.8098550788463588,0.7839132353380669,0.834008097165992,0.6666666666666666
asap/Bach_Fugue_bwv_889_YangY02M/track.npy,asap,0.9904306220095693,0.6296296296296297,0.0,0.0,0.7961734748142177,0.5101345880872362,0.6687898089171974,0.45
asap/Bach_Fugue_bwv_889_ZhangW02M/track.npy,asap,0.6376811594202898,0.9230769230769231,0.21176470588235294,0.0,0.790938061904032,0.7416323257380595,0.7445255474452553,0.6410256410256411
asap/Bach_Prelude_bwv_856_LuoJ01M/track.npy,asap,0.0,0.26,0.0,0.0,0.4833740037895545,0.48212630177669735,0.49624060150375937,0.3939393939393939
asap/Bach_Prelude_bwv_857_Bult-ItoS02M/track.npy,asap,0.9753086419753086,0.28,0.9753086419753086,0.28,0.9739967562257558,0.5964190739382459,0.9937888198757764,0.6086956521739131
asap/Bach_Prelude_bwv_857_Lan01M/track.npy,asap,0.9753086419753086,0.7317073170731707,0.9753086419753086,0.10810810810810811,0.9727857533427604,0.7243703050885597,0.9937888198757764,0.6896551724137931
asap/Bach_Prelude_bwv_857_Lisiecki04M/track.npy,asap,0.8048780487804879,0.6341463414634146,0.8048780487804879,0.0,0.9032227737513234,0.6056040128078395,0.9299363057324841,0.5925925925925926
asap/Bach_Prelude_bwv_857_ToA01M/track.npy,asap,0.9878048780487805,0.975609756097561,0.9878048780487805,0.0,0.9516552896157389,0.6603923076710456,0.9878048780487805,0.6557377049180327
asap/Bach_Prelude_bwv_857_WangA01M/track.npy,asap,0.9634146341463414,0.5121951219512195,0.9634146341463414,0.0,0.9274683300241559,0.4909859934471268,0.9634146341463414,0.3846153846153846
asap/Bach_Prelude_bwv_857_YuP01M/track.npy,asap,1.0,1.0,1.0,0.0,0.9717224765417863,0.7045213364654066,1.0,0.6774193548387097
asap/Beethoven_Piano_Sonatas_16-1_BuiJL02M/track.npy,asap,0.7727272727272727,0.35625,0.7727272727272727,0.09090909090909091,0.8613185327397482,0.5046615409074033,0.9051937345424567,0.4838012958963283
asap/Beethoven_Piano_Sonatas_16-1_Khmara05M/track.npy,asap,0.7711598746081505,0.30407523510971785,0.7711598746081505,0.30407523510971785,0.8471636030438554,0.6218553091418721,0.8885245901639345,0.6441351888667992
asap/Beethoven_Piano_Sonatas_16-1_LeeSH02M/track.npy,asap,0.7511737089201878,0.29153605015673983,0.7511737089201878,0.29153605015673983,0.7991416009672803,0.6058821054964038,0.8421913327882257,0.6345381526104417
asap/Beethoven_Piano_Sonatas_16-1_LuoJ03M/track.npy,asap,0.8393700787401575,0.3670886075949367,0.8393700787401575,0.10725552050473186,0.8960288567678967,0.5214438043470127,0.9465899753492194,0.5520169851380041
asap/Beethoven_Piano_Sonatas_16-1_Woo05M/track.npy,asap,0.731974921630094,0.29375,0.731974921630094,0.19435736677115986,0.8173574773227031,0.5532391131325154,0.8677685950413222,0.5642105263157895
asap/Beethoven_Piano_Sonatas_24-1_Lisiecki05M/track.npy,asap,0.872996300863132,0.5073170731707317,0.872996300863132,0.5073170731707317,0.8562315767620345,0.6088646251483918,0.9420654911838791,0.6737400530503977
asap/Beethoven_Piano_Sonatas_24-1_no_repeat_Lou02M/track.npy,asap,0.9090909090909091,0.7307692307692307,0.9090909090909091,0.7307692307692307,0.932188228428525,0.7904133189128337,0.968789013732834,0.821782178217822
asap/Beethoven_Piano_Sonatas_24-2_Lisiecki05M/track.npy,asap,0.5920679886685553,0.2808988764044944,0.5920679886685553,0.0,0.6932087639889348,0.3824579307710685,0.7415066469719349,0.39370078740157477
asap/Beethoven_Piano_Sonatas_27-1_GiacomelliN04M/track.npy,asap,0.326417704011065,0.1078838174273859,0.326417704011065,0.1078838174273859,0.6458812974659408,0.3933310397227627,0.6729939603106125,0.40922190201729103
asap/Beethoven_Piano_Sonatas_27-1_Ko05M/track.npy,asap,0.1991701244813278,0.21487603305785125,0.1991701244813278,0.012448132780082987,0.5935213179343551,0.3481246911044026,0.6186915887850467,0.3609467455621302
asap/Beethoven_Piano_Sonatas_27-1_MiyashitaM02M/track.npy,asap,0.607192254495159,0.17123287671232876,0.607192254495159,0.06224066390041494,0.7880630721474952,0.3044491989066658,0.8200772200772201,0.3152454780361757
asap/Beethoven_Piano_Sonatas_5-1_Colafelice02M/track.npy,asap,0.10778443113772455,0.37410071942446044,0.10778443113772455,0.0,0.5467000893710134,0.4607458786166031,0.5682967959527825,0.47594936708860763
asap/Beethoven_Piano_Sonatas_5-1_SunD02M/track.npy,asap,0.3641826923076923,0.2805755395683453,0.3641826923076923,0.2805755395683453,0.7073802343038954,0.6048545570694608,0.732330827067669,0.627906976744186
asap/Beethoven_Piano_Sonatas_8-1_Na06M/track.npy,asap,0.7722063037249284,0.29081632653061223,0.7722063037249284,0.2792207792207792,0.8703620271760304,0.6150079644775663,0.9028910303928835,0.6349206349206349
asap/Chopin_Etudes_op_10_2_Hebert03M/track.npy,asap,0.9888888888888889,1.0,0.9888888888888889,1.0,0.9618503836984051,0.9728630947455468,0.9944444444444445,1.0
asap/Chopin_Etudes_op_10_2_JeonH02M/track.npy,asap,1.0,1.0,1.0,1.0,0.9790009467108762,0.9830070992240547,1.0,1.0
asap/Chopin_Etudes_op_25_11_Richardson_2015_03M/track.npy,asap,0.9204244031830239,0.6526315789473685,0.9204244031830239,0.6526315789473685,0.9076149466189682,0.7397028119372595,0.9546666666666667,0.7759562841530054
asap/Chopin_Scherzos_31_ChenW04M/track.npy,asap,0.022413793103448276,0.12953367875647667,0.015092712376024149,0.014230271668822769,0.3983908538349039,0.3559123697729058,0.4279534109816971,0.3800813008130081
asap/Chopin_Scherzos_31_HuNY08M/track.npy,asap,0.02070750647109577,0.17829457364341086,0.014230271668822769,0.00258732212160414,0.4280998162925246,0.39822802156567016,0.4600326264274063,0.43040473840078963
asap/Chopin_Scherzos_31_Jussow11M/track.npy,asap,0.025064822817631807,0.13730569948186527,0.015550755939524838,0.0051813471502590676,0.42608594975813435,0.3689846605740484,0.45388669301712775,0.3920398009950249
asap/Chopin_Scherzos_31_LeeN04M/track.npy,asap,0.02677029360967185,0.17616580310880828,0.025043177892918825,0.0051813471502590676,0.43703442433741585,0.3655998649336557,0.4566568531239777,0.38767395626242546
asap/Chopin_Scherzos_31_LinTami06M/track.npy,asap,0.015530629853321829,0.1421188630490956,0.0012942191544434857,0.00129366106080207,0.4035596780644887,0.3721973648514249,0.42458851192475655,0.3995963673057518
asap/Chopin_Scherzos_31_LuoJ12M/track.npy,asap,0.013805004314063849,0.34366925064599485,0.0008628127696289905,0.00129366106080207,0.3906720631092102,0.4454412668375419,0.41784989858012167,0.48084291187739464
asap/Chopin_Scherzos_31_SunD04M/track.npy,asap,0.01296456352636128,0.10621761658031088,0.0017278617710583153,0.0025906735751295338,0.4084248807241122,0.34881398874051484,0.4295798319327731,0.3594566353187043
asap/Chopin_Scherzos_31_TongB04M/track.npy,asap,0.009490940465918895,0.2041343669250646,0.0012942191544434857,0.00646830530401035,0.37395283174165717,0.36435019233378874,0.41212121212121217,0.40319361277445104
asap/Chopin_Scherzos_31_TuanS05M/track.npy,asap,0.006902502157031924,0.2351421188630491,0.0004314063848144953,0.00258732212160414,0.40506842579486513,0.42577617672475104,0.43536058491193086,0.45542635658914726
asap/Chopin_Scherzos_31_ZhangW04M/track.npy,asap,0.011216566005176877,0.1937984496124031,0.003451251078515962,0.00258732212160414,0.4016465181222025,0.38269070305618214,0.43408788282290284,0.41490433031218527
asap/Chopin_Sonata_2_4th_KaszoS16M/track.npy,asap,0.4897959183673469,0.273972602739726,0.0034129692832764505,0.273972602739726,0.43384806258188907,0.3310261410045341,0.4641148325358851,0.380952380952381
asap/Haydn_Keyboard_Sonatas_50-1_no_repeat_GalantM02M/track.npy,asap,0.9593908629441624,0.8338983050847457,0.9593908629441624,0.0,0.9389688044803798,0.6868922175761439,0.9805249788314988,0.587962962962963
asap/Haydn_Keyboard_Sonatas_50-1_no_repeat_HamSY02M/track.npy,asap,0.817258883248731,0.6203389830508474,0.817258883248731,0.045081967213114756,0.869661957898192,0.6294530877588713,0.9043183742591026,0.5714285714285715
asap/Haydn_Keyboard_Sonatas_50-1_no_repeat_Huang05M/track.npy,asap,0.8932203389830509,0.45733788395904434,0.8932203389830509,0.15789473684210525,0.8931382504332536,0.6115012474893553,0.9294817332200511,0.5546666666666666
asap/Haydn_Keyboard_Sonatas_50-1_no_repeat_JeonH03M/track.npy,asap,0.5899705014749262,0.49491525423728816,0.5899705014749262,0.02880658436213992,0.7846477856568658,0.4879688631421091,0.8242710795902285,0.43478260869565216
asap/Haydn_Keyboard_Sonatas_50-1_no_repeat_KARYAG06M/track.npy,asap,0.856198347107438,0.6109215017064846,0.856198347107438,0.07053941908713693,0.9100753569595621,0.6478883007387799,0.9471919530595139,0.5721649484536083
asap/Haydn_Keyboard_Sonatas_50-1_no_repeat_Shi07M/track.npy,asap,0.7523809523809524,0.5627118644067797,0.7523809523809524,0.07407407407407407,0.8528717419448061,0.5958216055189182,0.8877968877968878,0.5421994884910486
asap/Haydn_Keyboard_Sonatas_50-1_no_repeat_YoungS02M/track.npy,asap,0.6158357771260997,0.42033898305084744,0.6158357771260997,0.0136986301369863,0.8174721732624842,0.5004797244255516,0.8483896307934015,0.44141689373297
asap/Liszt_Gran_Etudes_de_Paganini_6_Theme_and_Variations_WangA07M/track.npy,asap,0.673469387755102,0.4372093023255814,0.673469387755102,0.4372093023255814,0.7733612543019189,0.6606703085367167,0.8211009174311927,0.7068493150684931
asap/Schubert_Piano_Sonatas_894-2_Yeletskiy08M/track.npy,asap,0.39565943238731216,0.25,0.39565943238731216,0.01,0.655128933790709,0.37727624997242665,0.7310756972111554,0.43298969072164956
asap/Schubert_Piano_Sonatas_894-2_no_repeat_CHEN11M/track.npy,asap,0.5243445692883895,0.2640449438202247,0.5243445692883895,0.2640449438202247,0.7536832473537788,0.5852448591555705,0.8008429926238145,0.6228373702422145
asap/Schubert_Piano_Sonatas_894-2_no_repeat_Lee10M/track.npy,asap,0.6779026217228464,0.38764044943820225,0.6779026217228464,0.38764044943820225,0.8416924287473462,0.6042067924125392,0.8724696356275303,0.6363636363636364
asap/Schubert_Piano_Sonatas_894-2_no_repeat_SINKEV12M/track.npy,asap,0.5112359550561798,0.2303370786516854,0.5112359550561798,0.2303370786516854,0.7037987341713945,0.4354467605551254,0.777422790202343,0.5104895104895105
asap/Scriabin_Etudes_op_8_11_Shi08M/track.npy,asap,0.5,0.16981132075471697,0.5,0.16981132075471697,0.7193040071525288,0.3601926498348287,0.7692307692307694,0.3921568627450981
ballroom/ballroom_Albums-AnaBelen_Veneo-01/track.npy,ballroom,1.0,1.0,1.0,1.0,0.9699038221476879,0.9781609823177609,1.0,1.0
ballroom/ballroom_Albums-Ballroom_Classics4-01/track.npy,ballroom,1.0,1.0,1.0,1.0,0.42467037008807146,0.6354819339303828,0.6388888888888888,1.0
ballroom/ballroom_Albums-Ballroom_Classics4-11/track.npy,ballroom,0.9863013698630136,1.0,0.9863013698630136,1.0,0.9561576389561001,0.9740255533080268,0.993103448275862,1.0
ballroom/ballroom_Albums-Ballroom_Classics4-19/track.npy,ballroom,1.0,1.0,1.0,1.0,0.9298131741515488,0.9315909474849825,1.0,1.0
ballroom/ballroom_Albums-Ballroom_Magic-08/track.npy,ballroom,1.0,1.0,1.0,1.0,0.9740182524321036,0.972014057879192,1.0,1.0
ballroom/ballroom_Albums-Ballroom_Magic-10/track.npy,ballroom,0.9733333333333334,0.96,0.9733333333333334,0.96,0.9599901640864956,0.9331388502054443,0.9932885906040269,0.96
ballroom/ballroom_Albums-Cafe_Paradiso-12/track.npy,ballroom,1.0,1.0,1.0,1.0,0.9578656950208033,0.9709260693047371,1.0,1.0
ballroom/ballroom_Albums-Chrisanne3-05/track.npy,ballroom,0.8181818181818182,1.0,0.8181818181818182,1.0,0.779809642683912,0.7930716348661107,0.8363636363636363,0.8461538461538461
ballroom/ballroom_Albums-Chrisanne3-15/track.npy,ballroom,0.8488372093023255,0.8095238095238095,0.8488372093023255,0.8095238095238095,0.8726651861614234,0.7907792767810664,0.9325153374233128,0.8500000000000001
ballroom/ballroom_Albums-Fire-14/track.npy,ballroom,1.0,1.0,1.0,1.0,0.983066832936249,0.9786789477374835,1.0,1.0
ballroom/ballroom_Albums-Fire-15/track.npy,ballroom,1.0,1.0,1.0,1.0,0.9751716405977923,0.9882500590567294,1.0,1.0
ballroom/ballroom_Albums-GloriaEstefan_MiTierra-01/track.npy,ballroom,1.0,1.0,1.0,1.0,0.9568855555166996,0.9417361472034348,1.0,1.0
ballroom/ballroom_Albums-Latin_Jam-02/track.npy,ballroom,1.0,1.0,1.0,1.0,0.9884960008310316,0.9881769054098635,1.0,1.0
ballroom/ballroom_Albums-Latin_Jam4-11/track.npy,ballroom,1.0,1.0,1.0,1.0,0.9766574323884042,0.9695499716879058,1.0,1.0
ballroom/ballroom_Albums-Latin_Jam5-02/track.npy,ballroom,1.0,1.0,1.0,1.0,0.9762322576860415,0.964949028613222,1.0,1.0
ballroom/ballroom_Albums-Latin_Jam5-03/track.npy,ballroom,1.0,1.0,1.0,1.0,0.9290523886138473,0.9584954670347501,1.0,1.0
ballroom/ballroom_Albums-Latin_Jam5-04/track.npy,ballroom,1.0,1.0,1.0,1.0,0.9567853292707404,0.954632699206188,1.0,1.0
ballroom/ballroom_Albums-Latin_Jam5-10/track.npy,ballroom,1.0,1.0,1.0,1.0,0.9651462064808163,0.953032941006471,1.0,1.0
ballroom/ballroom_Albums-Latino_Latino-01/track.npy,ballroom,1.0,1.0,1.0,1.0,0.9752659357393518,0.9867312612138492,1.0,1.0
ballroom/ballroom_Albums-Macumba-08/track.npy,ballroom,1.0,1.0,1.0,1.0,0.9800355340520042,0.9856810024764993,1.0,1.0
ballroom/ballroom_Albums-Macumba-09/track.npy,ballroom,1.0,1.0,1.0,1.0,0.9840847486478033,0.9801502091926958,1.0,1.0
ballroom/ballroom_Albums-Macumba-15/track.npy,ballroom,1.0,1.0,1.0,1.0,0.967751188967392,0.9648597213037134,1.0,1.0
ballroom/ballroom_Albums-Pais_Tropical-05/track.npy,ballroom,1.0,1.0,1.0,1.0,0.9852121563711833,0.9814733945954041,1.0,1.0
ballroom/ballroom_Albums-Pais_Tropical-09/track.npy,ballroom,1.0,1.0,1.0,1.0,0.9857182073272776,0.9792679515603535,1.0,1.0
ballroom/ballroom_Albums-Secret_Garden-01/track.npy,ballroom,0.8181818181818182,0.0,0.8181818181818182,0.0,0.6981359087679303,0.2913339371550605,0.8125,0.26666666666666666
ballroom/ballroom_Albums-StrictlyDancing_Tango-02/track.npy,ballroom,1.0,1.0,1.0,1.0,0.9716160024850004,0.9784860961777678,1.0,1.0
ballroom/ballroom_Albums-StrictlyDancing_Tango-13/track.npy,ballroom,1.0,1.0,1.0,1.0,0.9830973001194547,0.9718848198718869,1.0,1.0
ballroom/ballroom_Media-103314/track.npy,ballroom,1.0,1.0,1.0,1.0,0.978574087790981,0.9764850355337138,1.0,1.0
ballroom/ballroom_Media-103413/track.npy,ballroom,0.9807692307692307,1.0,0.9807692307692307,1.0,0.9696894008122035,0.9814556921574302,0.9902912621359222,1.0
ballroom/ballroom_Media-103503/track.npy,ballroom,1.0,1.0,1.0,1.0,0.9833465707766155,0.9907480482244704,1.0,1.0
ballroom/ballroom_Media-103510/track.npy,ballroom,1.0,1.0,1.0,1.0,0.972343033431662,0.98557756186936,1.0,1.0
ballroom/ballroom_Media-103607/track.npy,ballroom,0.9772727272727273,1.0,0.9772727272727273,1.0,0.9308578894325489,0.9426431507771892,0.9885057471264368,1.0
ballroom/ballroom_Media-103612/track.npy,ballroom,1.0,1.0,1.0,1.0,0.9305028831284824,0.9130257902111253,1.0,1.0
ballroom/ballroom_Media-103616/track.npy,ballroom,0.9166666666666666,0.8888888888888888,0.9166666666666666,0.8888888888888888,0.7893601791657462,0.7482223836795662,0.9565217391304348,0.9411764705882353
ballroom/ballroom_Media-103617/track.npy,ballroom,1.0,1.0,1.0,1.0,0.9827473599842717,0.9853619110505204,1.0,1.0
ballroom/ballroom_Media-103619/track.npy,ballroom,0.9818181818181818,1.0,0.9818181818181818,1.0,0.9237422516061179,0.9580062982739921,0.9908256880733944,1.0
ballroom/ballroom_Media-103702/track.npy,ballroom,0.9807692307692307,1.0,0.9807692307692307,1.0,0.9658431697125603,0.9841572688447163,0.9902912621359222,1.0
ballroom/ballroom_Media-103708/track.npy,ballroom,1.0,1.0,1.0,1.0,0.9609483900380152,0.9868969191846038,1.0,1.0
ballroom/ballroom_Media-103803/track.npy,ballroom,0.9807692307692307,1.0,0.9807692307692307,1.0,0.9646617364891944,0.9478290247753942,0.9902912621359222,1.0
ballroom/ballroom_Media-103812/track.npy,ballroom,1.0,1.0,1.0,1.0,0.9855138006263586,0.9929649593855263,1.0,1.0
ballroom/ballroom_Media-103813/track.npy,ballroom,0.9861111111111112,0.9444444444444444,0.9861111111111112,0.9444444444444444,0.9613417904398687,0.9081433114392223,0.9861111111111112,0.9444444444444444
ballroom/ballroom_Media-104003/track.npy,ballroom,1.0,1.0,1.0,1.0,0.9668604284345645,0.9644801294545632,1.0,1.0
ballroom/ballroom_Media-104005/track.npy,ballroom,0.975609756097561,0.9090909090909091,0.975609756097561,0.9090909090909091,0.9064152681519984,0.8576223083314279,0.9876543209876543,0.9523809523809523
ballroom/ballroom_Media-104006/track.npy,ballroom,0.9761904761904762,1.0,0.9761904761904762,1.0,0.9303940290868437,0.9854284380906269,0.9879518072289156,1.0
ballroom/ballroom_Media-104009/track.npy,ballroom,0.9791666666666666,1.0,0.9791666666666666,1.0,0.9310045555978669,0.9425763544612541,0.9791666666666666,1.0
ballroom/ballroom_Media-104106/track.npy,ballroom,0.9803921568627451,1.0,0.9803921568627451,1.0,0.9653784324195429,0.9793426126897095,0.99009900990099,1.0
ballroom/ballroom_Media-104201/track.npy,ballroom,0.972972972972973,1.0,0.972972972972973,1.0,0.9252521911538201,0.9721396372203647,0.9863013698630138,1.0
ballroom/ballroom_Media-104202/track.npy,ballroom,1.0,1.0,1.0,1.0,0.8739493248653268,0.8755805050456051,1.0,1.0
ballroom/ballroom_Media-104212/track.npy,ballroom,0.9868421052631579,0.9615384615384616,0.9868421052631579,0.9615384615384616,0.9624171303776707,0.9473514107951517,0.9933774834437086,0.9803921568627451
ballroom/ballroom_Media-104219/track.npy,ballroom,0.9883720930232558,0.9545454545454546,0.9883720930232558,0.9545454545454546,0.9569300639765375,0.9583854405840679,0.9941520467836257,0.9767441860465117
ballroom/ballroom_Media-104305/track.npy,ballroom,1.0,1.0,1.0,1.0,0.9695420237361337,0.9711389387629374,1.0,1.0
ballroom/ballroom_Media-104314/track.npy,ballroom,0.9886363636363636,0.9545454545454546,0.9886363636363636,0.9545454545454546,0.9441854963916865,0.9240207736379963,0.9942857142857142,0.9767441860465117
ballroom/ballroom_Media-104315/track.npy,ballroom,0.9659090909090909,0.9545454545454546,0.9659090909090909,0.9545454545454546,0.8358639747316475,0.813200511740384,0.9942857142857142,0.9767441860465117
ballroom/ballroom_Media-104407/track.npy,ballroom,0.987012987012987,1.0,0.987012987012987,1.0,0.9648128504236152,0.9660320070736741,0.9934640522875817,1.0
ballroom/ballroom_Media-104501/track.npy,ballroom,1.0,1.0,1.0,1.0,0.8391876303114747,0.8850479308209062,1.0,1.0
ballroom/ballroom_Media-104505/track.npy,ballroom,0.9814814814814815,0.9285714285714286,0.9814814814814815,0.9285714285714286,0.9442326456684319,0.9187558439506139,0.9906542056074767,0.962962962962963
ballroom/ballroom_Media-104515/track.npy,ballroom,0.9885057471264368,0.9545454545454546,0.9885057471264368,0.9545454545454546,0.9656818143057486,0.9394235228080688,0.9942196531791908,0.9767441860465117
ballroom/ballroom_Media-104603/track.npy,ballroom,0.972972972972973,1.0,0.972972972972973,1.0,0.8567438408529956,0.918415411846193,0.9863013698630138,1.0
ballroom/ballroom_Media-104605/track.npy,ballroom,1.0,1.0,1.0,1.0,0.9309462342573945,0.9170256735600232,1.0,1.0
ballroom/ballroom_Media-104702/track.npy,ballroom,1.0,1.0,1.0,1.0,0.8732069684561318,0.9058431255441765,1.0,1.0
ballroom/ballroom_Media-104809/track.npy,ballroom,0.9868421052631579,0.9615384615384616,0.9868421052631579,0.9615384615384616,0.8944480823751911,0.8779285095747915,0.9933774834437086,0.9803921568627451
ballroom/ballroom_Media-104902/track.npy,ballroom,0.9722222222222222,1.0,0.9722222222222222,1.0,0.8236364789209866,0.8472596988396907,0.9859154929577464,1.0
ballroom/ballroom_Media-105008/track.npy,ballroom,1.0,1.0,1.0,1.0,0.9460862287837788,0.935236243834297,1.0,1.0
ballroom/ballroom_Media-105009/track.npy,ballroom,1.0,1.0,1.0,1.0,0.9555838150854192,0.9734237274061842,1.0,1.0
ballroom/ballroom_Media-105016/track.npy,ballroom,0.9882352941176471,0.9545454545454546,0.9882352941176471,0.9545454545454546,0.9669275748875223,0.9436347185953969,0.9940828402366864,0.9767441860465117
ballroom/ballroom_Media-105017/track.npy,ballroom,0.9767441860465116,1.0,0.9767441860465116,1.0,0.905856507912587,0.9230097768004759,0.9941520467836257,1.0
ballroom/ballroom_Media-105020/track.npy,ballroom,0.9425287356321839,1.0,0.9425287356321839,1.0,0.9240273730162788,0.9310402630789647,0.9826589595375722,0.9523809523809523
ballroom/ballroom_Media-105102/track.npy,ballroom,0.9714285714285714,0.9166666666666666,0.9714285714285714,0.9166666666666666,0.843479708388596,0.8321549012981918,0.9855072463768115,0.9565217391304348
ballroom/ballroom_Media-105109/track.npy,ballroom,0.9818181818181818,1.0,0.9818181818181818,1.0,0.9494787636126694,0.9548310587207818,0.9908256880733944,1.0
ballroom/ballroom_Media-105212/track.npy,ballroom,1.0,1.0,1.0,1.0,0.8350206535018362,0.8204173603013005,1.0,1.0
ballroom/ballroom_Media-105214/track.npy,ballroom,0.9393939393939394,1.0,0.9393939393939394,1.0,0.7957791268457649,0.8437749728034958,0.9393939393939394,1.0
ballroom/ballroom_Media-105302/track.npy,ballroom,0.34285714285714286,0.18181818181818182,0.34285714285714286,0.18181818181818182,0.14068090525754104,0.11979611230134027,0.14035087719298245,0.12500000000000003
ballroom/ballroom_Media-105403/track.npy,ballroom,1.0,1.0,1.0,1.0,0.9566627915945576,0.9646030137955109,1.0,1.0
ballroom/ballroom_Media-105405/track.npy,ballroom,1.0,1.0,1.0,1.0,0.9807016066139366,0.9803704100408894,1.0,1.0
ballroom/ballroom_Media-105409/track.npy,ballroom,1.0,1.0,1.0,1.0,0.9605576678286124,0.9618360659422143,1.0,1.0
ballroom/ballroom_Media-105417/track.npy,ballroom,0.9791666666666666,0.9166666666666666,0.9791666666666666,0.9166666666666666,0.9699826699620687,0.9199687833258495,0.9894736842105264,0.9565217391304348
ballroom/ballroom_Media-105420/track.npy,ballroom,0.9811320754716981,0.9285714285714286,0.9811320754716981,0.9285714285714286,0.937286514925952,0.9073698687128847,0.9904761904761905,0.962962962962963
ballroom/ballroom_Media-105803/track.npy,ballroom,1.0,1.0,1.0,1.0,0.7866318544187298,0.8309664462715826,1.0,1.0
ballroom/ballroom_Media-105804/track.npy,ballroom,1.0,1.0,1.0,1.0,0.9336069515851643,0.9611353660292723,1.0,1.0
ballroom/ballroom_Media-105809/track.npy,ballroom,0.9864864864864865,1.0,0.9864864864864865,1.0,0.9384454723968731,0.9609264130285868,0.9931972789115647,1.0
ballroom/ballroom_Media-105812/track.npy,ballroom,0.958904109589041,0.96,0.958904109589041,0.96,0.7840321372828684,0.7857102117038621,0.9655172413793104,0.9795918367346939
ballroom/ballroom_Media-105907/track.npy,ballroom,0.972972972972973,0.84,0.972972972972973,0.84,0.8514904675199327,0.69088888756185,0.9931972789115647,0.8399999999999999
ballroom/ballroom_Media-106001/track.npy,ballroom,0.9767441860465116,1.0,0.9767441860465116,1.0,0.960897881117877,0.9742459027955679,0.988235294117647,1.0
ballroom/ballroom_Media-106016/track.npy,ballroom,0.9866666666666667,0.42105263157894735,0.9866666666666667,0.42105263157894735,0.9709724567402773,0.4759169440855756,0.9932885906040269,0.4864864864864865
ballroom/ballroom_Media-106108/track.npy,ballroom,0.9545454545454546,1.0,0.9545454545454546,1.0,0.9269916233930401,0.9638826156331494,0.9767441860465117,1.0
beatles/beatles_01_Please_Please_Me_06_Ask_Me_Why/track.npy,beatles,0.9966555183946488,0.9733333333333334,0.9966555183946488,0.9733333333333334,0.9387402882098689,0.9203236913880207,0.9966555183946488,0.9733333333333334
beatles/beatles_01_Please_Please_Me_12_A_Taste_Of_Honey/track.npy,beatles,0.9105263157894737,0.7333333333333333,0.9105263157894737,0.7333333333333333,0.8513631531290559,0.746258181038043,0.9129287598944592,0.7899159663865546
beatles/beatles_02_With_the_Beatles_01_It_Wont_Be_Long/track.npy,beatles,0.9774436090225563,0.9701492537313433,0.9774436090225563,0.9701492537313433,0.9447267761782605,0.9475731306850401,0.969811320754717,0.9774436090225564
beatles/beatles_02_With_the_Beatles_02_All_Ive_Got_To_Do/track.npy,beatles,0.991304347826087,0.9827586206896551,0.991304347826087,0.9827586206896551,0.9665862989929466,0.9593594011273205,0.9956331877729258,0.9913043478260869
beatles/beatles_03_A_Hard_Days_Night_13_Ill_Be_Back/track.npy,beatles,0.9927536231884058,0.7746478873239436,0.9927536231884058,0.7746478873239436,0.9562017871015834,0.8122489003061923,0.9963768115942029,0.8428571428571429
beatles/beatles_04_Beatles_for_Sale_04_Rock_and_Roll_Music/track.npy,beatles,0.9975,1.0,0.9975,1.0,0.6973997956515959,0.6906433189430524,0.9987484355444306,1.0
beatles/beatles_04_Beatles_for_Sale_09_Words_of_Love/track.npy,beatles,0.952,0.9193548387096774,0.952,0.9193548387096774,0.4796014496690351,0.4740110633326792,0.7726358148893361,0.7804878048780488
beatles/beatles_05_Help_01_Help/track.npy,beatles,0.9805825242718447,0.9807692307692307,0.9805825242718447,0.9807692307692307,0.8490879078086959,0.826154557244891,0.9901960784313726,0.9902912621359222
beatles/beatles_05_Help_14_Dizzy_Miss_Lizzy/track.npy,beatles,0.9919786096256684,1.0,0.9919786096256684,1.0,0.7611795605389328,0.7660739002153558,0.9933065595716197,0.9893617021276596
beatles/beatles_06_Rubber_Soul_03_You_Wont_See_Me/track.npy,beatles,0.989159891598916,0.9782608695652174,0.989159891598916,0.9782608695652174,0.9193610435284119,0.9118560159326436,0.9932157394843961,0.994535519125683
beatles/beatles_06_Rubber_Soul_04_Nowhere_Man/track.npy,beatles,0.9805194805194806,0.9090909090909091,0.9805194805194806,0.9090909090909091,0.9476472000769594,0.8880488391623796,0.9853658536585367,0.9281045751633986
beatles/beatles_07_Revolver_09_And_Your_Bird_Can_Sing/track.npy,beatles,0.9758064516129032,0.9838709677419355,0.9758064516129032,0.9838709677419355,0.8636885145481489,0.8679862949699297,0.9877551020408163,0.991869918699187
beatles/beatles_08_Sgt_Peppers_Lonely_Hearts_Club_Band_05_Fixing_A_Hole/track.npy,beatles,0.9892086330935251,0.9857142857142858,0.9892086330935251,0.9857142857142858,0.9040047454640425,0.8698962673846686,0.9945750452079565,0.9928057553956835
beatles/beatles_08_Sgt_Peppers_Lonely_Hearts_Club_Band_11_Good_Morning_Good_Morning/track.npy,beatles,0.9,0.3333333333333333,0.9,0.3333333333333333,0.8751838647632781,0.39150673150943505,0.9482758620689654,0.42953020134228187
beatles/beatles_09_Magical_Mystery_Tour_04_Blue_Jay_Way/track.npy,beatles,0.9174311926605505,0.4642857142857143,0.9174311926605505,0.4642857142857143,0.8550924962060524,0.4634772368775315,0.9380804953560371,0.509090909090909
beatles/beatles_10_CD1_The_Beatles_05_Wild_Honey_Pie/track.npy,beatles,0.9859154929577465,0.45,0.9859154929577465,0.45,0.8001288816682658,0.44126676050229396,0.9787234042553192,0.5945945945945946
beatles/beatles_10_CD1_The_Beatles_10_Im_So_Tired/track.npy,beatles,0.9926470588235294,0.5833333333333334,0.9926470588235294,0.5833333333333334,0.8834955572508741,0.6708763881228729,0.996309963099631,0.7647058823529411
beatles/beatles_10_CD1_The_Beatles_13_Rocky_Raccoon/track.npy,beatles,0.9390681003584229,0.6625,0.9390681003584229,0.6625,0.9042853225429428,0.7988652429811737,0.9818840579710145,0.8648648648648648
beatles/beatles_10_CD2_The_Beatles_06_Helter_Skelter/track.npy,beatles,0.9710144927536232,0.8372093023255814,0.9710144927536232,0.8372093023255814,0.8583661061554375,0.7604719162795307,0.966325036603221,0.8654970760233918
beatles/beatles_11_Abbey_Road_10_Sun_King/track.npy,beatles,0.9830508474576272,0.9090909090909091,0.9830508474576272,0.9090909090909091,0.9312773966707433,0.8963820079542129,0.9801699716713881,0.942528735632184
beatles/beatles_11_Abbey_Road_13_She_Came_In_Through_The_Bathroom_Window/track.npy,beatles,0.9798657718120806,0.8648648648648649,0.9798657718120806,0.8648648648648649,0.9534026989223745,0.8636544494868469,0.9898305084745762,0.8918918918918919
beatles/beatles_12_Let_It_Be_02_Dig_a_Pony/track.npy,beatles,0.9579439252336449,0.6408450704225352,0.9579439252336449,0.6408450704225352,0.8171444623861059,0.6593331436613562,0.9585798816568049,0.7846153846153846
beatles/beatles_12_Let_It_Be_09_One_After_909/track.npy,beatles,0.9853249475890985,0.9411764705882353,0.0021008403361344537,0.0,0.6947515330534972,0.6594416557778423,0.6657342657342658,0.6256983240223464
candombe/csic.1995_ansina2_02/track.npy,candombe,0.998546511627907,0.9709302325581395,0.998546511627907,0.9709302325581395,0.9769050313613302,0.9603816234124154,0.9992727272727273,0.9767441860465116
candombe/proyecto.1992_gimenez_06/track.npy,candombe,0.9976133651551312,1.0,0.9976133651551312,1.0,0.9280315052545968,0.9505541099340586,0.998805256869773,1.0
candombe/zavala.muniz.2014_42/track.npy,candombe,1.0,1.0,1.0,1.0,0.9668832288101801,0.9651442244997962,1.0,1.0
candombe/zavala.muniz.2014_46/track.npy,candombe,1.0,1.0,1.0,1.0,0.9720106445310588,0.9719329247060334,1.0,1.0
filosax/filosax_11/track.npy,filosax,0.8928571428571429,0.8214285714285714,0.8928571428571429,0.8214285714285714,0.8668533331767201,0.8151944124795296,0.9330323551542513,0.8895705521472392
filosax/filosax_19/track.npy,filosax,0.9926362297496318,0.9382352941176471,0.9926362297496318,0.9382352941176471,0.9250638754890518,0.8876911933292623,0.9985272459499264,0.9717682020802378
filosax/filosax_23/track.npy,filosax,0.9990817263544536,1.0,0.9990817263544536,1.0,0.9537789887930446,0.9428442533924671,1.0,1.0
filosax/filosax_24/track.npy,filosax,0.9896907216494846,0.993127147766323,0.9896907216494846,0.993127147766323,0.8778325573624565,0.8578727492931362,0.9974182444061963,0.9948364888123924
filosax/filosax_42/track.npy,filosax,0.9956395348837209,1.0,0.9956395348837209,1.0,0.8752839606062288,0.8624302033911014,0.9978150036416605,1.0
filosax/filosax_48/track.npy,filosax,0.991980753809142,0.9935897435897436,0.991980753809142,0.9935897435897436,0.9481585736609661,0.9385290384786955,0.9971853638922396,0.9967845659163987
groove_midi/drummer10_session1_1_jazz-swing_124_beat_4-4/track.npy,groove_midi,0.9696048632218845,0.7804878048780488,0.9696048632218845,0.7804878048780488,0.8358493028760718,0.6626616389402833,0.9861325115562404,0.7975460122699387
groove_midi/drummer1_eval_session_10_soul-groove10_102_beat_4-4/track.npy,groove_midi,1.0,1.0,1.0,1.0,0.9008957650484354,0.8951714837769853,1.0,1.0
groove_midi/drummer1_eval_session_6_hiphop-groove6_87_beat_4-4/track.npy,groove_midi,1.0,1.0,1.0,1.0,0.9305711229777468,0.914138734627051,1.0,1.0
groove_midi/drummer1_session1_3_funk_80_beat_4-4/track.npy,groove_midi,0.6269430051813472,0.9230769230769231,0.6269430051813472,0.9230769230769231,0.6462593088833715,0.6092205285944138,0.8914285714285715,0.8571428571428572
groove_midi/drummer1_session1_51_rock-shuffle_125_beat_4-4/track.npy,groove_midi,0.9828080229226361,0.6511627906976745,0.9828080229226361,0.6511627906976745,0.9309048203769694,0.6759896186946418,0.9913544668587897,0.7305389221556886
groove_midi/drummer1_session1_75_jazz_125_beat_4-4/track.npy,groove_midi,0.5508474576271186,0.4,0.5508474576271186,0.4,0.6089562766947348,0.4754750091470049,0.7434554973821988,0.5714285714285714
groove_midi/drummer1_session1_82_neworleans-funk_84_beat_4-4/track.npy,groove_midi,0.9947089947089947,0.9791666666666666,0.9947089947089947,0.9791666666666666,0.901662107258356,0.9053920216910566,0.9947089947089947,0.9894736842105264
groove_midi/drummer1_session2_111_rock-prog_110_beat_5-4/track.npy,groove_midi,0.31547619047619047,0.2828282828282828,0.31547619047619047,0.03389830508474576,0.5121671454993942,0.3923289514055014,0.5802047781569966,0.3669724770642202
groove_midi/drummer1_session2_112_afrocuban-bembe_122_beat_4-4/track.npy,groove_midi,0.8658536585365854,0.7572815533980582,0.8658536585365854,0.7572815533980582,0.8119150993081243,0.7143050462118401,0.8897058823529412,0.7745098039215688
groove_midi/drummer1_session2_3_latin-chacarera_118_beat_4-4/track.npy,groove_midi,0.518918918918919,0.5217391304347826,0.518918918918919,0.5217391304347826,0.5844720251456249,0.4701991787013384,0.6366197183098592,0.5348837209302325
groove_midi/drummer1_session2_5_jazz_200_beat_3-4/track.npy,groove_midi,0.5264550264550265,0.31746031746031744,0.5264550264550265,0.0,0.8312922337156007,0.35172087929402607,0.8652694610778443,0.29946524064171126
groove_midi/drummer1_session3_1_rock-prog_125_beat_4-4/track.npy,groove_midi,0.988391376451078,0.847682119205298,0.988391376451078,0.847682119205298,0.9013248153467163,0.7915336233223176,0.9941812136325853,0.8837209302325582
groove_midi/drummer3_session1_13_rock_120_beat_4-4/track.npy,groove_midi,1.0,1.0,1.0,1.0,0.9252342796621554,0.9386281159160704,1.0,1.0
groove_midi/drummer3_session2_10_rock_100_beat_4-4/track.npy,groove_midi,1.0,1.0,1.0,1.0,0.8529719589518885,0.8383100213324455,1.0,1.0
groove_midi/drummer5_eval_session_5_funk-groove5_84_beat_4-4/track.npy,groove_midi,0.9824561403508771,0.45,0.9824561403508771,0.45,0.8921496120089815,0.7516407070969687,0.9911504424778761,0.8235294117647058
groove_midi/drummer5_session1_12_latin-brazilian-sambareggae_96_beat_4-4/track.npy,groove_midi,0.9945054945054945,1.0,0.9945054945054945,1.0,0.9584542369300975,0.9625191667340194,0.9972451790633609,1.0
groove_midi/drummer5_session1_15_funk_100_beat_4-4/track.npy,groove_midi,0.9938650306748467,0.9508196721311475,0.9938650306748467,0.9508196721311475,0.9353137644452548,0.9059034415696695,0.9969293756397134,0.9672131147540983
groove_midi/drummer5_session2_13_rock_140_beat_4-4/track.npy,groove_midi,0.9836065573770492,0.7741935483870968,0.9836065573770492,0.7741935483870968,0.9330248619092837,0.7779370341122241,0.9917355371900827,0.819672131147541
groove_midi/drummer5_session2_18_latin-brazilian-samba_93_beat_4-4/track.npy,groove_midi,1.0,1.0,1.0,1.0,0.8315368522534076,0.8264496407345943,1.0,1.0
groove_midi/drummer5_session2_19_latin-brazilian-ijexa_108_beat_4-4/track.npy,groove_midi,1.0,1.0,0.0,1.0,0.41576510156189345,2.6363723088575948e-11,0.0,0.0
groove_midi/drummer6_session3_6_rock_88_beat_4-4/track.npy,groove_midi,0.9958677685950413,1.0,0.9958677685950413,1.0,0.8520634105689624,0.8484176938074941,0.9979296066252588,1.0
groove_midi/drummer7_eval_session_9_soul-groove9_105_beat_4-4/track.npy,groove_midi,1.0,1.0,1.0,1.0,0.967354012072663,0.9668834164562727,1.0,1.0
groove_midi/drummer7_session1_13_funk_102_beat_4-4/track.npy,groove_midi,0.9871794871794872,0.9487179487179487,0.9871794871794872,0.0,0.8022289858392861,0.4012561441643381,0.990353697749196,0.0
groove_midi/drummer7_session1_15_jazz_112_beat_4-4/track.npy,groove_midi,0.987012987012987,0.7894736842105263,0.987012987012987,0.7894736842105263,0.8868616099717066,0.7304731257259681,0.9935064935064936,0.8157894736842104
groove_midi/drummer7_session1_22_hiphop_100_beat_4-4/track.npy,groove_midi,0.96,1.0,0.96,1.0,0.9369059945059106,0.9449411607528283,0.9795918367346939,1.0
groove_midi/drummer7_session1_8_rock_93_beat_4-4/track.npy,groove_midi,0.9880952380952381,0.984375,0.9880952380952381,0.984375,0.8147373678831374,0.8132523558317739,0.9761904761904762,0.9921259842519685
groove_midi/drummer7_session1_9_rock_93_beat_4-4/track.npy,groove_midi,0.9932432432432432,0.972972972972973,0.9932432432432432,0.0,0.8359802789643356,0.41364243790234223,0.9898305084745763,0.0
groove_midi/drummer7_session2_37_rock_112_beat_4-4/track.npy,groove_midi,0.9959677419354839,1.0,0.9959677419354839,1.0,0.8817479156546234,0.8861378004856643,0.997979797979798,1.0
groove_midi/drummer7_session2_64_rock_145_beat_4-4/track.npy,groove_midi,0.994475138121547,1.0,0.994475138121547,1.0,0.924063767353878,0.9279676595217684,0.9972299168975068,1.0
groove_midi/drummer7_session2_97_pop_142_beat_4-4/track.npy,groove_midi,0.9705882352941176,1.0,0.0,1.0,0.7689686443745005,0.9506636820727477,0.66,1.0
groove_midi/drummer7_session3_11_pop-soft_83_beat_4-4/track.npy,groove_midi,0.9946236559139785,0.8478260869565217,0.9946236559139785,0.10869565217391304,0.8081961385144614,0.40318135164418134,0.9973045822102425,0.13043478260869565
groove_midi/drummer7_session3_120_rock_93_beat_4-4/track.npy,groove_midi,0.9710144927536232,0.5714285714285714,0.9710144927536232,0.5714285714285714,0.8724359893452807,0.6726342010167025,0.9818181818181817,0.7462686567164178
groove_midi/drummer7_session3_132_soul_105_beat_4-4/track.npy,groove_midi,0.9945652173913043,0.9782608695652174,0.9945652173913043,0.9782608695652174,0.8214873216890138,0.8201216140606774,0.9972752043596731,0.989010989010989
groove_midi/drummer7_session3_133_soul_105_beat_4-4/track.npy,groove_midi,0.99,0.96,0.99,0.96,0.7815231200265496,0.7731151041739812,0.9949748743718593,0.9795918367346939
groove_midi/drummer7_session3_22_pop-soft_83_beat_4-4/track.npy,groove_midi,0.9838709677419355,0.5333333333333333,0.9838709677419355,0.3333333333333333,0.8280366538642617,0.43713094820457166,0.991869918699187,0.4000000000000001
groove_midi/drummer8_eval_session_5_funk-groove5_84_beat_4-4/track.npy,groove_midi,0.9827586206896551,0.9333333333333333,0.9827586206896551,0.9333333333333333,0.9226146797930678,0.9312618200480229,0.9913043478260869,0.9655172413793104
groove_midi/drummer8_session1_10_neworleans-funk_82_beat_4-4/track.npy,groove_midi,0.9950738916256158,0.9607843137254902,0.9950738916256158,0.9607843137254902,0.9311042813198959,0.8962180632115355,0.9975308641975309,0.9803921568627451
groove_midi/drummer8_session1_15_hiphop_94_beat_4-4/track.npy,groove_midi,0.9893238434163701,0.9577464788732394,0.9893238434163701,0.9577464788732394,0.9383906388850212,0.9119339970115475,0.9946524064171123,0.9787234042553192
groove_midi/drummer8_session1_23_hiphop_70_beat_4-4/track.npy,groove_midi,0.9908256880733946,1.0,0.9908256880733946,1.0,0.9184606041587414,0.9248338073675682,0.9977011494252873,1.0
groove_midi/drummer8_session1_24_funk-latin_100_beat_4-4/track.npy,groove_midi,0.9904761904761905,0.8734177215189873,0.9904761904761905,0.8734177215189873,0.9383451310835662,0.8443036563089,0.9952153110047847,0.9044585987261147
groove_midi/drummer9_session1_14_rock_120_beat_4-4/track.npy,groove_midi,0.995575221238938,0.9824561403508771,0.995575221238938,0.9824561403508771,0.9211538552917131,0.9144524009031035,0.995575221238938,0.9911504424778761
groove_midi/drummer9_session1_23_rock_120_beat_4-4/track.npy,groove_midi,0.9734513274336283,1.0,0.9734513274336283,1.0,0.9010807036897491,0.9134387631780466,0.9865470852017937,1.0
guitarset/00_Funk2-108-Eb_comp_mix/track.npy,guitarset,0.875,0.5384615384615384,0.875,0.5384615384615384,0.8498291097609896,0.5883465531856212,0.918918918918919,0.64
guitarset/00_Jazz1-200-B_comp_mix/track.npy,guitarset,1.0,1.0,1.0,1.0,0.9797787628189846,0.9796080555336578,1.0,1.0
guitarset/00_Jazz3-150-C_comp_mix/track.npy,guitarset,1.0,1.0,1.0,1.0,0.9398684987545024,0.9402586309084261,1.0,1.0
guitarset/00_Rock2-85-F_comp_mix/track.npy,guitarset,1.0,0.7142857142857143,1.0,0.7142857142857143,0.9573559110361155,0.8775489844910042,1.0,0.923076923076923
guitarset/01_Rock1-130-A_comp_mix/track.npy,guitarset,0.5135135135135135,0.4444444444444444,0.5135135135135135,0.4444444444444444,0.7448120084793103,0.5287847950959191,0.7540983606557377,0.5333333333333333
guitarset/01_Rock2-142-D_comp_mix/track.npy,guitarset,1.0,1.0,1.0,1.0,0.939766417379744,0.9460100353147344,1.0,1.0
guitarset/01_SS1-100-C#_comp_mix/track.npy,guitarset,1.0,1.0,1.0,1.0,0.9645624477898898,0.9662392269832042,1.0,1.0
guitarset/01_SS2-88-F_comp_mix/track.npy,guitarset,0.04285714285714286,0.2,0.0,0.07142857142857142,0.36303193075180934,6.857370668561844e-08,0.41269841269841273,0.0
guitarset/01_SS3-84-Bb_comp_mix/track.npy,guitarset,0.9827586206896551,0.9333333333333333,0.9827586206896551,0.9333333333333333,0.8625173857450055,0.8423840460390224,0.9913043478260869,0.9655172413793104
guitarset/01_SS3-98-C_comp_mix/track.npy,guitarset,0.9821428571428571,0.9285714285714286,0.9821428571428571,0.9285714285714286,0.9087594960868925,0.8714600560775879,0.9909909909909909,0.962962962962963
guitarset/02_BN2-166-Ab_comp_mix/track.npy,guitarset,1.0,1.0,1.0,1.0,0.8828868796154856,0.8766281652434565,1.0,1.0
guitarset/02_Jazz1-130-D_comp_mix/track.npy,guitarset,0.9459459459459459,0.4444444444444444,0.9459459459459459,0.4444444444444444,0.8293130188055654,0.40743730185018506,0.9863013698630138,0.4444444444444444
guitarset/02_SS3-84-Bb_comp_mix/track.npy,guitarset,0.9655172413793104,0.7333333333333333,0.9655172413793104,0.7333333333333333,0.798840090922961,0.6960740409068232,0.9739130434782608,0.8275862068965518
guitarset/03_Jazz3-150-C_comp_mix/track.npy,guitarset,0.9607843137254902,0.5833333333333334,0.9607843137254902,0.5833333333333334,0.9252979619231471,0.5438758581581685,0.99009900990099,0.5833333333333334
guitarset/04_Funk3-98-A_comp_mix/track.npy,guitarset,1.0,1.0,1.0,1.0,0.9504635208506295,0.9468038113267074,1.0,1.0
guitarset/04_Jazz2-110-Bb_comp_mix/track.npy,guitarset,0.9074074074074074,0.6153846153846154,0.9074074074074074,0.6153846153846154,0.7108758017931344,0.5012668883033692,0.897196261682243,0.6923076923076923
guitarset/05_BN1-129-Eb_comp_mix/track.npy,guitarset,0.9736842105263158,0.5,0.9736842105263158,0.5,0.8661337992343029,0.4255324763657096,0.9866666666666666,0.5263157894736842
guitarset/05_BN3-119-G_comp_mix/track.npy,guitarset,0.9818181818181818,0.9285714285714286,0.9818181818181818,0.9285714285714286,0.7154931507896976,0.6691374444200475,0.9908256880733944,0.962962962962963
guitarset/05_Funk3-112-C#_comp_mix/track.npy,guitarset,0.9818181818181818,0.6428571428571429,0.9818181818181818,0.6428571428571429,0.9560238679717336,0.7212139538880697,0.9908256880733944,0.7407407407407408
guitarset/05_Jazz2-187-F#_comp_mix/track.npy,guitarset,0.94,0.75,0.94,0.75,0.8091548309236821,0.7194163939226895,0.9795918367346939,0.8333333333333334
guitarset/05_SS1-100-C#_comp_mix/track.npy,guitarset,0.0,0.6666666666666666,0.0,0.1111111111111111,0.3600992858154487,0.6417571592584286,0.3103448275862069,0.6666666666666667
guitarset/05_SS2-88-F_comp_mix/track.npy,guitarset,0.9824561403508771,0.9333333333333333,0.9824561403508771,0.9333333333333333,0.9261666737811636,0.896592479850898,0.9911504424778761,0.9655172413793104
hainsworth/hainsworth_006/track.npy,hainsworth,0.4715447154471545,0.4,0.2708333333333333,0.3225806451612903,0.67259489621984,0.4943618904087984,0.7721518987341772,0.6274509803921569
hainsworth/hainsworth_024/track.npy,hainsworth,0.672566371681416,0.5517241379310345,0.10576923076923077,0.13043478260869565,0.7187075379360723,0.6025767660293975,0.6708074534161491,0.5789473684210527
hainsworth/hainsworth_039/track.npy,hainsworth,1.0,1.0,1.0,1.0,0.9787969561371958,0.9700515408132296,1.0,1.0
hainsworth/hainsworth_047/track.npy,hainsworth,1.0,1.0,1.0,1.0,0.9798901811727377,0.9775603449684008,1.0,1.0
hainsworth/hainsworth_058/track.npy,hainsworth,0.9852941176470589,0.8823529411764706,0.9852941176470589,0.8823529411764706,0.8989058974572092,0.8669308538604463,0.9925925925925926,0.9411764705882353
hainsworth/hainsworth_069/track.npy,hainsworth,1.0,1.0,1.0,1.0,0.9723957634216411,0.9589479308006015,1.0,1.0
hainsworth/hainsworth_079/track.npy,hainsworth,0.9915254237288136,0.896551724137931,0.9915254237288136,0.896551724137931,0.9318572161635132,0.8394885097093119,0.9957446808510638,0.896551724137931
hainsworth/hainsworth_099/track.npy,hainsworth,1.0,1.0,1.0,1.0,0.8389050562208171,0.8792545288934819,1.0,1.0
hainsworth/hainsworth_108/track.npy,hainsworth,1.0,1.0,1.0,1.0,0.9615864813648778,0.9702108318424322,1.0,1.0
hainsworth/hainsworth_110/track.npy,hainsworth,0.9918032786885246,1.0,0.9918032786885246,1.0,0.9684174659972041,0.9610413148600248,0.9958847736625513,1.0
hainsworth/hainsworth_124/track.npy,hainsworth,0.7731958762886598,0.125,0.7731958762886598,0.0,0.6721199460302215,0.20057077265726297,0.8603351955307262,0.25531914893617025
hainsworth/hainsworth_130/track.npy,hainsworth,0.7755102040816326,0.375,0.7755102040816326,0.375,0.6266579127767511,0.47789589292354295,0.8131868131868131,0.65
hainsworth/hainsworth_144/track.npy,hainsworth,0.8717948717948718,0.6,0.0,0.6,0.16111723896049374,3.821016796199377e-05,0.0,0.0
hainsworth/hainsworth_151/track.npy,hainsworth,1.0,1.0,1.0,1.0,0.9807798475193223,0.9833803504413746,1.0,1.0
hainsworth/hainsworth_153/track.npy,hainsworth,1.0,1.0,1.0,1.0,0.9200562685680066,0.9091119678598059,1.0,1.0
hainsworth/hainsworth_156/track.npy,hainsworth,1.0,1.0,1.0,1.0,0.9504105964034509,0.9565361752393385,1.0,1.0
hainsworth/hainsworth_159/track.npy,hainsworth,1.0,1.0,1.0,1.0,0.98158245734829,0.9868486399361748,1.0,1.0
hainsworth/hainsworth_163/track.npy,hainsworth,1.0,1.0,1.0,1.0,0.9782220456106074,0.9793558192935213,1.0,1.0
hainsworth/hainsworth_177/track.npy,hainsworth,1.0,1.0,1.0,1.0,0.9735444611785411,0.9678396889810768,1.0,1.0
hainsworth/hainsworth_178/track.npy,hainsworth,1.0,1.0,1.0,1.0,0.94403790884083,0.9266555901580312,1.0,1.0
hainsworth/hainsworth_184/track.npy,hainsworth,1.0,1.0,1.0,1.0,0.9672807300826918,0.9606884916378391,1.0,1.0
hainsworth/hainsworth_197/track.npy,hainsworth,1.0,1.0,0.0,1.0,0.7960086916458691,0.9509183246152642,0.6666666666666666,1.0
hainsworth/hainsworth_210/track.npy,hainsworth,0.5669291338582677,0.5952380952380952,0.5669291338582677,0.5952380952380952,0.811338021204809,0.8194782850666439,0.8761061946902654,0.88
hainsworth/hainsworth_212/track.npy,hainsworth,1.0,1.0,1.0,1.0,0.9792273380277687,0.978089141516288,1.0,1.0
hainsworth/hainsworth_227/track.npy,hainsworth,0.8852459016393442,0.9,0.8852459016393442,0.9,0.9561017054181346,0.9505190510564197,0.9704641350210971,0.9655172413793104
hainsworth/hainsworth_231/track.npy,hainsworth,1.0,1.0,1.0,1.0,0.9803778799176072,0.9866793688426351,1.0,1.0
hainsworth/hainsworth_243/track.npy,hainsworth,0.8484848484848485,0.3103448275862069,0.08196721311475409,0.1,0.7200054549324514,0.46302881910483906,0.7021276595744682,0.4642857142857143
harmonix/0006_aint2proud2beg/track.npy,harmonix,1.0,1.0,1.0,1.0,0.9406367996269926,0.9391841418451634,1.0,1.0
harmonix/0018_bassdownlow/track.npy,harmonix,1.0,1.0,1.0,1.0,0.8947479883243334,0.9012780693722027,1.0,1.0
harmonix/0037_breakyourheart/track.npy,harmonix,0.9911894273127754,0.9122807017543859,0.9911894273127754,0.9122807017543859,0.7210834808215932,0.6885339839022553,0.9977924944812362,0.9298245614035088
harmonix/0042_callme/track.npy,harmonix,0.9932432432432432,0.9594594594594594,0.9932432432432432,0.9594594594594594,0.9435795250345917,0.923734338710953,0.9983079526226735,0.979591836734694
harmonix/0045_cantgetyououtofmyhead/track.npy,harmonix,1.0,1.0,1.0,1.0,0.8200017239858883,0.8083673484397019,1.0,1.0
harmonix/0050_clubcanthandleme/track.npy,harmonix,1.0,1.0,1.0,1.0,0.9355755261711829,0.9250369344734537,1.0,1.0
harmonix/0058_criticalacclaim/track.npy,harmonix,0.9806835066864784,0.6073619631901841,0.9806835066864784,0.6073619631901841,0.9496577809608192,0.6972197473443648,0.9903201787043932,0.7207792207792206
harmonix/0075_dontcha/track.npy,harmonix,0.9962121212121212,1.0,0.9962121212121212,1.0,0.9470837090699518,0.947816478855275,0.9981024667931689,1.0
harmonix/0078_donttouchme/track.npy,harmonix,0.989821882951654,0.98989898989899,0.989821882951654,0.98989898989899,0.9646543515112239,0.9685665249928502,0.9948849104859334,0.9949238578680203
harmonix/0101_galang/track.npy,harmonix,1.0,0.7407407407407407,1.0,0.2,0.9692460473367815,0.47273824841770795,1.0,0.2201834862385321
harmonix/0112_giveitup/track.npy,harmonix,0.9556313993174061,1.0,0.9556313993174061,1.0,0.5967873752810556,0.5997245293968493,0.9351535836177475,0.9594594594594594
harmonix/0115_gonnamakeyousweat/track.npy,harmonix,1.0,1.0,1.0,1.0,0.9671203516332885,0.9659745405436286,1.0,1.0
harmonix/0131_iamthebest/track.npy,harmonix,0.9933110367892977,0.8933333333333333,0.9933110367892977,0.8933333333333333,0.9496130612513588,0.8597923929763741,0.998324958123953,0.9066666666666666
harmonix/0149_johnnyguitar/track.npy,harmonix,0.9821882951653944,0.7021276595744681,0.9821882951653944,0.7021276595744681,0.9264107898929348,0.7261789091574414,0.9910141206675225,0.7826086956521738
harmonix/0156_lastnight/track.npy,harmonix,1.0,0.6461538461538462,1.0,0.3230769230769231,0.8867671242958635,0.4438799811650841,1.0,0.34108527131782945
harmonix/0160_likeag6/track.npy,harmonix,1.0,1.0,1.0,1.0,0.8521351741052149,0.8475433490282526,1.0,1.0
harmonix/0179_moveslikejagger/track.npy,harmonix,0.9947916666666666,0.9583333333333334,0.9947916666666666,0.9583333333333334,0.9612185875197555,0.9260246334912092,0.9973958333333334,0.96875
harmonix/0183_mynameisjonas/track.npy,harmonix,0.9080459770114943,0.7623762376237624,0.9080459770114943,0.7623762376237624,0.8530168372075939,0.622227296985328,0.9576763485477179,0.7000000000000001
harmonix/0199_numberofthebeast2/track.npy,harmonix,0.798196166854566,0.4729064039408867,0.798196166854566,0.4729064039408867,0.7830517900213247,0.5036503224230696,0.9106830122591945,0.5707070707070707
harmonix/0242_satisfaction/track.npy,harmonix,0.9924242424242424,0.6716417910447762,0.9924242424242424,0.23880597014925373,0.9492600428405085,0.4481770285754441,0.9961977186311787,0.25757575757575757
harmonix/0248_screamingfor/track.npy,harmonix,0.7497435897435898,0.4403292181069959,0.7497435897435898,0.4403292181069959,0.7622318496281787,0.5127475289105514,0.9272437599575145,0.6357308584686776
harmonix/0264_stereolove/track.npy,harmonix,0.9863813229571985,0.90625,0.9863813229571985,0.90625,0.9628748137751232,0.9030149471276548,0.990234375,0.9254901960784313
harmonix/0271_teachmehowtodougie/track.npy,harmonix,1.0,1.0,1.0,1.0,0.9616870795850907,0.9477287147459794,1.0,1.0
harmonix/0278_thatsthahomie/track.npy,harmonix,0.42663378545006164,0.43283582089552236,0.38160136286201024,0.43283582089552236,0.7819594171569222,0.6840020290264848,0.8056394763343404,0.7118644067796609
harmonix/0280_thedayitriedtolive/track.npy,harmonix,0.6877828054298643,0.18181818181818182,0.6877828054298643,0.18181818181818182,0.7928220000403006,0.29851384552014365,0.8941368078175896,0.35593220338983045
harmonix/0281_theedgeofglory/track.npy,harmonix,0.989100817438692,0.9565217391304348,0.989100817438692,0.9565217391304348,0.9573991540872802,0.9452716167800397,0.9945355191256832,0.9726775956284153
harmonix/0288_thewayiare/track.npy,harmonix,0.9786324786324786,0.9830508474576272,0.9786324786324786,0.9830508474576272,0.889137522712887,0.9047334902398879,0.9892008639308855,0.9914529914529915
harmonix/0290_thisishowwedoit/track.npy,harmonix,1.0,1.0,1.0,1.0,0.9361390643660873,0.9603899242374987,1.0,1.0
harmonix/0307_whatdoesntkillyou/track.npy,harmonix,0.9945054945054945,0.9560439560439561,0.9945054945054945,0.9560439560439561,0.9189915482290534,0.8874510219237475,0.9986244841815681,0.967032967032967
harmonix/0318_windup/track.npy,harmonix,1.0,0.9113924050632911,1.0,0.9113924050632911,0.8642129314739526,0.8105234286583568,1.0,0.9299363057324842
harmonix/0333_allday/track.npy,harmonix,0.9409448818897638,0.8125,0.9409448818897638,0.8125,0.8579529920014057,0.8316149766081498,0.9802371541501976,0.9105691056910569
harmonix/0339_aslongasyouloveme/track.npy,harmonix,0.9844961240310077,0.9365079365079365,0.9844961240310077,0.9365079365079365,0.9265877472953042,0.8790372322796676,0.98828125,0.9365079365079365
harmonix/0368_dontwakemeup/track.npy,harmonix,0.9950738916256158,0.9215686274509803,0.9950738916256158,0.9215686274509803,0.9507321756871315,0.8870590421391361,0.9975369458128078,0.935960591133005
harmonix/0398_goodtime/track.npy,harmonix,0.9827586206896551,0.9405940594059405,0.9827586206896551,0.9405940594059405,0.9307539836649518,0.8964565373832892,0.9900744416873448,0.9552238805970149
harmonix/0409_idontlikeyou/track.npy,harmonix,0.9961977186311787,1.0,0.9961977186311787,1.0,0.9445206409415404,0.9541114953958982,0.9980952380952381,1.0
harmonix/0424_justadream/track.npy,harmonix,0.9826086956521739,0.9425287356321839,0.9826086956521739,0.9425287356321839,0.9053610294508653,0.8825782553825459,0.991304347826087,0.9595375722543352
harmonix/0427_justthewayyouare/track.npy,harmonix,0.9894736842105263,0.9894736842105263,0.9894736842105263,0.9894736842105263,0.9569339134430302,0.9605984300691182,0.9947089947089947,0.9947089947089947
harmonix/0429_kissinu/track.npy,harmonix,0.98005698005698,0.9885057471264368,0.98005698005698,0.9885057471264368,0.9661200490637856,0.9700241618047595,0.9899280575539569,0.9942196531791908
harmonix/0435_lookatmenow/track.npy,harmonix,0.9693486590038314,0.9090909090909091,0.9693486590038314,0.9090909090909091,0.9270263357339177,0.8953770152938068,0.9710982658959537,0.9242424242424242
harmonix/0437_lovelikewoe/track.npy,harmonix,0.996551724137931,1.0,0.996551724137931,1.0,0.9769988002515656,0.9796243316394037,0.9982728842832469,1.0
harmonix/0442_lullaby/track.npy,harmonix,1.0,1.0,1.0,1.0,0.9524023579485013,0.947405357896053,1.0,1.0
harmonix/0443_magic/track.npy,harmonix,0.4474708171206226,0.4470588235294118,0.4474708171206226,0.3023255813953488,0.830613819220353,0.7607754660062847,0.8387824126268321,0.7383177570093458
harmonix/0448_mine/track.npy,harmonix,0.9954233409610984,0.9272727272727272,0.9954233409610984,0.9272727272727272,0.9534720298676675,0.8864138593592477,0.9988545246277205,0.9363636363636364
harmonix/0457_nothing/track.npy,harmonix,0.9705882352941176,0.8588235294117647,0.9705882352941176,0.8588235294117647,0.8958164925747275,0.8470785263195606,0.9881656804733727,0.9390243902439025
harmonix/0461_obsession/track.npy,harmonix,1.0,1.0,1.0,1.0,0.9793702190146079,0.9790441373032756,1.0,1.0
harmonix/0469_ordinaryworld/track.npy,harmonix,0.9780564263322884,0.9873417721518988,0.0,0.0,0.7450763744484614,0.7421156235196186,0.6617179215270413,0.6638297872340426
harmonix/0492_sm/track.npy,harmonix,0.998019801980198,0.9921259842519685,0.998019801980198,0.9921259842519685,0.963472595692916,0.9596667056807127,0.9990089197224975,0.9960474308300395
harmonix/0511_theonlyexception/track.npy,harmonix,0.9759862778730704,0.5982905982905983,0.9759862778730704,0.5982905982905983,0.8220933599380421,0.7370159378399094,0.9887640449438202,0.8558139534883721
harmonix/0522_turnupthemusic/track.npy,harmonix,0.9744680851063829,0.940677966101695,0.9744680851063829,0.940677966101695,0.9179964833703346,0.8923922911934666,0.9787234042553191,0.9491525423728814
harmonix/0523_ucanttouchthis/track.npy,harmonix,0.985480943738657,0.948905109489051,0.985480943738657,0.948905109489051,0.9562441611961143,0.9328282259590516,0.9926873857404023,0.9597069597069599
harmonix/0540_youandme/track.npy,harmonix,0.9933993399339934,1.0,0.9933993399339934,1.0,0.945474705029082,0.9438246243542961,0.9966887417218543,1.0
harmonix/0547_1901boflexdpassionpitremix/track.npy,harmonix,0.952808988764045,0.9375,0.952808988764045,0.9375,0.8959978530712325,0.8923509753888867,0.9693530079455165,0.963963963963964
harmonix/0549_515/track.npy,harmonix,0.9869281045751634,0.9210526315789473,0.9869281045751634,0.9210526315789473,0.9528782051828348,0.9043342896047505,0.9901639344262295,0.9342105263157895
harmonix/0553_alivefeatthegoodnatured/track.npy,harmonix,1.0,1.0,1.0,1.0,0.9148862141745473,0.9154053816894382,1.0,1.0
harmonix/0556_allaroundtheworld/track.npy,harmonix,0.9940711462450593,1.0,0.9940711462450593,1.0,0.6817006329758034,0.6828220616696687,0.9970267591674926,1.0
harmonix/0560_almostlovenow/track.npy,harmonix,0.9932203389830508,0.9594594594594594,0.9932203389830508,0.9594594594594594,0.9725963943683701,0.9471246477537225,0.9965986394557823,0.972972972972973
harmonix/0572_awake/track.npy,harmonix,0.9777777777777777,0.8791208791208791,0.9777777777777777,0.8791208791208791,0.9429676966234177,0.8742309254952735,0.9790794979079498,0.8950276243093923
harmonix/0576_barbrastreisand/track.npy,harmonix,0.988673139158576,0.8129032258064516,0.988673139158576,0.8129032258064516,0.9730416484746689,0.8464209535735913,0.9951456310679612,0.8627450980392156
harmonix/0593_blameitradioedit/track.npy,harmonix,0.9892761394101877,0.9893617021276596,0.9892761394101877,0.9893617021276596,0.9723063974730944,0.9677001157667562,0.9946091644204852,0.9946524064171123
harmonix/0599_boyfriend/track.npy,harmonix,1.0,0.0,1.0,0.0,0.9661152409102717,3.7097872566651082e-50,1.0,0.0
harmonix/0609_carryon/track.npy,harmonix,0.828,0.768595041322314,0.828,0.768595041322314,0.879472667349713,0.8650822405352557,0.9141675284384696,0.8995633187772927
harmonix/0613_celebrationbennybenassi/track.npy,harmonix,0.8657616892911011,0.6867469879518072,0.8657616892911011,0.6867469879518072,0.8501010268532229,0.608947092256902,0.8818181818181818,0.6303030303030304
harmonix/0620_closertands/track.npy,harmonix,0.9934497816593887,0.6695652173913044,0.9934497816593887,0.6695652173913044,0.974925733874731,0.7052197655959019,0.9967213114754099,0.719298245614035
harmonix/0631_curiosity/track.npy,harmonix,0.9557109557109557,0.9813084112149533,0.9557109557109557,0.9813084112149533,0.9355082157791236,0.9462495715266829,0.956826137689615,0.9671361502347416
harmonix/0632_cyclone/track.npy,harmonix,0.9928571428571429,1.0,0.9928571428571429,1.0,0.9745916934236036,0.9802540266667945,0.996415770609319,1.0
harmonix/0635_daynnite/track.npy,harmonix,0.9079497907949791,0.9166666666666666,0.9079497907949791,0.9166666666666666,0.8613765228014777,0.8170635335008382,0.9578059071729956,0.9243697478991596
harmonix/0652_drovemewild/track.npy,harmonix,1.0,1.0,1.0,1.0,0.9849317703690319,0.9808646999046974,1.0,1.0
harmonix/0669_fastforwardffwd/track.npy,harmonix,1.0,1.0,1.0,1.0,0.982005498896195,0.9820169335860912,1.0,1.0
harmonix/0674_feelsocloseextendedmix/track.npy,harmonix,1.0,0.9859154929577465,1.0,0.9859154929577465,0.9293003166789824,0.9003553456690258,1.0,0.9893992932862191
harmonix/0682_forever/track.npy,harmonix,0.977818853974122,0.9705882352941176,0.977818853974122,0.9705882352941176,0.9616766558882457,0.9594410692815826,0.9887850467289719,0.9888475836431226
harmonix/0691_givesyouhell/track.npy,harmonix,0.9940476190476191,0.8690476190476191,0.9940476190476191,0.8690476190476191,0.968848639202109,0.8577401865622623,0.9970238095238095,0.8862275449101796
harmonix/0697_goodlife/track.npy,harmonix,0.9796380090497737,0.963963963963964,0.9796380090497737,0.963963963963964,0.953270581586942,0.951618039517235,0.9897142857142857,0.9818181818181818
harmonix/0705_haditall/track.npy,harmonix,0.995260663507109,0.9811320754716981,0.995260663507109,0.9811320754716981,0.9731095136221072,0.9590756162949876,0.997624703087886,0.9904761904761905
harmonix/0708_haloradioedit/track.npy,harmonix,0.9965635738831615,1.0,0.9965635738831615,1.0,0.9712052538680305,0.9717308764013847,0.9982788296041308,1.0
harmonix/0711_heartheartheartbreak/track.npy,harmonix,1.0,1.0,1.0,1.0,0.9657305002893998,0.9640350645108252,1.0,1.0
harmonix/0713_heartofgoldnow/track.npy,harmonix,0.9977324263038548,0.8468468468468469,0.9977324263038548,0.8468468468468469,0.9706731251754371,0.8477602361189231,0.9988649262202043,0.8687782805429864
harmonix/0714_hell/track.npy,harmonix,0.9981515711645101,0.9926470588235294,0.9981515711645101,0.9926470588235294,0.9213534436383005,0.9111792577866958,0.9990749306197965,0.996309963099631
harmonix/0721_holdup/track.npy,harmonix,0.9914285714285714,1.0,0.9914285714285714,1.0,0.974584295481711,0.975945950142224,0.9956958393113342,1.0
harmonix/0739_ikissedagirl/track.npy,harmonix,0.9946808510638298,1.0,0.9946808510638298,1.0,0.9816963672973277,0.9848471611764517,0.9973333333333333,1.0
harmonix/0742_iknowyouwantme/track.npy,harmonix,0.9601063829787234,0.9361702127659575,0.9601063829787234,0.9361702127659575,0.8853439309184143,0.8628850135476973,0.9838274932614556,0.967741935483871
harmonix/0744_immabe/track.npy,harmonix,0.9669211195928753,0.9494949494949495,0.9669211195928753,0.9494949494949495,0.9152238608806857,0.895691821933429,0.9666666666666667,0.9387755102040816
harmonix/0751_inlovewithagirl/track.npy,harmonix,0.9925650557620818,1.0,0.9925650557620818,1.0,0.9531397123749905,0.9508056797328036,0.9981378026070763,1.0
harmonix/0760_iwannarock/track.npy,harmonix,1.0,1.0,1.0,1.0,0.9826291157120284,0.9855213298195843,1.0,1.0
harmonix/0761_iwant/track.npy,harmonix,0.9971590909090909,1.0,0.9971590909090909,1.0,0.9625149701939903,0.9589122071385551,0.9985775248933144,1.0
harmonix/0768_keepsgettinbetter/track.npy,harmonix,0.9893617021276596,0.9893617021276596,0.9893617021276596,0.9893617021276596,0.961118171323737,0.9608785209351427,0.9946524064171123,0.9946524064171123
harmonix/0784_lightweight/track.npy,harmonix,0.6571428571428571,0.35772357723577236,0.6571428571428571,0.35772357723577236,0.7200361968783663,0.4969764842603627,0.9054945054945055,0.5950413223140496
harmonix/0797_loveisgone/track.npy,harmonix,1.0,1.0,1.0,1.0,0.95079085754341,0.9493157070123748,1.0,1.0
harmonix/0799_lovesexmagic/track.npy,harmonix,0.9973821989528796,0.9375,0.9973821989528796,0.9375,0.9732677729878149,0.9220777271309842,0.9973821989528796,0.9528795811518324
harmonix/0806_mad/track.npy,harmonix,0.738255033557047,0.7162162162162162,0.738255033557047,0.7162162162162162,0.908830911905756,0.8622583186394711,0.926391382405745,0.8776978417266187
harmonix/0812_miserybimbo/track.npy,harmonix,0.9892984542211652,0.8229665071770335,0.9892984542211652,0.8229665071770335,0.9338034054864975,0.8230877061933974,0.9946396664681358,0.8759124087591241
harmonix/0814_mistake/track.npy,harmonix,0.989010989010989,1.0,0.0,0.0,0.8168065251816605,0.8213423391218413,0.6642066420664207,0.6699507389162561
harmonix/0817_morethanthis/track.npy,harmonix,0.9706959706959707,0.9411764705882353,0.9706959706959707,0.9411764705882353,0.9398933943246979,0.9234250356989756,0.9834254143646408,0.9705882352941176
harmonix/0820_mychickbad/track.npy,harmonix,0.9864864864864865,0.8513513513513513,0.9864864864864865,0.8513513513513513,0.9679350745745509,0.8541774923121939,0.9966101694915254,0.8783783783783784
harmonix/0841_obsessedcahill/track.npy,harmonix,0.9904240766073872,0.9890710382513661,0.9904240766073872,0.0,0.9743818750188801,0.48499424231308935,0.9951956074124915,0.0
harmonix/0844_ondirecting/track.npy,harmonix,0.9973333333333333,0.925531914893617,0.9973333333333333,0.925531914893617,0.9414032497752635,0.8898940294101051,0.9986648865153538,0.9411764705882354
harmonix/0846_onelove/track.npy,harmonix,0.9571428571428572,0.9512195121951219,0.9571428571428572,0.9512195121951219,0.9575918249415342,0.9518839305812282,0.9791666666666666,0.970954356846473
harmonix/0848_onething/track.npy,harmonix,0.9949874686716792,0.99,0.9949874686716792,0.99,0.5645636553346247,0.5703313531582909,0.9974874371859296,0.9949748743718593
harmonix/0853_outonthetown/track.npy,harmonix,0.9980276134122288,1.0,0.9980276134122288,1.0,0.9647254756756711,0.9650774007876699,0.9990128331688055,1.0
harmonix/0865_pocketfulofsunshine/track.npy,harmonix,0.9525316455696202,0.8481012658227848,0.9525316455696202,0.8481012658227848,0.7854335629588076,0.7072724620558477,0.9471999999999999,0.8717948717948718
harmonix/0872_readyfortheweekend/track.npy,harmonix,0.9958762886597938,0.9590163934426229,0.9958762886597938,0.9590163934426229,0.9842079053439163,0.9532886261308884,0.9989680082559339,0.9672131147540983
harmonix/0874_realize/track.npy,harmonix,0.8346938775510204,0.7317073170731707,0.8346938775510204,0.7317073170731707,0.9157919204925238,0.8494715828193471,0.9497326203208557,0.8839285714285714
harmonix/0892_saveyoutonight/track.npy,harmonix,0.9952038369304557,1.0,0.9952038369304557,1.0,0.6877157402050103,0.6981577445972802,0.9951923076923077,1.0
harmonix/0893_say/track.npy,harmonix,0.8562300319488818,0.7631578947368421,0.8562300319488818,0.7631578947368421,0.8081537907728856,0.7527714518385035,0.8780487804878049,0.8163265306122449
harmonix/0900_sexychickakon/track.npy,harmonix,1.0,1.0,1.0,1.0,0.9775268860444773,0.9780637099896293,1.0,1.0
harmonix/0916_sowhat/track.npy,harmonix,1.0,1.0,1.0,1.0,0.6884786040695137,0.7090112755761985,1.0,1.0
harmonix/0922_suffocate/track.npy,harmonix,0.971830985915493,0.8018867924528302,0.971830985915493,0.8018867924528302,0.9543760969197248,0.8180935432933141,0.9847238542890716,0.8436018957345972
harmonix/0938_thebusiness/track.npy,harmonix,0.8780487804878049,0.8852459016393442,0.004073319755600814,0.0,0.7440419811437828,0.6970800646686743,0.644718792866941,0.5901639344262295
harmonix/0948_thislove/track.npy,harmonix,0.9682539682539683,0.9493670886075949,0.9682539682539683,0.9493670886075949,0.9515640999579345,0.9381503626673461,0.9838709677419354,0.9743589743589742
harmonix/0952_tiktok/track.npy,harmonix,0.9896103896103896,1.0,0.9896103896103896,1.0,0.9257872881695933,0.9319874523964162,0.9947916666666666,1.0
harmonix/0968_walltowall/track.npy,harmonix,0.9793510324483776,0.9176470588235294,0.9793510324483776,0.9176470588235294,0.9713010195311227,0.9229528325219436,0.9895988112927191,0.9349112426035503
harmonix/0972_whatchasay/track.npy,harmonix,0.8101761252446184,0.7007874015748031,0.1032258064516129,0.08181818181818182,0.7137397584048926,0.6450719046489317,0.7073509015256587,0.6436781609195402
harmonix/0973_whateverittakes/track.npy,harmonix,0.9918032786885246,0.9836065573770492,0.9918032786885246,0.9836065573770492,0.9277129101458284,0.9269751272243012,0.9958847736625513,0.9917355371900827
harmonix/0978_whenigrowup/track.npy,harmonix,0.9840546697038725,0.45454545454545453,0.9840546697038725,0.45454545454545453,0.9691911267559902,0.4635339857921687,0.9908466819221969,0.4770642201834862
harmonix/0986_winner/track.npy,harmonix,0.9019607843137255,0.8876404494382022,0.9019607843137255,0.8876404494382022,0.8726237117490514,0.8275330170693203,0.9297752808988765,0.8764044943820225
hjdb/hjdb_Come_Back_2_Me/track.npy,hjdb,1.0,1.0,1.0,1.0,0.9665484587762185,0.9585646623762336,1.0,1.0
hjdb/hjdb_Dance_Factor/track.npy,hjdb,1.0,1.0,1.0,1.0,0.9798696965999846,0.9734282419240441,1.0,1.0
hjdb/hjdb_Drowning_In_Her/track.npy,hjdb,0.3700787401574803,0.4117647058823529,0.3700787401574803,0.0,0.615911205084648,0.25915582226187733,0.540084388185654,0.26666666666666666
hjdb/hjdb_Ecstatic_House/track.npy,hjdb,0.7831325301204819,0.85,0.7831325301204819,0.0,0.8271864745378091,0.3989663306234856,0.8414634146341464,0.0
hjdb/hjdb_Essence_Ep/track.npy,hjdb,1.0,1.0,1.0,1.0,0.9750662860354821,0.9831611911388541,1.0,1.0
hjdb/hjdb_Exodus_(When_The_Lion_Awakes)/track.npy,hjdb,1.0,1.0,1.0,1.0,0.9651096582722021,0.9681892116740952,1.0,1.0
hjdb/hjdb_Fearless_Wonder_(Remix)/track.npy,hjdb,0.9857142857142858,0.7777777777777778,0.9857142857142858,0.7777777777777778,0.9686345463512509,0.8244031880592778,0.9928571428571429,0.8450704225352113
hjdb/hjdb_Final_Conflict/track.npy,hjdb,1.0,1.0,1.0,1.0,0.9710899310674158,0.9744945776800825,1.0,1.0
hjdb/hjdb_Future_Funk/track.npy,hjdb,0.986013986013986,1.0,0.986013986013986,1.0,0.9730707255924829,0.9774206100545899,0.9929577464788732,1.0
hjdb/hjdb_How_Should_I_Start/track.npy,hjdb,0.9886363636363636,0.9545454545454546,0.9886363636363636,0.9545454545454546,0.9703379217504828,0.956999074050687,0.9942857142857142,0.9767441860465117
hjdb/hjdb_Johnny_94_(Origin_Unkown_Remix)/track.npy,hjdb,1.0,1.0,1.0,1.0,0.9801270322682519,0.9853231901700484,1.0,1.0
hjdb/hjdb_Mr._Logic/track.npy,hjdb,1.0,1.0,1.0,1.0,0.9835976185901488,0.988286817807802,1.0,1.0
hjdb/hjdb_Never_Try_The_Hippodrome_(Remix)/track.npy,hjdb,1.0,1.0,1.0,1.0,0.9765812429316478,0.9825253136544456,1.0,1.0
hjdb/hjdb_Oh_So_Nice/track.npy,hjdb,1.0,1.0,1.0,1.0,0.9569967015123206,0.9475816664355213,1.0,1.0
hjdb/hjdb_Slow_Jam/track.npy,hjdb,1.0,1.0,1.0,1.0,0.9740001334881225,0.9728633557111686,1.0,1.0
hjdb/hjdb_Street_Knowledge/track.npy,hjdb,0.9911504424778761,1.0,0.9911504424778761,1.0,0.9755206647298829,0.983877181385772,0.9955555555555555,1.0
hjdb/hjdb_Summer_Breeze/track.npy,hjdb,1.0,1.0,1.0,1.0,0.9838491203561984,0.9847957010619741,1.0,1.0
hjdb/hjdb_Sweet_Vibrations/track.npy,hjdb,1.0,1.0,1.0,1.0,0.9824061028862422,0.981559646597548,1.0,1.0
hjdb/hjdb_T-N-T/track.npy,hjdb,1.0,1.0,1.0,1.0,0.9753379024722096,0.9727734684654163,1.0,1.0
hjdb/hjdb_Tales_From_The_Darkside/track.npy,hjdb,1.0,1.0,1.0,1.0,0.9772387753264152,0.9771974141702578,1.0,1.0
hjdb/hjdb_Tales_From_The_Darkside_2/track.npy,hjdb,0.995,0.98,0.995,0.98,0.9805475098832382,0.9590734732419448,0.9974937343358395,0.98
hjdb/hjdb_The_Criminal/track.npy,hjdb,1.0,1.0,1.0,1.0,0.9701115466341238,0.979757991640277,1.0,1.0
hjdb/hjdb_The_Grand_National_(DJ_SS_and_EQ_Remix)/track.npy,hjdb,1.0,1.0,1.0,1.0,0.9671171574469216,0.972538028925096,1.0,1.0
hjdb/hjdb_The_Way_(VIP_Mix)/track.npy,hjdb,0.984,0.8709677419354839,0.984,0.8709677419354839,0.9717362283617889,0.8831701602170389,0.9959839357429718,0.9032258064516129
hjdb/hjdb_Unfriendly/track.npy,hjdb,0.9019607843137255,1.0,0.9019607843137255,1.0,0.91536229527093,0.9003258497566021,0.9306930693069307,0.9166666666666666
hjdb/hjdb_United/track.npy,hjdb,1.0,1.0,1.0,1.0,0.9801497173353823,0.9825767221069633,1.0,1.0
hjdb/hjdb_United_(Grooverider_Remix)/track.npy,hjdb,1.0,1.0,1.0,1.0,0.9808445733260784,0.9729235191298492,1.0,1.0
hjdb/hjdb_Until_The_Night_Is_Morning/track.npy,hjdb,1.0,1.0,1.0,1.0,0.9782596687306456,0.9745458688369928,1.0,1.0
hjdb/hjdb_What_Kind_of_World/track.npy,hjdb,1.0,1.0,1.0,1.0,0.9786130536247545,0.9756556843249385,1.0,1.0
jaah/jaah_001-sarah_vaughan-all_alone/track.npy,jaah,0.9586206896551724,0.7361111111111112,0.9586206896551724,0.7361111111111112,0.9236221697711741,0.7094196958705653,0.9806678383128296,0.7552447552447553
jaah/jaah_009-sidney_bechets_blue_note_jazzmen-blue_horizon/track.npy,jaah,0.9857142857142858,0.5714285714285714,0.9857142857142858,0.5714285714285714,0.9067574315435519,0.6714535414599931,0.9784172661870504,0.7210884353741497
jaah/jaah_021-the_clifford_brownmax_roach_quintet-daahoud/track.npy,jaah,0.727854855923159,0.6127659574468085,0.727854855923159,0.6127659574468085,0.7338550067542626,0.6676282267484425,0.8155759870200108,0.7388235294117648
jaah/jaah_034-thelonious_monk-evidence/track.npy,jaah,0.6919191919191919,0.6363636363636364,0.6919191919191919,0.6363636363636364,0.8686611502035051,0.7609732467024601,0.8970189701897019,0.7934782608695652
jaah/jaah_038-bix_beiderbecke_paul_whiteman_and_his_orchestra-from_monday_on/track.npy,jaah,0.9195979899497487,0.7755102040816326,0.9195979899497487,0.7755102040816326,0.9118006421741855,0.835607926203721,0.9637130801687763,0.8683274021352313
jaah/jaah_040-stan_getz_joao_gilberto_antonio_carlos_jobim-the_girl_from_ipanema/track.npy,jaah,0.4472573839662447,0.7383720930232558,0.3813682678311499,0.7383720930232558,0.6780253486309515,0.7189195537048123,0.8165374677002585,0.8703703703703705
jaah/jaah_045-billie_holiday-hes_funny_that_way/track.npy,jaah,1.0,1.0,1.0,1.0,0.9737753368064762,0.9815693922172879,1.0,1.0
jaah/jaah_053-louis_armstrong_his_orchestra-i_gotta_right_to_sing_the_blues/track.npy,jaah,0.9941348973607038,0.9883720930232558,0.9941348973607038,0.9883720930232558,0.8049399825782725,0.7999690859651275,0.986784140969163,0.9941520467836257
jaah/jaah_059-duke_ellington_and_his_famous_orchestra-koko/track.npy,jaah,0.9604938271604938,0.9901960784313726,0.9604938271604938,0.9901960784313726,0.7742793570678443,0.7374104775330257,0.9888751545117429,0.9852216748768472
jaah/jaah_064-dizzy_gillespie_and_his_orchestra-manteca/track.npy,jaah,0.8158914728682171,0.6976744186046512,0.8158914728682171,0.6976744186046512,0.7608789852938329,0.6326763120173802,0.9105367793240557,0.753968253968254
jaah/jaah_076-charlie_parker-oh_lady_be_good_feat_jazz_at_the_philharmonic/track.npy,jaah,0.9929906542056075,0.6822429906542056,0.9929906542056075,0.6822429906542056,0.9471935608844351,0.6770799225699944,0.9964912280701754,0.7136150234741783
jaah/jaah_084-gene_krupa_and_his_orchestra-rockin_chair/track.npy,jaah,0.77734375,0.75,0.77734375,0.75,0.7126537540038249,0.704017278916715,0.8652173913043478,0.8347826086956521
jaah/jaah_089-sonny_rollins-st_thomas/track.npy,jaah,0.7429359062715368,0.6988950276243094,0.7429359062715368,0.6988950276243094,0.7263774584916187,0.682629367552461,0.92901346923917,0.8781954887218045
jaah/jaah_103-the_gerry_mulligan_quartet_chet_baker-walkin_shoes/track.npy,jaah,1.0,0.82,1.0,0.82,0.833535166204369,0.6919907032445609,1.0,0.83
rwc/rwc_classical_CD2_02/track.npy,rwc_classical,0.7165217391304348,0.3888888888888889,0.004347826086956522,0.0,0.6755979582374407,0.5216029447900774,0.5951515151515152,0.5658536585365853
rwc/rwc_classical_CD3_04/track.npy,rwc_classical,0.7682242990654206,0.47752808988764045,0.7682242990654206,0.47752808988764045,0.6280283186837775,0.46237731061212256,0.82319391634981,0.6158536585365854
rwc/rwc_classical_CD4_05/track.npy,rwc_classical,0.9864864864864865,0.47368421052631576,0.9864864864864865,0.47368421052631576,0.8958170102495747,0.5175256712831544,0.9931972789115647,0.5405405405405405
rwc/rwc_classical_CD4_06/track.npy,rwc_classical,0.5402298850574713,0.10810810810810811,0.5402298850574713,0.0,0.7230563555220075,0.3152413427293104,0.7947882736156351,0.35714285714285715
rwc/rwc_classical_CD5_12/track.npy,rwc_classical,0.9712643678160919,0.9827586206896551,0.9712643678160919,0.9827586206896551,0.9318226771935201,0.9642665486549369,0.9737609329446064,0.9913043478260869
rwc/rwc_classical_CD6_04/track.npy,rwc_classical,0.8789144050104384,0.5541666666666667,0.8789144050104384,0.5541666666666667,0.6765593074709377,0.562186398449298,0.8982161594963273,0.7660550458715596
rwc/rwc_classical_CD6_14/track.npy,rwc_classical,0.84251968503937,0.6385542168674698,0.84251968503937,0.6385542168674698,0.7580192323505477,0.641578550126256,0.9101796407185628,0.7547169811320756
rwc/rwc_jazz_CD1_01/track.npy,rwc_jazz,0.2,0.09523809523809523,0.2,0.032,0.28638798592889314,0.11414538702859012,0.31319910514541394,0.11363636363636365
rwc/rwc_jazz_CD1_05/track.npy,rwc_jazz,0.32407407407407407,0.2962962962962963,0.32407407407407407,0.2962962962962963,0.4149049437982781,0.38767804258838556,0.5205992509363296,0.44970414201183434
rwc/rwc_jazz_CD2_05/track.npy,rwc_jazz,0.7945205479452054,0.7786885245901639,0.7945205479452054,0.7786885245901639,0.7635052066663298,0.7340951922603066,0.8723098995695839,0.8558951965065501
rwc/rwc_jazz_CD3_06/track.npy,rwc_jazz,0.8031809145129225,0.8810572687224669,0.0,0.009174311926605505,0.7135812753588506,0.7071759765163155,0.6191780821917808,0.6204819277108433
rwc/rwc_jazz_CD4_03/track.npy,rwc_jazz,0.444141689373297,0.7608695652173914,0.375,0.7608695652173914,0.6666879099282064,0.6882204870772841,0.8035714285714285,0.8522727272727273
rwc/rwc_jazz_CD4_07/track.npy,rwc_jazz,0.9671875,0.9567901234567902,0.9671875,0.9567901234567902,0.9034700076681715,0.9007074937341267,0.9849564528899446,0.971608832807571
rwc/rwc_jazz_CD4_14/track.npy,rwc_jazz,0.9393939393939394,0.7571428571428571,0.9393939393939394,0.7571428571428571,0.8864224312100827,0.6893646004509978,0.9659442724458205,0.7681159420289856
rwc/rwc_popular_CD1_05/track.npy,rwc_popular,0.9855670103092784,0.9917355371900827,0.9855670103092784,0.9917355371900827,0.963253146471067,0.9653052602497105,0.9927461139896373,0.995850622406639
rwc/rwc_popular_CD1_06/track.npy,rwc_popular,1.0,0.9292929292929293,1.0,0.9292929292929293,0.9670978287975079,0.9118839336276519,1.0,0.9441624365482234
rwc/rwc_popular_CD1_12/track.npy,rwc_popular,0.9445910290237467,0.7789473684210526,0.9445910290237467,0.7789473684210526,0.9198215510556071,0.8261968688322815,0.9854304635761589,0.8524590163934427
rwc/rwc_popular_CD1_14/track.npy,rwc_popular,0.9698795180722891,0.7831325301204819,0.9698795180722891,0.7831325301204819,0.9726373383662196,0.8436296221343564,0.989345509893455,0.8553459119496855
rwc/rwc_popular_CD2_03/track.npy,rwc_popular,0.9983498349834984,0.993421052631579,0.9983498349834984,0.993421052631579,0.9833788186862981,0.9803841433086399,0.9991742361684558,0.9966996699669968
rwc/rwc_popular_CD2_11/track.npy,rwc_popular,0.9921259842519685,0.9559748427672956,0.9921259842519685,0.9559748427672956,0.9723317230930678,0.9584835159274536,0.995260663507109,0.9746835443037974
rwc/rwc_popular_CD3_02/track.npy,rwc_popular,0.6770833333333334,0.3333333333333333,0.6770833333333334,0.3333333333333333,0.8473629647834741,0.44199700976706435,0.9077212806026366,0.4678899082568807
rwc/rwc_popular_CD3_06/track.npy,rwc_popular,0.40827338129496404,0.26153846153846155,0.22661870503597123,0.08396946564885496,0.4150234748404812,0.10183740314678029,0.3659889094269871,0.11111111111111112
rwc/rwc_popular_CD3_08/track.npy,rwc_popular,0.997716894977169,0.990909090909091,0.997716894977169,0.990909090909091,0.9844660981181119,0.9811673423354834,0.9988571428571429,0.995433789954338
rwc/rwc_popular_CD3_09/track.npy,rwc_popular,0.78515625,0.421875,0.78515625,0.421875,0.9160658454662602,0.660741974812642,0.94129763130793,0.6757990867579908
rwc/rwc_popular_CD4_02/track.npy,rwc_popular,0.9885714285714285,0.5227272727272727,0.0,0.005714285714285714,0.8108589627498837,0.6196151618712061,0.663489037178265,0.633587786259542
rwc/rwc_popular_CD6_02/track.npy,rwc_popular,0.997907949790795,0.9916666666666667,0.997907949790795,0.9916666666666667,0.8016262738810973,0.7931240347022758,0.9738219895287958,0.9539748953974896
rwc/rwc_royalty-free_CD1_02/track.npy,rwc_royalty-free,0.9138755980861244,0.7307692307692307,0.9138755980861244,0.7307692307692307,0.8079249929080997,0.7235309392364079,0.9496402877697842,0.845360824742268
rwc/rwc_royalty-free_CD1_03/track.npy,rwc_royalty-free,0.9471153846153846,0.5961538461538461,0.9471153846153846,0.5961538461538461,0.7968724629025742,0.6299480151131329,0.953771289537713,0.7789473684210527
simac/simac_A_vida_me_fez_assim_12-Lavoura/track.npy,simac,1.0,0.0,1.0,0.0,0.9632260557680642,0.0,1.0,0.0
simac/simac_A_vida_me_fez_assim_15-Portela/track.npy,simac,0.9583333333333334,0.0,0.9583333333333334,0.0,0.8511440524624599,0.0,0.9583333333333334,0.0
simac/simac_Alfagamabetizado_08-O_Bode/track.npy,simac,0.9629629629629629,0.0,0.9629629629629629,0.0,0.7325075377543483,0.0,0.9433962264150944,0.0
simac/simac_Alfagamabetizado_09-Comunidade-Lobos/track.npy,simac,1.0,0.0,1.0,0.0,0.9636552279282806,0.0,1.0,0.0
simac/simac_Alfagamabetizado_12-Seo_Ze/track.npy,simac,0.9411764705882353,0.0,0.0,0.0,0.7796085741231538,0.0,0.6530612244897959,0.0
simac/simac_Amber_03-Silverside/track.npy,simac,0.8846153846153846,0.0,0.8846153846153846,0.0,0.8444070129226013,0.0,0.9600000000000001,0.0
simac/simac_As_Time_Goes_By_01-as_time_goes_by/track.npy,simac,0.8571428571428571,0.0,0.8571428571428571,0.0,0.7693429512840022,0.0,0.9500000000000001,0.0
simac/simac_As_Time_Goes_By_04-theres_a_small_hotel/track.npy,simac,0.96,0.0,0.96,0.0,0.875907146071843,0.0,0.9795918367346939,0.0
simac/simac_Bach_The_Well-Tempered_Clavier_II_(Disc_1)_08-Prelude_and_Fugue_No._4_in_C-sharp_minor_BWV_873_-_2._Fuga/track.npy,simac,0.95,0.0,0.95,0.0,0.9443270326398843,0.0,0.9743589743589743,0.0
simac/simac_Bach_The_Well-Tempered_Clavier_II_(Disc_1)_09-Prelude_and_Fugue_No._5_in_D_major_BWV_874_-_1._Praeludium/track.npy,simac,0.9444444444444444,0.0,0.9444444444444444,0.0,0.9316912341117571,0.0,0.9714285714285714,0.0
simac/simac_Bach_The_Well-Tempered_Clavier_II_(Disc_1)_24-Prelude_and_Fugue_No._12_in_F_minor_BWV_881_-_2._Fuga/track.npy,simac,0.7333333333333333,0.0,0.7333333333333333,0.0,0.854208657157372,0.0,0.912280701754386,0.0
simac/simac_Bach_The_Well-Tempered_Clavier_II_(Disc_2)_03-Prelude_and_Fugue_No._14_F-sharp_minor_BWV_883_-_1._Praeludium/track.npy,simac,0.85,0.0,0.85,0.0,0.9061885956849443,0.0,0.9473684210526316,0.0
simac/simac_Bach_The_Well-Tempered_Clavier_II_(Disc_2)_12-Prelude_and_Fugue_No._18_G-sharp_minor_BWV_887_-_2._Fuga/track.npy,simac,0.4090909090909091,0.0,0.4090909090909091,0.0,0.6451444422421533,0.0,0.6666666666666667,0.0
simac/simac_Bach_The_Well-Tempered_Clavier_II_(Disc_2)_14-Prelude_and_Fugue_No._19_A_major_BWV_888_-_2._Fuga/track.npy,simac,0.8888888888888888,0.0,0.8888888888888888,0.0,0.8626491656561804,0.0,0.9056603773584906,0.0
simac/simac_Beethoven_The_String_Quartets_-_CD_3_02-II_Allegretto_vivace_e_sempre_scherzando/track.npy,simac,0.5348837209302325,0.0,0.5348837209302325,0.0,0.7492931207974419,0.0,0.8157894736842105,0.0
simac/simac_Beethoven_The_String_Quartets_-_CD_3_04-IV_Theme_russe-_Allegro/track.npy,simac,0.4838709677419355,0.0,0.4838709677419355,0.0,0.7987982692022085,0.0,0.8518518518518519,0.0
simac/simac_Bela_Bartok_03-The_Miraculous_Mandarin_3_2nd_Decoy_Game/track.npy,simac,0.15,0.0,0.15,0.0,0.27579017511685716,0.0,0.26666666666666666,0.0
simac/simac_Bernstein_conducts_Stravinsky_17-Scene_2-_Petrushka_s_room/track.npy,simac,0.85,0.0,0.85,0.0,0.7095036666753066,0.0,0.8108108108108107,0.0
simac/simac_Bernstein_conducts_Stravinsky_20-Scene_4-_The_Shrovetie_fair_toward_evening_/track.npy,simac,0.0,0.0,0.0,0.0,0.10356278046154976,0.0,0.08695652173913045,0.0
simac/simac_Bernstein_conducts_Stravinsky_23-The_jovial_merchant_with_two_gypsy_girls/track.npy,simac,0.75,0.0,0.75,0.0,0.48101321952267034,0.0,0.6486486486486486,0.0
simac/simac_Billie_Holiday_CD1_01-Summertime/track.npy,simac,1.0,0.0,1.0,0.0,0.7849880055304296,0.0,0.92,0.0
simac/simac_Classic_Pergolesi_-_Stabat_Mater_02/track.npy,simac,0.0,0.0,0.0,0.0,0.21190420471516347,0.0,0.23529411764705882,0.0
simac/simac_Concert_01-Concerto_en_La_Majeur_pour_deux_Violons_A_Scordatura_et_basse_continue._Affetuoso/track.npy,simac,0.8,0.0,0.8,0.0,0.7201960558383721,0.0,0.8108108108108107,0.0
simac/simac_Concert_11-3._Dolce/track.npy,simac,0.9565217391304348,0.0,0.9565217391304348,0.0,0.7482250165413137,0.0,0.8695652173913043,0.0
simac/simac_Ella_&_Louis_07-Taking_A_Chance_On_Love/track.npy,simac,0.5294117647058824,0.0,0.5294117647058824,0.0,0.6416422121397628,0.0,0.8000000000000002,0.0
simac/simac_Ella_&_Louis_13-Holiday_In_Harlem/track.npy,simac,1.0,0.0,1.0,0.0,0.7088577171570007,0.0,0.9523809523809523,0.0
simac/simac_Ella_&_Louis_17-Three_Little_Words/track.npy,simac,0.4,0.0,0.09523809523809523,0.0,0.3489748692447474,0.0,0.25641025641025644,0.0
simac/simac_Eres_luz_01-Eres_luz_(Rumba)/track.npy,simac,1.0,0.0,1.0,0.0,0.752992353262109,0.0,1.0,0.0
simac/simac_Eventail_07_Romanza_Del_Pescador/track.npy,simac,0.5555555555555556,0.0,0.13333333333333333,0.0,0.6009647923251253,0.0,0.6666666666666667,0.0
simac/simac_Eventail_09-Asturias/track.npy,simac,0.0,0.0,0.0,0.0,0.2504526059954115,0.0,0.3333333333333333,0.0
simac/simac_Fado_10-AudioTrack_10/track.npy,simac,1.0,0.0,1.0,0.0,0.9036038581921503,0.0,1.0,0.0
simac/simac_Fight_To_Win_02-Walk_on_the_right_side/track.npy,simac,0.2,0.0,0.2,0.0,0.25047201790048784,0.0,0.25641025641025644,0.0
simac/simac_Gold_-_Greatest_Hits_09-Money_Money_Money/track.npy,simac,0.9666666666666667,0.0,0.9666666666666667,0.0,0.8995696378148564,0.0,0.983050847457627,0.0
simac/simac_Kocani_Orkester_03._Romski_Cocek/track.npy,simac,0.96875,0.0,0.96875,0.0,0.8575232734201265,0.0,0.9841269841269841,0.0
simac/simac_Ludwid_van_Beethoven_02-II._Adagio_ma_non_troppo_e_molto_cantabile_-_Andante_con_moto_-_Adagio_molto_espressivo/track.npy,simac,0.5454545454545454,0.0,0.5454545454545454,0.0,0.6572237930900813,0.0,0.8421052631578948,0.0
simac/simac_Niandra_LaDes_and_Usually_Just_a_T-Shirt_14-Usually_Just_a_T-Shirt_Untitled_2/track.npy,simac,0.9047619047619048,0.0,0.9047619047619048,0.0,0.7892502891573304,0.0,0.9047619047619048,0.0
simac/simac_Niandra_LaDes_and_Usually_Just_a_T-Shirt_16-Usually_Just_a_T-Shirt_Untitled_4/track.npy,simac,0.8666666666666667,0.0,0.0,0.0,0.6830298871514353,0.0,0.5909090909090909,0.0
simac/simac_Papakonstantinou_07-AudioTrack_07/track.npy,simac,1.0,0.0,1.0,0.0,0.8987372137700081,0.0,1.0,0.0
simac/simac_Papakonstantinou_13-AudioTrack_13/track.npy,simac,0.88,0.0,0.0,0.0,0.5596896170232317,0.0,0.5405405405405406,0.0
simac/simac_Papakonstantinou_16-AudioTrack_16/track.npy,simac,0.9090909090909091,0.0,0.9090909090909091,0.0,0.7853970764582068,0.0,0.9302325581395349,0.0
simac/simac_Primer_Aliento_01-Sintonia_del_refugio_atomico/track.npy,simac,1.0,0.0,1.0,0.0,0.9791222917938885,0.0,1.0,0.0
simac/simac_Primer_Aliento_17-Selector_de_frecuencias/track.npy,simac,0.925,0.0,0.0,0.0,0.7903653999921791,0.0,0.6440677966101694,0.0
simac/simac_R.A.F.I_01-Assassin/track.npy,simac,0.09523809523809523,0.0,0.0,0.0,0.08574197676769779,0.0,0.0,0.0
simac/simac_R.A.F.I_02-Change/track.npy,simac,0.9024390243902439,0.0,0.9024390243902439,0.0,0.8389331999168063,0.0,0.975,0.0
simac/simac_R.A.F.I_04-Buzzing/track.npy,simac,0.07142857142857142,0.0,0.0,0.0,0.06917159169840892,0.0,0.06349206349206349,0.0
simac/simac_R.A.F.I_09-Naxalite/track.npy,simac,1.0,0.0,1.0,0.0,0.9270964253061446,0.0,1.0,0.0
simac/simac_Santana_02-El_Corazon_Manada/track.npy,simac,0.6470588235294118,0.0,0.20689655172413793,0.0,0.7583998489069375,0.0,0.7391304347826086,0.0
simac/simac_So_Cartola_05-Fiz_por_Voce_o_que_Pude/track.npy,simac,0.8055555555555556,0.0,0.8055555555555556,0.0,0.8332287047318614,0.0,0.9411764705882353,0.0
simac/simac_So_Cartola_06-O_Inverno_do_Meu_Tempo/track.npy,simac,0.8,0.0,0.8,0.0,0.7309892287826107,0.0,0.8813559322033899,0.0
simac/simac_So_Cartola_07-Tive_Sim/track.npy,simac,0.7083333333333334,0.0,0.0,0.0,0.31668006138498195,0.0,0.0,0.0
simac/simac_Songs_Adalberto_(Adalberto_Alvarez_y_su_son)_-_Pura_imagen/track.npy,simac,0.9545454545454546,0.0,0.9545454545454546,0.0,0.7713889097147768,0.0,0.9767441860465117,0.0
simac/simac_Songs_Caledonia_Blues_Band_-_Burning_Heart/track.npy,simac,0.90625,0.0,0.90625,0.0,0.771266842355322,0.0,0.967741935483871,0.0
simac/simac_Tales_Of_Mystery_And_Imagination_01-A_Dream_Within_A_Dream/track.npy,simac,0.9545454545454546,0.0,0.9545454545454546,0.0,0.8087357265073971,0.0,0.9767441860465117,0.0
simac/simac_Tales_Of_Mystery_And_Imagination_09-The_Fall_Of_The_House_Of_Usher_IV_Pavane/track.npy,simac,0.1,0.0,0.1,0.0,0.24995417075413842,0.0,0.28571428571428575,0.0
simac/simac_Tanto_Tempo_02-August_Day_Song/track.npy,simac,0.9259259259259259,0.0,0.9259259259259259,0.0,0.7649619079165174,0.0,0.8846153846153846,0.0
simac/simac_The_Art_of_Spanish_Guitar_04-Sojo_Guaso/track.npy,simac,0.06666666666666667,0.0,0.06666666666666667,0.0,0.2799409709111093,0.0,0.28571428571428575,0.0
simac/simac_The_Crackdown_10-Diskono/track.npy,simac,1.0,0.0,1.0,0.0,0.9493047170589141,0.0,1.0,0.0
simac/simac_Xatzidakis_05-AudioTrack_05/track.npy,simac,0.4117647058823529,0.0,0.4117647058823529,0.0,0.5159781056848579,0.0,0.7142857142857143,0.0
simac/simac_Xatzidakis_08-AudioTrack_08/track.npy,simac,0.9393939393939394,0.0,0.9393939393939394,0.0,0.8344815366224462,0.0,0.9846153846153847,0.0
simac/simac_Xatzidakis_12-AudioTrack_12/track.npy,simac,1.0,0.0,1.0,0.0,0.8399204383913852,0.0,1.0,0.0
simac/simac_Xatzidakis_16-AudioTrack_16/track.npy,simac,0.0,0.0,0.0,0.0,0.35989251545803913,0.0,0.43750000000000006,0.0
simac/simac_Xatzidakis_19-AudioTrack_19/track.npy,simac,1.0,0.0,1.0,0.0,0.8011455530934829,0.0,1.0,0.0
simac/simac_aire_04-La_Vida_Sale/track.npy,simac,1.0,0.0,1.0,0.0,0.8758186799607555,0.0,1.0,0.0
simac/simac_blues_roots_wednesday_night_prayer_meeting/track.npy,simac,0.5151515151515151,0.0,0.5151515151515151,0.0,0.4647351826487508,0.0,0.5714285714285713,0.0
simac/simac_greek_Gkoles_-_S_ena_apokrimno_akrogiali/track.npy,simac,1.0,0.0,1.0,0.0,0.8935287617898657,0.0,1.0,0.0
simac/simac_more_greek_04_H_Stamoula/track.npy,simac,0.8461538461538461,0.0,0.0,0.0,0.7208759294240628,0.0,0.6,0.0
simac/simac_more_greek_Giannakopoulou_-_O_kipos_empaine_sti_8alassa/track.npy,simac,1.0,0.0,1.0,0.0,0.9177440152528508,0.0,1.0,0.0
simac/simac_more_greek_Gkoles_-_Filenaditsa_mou/track.npy,simac,0.9166666666666666,0.0,0.9166666666666666,0.0,0.9004027982186444,0.0,0.9787234042553191,0.0
simac/simac_more_greek_Ksylouris_-_Htane_mia_fora/track.npy,simac,0.8666666666666667,0.0,0.8666666666666667,0.0,0.6688145736702275,0.0,0.8000000000000002,0.0
simac/simac_more_greek_Ksylouris_-_Pote_8a_kanei_ksasteria/track.npy,simac,0.3333333333333333,0.0,0.0,0.0,0.45764328002913185,0.0,0.5882352941176471,0.0
simac/simac_more_greek_Mosxoliou_-_Ta_deilina/track.npy,simac,1.0,0.0,1.0,0.0,0.6250859565283586,0.0,0.8461538461538461,0.0
simac/simac_more_greek_Mpellou_-_Peftoun_tis_vroxis_oi_stales/track.npy,simac,0.7058823529411765,0.0,0.7058823529411765,0.0,0.8276995595864972,0.0,0.9032258064516129,0.0
simac/simac_more_greek_Vamvakaris_-_Fragkosyriani/track.npy,simac,1.0,0.0,1.0,0.0,0.8285140210745215,0.0,1.0,0.0
simac/simac_selected_ambient_works_8592_green_calx/track.npy,simac,0.896551724137931,0.0,0.0,0.0,0.4050860431761589,0.0,0.0,0.0
smc/smc_028/track.npy,smc,0.5806451612903226,0.0,0.0,0.0,0.3946686986375539,0.0,0.4395604395604396,0.0
smc/smc_061/track.npy,smc,0.5652173913043478,0.0,0.5652173913043478,0.0,0.5117966972932887,0.0,0.6842105263157895,0.0
smc/smc_071/track.npy,smc,1.0,0.0,1.0,0.0,0.6846089129630654,0.0,0.9130434782608695,0.0
smc/smc_093/track.npy,smc,0.5921052631578947,0.0,0.5921052631578947,0.0,0.6557854528732651,0.0,0.7737226277372262,0.0
smc/smc_101/track.npy,smc,0.06666666666666667,0.0,0.01694915254237288,0.0,0.38421293848481936,0.0,0.48101265822784806,0.0
smc/smc_116/track.npy,smc,0.03333333333333333,0.0,0.0,0.0,0.1574424331916632,0.0,0.20289855072463772,0.0
smc/smc_120/track.npy,smc,0.9814814814814815,0.0,0.9814814814814815,0.0,0.7495067622402886,0.0,0.9719626168224299,0.0
smc/smc_133/track.npy,smc,0.95,0.0,0.95,0.0,0.5297502446289162,0.0,0.7692307692307692,0.0
smc/smc_152/track.npy,smc,0.0,0.0,0.0,0.0,0.4364955277557358,0.0,0.49230769230769234,0.0
smc/smc_154/track.npy,smc,0.25,0.0,0.0625,0.0,0.28030680622748766,0.0,0.30434782608695654,0.0
smc/smc_158/track.npy,smc,0.044444444444444446,0.0,0.0,0.0,0.223943165151796,0.0,0.25,0.0
smc/smc_161/track.npy,smc,0.7142857142857143,0.0,0.7142857142857143,0.0,0.43957751641160764,0.0,0.5757575757575757,0.0
smc/smc_170/track.npy,smc,0.9302325581395349,0.0,0.9302325581395349,0.0,0.6728694621591349,0.0,0.8470588235294119,0.0
smc/smc_184/track.npy,smc,0.8823529411764706,0.0,0.8823529411764706,0.0,0.6149121096207911,0.0,0.8307692307692308,0.0
smc/smc_187/track.npy,smc,0.08108108108108109,0.0,0.05263157894736842,0.0,0.1229135273397879,0.0,0.15384615384615385,0.0
smc/smc_215/track.npy,smc,0.8235294117647058,0.0,0.8235294117647058,0.0,0.6752485607706142,0.0,0.8358208955223881,0.0
smc/smc_221/track.npy,smc,0.2,0.0,0.2,0.0,0.19318636341912251,0.0,0.31111111111111117,0.0
smc/smc_224/track.npy,smc,0.5405405405405406,0.0,0.5405405405405406,0.0,0.19152214968198727,0.0,0.3142857142857143,0.0
smc/smc_226/track.npy,smc,0.59375,0.0,0.59375,0.0,0.43163529640972625,0.0,0.5964912280701754,0.0
smc/smc_235/track.npy,smc,0.3611111111111111,0.0,0.3611111111111111,0.0,0.49073872649993616,0.0,0.5964912280701755,0.0
smc/smc_239/track.npy,smc,0.2857142857142857,0.0,0.2857142857142857,0.0,0.2695243427598114,0.0,0.4285714285714286,0.0
smc/smc_249/track.npy,smc,0.8292682926829268,0.0,0.8292682926829268,0.0,0.6979530571361509,0.0,0.8311688311688312,0.0
smc/smc_265/track.npy,smc,0.047619047619047616,0.0,0.023809523809523808,0.0,0.3482204628775577,0.0,0.45614035087719296,0.0
smc/smc_278/track.npy,smc,1.0,0.0,1.0,0.0,0.8671228801731946,0.0,1.0,0.0
smc/smc_280/track.npy,smc,1.0,0.0,1.0,0.0,0.8955474191912698,0.0,1.0,0.0
smc/smc_284/track.npy,smc,1.0,0.0,1.0,0.0,0.9077348779535968,0.0,1.0,0.0
smc/smc_287/track.npy,smc,1.0,0.0,1.0,0.0,0.8311797883812471,0.0,1.0,0.0
tapcorrect/002_youtube_CvMfvuJsYmE/track.npy,tapcorrect,0.7256461232604374,0.04,0.7256461232604374,0.007936507936507936,0.8829613518655196,0.04386055315382971,0.9243876464323749,0.017167381974248924
tapcorrect/003_youtube_tXjqKzX28LI/track.npy,tapcorrect,0.9221411192214112,0.8431372549019608,0.9221411192214112,0.8431372549019608,0.8761522407764105,0.7598861053722705,0.9753086419753086,0.8712871287128714
tapcorrect/022_youtube_Z4z0LjchwOo/track.npy,tapcorrect,0.7697095435684648,0.5517241379310345,0.7697095435684648,0.5517241379310345,0.8158229189526094,0.5836541140194219,0.8398727465535524,0.5982142857142857
tapcorrect/031_youtube_Y8R9ZPT2T-I/track.npy,tapcorrect,0.9832402234636871,0.9555555555555556,0.9832402234636871,0.9555555555555556,0.869578497304606,0.8610872424206344,0.9831460674157303,0.9608938547486034
tapcorrect/034_youtube_F6Dw6ZFmM4c/track.npy,tapcorrect,0.8387650085763293,0.8163265306122449,0.07749077490774908,0.8163265306122449,0.7765527726168623,0.7208635605674402,0.6954436450839329,0.7872340425531914
tapcorrect/039_youtube_ph9NQ8ASmX4/track.npy,tapcorrect,0.6544502617801047,0.6590909090909091,0.6544502617801047,0.6590909090909091,0.8704957123485855,0.6845209715770147,0.8910891089108911,0.7058823529411764
tapcorrect/054_youtube_UgL4N4Hf1dk/track.npy,tapcorrect,0.9954648526077098,0.990990990990991,0.9954648526077098,0.990990990990991,0.9783719671919036,0.9750142914921652,0.9977272727272727,0.9954751131221719
tapcorrect/061_youtube_KlujizeNNQM/track.npy,tapcorrect,0.9916666666666667,0.7704918032786885,0.9916666666666667,0.7704918032786885,0.9163631293454854,0.7479231375184806,0.9979123173277662,0.8099173553719008
tapcorrect/065_youtube_u9Dg-g7t2l4/track.npy,tapcorrect,0.9179331306990881,0.43023255813953487,0.9179331306990881,0.43023255813953487,0.8809359242691985,0.5573717684683953,0.9329268292682927,0.5802469135802469
tapcorrect/077_youtube_g6FU3s6mbGI/track.npy,tapcorrect,0.6586620926243568,0.4413793103448276,0.19,0.21428571428571427,0.7812328687542092,0.6531732397525254,0.7373737373737373,0.6378378378378379
tapcorrect/087_youtube_ej93qIAlhXs/track.npy,tapcorrect,0.9984326018808778,1.0,0.9984326018808778,1.0,0.974849459962899,0.9778718301092305,0.9992156862745099,1.0
tapcorrect/097_youtube_Nco69szMp0Y/track.npy,tapcorrect,0.967828418230563,0.7326732673267327,0.967828418230563,0.7326732673267327,0.9084730740912514,0.8147995229661406,0.9769959404600812,0.8717948717948718
asap/Bach_Fugue_bwv_864_SunD01M/track.npy,asap,0.24789915966386555,0.08955223880597014,0.24789915966386555,0.0,0.6321426421442053,0.24878735183513476,0.6428571428571428,0.25210084033613445
asap/Bach_Fugue_bwv_891_Duepree06M/track.npy,asap,0.5238095238095238,0.09259259259259259,0.5238095238095238,0.030612244897959183,0.6500978540847521,0.1965197210246446,0.6640471512770137,0.17105263157894737
asap/Bach_Prelude_bwv_848_Denisova06M/track.npy,asap,0.0,0.375,0.0,0.0,0.4769788619157244,0.5717214931938304,0.4895833333333333,0.4461538461538461
asap/Bach_Prelude_bwv_848_Lee01M/track.npy,asap,0.0136986301369863,0.5918367346938775,0.003424657534246575,0.01020408163265306,0.48568664782685345,0.6783166711485644,0.49871465295629824,0.5507246376811594
asap/Bach_Prelude_bwv_848_LeeSH01M/track.npy,asap,0.9180887372013652,0.7959183673469388,0.9180887372013652,0.0,0.9497674537110713,0.5663591759028461,0.9671848013816926,0.4657534246575343
asap/Bach_Prelude_bwv_848_Lin04M/track.npy,asap,0.02054794520547945,0.16326530612244897,0.010273972602739725,0.01020408163265306,0.4913435213607768,0.5199286069763491,0.5089058524173028,0.421875
asap/Bach_Prelude_bwv_848_Lou01M/track.npy,asap,0.010309278350515464,0.0,0.010309278350515464,0.0,0.4776047736692406,0.4718904710705828,0.4922279792746114,0.36666666666666664
asap/Bach_Prelude_bwv_848_MiyashitaM01M/track.npy,asap,0.0136986301369863,0.88,0.00684931506849315,0.01020408163265306,0.49519925672779197,0.731269670866014,0.5063938618925831,0.6081081081081081
asap/Bach_Prelude_bwv_848_Mizumoto03M/track.npy,asap,0.0136986301369863,0.5918367346938775,0.0136986301369863,0.0,0.48678035704291867,0.6878719058061882,0.49871465295629824,0.5547445255474452
asap/Bach_Prelude_bwv_848_SunY01M/track.npy,asap,0.013888888888888888,0.5,0.010380622837370242,0.0,0.49035961823282975,0.5985898670924023,0.49871465295629813,0.5038167938931297
asap/Bach_Prelude_bwv_848_Zhou01M/track.npy,asap,0.0,0.875,0.0,0.010309278350515464,0.4739220434470531,0.7871073404368258,0.48167539267015713,0.6433566433566433
asap/Bach_Prelude_bwv_860_Ko04M/track.npy,asap,0.6335877862595419,0.18181818181818182,0.6335877862595419,0.09523809523809523,0.8769459182723056,0.32689732442305286,0.8953974895397491,0.31578947368421056
asap/Bach_Prelude_bwv_860_Nikiforov05M/track.npy,asap,0.4148936170212766,0.43478260869565216,0.3893129770992366,0.0,0.7869856787073239,0.5342589735959072,0.808888888888889,0.4444444444444444
asap/Bach_Prelude_bwv_860_Tetzloff04M/track.npy,asap,0.48120300751879697,0.1,0.48120300751879697,0.0,0.7807577480411041,0.2273440464932956,0.8166666666666665,0.2162162162162162
asap/Bach_Prelude_bwv_860_TuanS01M/track.npy,asap,0.3645833333333333,0.8235294117647058,0.3181818181818182,0.0,0.730210754641165,0.6437648092128997,0.763157894736842,0.5490196078431372
asap/Bach_Prelude_bwv_860_YoungS01M/track.npy,asap,0.8656716417910447,0.4782608695652174,0.022900763358778626,0.4782608695652174,0.7638755990485366,0.7352058706843756,0.6767676767676767,0.75
asap/Bach_Prelude_bwv_860_ZhangH04M/track.npy,asap,0.44696969696969696,0.36363636363636365,0.44696969696969696,0.0,0.8128876283801842,0.5122075119178003,0.8333333333333333,0.45714285714285713
asap/Bach_Prelude_bwv_883_GuoE01M/track.npy,asap,0.5020242914979757,0.19607843137254902,0.2872340425531915,0.19607843137254902,0.7403149097305193,0.4517904066882017,0.7692307692307693,0.4731182795698925
asap/Bach_Prelude_bwv_883_LuM01M/track.npy,asap,0.42448979591836733,0.21428571428571427,0.3942857142857143,0.0,0.7827628759497496,0.3563281670002435,0.8120805369127516,0.3768115942028986
asap/Bach_Prelude_bwv_885_Guo01M/track.npy,asap,0.9938271604938271,0.6458333333333334,0.0,0.0,0.7743592231146375,0.6429707626221364,0.6584362139917695,0.5882352941176471
asap/Bach_Prelude_bwv_885_Huang04M/track.npy,asap,0.9754601226993865,0.42,0.0,0.0,0.7790294218431024,0.47313630014956465,0.6639344262295083,0.4285714285714285
asap/Bach_Prelude_bwv_885_JeonH01M/track.npy,asap,0.901840490797546,0.1794871794871795,0.04487179487179487,0.05714285714285714,0.7331547964996987,0.20671930377802145,0.680672268907563,0.21818181818181817
asap/Bach_Prelude_bwv_885_SINKEV06/track.npy,asap,0.7730061349693251,0.0,0.00625,0.0,0.06373800138730981,2.9993649941298575e-74,0.0743801652892562,0.0
asap/Beethoven_Piano_Sonatas_23-1_Duepree05M/track.npy,asap,0.6564003849855631,0.49230769230769234,0.6564003849855631,0.49230769230769234,0.7576492114054394,0.6390988695367645,0.8068930562595031,0.6666666666666667
asap/Beethoven_Piano_Sonatas_23-1_Guo03M/track.npy,asap,0.7420596727622714,0.38846153846153847,0.7420596727622714,0.38846153846153847,0.7944241922234397,0.5626664807654485,0.8485143692157817,0.5846153846153846
asap/Beethoven_Piano_Sonatas_23-1_LiuC02M/track.npy,asap,0.626204238921002,0.28076923076923077,0.626204238921002,0.28076923076923077,0.7669649299250796,0.4721171212131408,0.8014256619144603,0.4937759336099585
asap/Beethoven_Piano_Sonatas_23-1_Mizumoto06M/track.npy,asap,0.7131857555341675,0.5954198473282443,0.7131857555341675,0.5954198473282443,0.7797291569413684,0.6547994676539798,0.8376753507014029,0.6858237547892719
asap/Beethoven_Piano_Sonatas_23-1_Teo02M/track.npy,asap,0.7649325626204239,0.4139194139194139,0.7649325626204239,0.4139194139194139,0.8158888796190666,0.6091052581600023,0.8704612365063787,0.6454033771106942
asap/Beethoven_Piano_Sonatas_23-1_Yi02M/track.npy,asap,0.7295476419634264,0.26153846153846155,0.7295476419634264,0.26153846153846155,0.8050986744150475,0.5114465388001606,0.8582794629537542,0.5352112676056339
asap/Beethoven_Piano_Sonatas_26-2_HONG05M/track.npy,asap,0.5828220858895705,0.17073170731707318,0.058823529411764705,0.17073170731707318,0.5817212244243131,0.3266570858646327,0.5702127659574467,0.3846153846153847
asap/Beethoven_Piano_Sonatas_27-2_GiacomelliN05M/track.npy,asap,0.7547826086956522,0.22377622377622378,0.7547826086956522,0.13588850174216027,0.8360146983645005,0.5432048467380068,0.8678899082568807,0.568075117370892
asap/Beethoven_Piano_Sonatas_7-4_Larionova04M/track.npy,asap,0.6810933940774487,0.34615384615384615,0.6810933940774487,0.34615384615384615,0.7758171263018717,0.5268080279471793,0.8028169014084506,0.5416666666666667
asap/Beethoven_Piano_Sonatas_7-4_LeeS05M/track.npy,asap,0.6727272727272727,0.2511415525114155,0.6727272727272727,0.18791946308724833,0.7608926730227887,0.48787227011613576,0.7912341407151096,0.49420849420849416
asap/Beethoven_Piano_Sonatas_8-3_Na06M/track.npy,asap,0.7888349514563107,0.3883495145631068,0.7888349514563107,0.3883495145631068,0.8773366330584685,0.6425670562259984,0.9040097205346295,0.6571428571428571
asap/Chopin_Berceuse_op_57_LeungM07M/track.npy,asap,0.38349514563106796,0.4507042253521127,0.38349514563106796,0.4507042253521127,0.6935205074765374,0.630725287705396,0.7368421052631579,0.6762589928057554
asap/Chopin_Berceuse_op_57_MiyashitaM06M/track.npy,asap,0.28444444444444444,0.3333333333333333,0.28444444444444444,0.3333333333333333,0.6263674574075719,0.4516988599479231,0.6961325966850829,0.5279999999999999
asap/Chopin_Berceuse_op_57_Tario07M/track.npy,asap,0.6122448979591837,0.463768115942029,0.6122448979591837,0.463768115942029,0.7409024022227221,0.6445075442834994,0.8028169014084506,0.6976744186046512
asap/Chopin_Berceuse_op_57_Teo11M/track.npy,asap,0.044585987261146494,0.3284671532846715,0.044585987261146494,0.21428571428571427,0.39618721903861487,0.40805480994757776,0.5188470066518847,0.5748502994011976
asap/Chopin_Berceuse_op_57_ZhangE09M/track.npy,asap,0.4153846153846154,0.44,0.4153846153846154,0.44,0.7199570612629239,0.6131465388200564,0.7771084337349397,0.6805555555555556
asap/Chopin_Etudes_op_10_12_Bult-ItoS04M/track.npy,asap,0.5363128491620112,0.20987654320987653,0.10802469135802469,0.20987654320987653,0.6071515548642785,0.43264542099169395,0.5685884691848907,0.46616541353383456
asap/Chopin_Etudes_op_10_12_HuNY03M/track.npy,asap,0.4551083591331269,0.16049382716049382,0.4551083591331269,0.16049382716049382,0.6861670657954296,0.39841100260013473,0.7217537942664418,0.4195804195804196
asap/Chopin_Etudes_op_10_12_LuoJ08M/track.npy,asap,0.5944272445820433,0.24691358024691357,0.5944272445820433,0.24691358024691357,0.7762812094081312,0.42816271546273676,0.8122977346278317,0.4507042253521127
asap/Chopin_Etudes_op_10_12_WuuE06M/track.npy,asap,0.5913312693498453,0.2903225806451613,0.5913312693498453,0.2903225806451613,0.7767156924026185,0.5091041847845957,0.8175675675675675,0.5402298850574713
asap/Chopin_Etudes_op_10_12_ZhangYunling02M/track.npy,asap,0.5987654320987654,0.32075471698113206,0.5987654320987654,0.13580246913580246,0.7652685768861317,0.3490854981054635,0.8145695364238411,0.35820895522388063
asap/Chopin_Etudes_op_25_1_LeeN03M/track.npy,asap,0.08996539792387544,0.0380952380952381,0.0,0.0,0.4794392931073023,0.1509997061475084,0.4679738562091504,0.14473684210526314
asap/Chopin_Etudes_op_25_1_TongB02M/track.npy,asap,0.1546134663341646,0.07692307692307693,0.13216957605985039,0.07692307692307693,0.5099859996561624,0.1614285165250604,0.5816326530612244,0.21428571428571427
asap/Chopin_Etudes_op_25_1_TuanS04M/track.npy,asap,0.11666666666666667,0.14285714285714285,0.11666666666666667,0.0,0.541602044966444,0.27489295658970203,0.5799011532125206,0.27586206896551724
asap/Chopin_Etudes_op_25_1_Wong03M/track.npy,asap,0.2671232876712329,0.20430107526881722,0.07077625570776255,0.0,0.5614446746909325,0.1819075991912837,0.5632,0.1746031746031746
asap/Debussy_Images_Book_1_1_Reflets_dans_lEau_Kleisen11M/track.npy,asap,0.27520435967302453,0.2391304347826087,0.27520435967302453,0.2391304347826087,0.536722799363615,0.430749261295779,0.580226904376013,0.45977011494252873
asap/Debussy_Images_Book_1_1_Reflets_dans_lEau_ParkJH13M/track.npy,asap,0.24456521739130435,0.09782608695652174,0.24456521739130435,0.09782608695652174,0.5121705681633264,0.27897241894548486,0.5438066465256798,0.3
asap/Haydn_Keyboard_Sonatas_46-1_WongWY02M/track.npy,asap,0.4933837429111531,0.410958904109589,0.4933837429111531,0.12048192771084337,0.764438405423235,0.5039423501286362,0.7876288659793814,0.4855072463768117
asap/Haydn_Keyboard_Sonatas_46-1_YuP03M/track.npy,asap,0.8344671201814059,0.3835616438356164,0.8344671201814059,0.0273972602739726,0.8440725908340192,0.4585600546799099,0.8775981524249423,0.40624999999999994
asap/Liszt_Transcendental_Etudes_3_Huang14M/track.npy,asap,0.5078534031413613,0.13829787234042554,0.5078534031413613,0.08421052631578947,0.5997837431085238,0.1954839903239856,0.631578947368421,0.18543046357615892
asap/Liszt_Transcendental_Etudes_5_Huang16M/track.npy,asap,0.6015473887814313,0.3076923076923077,0.07126436781609195,0.3076923076923077,0.6222184284317879,0.4448437360371232,0.5706051873198847,0.4711111111111111
asap/Liszt_Transcendental_Etudes_5_LiuY06M/track.npy,asap,0.6951456310679611,0.304635761589404,0.01312910284463895,0.304635761589404,0.6543971156492652,0.5651899412725739,0.593006993006993,0.6
asap/Liszt_Transcendental_Etudes_5_Min03M/track.npy,asap,0.5614035087719298,0.37209302325581395,0.08009708737864078,0.37209302325581395,0.6403928425459079,0.4902826269001208,0.6068759342301943,0.5220883534136547
asap/Liszt_Transcendental_Etudes_5_Park03M/track.npy,asap,0.5572815533980583,0.13178294573643412,0.06607929515418502,0.13178294573643412,0.6156937354405683,0.3106670704024157,0.5730337078651685,0.33050847457627114
asap/Liszt_Transcendental_Etudes_5_Wang06M/track.npy,asap,0.6504854368932039,0.4806201550387597,0.0779816513761468,0.4806201550387597,0.6706055766910436,0.5381767207981986,0.6109510086455332,0.592274678111588
asap/Liszt_Transcendental_Etudes_5_WangY02M/track.npy,asap,0.516504854368932,0.10894941634241245,0.0539906103286385,0.015503875968992248,0.5745806330867836,0.24711077317004437,0.5526315789473684,0.25777777777777783
asap/Schubert_Impromptu_op142_1_Kleisen10M/track.npy,asap,0.5116751269035533,0.26720647773279355,0.5116751269035533,0.26720647773279355,0.77357119592572,0.5571828227058954,0.8194285714285714,0.5922551252847381
asap/Schubert_Impromptu_op142_1_Lisiecki10M/track.npy,asap,0.6633119853613907,0.33211678832116787,0.6633119853613907,0.33211678832116787,0.7661199200115746,0.5369990499609253,0.8086956521739129,0.567951318458418
asap/Schubert_Impromptu_op142_1_Ozaki07M/track.npy,asap,0.6389452332657201,0.42023346303501946,0.6389452332657201,0.42023346303501946,0.8322049029043084,0.6828407199973515,0.8637617209045781,0.7142857142857142
ballroom/ballroom_Albums-AnaBelen_Veneo-13/track.npy,ballroom,1.0,1.0,1.0,1.0,0.9555677038383191,0.9290449166506355,1.0,1.0
ballroom/ballroom_Albums-Ballroom_Classics4-02/track.npy,ballroom,1.0,1.0,1.0,1.0,0.857881669316383,0.8827230423812368,0.9444444444444444,1.0
ballroom/ballroom_Albums-Ballroom_Classics4-18/track.npy,ballroom,1.0,1.0,1.0,1.0,0.9586316102036248,0.9664200590705546,1.0,1.0
ballroom/ballroom_Albums-Ballroom_Magic-09/track.npy,ballroom,1.0,1.0,1.0,1.0,0.9372425185778841,0.9486237482295036,1.0,1.0
ballroom/ballroom_Albums-Ballroom_Magic-15/track.npy,ballroom,1.0,1.0,1.0,1.0,0.9547734497611263,0.9578181152188167,1.0,1.0
ballroom/ballroom_Albums-Cafe_Paradiso-03/track.npy,ballroom,1.0,1.0,1.0,1.0,0.9650501258216926,0.968216302905557,1.0,1.0
ballroom/ballroom_Albums-Chrisanne1-03/track.npy,ballroom,0.9705882352941176,1.0,0.9705882352941176,1.0,0.7393980113625744,0.8623072474729413,0.955223880597015,1.0
ballroom/ballroom_Albums-Chrisanne1-07/track.npy,ballroom,1.0,1.0,1.0,1.0,0.9372189799838948,0.9380754171931458,1.0,1.0
ballroom/ballroom_Albums-Chrisanne1-08/track.npy,ballroom,0.972972972972973,1.0,0.972972972972973,1.0,0.8228974794832468,0.8172634996189001,0.979591836734694,0.96
ballroom/ballroom_Albums-Chrisanne1-12/track.npy,ballroom,0.963855421686747,1.0,0.963855421686747,1.0,0.8980194509059358,0.8736209489073711,0.963855421686747,0.9523809523809523
ballroom/ballroom_Albums-Chrisanne3-03/track.npy,ballroom,1.0,0.0,1.0,0.0,0.9162230692567298,0.20007455505910765,0.9722222222222222,0.1904761904761905
ballroom/ballroom_Albums-Chrisanne3-13/track.npy,ballroom,0.9764705882352941,1.0,0.9764705882352941,1.0,0.9085108024681274,0.9001568929832663,0.9940828402366864,1.0
ballroom/ballroom_Albums-Fire-12/track.npy,ballroom,0.9866666666666667,0.9473684210526315,0.9866666666666667,0.9473684210526315,0.9721573520725959,0.9569837750843054,0.9932885906040269,0.972972972972973
ballroom/ballroom_Albums-I_Like_It2-02/track.npy,ballroom,0.9433962264150944,0.9230769230769231,0.9433962264150944,0.9230769230769231,0.9479893831323473,0.9368836631443664,0.970873786407767,0.9600000000000001
ballroom/ballroom_Albums-I_Like_It2-09/track.npy,ballroom,1.0,1.0,1.0,1.0,0.7858040409187054,0.7672936006256864,1.0,1.0
ballroom/ballroom_Albums-Latin_Jam2-02/track.npy,ballroom,1.0,1.0,1.0,1.0,0.9703997546175777,0.9622284863238294,1.0,1.0
ballroom/ballroom_Albums-Latin_Jam3-02/track.npy,ballroom,0.9807692307692307,0.0,0.9807692307692307,0.0,0.9674439821938895,5.673266363852007e-31,0.9902912621359222,0.0
ballroom/ballroom_Albums-Latin_Jam3-09/track.npy,ballroom,1.0,1.0,1.0,1.0,0.9718246174126841,0.978271769397428,1.0,1.0
ballroom/ballroom_Albums-Latin_Jam4-02/track.npy,ballroom,1.0,1.0,1.0,1.0,0.9825635052794487,0.9783832194061042,1.0,1.0
ballroom/ballroom_Albums-Latino_Latino-04/track.npy,ballroom,0.40384615384615385,0.3333333333333333,0.057692307692307696,0.08333333333333333,0.49538828071990954,0.04946642595204717,0.3366336633663366,0.0
ballroom/ballroom_Albums-Macumba-06/track.npy,ballroom,1.0,1.0,1.0,1.0,0.9821551478152403,0.9881521147748437,1.0,1.0
ballroom/ballroom_Albums-Macumba-14/track.npy,ballroom,0.9861111111111112,1.0,0.9861111111111112,1.0,0.9724898513805826,0.9759313977389716,0.993006993006993,1.0
ballroom/ballroom_Albums-Mambo_Kings-12/track.npy,ballroom,0.9183673469387755,0.75,0.9183673469387755,0.75,0.9591206305435588,0.8567681111338403,0.9791666666666666,0.8695652173913043
ballroom/ballroom_Albums-Pais_Tropical-03/track.npy,ballroom,1.0,1.0,1.0,1.0,0.9863388826930989,0.9906267828561685,1.0,1.0
ballroom/ballroom_Albums-Pais_Tropical-13/track.npy,ballroom,1.0,1.0,1.0,1.0,0.981050649591151,0.9843320977927621,1.0,1.0
ballroom/ballroom_Albums-Secret_Garden-06/track.npy,ballroom,0.9210526315789473,0.7692307692307693,0.9210526315789473,0.7692307692307693,0.8233563629767148,0.79605864299032,0.9599999999999999,0.8799999999999999
ballroom/ballroom_Albums-Step_By_Step-02/track.npy,ballroom,0.972972972972973,1.0,0.972972972972973,1.0,0.8979470322235348,0.9247761832078264,0.9863013698630138,1.0
ballroom/ballroom_Albums-Step_By_Step-08/track.npy,ballroom,1.0,1.0,1.0,1.0,0.9554770970841829,0.9443100692653886,1.0,1.0
ballroom/ballroom_Albums-StrictlyDancing_Tango-06/track.npy,ballroom,0.98,0.9230769230769231,0.98,0.9230769230769231,0.8724304732393657,0.8574625824982399,0.98989898989899,0.9600000000000001
ballroom/ballroom_Albums-StrictlyDancing_Tango-11/track.npy,ballroom,1.0,1.0,1.0,1.0,0.9298464245366078,0.9387267224501067,1.0,1.0
ballroom/ballroom_Media-103302/track.npy,ballroom,1.0,1.0,1.0,1.0,0.9450302632828044,0.9171179365980552,1.0,1.0
ballroom/ballroom_Media-103304/track.npy,ballroom,1.0,1.0,1.0,1.0,0.9620584511283519,0.9347162805810523,1.0,1.0
ballroom/ballroom_Media-103305/track.npy,ballroom,1.0,1.0,1.0,1.0,0.9426322111281431,0.9555354766171624,1.0,1.0
ballroom/ballroom_Media-103307/track.npy,ballroom,0.972972972972973,0.96,0.972972972972973,0.96,0.8956718853593891,0.8801184969231394,0.9863013698630138,0.9795918367346939
ballroom/ballroom_Media-103312/track.npy,ballroom,1.0,1.0,1.0,1.0,0.9659517611696707,0.9671491041436656,1.0,1.0
ballroom/ballroom_Media-103313/track.npy,ballroom,0.9883720930232558,1.0,0.9883720930232558,1.0,0.9486240069179002,0.9582373797384107,0.9941520467836257,1.0
ballroom/ballroom_Media-103405/track.npy,ballroom,1.0,1.0,1.0,1.0,0.9736625992201233,0.9523463765676444,1.0,1.0
ballroom/ballroom_Media-103407/track.npy,ballroom,1.0,1.0,1.0,1.0,0.9851597077051389,0.9818499048319818,1.0,1.0
ballroom/ballroom_Media-103411/track.npy,ballroom,0.9803921568627451,1.0,0.9803921568627451,1.0,0.9744136680857084,0.9757263094582417,0.99009900990099,1.0
ballroom/ballroom_Media-103502/track.npy,ballroom,0.9761904761904762,0.9090909090909091,0.9761904761904762,0.9090909090909091,0.9393392485043683,0.8717046263556834,0.9879518072289156,0.9523809523809523
ballroom/ballroom_Media-103507/track.npy,ballroom,0.9615384615384616,0.9230769230769231,0.9615384615384616,0.9230769230769231,0.9544451370620171,0.9424156691359393,0.9803921568627451,0.9600000000000001
ballroom/ballroom_Media-103508/track.npy,ballroom,1.0,1.0,1.0,1.0,0.9558863967823206,0.9618206984382538,1.0,1.0
ballroom/ballroom_Media-103701/track.npy,ballroom,1.0,1.0,1.0,1.0,0.9853352449053608,0.9757736503676617,1.0,1.0
ballroom/ballroom_Media-103704/track.npy,ballroom,1.0,1.0,1.0,1.0,0.9760874864521147,0.9787780876192218,1.0,1.0
ballroom/ballroom_Media-103705/track.npy,ballroom,1.0,1.0,1.0,1.0,0.9581661261810247,0.9673214923407861,1.0,1.0
ballroom/ballroom_Media-103706/track.npy,ballroom,1.0,1.0,1.0,1.0,0.972179343754489,0.9567848925995579,1.0,1.0
ballroom/ballroom_Media-103710/track.npy,ballroom,0.975,1.0,0.975,1.0,0.9510190302661193,0.9875453087978858,0.9873417721518987,1.0
ballroom/ballroom_Media-103814/track.npy,ballroom,1.0,1.0,1.0,1.0,0.9707288363525981,0.9791011296299799,1.0,1.0
ballroom/ballroom_Media-103817/track.npy,ballroom,0.96875,1.0,0.96875,1.0,0.9309422893790719,0.9731192541854424,0.9841269841269841,1.0
ballroom/ballroom_Media-103917/track.npy,ballroom,0.9807692307692307,1.0,0.9807692307692307,1.0,0.9749407466454477,0.9876160262173678,0.9902912621359222,1.0
ballroom/ballroom_Media-104017/track.npy,ballroom,1.0,1.0,1.0,1.0,0.9793207398948912,0.9671871252336612,1.0,1.0
ballroom/ballroom_Media-104112/track.npy,ballroom,1.0,1.0,1.0,1.0,0.9291245792918764,0.9145869120737505,1.0,1.0
ballroom/ballroom_Media-104114/track.npy,ballroom,0.9761904761904762,1.0,0.9761904761904762,1.0,0.9339604447111322,0.9618113670453345,0.9879518072289156,1.0
ballroom/ballroom_Media-104118/track.npy,ballroom,0.9726027397260274,1.0,0.9726027397260274,1.0,0.9568428429832806,0.9690605139710718,0.9861111111111112,1.0
ballroom/ballroom_Media-104303/track.npy,ballroom,1.0,1.0,1.0,1.0,0.9125095902025395,0.8829366826439152,0.9722222222222222,0.9166666666666666
ballroom/ballroom_Media-104401/track.npy,ballroom,1.0,1.0,1.0,1.0,0.9695327005324736,0.9755398108682861,1.0,1.0
ballroom/ballroom_Media-104404/track.npy,ballroom,0.9821428571428571,1.0,0.9821428571428571,1.0,0.9177610889636835,0.9250434129834836,0.9909909909909909,1.0
ballroom/ballroom_Media-104416/track.npy,ballroom,0.9885057471264368,0.7272727272727273,0.9885057471264368,0.7272727272727273,0.9418348660243142,0.6970832521731212,0.9885057471264368,0.7441860465116279
ballroom/ballroom_Media-104418/track.npy,ballroom,0.9885057471264368,1.0,0.9885057471264368,1.0,0.9732848950630276,0.9806388922671827,0.9942196531791908,1.0
ballroom/ballroom_Media-104701/track.npy,ballroom,1.0,1.0,1.0,1.0,0.9008013295661086,0.8886992857524422,0.9714285714285714,1.0
ballroom/ballroom_Media-104709/track.npy,ballroom,0.9814814814814815,0.9285714285714286,0.9814814814814815,0.9285714285714286,0.9187178977697779,0.8991759785648056,0.9906542056074767,0.962962962962963
ballroom/ballroom_Media-104710/track.npy,ballroom,0.36363636363636365,0.4444444444444444,0.0,0.21428571428571427,0.36430017678639043,3.1262406723075155e-05,0.0,0.0
ballroom/ballroom_Media-104712/track.npy,ballroom,0.9210526315789473,0.8,0.9210526315789473,0.8,0.7360093149268447,0.6342909726326464,0.9605263157894737,0.8000000000000002
ballroom/ballroom_Media-104716/track.npy,ballroom,0.9764705882352941,0.9523809523809523,0.9764705882352941,0.9523809523809523,0.9642315948737674,0.9571702908884258,0.988095238095238,0.975609756097561
ballroom/ballroom_Media-104805/track.npy,ballroom,0.8717948717948718,0.9230769230769231,0.8717948717948718,0.9230769230769231,0.8316143701776278,0.8283791892366815,0.9210526315789475,0.8799999999999999
ballroom/ballroom_Media-104909/track.npy,ballroom,0.9866666666666667,1.0,0.9866666666666667,1.0,0.9403488288839232,0.9424468913947621,0.9932885906040269,1.0
ballroom/ballroom_Media-105007/track.npy,ballroom,0.9473684210526315,0.6153846153846154,0.9473684210526315,0.6153846153846154,0.65285966372622,0.5004450848267887,0.8378378378378377,0.64
ballroom/ballroom_Media-105107/track.npy,ballroom,0.9814814814814815,1.0,0.9814814814814815,1.0,0.9037940122624643,0.9685984421480113,0.9719626168224299,1.0
ballroom/ballroom_Media-105108/track.npy,ballroom,0.9814814814814815,1.0,0.9814814814814815,1.0,0.9356797633192676,0.9331374917168477,0.9906542056074767,1.0
ballroom/ballroom_Media-105112/track.npy,ballroom,0.9733333333333334,1.0,0.9733333333333334,1.0,0.8868692333597102,0.9247323892708365,0.9932885906040269,1.0
ballroom/ballroom_Media-105320/track.npy,ballroom,0.9772727272727273,0.9545454545454546,0.9772727272727273,0.9545454545454546,0.9701883183892495,0.9506846093631957,0.9885057471264368,0.9767441860465117
ballroom/ballroom_Media-105501/track.npy,ballroom,1.0,1.0,1.0,1.0,0.8746436524377353,0.8563968081071344,1.0,1.0
ballroom/ballroom_Media-105605/track.npy,ballroom,0.9807692307692307,1.0,0.9807692307692307,1.0,0.9726250668344171,0.9832934026968144,0.9902912621359222,1.0
ballroom/ballroom_Media-105608/track.npy,ballroom,1.0,1.0,1.0,1.0,0.9465495995189501,0.9201441903649406,1.0,1.0
ballroom/ballroom_Media-105612/track.npy,ballroom,0.9772727272727273,1.0,0.9772727272727273,1.0,0.8869570166410153,0.9177436060495677,0.9885057471264368,1.0
ballroom/ballroom_Media-105613/track.npy,ballroom,0.9772727272727273,0.9090909090909091,0.9772727272727273,0.9090909090909091,0.9637512794339012,0.9333532209906704,0.9885057471264368,0.9523809523809523
ballroom/ballroom_Media-105702/track.npy,ballroom,0.9736842105263158,1.0,0.9736842105263158,1.0,0.8702654587271447,0.8508106501964064,0.9866666666666666,1.0
ballroom/ballroom_Media-105705/track.npy,ballroom,0.9636363636363636,1.0,0.9636363636363636,1.0,0.8943474717829907,0.9283992516430685,0.9814814814814815,1.0
ballroom/ballroom_Media-105810/track.npy,ballroom,0.9863013698630136,0.96,0.9863013698630136,0.96,0.9612672336448004,0.9610397004542521,0.993103448275862,0.9795918367346939
ballroom/ballroom_Media-106003/track.npy,ballroom,0.9772727272727273,0.9166666666666666,0.9772727272727273,0.9166666666666666,0.9634928696521537,0.9475211199989267,0.9885057471264368,0.9565217391304348
ballroom/ballroom_Media-106006/track.npy,ballroom,0.9629629629629629,0.9285714285714286,0.9629629629629629,0.9285714285714286,0.961675614532342,0.9402814594326118,0.9811320754716981,0.962962962962963
ballroom/ballroom_Media-106010/track.npy,ballroom,0.95,1.0,0.95,1.0,0.9446369774115942,0.9867873185509332,0.9743589743589743,1.0
ballroom/ballroom_Media-106102/track.npy,ballroom,0.9811320754716981,1.0,0.9811320754716981,1.0,0.9722070151909339,0.9656306937526957,0.9904761904761905,1.0
ballroom/ballroom_Media-106106/track.npy,ballroom,1.0,1.0,1.0,1.0,0.9863546782445676,0.9836229427272595,1.0,1.0
ballroom/ballroom_Media-106111/track.npy,ballroom,0.9523809523809523,0.6363636363636364,0.9523809523809523,0.6363636363636364,0.9249197426935654,0.7183486051368695,0.9761904761904762,0.761904761904762
beatles/beatles_01_Please_Please_Me_05_Boys/track.npy,beatles,0.9939024390243902,1.0,0.9939024390243902,1.0,0.9308339311355796,0.9253889812125285,0.9969418960244648,1.0
beatles/beatles_01_Please_Please_Me_09_P_S_I_Love_You/track.npy,beatles,1.0,1.0,1.0,1.0,0.933068229841077,0.9407513098643971,0.9961240310077519,1.0
beatles/beatles_02_With_the_Beatles_06_Till_There_Was_You/track.npy,beatles,0.9920948616600791,1.0,0.9920948616600791,1.0,0.8931648314494554,0.9183221218633609,0.998019801980198,1.0
beatles/beatles_02_With_the_Beatles_14_Money/track.npy,beatles,0.9941176470588236,1.0,0.9941176470588236,1.0,0.9446593165799645,0.9532871594131694,0.995581737849779,1.0
beatles/beatles_03_A_Hard_Days_Night_07_Cant_Buy_Me_Love/track.npy,beatles,0.8971428571428571,0.7386363636363636,0.8971428571428571,0.7386363636363636,0.8747763108147532,0.7860487917615906,0.9721815519765739,0.8765432098765431
beatles/beatles_04_Beatles_for_Sale_02_Im_a_Loser/track.npy,beatles,0.6,0.5327102803738317,0.23008849557522124,0.23529411764705882,0.5486834457762739,0.5213220516953883,0.7463768115942029,0.7050359712230215
beatles/beatles_04_Beatles_for_Sale_10_Honey_Dont/track.npy,beatles,0.9804347826086957,0.9826086956521739,0.9804347826086957,0.9826086956521739,0.5852127528197802,0.5503939432711474,0.994535519125683,0.9912280701754386
beatles/beatles_05_Help_08_Act_Naturally/track.npy,beatles,1.0,1.0,1.0,1.0,0.9514440660646933,0.946819923383904,1.0,1.0
beatles/beatles_05_Help_09_Its_Only_Love/track.npy,beatles,1.0,1.0,1.0,1.0,0.912791639106273,0.9112355894113605,1.0,1.0
beatles/beatles_06_Rubber_Soul_08_What_Goes_On/track.npy,beatles,0.4540229885057471,0.5275590551181102,0.4540229885057471,0.5275590551181102,0.8082418393216828,0.8042240619912809,0.8405315614617941,0.8318584070796461
beatles/beatles_06_Rubber_Soul_14_Run_For_Your_Life/track.npy,beatles,0.9948586118251928,1.0,0.0,0.0,0.7781330596785841,0.7854735636803345,0.6655231560891938,0.6712328767123288
beatles/beatles_07_Revolver_02_Eleanor_Rigby/track.npy,beatles,0.8814814814814815,0.7941176470588235,0.8814814814814815,0.7941176470588235,0.7852154711842307,0.7336335804224239,0.9376181474480152,0.8636363636363636
beatles/beatles_08_Sgt_Peppers_Lonely_Hearts_Club_Band_03_Lucy_In_The_Sky_With_Diamonds/track.npy,beatles,0.6520618556701031,0.5128205128205128,0.6520618556701031,0.5128205128205128,0.7519847467187902,0.6598907110420187,0.8287292817679559,0.75
beatles/beatles_08_Sgt_Peppers_Lonely_Hearts_Club_Band_04_Getting_Better/track.npy,beatles,0.9969512195121951,0.9878048780487805,0.9969512195121951,0.9878048780487805,0.929885950006543,0.9265615064643565,0.9969512195121951,0.9938650306748467
beatles/beatles_09_Magical_Mystery_Tour_01_Magical_Mystery_Tour/track.npy,beatles,0.6439393939393939,0.6363636363636364,0.6439393939393939,0.6363636363636364,0.7616570226432091,0.7723025953605737,0.874274661508704,0.8682170542635659
beatles/beatles_10_CD1_The_Beatles_01_Back_in_the_USSR/track.npy,beatles,0.9857549857549858,0.9213483146067416,0.9857549857549858,0.9213483146067416,0.9655840983869873,0.9159084879500771,0.9928673323823112,0.9491525423728814
beatles/beatles_10_CD1_The_Beatles_02_Dear_Prudence/track.npy,beatles,0.8025078369905956,0.4520547945205479,0.8025078369905956,0.4520547945205479,0.8388657499137859,0.48935378268319285,0.9342105263157895,0.5492957746478874
beatles/beatles_10_CD2_The_Beatles_08_Revolution_1/track.npy,beatles,0.9829683698296837,0.6238532110091743,0.9829683698296837,0.6238532110091743,0.9346628251929386,0.6818656038668329,0.9878048780487805,0.7255813953488371
beatles/beatles_10_CD2_The_Beatles_10_Savoy_Truffle/track.npy,beatles,0.9912280701754386,0.8588235294117647,0.9912280701754386,0.8588235294117647,0.933654784705854,0.8184978734230225,0.9912023460410556,0.8588235294117647
beatles/beatles_11_Abbey_Road_02_Something/track.npy,beatles,1.0,1.0,1.0,1.0,0.9428142913895831,0.9523741408888823,0.9947089947089947,1.0
beatles/beatles_11_Abbey_Road_03_Maxwells_Silver_Hammer/track.npy,beatles,0.7162471395881007,0.7981651376146789,0.7162471395881007,0.7981651376146789,0.8517360117824104,0.8239645599875747,0.9236453201970444,0.8909952606635071
beatles/beatles_12_Let_It_Be_01_Two_of_Us/track.npy,beatles,0.9728997289972899,0.3723404255319149,0.9728997289972899,0.0053475935828877,0.9236403902092551,0.49385828822391153,0.987688098495212,0.5243445692883895
beatles/beatles_12_Let_It_Be_05_Dig_It/track.npy,beatles,0.8584070796460177,0.868421052631579,0.8584070796460177,0.868421052631579,0.8873716073439196,0.8900340807177776,0.9238095238095239,0.9295774647887324
candombe/csic.1995_ansina2_04/track.npy,candombe,0.9976133651551312,0.9619047619047619,0.9976133651551312,0.9619047619047619,0.9565094895728397,0.9319889535059588,0.9994029850746269,0.9689737470167064
candombe/proyecto.1992_gimenez_02/track.npy,candombe,0.9464566929133859,1.0,0.9464566929133859,1.0,0.7080524058581187,0.6808227913245485,0.9086614173228347,0.8930817610062893
candombe/zavala.muniz.2014_48/track.npy,candombe,0.9969230769230769,0.926829268292683,0.9969230769230769,0.926829268292683,0.9734893734339212,0.9209369860610301,0.9984591679506933,0.9447852760736196
candombe/zavala.muniz.2014_53/track.npy,candombe,0.9906542056074766,0.9439252336448598,0.9906542056074766,0.9439252336448598,0.9608742858938344,0.9131023453162773,0.9964912280701754,0.9439252336448598
filosax/filosax_08/track.npy,filosax,0.9979757085020243,0.9068825910931174,0.9979757085020243,0.9068825910931174,0.9419359338935931,0.8486291587431959,0.9989868287740628,0.9087221095334685
filosax/filosax_15/track.npy,filosax,0.9933333333333333,0.96,0.9933333333333333,0.96,0.9287207929208654,0.8957505046075837,0.9975,0.9716193656093489
filosax/filosax_21/track.npy,filosax,0.9928263988522238,0.9542857142857143,0.9928263988522238,0.9542857142857143,0.9147882496132165,0.8731057670813994,0.9949748743718594,0.9570200573065902
filosax/filosax_29/track.npy,filosax,0.9973776223776224,0.9615384615384616,0.9973776223776224,0.9615384615384616,0.9566350191957937,0.9226206775025385,0.9991258741258742,0.9702276707530647
filosax/filosax_39/track.npy,filosax,0.9859594383775351,0.9376947040498442,0.9859594383775351,0.9376947040498442,0.9434296268370969,0.886712306432306,0.9964857477547833,0.951638065522621
filosax/filosax_43/track.npy,filosax,0.991313789359392,0.9567099567099567,0.991313789359392,0.9567099567099567,0.9159236912375841,0.8807818340705935,0.995100707675558,0.9695652173913043
groove_midi/drummer1_eval_session_5_funk-groove5_84_beat_4-4/track.npy,groove_midi,0.9824561403508771,1.0,0.9824561403508771,1.0,0.9244999066467388,0.9360119914991704,0.9911504424778761,1.0
groove_midi/drummer1_session1_102_funk_95_beat_4-4/track.npy,groove_midi,0.6522988505747126,0.8275862068965517,0.6522988505747126,0.8275862068965517,0.6296604752641076,0.6371419551006274,0.6772334293948127,0.6904761904761905
groove_midi/drummer1_session1_126_funk-fast_125_beat_4-4/track.npy,groove_midi,0.9821428571428571,0.8142857142857143,0.9821428571428571,0.8142857142857143,0.9385233434225119,0.8009180068728492,0.989247311827957,0.8428571428571429
groove_midi/drummer1_session1_81_dance-breakbeat_170_beat_4-4/track.npy,groove_midi,0.9586206896551724,0.8055555555555556,0.9586206896551724,0.8055555555555556,0.9393050370469104,0.7901704579836462,0.9895470383275261,0.8333333333333334
groove_midi/drummer1_session2_10_country_114_beat_4-4/track.npy,groove_midi,0.6379613356766256,0.4326241134751773,0.21841541755888652,0.2708333333333333,0.7807689573005508,0.7194371883589847,0.7553191489361702,0.7305389221556885
groove_midi/drummer1_session2_142_gospel_120_beat_4-4/track.npy,groove_midi,0.9814814814814815,0.9552238805970149,0.9814814814814815,0.9552238805970149,0.9250258025667469,0.9158421104475373,0.9925373134328358,0.9774436090225564
groove_midi/drummer1_session2_1_latin-chacarera_157_beat_3-4/track.npy,groove_midi,0.0,0.0,0.0,0.0,0.3713405604106435,0.2825585515746983,0.4,0.0
groove_midi/drummer1_session3_10_rock-folk_90_beat_4-4/track.npy,groove_midi,0.5168961201501877,0.39416058394160586,0.30655737704918035,0.39416058394160586,0.7201149723508633,0.591615418041805,0.7841584158415842,0.6835443037974684
groove_midi/drummer1_session3_8_rock_135_beat_4-4/track.npy,groove_midi,0.9824561403508771,0.9333333333333333,0.9824561403508771,0.9333333333333333,0.9571272824050852,0.9097970982161517,0.9911504424778761,0.9655172413793104
groove_midi/drummer1_session3_9_rock_135_beat_4-4/track.npy,groove_midi,0.9954022988505747,1.0,0.9954022988505747,1.0,0.9512824483126868,0.9466221919967427,0.9976958525345622,1.0
groove_midi/drummer3_session1_3_rock_105_beat_4-4/track.npy,groove_midi,0.975609756097561,1.0,0.975609756097561,1.0,0.8805371577775207,0.882584473441517,0.9876543209876543,1.0
groove_midi/drummer3_session1_7_rock_105_beat_4-4/track.npy,groove_midi,0.9807692307692307,0.9230769230769231,0.9807692307692307,0.9230769230769231,0.7905329559960461,0.7757863931441858,0.9902912621359222,0.9600000000000001
groove_midi/drummer3_session2_16_rock_100_beat_4-4/track.npy,groove_midi,1.0,1.0,1.0,1.0,0.9530345655875424,0.9630056863137455,1.0,1.0
groove_midi/drummer4_session1_4_latin-brazilian_92_beat_4-4/track.npy,groove_midi,0.9473684210526315,0.8666666666666667,0.0,0.0,0.6177156736595741,0.6107302766585196,0.6588235294117647,0.6363636363636364
groove_midi/drummer5_eval_session_7_pop-groove7_138_beat_4-4/track.npy,groove_midi,1.0,0.0,1.0,0.0,0.96136662565964,5.010849455055297e-25,1.0,0.0
groove_midi/drummer5_session1_11_latin-brazilian-sambareggae_96_beat_4-4/track.npy,groove_midi,0.9962121212121212,1.0,0.9962121212121212,1.0,0.9271101321294983,0.9186948293456415,0.9943074003795065,0.9848484848484849
groove_midi/drummer5_session1_6_latin-brazilian-maracatu_96_beat_4-4/track.npy,groove_midi,0.7527173913043478,0.6086956521739131,0.7527173913043478,0.6086956521739131,0.7290800833642187,0.5918961903588907,0.9177489177489178,0.7471264367816093
groove_midi/drummer5_session1_8_latin-venezuelan-merengue_162_beat_5-8/track.npy,groove_midi,0.5194508009153318,0.022727272727272728,0.010297482837528604,0.0,0.610063645380608,0.12501688200875816,0.5725938009787929,0.10699588477366255
groove_midi/drummer5_session2_17_latin-brazilian-samba_110_beat_4-4/track.npy,groove_midi,1.0,0.7966101694915254,1.0,0.7966101694915254,0.910825556809186,0.7615276247686357,0.9915254237288136,0.7966101694915254
groove_midi/drummer5_session2_22_latin-brazilian-frevo_133_beat_4-4/track.npy,groove_midi,0.935064935064935,0.8051948051948052,0.935064935064935,0.8051948051948052,0.9231176217704327,0.8107389447884308,0.9703947368421053,0.8496732026143792
groove_midi/drummer5_session2_2_latin-brazilian_101_beat_4-4/track.npy,groove_midi,1.0,1.0,1.0,1.0,0.9234709098554884,0.9200989203754598,1.0,1.0
groove_midi/drummer5_session2_7_neworleans-secondline_124_beat_4-4/track.npy,groove_midi,0.9837837837837838,0.8478260869565217,0.9837837837837838,0.8478260869565217,0.915080959738171,0.7948463833595555,0.9945652173913043,0.8695652173913043
groove_midi/drummer6_session3_3_rock_100_beat_4-4/track.npy,groove_midi,1.0,0.8433734939759037,1.0,0.8433734939759037,0.7701384167236972,0.6500379817416806,0.9849397590361446,0.8313253012048193
groove_midi/drummer6_session3_4_rock_127_beat_4-4/track.npy,groove_midi,0.985207100591716,0.39759036144578314,0.985207100591716,0.17857142857142858,0.8408010579145787,0.36162876550703693,0.9896296296296296,0.2727272727272727
groove_midi/drummer6_session3_5_rock_180_beat_4-4/track.npy,groove_midi,0.9572446555819477,0.7714285714285715,0.9572446555819477,0.0,0.8986172399896479,0.39518199858115843,0.9891956782713085,0.009950248756218905
groove_midi/drummer6_session3_7_rock_88_beat_4-4/track.npy,groove_midi,0.9942528735632183,0.6888888888888889,0.9942528735632183,0.6888888888888889,0.8423717618937023,0.6379407217056522,0.9971181556195965,0.7415730337078651
groove_midi/drummer7_session1_39_hiphop_100_beat_4-4/track.npy,groove_midi,1.0,0.0,1.0,0.0,0.9045933013734901,4.019367793596008e-46,0.967741935483871,0.0
groove_midi/drummer7_session2_36_rock_75_fill_4-4/track.npy,groove_midi,1.0,1.0,1.0,1.0,0.947778457208606,0.9436185823336842,1.0,1.0
groove_midi/drummer7_session2_63_soul-motown_148_beat_4-4/track.npy,groove_midi,0.7058823529411765,0.8571428571428571,0.23076923076923078,0.0,0.34491690567903865,4.651651006196952e-05,0.23300970873786409,0.0
groove_midi/drummer7_session2_6_rock_120_beat_4-4/track.npy,groove_midi,0.9753086419753086,1.0,0.9753086419753086,1.0,0.8853431368960406,0.8993210721954558,0.9875,1.0
groove_midi/drummer7_session3_106_hiphop_70_beat_4-4/track.npy,groove_midi,1.0,1.0,1.0,1.0,0.8713556818216378,0.8240032328555142,0.9661016949152542,0.9333333333333333
groove_midi/drummer7_session3_119_rock_95_beat_4-4/track.npy,groove_midi,1.0,1.0,1.0,1.0,0.9520978025296597,0.9806843617767144,1.0,1.0
groove_midi/drummer7_session3_23_pop-soft_83_beat_4-4/track.npy,groove_midi,1.0,1.0,1.0,1.0,0.9315596141281443,0.8989511795464395,1.0,1.0
groove_midi/drummer7_session3_39_rock-indie_63_beat_4-4/track.npy,groove_midi,1.0,1.0,1.0,1.0,0.8011616140206015,0.824423681416926,0.9866666666666668,0.972972972972973
groove_midi/drummer7_session3_49_funk_112_beat_4-4/track.npy,groove_midi,0.9814814814814815,1.0,0.9814814814814815,1.0,0.940858766567841,0.9520272162720401,0.9906542056074767,1.0
groove_midi/drummer8_session1_11_neworleans-funk_82_beat_4-4/track.npy,groove_midi,0.47477744807121663,0.6153846153846154,0.357429718875502,0.6153846153846154,0.7141831205262179,0.7105349221069989,0.8086124401913876,0.8085106382978723
groove_midi/drummer8_session1_25_funk-latin_100_beat_4-4/track.npy,groove_midi,0.9950248756218906,1.0,0.9950248756218906,1.0,0.9486301072118218,0.9425747727268415,0.9975062344139651,1.0
groove_midi/drummer8_session1_3_hiphop_90_beat_4-4/track.npy,groove_midi,0.9807692307692307,1.0,0.9807692307692307,1.0,0.9228518393229482,0.9610377378717001,0.9902912621359222,1.0
groove_midi/drummer9_session1_19_rock_120_beat_4-4/track.npy,groove_midi,0.9545454545454546,1.0,0.9545454545454546,1.0,0.9187096284081901,0.9398011116993333,0.9767441860465117,1.0
groove_midi/drummer9_session1_26_rock_90_beat_4-4/track.npy,groove_midi,1.0,1.0,1.0,1.0,0.895666274163833,0.9046695213498475,1.0,1.0
groove_midi/drummer9_session1_5_rock_100_beat_4-4/track.npy,groove_midi,0.9910714285714286,0.9642857142857143,0.9910714285714286,0.9642857142857143,0.8983383601383446,0.8888492726980862,0.9955156950672646,0.9818181818181818
groove_midi/drummer9_session1_7_rock_100_beat_4-4/track.npy,groove_midi,0.9393939393939394,1.0,0.9393939393939394,0.0,0.9209036036605861,0.8250742980704517,0.96875,0.7272727272727273
guitarset/00_BN1-147-Gb_comp_mix/track.npy,guitarset,1.0,1.0,1.0,1.0,0.9217494707536075,0.9466947712695479,1.0,1.0
guitarset/00_Jazz2-110-Bb_comp_mix/track.npy,guitarset,0.9818181818181818,0.9285714285714286,0.9818181818181818,0.9285714285714286,0.9001951194467108,0.8897916184616054,0.9908256880733944,0.962962962962963
guitarset/00_Rock2-142-D_comp_mix/track.npy,guitarset,1.0,1.0,1.0,1.0,0.8997029761530455,0.8728668821096536,1.0,1.0
guitarset/01_Funk1-97-C_comp_mix/track.npy,guitarset,0.975,0.9,0.975,0.9,0.947974377853224,0.9182675842270456,0.9873417721518987,0.9473684210526316
guitarset/01_Rock3-117-Bb_comp_mix/track.npy,guitarset,1.0,1.0,1.0,1.0,0.9696100918894438,0.9595235323378135,1.0,1.0
guitarset/02_Funk3-98-A_comp_mix/track.npy,guitarset,1.0,1.0,1.0,1.0,0.9564185933060704,0.9266290964556567,1.0,1.0
guitarset/02_Jazz2-110-Bb_comp_mix/track.npy,guitarset,0.9818181818181818,0.9285714285714286,0.9818181818181818,0.9285714285714286,0.8572772687781524,0.8775931580757219,0.9908256880733944,0.962962962962963
guitarset/02_SS2-88-F_comp_mix/track.npy,guitarset,1.0,1.0,1.0,1.0,0.7570236540261435,0.7647267337358763,1.0,1.0
guitarset/03_BN2-131-B_comp_mix/track.npy,guitarset,1.0,1.0,1.0,1.0,0.9608588326164983,0.9632863688362646,1.0,1.0
guitarset/03_Funk2-119-G_comp_mix/track.npy,guitarset,1.0,1.0,1.0,1.0,0.9225409242724659,0.9430533891801864,1.0,1.0
guitarset/03_Jazz1-130-D_comp_mix/track.npy,guitarset,1.0,1.0,1.0,1.0,0.8490334849761227,0.8635155636137832,1.0,1.0
guitarset/03_Jazz1-200-B_comp_mix/track.npy,guitarset,0.7352941176470589,0.5,0.7352941176470589,0.0,0.7435047512204738,0.3357025279137553,0.923076923076923,0.36363636363636365
guitarset/03_Jazz3-137-Eb_comp_mix/track.npy,guitarset,0.7307692307692307,0.5384615384615384,0.7307692307692307,0.5384615384615384,0.6395680440595256,0.5214062936947159,0.8076923076923077,0.6153846153846154
guitarset/03_SS2-107-Ab_comp_mix/track.npy,guitarset,0.9821428571428571,0.9285714285714286,0.9821428571428571,0.9285714285714286,0.9562542541600813,0.9098416528842203,0.9909909909909909,0.962962962962963
guitarset/04_BN1-147-Gb_comp_mix/track.npy,guitarset,1.0,1.0,1.0,1.0,0.953492863598384,0.9692499415814925,1.0,1.0
guitarset/04_Funk2-119-G_comp_mix/track.npy,guitarset,0.9818181818181818,0.9230769230769231,0.9818181818181818,0.9230769230769231,0.9524982896339306,0.8855114240929218,0.9908256880733944,0.9230769230769231
guitarset/04_Funk3-112-C#_comp_mix/track.npy,guitarset,1.0,1.0,1.0,1.0,0.9509979652404305,0.9609264109646957,1.0,1.0
guitarset/04_SS3-98-C_comp_mix/track.npy,guitarset,1.0,1.0,1.0,1.0,0.9092146642577345,0.9208410391906179,1.0,1.0
guitarset/05_BN1-147-Gb_comp_mix/track.npy,guitarset,0.9722222222222222,0.4444444444444444,0.9722222222222222,0.4444444444444444,0.9530236958510765,0.46423739866418195,0.9859154929577464,0.47058823529411764
guitarset/05_Funk1-97-C_comp_mix/track.npy,guitarset,0.717948717948718,0.6,0.717948717948718,0.0,0.6882183878660985,0.35440560739821836,0.7945205479452054,0.30769230769230765
guitarset/05_Rock2-142-D_comp_mix/track.npy,guitarset,1.0,1.0,1.0,1.0,0.9792949929398023,0.9845905356709217,1.0,1.0
guitarset/05_SS3-98-C_comp_mix/track.npy,guitarset,1.0,1.0,1.0,1.0,0.8832879376842087,0.87764180297242,1.0,1.0
hainsworth/hainsworth_003/track.npy,hainsworth,0.7288135593220338,0.034482758620689655,0.7288135593220338,0.0,0.7369738678894289,0.08656403581344939,0.8288288288288288,0.07142857142857144
hainsworth/hainsworth_009/track.npy,hainsworth,0.9916666666666667,0.9333333333333333,0.9916666666666667,0.9333333333333333,0.9088227726256045,0.8943703980932798,0.99581589958159,0.983050847457627
hainsworth/hainsworth_012/track.npy,hainsworth,0.8271604938271605,0.2,0.8271604938271605,0.0,0.8323608781865727,0.13154095349380765,0.8641975308641975,0.1142857142857143
hainsworth/hainsworth_017/track.npy,hainsworth,1.0,1.0,1.0,1.0,0.9655397748152508,0.9636890468125834,1.0,1.0
hainsworth/hainsworth_023/track.npy,hainsworth,1.0,1.0,1.0,1.0,0.9809156462410891,0.9834489096311498,1.0,1.0
hainsworth/hainsworth_055/track.npy,hainsworth,0.8720379146919431,0.8653846153846154,0.8720379146919431,0.8653846153846154,0.9403484115973111,0.9152762301511861,0.9656862745098039,0.9504950495049506
hainsworth/hainsworth_057/track.npy,hainsworth,0.8902439024390244,0.3,0.8902439024390244,0.3,0.8027220614526359,0.3357040994141343,0.8957055214723927,0.3636363636363637
hainsworth/hainsworth_059/track.npy,hainsworth,0.6192893401015228,0.24,0.22839506172839505,0.21212121212121213,0.7522165596825763,0.26907174858415855,0.7509578544061302,0.3103448275862069
hainsworth/hainsworth_082/track.npy,hainsworth,1.0,1.0,1.0,1.0,0.9689638839041294,0.9705890812363752,1.0,1.0
hainsworth/hainsworth_083/track.npy,hainsworth,1.0,1.0,1.0,1.0,0.7031911204310428,0.7155791936440656,1.0,1.0
hainsworth/hainsworth_085/track.npy,hainsworth,1.0,1.0,1.0,1.0,0.9286549609767382,0.9097930362417824,1.0,1.0
hainsworth/hainsworth_093/track.npy,hainsworth,1.0,0.44776119402985076,1.0,0.0,0.9663065428456956,0.6306726809363297,1.0,0.5384615384615384
hainsworth/hainsworth_111/track.npy,hainsworth,0.9414893617021277,0.8297872340425532,0.0,0.0,0.772008798058235,0.695066667353097,0.6548042704626335,0.5714285714285714
hainsworth/hainsworth_129/track.npy,hainsworth,0.8,0.6111111111111112,0.8,0.6111111111111112,0.7214391220996492,0.5755864055862872,0.8759124087591241,0.6285714285714287
hainsworth/hainsworth_132/track.npy,hainsworth,0.8333333333333334,0.18181818181818182,0.8333333333333334,0.18181818181818182,0.6647266968751969,0.11917524671686294,0.8192771084337348,0.09523809523809525
hainsworth/hainsworth_135/track.npy,hainsworth,0.8939393939393939,0.875,0.8939393939393939,0.875,0.6254810006276197,0.7765213263403071,0.8253968253968254,0.9032258064516129
hainsworth/hainsworth_145/track.npy,hainsworth,0.967032967032967,0.8260869565217391,0.0,0.0,0.7752978507998627,0.7194508754243796,0.6470588235294117,0.6060606060606061
hainsworth/hainsworth_149/track.npy,hainsworth,0.9894736842105263,1.0,0.9894736842105263,1.0,0.9662926206956743,0.9712464818845922,0.9947089947089947,1.0
hainsworth/hainsworth_155/track.npy,hainsworth,1.0,0.6190476190476191,1.0,0.3181818181818182,0.9835785024122838,0.5075429607090551,1.0,0.37209302325581395
hainsworth/hainsworth_166/track.npy,hainsworth,0.45263157894736844,0.5,0.37681159420289856,0.5,0.8146697031144221,0.5923312304169928,0.8205128205128205,0.6086956521739131
hainsworth/hainsworth_171/track.npy,hainsworth,1.0,1.0,1.0,1.0,0.9769905808123205,0.9665740182998391,1.0,1.0
hainsworth/hainsworth_190/track.npy,hainsworth,0.9736842105263158,0.948051948051948,0.0,0.0,0.6836026169921012,0.6620382250168965,0.6578947368421053,0.6434782608695653
hainsworth/hainsworth_198/track.npy,hainsworth,1.0,1.0,1.0,1.0,0.913036339091123,0.9175131331249392,1.0,1.0
hainsworth/hainsworth_201/track.npy,hainsworth,1.0,1.0,1.0,1.0,0.9366615927279712,0.9457616801240962,1.0,1.0
hainsworth/hainsworth_211/track.npy,hainsworth,0.9659090909090909,0.391304347826087,0.9659090909090909,0.391304347826087,0.8882650839971521,0.4112335306411271,0.9828571428571428,0.4444444444444445
hainsworth/hainsworth_214/track.npy,hainsworth,1.0,1.0,1.0,1.0,0.9799009569834567,0.9655145068387949,1.0,1.0
hainsworth/hainsworth_220/track.npy,hainsworth,0.8571428571428571,0.4,0.8571428571428571,0.4,0.565483408930058,0.5038928861010035,0.7951807228915663,0.7428571428571429
harmonix/0003_6foot7foot/track.npy,harmonix,1.0,1.0,1.0,1.0,0.9397204343389703,0.9291204546829305,1.0,1.0
harmonix/0017_badromance/track.npy,harmonix,1.0,1.0,1.0,1.0,0.9409335363939347,0.9419096531410358,1.0,1.0
harmonix/0026_blackandyellow/track.npy,harmonix,0.986013986013986,0.9861111111111112,0.986013986013986,0.9861111111111112,0.9665578208546967,0.9762922623454401,0.9929577464788732,0.993006993006993
harmonix/0027_blackened/track.npy,harmonix,0.6241799437675727,0.42677824267782427,0.6241799437675727,0.42677824267782427,0.6333717647851671,0.4703308259522478,0.6989351403678606,0.5217391304347826
harmonix/0044_cameraeye/track.npy,harmonix,0.7733077905491699,0.6473829201101928,0.7733077905491699,0.6473829201101928,0.8788811956861758,0.7534194060506395,0.9053778080326752,0.7739130434782608
harmonix/0065_deadandbloated/track.npy,harmonix,0.9901800327332242,0.6853146853146853,0.0,0.013986013986013986,0.7390072392797645,0.627199985615454,0.663019693654267,0.6
harmonix/0071_dirtypool/track.npy,harmonix,0.9804741980474198,0.5666666666666667,0.9804741980474198,0.2719665271966527,0.9527240513583348,0.7573590395151082,0.9887482419127989,0.7403598971722365
harmonix/0085_electricboogie/track.npy,harmonix,1.0,1.0,1.0,1.0,0.9732441189702169,0.9718301731242287,1.0,1.0
harmonix/0095_firework/track.npy,harmonix,1.0,1.0,1.0,1.0,0.7795494252232157,0.783650380346308,0.9969418960244648,0.9878048780487805
harmonix/0104_getbusy/track.npy,harmonix,0.9961240310077519,0.9846153846153847,0.9961240310077519,0.9846153846153847,0.7844788677126409,0.7694322660921781,0.9941747572815534,0.9767441860465116
harmonix/0108_getup/track.npy,harmonix,0.8525179856115108,0.9424460431654677,0.8525179856115108,0.9424460431654677,0.8492913692448802,0.8306164670796051,0.8723021582733813,0.8705035971223022
harmonix/0116_goodies/track.npy,harmonix,0.994579945799458,0.9139784946236559,0.994579945799458,0.9139784946236559,0.9601412698393361,0.9107608190698956,0.9972826086956521,0.9297297297297297
harmonix/0119_gunpowderandlead/track.npy,harmonix,0.9555555555555556,0.8181818181818182,0.9555555555555556,0.8181818181818182,0.8767702882465371,0.7668353004243756,0.9608938547486034,0.8333333333333334
harmonix/0124_hello/track.npy,harmonix,0.9854227405247813,0.9767441860465116,0.9854227405247813,0.9767441860465116,0.9219187822420507,0.9163624295220261,0.9926578560939794,0.988235294117647
harmonix/0125_hellogoodmorning/track.npy,harmonix,0.9892857142857143,0.9857142857142858,0.9892857142857143,0.9857142857142858,0.9116597562057761,0.9332689223050276,0.998211091234347,0.9928057553956835
harmonix/0140_impacto/track.npy,harmonix,1.0,1.0,1.0,1.0,0.9764018176547954,0.9702217188678818,1.0,1.0
harmonix/0151_kingofdancehall/track.npy,harmonix,0.9090909090909091,0.9090909090909091,0.9090909090909091,0.9090909090909091,0.8774943753713891,0.8883261973384087,0.9173789173789174,0.9318181818181818
harmonix/0184_myprerogative/track.npy,harmonix,1.0,1.0,1.0,1.0,0.8825539146346307,0.8761604894982865,1.0,1.0
harmonix/0185_nasty/track.npy,harmonix,1.0,1.0,1.0,1.0,0.9740208226941235,0.9744005940434113,1.0,1.0
harmonix/0194_nomoretears/track.npy,harmonix,0.9259776536312849,0.8784530386740331,0.9259776536312849,0.8784530386740331,0.8995408540904479,0.8490942227674397,0.9558514365802382,0.9080779944289694
harmonix/0226_rendezvu/track.npy,harmonix,0.990521327014218,1.0,0.990521327014218,1.0,0.9158239259786394,0.9171749658880681,0.997624703087886,1.0
harmonix/0229_ridingonthewind/track.npy,harmonix,0.8623853211009175,0.7925925925925926,0.8623853211009175,0.7925925925925926,0.7590083936691525,0.6786430340638814,0.8786764705882354,0.787878787878788
harmonix/0233_rocknrollnightmare/track.npy,harmonix,0.9958677685950413,0.7796610169491526,0.9958677685950413,0.7796610169491526,0.9376595512605842,0.7738777194896532,0.9979338842975206,0.8326180257510729
harmonix/0243_saucyjack/track.npy,harmonix,0.9764705882352941,0.2978723404255319,0.9764705882352941,0.2978723404255319,0.9487674623597991,0.49372403911027996,0.9882352941176471,0.5
harmonix/0247_scream/track.npy,harmonix,1.0,1.0,1.0,1.0,0.9554982215487676,0.9529855030530561,1.0,1.0
harmonix/0259_spiceupyourlife/track.npy,harmonix,0.9651162790697675,0.9651162790697675,0.9651162790697675,0.9651162790697675,0.9500871162574787,0.9514168274128726,0.9822485207100593,0.9822485207100593
harmonix/0262_stash/track.npy,harmonix,0.7633053221288515,0.3761467889908257,0.7633053221288515,0.3761467889908257,0.7987372399667846,0.6531976828491427,0.9102941176470589,0.7214854111405836
harmonix/0289_thisisexile/track.npy,harmonix,0.5137111517367459,0.5508474576271186,0.5137111517367459,0.5508474576271186,0.535387057592896,0.4739953623419951,0.7250755287009064,0.5775862068965517
harmonix/0291_thrasher/track.npy,harmonix,0.4813218390804598,0.15789473684210525,0.4813218390804598,0.14556962025316456,0.6057183897612988,0.26189624213599794,0.6500377928949357,0.2867647058823529
harmonix/0299_turnthebeataround/track.npy,harmonix,0.9976958525345622,0.9908256880733946,0.9976958525345622,0.9908256880733946,0.977695370531954,0.9742085226208764,0.9988465974625144,0.9953917050691244
harmonix/0301_unclejohnsband/track.npy,harmonix,0.785829307568438,0.4625,0.785829307568438,0.4625,0.7496372829846945,0.5126529390036911,0.9355932203389831,0.6503496503496503
harmonix/0320_wolflikeme/track.npy,harmonix,0.6748466257668712,0.6502463054187192,0.09021406727828746,0.14035087719298245,0.7185093748758962,0.7025645327477577,0.6930320150659134,0.6739926739926739
harmonix/0321_wonderwall/track.npy,harmonix,0.9772079772079773,0.9204545454545454,0.9772079772079773,0.9204545454545454,0.8870838899378618,0.8388468899637318,0.9914285714285714,0.9318181818181818
harmonix/0324_yeah3x/track.npy,harmonix,1.0,1.0,1.0,1.0,0.9274246210136429,0.9302606908472768,1.0,1.0
harmonix/0327_youmakemefeel/track.npy,harmonix,0.9933333333333333,0.9911504424778761,0.9933333333333333,0.9911504424778761,0.9444333561873348,0.9478056151877622,0.9977728285077951,0.9955555555555555
harmonix/0346_birthdaydress/track.npy,harmonix,0.9888888888888889,0.9775280898876404,0.9888888888888889,0.9775280898876404,0.8789500197023508,0.8693248189278645,0.9958275382475661,0.9887640449438202
harmonix/0359_cominghome/track.npy,harmonix,0.8343023255813954,0.8255813953488372,0.8343023255813954,0.8255813953488372,0.9083750241428559,0.9117469740200687,0.9559939301972685,0.9575757575757576
harmonix/0364_deuces/track.npy,harmonix,0.987987987987988,0.9404761904761905,0.987987987987988,0.9404761904761905,0.9687878144485708,0.9371429325716064,0.9939577039274925,0.963855421686747
harmonix/0366_domino/track.npy,harmonix,0.8985200845665962,0.788135593220339,0.8985200845665962,0.788135593220339,0.8980311560285784,0.7629913069771365,0.9108280254777069,0.774468085106383
harmonix/0381_everythingyouwant/track.npy,harmonix,0.9408740359897172,0.8865979381443299,0.9408740359897172,0.8865979381443299,0.8011511491843931,0.7771632024182534,0.9682539682539681,0.9312169312169312
harmonix/0388_gangnamstyle/track.npy,harmonix,0.9934640522875817,0.9826086956521739,0.9934640522875817,0.9826086956521739,0.9445565159489634,0.9444790247375076,0.9967284623773173,0.991304347826087
harmonix/0390_getyourselfbackhome/track.npy,harmonix,0.987012987012987,0.9741379310344828,0.987012987012987,0.9741379310344828,0.9356919543162883,0.9320633494072236,0.9934782608695653,0.9870129870129869
harmonix/0394_godgavemetoyou/track.npy,harmonix,0.9820143884892086,0.9285714285714286,0.9820143884892086,0.9285714285714286,0.8539527683511463,0.8348151470983509,0.9927536231884058,0.9496402877697843
harmonix/0396_goodfeeling/track.npy,harmonix,0.98828125,0.937984496124031,0.98828125,0.937984496124031,0.9697268227816872,0.9280316651369291,0.9941291585127201,0.9494163424124514
harmonix/0417_imtoosexy/track.npy,harmonix,1.0,1.0,1.0,1.0,0.9820611967587285,0.9834555354109182,1.0,1.0
harmonix/0423_iwannago/track.npy,harmonix,0.9931972789115646,0.972972972972973,0.9931972789115646,0.972972972972973,0.9748775031638923,0.9639123204190774,0.9977272727272727,0.9864253393665158
harmonix/0430_lastfridaynight/track.npy,harmonix,0.9914163090128756,0.9914529914529915,0.9914163090128756,0.9914529914529915,0.9790720889067528,0.9816239028944165,0.9956896551724138,0.9957081545064378
harmonix/0436_loveactually/track.npy,harmonix,0.9848484848484849,0.991304347826087,0.9848484848484849,0.991304347826087,0.9087661872243471,0.910070908682326,0.9923664122137404,0.9956331877729258
harmonix/0438_loverlover/track.npy,harmonix,1.0,0.6818181818181818,1.0,0.6818181818181818,0.934719451508278,0.6608838929293138,1.0,0.7085714285714286
harmonix/0440_loveyoulikealovesong/track.npy,harmonix,0.9914285714285714,1.0,0.9914285714285714,1.0,0.9420053992399104,0.9434014378995881,0.9956958393113342,1.0
harmonix/0452_myfirstkiss/track.npy,harmonix,0.9976798143851509,1.0,0.9976798143851509,1.0,0.5507158667424868,0.5406375444801809,0.9976798143851509,1.0
harmonix/0464_oneofus/track.npy,harmonix,0.9806094182825484,0.9777777777777777,0.9806094182825484,0.9777777777777777,0.957300159894894,0.9520854382128009,0.9916201117318435,0.9832402234636872
harmonix/0478_prayforyou/track.npy,harmonix,0.9871794871794872,0.717948717948718,0.9871794871794872,0.717948717948718,0.8609962918410111,0.6502109463229676,0.9935483870967742,0.7532467532467534
harmonix/0486_rundatback/track.npy,harmonix,0.9912663755458515,0.991304347826087,0.9912663755458515,0.991304347826087,0.9807724668767956,0.9812216949461959,0.9956140350877193,0.9956331877729258
harmonix/0505_takeitoff/track.npy,harmonix,1.0,1.0,1.0,1.0,0.9869625127829377,0.9887782399000593,1.0,1.0
harmonix/0506_takemehometonight/track.npy,harmonix,0.8868778280542986,0.8468468468468469,0.8868778280542986,0.8468468468468469,0.9053956679723852,0.8647305008475713,0.9619377162629759,0.9351851851851852
harmonix/0509_thelazysong/track.npy,harmonix,0.9962406015037594,1.0,0.9962406015037594,1.0,0.8622062367868149,0.8795325551025672,0.9981167608286252,1.0
harmonix/0510_theonethatgotaway/track.npy,harmonix,0.9979253112033195,1.0,0.9979253112033195,1.0,0.7353694622737348,0.7384798166232611,0.9979253112033195,1.0
harmonix/0512_theshowgoeson/track.npy,harmonix,0.9632352941176471,0.9264705882352942,0.0,0.0,0.7952734095282671,0.757607233408192,0.6551297898640296,0.6305418719211823
harmonix/0517_tilltheworldends/track.npy,harmonix,0.9979959919839679,1.0,0.9979959919839679,1.0,0.9626996015026822,0.9621694613497371,0.9989969909729188,1.0
harmonix/0525_venus/track.npy,harmonix,0.9977011494252873,0.9908256880733946,0.9977011494252873,0.9908256880733946,0.9813672810548648,0.9810070877246325,0.9977011494252873,0.9953917050691244
harmonix/0526_waitingoutsidethelines/track.npy,harmonix,0.9066147859922179,0.8412698412698413,0.9066147859922179,0.8412698412698413,0.9292334251964999,0.9068981714712749,0.9606299212598426,0.9180327868852458
harmonix/0527_wantuback/track.npy,harmonix,0.9144542772861357,0.5952380952380952,0.9144542772861357,0.3333333333333333,0.9267817504544559,0.4832044210585976,0.9417040358744395,0.3592814371257485
harmonix/0535_withoutyou/track.npy,harmonix,0.9836829836829837,0.9537037037037037,0.9836829836829837,0.9537037037037037,0.9353934435480723,0.9163925197876691,0.9917743830787309,0.9719626168224299
harmonix/0542_yougetwhatyougive/track.npy,harmonix,1.0,1.0,1.0,1.0,0.9690524233860258,0.9683660626133243,1.0,1.0
harmonix/0543_yougonnafly/track.npy,harmonix,0.9965277777777778,0.5068493150684932,0.9965277777777778,0.5068493150684932,0.978999563153218,0.5751916621434983,0.9982608695652174,0.5241379310344828
harmonix/0555_allaroundme/track.npy,harmonix,0.9911504424778761,0.9649122807017544,0.0,0.0,0.7847448512345045,0.7655977965237571,0.6646971935007385,0.6588235294117647
harmonix/0559_alltherightmoves/track.npy,harmonix,0.99644128113879,1.0,0.0,0.0,0.7981618513039916,0.789615035155103,0.6658739595719382,0.6666666666666666
harmonix/0561_alorsondanse/track.npy,harmonix,0.9951573849878934,1.0,0.9951573849878934,1.0,0.8802814666404242,0.9021543845067557,0.9975786924939467,1.0
harmonix/0611_catchingfeelings/track.npy,harmonix,0.9790419161676647,0.9880952380952381,0.9790419161676647,0.9880952380952381,0.9679650603202471,0.9767382487912155,0.9894419306184011,0.9940119760479043
harmonix/0617_citylights/track.npy,harmonix,1.0,0.975609756097561,1.0,0.975609756097561,0.955542457783172,0.9469097616047268,1.0,0.9938650306748467
harmonix/0618_clocks/track.npy,harmonix,0.6728971962616822,0.6461538461538462,0.6728971962616822,0.6461538461538462,0.7113124358845969,0.5966171555814643,0.7488151658767772,0.6254826254826256
harmonix/0619_closer/track.npy,harmonix,0.9319148936170213,0.9067796610169492,0.9319148936170213,0.9067796610169492,0.9517000256496502,0.927670899868181,0.9795037756202803,0.956140350877193
harmonix/0621_clubcanthandleme/track.npy,harmonix,0.9894957983193278,0.9915966386554622,0.9894957983193278,0.9915966386554622,0.9693538963138797,0.9689959382248313,0.9947201689545935,0.9957805907172996
harmonix/0622_clumsy/track.npy,harmonix,0.9966555183946488,0.9866666666666667,0.9966555183946488,0.9866666666666667,0.9717751599867447,0.9537581914767375,0.998324958123953,0.9932885906040269
harmonix/0623_comeongethigher/track.npy,harmonix,0.9934426229508196,1.0,0.9934426229508196,1.0,0.9601200567373432,0.9453259264043881,0.9983579638752053,1.0
harmonix/0661_everythingaboutyou/track.npy,harmonix,0.9977728285077951,1.0,0.9977728285077951,1.0,0.9568185123096289,0.963469939396631,0.9988851727982163,1.0
harmonix/0677_fireburning/track.npy,harmonix,0.9747368421052631,0.9747899159663865,0.9747368421052631,0.9747899159663865,0.9240636395476188,0.919973459988538,0.9757127771911298,0.970464135021097
harmonix/0712_heartless/track.npy,harmonix,0.8713826366559485,0.88,0.8713826366559485,0.88,0.8928280039848778,0.8450305074693394,0.9311475409836065,0.8767123287671234
harmonix/0729_hurricane/track.npy,harmonix,0.9893899204244032,0.9578947368421052,0.9893899204244032,0.9578947368421052,0.9644537167197221,0.957860260162294,0.996005326231691,0.9787234042553192
harmonix/0731_icouldntbeyourfriend/track.npy,harmonix,0.9504424778761061,0.9436619718309859,0.9504424778761061,0.9436619718309859,0.958495587996206,0.9513580237672017,0.97214734950584,0.9642857142857143
harmonix/0749_indestructible2/track.npy,harmonix,0.9974424552429667,0.9897959183673469,0.9974424552429667,0.9897959183673469,0.9849808947216718,0.9813328291709524,0.998719590268886,0.9948717948717948
harmonix/0755_intothenight/track.npy,harmonix,0.9757174392935982,0.9736842105263158,0.9757174392935982,0.9736842105263158,0.949030478937832,0.9468121976015939,0.9877094972067039,0.9866666666666666
harmonix/0769_killa/track.npy,harmonix,0.9787234042553191,0.9811320754716981,0.9787234042553191,0.9811320754716981,0.9157018142703579,0.928894211527513,0.989247311827957,0.9904761904761905
harmonix/0770_kingofmycastle/track.npy,harmonix,0.9887133182844243,0.9369369369369369,0.9887133182844243,0.9369369369369369,0.9697423135828158,0.9261892595779134,0.9943374858437145,0.9502262443438914
harmonix/0771_kisskissmainversion/track.npy,harmonix,0.9061946902654867,0.9078014184397163,0.013307984790874524,0.0,0.771805597475843,0.7675486101432637,0.650185414091471,0.6336633663366336
harmonix/0772_kissmebackcrytonight/track.npy,harmonix,1.0,1.0,1.0,1.0,0.9578513710980149,0.95710743782475,1.0,1.0
harmonix/0790_locapeople/track.npy,harmonix,0.9968847352024922,0.5962732919254659,0.9968847352024922,0.5962732919254659,0.8938380906651492,0.600847880423075,0.9992205767731879,0.6518987341772152
harmonix/0796_loveinthisclub/track.npy,harmonix,1.0,1.0,1.0,1.0,0.8434471026845575,0.834527468555522,1.0,1.0
harmonix/0798_lovelikethis/track.npy,harmonix,0.9963369963369964,1.0,0.9963369963369964,1.0,0.9754742958292164,0.9762007372746349,0.998165137614679,1.0
harmonix/0801_lovesong/track.npy,harmonix,0.998015873015873,0.9291338582677166,0.998015873015873,0.9291338582677166,0.9804852179270889,0.9220403204916873,0.9990069513406157,0.9407114624505929
harmonix/0823_mylifewouldsuckwithoutyou/track.npy,harmonix,0.9738430583501007,0.8524590163934426,0.9738430583501007,0.8524590163934426,0.9196962117983714,0.8682951177222983,0.9888097660223805,0.9198312236286921
harmonix/0824_mylifewouldsuckwithoutyous/track.npy,harmonix,0.9870689655172413,0.9913793103448276,0.9870689655172413,0.9913793103448276,0.9584066105123318,0.960384233995766,0.9934924078091106,0.9956709956709957
harmonix/0839_nowyouseeit/track.npy,harmonix,1.0,0.7310924369747899,1.0,0.7310924369747899,0.9564662144479197,0.8882554400033097,1.0,0.927927927927928
harmonix/0845_onefoot/track.npy,harmonix,0.5503355704697986,0.4794520547945205,0.2549800796812749,0.256,0.7627898651847347,0.730374739583464,0.7425,0.7171717171717171
harmonix/0847_onestepatatime/track.npy,harmonix,0.9587020648967551,0.8333333333333334,0.9587020648967551,0.8333333333333334,0.9092599591735304,0.8662173421856803,0.9792899408284024,0.9192546583850931
harmonix/0851_openurmind/track.npy,harmonix,0.90715667311412,0.8968253968253969,0.90715667311412,0.8968253968253969,0.7840668589079647,0.7499202058179414,0.9616519174041298,0.9083665338645418
harmonix/0852_oursong/track.npy,harmonix,0.99644128113879,0.6875,0.99644128113879,0.6875,0.9240742613245526,0.8110033344490714,0.9982174688057042,0.8859060402684564
harmonix/0858_peoplearepeople/track.npy,harmonix,0.9862068965517241,0.9724770642201835,0.9862068965517241,0.9724770642201835,0.9553054622913043,0.9494882676854087,0.9942462600690449,0.981651376146789
harmonix/0867_pokerfacedos/track.npy,harmonix,1.0,1.0,1.0,1.0,0.9781910308154261,0.9797270360323934,1.0,1.0
harmonix/0882_rightroundbenny/track.npy,harmonix,0.9645390070921985,0.9622641509433962,0.9645390070921985,0.9622641509433962,0.9416940157313813,0.9409589555606643,0.9714964370546317,0.976303317535545
harmonix/0894_sayheyiloveyou/track.npy,harmonix,0.9937888198757764,0.9629629629629629,0.9937888198757764,0.9629629629629629,0.9402094371944998,0.9230371978261128,0.9968944099378882,0.9753086419753086
harmonix/0898_sexyback/track.npy,harmonix,0.9825708061002179,0.375,0.9825708061002179,0.35398230088495575,0.9224624640568654,0.49645510660018527,0.9912087912087912,0.45794392523364486
harmonix/0901_sexydj/track.npy,harmonix,1.0,1.0,1.0,1.0,0.9758409372917245,0.976468762716203,1.0,1.0
harmonix/0911_someday/track.npy,harmonix,0.9273504273504274,0.8983050847457628,0.9273504273504274,0.8983050847457628,0.9362952338338465,0.9030066983630012,0.9656652360515022,0.923076923076923
harmonix/0920_stopandstare/track.npy,harmonix,0.9938837920489296,0.9634146341463414,0.9938837920489296,0.9634146341463414,0.9669120718518776,0.9327065689035933,0.9969325153374233,0.9634146341463414
harmonix/0930_takeyourtime/track.npy,harmonix,0.9577464788732394,0.7183098591549296,0.9577464788732394,0.7183098591549296,0.915995045435755,0.7661638532374375,0.9821428571428571,0.8148148148148148
harmonix/0937_thatsnotmyname/track.npy,harmonix,0.8653061224489796,0.6048387096774194,0.8653061224489796,0.6048387096774194,0.8288653407053376,0.6894338103872781,0.9316508937960043,0.7857142857142856
harmonix/0941_theocean/track.npy,harmonix,0.8357963875205254,0.7564102564102564,0.8357963875205254,0.013071895424836602,0.8995496042449385,0.4849863463434092,0.9547395388556789,0.4155844155844156
harmonix/0954_timeaftertimevan/track.npy,harmonix,0.9977220956719818,1.0,0.9977220956719818,1.0,0.9555364093615102,0.9452607006330536,0.9988597491448118,1.0
harmonix/0977_wheelsnow/track.npy,harmonix,0.9917525773195877,1.0,0.9917525773195877,1.0,0.8950710841376665,0.9013679921345935,0.9865841073271415,1.0
harmonix/0992_wrongthinwhiteduke/track.npy,harmonix,0.963302752293578,0.6666666666666666,0.963302752293578,0.6666666666666666,0.9558023489913557,0.6724049659452601,0.9813084112149533,0.6873065015479877
harmonix/0998_youregonnamissthis/track.npy,harmonix,1.0,1.0,1.0,1.0,0.833116344294781,0.8484979584924397,1.0,1.0
hjdb/hjdb_4_Am/track.npy,hjdb,1.0,1.0,1.0,1.0,0.9734569002575753,0.9723258793645463,1.0,1.0
hjdb/hjdb_Beyond_Control/track.npy,hjdb,1.0,1.0,1.0,1.0,0.9853821351293252,0.9830762114259592,1.0,1.0
hjdb/hjdb_Bish_Bosh/track.npy,hjdb,1.0,1.0,1.0,1.0,0.9689229475784481,0.9707818014597741,1.0,1.0
hjdb/hjdb_Crystalize/track.npy,hjdb,0.9702602230483272,0.7910447761194029,0.9702602230483272,0.7910447761194029,0.9400290114378372,0.7908843441679827,0.9776951672862454,0.8120300751879699
hjdb/hjdb_DJ_Business/track.npy,hjdb,1.0,1.0,1.0,1.0,0.9769732402594088,0.9774789359187744,1.0,1.0
hjdb/hjdb_Dam_Tuff/track.npy,hjdb,0.9879518072289156,0.6,0.9879518072289156,0.6,0.9744330266759841,0.6380500028140004,0.993939393939394,0.65
hjdb/hjdb_Dark_Stranger_(Origin_Unknown_Remix)/track.npy,hjdb,1.0,1.0,1.0,1.0,0.9818751181116693,0.9900649992885946,1.0,1.0
hjdb/hjdb_Darkman/track.npy,hjdb,1.0,1.0,1.0,1.0,0.9853577189489214,0.9821945597918811,1.0,1.0
hjdb/hjdb_Dont_Come_No_Ruffer_(Ruff_Mix)/track.npy,hjdb,0.9879518072289156,1.0,0.9879518072289156,1.0,0.952873021926514,0.9537560291303894,1.0,1.0
hjdb/hjdb_Dream_Sequence/track.npy,hjdb,1.0,1.0,1.0,1.0,0.9786175728541626,0.9754577617929205,1.0,1.0
hjdb/hjdb_Finest_Illusion_(Legal_Mix)/track.npy,hjdb,1.0,1.0,1.0,1.0,0.9766025366674865,0.9831629656015108,1.0,1.0
hjdb/hjdb_Get_High_(New_Jack_London)/track.npy,hjdb,1.0,1.0,1.0,1.0,0.9816364725426373,0.9853315553268092,1.0,1.0
hjdb/hjdb_Happiness/track.npy,hjdb,1.0,1.0,1.0,1.0,0.9802935310937305,0.9773025079621012,1.0,1.0
hjdb/hjdb_Hardcore_Will_Never_Die/track.npy,hjdb,1.0,1.0,1.0,1.0,0.9787608676872704,0.9795208221298144,1.0,1.0
hjdb/hjdb_Horizons/track.npy,hjdb,1.0,1.0,1.0,1.0,0.9704273620956194,0.9835408742012224,1.0,1.0
hjdb/hjdb_In_Complete_Darkness_(Slipmatt_remix)/track.npy,hjdb,1.0,1.0,1.0,1.0,0.9772359407629562,0.9738530141850671,1.0,1.0
hjdb/hjdb_Inna_Year_4000/track.npy,hjdb,1.0,1.0,1.0,1.0,0.9817557403723799,0.9855667794859452,1.0,1.0
hjdb/hjdb_Let_Me_Be_Your_Fantasy/track.npy,hjdb,1.0,1.0,1.0,1.0,0.9621233415776342,0.9689608354589693,1.0,1.0
hjdb/hjdb_NHS_(Midday_Mix)/track.npy,hjdb,1.0,1.0,1.0,1.0,0.9862717480943098,0.9848353289042706,1.0,1.0
hjdb/hjdb_No_Worries/track.npy,hjdb,1.0,1.0,1.0,1.0,0.9797170183008439,0.9829280272932567,1.0,1.0
hjdb/hjdb_Peakin_Thru_The_Window/track.npy,hjdb,1.0,1.0,1.0,1.0,0.9811874999230648,0.9737763906802225,1.0,1.0
hjdb/hjdb_Phizical_(Moody_Mix)/track.npy,hjdb,0.42105263157894735,0.4444444444444444,0.40930232558139534,0.4444444444444444,0.813866308894883,0.7439243953957374,0.8283378746594005,0.7578947368421053
hjdb/hjdb_R-type/track.npy,hjdb,0.9481481481481482,1.0,0.9481481481481482,1.0,0.9615076920106178,0.953643708531065,0.9776119402985074,0.9705882352941176
hjdb/hjdb_Return_Of_The_Donut_Pt2/track.npy,hjdb,1.0,1.0,1.0,1.0,0.9849355398041592,0.9846419737612364,1.0,1.0
hjdb/hjdb_Scottie/track.npy,hjdb,0.927710843373494,0.9545454545454546,0.927710843373494,0.9545454545454546,0.9384551927881308,0.9078963928706812,0.9575757575757576,0.9302325581395349
hjdb/hjdb_Spiritual_Aura/track.npy,hjdb,1.0,1.0,1.0,1.0,0.9809506657872122,0.9828437394253183,1.0,1.0
hjdb/hjdb_The_Slammer/track.npy,hjdb,1.0,1.0,1.0,1.0,0.9811712724238318,0.9791190261977497,1.0,1.0
hjdb/hjdb_Too_Much_(Ray_Keith_Rmx)/track.npy,hjdb,1.0,1.0,1.0,1.0,0.980276230989485,0.9788761276904486,1.0,1.0
hjdb/hjdb_You_Got_Me_Burnin_(A.A.S_Mix)/track.npy,hjdb,0.9824561403508771,1.0,0.9824561403508771,1.0,0.9640066991435194,0.9594556597393017,0.9911504424778761,1.0
jaah/jaah_002-thelonious_monk-bags_groove/track.npy,jaah,0.9952941176470588,0.9622641509433962,0.9952941176470588,0.9622641509433962,0.9702458886950532,0.9445144001024302,0.9976415094339623,0.9716981132075472
jaah/jaah_011-charlie_parker-blues_for_alice/track.npy,jaah,0.984375,0.9642857142857143,0.984375,0.9642857142857143,0.8958551305912219,0.8743204006408215,0.9899441340782122,0.9642857142857143
jaah/jaah_022-jelly_roll_mortons_red_hot_peppers-dead_man_blues/track.npy,jaah,0.9833795013850416,0.945054945054945,0.9833795013850416,0.945054945054945,0.9577465966819636,0.9524998825049704,0.9930651872399445,0.9832402234636871
jaah/jaah_035-jimmie_lunceford_and_his_orchestra-for_dancers_only/track.npy,jaah,0.9897172236503856,0.4270833333333333,0.9897172236503856,0.4270833333333333,0.9680630686264714,0.5523603555906786,0.9948453608247424,0.5133689839572193
jaah/jaah_039-john_coltrane-giant_steps/track.npy,jaah,0.6988041853512705,0.6388059701492538,0.6988041853512705,0.6388059701492538,0.7472860547940213,0.5579918970026182,0.96186117467582,0.6986089644513137
jaah/jaah_046-benny_goodman_and_his_orchestra-honeysuckle_rose/track.npy,jaah,0.9968701095461658,1.0,0.9968701095461658,1.0,0.9622302876417963,0.9686988611838522,0.9992169146436961,1.0
jaah/jaah_054-duke_ellington_his_orchestra-in_a_mellotone/track.npy,jaah,0.9975308641975309,0.8118811881188119,0.9975308641975309,0.8118811881188119,0.9647849091312977,0.8056719382737323,0.9975308641975309,0.8316831683168316
jaah/jaah_068-billie_holiday_teddy_wilson_and_his_orchestra-mean_to_me/track.npy,jaah,0.9969512195121951,1.0,0.9969512195121951,1.0,0.7512933942494562,0.7443949132329524,0.998473282442748,1.0
jaah/jaah_077-art_blakey_the_jazz_messengers-one_by_one/track.npy,jaah,0.9840490797546012,0.8627450980392157,0.9840490797546012,0.8627450980392157,0.9448745404264908,0.8421987025110775,0.9926108374384236,0.8796068796068796
jaah/jaah_085-the_george_shearing_quintet-september_in_the_rain/track.npy,jaah,0.9638242894056848,0.28865979381443296,0.9638242894056848,0.28865979381443296,0.6276467982325914,0.23536800379047051,0.951885565669701,0.3695652173913043
jaah/jaah_088-bessie_smith_louis_armstrong-st_louis_blues/track.npy,jaah,0.7647058823529411,0.3333333333333333,0.7647058823529411,0.3333333333333333,0.5196118220633537,0.2986920078134144,0.6481012658227848,0.3404255319148936
jaah/jaah_090-louis_armstrong_ella_fitzgerald-stompin_at_the_savoy/track.npy,jaah,0.9671610169491526,0.9364406779661016,0.9671610169491526,0.9364406779661016,0.9582690029124477,0.9245039396144659,0.9882604055496265,0.9531914893617022
jaah/jaah_097-count_basie_octet-the_golden_bullet/track.npy,jaah,0.986,0.944,0.986,0.944,0.968650376209276,0.9293105017323632,0.9919517102615695,0.9558232931726908
jaah/jaah_104-herbie_hancock-watermelon_man/track.npy,jaah,0.6805293005671077,0.5441176470588235,0.1581798483206934,0.21212121212121213,0.6467322705558545,0.5872813502030461,0.7079889807162535,0.6757493188010899
rwc/rwc_classical_CD1_06/track.npy,rwc_classical,0.46975806451612906,0.171875,0.46975806451612906,0.171875,0.547906913497191,0.3298652775315986,0.6365546218487395,0.3888888888888889
rwc/rwc_classical_CD3_01/track.npy,rwc_classical,0.6346938775510204,0.7623762376237624,0.6346938775510204,0.7623762376237624,0.7520250376336153,0.6938455960227713,0.8814317673378077,0.8235294117647058
rwc/rwc_classical_CD4_08/track.npy,rwc_classical,0.23952095808383234,0.17857142857142858,0.23952095808383234,0.05389221556886228,0.5986890384005967,0.35042980743923025,0.6596026490066225,0.374468085106383
rwc/rwc_classical_CD4_10/track.npy,rwc_classical,1.0,0.65,1.0,0.65,0.8898957296027075,0.7571428716803583,0.9944444444444445,0.890909090909091
rwc/rwc_classical_CD5_04/track.npy,rwc_classical,0.41935483870967744,0.23809523809523808,0.41935483870967744,0.16129032258064516,0.7344833407213848,0.4792035174729855,0.8018867924528302,0.5
rwc/rwc_classical_CD5_05/track.npy,rwc_classical,0.10921501706484642,0.16883116883116883,0.10921501706484642,0.025974025974025976,0.5322188092163398,0.3312036417608814,0.5915492957746479,0.3636363636363636
rwc/rwc_classical_CD6_08/track.npy,rwc_classical,0.1865079365079365,0.2153846153846154,0.1865079365079365,0.14285714285714285,0.4073813939330431,0.3779296883311707,0.56158940397351,0.4966442953020134
rwc/rwc_jazz_CD1_08/track.npy,rwc_jazz,0.48598130841121495,0.3137254901960784,0.48598130841121495,0.3137254901960784,0.5991276168379961,0.45130992449274315,0.7129186602870814,0.5325443786982248
rwc/rwc_jazz_CD1_11/track.npy,rwc_jazz,0.982051282051282,0.9794871794871794,0.982051282051282,0.9794871794871794,0.8575063063711389,0.8419945551681884,0.9679075738125802,0.9538461538461539
rwc/rwc_jazz_CD1_12/track.npy,rwc_jazz,0.6638418079096046,0.45454545454545453,0.6638418079096046,0.45454545454545453,0.6582325041633953,0.49288204536149066,0.7772511848341233,0.6134969325153374
rwc/rwc_jazz_CD3_02/track.npy,rwc_jazz,0.9953488372093023,1.0,0.9953488372093023,1.0,0.8037879093047151,0.832944619865303,0.9603729603729604,0.9811320754716981
rwc/rwc_jazz_CD3_05/track.npy,rwc_jazz,0.9827089337175793,0.991304347826087,0.9827089337175793,0.991304347826087,0.751174137555978,0.7548019014529822,0.9288824383164005,0.9170305676855894
rwc/rwc_jazz_CD4_12/track.npy,rwc_jazz,0.981651376146789,1.0,0.981651376146789,1.0,0.8313813878284009,0.8208066938613905,0.9426605504587156,0.944954128440367
rwc/rwc_popular_CD1_01/track.npy,rwc_popular,0.9977678571428571,1.0,0.9977678571428571,1.0,0.9743108940910472,0.9755826962757611,0.9988826815642458,1.0
rwc/rwc_popular_CD1_15/track.npy,rwc_popular,0.9881305637982196,0.9880952380952381,0.9881305637982196,0.9880952380952381,0.9768057435270822,0.9751288102129203,0.9940298507462687,0.9940119760479043
rwc/rwc_popular_CD2_02/track.npy,rwc_popular,0.6691042047531993,0.5916666666666667,0.6691042047531993,0.5916666666666667,0.8571086333868747,0.7540672593056374,0.9074626865671641,0.8034188034188033
rwc/rwc_popular_CD2_07/track.npy,rwc_popular,0.9952380952380953,0.9619047619047619,0.9952380952380953,0.9619047619047619,0.9640619838462816,0.9328437152113283,0.9964243146603098,0.9714285714285714
rwc/rwc_popular_CD2_08/track.npy,rwc_popular,0.9980119284294234,1.0,0.9980119284294234,1.0,0.9691615370917936,0.9716589567484746,0.999004975124378,1.0
rwc/rwc_popular_CD2_14/track.npy,rwc_popular,0.9969788519637462,1.0,0.9969788519637462,1.0,0.9805186212515905,0.9881229626706238,0.9984871406959154,1.0
rwc/rwc_popular_CD3_10/track.npy,rwc_popular,1.0,1.0,1.0,1.0,0.9687382690010972,0.9703985917732719,1.0,1.0
rwc/rwc_popular_CD4_10/track.npy,rwc_popular,1.0,1.0,1.0,1.0,0.941967557887578,0.945226626801128,1.0,1.0
rwc/rwc_popular_CD4_12/track.npy,rwc_popular,0.7247706422018348,0.524822695035461,0.1595744680851064,0.524822695035461,0.7606806731162907,0.7573282937801094,0.734006734006734,0.8446215139442231
rwc/rwc_popular_CD4_14/track.npy,rwc_popular,0.9670781893004116,0.9833333333333333,0.9670781893004116,0.9833333333333333,0.9495408567745851,0.9395200174653612,0.9812889812889812,0.9915966386554621
rwc/rwc_popular_CD5_05/track.npy,rwc_popular,0.6415620641562064,0.6256983240223464,0.2109777015437393,0.1643835616438356,0.7970139944468402,0.758565696466393,0.7452229299363057,0.6949152542372882
rwc/rwc_popular_CD5_15/track.npy,rwc_popular,0.8946015424164524,0.8979591836734694,0.8946015424164524,0.8979591836734694,0.9260780597087162,0.8887721164715341,0.9617918313570487,0.9278350515463918
rwc/rwc_popular_CD7_01/track.npy,rwc_popular,0.995475113122172,0.8828828828828829,0.995475113122172,0.8828828828828829,0.9721941026348886,0.8718391059518987,0.997737556561086,0.8828828828828829
rwc/rwc_royalty-free_CD1_06/track.npy,rwc_royalty-free,0.9720930232558139,0.7037037037037037,0.9720930232558139,0.7037037037037037,0.9331132933677034,0.6803643551238987,0.988235294117647,0.7289719626168224
rwc/rwc_royalty-free_CD1_14/track.npy,rwc_royalty-free,0.9942196531791907,0.9772727272727273,0.0,0.0,0.6704410364392901,0.6764608214024521,0.664092664092664,0.6615384615384615
simac/simac_Albedo_0.39_06-Alpha/track.npy,simac,0.9523809523809523,0.0,0.9523809523809523,0.0,0.8968985092752005,0.0,0.975609756097561,0.0
simac/simac_Alfagamabetizado_07-Bog_La_Bag/track.npy,simac,1.0,0.0,1.0,0.0,0.9358619731843211,0.0,1.0,0.0
simac/simac_Amber_02-Montreal/track.npy,simac,0.8333333333333334,0.0,0.8333333333333334,0.0,0.814926441234975,0.0,0.896551724137931,0.0
simac/simac_Amber_10-Nil/track.npy,simac,0.72,0.0,0.72,0.0,0.9224936103685145,0.0,0.9361702127659575,0.0
simac/simac_As_time_goes_by_disk_3_05-This_cant_be_love/track.npy,simac,0.36585365853658536,0.0,0.3103448275862069,0.0,0.6503927567611798,0.0,0.68,0.0
simac/simac_Bach_The_Well-Tempered_Clavier_II_(Disc_1)_12-Prelude_and_Fugue_No._6_in_D_minor_BWV_875_-_2._Fuga/track.npy,simac,0.9411764705882353,0.0,0.9411764705882353,0.0,0.9054052383327766,0.0,0.9696969696969697,0.0
simac/simac_Bach_The_Well-Tempered_Clavier_II_(Disc_1)_17-Prelude_and_Fugue_No._9_in_E_major_BWV_878_-_1._Praeludium/track.npy,simac,0.9642857142857143,0.0,0.9642857142857143,0.0,0.8141713522956688,0.0,0.9454545454545454,0.0
simac/simac_Bach_The_Well-Tempered_Clavier_II_(Disc_1)_19-Prelude_and_Fugue_No._10_in_E_minor_BWV_879_-_1._Praeludium/track.npy,simac,0.034482758620689655,0.0,0.0,0.0,0.30597589502665723,0.0,0.3673469387755102,0.0
simac/simac_Bach_The_Well-Tempered_Clavier_II_(Disc_1)_20-Prelude_and_Fugue_No._10_in_E_minor_BWV_879_-_2._Fuga/track.npy,simac,0.9473684210526315,0.0,0.9473684210526315,0.0,0.9562956321525181,0.0,0.972972972972973,0.0
simac/simac_Bach_The_Well-Tempered_Clavier_II_(Disc_1)_21-Prelude_and_Fugue_No._11_in_F_major_BWV_880_-_1._Praeludium/track.npy,simac,1.0,0.0,1.0,0.0,0.9425970431007004,0.0,1.0,0.0
simac/simac_Bach_The_Well-Tempered_Clavier_II_(Disc_2)_07-Prelude_and_Fugue_No._16_G_minor_BWV_885_-_1._Praeludium/track.npy,simac,1.0,0.0,1.0,0.0,0.9124651125121926,0.0,1.0,0.0
simac/simac_Bela_Bartok_06-The_Miraculous_Mandarin_6.1_Sempre_vivo_6.2_Adagio/track.npy,simac,0.0,0.0,0.0,0.0,0.0,0.0,0.0,0.0
simac/simac_Bela_Bartok_09-Music_for_Strings_Percussion_and_Celesta_I_Andante_tranquillo/track.npy,simac,0.3076923076923077,0.0,0.11538461538461539,0.0,0.3484744534559941,0.0,0.46153846153846156,0.0
simac/simac_Bernstein_conducts_Stravinsky_12-Summoning_of_the_ancestors/track.npy,simac,0.2,0.0,0.0,0.0,0.35377583105837396,0.0,0.4615384615384615,0.0
simac/simac_Bernstein_conducts_Stravinsky_14-Sacrifical_dance-_the_chosen_victim/track.npy,simac,0.0625,0.0,0.0,0.0,0.20269419377474102,0.0,0.21621621621621623,0.0
simac/simac_Billie_Holiday_CD1_02-Carelessly/track.npy,simac,1.0,0.0,1.0,0.0,0.9623795252845734,0.0,1.0,0.0
simac/simac_Billie_Holiday_CD1_06-Who_loves_you/track.npy,simac,0.9,0.0,0.9,0.0,0.8552342049254088,0.0,0.9500000000000001,0.0
simac/simac_Cafe_Zimmermann_03-Concerto_pour_deux_violons_&_cordes_en_r_mineur_BWV_1043_-_Vivace/track.npy,simac,1.0,0.0,1.0,0.0,0.9405700988437802,0.0,1.0,0.0
simac/simac_Cafe_Zimmermann_14-Concerto_pour_hautbois_&_violon_en_ut_mineur_BWV_1060_-_Adagio/track.npy,simac,0.76,0.0,0.76,0.0,0.8161573184065456,0.0,0.9361702127659575,0.0
simac/simac_Classic_Borodin_-_String_quartet_2_D_01/track.npy,simac,0.47368421052631576,0.0,0.47368421052631576,0.0,0.38946234035812427,0.0,0.5,0.0
simac/simac_Classic_Track_01/track.npy,simac,0.625,0.0,0.625,0.0,0.41229402766167145,0.0,0.5517241379310345,0.0
simac/simac_Concert_04-4._Bourre/track.npy,simac,1.0,0.0,0.0,0.0,0.7372868063089971,0.0,0.6666666666666666,0.0
simac/simac_Concert_18-2._Allegro/track.npy,simac,0.967741935483871,0.0,0.967741935483871,0.0,0.9402171335017243,0.0,0.9836065573770492,0.0
simac/simac_DGG_419_047-2_09-Toccata_Adagio_u._Fuge_C-dur_BWV_564_-_III_Fuge/track.npy,simac,1.0,0.0,1.0,0.0,0.8255879004571807,0.0,1.0,0.0
simac/simac_Ella_&_Louis_02-We_Cant_Go_On_This_Way/track.npy,simac,0.9259259259259259,0.0,0.9259259259259259,0.0,0.7916406342109898,0.0,0.9615384615384615,0.0
simac/simac_Ella_&_Louis_03-A_Tisket-A_Tasket/track.npy,simac,0.9545454545454546,0.0,0.9545454545454546,0.0,0.7852879331501705,0.0,0.8837209302325582,0.0
simac/simac_Ella_&_Louis_04-Sing_Song_Swing/track.npy,simac,1.0,0.0,1.0,0.0,0.8157825888249373,0.0,1.0,0.0
simac/simac_Ella_&_Louis_14-Coochi_Coochi_Coo/track.npy,simac,0.9333333333333333,0.0,0.9333333333333333,0.0,0.8717407879968877,0.0,0.9655172413793104,0.0
simac/simac_Eres_luz_04-Como_tu_ninguna_(Rumba)/track.npy,simac,0.9230769230769231,0.0,0.9230769230769231,0.0,0.837936377849575,0.0,0.9411764705882353,0.0
simac/simac_Fado_09-AudioTrack_09/track.npy,simac,0.8461538461538461,0.0,0.8461538461538461,0.0,0.6779342830395413,0.0,0.8799999999999999,0.0
simac/simac_Family_Tree_-_Greatest_Hits_As_Chosen_By_Bjork_09-Scatterheart/track.npy,simac,0.32,0.0,0.32,0.0,0.5950595618270004,0.0,0.631578947368421,0.0
simac/simac_Gold_-_Greatest_Hits_06-Super_Trouper/track.npy,simac,1.0,0.0,1.0,0.0,0.965645961035572,0.0,1.0,0.0
simac/simac_Gold_-_Greatest_Hits_07-I_Have_A_Dream/track.npy,simac,1.0,0.0,0.0,0.0,0.7588499033858414,0.0,0.6842105263157895,0.0
simac/simac_Gold_-_Greatest_Hits_14-Gimme_Gimme_Gimme_(A_Man_After_Midnight)/track.npy,simac,1.0,0.0,1.0,0.0,0.9577917921453775,0.0,1.0,0.0
simac/simac_Gold_-_Greatest_Hits_16-One_Of_Us/track.npy,simac,1.0,0.0,0.0,0.0,0.7518962400376987,0.0,0.6557377049180327,0.0
simac/simac_Kocani_Orkester_Kocani_Orkestar_-_Burkan_Cocek/track.npy,simac,0.9130434782608695,0.0,0.9130434782608695,0.0,0.7025397987051167,0.0,0.9333333333333332,0.0
simac/simac_Niandra_LaDes_and_Usually_Just_a_T-Shirt_06-Running_Away_Into_You/track.npy,simac,0.6896551724137931,0.0,0.16666666666666666,0.0,0.6286684408555175,0.0,0.7179487179487181,0.0
simac/simac_Niandra_LaDes_and_Usually_Just_a_T-Shirt_19-Usually_Just_a_T-Shirt_Untitled_7/track.npy,simac,1.0,0.0,0.0,0.0,0.7293429851080704,0.0,0.6551724137931034,0.0
simac/simac_Papakonstantinou_15-AudioTrack_15/track.npy,simac,0.6363636363636364,0.0,0.0,0.0,0.5948673714201814,0.0,0.5806451612903226,0.0
simac/simac_Primer_Aliento_05-Programa_en_espiral/track.npy,simac,1.0,0.0,0.0,0.0,0.7080699117987674,0.0,0.6666666666666666,0.0
simac/simac_Primer_Aliento_06-La_persecucion/track.npy,simac,0.8695652173913043,0.0,0.8695652173913043,0.0,0.8115411894853956,0.0,0.8636363636363636,0.0
simac/simac_Primer_Aliento_08-El_ultimo_asalto_a_la_Bastilla/track.npy,simac,1.0,0.0,1.0,0.0,0.9536865620081811,0.0,1.0,0.0
simac/simac_Samba_na_Madrugada_04-Sofreguidao/track.npy,simac,1.0,0.0,1.0,0.0,0.9265512999977457,0.0,1.0,0.0
simac/simac_Samba_na_Madrugada_06-Minha_Cofissao/track.npy,simac,0.9,0.0,0.9,0.0,0.7184320561230809,0.0,0.8000000000000002,0.0
simac/simac_Samba_na_Madrugada_09-Depois_de_Tanto_Amor/track.npy,simac,0.0,0.0,0.0,0.0,0.00023438001741530223,0.0,0.0,0.0
simac/simac_Samba_na_Madrugada_10-Samba_Original/track.npy,simac,0.9259259259259259,0.0,0.9259259259259259,0.0,0.8365263894876515,0.0,0.923076923076923,0.0
simac/simac_So_Cartola_03-Sala_de_Recepcao/track.npy,simac,0.9375,0.0,0.0,0.0,0.5936999069165598,0.0,0.6521739130434783,0.0
simac/simac_Songs_Afrocuba_-_A_Luisa/track.npy,simac,0.25925925925925924,0.0,0.25925925925925924,0.0,0.12821321761390161,0.0,0.18518518518518517,0.0
simac/simac_Songs_Alejandro_(Alex_Benson)_-_Tengo_una_penita/track.npy,simac,1.0,0.0,1.0,0.0,0.9384354362107125,0.0,1.0,0.0
simac/simac_Songs_Alfredo_-_La_rumba_de_Alfredo/track.npy,simac,0.9642857142857143,0.0,0.9642857142857143,0.0,0.9171036943989955,0.0,0.9818181818181818,0.0
simac/simac_Songs_Caracas_Latin_Brothers_-_El_espectaculo/track.npy,simac,0.9310344827586207,0.0,0.9310344827586207,0.0,0.9100286717496736,0.0,0.9642857142857143,0.0
simac/simac_Tanto_Tempo_08-Lonely/track.npy,simac,0.8636363636363636,0.0,0.8636363636363636,0.0,0.7870807800979588,0.0,0.9523809523809523,0.0
simac/simac_The_Crackdown_09-Crackdown/track.npy,simac,1.0,0.0,1.0,0.0,0.9841537138658228,0.0,1.0,0.0
simac/simac_Tomatito_Tomatito-02.La_voz_del_tiempo/track.npy,simac,0.8,0.0,0.8,0.0,0.7796553819388522,0.0,0.9387755102040817,0.0
simac/simac_VOL.3_Musiques_pour_guitare_et_violoncelle_04-4._Hommage_ade_Falla_(Allegro)/track.npy,simac,0.21428571428571427,0.0,0.10344827586206896,0.0,0.5742848732349758,0.0,0.6190476190476191,0.0
simac/simac_VOL.3_Musiques_pour_guitare_et_violoncelle_12-Cancion/track.npy,simac,0.03125,0.0,0.0,0.0,0.36381766843567864,0.0,0.425531914893617,0.0
simac/simac_Xatzidakis_22-AudioTrack_22/track.npy,simac,1.0,0.0,1.0,0.0,0.7749397638246334,0.0,0.9230769230769231,0.0
simac/simac_greek_Gkoles_-_Mou_fages_ta_daxtylidia/track.npy,simac,0.8636363636363636,0.0,0.8636363636363636,0.0,0.7754282028697839,0.0,0.9047619047619048,0.0
simac/simac_greek_Perdika(xwris_logia)/track.npy,simac,0.47619047619047616,0.0,0.35294117647058826,0.0,0.5301330544312275,0.0,0.6428571428571428,0.0
simac/simac_more_greek_07_Psevdoixos/track.npy,simac,0.48148148148148145,0.0,0.48148148148148145,0.0,0.7470434171750086,0.0,0.8260869565217391,0.0
simac/simac_more_greek_Dionysiou_-_Na_eixa_to_kouragio/track.npy,simac,0.4166666666666667,0.0,0.4166666666666667,0.0,0.2996215559012451,0.0,0.2978723404255319,0.0
simac/simac_more_greek_Gkoles_-_Mortissa_ki_alanis/track.npy,simac,0.96,0.0,0.96,0.0,0.8052182344428591,0.0,0.9795918367346939,0.0
simac/simac_more_greek_Gkoles_-_Peristeriwtissa/track.npy,simac,1.0,0.0,1.0,0.0,0.8746627387215782,0.0,1.0,0.0
simac/simac_more_greek_Marinella_-_Pes_pws_m_antamwses/track.npy,simac,0.9285714285714286,0.0,0.9285714285714286,0.0,0.9014188154282802,0.0,0.962962962962963,0.0
simac/simac_more_greek_Marinella_-_Stalia_stalia/track.npy,simac,1.0,0.0,1.0,0.0,0.8953378344326063,0.0,1.0,0.0
simac/simac_more_greek_Mpellou_-_Anastenazw_kai_ponw/track.npy,simac,0.9375,0.0,0.9375,0.0,0.7947541342977266,0.0,0.967741935483871,0.0
simac/simac_more_greek_Mpellou_-_Apopse_kaneis_mpam/track.npy,simac,1.0,0.0,1.0,0.0,0.8042298317041079,0.0,0.9375,0.0
simac/simac_more_greek_Mpellou_-_Kardia_paraponiara/track.npy,simac,1.0,0.0,1.0,0.0,0.9278230656405569,0.0,1.0,0.0
simac/simac_more_greek_Mpellou_-_Prin_to_xarama_monaxos/track.npy,simac,0.875,0.0,0.875,0.0,0.737820598364088,0.0,0.9032258064516129,0.0
simac/simac_more_greek_Mpi8ikwtsis_-_Drapetswna/track.npy,simac,1.0,0.0,1.0,0.0,0.8176412475573166,0.0,0.8823529411764706,0.0
simac/simac_more_greek_Mpi8ikwtsis_-_Eimai_aitos_xwris_ftera/track.npy,simac,1.0,0.0,1.0,0.0,0.8747915306552272,0.0,1.0,0.0
simac/simac_more_greek_Mpi8ikwtsis_-_Sta_xeria_sou_megalwsan/track.npy,simac,0.9375,0.0,0.9375,0.0,0.8070592342004137,0.0,0.967741935483871,0.0
simac/simac_selected_ambient_works_8592_hedphelym/track.npy,simac,0.5483870967741935,0.0,0.5483870967741935,0.0,0.5745034725463528,0.0,0.8727272727272727,0.0
simac/simac_selected_ambient_works_8592_heliosphan/track.npy,simac,1.0,0.0,1.0,0.0,0.9315024206942575,0.0,1.0,0.0
smc/smc_008/track.npy,smc,0.0,0.0,0.0,0.0,0.3132226836719994,0.0,0.41379310344827586,0.0
smc/smc_010/track.npy,smc,0.9555555555555556,0.0,0.9555555555555556,0.0,0.7465879583028128,0.0,0.9213483146067416,0.0
smc/smc_014/track.npy,smc,0.4666666666666667,0.0,0.4666666666666667,0.0,0.5879023237936266,0.0,0.7200000000000001,0.0
smc/smc_015/track.npy,smc,0.43902439024390244,0.0,0.0,0.0,0.38974737956861183,0.0,0.40740740740740733,0.0
smc/smc_023/track.npy,smc,0.6341463414634146,0.0,0.16666666666666666,0.0,0.7060146559063527,0.0,0.7017543859649122,0.0
smc/smc_024/track.npy,smc,0.38461538461538464,0.0,0.12,0.0,0.5910329812828221,0.0,0.5964912280701754,0.0
smc/smc_036/track.npy,smc,0.7368421052631579,0.0,0.7368421052631579,0.0,0.6731300451023617,0.0,0.8918918918918918,0.0
smc/smc_046/track.npy,smc,0.8157894736842105,0.0,0.8157894736842105,0.0,0.5338420200379979,0.0,0.6578947368421053,0.0
smc/smc_064/track.npy,smc,0.24242424242424243,0.0,0.24242424242424243,0.0,0.012570164381801856,0.0,0.0,0.0
smc/smc_079/track.npy,smc,0.75,0.0,0.75,0.0,0.8447191805250935,0.0,0.9170731707317072,0.0
smc/smc_080/track.npy,smc,0.3333333333333333,0.0,0.3333333333333333,0.0,0.44983169134203904,0.0,0.5217391304347826,0.0
smc/smc_092/track.npy,smc,1.0,0.0,0.0,0.0,0.6530623505642339,0.0,0.6126126126126126,0.0
smc/smc_119/track.npy,smc,0.7027027027027027,0.0,0.7027027027027027,0.0,0.34327978405274345,0.0,0.4927536231884059,0.0
smc/smc_146/track.npy,smc,0.5757575757575758,0.0,0.5757575757575758,0.0,0.44305968114143174,0.0,0.631578947368421,0.0
smc/smc_148/track.npy,smc,0.09523809523809523,0.0,0.0,0.0,4.999919678946086e-05,0.0,0.0,0.0
smc/smc_151/track.npy,smc,0.02564102564102564,0.0,0.012987012987012988,0.0,0.22869794696545073,0.0,0.28571428571428575,0.0
smc/smc_153/track.npy,smc,0.0,0.0,0.0,0.0,0.1588875250031183,0.0,0.1846153846153846,0.0
smc/smc_159/track.npy,smc,0.37037037037037035,0.0,0.0,0.0,0.3745247754226727,0.0,0.3142857142857142,0.0
smc/smc_182/track.npy,smc,0.926829268292683,0.0,0.926829268292683,0.0,0.6044176715336955,0.0,0.8148148148148149,0.0
smc/smc_192/track.npy,smc,0.3333333333333333,0.0,0.3333333333333333,0.0,0.23352418937809044,0.0,0.3703703703703704,0.0
smc/smc_193/track.npy,smc,0.8636363636363636,0.0,0.8636363636363636,0.0,0.5964736014417663,0.0,0.8045977011494252,0.0
smc/smc_195/track.npy,smc,0.5925925925925926,0.0,0.0,0.0,0.3636261726382788,0.0,0.3870967741935484,0.0
smc/smc_205/track.npy,smc,0.8809523809523809,0.0,0.8809523809523809,0.0,0.7260811768972841,0.0,0.8915662650602411,0.0
smc/smc_211/track.npy,smc,0.5714285714285714,0.0,0.5714285714285714,0.0,0.32174399465828857,0.0,0.564102564102564,0.0
smc/smc_236/track.npy,smc,0.7419354838709677,0.0,0.7419354838709677,0.0,0.5557094694177712,0.0,0.6774193548387096,0.0
smc/smc_257/track.npy,smc,0.55,0.0,0.17647058823529413,0.0,0.4226106088363871,0.0,0.537037037037037,0.0
smc/smc_272/track.npy,smc,0.5245901639344263,0.0,0.0,0.0,0.6199529887362984,0.0,0.6408839779005524,0.0
smc/smc_285/track.npy,smc,0.6875,0.0,0.05,0.0,0.479577976566961,0.0,0.18666666666666665,0.0
tapcorrect/015_youtube_ltRgb4SJ1uk/track.npy,tapcorrect,0.8952654232424677,0.8742857142857143,0.8952654232424677,0.8742857142857143,0.918920048502156,0.9008103577089792,0.9734904270986746,0.9439528023598821
tapcorrect/021_youtube_lzdGpNGH9BI/track.npy,tapcorrect,0.9250936329588015,0.9104477611940298,0.9250936329588015,0.9104477611940298,0.9313181647684231,0.9256155491540202,0.9673704414587332,0.9618320610687023
tapcorrect/025_youtube_8jsFGdeWNPo/track.npy,tapcorrect,0.8827586206896552,0.379746835443038,0.8827586206896552,0.379746835443038,0.8741086106041288,0.6091031326436189,0.9129662522202486,0.5945945945945945
tapcorrect/053_youtube_yuxchcK5Gek/track.npy,tapcorrect,1.0,1.0,1.0,1.0,0.9754728998858445,0.968235077188621,1.0,1.0
tapcorrect/062_youtube_Yi3GJEEMX4s/track.npy,tapcorrect,0.9921156373193167,0.9790575916230366,0.9921156373193167,0.9790575916230366,0.9711066027889818,0.9696328167829189,0.992767915844839,0.9868766404199475
tapcorrect/073_youtube_qZuH-5St80A/track.npy,tapcorrect,0.9363449691991786,0.7213114754098361,0.9363449691991786,0.7213114754098361,0.9354780461298319,0.7311756821275698,0.9671261930010604,0.751054852320675
tapcorrect/076_youtube_pjcOzqxu4JQ/track.npy,tapcorrect,0.9961832061068703,1.0,0.9961832061068703,1.0,0.9731963632397633,0.9748338324204453,0.9980879541108987,1.0
tapcorrect/084_youtube_zH9sXggRlxc/track.npy,tapcorrect,1.0,1.0,1.0,1.0,0.9571724050039457,0.9551515660775203,1.0,1.0
tapcorrect/088_youtube_D1ACUFvxAGQ/track.npy,tapcorrect,0.9138755980861244,0.6981132075471698,0.9138755980861244,0.6981132075471698,0.8747774801000081,0.7958732128079213,0.9234567901234568,0.8400000000000001
tapcorrect/089_youtube_Ghg70fI6HLI/track.npy,tapcorrect,0.9962264150943396,0.9850746268656716,0.9962264150943396,0.9850746268656716,0.9733541237514537,0.9725403699246707,0.998109640831758,0.9924812030075187
tapcorrect/094_youtube_FrGARptU-kQ/track.npy,tapcorrect,0.9886480908152735,0.5846774193548387,0.9886480908152735,0.5846774193548387,0.9635492855096758,0.642337890121953,0.9881259679917398,0.656964656964657
tapcorrect/101_youtube_O64IDCVI3eM/track.npy,tapcorrect,0.9479553903345725,0.8382352941176471,0.9479553903345725,0.8382352941176471,0.9109790663805217,0.8526074569938129,0.9659090909090909,0.887218045112782
