piece,dataset,bpm,ibi_cv,ibi_range
hainsworth/hainsworth_017,hainsworth,136.36363636363623,0.010841265484563033,0.02272727272727626
hainsworth/hainsworth_047,hainsworth,67.076579094466,0.012029999044365263,0.030743432084967392
hainsworth/hainsworth_122,hainsworth,67.55514708210762,0.10733089975018545,0.2389297386669134
hainsworth/hainsworth_243,hainsworth,150.00000000000054,0.029531056747821277,0.05071428700001064
hainsworth/hainsworth_228,hainsworth,103.44827586206927,0.022872198020352442,0.0517241379310366
hainsworth/hainsworth_015,hainsworth,136.36363636363652,0.01290712789378937,0.022727272727276305
hainsworth/hainsworth_040,hainsworth,128.2051282051282,0.00520055294458736,0.012179487179486076
hainsworth/hainsworth_170,hainsworth,92.30769230769226,0.010059174387648992,0.030769230769230098
hainsworth/hainsworth_176,hainsworth,101.69491525423732,0.010717002753072878,0.03389830508474542
hainsworth/hainsworth_163,hainsworth,92.30769230769226,0.013427527784819353,0.03076923076923454
hainsworth/hainsworth_139,hainsworth,139.53488372093034,0.15316945145826302,0.32558139534883707
hainsworth/hainsworth_089,hainsworth,133.3333333333346,0.022514290565462548,0.06666666666666983
hainsworth/hainsworth_021,hainsworth,103.44827586206927,0.014912983201294347,0.03344827586206959
hainsworth/hainsworth_025,hainsworth,71.51370679380219,0.021088338922563777,0.05220500595947712
hainsworth/hainsworth_037,hainsworth,128.47965738758063,0.024555204388482858,0.06167023554604559
hainsworth/hainsworth_083,hainsworth,117.64705882352987,0.024264214397529446,0.05882352941176107
hainsworth/hainsworth_104,hainsworth,266.65323089920605,0.021607700230892587,0.044442205149874625
hainsworth/hainsworth_064,hainsworth,116.9590643274852,0.012911986913740908,0.029239766081870244
hainsworth/hainsworth_147,hainsworth,95.23809523809538,0.016526323309072038,0.03174603174603676
hainsworth/hainsworth_127,hainsworth,65.23346979472132,0.2538641702777975,0.3270795335879058
hainsworth/hainsworth_073,hainsworth,77.2200772200772,0.020079153526645376,0.04504504504504408
hainsworth/hainsworth_205,hainsworth,44.53833139548724,0.07808115308825393,0.15780472844914242
hainsworth/hainsworth_128,hainsworth,58.25242718446616,0.08646378898587757,0.2098188147572808
hainsworth/hainsworth_157,hainsworth,136.36363636363652,0.009756249798680313,0.022727272727276305
hainsworth/hainsworth_167,hainsworth,65.2173913043477,0.005261934435189167,0.010869565217392983
hainsworth/hainsworth_145,hainsworth,96.77419354838722,0.027595859311946073,0.08064516129032168
hainsworth/hainsworth_164,hainsworth,98.36065573770559,0.01462965170066635,0.03278688524590262
hainsworth/hainsworth_181,hainsworth,89.55223880596992,0.011900387158793548,0.022388059701499957
hainsworth/hainsworth_111,hainsworth,109.09090909090965,0.04496726914150244,0.09985157672726695
hainsworth/hainsworth_125,hainsworth,71.77734377979058,0.15581054733618088,0.22773437516776318
hainsworth/hainsworth_012,hainsworth,107.38636358450098,0.16972492792470203,0.2671347382914417
hainsworth/hainsworth_188,hainsworth,113.20754716981108,0.03683957198630467,0.09433962264151392
hainsworth/hainsworth_240,hainsworth,124.99999999999989,0.052765812854650165,0.08333333333334629
hainsworth/hainsworth_108,hainsworth,149.9999999999992,0.02593802992453561,0.05000000000001199
hainsworth/hainsworth_146,hainsworth,82.19178082191776,0.010293016244882948,0.02739726027397611
hainsworth/hainsworth_186,hainsworth,99.99999999999991,0.0090384142944129,0.03333333333333019
hainsworth/hainsworth_149,hainsworth,187.49999999999983,0.02477553498045642,0.06250000000000416
hainsworth/hainsworth_080,hainsworth,125.00000000000081,0.022491403554328764,0.06249999999999537
hainsworth/hainsworth_174,hainsworth,130.4347826086954,0.018510984147898188,0.021739130434802138
hainsworth/hainsworth_086,hainsworth,133.3333333333325,0.025907495206355494,0.06666666666666878
hainsworth/hainsworth_041,hainsworth,104.89510489510472,0.005790365463569556,0.013986013986013976
hainsworth/hainsworth_244,hainsworth,98.05629158060701,0.03682053930774346,0.08700550375582931
hainsworth/hainsworth_229,hainsworth,117.64705882352987,0.01753464493624185,0.03921568627450934
hainsworth/hainsworth_241,hainsworth,75.00000000000027,0.03325189072052361,0.09125000000000123
hainsworth/hainsworth_221,hainsworth,81.21546963569449,0.0547191394491201,0.13392265155080754
hainsworth/hainsworth_138,hainsworth,193.548387096775,0.25241742365691694,0.6774193548387224
hainsworth/hainsworth_079,hainsworth,151.89873417721398,0.02334122995291173,0.05822784810126457
hainsworth/hainsworth_143,hainsworth,122.44897959183713,0.026730428642465866,0.06326530612244415
hainsworth/hainsworth_183,hainsworth,96.77419354838715,0.014098995852303115,0.03225806451613409
hainsworth/hainsworth_098,hainsworth,136.36363636363598,0.023376728401289144,0.06818181818181855
hainsworth/hainsworth_066,hainsworth,130.4347826086954,0.01278142307916106,0.0410869565217402
hainsworth/hainsworth_062,hainsworth,139.53488372093034,0.03990545329010652,0.09627906976744398
hainsworth/hainsworth_189,hainsworth,60.0,0.02540906599033426,0.06299999999999928
hainsworth/hainsworth_065,hainsworth,98.68421052631628,0.02132057080415381,0.05263157894735978
hainsworth/hainsworth_050,hainsworth,117.64705882352946,0.016221663938713826,0.0392156862745055
hainsworth/hainsworth_097,hainsworth,89.55223880597087,0.01899927039705721,0.04477611940298713
hainsworth/hainsworth_082,hainsworth,107.14285714285671,0.02427569653690274,0.053571428571430386
hainsworth/hainsworth_208,hainsworth,105.26315789473679,0.032628472986114314,0.08771929824561095
hainsworth/hainsworth_121,hainsworth,70.55247440291853,0.04766414166626997,0.11535836225713644
hainsworth/hainsworth_068,hainsworth,100.50251256281385,0.012779997685492376,0.034170854271358526
hainsworth/hainsworth_226,hainsworth,92.30769230769201,0.030701264748605264,0.07692307692308323
hainsworth/hainsworth_117,hainsworth,139.53488372092917,0.03949069560692165,0.11627906976744262
hainsworth/hainsworth_154,hainsworth,133.33333333333354,0.011123813265215996,0.022222222222233627
hainsworth/hainsworth_158,hainsworth,139.53488372093034,0.00877707451472545,0.02325581395348957
hainsworth/hainsworth_071,hainsworth,109.89010989011001,0.023264048776302084,0.04963369963370114
hainsworth/hainsworth_091,hainsworth,72.28915662650601,0.01899207311760236,0.03614457831325478
hainsworth/hainsworth_126,hainsworth,60.059923707800834,0.10988967488016466,0.2711049574914475
hainsworth/hainsworth_151,hainsworth,130.43478260869554,0.015475380864641515,0.04347826086956425
hainsworth/hainsworth_169,hainsworth,89.55223880597016,0.007684816124079528,0.014925373134330693
hainsworth/hainsworth_137,hainsworth,173.91304347826076,0.43807000059261164,1.420289855072466
hainsworth/hainsworth_232,hainsworth,120.0,0.020310151442321164,0.04600000000000437
hainsworth/hainsworth_140,hainsworth,87.59269069478404,0.35214045218879003,0.6057468230036201
hainsworth/hainsworth_152,hainsworth,115.8316369589005,0.02369455628215668,0.06357607254099076
hainsworth/hainsworth_133,hainsworth,77.9025776422418,0.20770264252170687,0.40708954692975236
hainsworth/hainsworth_179,hainsworth,115.38461538461587,0.013435878767868729,0.01923076923077915
hainsworth/hainsworth_194,hainsworth,122.44897959183623,0.03278440336109812,0.08163265306122604
hainsworth/hainsworth_043,hainsworth,134.83146067415723,0.010820954580925617,0.023595505617970424
hainsworth/hainsworth_114,hainsworth,210.5179416073542,0.025819327848086913,0.05823852192937276
hainsworth/hainsworth_245,hainsworth,105.2631578947381,0.044503613782600905,0.11578947368421377
hainsworth/hainsworth_215,hainsworth,99.99999999999976,0.015697139986783248,0.03333333333333273
hainsworth/hainsworth_238,hainsworth,115.38461538461549,0.009850419554907414,0.019230769230779085
hainsworth/hainsworth_119,hainsworth,176.47058823529605,0.037672800774260606,0.08823529411765137
hainsworth/hainsworth_162,hainsworth,84.50704225352102,0.015733116619268628,0.04225352112676524
hainsworth/hainsworth_055,hainsworth,198.675496688742,0.020144281993664227,0.05298013245033713
hainsworth/hainsworth_081,hainsworth,111.11111111111128,0.023508261901432723,0.05555555555555652
hainsworth/hainsworth_141,hainsworth,154.240745969121,0.2408280281294439,0.658641795373803
hainsworth/hainsworth_039,hainsworth,130.4347826086954,0.008727586736596451,0.01956521739130626
hainsworth/hainsworth_210,hainsworth,175.18538138956944,0.04907993347574585,0.1396318851770907
hainsworth/hainsworth_069,hainsworth,80.0,0.028304731977456758,0.06666666666667236
hainsworth/hainsworth_001,hainsworth,99.99999999999976,0.01965462047789181,0.04666666666666863
hainsworth/hainsworth_016,hainsworth,136.36363636363652,0.020841036544295012,0.045454545454544915
hainsworth/hainsworth_207,hainsworth,181.81818181818178,0.071363976803042,0.1359857060605996
hainsworth/hainsworth_200,hainsworth,103.44827586206864,0.03300702963983128,0.08620689655172202
hainsworth/hainsworth_120,hainsworth,265.0240382544895,0.03515238754585558,0.08239182498370108
hainsworth/hainsworth_096,hainsworth,124.99999999999989,0.025489435707983822,0.06250000000000232
hainsworth/hainsworth_046,hainsworth,96.15384615384608,0.502390296060534,0.03958333333333499
hainsworth/hainsworth_212,hainsworth,124.99999999999943,0.020465400062579294,0.06250000000000208
hainsworth/hainsworth_088,hainsworth,146.34146341463537,0.025408480536150458,0.07317073170731667
hainsworth/hainsworth_190,hainsworth,85.71428571428537,0.04401993157119021,0.11428571428571138
hainsworth/hainsworth_191,hainsworth,80.0,0.04185160685569933,0.08933333333333282
hainsworth/hainsworth_022,hainsworth,63.76195536663107,0.025162623897213184,0.06482465462274531
hainsworth/hainsworth_048,hainsworth,88.2352941176471,0.016090311826822377,0.04411764705882489
hainsworth/hainsworth_103,hainsworth,81.08108108108125,0.03544801486706309,0.09189189189189352
hainsworth/hainsworth_093,hainsworth,150.00000000000054,0.02432414591851893,0.050000000000007996
hainsworth/hainsworth_042,hainsworth,144.92753623188355,0.00580827060099175,0.014492753623175897
hainsworth/hainsworth_153,hainsworth,133.9306050512079,0.024413355977393098,0.05560195208098443
hainsworth/hainsworth_165,hainsworth,86.95652173913047,0.02084347585568686,0.056521739130432604
hainsworth/hainsworth_184,hainsworth,90.90909090909089,0.013243888552112114,0.030303030303035033
hainsworth/hainsworth_110,hainsworth,166.66666666666694,0.031049082430162703,0.08333333333333338
hainsworth/hainsworth_058,hainsworth,83.56545961002745,0.027758672234588555,0.08300835654595516
hainsworth/hainsworth_178,hainsworth,124.99999999999989,0.017456016653259458,0.04166666666666944
hainsworth/hainsworth_218,hainsworth,90.12875539381815,0.5822765231108425,0.23225015320780656
hainsworth/hainsworth_166,hainsworth,68.18181818181799,0.015848446355479343,0.04545454545454435
hainsworth/hainsworth_198,hainsworth,133.33333333333354,0.02296559626674687,0.04444444444445146
hainsworth/hainsworth_072,hainsworth,130.4347826086954,0.017985743991905643,0.04347826086957193
hainsworth/hainsworth_059,hainsworth,103.44827586206831,0.019565382202578915,0.04655172413793251
hainsworth/hainsworth_227,hainsworth,133.3333333333325,0.21756201280465765,0.06666666666665631
hainsworth/hainsworth_237,hainsworth,84.50704225352102,0.01016218902742169,0.014084507042270718
hainsworth/hainsworth_230,hainsworth,115.38461538461627,0.02359493131007866,0.03846153846154477
hainsworth/hainsworth_020,hainsworth,109.09090909090965,0.014467475034576016,0.032727272727279384
hainsworth/hainsworth_222,hainsworth,139.53488372093017,0.025368656578709955,0.0697674418604636
hainsworth/hainsworth_009,hainsworth,160.8559529164217,0.03119748847492945,0.07983829220757209
hainsworth/hainsworth_094,hainsworth,84.50704225352102,0.02328929211891846,0.05633802816900875
hainsworth/hainsworth_172,hainsworth,124.99999999999989,0.014372295405189438,0.041666666666673145
hainsworth/hainsworth_060,hainsworth,101.69491525423732,0.026068832307723097,0.0677966101694901
hainsworth/hainsworth_008,hainsworth,104.16666666666657,0.03460285509149795,0.08541666666666682
hainsworth/hainsworth_023,hainsworth,137.61467889908258,0.018420081663085782,0.04587155963302948
hainsworth/hainsworth_051,hainsworth,120.0,0.0082086008469674,0.021000000000000796
hainsworth/hainsworth_195,hainsworth,86.95652173913005,0.039717376004660444,0.10289855072464343
hainsworth/hainsworth_074,hainsworth,93.02325581395304,0.02750744517988809,0.06325581395348248
hainsworth/hainsworth_123,hainsworth,71.77344977575517,0.05970504667949172,0.12769489617049004
hainsworth/hainsworth_075,hainsworth,181.818181818182,0.028062425654828315,0.06939393939393923
hainsworth/hainsworth_078,hainsworth,160.42780748663003,0.03634136687319298,0.08556149732621077
hainsworth/hainsworth_132,hainsworth,60.62272319017498,0.24828095263764016,0.2060966390376828
hainsworth/hainsworth_135,hainsworth,79.36412710053348,0.03237873240326884,0.08812537515175584
hainsworth/hainsworth_007,hainsworth,63.96588486140733,0.06884982373911695,0.14477611940298837
hainsworth/hainsworth_077,hainsworth,105.82010582010645,0.036934800360141566,0.10052910052909612
hainsworth/hainsworth_220,hainsworth,57.69230769230769,0.24303148402636748,0.13096982442307875
hainsworth/hainsworth_095,hainsworth,148.14400121347668,0.014556365826615812,0.037063992112391364
hainsworth/hainsworth_213,hainsworth,107.14285714285806,0.020248456731316006,0.053571428571431066
hainsworth/hainsworth_217,hainsworth,117.64705882352987,0.029081315871400972,0.07843137254901791
hainsworth/hainsworth_129,hainsworth,96.1482558415544,0.3776462789091185,0.48183139531273667
hainsworth/hainsworth_063,hainsworth,123.45679012345617,0.023686366025396876,0.05452674897119719
hainsworth/hainsworth_099,hainsworth,122.44897959183713,0.02783480839684648,0.061224489795920885
hainsworth/hainsworth_216,hainsworth,92.3076923076925,0.02091304310474228,0.046153846153848
hainsworth/hainsworth_156,hainsworth,139.53488372093034,0.009271693148709074,0.023255813953484795
hainsworth/hainsworth_182,hainsworth,95.23809523809592,0.020050502322905433,0.04761904761904977
hainsworth/hainsworth_102,hainsworth,171.42857142857073,0.034723727880470845,0.08571428571428782
hainsworth/hainsworth_155,hainsworth,133.33333333333354,0.009306252828382483,0.022222222222225977
hainsworth/hainsworth_231,hainsworth,113.20754716981108,0.018245923343146994,0.03773584905661755
hainsworth/hainsworth_106,hainsworth,120.0,0.029523346478212194,0.06000000000000727
hainsworth/hainsworth_168,hainsworth,84.50704225352145,0.009621234431391389,0.014084507042255777
hainsworth/hainsworth_233,hainsworth,111.11111111111128,0.01363237123167396,0.03703703703703466
hainsworth/hainsworth_002,hainsworth,115.38461538461549,0.038270970146637544,0.09650270480769191
hainsworth/hainsworth_225,hainsworth,109.09090909090921,0.038819103885201225,0.07854050727272278
hainsworth/hainsworth_053,hainsworth,157.8947368421057,0.01753224794082228,0.04421052631577815
hainsworth/hainsworth_219,hainsworth,78.82272335204904,0.04515534399029695,0.1182340850280687
hainsworth/hainsworth_134,hainsworth,128.3967392133001,0.03833307090180967,0.0969720494443938
hainsworth/hainsworth_196,hainsworth,127.65957446808541,0.04218645068203811,0.10638297872339847
hainsworth/hainsworth_003,hainsworth,125.26096033402943,0.03333150236410846,0.08413361169102103
hainsworth/hainsworth_036,hainsworth,104.71204188481668,0.01565348250757254,0.039092495637000124
hainsworth/hainsworth_150,hainsworth,132.452320249745,0.3154456267723973,0.9250137657144447
hainsworth/hainsworth_202,hainsworth,78.0070754445612,0.02917796945372734,0.06806603862667193
hainsworth/hainsworth_211,hainsworth,117.64705882352946,0.035619131761468435,0.07843137254902145
hainsworth/hainsworth_061,hainsworth,107.91366906474836,0.014988071436119294,0.03615107913669011
hainsworth/hainsworth_160,hainsworth,90.90909090909089,0.017593310633540044,0.04545454545454717
hainsworth/hainsworth_019,hainsworth,84.50704225352102,0.013351106839457156,0.042253521126752104
hainsworth/hainsworth_090,hainsworth,157.8947368421042,0.029706139313958803,0.07894736842104808
hainsworth/hainsworth_100,hainsworth,150.00000000000054,0.025539873090145583,0.050000000000007996
hainsworth/hainsworth_035,hainsworth,104.3478260869573,0.07823553309537537,0.09843478260870388
hainsworth/hainsworth_112,hainsworth,142.8571428571429,0.03311244340423848,0.09206349095238026
hainsworth/hainsworth_197,hainsworth,181.81818181818275,0.029240310330464113,0.060606060606075776
hainsworth/hainsworth_131,hainsworth,86.95652173913061,0.05449996187024173,0.15300207028985538
hainsworth/hainsworth_115,hainsworth,230.76923076923254,0.033840758147061695,0.07692307692307886
hainsworth/hainsworth_045,hainsworth,93.75000000000017,0.007720258354041252,0.015625000000001086
hainsworth/hainsworth_180,hainsworth,127.65957446808541,0.011130953173272909,0.021276595744691786
hainsworth/hainsworth_242,hainsworth,115.38461538461549,0.055542952525918864,0.07692307692307535
hainsworth/hainsworth_038,hainsworth,129.0322580645152,0.008770782052842445,0.021505376344085406
hainsworth/hainsworth_236,hainsworth,120.0,0.012177736576788703,0.04000000000001691
hainsworth/hainsworth_159,hainsworth,120.0,0.014081569454096988,0.03999999999999204
hainsworth/hainsworth_076,hainsworth,89.68609865470854,0.036299101217953975,0.09715994020926817
hainsworth/hainsworth_209,hainsworth,146.34146341463347,0.048352806242987066,0.10856700195121503
hainsworth/hainsworth_148,hainsworth,166.66666666666694,0.017835448922076516,0.05555555555554798
hainsworth/hainsworth_201,hainsworth,86.95652173913027,0.038056150492027964,0.09153439115941583
hainsworth/hainsworth_018,hainsworth,136.36363636363623,0.008133966377327837,0.01590909090909583
hainsworth/hainsworth_185,hainsworth,98.36065573770502,0.01918611979569023,0.049180327868854366
hainsworth/hainsworth_057,hainsworth,89.55223880596992,0.2359892281722372,0.1995522388059702
hainsworth/hainsworth_173,hainsworth,124.99999999999989,0.01652739805787026,0.020833333333343973
hainsworth/hainsworth_087,hainsworth,139.53488372093034,0.02164071011933105,0.04651162790698443
hainsworth/hainsworth_113,hainsworth,241.07142846380756,0.017375614694403345,0.043531339801981796
hainsworth/hainsworth_054,hainsworth,121.70385395537517,0.025876774247691914,0.06085192697769721
hainsworth/hainsworth_193,hainsworth,122.97539093643624,0.07828286010793863,0.2093044873743738
hainsworth/hainsworth_006,hainsworth,50.35587867460712,0.3419828303930377,0.502805161505091
hainsworth/hainsworth_052,hainsworth,117.87819253438106,0.016888714393697195,0.04597249508840486
hainsworth/hainsworth_085,hainsworth,130.4347826086954,0.016645489783254846,0.04347826086956421
hainsworth/hainsworth_092,hainsworth,153.8461538461536,0.028697802871574998,0.07692307692307516
hainsworth/hainsworth_175,hainsworth,125.00000000000036,0.013948901672448194,0.0416666666666585
hainsworth/hainsworth_171,hainsworth,80.0,0.007143999609759808,0.01333333333333305
hainsworth/hainsworth_214,hainsworth,107.14285714285806,0.015926035287529727,0.05357142857142095
hainsworth/hainsworth_224,hainsworth,99.99999999999976,0.02244878385655568,0.06666666666666952
hainsworth/hainsworth_161,hainsworth,95.23809523809486,0.012694702043108004,0.03174603174603658
hainsworth/hainsworth_234,hainsworth,95.23809523809592,0.02095054448360784,0.04761904761904977
hainsworth/hainsworth_235,hainsworth,124.99999999999989,0.012858609878499162,0.020833333333340618
hainsworth/hainsworth_223,hainsworth,130.4347826086954,0.02274974752616035,0.065217391304345
hainsworth/hainsworth_067,hainsworth,131.86813186813237,0.023820265421154372,0.06373626373626379
hainsworth/hainsworth_011,hainsworth,106.38297872340425,0.02619195735646695,0.06666666666667073
hainsworth/hainsworth_124,hainsworth,96.71052635714588,0.20317102337766763,0.1688815783682699
hainsworth/hainsworth_056,hainsworth,109.09090909090895,0.0197814709649939,0.05454545454546462
hainsworth/hainsworth_239,hainsworth,127.65957446808541,0.0095793044754015,0.021276595744691786
hainsworth/hainsworth_024,hainsworth,68.10460211264193,0.19285990701782252,0.3710413884470722
hainsworth/hainsworth_177,hainsworth,127.65957446808493,0.013058657008226874,0.02340425531915176
hainsworth/hainsworth_144,hainsworth,121.95234360544333,0.029120342958238656,0.0743743365601948
hainsworth/hainsworth_013,hainsworth,65.46644844517196,0.1298054164849248,0.23142389525368082
hainsworth/hainsworth_084,hainsworth,96.77419354838695,0.036474061233390975,0.0806451612903322
hainsworth/hainsworth_107,hainsworth,153.8461538461536,0.47479472171949705,0.5128205128205191
hainsworth/hainsworth_070,hainsworth,96.69621273166817,0.041875096651355935,0.10169218372279924
hainsworth/hainsworth_130,hainsworth,55.68181815123529,0.3380648866761331,0.2964015154508384
hainsworth/hainsworth_118,hainsworth,249.99999999999793,0.025010382154600542,0.06377550958332172
hainsworth/hainsworth_206,hainsworth,139.53488372093034,0.06421329251321911,0.09302325581395983
hainsworth/hainsworth_187,hainsworth,96.0,0.012079735096432146,0.016000000000008185
hainsworth/hainsworth_049,hainsworth,83.33333333333265,0.01565952333720208,0.027777777777783123
hainsworth/hainsworth_010,hainsworth,109.09090909090965,0.04831675961761649,0.12363636363636035
asap/Bach_Prelude_bwv_860_Nikiforov05M,asap,188.0812887329937,0.1221985450929996,0.14367341565025898
asap/Bach_Fugue_bwv_889_Wang01M,asap,75.11003620303742,0.13812147110350065,0.0832915220798524
asap/Schubert_Piano_Sonatas_664-1_BuiJL06M,asap,97.54448028302221,0.1771223417054059,0.3353091509729073
asap/Bach_Prelude_bwv_860_Tetzloff04M,asap,186.18160153413643,0.07431346170858183,0.12929381318537486
asap/Chopin_Ballades_4_LuEric04M,asap,47.652517839914815,0.4445809843547748,0.912357727451345
asap/Schumann_Toccata_WangY07M,asap,115.48872180451444,0.12280117281146093,0.19210547969934597
asap/Chopin_Ballades_4_Nikiforov13M,asap,49.655186111776224,0.3489812836773058,0.7550649117419119
asap/Chopin_Etudes_op_25_11_Richardson_2013_08M,asap,132.03440816676854,0.4628819471621143,0.22184839369138706
asap/Beethoven_Piano_Sonatas_18-1_ChenGuang03M,asap,137.55221252734157,0.2795615885399172,0.591666704875619
asap/Schubert_Impromptu_op.90_D.899_3_Mizumoto07M,asap,71.44183919870778,0.33114437823961856,0.4040306890327789
asap/Schubert_Impromptu_op.90_D.899_3_Woo10M,asap,73.63966821647615,0.27564325073284557,0.452976070482952
asap/Chopin_Barcarolle_Park10M,asap,56.04133795892301,0.3421970973893292,0.6542713190006251
asap/Liszt_Concert_Etude_S145_1_Woo06M,asap,105.93108123854608,0.4672812420925264,0.665747537985126
asap/Bach_Fugue_bwv_848_Mizumoto03M,asap,102.248443267452,0.10013868334383176,0.12296482994382286
asap/Bach_Fugue_bwv_883_Khmara04,asap,65.58154710148706,0.07117349567182128,0.11208979425428475
asap/Chopin_Etudes_op_10_4_Kurz03M,asap,165.16140398204197,0.10690294389957045,0.13907003118793382
asap/Haydn_Keyboard_Sonatas_31-1_Song05M,asap,85.17561081559874,0.14831556484606437,0.28086927389211785
asap/Mozart_Piano_Sonatas_12-3_MunA05M,asap,102.76541738174228,0.08413770451802569,0.16895593761450647
asap/Bach_Fugue_bwv_848_MiyashitaM01M,asap,97.54448028300868,0.1549642219902248,0.0931411598688967
asap/Schumann_Arabeske_Min09M,asap,94.96135073025388,0.7162239021784016,1.4384330744053784
asap/Bach_Fugue_bwv_889_MunA01M,asap,70.84870848708489,0.07285774878218833,0.069539660516603
asap/Bach_Prelude_bwv_870_LeeE01M,asap,57.45634993215332,0.07859701108431773,0.11264288676025071
asap/Chopin_Berceuse_op_57_Teo11M,asap,29.59062480234367,0.1958622742344047,0.30887761897064564
asap/Bach_Fugue_bwv_870_LeeE01M,asap,117.7914110429447,0.06252787416754645,0.09761295705519968
asap/Chopin_Scherzos_39_Bult-ItoS05M,asap,313.32656199818797,0.38680500947045543,0.8076117466127825
asap/Schubert_Impromptu_op142_3_Richardson07M,asap,43.90663692724066,0.3323384143460331,0.7135790787802623
asap/Chopin_Sonata_3_4th_KimSJ10M,asap,105.93103448275862,0.276716498585575,0.40609174068969
asap/Schubert_Piano_Sonatas_894-2_no_repeat_CHEN11M,asap,74.34655189211256,0.22676398832469416,0.5276543926189118
asap/Schubert_Impromptu_op.90_D.899_3_JeonH06M,asap,58.76052027543961,0.18044230463211766,0.352615173680122
asap/Bach_Fugue_bwv_889_LiuY01M,asap,80.78545000188495,0.1337669494883729,0.12655444670045046
asap/Beethoven_Piano_Sonatas_9-3_Tysman05M,asap,87.60454141942603,0.35000835170540195,0.3583646276222928
asap/Liszt_Gran_Etudes_de_Paganini_2_La_campanella_Yang05M,asap,72.11261105342057,0.23371709357496934,0.4735526998961418
asap/Beethoven_Piano_Sonatas_7-4_Larionova04M,asap,139.95450312361174,0.4940785778428632,0.6868655614537045
asap/Beethoven_Piano_Sonatas_21-1_no_repeat_Shychko02M,asap,145.36292276383668,0.18125876267780808,0.25662370384739847
asap/Beethoven_Piano_Sonatas_21-1_no_repeat_Sladek02M,asap,158.07881546274365,0.24120336013902294,0.3204970261424102
asap/Liszt_Gran_Etudes_de_Paganini_2_La_campanella_BuiJL03M,asap,64.35751888893152,0.25586107846799605,0.49910607406261703
asap/Beethoven_Piano_Sonatas_31-1_BrendleA03M,asap,64.26776521700015,0.23947873430777944,0.4913525222598686
asap/Bach_Fugue_bwv_848_Lin04M,asap,109.60565711331878,0.06501138096328704,0.09236834077131302
asap/Chopin_Etudes_op_10_8_Zhou03M,asap,180.00018000017826,0.1671522622352511,0.2687480687480607
asap/Chopin_Etudes_op_10_12_WuuE06M,asap,143.28358208955126,0.22254171128292968,0.46343068656716674
asap/Schubert_Impromptu_op.90_D.899_2_Denisova11M,asap,237.52592991401576,0.16818333620943626,0.3896889993824884
asap/Bach_Fugue_bwv_848_Zhou01M,asap,94.81488973028544,0.07305872953103726,0.09053478758304949
asap/Bach_Fugue_bwv_860_ZhangH04M,asap,64.1783301868126,0.09493356623027899,0.10143812941560178
asap/Bach_Fugue_bwv_846_Shi05M,asap,47.677168357617305,0.16683875941973508,0.2788059094261004
asap/Beethoven_Piano_Sonatas_26-1_Sham03M,asap,238.13965303053868,1.3724785702488427,0.3565903164480389
asap/Scriabin_Sonatas_5_Na07M,asap,120.26096629684102,0.7285417012209533,1.9847767655808177
asap/Chopin_Sonata_2_4th_KaszoS16M,asap,233.90855345103068,0.25541479518856636,0.3667530179076295
asap/Bach_Prelude_bwv_854_Ozaki01M,asap,68.03990086586428,0.08703228975229771,0.10313771672837235
asap/Mozart_Piano_Sonatas_12-3_WuuE04M,asap,98.29346168275158,0.10858282437199686,0.18856617689219207
asap/Bach_Prelude_bwv_865_Teo01M,asap,91.24767508527856,0.20914685845415024,0.08812092141901996
asap/Scriabin_Sonatas_5_Yeletskiy07M,asap,133.95353821525998,0.9002379006881769,2.052764745214717
asap/Beethoven_Piano_Sonatas_21-3_KimSY04M,asap,109.71428571428571,0.2000713480298879,0.427382857142932
asap/Schubert_Piano_Sonatas_664-1_Mo10M,asap,99.84831376999855,0.2793311387510087,0.42145307586894865
asap/Chopin_Scherzos_39_Arciglione13M,asap,322.2376180194706,0.5127387715839525,1.0392802285736846
asap/Schubert_Impromptu_op.90_D.899_1_Jin05M,asap,102.62813550334972,0.3149623567142684,0.44053563334389023
asap/Chopin_Ballades_1_JIA06M,asap,85.52335482463701,0.6675707428966371,2.0400881460709943
asap/Bach_Prelude_bwv_893_Levitsky04M,asap,63.84483152147021,0.3557312759629745,0.14534201410226938
asap/Scriabin_Etudes_op_8_11_Shi08M,asap,35.215896925417326,0.2805253711039306,0.7055404583701194
asap/Bach_Prelude_bwv_889_Giesbrecht01M,asap,53.64375184400391,0.03875234650335843,0.07891693265027294
asap/Bach_Prelude_bwv_848_LeeSH01M,asap,244.06812754999885,0.13510351772966445,0.14194758230181218
asap/Bach_Fugue_bwv_863_TongB01M,asap,58.59609613275585,0.12718371286451002,0.13607927661166755
asap/Haydn_Keyboard_Sonatas_50-1_no_repeat_GalantM02M,asap,112.39006846428431,0.18494964266288114,0.1495125080780291
asap/Beethoven_Piano_Sonatas_21-1_no_repeat_WangA02M,asap,162.71186440677087,0.28531729994528726,0.268856135593037
asap/Bach_Prelude_bwv_874_BianF01M,asap,89.99995500002389,0.08428931728090422,0.14446612776692958
asap/Bach_Fugue_bwv_860_YoungS01M,asap,72.0450713966657,0.18371907925353448,0.09568426007308442
asap/Debussy_Images_Book_1_1_Reflets_dans_lEau_ParkJH13M,asap,79.88730564084563,0.3540223185218715,0.8007806321216759
asap/Bach_Prelude_bwv_857_Lisiecki04M,asap,50.860905595377815,0.1618718978417847,0.16673993462676634
asap/Bach_Fugue_bwv_874_Kurz01M,asap,36.08693704002291,0.053081604417591494,0.0575998036870733
asap/Bach_Fugue_bwv_885_JeonH01M,asap,101.11180859534696,0.0929342284588597,0.11655950219285564
asap/Schubert_Impromptu_op142_1_Ozaki07M,asap,114.91280990548607,0.16446129171042312,0.36645867448076563
asap/Bach_Prelude_bwv_857_Lan01M,asap,46.92065599769145,0.1286387291712701,0.05661438532571115
asap/Beethoven_Piano_Sonatas_21-1_no_repeat_Tetzloff05M,asap,165.16140398204843,0.35237771485987,0.440322780437119
asap/Chopin_Scherzos_31_ZhangW04M,asap,280.2926255010065,0.444131228222926,1.18816511104231
asap/Beethoven_Piano_Sonatas_17-1_KaszoS09M,asap,221.00749952111494,1.0722795418571123,1.0299759838515632
asap/Bach_Prelude_bwv_862_Song04M,asap,109.71428571428571,0.1397936427011921,0.13531794285714735
asap/Bach_Fugue_bwv_883_LuM01M,asap,93.59126044809896,0.08575414712375555,0.14907995891341858
asap/Schubert_Moment_Musical_no_1_MunA10M,asap,83.93442622951153,0.30486836958226465,0.6994532021858211
asap/Bach_Fugue_bwv_864_SunD01M,asap,69.23074260355887,0.12627921910332748,0.1431486372505152
asap/Beethoven_Piano_Sonatas_17-1_no_repeat_GuoE02M,asap,238.01660760878408,1.14992870582462,3.323139082029379
asap/Beethoven_Piano_Sonatas_21-3_Sekino05M,asap,102.17305049562377,0.2962802291119786,0.4664070335928138
asap/Chopin_Etudes_op_25_11_Sham02M,asap,123.87096774193911,0.5608471712638438,0.3094085161290045
asap/Bach_Fugue_bwv_888_ZhaoK01M,asap,109.26354549278716,0.48561607004231166,0.06980629394445359
asap/Chopin_Scherzos_31_LinTami06M,asap,295.38461538461536,0.4640210058638604,1.0621774769230874
asap/Beethoven_Piano_Sonatas_28-1_KimHJ02M,asap,55.11960034615305,0.25439248200609255,0.2975686744287494
asap/Bach_Fugue_bwv_893_Kleisen04M,asap,207.2560337412792,0.16963403871683358,0.13088287616107372
asap/Bach_Fugue_bwv_876_SirajA01M,asap,78.58566754595294,0.1790649768700469,0.1787275146758702
asap/Chopin_Etudes_op_10_4_LeeSH03M,asap,174.54545454545453,0.09977822816082756,0.1848488727272877
asap/Chopin_Etudes_op_10_12_HuNY03M,asap,136.8169981438544,0.2877023165247877,0.6389536235982268
asap/Beethoven_Piano_Sonatas_7-1_Hebert01M,asap,150.3425931841953,0.2250559495668815,0.15987005388524603
asap/Debussy_Images_Book_1_1_Reflets_dans_lEau_Kleisen11M,asap,89.25904947294414,0.45483713383585783,0.9688135575569995
asap/Liszt_Gran_Etudes_de_Paganini_2_La_campanella_Lin07M,asap,70.13700679802903,0.2920437083078581,0.5741247047670528
asap/Bach_Fugue_bwv_848_Denisova06M,asap,120.70734504194733,0.07879875995936692,0.10892731406040163
asap/Bach_Prelude_bwv_854_LuA01M,asap,68.20603907637654,0.19008336277528892,0.1777967744227336
asap/Bach_Prelude_bwv_893_Kleisen04M,asap,64.29021460073646,0.2100868235993729,0.10149978355629691
asap/Haydn_Keyboard_Sonatas_50-1_no_repeat_Shi07M,asap,115.34402316108392,0.2105121679544594,0.214392434970023
asap/Beethoven_Piano_Sonatas_21-1_KaiRuiR02M,asap,156.30902293835035,0.3144387291985707,0.29307941800928844
asap/Bach_Prelude_bwv_888_ZhaoK01M,asap,81.29860979377109,0.20732546188728318,0.04869515731280913
asap/Bach_Fugue_bwv_883_KaiRuiR03,asap,106.67140761811652,0.11910408487730698,0.11292324103292624
asap/Liszt_Transcendental_Etudes_5_Wang06M,asap,77.05683969351907,0.20521192478694142,0.3180603252312609
asap/Chopin_Etudes_op_25_12_BorickC04M,asap,141.00369958456653,0.33861123627262707,0.8412498097918228
asap/Chopin_Scherzos_31_LuoJ12M,asap,293.87851062372755,0.4132962209635114,0.9588452533722961
asap/Beethoven_Piano_Sonatas_11-1_LiYZ03M,asap,144.18034077024564,0.12260802225736339,0.15619512886726164
asap/Bach_Fugue_bwv_870_ChenW01M,asap,108.16911158905947,0.1555826997645734,0.07380342427350042
asap/Haydn_Keyboard_Sonatas_50-1_no_repeat_KARYAG06M,asap,122.74896302699159,0.2685074217466273,0.18145897371641725
asap/Beethoven_Piano_Sonatas_3-2_MiyashitaM04M,asap,24.166142227816152,0.1396876306238785,0.2967275217117909
asap/Schubert_Impromptu_op.90_D.899_4_no_repeat_WongWY08M,asap,151.624083464006,0.353552799321468,0.6811461769881326
asap/Chopin_Barcarolle_LeeSH05M,asap,59.3967664400353,0.3410756712201277,0.7349832105140144
asap/Beethoven_Piano_Sonatas_21-1_no_repeat_KimSY02M,asap,157.13552415173305,0.2826095096627831,0.3928403817346449
asap/Schubert_Impromptu_op.90_D.899_3_LEE_K04M,asap,63.830534187101904,0.21545077412779842,0.3960605921983755
asap/Liszt_Gran_Etudes_de_Paganini_2_La_campanella_LiuC05M,asap,68.44919786096268,0.3313500526307404,0.5820561568627348
asap/Chopin_Berceuse_op_57_LeungM07M,asap,34.04506914624482,0.1823095696504873,0.4036940885985868
asap/Beethoven_Piano_Sonatas_4-1_LeeE02M,asap,130.31664773454975,0.08731991542497794,0.16775933555883132
asap/Bach_Prelude_bwv_863_Shychko01M,asap,35.16886476956047,0.08751187015287816,0.07396832867882977
asap/Bach_Prelude_bwv_885_Guo01M,asap,34.88266633799438,0.05644550130477606,0.10564459679126277
asap/Rachmaninoff_Preludes_op_23_4_ChenGuang12M,asap,56.07544764562573,0.3748999467373119,1.0178270390201156
asap/Bach_Fugue_bwv_858_VuV01M,asap,59.65815875036045,0.08718501599624032,0.08203016714227877
asap/Beethoven_Piano_Sonatas_17-1_no_repeat_KabuliL02M,asap,235.10142667383337,1.0596482102950757,2.949992751039457
asap/Liszt_Gran_Etudes_de_Paganini_2_La_campanella_LiuY03M,asap,70.4155928288768,0.3293029041964491,0.6814170903338431
asap/Chopin_Etudes_op_10_1_LuM02M,asap,174.54545454545453,0.1598244581861199,0.3060596363635723
asap/Schubert_Impromptu_op.90_D.899_3_Ko08M,asap,57.10038533242979,0.21281193094459744,0.4449817326350107
asap/Bach_Prelude_bwv_867_HuNY01M,asap,35.19975125509106,0.12621074413914377,0.21408277514838853
asap/Bach_Fugue_bwv_857_WangA01M,asap,65.13377935498089,0.16426966639603716,0.09947252494356257
asap/Chopin_Berceuse_op_57_MiyashitaM06M,asap,32.82986456176179,0.19966543019038144,0.4151324609799977
asap/Bach_Fugue_bwv_867_Sham01M,asap,59.522067558538964,0.09518478097735152,0.12398278026586079
asap/Bach_Fugue_bwv_865_Teo01M,asap,89.91215582375996,0.23074395929273975,0.1232186154127671
asap/Liszt_Concert_Etude_S145_1_Kleisen06M,asap,112.11673594546953,0.40782540630719005,0.6046208912719887
asap/Bach_Prelude_bwv_885_JeonH01M,asap,29.13505311077406,0.10989094663853075,0.195296728376303
asap/Bach_Prelude_bwv_863_TongB01M,asap,39.10386965376782,0.14812892086092294,0.20904016293278546
asap/Beethoven_Piano_Sonatas_9-1_Tysman05M,asap,152.58284612783234,0.14805584280185005,0.31986755808950385
asap/Chopin_Barcarolle_Rozanski07M,asap,55.68581137127492,0.3743746553626725,0.8154081711967256
asap/Schubert_Piano_Sonatas_894-2_no_repeat_Lee10M,asap,82.28570488163162,0.18573619415471312,0.43116070501017584
asap/Bach_Fugue_bwv_880_LeungR01M,asap,125.44454410316564,0.0688365936426503,0.09372003704797602
asap/Liszt_Gran_Etudes_de_Paganini_2_La_campanella_LeungR04M,asap,61.604299158690864,0.22769663128687878,0.4079140989652848
asap/Schubert_Impromptu_op142_3_RichardsonC06M,asap,43.31642067752684,0.4122163363369141,0.6781727112325309
asap/Schumann_Kreisleriana_1_no_first_repeat_JohannsonP02M,asap,104.83425703962112,0.3110171066162062,0.5531509683190807
asap/Beethoven_Piano_Sonatas_18-1_LeungR02M,asap,137.71670297032142,0.2217261396842651,0.2869109454940248
asap/Beethoven_Piano_Sonatas_24-1_no_2_repeat_DeTurck06M,asap,127.222686349433,0.5050755019961816,0.3047479506546226
asap/Beethoven_Piano_Sonatas_5-1_SunD02M,asap,224.99971875034709,0.20152248257674038,0.29296557129301715
asap/Beethoven_Piano_Sonatas_21-1_no_repeat_YeZ02M,asap,144.000230400391,0.27849676619361186,0.24961143937843314
asap/Bach_Prelude_bwv_848_Lou01M,asap,272.6628251504202,0.13580787924035986,0.16035391634710167
asap/Beethoven_Piano_Sonatas_24-1_Lisiecki05M,asap,126.59322852820395,0.5818693115241399,0.4695043242136325
asap/Bach_Fugue_bwv_848_SunY01M,asap,108.67931090071679,0.08124175635413376,0.08176125691245022
asap/Chopin_Etudes_op_25_11_KyykhynenT10M,asap,111.57388445873457,0.3607330462755107,0.20835158418650784
asap/Beethoven_Piano_Sonatas_18-1_ZhangH05M,asap,145.5627029538108,0.316573264965437,0.5117426645494804
asap/Bach_Prelude_bwv_892_KabuliL01M,asap,97.13319470268004,0.04709814182860773,0.07866704116911574
asap/Chopin_Etudes_op_25_11_WangA02M,asap,114.74096271492269,0.2957166788686177,0.24033785476472566
asap/Beethoven_Piano_Sonatas_31-1_AbdelmoulaJS03M,asap,63.646431344591896,0.27485482332017797,0.5191980973960328
asap/Chopin_Scherzos_31_Jussow11M,asap,287.6994116547033,0.49776410117061826,1.0740490335696946
asap/Liszt_Concert_Etude_S145_2_Tario06M,asap,145.47746917695986,0.4683441615289854,0.4735594699770484
asap/Bach_Prelude_bwv_848_Denisova06M,asap,286.2117489922955,0.11908146217064469,0.15962697068719273
asap/Chopin_Etudes_op_10_4_Duepree06M,asap,162.82689194671647,0.13037089616486003,0.22067236651243752
asap/Bach_Prelude_bwv_889_MunA01M,asap,56.748750581674486,0.03943307887651403,0.051133461711600124
asap/Chopin_Etudes_op_10_8_MiyashitaM05M,asap,172.45517243361368,0.19452651398345924,0.32455028720970275
asap/Liszt_Transcendental_Etudes_5_Min03M,asap,80.41882122091862,0.21033668129643018,0.38638777419465087
asap/Bach_Prelude_bwv_876_SirajA01M,asap,103.97117918912845,0.2487378956990396,0.11913364282089113
asap/Chopin_Etudes_op_10_12_Bult-ItoS04M,asap,142.22222222222223,0.2607625803558511,0.6903732148147659
asap/Bach_Prelude_bwv_854_MiyashitaM01M,asap,73.84615384615384,0.13205660771229036,0.07685932307692192
asap/Haydn_Keyboard_Sonatas_46-1_WongWY02M,asap,78.68852459016071,0.23714611277723405,0.3046445901639063
asap/Bach_Prelude_bwv_848_SunY01M,asap,297.67368018932024,0.13594320149051584,0.11938202943988613
asap/Bach_Prelude_bwv_883_GuoE01M,asap,47.23247232472274,0.180350053630885,0.24053608856089384
asap/Bach_Prelude_bwv_865_ZhangE01M,asap,84.45755726222399,0.06171682807380224,0.09384219950001242
asap/Chopin_Etudes_op_25_10_Ozel05M,asap,104.60834635126058,0.35786475780358934,0.7353018299486876
asap/Schumann_Toccata_no_repeat_DupreeF13M,asap,123.20859831738095,0.23125723700049103,0.2965257228751247
asap/Liszt_Concert_Etude_S145_2_Lu03M,asap,152.70915586832848,0.19676738637185348,0.2924603035731061
asap/Schubert_Piano_Sonatas_894-2_no_repeat_SINKEV12M,asap,77.52358655120888,0.21895231598777726,0.47664853906797505
asap/Liszt_Transcendental_Etudes_5_Park03M,asap,73.026904328669,0.358384066648139,0.5667194488902942
asap/Schubert_Impromptu_op.90_D.899_1_Teo06M,asap,92.90316586891458,0.2535673863890004,0.4612893023939293
asap/Bach_Prelude_bwv_848_Mizumoto03M,asap,269.4739867778098,0.15660022991066366,0.16082207530901146
asap/Schubert_Impromptu_op.90_D.899_4_no_repeat_Huang10M,asap,130.1693503247729,0.20574003785455555,0.3318615518790005
asap/Beethoven_Piano_Sonatas_12-1_Kleisen05M,asap,103.31841530214645,0.37047548393044744,0.37107583743881606
asap/Schubert_Impromptu_op.90_D.899_4_no_repeat_LuoJ09M,asap,149.63582381379612,0.259247202149352,0.3591923157017623
asap/Schubert_Impromptu_op.90_D.899_3_Kociuban10M,asap,58.94465489869329,0.17702899120249674,0.3230570859334553
asap/Chopin_Ballades_1_Sladek04M,asap,88.2336397369016,0.676223988551059,1.9591195165090263
asap/Beethoven_Piano_Sonatas_28-1_KyykhynenT06M,asap,55.75317820217991,0.24798875480517882,0.36926779505939805
asap/Chopin_Barcarolle_Na09M,asap,60.412983152833185,0.2628053484276126,0.6139188492534791
asap/Haydn_Keyboard_Sonatas_48-1_GarritsonL02M,asap,61.60428334582222,0.18893926088661425,0.4276070355172016
asap/Beethoven_Piano_Sonatas_17-1_no_repeat_Richardson02M,asap,262.93820294883943,1.1371028417101732,3.6390798477583837
asap/Bach_Prelude_bwv_857_Bult-ItoS02M,asap,53.5067665994711,0.11232497029968688,0.1823497229018282
asap/Chopin_Etudes_op_10_5_ZhangW03M,asap,113.89024397188346,0.24151114810743066,0.4339101557828728
asap/Beethoven_Piano_Sonatas_21-1_no_repeat_GonzalezJ06M,asap,157.80835753062235,0.20467957280687243,0.18929730568522268
asap/Bach_Fugue_bwv_889_Giesbrecht01M,asap,72.28236382605006,0.08519865101173434,0.08486238642633623
asap/Beethoven_Piano_Sonatas_24-1_no_repeat_Lou02M,asap,124.00434841915009,0.7971432970324558,0.41905202809116615
asap/Chopin_Etudes_op_10_8_Lou03M,asap,167.56359736701688,0.25551410614385045,0.35418140993596
asap/Chopin_Etudes_op_25_11_Shychko03M,asap,124.54049745625892,0.32155773390723474,0.3302688414205431
asap/Chopin_Etudes_op_25_10_Guo02M,asap,103.4342765677431,0.49052561604378153,0.8637477513819792
asap/Schubert_Impromptu_op142_3_YoungS06M,asap,45.49763033175375,0.42297141547258615,0.8705772890995259
asap/Bach_Prelude_bwv_889_YangY02M,asap,59.87527979219293,0.09555070198607869,0.07307757940211337
asap/Beethoven_Piano_Sonatas_23-1_Yi02M,asap,118.9161977734978,0.33424246516857203,0.4722562564783357
asap/Beethoven_Piano_Sonatas_11-1_ZhaoK02M,asap,152.38095238094797,0.1195901154642991,0.13095212698409503
asap/Liszt_Gran_Etudes_de_Paganini_2_La_campanella_MunA08M,asap,70.93598854620247,0.2653605337553083,0.46145255623748055
asap/Chopin_Etudes_op_10_12_ZhangYunling02M,asap,155.67594495298326,0.1960581962452383,0.47905276376692835
asap/Beethoven_Piano_Sonatas_16-1_Khmara05M,asap,137.75812428537958,0.0847762126055538,0.16412594766118124
asap/Schubert_Impromptu_op.90_D.899_3_WuuE10M,asap,60.47247141919812,0.2330338327911358,0.4049871143242514
asap/Bach_Fugue_bwv_857_ToA01M,asap,66.28310841265198,0.18857384672836672,0.13716957870453741
asap/Bach_Fugue_bwv_873_Lisiecki13M,asap,145.36257059169844,0.1688132030321871,0.13764527171899604
asap/Bach_Fugue_bwv_857_YuP01M,asap,66.05507011195034,0.17032940307036262,0.13153634184823154
asap/Beethoven_Piano_Sonatas_8-3_Na06M,asap,100.61133965256313,0.11731404942064502,0.2352622623214398
asap/Beethoven_Piano_Sonatas_18-4_KOLESO06M,asap,185.20919378437884,0.21033269870579868,0.18633403095459566
asap/Beethoven_Piano_Sonatas_21-3_YOO05M,asap,117.0731707317087,0.28870017407136733,0.49939004878040344
asap/Bach_Prelude_bwv_865_Rizikov01M,asap,88.70058084096982,0.08991862301374536,0.08835317023268466
asap/Schubert_Piano_Sonatas_894-2_Yeletskiy08M,asap,85.45200908355291,0.277997827012357,0.5854427517828141
asap/Chopin_Ballades_4_Kociuban07M,asap,48.62041595575416,0.42020599508843154,0.9171195320771085
asap/Schubert_Piano_Sonatas_664-3_KabuliL12M,asap,86.48648648648631,0.07488014305223097,0.16441513513514733
asap/Beethoven_Piano_Sonatas_27-2_GiacomelliN05M,asap,82.35920693574185,0.2325238313268476,0.4747098210609035
asap/Bach_Prelude_bwv_848_Lee01M,asap,263.31495980057014,0.14256215843898157,0.14171786679773232
asap/Bach_Prelude_bwv_887_LiYZ01M,asap,110.8758080074506,0.16005816683609148,0.089958347654784
asap/Beethoven_Piano_Sonatas_31-1_Ahfat02M,asap,55.719437772299564,0.2431111146905141,0.4301085553946438
asap/Bach_Fugue_bwv_860_Tetzloff04M,asap,66.30215216785956,0.16475166327381288,0.14004893098829083
asap/Schubert_Impromptu_op.90_D.899_2_Nikiforov09M,asap,193.20778047732807,0.1564363353464152,0.34130251025209324
asap/Bach_Prelude_bwv_889_ZhangW02M,asap,64.57396786584115,0.11315446526070717,0.14047055050383986
asap/Chopin_Etudes_op_10_4_ZhaoA03M,asap,166.95652173913044,0.09900113158358405,0.19652285217388957
asap/Bach_Fugue_bwv_889_YangY02M,asap,64.46559632288242,0.10763310960145542,0.11583543652342548
asap/Bach_Fugue_bwv_860_TuanS01M,asap,62.98531497381598,0.16557547336670822,0.0949514120783236
asap/Chopin_Etudes_op_10_8_Rizikov03M,asap,160.27824302990007,0.17450025832270247,0.2852191404278264
asap/Chopin_Scherzos_31_TongB04M,asap,285.85585242216086,0.42156914343169855,1.0109911575254715
asap/Scriabin_Sonatas_5_Ko07M,asap,136.20359713700043,0.6959520664644754,1.9265962494069233
asap/Beethoven_Piano_Sonatas_32-1_Jussow06M,asap,127.64545199253516,0.639865385474446,1.9667599542176561
asap/Beethoven_Piano_Sonatas_21-1_Sekino05M,asap,153.0897335473219,0.3362903684470815,0.34703120734216214
asap/Bach_Fugue_bwv_884_LiA01M,asap,210.21873259126136,0.1918197171850151,0.16471758865097777
asap/Beethoven_Piano_Sonatas_16-1_Woo05M,asap,144.45126575421818,0.1912994670760321,0.19827621489529906
asap/Beethoven_Piano_Sonatas_23-1_Guo03M,asap,115.92444431134304,0.33929063811920435,0.40314512677789205
asap/Liszt_Ballade_2_Min06M,asap,117.25185111361263,0.6197177232282759,1.690967308229772
asap/Scriabin_Sonatas_5_GarritsonL06M,asap,130.16963272639293,0.7587790482979855,1.8840422877751861
asap/Beethoven_Piano_Sonatas_23-1_LiuC02M,asap,127.8578902169712,0.3543010193883933,0.4861255010431887
asap/Beethoven_Piano_Sonatas_26-1_Zhdanov05M,asap,232.72682137828696,1.1400227029619687,0.30839406856901397
asap/Beethoven_Piano_Sonatas_7-4_LeeS05M,asap,139.53058423199693,0.5920380230530989,0.8107509477905478
asap/Bach_Prelude_bwv_891_BLINOV04M,asap,65.75969434894087,0.08944806993285567,0.07394206351729248
asap/Bach_Fugue_bwv_874_BianF01,asap,36.45698834895405,0.11652130649778081,0.13290194589174198
asap/Liszt_Transcendental_Etudes_5_WangY02M,asap,78.10171185935536,0.16886528018153488,0.40854289541270195
asap/Chopin_Etudes_op_10_8_KyykhynenT09M,asap,158.89662185781714,0.1458390311224836,0.28620591942881646
asap/Bach_Prelude_bwv_885_SINKEV06,asap,31.247282137438983,0.051660664054268085,0.10423197565630919
asap/Bach_Prelude_bwv_860_YoungS01M,asap,197.93814432989655,0.2914081967569494,0.11099678350515337
asap/Beethoven_Piano_Sonatas_21-1_no_repeat_TongB03M,asap,157.269590220975,0.37102691540476906,0.3604109192276394
asap/Bach_Prelude_bwv_875_HONG04M,asap,127.08216179465421,0.0713594399866814,0.1252064290865635
asap/Bach_Fugue_bwv_865_ZhangE01M,asap,87.18471826258528,0.1319638361477279,0.08410651647644282
asap/Chopin_Berceuse_op_57_Tario07M,asap,34.981965339285814,0.3761167542716075,0.5337632811217603
asap/Beethoven_Piano_Sonatas_31-1_Na06M,asap,61.810873150695016,0.23511695574808297,0.43688821400573086
asap/Liszt_Gran_Etudes_de_Paganini_6_Theme_and_Variations_WangA07M,asap,115.92433232414771,0.47623070625568587,1.3211536789552605
asap/Bach_Prelude_bwv_858_Zhang01M,asap,85.17561081559919,0.07232662468189233,0.09393308320095327
asap/Haydn_Keyboard_Sonatas_39-3_Yarden07M,asap,119.30089674507532,0.11943998964927081,0.2302902988488374
asap/Chopin_Etudes_op_25_11_Richardson_2015_03M,asap,117.67116987696195,0.4146722921779331,0.3673145772024946
asap/Bach_Fugue_bwv_863_LeeN01M,asap,58.89576333326464,0.06075864346978261,0.07358593726227002
asap/Bach_Prelude_bwv_885_Huang04M,asap,33.65347132752302,0.12610696210794586,0.12181883551136383
asap/Beethoven_Piano_Sonatas_7-1_Wang02M,asap,153.6,0.2446600726535303,0.15500057599995487
asap/Bach_Fugue_bwv_857_Bult-ItoS02M,asap,69.10619202998178,0.11445630737255945,0.1725887985773307
asap/Chopin_Etudes_op_10_1_YuP02M,asap,172.97297297297263,0.1452814580518527,0.23333232432437861
asap/Bach_Prelude_bwv_857_YuP01M,asap,46.65856622114225,0.07764259788620657,0.1504385710814035
asap/Bach_Fugue_bwv_870_MaximovI01M,asap,122.71645136746895,0.10456865014655015,0.10705333256974106
asap/Mozart_Piano_Sonatas_12-1_WuuE02M,asap,143.3017193817958,0.11569749672575635,0.15648643290972322
asap/Bach_Fugue_bwv_892_KabuliL01M,asap,55.37131774969159,0.08823301424831739,0.12521023797209596
asap/Bach_Prelude_bwv_860_ZhangH04M,asap,186.18189039782396,0.056219851978414045,0.11515039617955647
asap/Rachmaninoff_Preludes_op_23_4_WuuE07M,asap,61.081649112903584,0.30560762899082833,0.789660098438198
asap/Haydn_Keyboard_Sonatas_48-1_PrjevalskayaM02M,asap,73.49282296650718,0.20518643556507293,0.4926632421051333
asap/Chopin_Scherzos_31_ChenW04M,asap,273.95884224993034,0.6440730541088819,1.2834432973687735
asap/Bach_Fugue_bwv_891_Duepree06M,asap,86.82735032592822,0.20459007566283582,0.08736900827968576
asap/Bach_Fugue_bwv_875_Ahfat01M,asap,52.86427449950711,0.29173840905614107,0.17036305421583547
asap/Bach_Prelude_bwv_874_WongWY01M,asap,81.01265822784814,0.10148896490857755,0.16061812658228605
asap/Beethoven_Piano_Sonatas_7-1_LeeS02M,asap,143.9998848000859,0.29986834837007587,0.1799993760005608
asap/Chopin_Berceuse_op_57_ZhangE09M,asap,32.30510230823979,0.17221690936150144,0.40084119794319456
asap/Beethoven_Piano_Sonatas_4-1_LiA04M,asap,135.7689529215545,0.11701325532365744,0.22404275816900387
asap/Chopin_Etudes_op_25_11_MiyashitaM03M,asap,114.28571428571304,0.3854533155015709,0.2717256666666764
asap/Chopin_Scherzos_20_Wong04M,asap,311.35188990598374,0.8835599562610158,2.554389542727977
asap/Chopin_Etudes_op_10_4_Sladek03M,asap,179.29956624446737,0.16093345296439002,0.3046682136234761
asap/Schumann_Kreisleriana_1_ParkJH04M,asap,88.10702066109617,0.3308406418769996,0.5885278785297966
asap/Chopin_Etudes_op_10_1_KaiRuiR03M,asap,164.5715790368728,0.15984966481520563,0.24300145645846208
asap/Beethoven_Piano_Sonatas_23-1_Mizumoto06M,asap,128.89504720780988,0.35196075205295463,0.5339855422721235
asap/Chopin_Etudes_op_25_10_WangA03M,asap,109.09090909091812,0.4177571067959897,0.8272740000000537
asap/Chopin_Etudes_op_10_1_ChenW03M,asap,173.49389229210482,0.15855037028205324,0.2948786048777695
asap/Schubert_Impromptu_op.90_D.899_2_KaiRuiR05M,asap,187.92841806555776,0.19275455595874078,0.385644148143981
asap/Balakirev_Islamey_CHEN10M,asap,153.49763549684144,0.5406594712212187,1.490203908817336
asap/Bach_Prelude_bwv_848_Zhou01M,asap,285.32434244627683,0.11662452798539358,0.13312472953634155
asap/Chopin_Etudes_op_25_1_Wong03M,asap,97.6271715943982,0.30455740258688235,0.5868632877902825
asap/Bach_Fugue_bwv_857_Lisiecki04M,asap,64.61332692943368,0.15675492290874463,0.1684042985092585
asap/Bach_Fugue_bwv_854_Ozaki01M,asap,116.21690723566356,0.060272734367527565,0.09558608186318786
asap/Beethoven_Piano_Sonatas_26-3_HONG05M,asap,103.78378378378379,0.40496137768239243,0.2689183135135163
asap/Beethoven_Piano_Sonatas_26-2_LEE_K05M,asap,23.072299743012906,0.12310501504641227,0.3273382526040003
asap/Schubert_Impromptu_op.90_D.899_3_ZhangW07M,asap,67.09373693943405,0.2513281332476991,0.523471262214919
asap/Bach_Fugue_bwv_893_Wong01M,asap,177.5725827932159,0.16075526674187388,0.1384699162448902
asap/Bach_Prelude_bwv_860_TuanS01M,asap,186.70998338281177,0.17979502340438208,0.11086029736675211
asap/Bach_Fugue_bwv_848_Lou01M,asap,105.20557168707649,0.09012124141453466,0.1428823170474931
asap/Rachmaninoff_Preludes_op_23_6_Nikiforov14M,asap,69.63353899405689,0.3282283833447895,0.7873063861208611
asap/Schubert_Impromptu_op.90_D.899_1_Duepree08M,asap,102.11636159403923,0.31315643371416196,0.4730198361028043
asap/Beethoven_Piano_Sonatas_18-4_ChenGuang06M,asap,185.43271496674043,0.25204959242000863,0.23118514683962743
asap/Schubert_Impromptu_op.90_D.899_2_HuNY06M,asap,181.99024532284827,0.16840337715979958,0.2830943194777439
asap/Mozart_Piano_Sonatas_12-1_MunA03M,asap,153.3957995116922,0.09639709187368337,0.17656367843119375
asap/Chopin_Etudes_op_10_4_Knoll03M,asap,181.41741425758397,0.10722216974986051,0.15866192562491716
asap/Bach_Prelude_bwv_864_SunD01M,asap,93.24161466504202,0.13870302460300815,0.0571437451582263
asap/Haydn_Keyboard_Sonatas_50-1_no_repeat_YoungS02M,asap,119.00818577971297,0.23162065034327575,0.20144515606939598
asap/Bach_Prelude_bwv_889_Wang01M,asap,53.457068628184274,0.06834021267922755,0.06755565771795344
asap/Haydn_Keyboard_Sonatas_39-1_Yarden07M,asap,102.40008738140767,0.5399712757742123,0.3582234950173564
asap/Beethoven_Piano_Sonatas_32-1_HouY04M,asap,128.53553043400814,0.5987863610228052,1.898045545850928
asap/Liszt_Annees_de_pelerinage_2_1_Gondoliera_LeungM12M,asap,51.200043690703836,0.35143089770972974,0.5014446092327167
asap/Beethoven_Piano_Sonatas_21-1_no_repeat_Song03M,asap,149.3678007831872,0.3034082225761152,0.2993549800469596
asap/Beethoven_Piano_Sonatas_16-1_LeeSH02M,asap,132.2617194905302,0.17371869139483684,0.3340986143380389
asap/Chopin_Etudes_op_25_11_Song02M,asap,117.9647540975528,0.4468475805463665,0.29267237353934517
asap/Liszt_Gran_Etudes_de_Paganini_2_La_campanella_Levitsky06M,asap,66.39768227823765,0.2929408752823008,0.5511533277411776
asap/Beethoven_Piano_Sonatas_17-1_no_repeat_WangH03M,asap,228.79848382871407,1.080191851406284,3.1529292879218036
asap/Beethoven_Piano_Sonatas_27-1_Ko05M,asap,155.41283476895066,0.2825926272020728,0.4387848270448856
asap/Bach_Fugue_bwv_874_WongWY01M,asap,31.445337783198053,0.1299882621248969,0.1278378238149175
asap/Bach_Prelude_bwv_880_LeungR01M,asap,64.35758792050936,0.07031061946314159,0.0865553780954537
asap/Bach_Prelude_bwv_854_WangA01M,asap,72.80387122451269,0.1303013116321976,0.13657084059350383
asap/Liszt_Gran_Etudes_de_Paganini_2_La_campanella_ZhangH07M,asap,69.2932664268345,0.28607508816655614,0.4705264555916913
asap/Chopin_Ballades_4_Levitsky18M,asap,48.55637840633184,0.3702904888988806,0.8916754540223808
asap/Chopin_Etudes_op_10_5_LiA03M,asap,121.19926674443622,0.19303710435850963,0.338032127905611
asap/Chopin_Etudes_op_10_1_SunY03M,asap,178.88180980689515,0.1587458062286984,0.35093033447914734
asap/Bach_Fugue_bwv_875_CaoJ01M,asap,56.26372307370588,0.13324022911801886,0.07887658224138731
asap/Balakirev_Islamey_Yi04M,asap,147.929541159547,0.5124217602633662,1.469502722519855
asap/Schubert_Impromptu_op.90_D.899_2_FaB06M,asap,194.4305372601817,0.20513607660164052,0.44708783561545
asap/Beethoven_Piano_Sonatas_16-1_LuoJ03M,asap,148.0721012418307,0.10326147895720746,0.21407277250211076
asap/Chopin_Ballades_1_Mo07M,asap,80.17397753125246,0.6922717372991207,2.0088727204700665
asap/Schubert_Impromptu_op142_3_WangH06M,asap,43.62811395663363,0.3778491014532314,0.644270828788744
asap/Bach_Fugue_bwv_848_LeeSH01M,asap,91.64684803578153,0.11746515569828749,0.09533334249802342
asap/Beethoven_Piano_Sonatas_17-3_USHIKI05M,asap,280.9751711607033,0.12321828338788582,0.2219488437870598
asap/Bach_Prelude_bwv_868_GonzalezJ05M,asap,73.37578122277085,0.1308186255271185,0.06833828925589153
asap/Bach_Prelude_bwv_870_MaximovI01M,asap,55.53478143361216,0.20606392435327936,0.15820109884820857
asap/Bach_Prelude_bwv_873_Lisiecki13M,asap,44.06175990012668,0.10468535690916903,0.13217029870201613
asap/Chopin_Ballades_4_Mizumoto02M,asap,47.850476830001604,0.4305774362244701,0.8589046746724177
asap/Chopin_Etudes_op_25_12_HouKimberly03M,asap,158.89641145695927,0.26212784712118703,0.5799995762762354
asap/Bach_Prelude_bwv_848_Lin04M,asap,265.59131693454503,0.12021643203072735,0.16196201158861254
asap/Scriabin_Sonatas_5_FaB05M,asap,127.11716282966424,0.8244863790077261,2.1721371890793337
asap/Bach_Fugue_bwv_860_Nikiforov05M,asap,63.080073845739804,0.1271737151617775,0.09787819658273708
asap/Beethoven_Piano_Sonatas_31-1_Zuber04M,asap,55.1196130051947,0.26272323630290695,0.5433016234792762
asap/Bach_Prelude_bwv_863_LeeN01M,asap,34.99393146905107,0.12464216778701515,0.1012047827372629
asap/Schubert_Impromptu_op142_1_Lisiecki10M,asap,111.84452120292941,0.23688334642283562,0.4981787983797742
asap/Bach_Fugue_bwv_885_SINKEV06,asap,108.99677551205873,0.1596586786933724,0.15868477224215688
asap/Beethoven_Piano_Sonatas_7-1_Larionova04M,asap,142.22222222222223,0.2828703516803521,0.2172828444444215
asap/Chopin_Scherzos_31_LeeN04M,asap,275.59724219026407,0.4431481055985721,1.0248763257376983
asap/Scriabin_Sonatas_5_ChernovA06M,asap,114.05933366537496,0.7761000460456532,1.9644773611233917
asap/Beethoven_Piano_Sonatas_22-2_KOLESO04M,asap,116.59915251849299,0.10298545636072809,0.21234823891553042
asap/Schubert_Impromptu_op.90_D.899_2_Levitsky09M,asap,204.3457530140969,0.23781433938284025,0.5188471493767848
asap/Beethoven_Piano_Sonatas_17-1_no_repeat_TuanS02M,asap,220.37297667191137,1.0593334218263117,2.9752270932046447
asap/Liszt_Ballade_2_GarritsonL04M,asap,94.23316583389149,0.6023029543876851,1.6296525073484964
asap/Beethoven_Piano_Sonatas_27-1_MiyashitaM02M,asap,149.22273607347603,0.38207536537183756,0.30815987226535346
asap/Beethoven_Piano_Sonatas_17-3_KaszoS11M,asap,232.1415444377152,0.14489741060749275,0.30227073120712705
asap/Liszt_Annees_de_pelerinage_2_1_Gondoliera_LeungM08M,asap,54.75931455940596,0.27949914268768306,0.4576360038842462
asap/Beethoven_Piano_Sonatas_5-1_Colafelice02M,asap,203.44362238150146,0.2605142743716224,0.552982653040456
asap/Bach_Prelude_bwv_892_Hou01M,asap,109.7796265480065,0.05580946060559032,0.1042690552273876
asap/Chopin_Scherzos_31_HuNY08M,asap,275.59724219027305,0.4295987560319795,0.921531953203584
asap/Haydn_Keyboard_Sonatas_46-1_YuP03M,asap,82.19763599598792,0.25348904482736406,0.355647251585045
asap/Chopin_Ballades_1_KimSuyeon04M,asap,84.51165468538328,0.6435153056263843,1.7976140951355324
asap/Haydn_Keyboard_Sonatas_50-1_no_repeat_HamSY02M,asap,122.4715993464118,0.31693135912572906,0.22897147330273718
asap/Beethoven_Piano_Sonatas_7-1_ZhangE02M,asap,150.19544181867255,0.3493636950227205,0.18200833835030342
asap/Beethoven_Piano_Sonatas_21-1_no_repeat_RichardsonC02M,asap,156.09756097561032,0.3276921000665052,0.3677494634147139
asap/Beethoven_Piano_Sonatas_28-1_WangY04M,asap,53.328190125663625,0.21988136669921737,0.39938165963554356
asap/Bach_Fugue_bwv_880_WangA04M,asap,119.06982651526272,0.06441991131606058,0.0798446535663363
asap/Chopin_Etudes_op_25_1_TuanS04M,asap,92.53004913345677,0.38397234602309965,0.5034541467341539
asap/Chopin_Etudes_op_25_11_KimSuyeon03M,asap,128.08887660184564,0.3536466670566814,0.3963873599761529
asap/Bach_Fugue_bwv_887_LiYZ01M,asap,48.96224521271619,0.0973672471508482,0.05049125452694377
asap/Bach_Prelude_bwv_848_MiyashitaM01M,asap,260.63386155129155,0.1808639091763695,0.1226247567417217
asap/Bach_Prelude_bwv_889_LiuY01M,asap,56.66498245746578,0.07317757677151317,0.08775233625001914
asap/Bach_Fugue_bwv_848_Lee01M,asap,106.21583943705585,0.07867433019138688,0.0964262795689441
asap/Beethoven_Piano_Sonatas_24-2_Lisiecki05M,asap,142.5521830084914,0.3711443985060534,0.41763299227722833
asap/Beethoven_Piano_Sonatas_21-1_no_repeat_SunY02M,asap,161.79746193715857,0.3265240463938509,0.2865163388470277
asap/Liszt_Gran_Etudes_de_Paganini_6_Theme_and_Variations_repeat_KanM09M,asap,99.52476922693997,0.5582775633918383,1.4954621681470868
asap/Bach_Fugue_bwv_885_Huang04M,asap,82.3776383154877,0.1479870322854719,0.13233487059163426
asap/Liszt_Transcendental_Etudes_3_Huang14M,asap,51.086481750631954,0.4047692516379817,0.5611973479304291
asap/Bach_Prelude_bwv_876_Song01M,asap,99.31029003570258,0.2730223972867431,0.08189457550645425
asap/Chopin_Sonata_3_4th_HuangSW06M,asap,120.47055799954802,0.2381359346355418,0.3583008230146877
asap/Schubert_Impromptu_op142_3_SunY08M,asap,45.52460851681991,0.3941590187498797,0.7687808168404692
asap/Chopin_Scherzos_31_TuanS05M,asap,277.92574750445823,0.41640844625847495,1.0069963174835992
asap/Chopin_Etudes_op_10_1_MunA07M,asap,188.85206273665273,0.1157725816118625,0.2426213925321501
asap/Beethoven_Piano_Sonatas_31-1_LeungM03M,asap,64.90142015123858,0.1932741436162842,0.3070423449315454
asap/Liszt_Ballade_2_Jin07M,asap,114.91269986429062,0.5476951573897634,1.4842898059983145
asap/Bach_Prelude_bwv_891_Duepree06M,asap,72.97871758148567,0.13617008705070716,0.09209512775835223
asap/Beethoven_Piano_Sonatas_11-1_LiC03M,asap,149.41634241244714,0.0953152561651599,0.17068775097269379
asap/Chopin_Etudes_op_25_1_LeeN03M,asap,96.40164782549986,0.31564779870918974,0.4385140650004101
asap/Bach_Prelude_bwv_875_CaoJ01M,asap,127.29272766038947,0.06391215731218677,0.08884035264330067
asap/Chopin_Etudes_op_10_4_ZhangE03M,asap,180.56408219276886,0.10291788257548341,0.1968645047127476
asap/Chopin_Etudes_op_25_11_Lisiecki07M,asap,111.43887554459987,0.5484607917362768,0.46444872349085026
asap/Beethoven_Piano_Sonatas_26-1_no_repeat_Kim02M,asap,235.1014266738301,1.1636781936736846,0.5528062294041753
asap/Bach_Prelude_bwv_857_ToA01M,asap,42.15148188803517,0.12770104041750432,0.1905653743139418
asap/Bach_Prelude_bwv_893_Wong01M,asap,58.40302761295167,0.31308281110164554,0.2533041512872064
asap/Bach_Fugue_bwv_889_ZhangW02M,asap,77.69776346987885,0.12502557677960102,0.11434805749116429
asap/Chopin_Scherzos_20_Kurz04M,asap,338.61573885950526,0.7770504595793996,2.9503984378523684
asap/Bach_Fugue_bwv_868_GonzalezJ05M,asap,66.94433689960627,0.1309016744183069,0.10532575672205541
asap/Bach_Prelude_bwv_854_Richardson01M,asap,66.68596854978574,0.2208229478199385,0.17764163960791185
asap/Haydn_Keyboard_Sonatas_48-2_PrjevalskayaM03M,asap,152.83586955968528,0.10661085293282578,0.16882250151563175
asap/Chopin_Etudes_op_10_1_YeF03M,asap,185.80625981289086,0.21961415842409318,0.4391122176905996
asap/Bach_Prelude_bwv_846_Shi05M,asap,62.60868476370641,0.16093658504038033,0.15625040760862002
asap/Chopin_Etudes_op_10_5_LiC02M,asap,117.67111218322444,0.29239458485014225,0.3577131207702732
asap/Beethoven_Piano_Sonatas_26-1_HuNY02M,asap,234.78220037878327,1.2048802679320707,0.5298897306266342
asap/Beethoven_Piano_Sonatas_26-3_Zhdanov05M,asap,102.34310269320108,0.44001594441608083,0.19189306169197326
asap/Chopin_Ballades_3_Ko11M,asap,73.14285714285968,0.23713125894369197,0.554047634285724
asap/Chopin_Ballades_3_LinPeng06M,asap,72.94021394580408,0.2783249252370301,0.6650570787565858
asap/Haydn_Keyboard_Sonatas_50-1_no_repeat_JeonH03M,asap,116.36363636363636,0.27508227720770284,0.2222215757575021
asap/Schubert_Wanderer_fantasie_SunY10M,asap,153.2933152617483,1.358962658347818,0.7198909573551238
asap/Balakirev_Islamey_Na08M,asap,170.98328210956467,0.6035515791667456,1.7098345309285203
asap/Bach_Fugue_bwv_860_Ko04M,asap,63.036930185547966,0.08599006550225081,0.07615176351066716
asap/Chopin_Ballades_4_MiyashitaM04M,asap,47.69198607711968,0.37312903107904305,0.7291240651376241
asap/Beethoven_Piano_Sonatas_21-1_no_repeat_LeeN02M,asap,159.55706957484782,0.2999143519365176,0.3144064078118987
asap/Bach_Prelude_bwv_870_ChenW01M,asap,54.98808362404483,0.20356747852241622,0.07427295443183621
asap/Liszt_Transcendental_Etudes_5_Huang16M,asap,71.38650438134876,0.18001251049636152,0.3369490597802251
asap/Bach_Prelude_bwv_867_Sham01M,asap,34.46478345345761,0.20851708983197537,0.15111273861477248
asap/Beethoven_Piano_Sonatas_8-1_Na06M,asap,170.35097980205043,1.037268570116626,3.8643191355254967
asap/Beethoven_Piano_Sonatas_10-1_Hou02M,asap,89.91215582375901,0.21368878262282934,0.20136561579335222
asap/Bach_Prelude_bwv_875_Ahfat01M,asap,119.37815916889086,0.14842933763287966,0.12227805361870095
asap/Bach_Fugue_bwv_893_Levitsky04M,asap,210.4104054959199,0.1491880380696152,0.10045764263196363
asap/Beethoven_Piano_Sonatas_23-1_Teo02M,asap,120.0,0.35513498052402315,0.433074200000101
asap/Chopin_Etudes_op_25_12_LuA04M,asap,156.20342371871325,0.2442726404979065,0.5007457411787566
asap/Schubert_Impromptu_op.90_D.899_4_no_repeat_Lin11M,asap,156.4688118540747,0.23158252016219985,0.4364963503649328
asap/Schubert_Impromptu_op.90_D.899_3_ZhaoK10M,asap,72.54410984145593,0.2966089466301858,0.24067983503468948
asap/Beethoven_Piano_Sonatas_18-1_Levitsky05M,asap,146.40180952636177,0.30461038867985546,0.7370928504675991
asap/Chopin_Etudes_op_10_2_JeonH02M,asap,151.97895598056044,0.1382509644463154,0.10145076578392657
asap/Beethoven_Piano_Sonatas_4-1_SirajA02M,asap,133.0253795796071,0.12167320834835008,0.2057739666005759
asap/Bach_Fugue_bwv_854_WangA01M,asap,111.95345721605364,0.08761822138779797,0.08017640133075794
asap/Chopin_Ballades_4_ChenC04M,asap,52.393395812458294,0.42425223696134023,0.8412735088075786
asap/Bach_Fugue_bwv_876_Song01M,asap,97.66157497194278,0.13898180508090827,0.109217706369086
asap/Chopin_Etudes_op_10_4_Yi03M,asap,163.69469847436542,0.2028346882354661,0.19928983783314075
asap/Bach_Fugue_bwv_885_Guo01M,asap,99.31037222355157,0.09973385383360941,0.10941106466513585
asap/Beethoven_Piano_Sonatas_17-2_USHIKI05M,asap,42.19779477841057,0.17782646055324244,0.31831505612043354
asap/Beethoven_Piano_Sonatas_24-1_no_2_repeat_Cui06M,asap,127.29272766039236,0.5857634873109422,0.2129837521441216
asap/Haydn_Keyboard_Sonatas_48-2_GarritsonL03M,asap,167.86879375079783,0.08369109855843615,0.1839716077913542
asap/Bach_Fugue_bwv_854_MiyashitaM01M,asap,102.50636607244353,0.11508640192741619,0.1082911419977934
asap/Haydn_Keyboard_Sonatas_50-1_no_repeat_Huang05M,asap,114.0595504912978,0.28564556752242815,0.17363988738520778
asap/Chopin_Etudes_op_10_4_Richardson_2013_03M,asap,170.35122163119837,0.07987838341753012,0.16635534980914407
asap/Chopin_Etudes_op_10_10_WangH02M,asap,167.92998998717354,0.2825101309832754,0.48498628921612247
asap/Beethoven_Piano_Sonatas_7-1_WangY01M,asap,143.462074605062,0.32608809979024167,0.217683852626219
asap/Schubert_Impromptu_op.90_D.899_3_LeeSH08M,asap,58.925840847196156,0.1899440737564609,0.3584141190243145
asap/Chopin_Etudes_op_10_8_Tetzloff07M,asap,174.54545454544012,0.23007137465655064,0.3988648727272514
asap/Chopin_Etudes_op_10_12_LuoJ08M,asap,157.80794247375033,0.20892359319524864,0.4408201804796968
asap/Chopin_Ballades_1_Zhou06M,asap,86.61655177341855,0.6665240507762732,1.9562981962464945
asap/Chopin_Barcarolle_Ozel10M,asap,59.34318957775125,0.2701397626320455,0.6191880269180567
asap/Chopin_Etudes_op_10_2_Hebert03M,asap,174.05102305740832,0.1442275486919247,0.15656310147319658
asap/Chopin_Ballades_1_Richardson13M,asap,85.73023766207868,0.6362379444592502,1.7616747973463531
asap/Chopin_Etudes_op_25_1_TongB02M,asap,88.61536280237105,0.2653638268293107,0.5347689022107189
asap/Chopin_Ballades_1_MunA19M,asap,92.15995281410562,0.67961311500102,1.972504999677489
asap/Beethoven_Piano_Sonatas_31-1_ADIG05M,asap,59.32030791194633,0.22040119282474355,0.3465502274933818
asap/Chopin_Etudes_op_10_1_LiYZ02M,asap,173.88670846226634,0.12509257117079647,0.15532241856125442
asap/Beethoven_Piano_Sonatas_21-1_no_repeat_ZhangW01M,asap,161.68410160228973,0.3432524278080885,0.35789584310178657
asap/Bach_Fugue_bwv_856_LuoJ01M,asap,202.46057080383565,0.21218246847146308,0.15870276763599056
asap/Bach_Prelude_bwv_857_WangA01M,asap,39.29060807127317,0.09889627280620975,0.08188987824822656
asap/Bach_Fugue_bwv_854_LuA01M,asap,104.36370752070968,0.07691082706241417,0.09029200095666291
asap/Schumann_Kreisleriana_1_Yarden09M,asap,96.60373470038583,0.2478885423254433,0.43443697733357234
asap/Beethoven_Piano_Sonatas_32-1_DupreeF03M,asap,128.0,0.6089279415580822,1.9711127466667184
asap/Beethoven_Piano_Sonatas_31-1_HuangSW08M,asap,56.33252715227556,0.2206777436546789,0.4223717120581641
asap/Bach_Fugue_bwv_892_Hou01M,asap,52.07761474108732,0.08761205604392054,0.17517477464495368
asap/Beethoven_Piano_Sonatas_27-1_GiacomelliN04M,asap,153.8564109402072,0.3941896875032783,0.6020032104704129
asap/Bach_Prelude_bwv_880_WangA04M,asap,78.76930832670338,0.06381773866599459,0.06769198049671822
asap/Beethoven_Piano_Sonatas_23-1_Duepree05M,asap,119.22385271880835,0.39165922194205566,0.6437253479847249
asap/Liszt_Gran_Etudes_de_Paganini_2_La_campanella_VuV06M,asap,67.13286713286789,0.310770653334653,0.5601394125873971
asap/Schumann_Arabeske_ParkS15M,asap,85.57095436572159,0.6807613305583765,1.2261824301438102
asap/Schubert_Moment_musical_no_3_Tetzloff09M,asap,92.2984269656009,0.14382661638596536,0.31917911317364867
asap/Bach_Fugue_bwv_862_Song04M,asap,56.48792005829559,0.12747437764568903,0.09463741345581439
asap/Schubert_Impromptu_op.90_D.899_3_Hou06M,asap,68.64805941947319,0.22538488664903775,0.42212338172927066
asap/Bach_Prelude_bwv_883_LuM01M,asap,49.612423612372865,0.2629135464445675,0.20944546126944633
asap/Beethoven_Piano_Sonatas_16-1_BuiJL02M,asap,141.26289023873903,0.1711626131563324,0.21213919103450948
asap/Schubert_Piano_Sonatas_664-1_KabuliL10M,asap,104.82253544748718,0.1700883637145146,0.31483099113198865
asap/Bach_Prelude_bwv_884_LiA01M,asap,128.14242603512164,0.09660352198303596,0.1121259042049898
asap/Beethoven_Piano_Sonatas_18-1_KOLESO06M,asap,138.37829859269064,0.23523056120912694,0.5611614782492446
asap/Beethoven_Piano_Sonatas_4-1_Chon03M,asap,132.31881557017883,0.1243778769120022,0.2229720901025194
asap/Chopin_Sonata_3_4th_KimSY23M,asap,110.90255269950524,0.24951053531768377,0.40926664762839493
asap/Schubert_Impromptu_op142_1_Kleisen10M,asap,106.4203390552051,0.18633959192744687,0.43614274160111527
asap/Chopin_Scherzos_20_ZhangYunling04M,asap,317.793243715718,0.8159438815491625,2.69654982468466
asap/Chopin_Scherzos_31_SunD04M,asap,301.57118587843036,0.43091941850563953,1.0026183918211855
asap/Schubert_Wanderer_fantasie_Larionova05M,asap,147.69230769230768,1.3973072204979151,0.7467950769230531
asap/Chopin_Etudes_op_10_8_LuEric03M,asap,190.80722586964427,0.16736677972386405,0.29772319277728787
asap/Bach_Fugue_bwv_883_GuoE01M,asap,63.85808179901004,0.06964984714041618,0.08545754581682077
asap/Beethoven_Piano_Sonatas_11-1_MaximovI02M,asap,155.15141485161087,0.09155029663341077,0.19107801788906825
asap/Beethoven_Piano_Sonatas_26-2_HONG05M,asap,24.201677418261855,0.07030573606857561,0.17647024181913196
asap/Chopin_Ballades_1_BuiJL04M,asap,86.13085142500137,0.691981633356488,2.0502054220807087
asap/Beethoven_Piano_Sonatas_31-2_ADIG05M,asap,222.39354762187256,0.549978221264702,0.4635139292492276
asap/Beethoven_Piano_Sonatas_21-2_YOO05M,asap,13.623461598981319,0.13399532076661624,0.3304635814218734
asap/Bach_Fugue_bwv_863_Shychko01M,asap,51.22845843322904,0.09467566298754715,0.08686263259633246
asap/Liszt_Transcendental_Etudes_5_LiuY06M,asap,75.5409677553384,0.18694654574981254,0.3365564146242101
asap/Bach_Prelude_bwv_860_Ko04M,asap,187.69854987228754,0.08307558892712479,0.12566105083035614
asap/Bach_Fugue_bwv_883_Herbert02,asap,84.11608019066433,0.08187427319476057,0.07813402495441962
asap/Chopin_Sonata_3_4th_GarritsonL11M,asap,142.22222222222223,0.20380835204776987,0.3242292148148054
asap/Bach_Fugue_bwv_854_Richardson01M,asap,112.25339332653641,0.14657323031932226,0.12119362774904663
asap/Bach_Prelude_bwv_858_VuV01M,asap,91.84971549550626,0.07373085774020792,0.09472308076192582
asap/Bach_Prelude_bwv_856_LuoJ01M,asap,78.26083553876698,0.08888435470048929,0.10062126059946032
asap/Beethoven_Piano_Sonatas_21-1_no_repeat_ToA02M,asap,158.67768595040846,0.3218120681949084,0.26267345454550994
asap/Bach_Fugue_bwv_858_Zhang01M,asap,65.50103928315568,0.09027491574051336,0.07775388202826264
asap/Bach_Fugue_bwv_867_HuNY01M,asap,67.309396616132,0.12308014730636992,0.16344336923915886
hjdb/hjdb_Ruff_(Remix),hjdb,162.16216216216174,0.01713621202233183,0.02702702702703598
hjdb/hjdb_Unfriendly,hjdb,157.8947368421057,0.016604824702682198,0.026315789473693067
hjdb/hjdb_Project_1_(Remix),hjdb,162.16216216216017,0.020219802450285918,0.051351351351342514
hjdb/hjdb_I_Wanna_Be_Your_Lover,hjdb,150.0,0.05548294101846986,0.04999999999999894
hjdb/hjdb_Breaking_Free,hjdb,153.8461538461538,0.019087213250207166,0.05128205128205017
hjdb/hjdb_Beyond_Bass,hjdb,157.8947368421057,0.01823791125138584,0.026315789473686055
hjdb/hjdb_Last_Action_Hero,hjdb,153.8461538461536,0.01157079127831214,0.030769230769224488
hjdb/hjdb_Dance_The_Dream,hjdb,139.53488372093034,0.014159529388928371,0.023255813953490346
hjdb/hjdb_Dub_War_Chapter_1_(Raw_Mix),hjdb,153.8461538461536,0.016398439723266867,0.025641025641029613
hjdb/hjdb_NHS_(Midday_Mix),hjdb,130.43478260869742,0.013497061946806548,0.021739130434794026
hjdb/hjdb_Horizons,hjdb,164.60905349794177,0.023049584142574017,0.054869684499316715
hjdb/hjdb_Superpod,hjdb,157.8947368421042,0.012962174524307217,0.026315789473697497
hjdb/hjdb_We_Are_Hardcore,hjdb,142.85714285714226,0.021225431113189707,0.04761904761904641
hjdb/hjdb_Obsession_(The_Only_Remix),hjdb,157.89473684210716,0.02044699848918405,0.0526315789473726
hjdb/hjdb_Demons_Theme,hjdb,146.34146341463284,0.017450103981029638,0.04878048780486966
hjdb/hjdb_Renegade_Snares_(VIP_Remix),hjdb,157.89473684210643,0.014624944906308878,0.026315789473697865
hjdb/hjdb_Cant_Stop_The_Rush_(93_Remix),hjdb,153.8461538461536,0.019064426006415086,0.051282051282050115
hjdb/hjdb_The_Core,hjdb,153.84615384615387,0.012051101375251082,0.02564102564102965
hjdb/hjdb_Too_Much_(Ray_Keith_Rmx),hjdb,133.33333333333354,0.014881369781750262,0.022222222222233627
hjdb/hjdb_Casanova_(Down_To_Earth_Remix),hjdb,164.8351648351661,0.009747070332652425,0.021978021978024606
hjdb/hjdb_Re-Baptised_By_Dub_(Selectors_Revenge),hjdb,142.85714285714226,0.01169072250174867,0.023809523809527434
hjdb/hjdb_Ruff,hjdb,157.8947368421057,0.012403152729452858,0.026315789473691606
hjdb/hjdb_Beyond_Control,hjdb,127.65957446808541,0.009907314939461296,0.02127659574468647
hjdb/hjdb_Summer_Breeze,hjdb,157.89473684210495,0.014731332164138215,0.02631578947369762
hjdb/hjdb_Fireball,hjdb,130.4347826086954,0.011228132717580948,0.021739130434784277
hjdb/hjdb_Captain_Of_This_Ship,hjdb,146.3414634146341,0.014060563686440361,0.024390243902442828
hjdb/hjdb_Peakin_Thru_The_Window,hjdb,157.8947368421057,0.016411508091740617,0.026315789473695405
hjdb/hjdb_R-type,hjdb,166.66666666666694,0.007442585930919247,4.934324553889592e-15
hjdb/hjdb_Dub_War_Chapter_1_(The_Mix_Strikes_Back),hjdb,153.8461538461536,0.01592128278717205,0.0256410256410289
hjdb/hjdb_Johnny_(Dance_Conspiracy_Mix),hjdb,149.99999999999986,0.01849919863421706,0.04999999999999889
hjdb/hjdb_Exodus_(When_The_Lion_Awakes),hjdb,142.8571428571429,0.01667990553493273,0.04761904761904661
hjdb/hjdb_Take_Me_To_The_Top,hjdb,150.00000000000054,0.013692144602505058,0.049999999999999115
hjdb/hjdb_Light_Years,hjdb,151.89873417721532,0.015834765672578396,0.04050632911390796
hjdb/hjdb_Time_Bomb,hjdb,153.8461538461536,0.014288870409401465,0.025641025641029613
hjdb/hjdb_Flammable,hjdb,153.8461538461536,0.017788196542321354,0.051282051282052106
hjdb/hjdb_Dark_Angel,hjdb,150.0000000000001,0.015161535137316445,0.049999999999998976
hjdb/hjdb_Rock_To_The_Groove,hjdb,153.8461538461536,0.01303632960261378,0.025641025641029613
hjdb/hjdb_Anastacia,hjdb,127.65957446808541,0.012963955941002159,0.021276595744691786
hjdb/hjdb_Ill_Take_You_(Original_Mix),hjdb,139.53488372093034,0.013320082000873982,0.04651162790697165
hjdb/hjdb_The_Way_(VIP_Mix),hjdb,157.89473684210716,0.020561825210122436,0.02631578947369799
hjdb/hjdb_6_Million_Ways_To_Die_(DJ_Hype_Remix),hjdb,157.8947368421057,0.01723613898512679,0.026315789473697743
hjdb/hjdb_Promised_Land,hjdb,146.34146341463537,0.015133390942056466,0.024390243902451706
hjdb/hjdb_Terminator_2,hjdb,150.00000000000003,0.016484511834894185,0.04999999999999895
hjdb/hjdb_DJ_Business,hjdb,142.85714285714226,0.01708766171472218,0.023809523809536687
hjdb/hjdb_Obsessions,hjdb,166.66666666666694,0.01801495042192032,0.027777777777782165
hjdb/hjdb_Pennywise,hjdb,146.3414634146341,0.012720458273541188,0.04878048780487266
hjdb/hjdb_The_Deep,hjdb,153.8461538461536,0.014810422040181933,0.025641025641034168
hjdb/hjdb_Happiness,hjdb,153.8461538461536,0.011794518197260006,0.02564102564103687
hjdb/hjdb_Music_In_Search_Of_Light,hjdb,150.00000000000054,0.03497540892475256,0.05000000000000536
hjdb/hjdb_Inna_Year_4000,hjdb,153.84615384615398,0.02118819074053522,0.0512820512820545
hjdb/hjdb_What_Kind_of_World,hjdb,171.42857142857073,0.019362654928303785,0.028571428571449734
hjdb/hjdb_Hardcore_Junglism,hjdb,142.8571428571429,0.013399935595234521,0.023809523809527534
hjdb/hjdb_Street_Knowledge,hjdb,150.0000000000002,0.01116871752911298,0.02499999999999506
hjdb/hjdb_In_Complete_Darkness_(Slipmatt_remix),hjdb,153.8461538461538,0.016934456747964583,0.02564102564102964
hjdb/hjdb_The_Criminal,hjdb,146.34146341463457,0.01628998702774718,0.024390243902442908
hjdb/hjdb_Dance_Factor,hjdb,146.34146341463284,0.015516339201989153,0.024390243902451283
hjdb/hjdb_Stay_Calm_(Foul_Play_Remix),hjdb,157.8947368421057,0.018629501767767623,0.026315789473697743
hjdb/hjdb_Dam_Tuff,hjdb,166.66666666666669,0.014812292907668147,0.02777777777778212
hjdb/hjdb_Ghetto_People,hjdb,157.89473684210526,0.019458726165666785,0.04999999999999946
hjdb/hjdb_All_Right_(All_Night_Mix),hjdb,139.53488372093034,0.01695050780963725,0.046511627906975786
hjdb/hjdb_Jeopardy_(DJ_Spice_Mix),hjdb,153.8461538461536,0.019428201289032367,0.051282051282050115
hjdb/hjdb_Dance_With_Power_(Original_Mix),hjdb,127.65957446808541,0.01405603467085286,0.04255319148935995
hjdb/hjdb_The_Helicopter_Tune,hjdb,166.6666666666657,0.015581743130381156,0.027777777777791827
hjdb/hjdb_Open_Secrets,hjdb,166.66666666666652,0.017633586108626385,0.027777777777782096
hjdb/hjdb_The_Grand_National_(DJ_SS_and_EQ_Remix),hjdb,146.3414634146341,0.015797117853378017,0.024390243902442828
hjdb/hjdb_Dont_Need_Your_Love,hjdb,162.1621621621621,0.01894976551593881,0.054054054054052884
hjdb/hjdb_Trip_II_The_Moon,hjdb,149.99999999999986,0.014884062148126608,0.025000000000003887
hjdb/hjdb_Until_The_Night_Is_Morning,hjdb,153.8461538461536,0.013187212214120992,0.05128205128204413
hjdb/hjdb_Spiritual_Aura,hjdb,157.89473684210716,0.013312685101997863,0.02631578947369799
hjdb/hjdb_Crackman_The_Return_(DJ_Ron_Remix),hjdb,150.00000000000054,0.011536486134545814,0.02500000000001288
hjdb/hjdb_Tales_From_The_Darkside_2,hjdb,153.8461538461536,0.01848107141016501,0.051282051282059225
hjdb/hjdb_Another_Direction,hjdb,150.00000000000054,0.010986709528769576,0.01750000000000202
hjdb/hjdb_Music,hjdb,153.8461538461536,0.013930816431433022,0.02564102564103872
hjdb/hjdb_In_Effect,hjdb,157.89473684210532,0.015097941105549025,0.026315789473693008
hjdb/hjdb_Into_Da_Future_(Massive_Mix),hjdb,162.16216216216222,0.014701267615067173,0.02702702702703126
hjdb/hjdb_Fearless_Wonder_(Remix),hjdb,154.63917525773272,0.018060247059761905,0.028350515463915683
hjdb/hjdb_Rockin_Down_The_House,hjdb,130.43478260869566,0.01760672847383145,0.04347826086956429
hjdb/hjdb_Dream_Sequence,hjdb,157.89473684210716,0.02113362898857209,0.05263157894737728
hjdb/hjdb_Champion_Sound_(Doc_Scott_Remix),hjdb,157.89473684210716,0.019686490896876532,0.026315789473716687
hjdb/hjdb_Music_Takes_You,hjdb,139.534883720928,0.015000135349514141,0.02325581395349164
hjdb/hjdb_This_Way,hjdb,153.8461538461536,0.015015326767842127,0.025641025641032315
hjdb/hjdb_Champion_Sound,hjdb,162.16216216216017,0.015551759184815526,0.02702702702704052
hjdb/hjdb_I_Need_Your_Lovin,hjdb,153.8461538461539,0.013334475654550098,0.025641025641029654
hjdb/hjdb_Oblivion,hjdb,162.16216216216174,0.02253828862092359,0.05405405405405666
hjdb/hjdb_Scottie,hjdb,162.1621621621625,0.014389372583491676,0.02702702702703131
hjdb/hjdb_Sweet_Vibrations,hjdb,162.16216216216327,0.014512135477750649,0.027027027027031438
hjdb/hjdb_Future_Followers,hjdb,153.8461538461539,0.022102502186693112,0.05128205128205476
hjdb/hjdb_Wind_It_Up_(Rewound),hjdb,144.57831325301234,0.02092590549757487,0.04819277108434177
hjdb/hjdb_News_At_Ten,hjdb,130.4347826086954,0.0144074456571808,0.04347826086956747
hjdb/hjdb_R_Yeah,hjdb,157.89473684210716,0.015468776967734603,0.02631578947369799
hjdb/hjdb_Never_Try_The_Hippodrome_(Remix),hjdb,146.34146341463284,0.01834903232905901,0.024390243902451283
hjdb/hjdb_Ruff_Beats,hjdb,139.53488372093034,0.021614939128064503,0.04651162790698404
hjdb/hjdb_Tiger_Style,hjdb,162.16216216216174,0.00792326669731414,9.60192886162295e-15
hjdb/hjdb_Return_Of_The_Donut_Pt2,hjdb,153.8461538461537,0.013532393810185192,0.025641025641029627
hjdb/hjdb_Freeaneazy,hjdb,157.8947368421057,0.01857387836176672,0.026315789473692192
hjdb/hjdb_Cold_Fresh_Air_(Remix),hjdb,160.0,0.01442630312629105,0.026666666666679866
hjdb/hjdb_T-N-T,hjdb,157.89473684210716,0.018503288066373524,0.026315789473716687
hjdb/hjdb_Future_Followers_(Remix),hjdb,153.8461538461536,0.02001022008552746,0.051282051282053244
hjdb/hjdb_Gangsta,hjdb,153.8461538461536,0.01803392702710971,0.051282051282054666
hjdb/hjdb_Do_It_Now,hjdb,136.36363636363598,0.015105564480061827,0.022727272727284288
hjdb/hjdb_Lords_Of_The_Null_Lines_(Foul_Play_Remix),hjdb,157.8947368421057,0.016634358929084575,0.026315789473697743
hjdb/hjdb_Enticer,hjdb,157.89473684210716,0.014755462483054637,0.02631578947369799
hjdb/hjdb_Future_Funk,hjdb,153.8461538461538,0.018618726204463313,0.05128205128205017
hjdb/hjdb_Imagine_The_Future,hjdb,166.66666666666694,0.016618924797865336,0.027777777777792494
hjdb/hjdb_Special_Request,hjdb,136.36363636363706,0.014572642314447468,0.02272727272728775
hjdb/hjdb_Right_Before_My_Eyes,hjdb,130.4347826086954,0.01535502141816775,0.04347826086956385
hjdb/hjdb_Darkman,hjdb,153.8461538461536,0.013175824813835044,0.02564102564102648
hjdb/hjdb_Merder_Style,hjdb,162.16216216216174,0.01694305770466162,0.02702702702703448
hjdb/hjdb_Further_Intrigue,hjdb,153.84615384615398,0.0193130340808041,0.05128205128205023
hjdb/hjdb_Bombscare,hjdb,133.33333333333354,0.01059583562610902,0.022222222222233627
hjdb/hjdb_Drum_Programme_(Remix),hjdb,157.8947368421057,0.015547585926827217,0.026315789473697743
hjdb/hjdb_Johnny_94_(Origin_Unkown_Remix),hjdb,157.8947368421057,0.017224859955901953,0.026315789473692192
hjdb/hjdb_Breakage4,hjdb,171.42857142857162,0.017238026497282944,0.05714285714285598
hjdb/hjdb_Touch_Somebody,hjdb,162.16216216216327,0.018970758452056986,0.045945945945943006
hjdb/hjdb_Let_Me_Be_Your_Fantasy,hjdb,136.3636363636354,0.013377873252734747,0.022727272727284198
hjdb/hjdb_Spliffhead,hjdb,130.4347826086954,0.0151466080978399,0.021739130434801412
hjdb/hjdb_Warpdrive,hjdb,157.89473684210716,0.013253650017647035,0.02631578947369799
hjdb/hjdb_Something_I_Feel_(2_Bad_Mice_Remix),hjdb,157.8947368421057,0.022431855856054846,0.052631578947376786
hjdb/hjdb_Divine_Rhythm,hjdb,130.4347826086954,0.016346371301261153,0.02173913043479333
hjdb/hjdb_You_Dont_Know,hjdb,157.89473684210716,0.018461335491454647,0.02631578947368864
hjdb/hjdb_The_Element_(Highnoon),hjdb,146.3414634146341,0.0149196859538532,0.04878048780487726
hjdb/hjdb_Deep_Love,hjdb,149.99999999999991,0.0067516175330392305,8.881784197001248e-15
hjdb/hjdb_Tales_From_The_Darkside,hjdb,153.8461538461536,0.016104542939648626,0.025641025641029613
hjdb/hjdb_Hands_Of_Time,hjdb,157.89473684210512,0.011812656923128486,0.02631578947369765
hjdb/hjdb_Serious_Sounds,hjdb,157.89473684210716,0.01472298946291112,0.02631578947369799
hjdb/hjdb_The_R,hjdb,150.00000000000003,0.010511838298098448,0.005000000000007916
hjdb/hjdb_Bish_Bosh,hjdb,146.3414634146341,0.01624544337575161,0.024390243902443234
hjdb/hjdb_Something_New_Pt1,hjdb,162.16216216216017,0.01776703148112207,0.02702702702704052
hjdb/hjdb_On_My_Own_(Rmx),hjdb,157.89473684210495,0.011437318689924262,0.026315789473688272
hjdb/hjdb_Storm_Trooper,hjdb,162.1621621621621,0.015197655919940963,0.05405405405405424
hjdb/hjdb_You_Got_Me_Burnin_(A.A.S_Mix),hjdb,146.3414634146341,0.015993049273584983,0.024390243902442828
hjdb/hjdb_Tibetan_Jungle,hjdb,157.89473684210716,0.014092294183586665,0.02631578947369799
hjdb/hjdb_Digable_Bass,hjdb,166.6666666666653,0.01369727213391053,0.02777777777778189
hjdb/hjdb_Essence_Ep,hjdb,162.1621621621625,0.018046714288037776,0.054054054054050164
hjdb/hjdb_A_Musical_Box,hjdb,157.89473684210532,0.015727670684173814,0.052631578947365414
hjdb/hjdb_New_Direction,hjdb,149.9999999999992,0.014269472314390217,0.025000000000003776
hjdb/hjdb_Wait_4_The_Bass,hjdb,153.84615384615392,0.02026169887554502,0.051282051282054486
hjdb/hjdb_Gotta_Release,hjdb,157.8947368421057,0.018707066109042048,0.05263157894737167
hjdb/hjdb_Yaaah,hjdb,130.4347826086954,0.009253339612411903,0.02173913043479369
hjdb/hjdb_Deep_Cover,hjdb,150.00000000000054,0.012261908315748912,0.04999999999999023
hjdb/hjdb_Sub_Dub,hjdb,149.99999999999986,0.013889215085563717,0.030000000000002913
hjdb/hjdb_Dis_Generation,hjdb,157.8947368421057,0.019368979339021035,0.05263157894737138
hjdb/hjdb_Charly,hjdb,130.43478260869617,0.021998179131433957,0.043478260869575326
hjdb/hjdb_Final_Conflict,hjdb,153.8461538461536,0.01880339302779423,0.051282051282050115
hjdb/hjdb_Skanka,hjdb,157.8947368421057,0.01923723694723957,0.026315789473693067
hjdb/hjdb_Star_Eyes,hjdb,127.65957446808541,0.015479029800328477,0.042553191489360896
hjdb/hjdb_Dont_Come_No_Ruffer_(Ruff_Mix),hjdb,156.45371577574977,0.02778388218833694,0.0573663624511015
hjdb/hjdb_Incredible_Bass_(Remix),hjdb,149.99999999999986,0.012942384409767407,0.025000000000003887
hjdb/hjdb_Chasin_A_Dream,hjdb,157.89473684210532,0.01786156015370192,0.05263157894736965
hjdb/hjdb_Im_Gonna_Get_You,hjdb,127.65957446808517,0.01696665495324506,0.042553191489368376
hjdb/hjdb_Original_Badboy,hjdb,157.8947368421057,0.016631795192074195,0.05263157894736744
hjdb/hjdb_Moments_So_Dark,hjdb,166.6666666666653,0.015196723315047409,0.02777777777778189
hjdb/hjdb_Wots_My_Code_(Ray_Keith_Final_Plate),hjdb,150.00000000000054,0.01343994338118541,0.025000000000001778
hjdb/hjdb_Do_It_Together_(The_Baggys_Mix),hjdb,139.53488372093034,0.013814869244583772,0.046511627906979526
hjdb/hjdb_Oh_So_Nice,hjdb,124.99999999999989,0.01275376576396123,0.04166666666666609
hjdb/hjdb_So_Good,hjdb,157.8947368421057,0.014503406879236326,0.026315789473691314
hjdb/hjdb_Screw_Face,hjdb,166.66666666666683,0.01779668634745913,0.027777777777792015
hjdb/hjdb_Showtime,hjdb,142.85714285714226,0.017028643464838084,0.023809523809528624
hjdb/hjdb_Total_Xstacy_(Remix),hjdb,149.99999999999986,0.02310467405684643,0.05000000000000056
hjdb/hjdb_Being_With_You_(Foul_Play_Remix),hjdb,157.89473684210716,0.01581158591154902,0.02631578947369799
hjdb/hjdb_Crystalize,hjdb,166.66666666666694,0.02678723574478509,0.055555555555569264
hjdb/hjdb_Mystic_Stepper_(Feel_Better),hjdb,153.84615384615384,0.013528220839165165,0.025641025641029647
hjdb/hjdb_String_Of_Darkness,hjdb,142.85714285714468,0.015963655671249383,0.023809523809536295
hjdb/hjdb_Alright_With_Me,hjdb,150.00000000000003,0.016484511834894564,0.04999999999999895
hjdb/hjdb_The_End_(Alternative_Version),hjdb,166.66666666666694,0.014289054599503602,0.0277777777777945
hjdb/hjdb_A21,hjdb,150.00000000000054,0.01299285970164651,0.02500000000001288
hjdb/hjdb_Damage,hjdb,146.3414634146341,0.01775353113646679,0.048780487804881326
hjdb/hjdb_Here_Comes_The_Drumz_(Drumz_VIP_Mix),hjdb,147.78325123152752,0.017149950509794353,0.0467980295566492
hjdb/hjdb_Come_Back_2_Me,hjdb,157.8947368421042,0.01696590129375307,0.026315789473697497
hjdb/hjdb_Cookin_Up_Yah_Brain,hjdb,142.85714285714226,0.014311486189540127,0.023809523809535892
hjdb/hjdb_Rhythm,hjdb,153.8461538461536,0.01888798872122609,0.051282051282050115
hjdb/hjdb_Open_Your_Mind,hjdb,157.8947368421057,0.023367351153368913,0.052631578947376786
hjdb/hjdb_No_Worries,hjdb,157.89473684210532,0.01852707735061582,0.05263157894737009
hjdb/hjdb_Method_To_My_Madness,hjdb,141.17647058823505,0.016772139965329436,0.04705882352941277
hjdb/hjdb_Twisted,hjdb,157.89473684210532,0.013355271943588737,0.026315789473686287
hjdb/hjdb_Obsession_(Musics_So_Wonderful),hjdb,157.8947368421057,0.020487687771899,0.05263157894736744
hjdb/hjdb_Hey_DJ,hjdb,157.89473684210716,0.013741098067680056,0.026315789473689517
hjdb/hjdb_Manic_Stampede,hjdb,146.3414634146341,0.01644605737941896,0.048780487804885656
hjdb/hjdb_Jump_Mk_II,hjdb,162.38159675236867,0.021548081872749324,0.03491204330175482
hjdb/hjdb_Terrorist_(PA_Mix),hjdb,166.66666666666612,0.016069847021267174,0.027777777777782026
hjdb/hjdb_Deep_Space,hjdb,166.6666666666667,0.023923416342870964,0.05555555555555809
hjdb/hjdb_Time_Bomb_(Remix),hjdb,153.8461538461536,0.011254201829719677,0.025641025641029613
hjdb/hjdb_Volume_1,hjdb,153.8461538461536,0.01788067394148431,0.051282051282050115
hjdb/hjdb_Fuckin_Hardcore,hjdb,157.89473684210532,0.015749499114326975,0.05263157894736556
hjdb/hjdb_Flammable_(Tango_Remix),hjdb,157.89473684210495,0.023460268701265816,0.052631578947376544
hjdb/hjdb_Terrorist_(Grooverider_Remix),hjdb,157.8947368421042,0.017246146696498453,0.05263157894735759
hjdb/hjdb_My_Own_(Hixxy_and_UFO_Remix),hjdb,166.66666666666632,0.016632679999373654,0.02777777777778206
hjdb/hjdb_Being_With_You_1,hjdb,153.8461538461536,0.018286135597996758,0.051282051282059225
hjdb/hjdb_Going_Out_For_Da_Loot,hjdb,166.66666666666652,0.014623863845156477,0.027777777777782096
hjdb/hjdb_Devotion,hjdb,153.8461538461536,0.02170939783980376,0.05128205128205197
hjdb/hjdb_Phizical_(Moody_Mix),hjdb,157.89473684210716,0.017186887746284785,0.02631578947369799
hjdb/hjdb_Even_Further_Intrigue,hjdb,153.8461538461537,0.016355864510258195,0.05128205128205014
hjdb/hjdb_Something_New_Pt2,hjdb,157.89473684210495,0.01618870612452212,0.02631578947369762
hjdb/hjdb_Finest_Illusion_(Legal_Mix),hjdb,157.89473684210495,0.016812570322006015,0.05263157894736719
hjdb/hjdb_Keep_The_Fires_Burning,hjdb,130.4347826086954,0.009187340126885291,0.02173913043479369
hjdb/hjdb_Renegade_Snares_(Foul_Play_Remix),hjdb,153.8461538461536,0.01367311291161803,0.02564102564103872
hjdb/hjdb_Aftershock,hjdb,150.00000000000054,0.016413446169090348,0.02500000000000816
hjdb/hjdb_Terrorist_(original),hjdb,150.0000000000002,0.014682500083809572,0.049999999999999004
hjdb/hjdb_Terminator,hjdb,157.8947368421042,0.018664522511566906,0.026315789473693698
hjdb/hjdb_Breaking_Free_2,hjdb,157.8947368421042,0.014654555535960965,0.026315789473697497
hjdb/hjdb_A_New_Dawn,hjdb,157.89473684210716,0.018908296663692474,0.05263157894737494
hjdb/hjdb_The_Warning_(Remix),hjdb,153.8461538461536,0.02028451211361758,0.051282051282050115
hjdb/hjdb_United_(Grooverider_Remix),hjdb,162.1621621621621,0.009310939237500501,0.02702702702702164
hjdb/hjdb_Hold_it_Down,hjdb,133.33333333333348,0.018707089464302728,0.04444444444445144
hjdb/hjdb_United,hjdb,153.84615384615503,0.014718387573875814,0.025641025641038956
hjdb/hjdb_Dark_Stranger_(Origin_Unknown_Remix),hjdb,157.8947368421057,0.02180648736722346,0.05263157894737606
hjdb/hjdb_Give_A_Little_Love_(Remix),hjdb,149.99999999999986,0.01423376068830314,0.04999999999999889
hjdb/hjdb_Cant_Stop_Thinking_About,hjdb,169.49152542372877,0.012779261792105567,0.03389830508474704
hjdb/hjdb_Gonna_Be_Alright,hjdb,153.8461538461536,0.014769185825867231,0.02564102564102876
hjdb/hjdb_Livin_In_A_Dream,hjdb,153.8461538461536,0.02047394727431749,0.05128205128205481
hjdb/hjdb_Factor_5,hjdb,139.53488372093034,0.013762596607882668,0.046511627906975786
hjdb/hjdb_2_Bad_Mice_Take_You,hjdb,142.8571428571435,0.018200670934319284,0.030952380952392087
hjdb/hjdb_Feel_(Feel_Good),hjdb,153.84615384615432,0.013637862516705132,0.025641025641029727
hjdb/hjdb_Unity,hjdb,130.4347826086954,0.008654919763245885,0.021739130434785967
hjdb/hjdb_Drummer_Of_Doom,hjdb,153.8461538461538,0.01709460884111344,0.05128205128205245
hjdb/hjdb_Get_High_(New_Jack_London),hjdb,157.89473684210716,0.0182165322675337,0.02631578947369799
hjdb/hjdb_Drowning_In_Her,hjdb,153.8461538461538,0.13420333490429281,0.05128205128205017
hjdb/hjdb_This_Is_A_Trip,hjdb,146.34146341463284,0.017435938828277597,0.024390243902451283
hjdb/hjdb_Ghetto_People_(Remix),hjdb,153.8461538461536,0.015118040093892783,0.025641025641033884
hjdb/hjdb_Fires_Burning,hjdb,139.53488372093022,0.011395426524942543,0.02325581395350027
hjdb/hjdb_Darkcore,hjdb,153.8461538461536,0.018519019467164884,0.051282051282050115
hjdb/hjdb_Mr._Logic,hjdb,162.1621621621621,0.013129614415017874,0.027027027027028992
hjdb/hjdb_Slow_Jam,hjdb,171.42857142857073,0.016625425909748925,0.028571428571437997
hjdb/hjdb_Dub_War_Chapter_2,hjdb,153.8461538461536,0.015073617308134037,0.025641025641029613
hjdb/hjdb_Ecstatic_House,hjdb,153.8461538461536,0.053957585781589226,0.025641025641029186
hjdb/hjdb_Being_With_You,hjdb,157.8947368421057,0.01857967916137503,0.026315789473697743
hjdb/hjdb_4_Am,hjdb,153.8461538461536,0.024079227160711633,0.05128205128206022
hjdb/hjdb_Bouncing,hjdb,162.16216216216174,0.014340688278480035,0.02702702702702983
hjdb/hjdb_The_Slammer,hjdb,153.8461538461536,0.013066251378831089,0.05128205128204556
hjdb/hjdb_Bodymotion,hjdb,125.00000000000081,0.016822241219278115,0.04166666666666455
hjdb/hjdb_Hardcore_Will_Never_Die,hjdb,139.53488372093034,0.013996755917199427,0.04651162790697165
hjdb/hjdb_How_Should_I_Start,hjdb,157.8947368421057,0.013089491517094834,0.02631578947369146
hjdb/hjdb_Nightmare_Walking,hjdb,139.53488372093025,0.014950237603663772,0.023255813953500272
hjdb/hjdb_Sweet_Sensation_(12_Mix),hjdb,120.0,0.013988539078980908,0.03999999999999848
hjdb/hjdb_Just_A_Dream,hjdb,142.8571428571429,0.014686083002739462,0.04761904761904661
gtzan/gtzan_hiphop_00066,gtzan,91.813312930375,0.010779657606895884,0.009181331293040567
gtzan/gtzan_disco_00067,gtzan,100.33444816053529,0.010645542462722417,0.020066889632109303
gtzan/gtzan_classical_00083,gtzan,81.02633355840659,0.06672278467007255,0.15989196488859012
gtzan/gtzan_reggae_00088,gtzan,107.71992818671481,0.005309466577897,0.012567324955116142
gtzan/gtzan_disco_00049,gtzan,118.81188118811905,0.007082497859664733,0.01188118811881939
gtzan/gtzan_jazz_00013,gtzan,147.7832512315269,0.08442063008090177,0.02955665024630718
gtzan/gtzan_hiphop_00045,gtzan,94.93670886075928,0.008645790125390686,0.01898734177215275
gtzan/gtzan_reggae_00048,gtzan,174.92711370262393,0.009106491637978251,0.018950437317784112
gtzan/gtzan_disco_00030,gtzan,136.05442176870753,0.006140846473442621,0.015873015873015137
gtzan/gtzan_hiphop_00082,gtzan,105.44815465729359,0.006141460879992743,0.021089630931453274
gtzan/gtzan_classical_00003,gtzan,66.81514476614701,0.058483159268887475,0.1804008908685998
gtzan/gtzan_blues_00050,gtzan,136.05442176870727,0.018369413959045785,0.02721088435374261
gtzan/gtzan_rock_00004,gtzan,77.97270955165702,0.01097998440567269,0.028979857050034242
gtzan/gtzan_country_00066,gtzan,219.78021978022002,0.05277455085290201,0.12527472527472708
gtzan/gtzan_hiphop_00046,gtzan,96.15384615384613,0.036165228384258646,0.011538461538467026
gtzan/gtzan_disco_00090,gtzan,128.2051282051282,0.014991613389097332,0.02777777777777721
gtzan/gtzan_classical_00024,gtzan,151.89873417721535,0.020779659765451687,0.04455696202531722
gtzan/gtzan_hiphop_00058,gtzan,90.63444108761342,0.04171408176991159,0.07945619335347105
gtzan/gtzan_rock_00068,gtzan,124.48132780082948,0.04313880449383897,0.09439834024896186
gtzan/gtzan_country_00020,gtzan,103.44827586206864,0.007054963966971122,0.01896551724138099
gtzan/gtzan_country_00054,gtzan,75.47169811320755,0.013048308403678651,0.033962264150941335
gtzan/gtzan_metal_00000,gtzan,94.04388714733517,0.01097505157320529,0.018025078369908448
gtzan/gtzan_metal_00048,gtzan,219.78021978022002,0.017312529447685195,0.04029304029303753
gtzan/gtzan_rock_00014,gtzan,117.41682974559704,0.031424400758526407,0.03405088062622504
gtzan/gtzan_rock_00071,gtzan,112.3595505617976,0.006169002326410009,0.011235955056181225
gtzan/gtzan_disco_00086,gtzan,125.39184952978023,0.017047924273636435,0.03531870428422717
gtzan/gtzan_blues_00045,gtzan,264.31718061673973,0.0074661397819250405,0.0176211453744552
gtzan/gtzan_blues_00006,gtzan,74.76635514018697,0.0618884040836101,0.14330218068535822
gtzan/gtzan_metal_00012,gtzan,166.66666666666694,0.013126256250319662,0.030555555555556866
gtzan/gtzan_country_00009,gtzan,96.61835748792267,0.005855571915057411,0.018196457326890635
gtzan/gtzan_pop_00060,gtzan,97.56097560975627,0.0231974383446417,0.01138211382114438
gtzan/gtzan_pop_00089,gtzan,100.33444816053529,0.005907679097855353,0.010033444816055394
gtzan/gtzan_hiphop_00078,gtzan,97.56097560975634,0.007072901843017509,0.019512195121949842
gtzan/gtzan_jazz_00025,gtzan,202.70270270270314,0.040631358300077976,0.09121621621621387
gtzan/gtzan_classical_00065,gtzan,83.33333333333347,0.045115737633701664,0.09722222222222276
gtzan/gtzan_pop_00014,gtzan,116.05415860735022,0.008219026852094219,0.01353965183752721
gtzan/gtzan_classical_00051,gtzan,137.61467889908258,0.4852812284611747,1.2155963302752302
gtzan/gtzan_pop_00075,gtzan,94.04388714733531,0.008144442057325896,0.019592476489025682
gtzan/gtzan_disco_00006,gtzan,123.20328542094498,0.006833790047024996,0.014373716632444734
gtzan/gtzan_reggae_00070,gtzan,176.4705882352942,0.01643462000312222,0.03529411764706442
gtzan/gtzan_hiphop_00088,gtzan,116.05415860735022,0.009314424727511594,0.01547388781431724
gtzan/gtzan_metal_00030,gtzan,132.450331125828,0.005841885175170448,0.015452538631345877
gtzan/gtzan_rock_00066,gtzan,75.47169811320772,0.02890125462542766,0.05559748427672734
gtzan/gtzan_hiphop_00017,gtzan,97.56097560975634,0.006549305933735033,0.014634146341465811
gtzan/gtzan_blues_00075,gtzan,117.41682974559704,0.012893288758070536,0.023483365949120732
gtzan/gtzan_hiphop_00089,gtzan,126.05042016806735,0.0047643108804552555,0.012605042016812227
gtzan/gtzan_jazz_00061,gtzan,178.04154302670636,0.04261943250704093,0.083679525222553
gtzan/gtzan_disco_00099,gtzan,122.95081967213093,0.006011608693252441,0.014344262295081272
gtzan/gtzan_blues_00029,gtzan,127.65957446808541,0.0578897399729005,0.04893617021277202
gtzan/gtzan_rock_00067,gtzan,105.4481546572935,0.02098839260551595,0.05008787346221982
gtzan/gtzan_reggae_00058,gtzan,122.95081967213126,0.01888239545421458,0.04713114754098665
gtzan/gtzan_jazz_00099,gtzan,136.0544217687078,0.024984388585372073,0.0630385487528307
gtzan/gtzan_reggae_00059,gtzan,154.2416452442162,0.008312386821050479,0.017994858611824954
gtzan/gtzan_pop_00019,gtzan,93.16770186335376,0.008248345834436966,0.01319875776397849
gtzan/gtzan_pop_00067,gtzan,113.63636363636354,0.010107464019926573,0.011363636363639518
gtzan/gtzan_metal_00025,gtzan,137.93103448275875,0.00766302567774966,0.01609195402298777
gtzan/gtzan_blues_00096,gtzan,58.65102639296188,0.04044764280506572,0.10557184750733202
gtzan/gtzan_hiphop_00024,gtzan,101.35135135135157,0.006560607658597258,0.011824324324326797
gtzan/gtzan_reggae_00025,gtzan,120.60301507537676,0.01673614261511328,0.03798994974874151
gtzan/gtzan_country_00049,gtzan,113.63636363636363,0.028207930211012474,0.07102272727272828
gtzan/gtzan_pop_00030,gtzan,94.78672985782003,0.006406877611917962,0.009478672985787273
gtzan/gtzan_hiphop_00035,gtzan,84.03361344537815,0.006789695191742812,0.016806722689075022
gtzan/gtzan_reggae_00067,gtzan,168.0672268907558,0.0103987963185032,0.00840336134454806
gtzan/gtzan_jazz_00072,gtzan,215.05376344086028,0.018846684260855697,0.03225806451613146
gtzan/gtzan_blues_00073,gtzan,97.40259740259745,0.01240549691794017,0.021915584415581113
gtzan/gtzan_classical_00090,gtzan,51.67958656330751,0.020274777001954868,0.04909560723514075
gtzan/gtzan_metal_00093,gtzan,171.91977077363887,0.01648836862227113,0.04871060171919613
gtzan/gtzan_hiphop_00064,gtzan,86.0832137733143,0.006523624404114138,0.008608321377334305
gtzan/gtzan_rock_00041,gtzan,117.41682974559704,0.0074664643596317765,0.022309197651660114
gtzan/gtzan_country_00001,gtzan,129.03225806451616,0.006146396644722753,0.012903225806455925
gtzan/gtzan_disco_00066,gtzan,132.7433628318587,0.007143608650374638,0.013274336283188337
gtzan/gtzan_metal_00060,gtzan,89.88764044943815,0.016102609567264056,0.03116104868913895
gtzan/gtzan_country_00040,gtzan,140.1869158878505,0.02029193305631259,0.04439252336448901
gtzan/gtzan_jazz_00098,gtzan,161.72506738544533,0.0280556795600739,0.04851752021563573
gtzan/gtzan_rock_00030,gtzan,114.72275334608038,0.07502724959060422,0.021797323135758814
gtzan/gtzan_country_00097,gtzan,37.72398616787177,0.006827049789704946,0.017478780257779918
gtzan/gtzan_hiphop_00050,gtzan,98.36065573770502,0.06435433839550211,0.018360655737708738
gtzan/gtzan_rock_00043,gtzan,176.4705882352942,0.01074267665757442,0.011764705882356875
gtzan/gtzan_blues_00016,gtzan,100.33444816053485,0.05757540973358554,0.052173913043479986
gtzan/gtzan_disco_00036,gtzan,136.05442176870727,0.004738809984483333,0.013605442176871242
gtzan/gtzan_jazz_00020,gtzan,106.38297872340425,0.06695608963637384,0.09716312056737915
gtzan/gtzan_rock_00073,gtzan,93.97024275646038,0.013849954297926665,0.019577133907595495
gtzan/gtzan_disco_00021,gtzan,109.89010989011001,0.006858737040368886,0.012454212454215977
gtzan/gtzan_reggae_00019,gtzan,146.6992665036666,0.009103404016119573,0.007334963325187951
gtzan/gtzan_classical_00075,gtzan,111.52416356877318,0.10195926072285089,0.17862453531598746
gtzan/gtzan_blues_00078,gtzan,240.0000000000017,0.019724617222275455,0.044000000000000795
gtzan/gtzan_country_00011,gtzan,113.63636363636354,0.009282156062576583,0.022727272727276933
gtzan/gtzan_country_00048,gtzan,117.41682974559704,0.023022763302838405,0.034050880626223086
gtzan/gtzan_rock_00087,gtzan,131.00436681222752,0.014562072203990141,0.026200873362446257
gtzan/gtzan_blues_00007,gtzan,92.66409266409248,0.053706640486549655,0.09189189189189324
gtzan/gtzan_hiphop_00049,gtzan,101.35135135135157,0.0449045413532714,0.012668918918921301
gtzan/gtzan_disco_00007,gtzan,129.31034482758608,0.005885747472228257,0.010775862068966953
gtzan/gtzan_disco_00009,gtzan,129.3103448275856,0.005663894761903948,0.012931034482759049
gtzan/gtzan_reggae_00021,gtzan,155.44041450777232,0.03323314576102981,0.03238341968911739
gtzan/gtzan_disco_00001,gtzan,234.3749999999998,0.006316125491525457,0.01562500000000347
gtzan/gtzan_disco_00043,gtzan,127.65957446808517,0.00816170349525662,0.012765957446809001
gtzan/gtzan_pop_00042,gtzan,93.16770186335376,0.004223696957420594,0.009316770186335385
gtzan/gtzan_blues_00080,gtzan,117.41682974559684,0.008341762934745273,0.013698630136987397
gtzan/gtzan_classical_00036,gtzan,53.12084993359896,0.1746002984295515,0.49845064187693616
gtzan/gtzan_metal_00049,gtzan,198.67549668874184,0.0232892733070739,0.05960264900662481
gtzan/gtzan_blues_00024,gtzan,103.44827586206895,0.029487506909306585,0.04999999999999678
gtzan/gtzan_rock_00003,gtzan,94.7867298578199,0.009695737338391448,0.018957345971562945
gtzan/gtzan_blues_00099,gtzan,92.30769230769229,0.03670100411116387,0.08030769230769198
gtzan/gtzan_metal_00011,gtzan,163.93442622950826,0.07822468816112814,0.1945355191256793
gtzan/gtzan_rock_00084,gtzan,129.3103448275856,0.008808812752581196,0.012931034482760964
gtzan/gtzan_hiphop_00072,gtzan,98.36065573770502,0.010141882125325685,0.010327868852464077
gtzan/gtzan_pop_00027,gtzan,84.03361344537815,0.0034060139125351315,0.007002801120451762
gtzan/gtzan_rock_00098,gtzan,111.00832562442152,0.031063547383285567,0.08418131359851634
gtzan/gtzan_blues_00051,gtzan,198.01980198019749,0.13639792729084446,0.02970297029703075
gtzan/gtzan_hiphop_00015,gtzan,99.3377483443707,0.008729982568465015,0.011589403973511212
gtzan/gtzan_country_00034,gtzan,272.72727272727195,0.03286685988253424,0.06590909090909859
gtzan/gtzan_jazz_00097,gtzan,51.903114186851106,0.03145950749010412,0.07266435986159066
gtzan/gtzan_reggae_00082,gtzan,100.33444816053529,0.0057618046724693785,0.018729096989965083
gtzan/gtzan_classical_00084,gtzan,109.2896174863389,0.06652216628290793,0.15919854280509838
gtzan/gtzan_pop_00084,gtzan,100.33444816053499,0.004964314845668243,0.01003344481605388
gtzan/gtzan_country_00022,gtzan,61.69665809768637,0.029523616647338023,0.04493573264781532
gtzan/gtzan_blues_00034,gtzan,93.53078721745912,0.02650860282743234,0.04053000779423336
gtzan/gtzan_reggae_00053,gtzan,153.06122448979596,0.016722743903159143,0.040816326530617675
gtzan/gtzan_jazz_00089,gtzan,55.55555555555555,0.03005451463191472,0.07018518518518732
gtzan/gtzan_disco_00025,gtzan,124.48132780082993,0.006183005943674304,0.014522821576759128
gtzan/gtzan_rock_00010,gtzan,82.64462809917356,0.008538068919098472,0.01652892561983534
gtzan/gtzan_jazz_00096,gtzan,134.22818791946253,0.03618537279385833,0.08053691275168057
gtzan/gtzan_rock_00059,gtzan,116.05415860735022,0.008205288900623584,0.022050290135396045
gtzan/gtzan_metal_00066,gtzan,60.42296072507562,0.015367474564833906,0.0294058408862028
gtzan/gtzan_blues_00093,gtzan,87.59124087591258,0.026436644152002257,0.06189781021897837
gtzan/gtzan_country_00069,gtzan,112.35955056179797,0.030714293253786124,0.07865168539325991
gtzan/gtzan_pop_00001,gtzan,105.6338028169018,0.005410889705290258,0.010563380281693709
gtzan/gtzan_metal_00016,gtzan,92.30769230769201,0.02365851979082401,0.04338461538461593
gtzan/gtzan_hiphop_00033,gtzan,97.40259740259745,0.01843511605904011,0.01217532467532983
gtzan/gtzan_pop_00044,gtzan,118.81188118811883,0.0030529326094961675,7.035076591684162e-15
gtzan/gtzan_pop_00032,gtzan,94.78672985782003,0.004876503762097943,0.00947867298578517
gtzan/gtzan_hiphop_00052,gtzan,105.44815465729317,0.009393241084548209,0.012126537785585428
gtzan/gtzan_hiphop_00044,gtzan,117.41682974559684,0.03519148208092342,0.03522504892367648
gtzan/gtzan_reggae_00000,gtzan,121.7038539553756,0.006229885323963072,0.014198782961459825
gtzan/gtzan_rock_00062,gtzan,124.48132780083006,0.028049598720767573,0.058091286307051314
gtzan/gtzan_blues_00041,gtzan,127.65957446808468,0.03157111849764869,0.07872340425531767
gtzan/gtzan_jazz_00010,gtzan,55.071133547498846,0.06428710466200158,0.17163836622303752
gtzan/gtzan_hiphop_00057,gtzan,110.09174311926571,0.04171437554433537,0.011009174311930247
gtzan/gtzan_metal_00035,gtzan,118.81188118811863,0.11145881899948186,0.01188118811881517
gtzan/gtzan_pop_00048,gtzan,127.65957446808517,0.006186887844797129,0.01489361702127213
gtzan/gtzan_reggae_00014,gtzan,130.71895424836612,0.026548525990135297,0.05882352941176698
gtzan/gtzan_jazz_00062,gtzan,149.62593516209483,0.01761850888233563,0.04239401496259911
gtzan/gtzan_rock_00053,gtzan,120.24048096192328,0.00807757272608064,0.012024048096196343
gtzan/gtzan_country_00063,gtzan,84.03361344537811,0.07837251563504401,0.029131652661061824
gtzan/gtzan_pop_00091,gtzan,114.94252873563174,0.008243946062981745,0.011494252873563184
gtzan/gtzan_classical_00019,gtzan,95.6937799043064,0.041493469568572326,0.07432216905901391
gtzan/gtzan_hiphop_00010,gtzan,95.6937799043064,0.05665189946326519,0.009569377990435252
gtzan/gtzan_disco_00032,gtzan,109.89010989011001,0.056501823968084446,0.016483516483518347
gtzan/gtzan_blues_00042,gtzan,59.76095617529878,0.006480383466043829,0.017928286852587436
gtzan/gtzan_classical_00025,gtzan,132.45033112582746,0.014662071681372143,0.026490066225167478
gtzan/gtzan_metal_00057,gtzan,127.65957446808541,0.022456403322406518,0.034042553191482625
gtzan/gtzan_hiphop_00091,gtzan,101.35135135135157,0.010414780882029436,0.020270270270269206
gtzan/gtzan_pop_00050,gtzan,70.25761124121779,0.006986010039628295,0.007025761124126205
gtzan/gtzan_classical_00002,gtzan,198.675496688742,0.015106811014104285,0.031788079470199626
gtzan/gtzan_classical_00088,gtzan,105.07880910683018,0.03422776400597447,0.08056042031522914
gtzan/gtzan_country_00098,gtzan,118.81188118811905,0.022282716347177815,0.04277227722772419
gtzan/gtzan_pop_00086,gtzan,132.450331125828,0.007631920806368116,0.015452538631345877
gtzan/gtzan_hiphop_00048,gtzan,96.61835748792278,0.0059914964574932,0.013204508856682397
gtzan/gtzan_disco_00011,gtzan,94.04388714733531,0.010156732195036784,0.018808777429467773
gtzan/gtzan_blues_00028,gtzan,103.44827586206895,0.030008973786576566,0.04137931034482915
gtzan/gtzan_disco_00060,gtzan,129.31034482758608,0.00693815444448063,0.015086206896547178
gtzan/gtzan_country_00044,gtzan,78.8436268068331,0.040578010236544476,0.01708278580814558
gtzan/gtzan_reggae_00079,gtzan,151.89873417721398,0.01820135751606316,0.022784810126582962
gtzan/gtzan_classical_00012,gtzan,89.15304606240713,0.02018951549526555,0.03521545319465155
gtzan/gtzan_blues_00001,gtzan,67.56756756756758,0.01620965241890307,0.036036036036034697
gtzan/gtzan_metal_00073,gtzan,72.77137659187375,0.014724308237876979,0.023044269254092566
gtzan/gtzan_pop_00096,gtzan,90.77155824508314,0.005695218389142746,0.009077155824511346
gtzan/gtzan_disco_00050,gtzan,109.89010989011001,0.015934691315061852,0.029304029304032007
gtzan/gtzan_hiphop_00097,gtzan,113.63636363636316,0.007668044564320698,0.011363636363638848
gtzan/gtzan_jazz_00074,gtzan,82.30452674897128,0.034304721557810065,0.07805212620027635
gtzan/gtzan_reggae_00057,gtzan,191.69329073482498,0.02485634454512288,0.06581469648562203
gtzan/gtzan_blues_00061,gtzan,131.00436681222652,0.031655791461271024,0.07205240174672659
gtzan/gtzan_metal_00063,gtzan,130.71895424836606,0.020503931669408337,0.035947712418310615
gtzan/gtzan_hiphop_00079,gtzan,104.34782608695664,0.006038542134148791,0.01826086956521695
gtzan/gtzan_classical_00069,gtzan,69.84866123399287,0.06670057257812895,0.13969732246798405
gtzan/gtzan_rock_00001,gtzan,75.47169811320738,0.013834630977808033,0.018238993710693405
gtzan/gtzan_blues_00079,gtzan,156.65796344647518,0.03900444285949955,0.08224543080939666
gtzan/gtzan_disco_00005,gtzan,108.69565217391312,0.008495534941354707,0.010869565217397356
gtzan/gtzan_disco_00058,gtzan,131.00436681222752,0.006714148127493293,0.01310043668122422
gtzan/gtzan_reggae_00049,gtzan,194.8051948051949,0.011827823113146691,0.01818181818181853
gtzan/gtzan_blues_00083,gtzan,132.450331125828,0.010253548262111147,0.018101545253861654
gtzan/gtzan_rock_00096,gtzan,117.41682974559704,0.0174316664852315,0.028571428571430465
gtzan/gtzan_rock_00095,gtzan,103.27022375215155,0.06920633486397007,0.033046471600686765
gtzan/gtzan_country_00018,gtzan,172.41379310344703,0.010354213792024383,0.01609195402298566
gtzan/gtzan_metal_00076,gtzan,139.86013986013918,0.023212104254235172,0.0279720279720289
gtzan/gtzan_disco_00019,gtzan,117.41682974559704,0.007384272075738109,0.023483365949120517
gtzan/gtzan_pop_00029,gtzan,80.10680907877163,0.006459359489152785,0.016021361815751377
gtzan/gtzan_classical_00018,gtzan,79.4701986754966,0.015854165469783365,0.03999999999999805
gtzan/gtzan_classical_00029,gtzan,68.96551724137923,0.019304387254369046,0.037356321839081025
gtzan/gtzan_blues_00026,gtzan,82.0793433652529,0.09704661912371229,0.09658002735978272
gtzan/gtzan_pop_00072,gtzan,114.94252873563215,0.005443147186012197,0.011494252873563652
gtzan/gtzan_disco_00065,gtzan,132.450331125828,0.013316638169222777,0.02649006622516807
gtzan/gtzan_blues_00097,gtzan,235.29411764705893,0.030918495305835778,0.06666666666666805
gtzan/gtzan_hiphop_00005,gtzan,141.50943396226432,0.031716955811414455,0.014150943396226969
gtzan/gtzan_blues_00067,gtzan,161.72506738544377,0.011924173469284894,0.029649595687332133
gtzan/gtzan_hiphop_00000,gtzan,118.81188118811905,0.005990378114599252,0.01188118811881939
gtzan/gtzan_pop_00012,gtzan,98.36065573770502,0.016147876776868672,0.04803278688524557
gtzan/gtzan_blues_00069,gtzan,78.94736842105266,0.01086518067200215,0.017368421052631276
gtzan/gtzan_disco_00081,gtzan,130.718954248366,0.031953445276998206,0.015250544662313854
gtzan/gtzan_classical_00058,gtzan,67.26457399103143,0.05764314210112728,0.13800448430493306
gtzan/gtzan_rock_00024,gtzan,147.4201474201474,0.009662091657088612,0.028746928746926397
gtzan/gtzan_country_00075,gtzan,96.4630225080386,0.013167320775862894,0.023151125401930463
gtzan/gtzan_hiphop_00069,gtzan,102.2146507666097,0.03408435731454753,0.02282793867120812
gtzan/gtzan_rock_00065,gtzan,61.919504643962945,0.006746642669436518,0.017543859649122504
gtzan/gtzan_hiphop_00001,gtzan,90.63444108761342,0.05886694132524353,0.009063444108767053
gtzan/gtzan_metal_00050,gtzan,227.2727272727286,0.034443019640622415,0.06439393939395076
gtzan/gtzan_reggae_00041,gtzan,147.4201474201474,0.010986292779650877,0.014742014742024028
gtzan/gtzan_rock_00078,gtzan,98.19967266775781,0.013558433608499766,0.031423895253678676
gtzan/gtzan_blues_00033,gtzan,154.24164524421585,0.04176202169760962,0.07069408740360085
gtzan/gtzan_classical_00027,gtzan,71.77033492822979,0.01277729806400972,0.021531100478471083
gtzan/gtzan_pop_00055,gtzan,104.34782608695664,0.057342011629523196,0.009565217391306202
gtzan/gtzan_classical_00042,gtzan,95.69377990430623,0.0790125725544431,0.050239234449758245
gtzan/gtzan_metal_00080,gtzan,163.93442622950755,0.3459966930281174,1.0027322404371515
gtzan/gtzan_rock_00051,gtzan,88.36524300441799,0.007113178216433209,0.00883652430044475
gtzan/gtzan_classical_00047,gtzan,49.91680532445923,0.0036914941020502186,0.005823627287853306
gtzan/gtzan_classical_00080,gtzan,62.111801242235956,0.5152034971364308,2.1325051759834315
gtzan/gtzan_jazz_00085,gtzan,158.73015873015868,0.046989970946057724,0.0843915343915374
gtzan/gtzan_metal_00041,gtzan,117.41682974559704,0.02403084961517262,0.011741682974567102
gtzan/gtzan_disco_00082,gtzan,122.95081967213126,0.006685201128001879,0.018442622950820386
gtzan/gtzan_classical_00037,gtzan,129.31034482758608,0.014937764669214438,0.027370689655175594
gtzan/gtzan_jazz_00060,gtzan,96.61835748792271,0.02358992049742304,0.05185185185184972
gtzan/gtzan_reggae_00044,gtzan,175.43859649122734,0.00904486379493969,0.0175438596491208
gtzan/gtzan_pop_00049,gtzan,59.05511811023622,0.0033045346305619182,0.00885826771653577
gtzan/gtzan_country_00046,gtzan,157.89473684210495,0.01716512633522469,0.02473684210526199
gtzan/gtzan_reggae_00066,gtzan,79.47019867549679,0.007647241194746169,0.01456953642384212
gtzan/gtzan_classical_00066,gtzan,132.74336283185895,0.19270385455156133,0.2920353982300929
gtzan/gtzan_pop_00074,gtzan,83.33333333333347,0.017655223949390904,0.03194444444443913
gtzan/gtzan_classical_00038,gtzan,72.50755287009058,0.09477894509891234,0.08700906344410878
gtzan/gtzan_jazz_00076,gtzan,62.56517205422311,0.02652050376365964,0.05537017726798692
gtzan/gtzan_disco_00010,gtzan,106.57193605683858,0.006531600174571284,0.01065719360569018
gtzan/gtzan_hiphop_00022,gtzan,101.35135135135096,0.005756654579731519,0.01013513513513848
gtzan/gtzan_metal_00018,gtzan,99.337748344371,0.03664802672464226,0.03807947019867852
gtzan/gtzan_country_00053,gtzan,181.26888217522685,0.009270387094000208,0.02114803625377548
gtzan/gtzan_classical_00062,gtzan,93.16770186335388,0.061200485863766654,0.1343167701863349
gtzan/gtzan_reggae_00099,gtzan,237.15415019762835,0.02214442421863589,0.03320158102766234
gtzan/gtzan_metal_00021,gtzan,108.89292196007257,0.05046961181649609,0.019056261343012817
gtzan/gtzan_hiphop_00047,gtzan,97.40259740259745,0.03926292652302262,0.009740259740265883
gtzan/gtzan_pop_00002,gtzan,126.05042016806746,0.006305716761338375,0.012605042016810956
gtzan/gtzan_blues_00082,gtzan,125.26096033402946,0.03513909501094201,0.05177453027139963
gtzan/gtzan_pop_00035,gtzan,107.71992818671481,0.007230397758052676,0.012567324955116142
gtzan/gtzan_jazz_00021,gtzan,121.7038539553756,0.031033972993009154,0.07951318458417989
gtzan/gtzan_jazz_00027,gtzan,141.50943396226432,0.03168788333425253,0.08514150943396072
gtzan/gtzan_hiphop_00081,gtzan,102.21465076660992,0.012294369343973597,0.031005110732537956
gtzan/gtzan_disco_00075,gtzan,132.450331125828,0.011696309930473723,0.026490066225165743
gtzan/gtzan_rock_00025,gtzan,104.347826086956,0.026456788142057534,0.040000000000002346
gtzan/gtzan_blues_00056,gtzan,53.54752342704142,0.02327371266744474,0.05890227576974344
gtzan/gtzan_jazz_00073,gtzan,229.88505747126192,0.035113796992510125,0.06321839080459665
gtzan/gtzan_hiphop_00011,gtzan,100.33444816053499,0.006203991115748096,0.010367892976589145
gtzan/gtzan_metal_00043,gtzan,94.04388714733544,0.07450516498590401,0.018808777429468845
gtzan/gtzan_rock_00086,gtzan,130.43478260869642,0.021421596325745997,0.05652173913043154
gtzan/gtzan_hiphop_00004,gtzan,96.61835748792278,0.017955419999210374,0.011272141706923797
gtzan/gtzan_reggae_00065,gtzan,176.99115044247768,0.019832948720557186,0.04129793510324286
gtzan/gtzan_pop_00023,gtzan,103.27022375215147,0.007132686175694641,0.01032702237521592
gtzan/gtzan_blues_00002,gtzan,156.65796344647555,0.04016801234730765,0.09347258485640056
gtzan/gtzan_metal_00094,gtzan,159.15119363395272,0.03248966565558795,0.06525198938992682
gtzan/gtzan_country_00002,gtzan,163.93442622950835,0.00803316294004164,0.015846994535516332
gtzan/gtzan_hiphop_00080,gtzan,96.6183574879229,0.012732479833921494,0.0193236714975846
gtzan/gtzan_metal_00036,gtzan,141.50943396226432,0.015913419452007103,0.02617924528302112
gtzan/gtzan_rock_00019,gtzan,120.24048096192371,0.013868743692925161,0.014028056112224446
gtzan/gtzan_jazz_00091,gtzan,56.81818181818185,0.02442183441937111,0.06240530303030292
gtzan/gtzan_hiphop_00051,gtzan,104.5296167247387,0.013455196315135528,0.019163763066203467
gtzan/gtzan_jazz_00008,gtzan,108.89292196007239,0.03758876759396365,0.08729582577132758
gtzan/gtzan_classical_00064,gtzan,91.74311926605506,0.11454555011162461,0.2915902140672774
gtzan/gtzan_metal_00019,gtzan,219.78021978022002,0.016799691799225726,0.021978021978022837
gtzan/gtzan_country_00042,gtzan,204.77815699658717,0.013873397919668544,0.01365187713310696
gtzan/gtzan_blues_00062,gtzan,112.35955056179797,0.009353808855219284,0.011235955056186877
gtzan/gtzan_pop_00092,gtzan,108.89292196007239,0.0056998022236480405,0.010889292196007651
gtzan/gtzan_metal_00047,gtzan,210.52631578947359,0.057133254792296105,0.06315789473683824
gtzan/gtzan_rock_00047,gtzan,109.99083409715846,0.028926867551136295,0.02841429880842988
gtzan/gtzan_rock_00044,gtzan,93.89671361502305,0.022091157061651146,0.025352112676057078
gtzan/gtzan_reggae_00004,gtzan,124.48132780083006,0.04099739148245226,0.02489626556016511
gtzan/gtzan_hiphop_00096,gtzan,108.69565217391312,0.006246359685167878,0.01086956521739454
gtzan/gtzan_reggae_00078,gtzan,158.73015873015868,0.04325768426091811,0.031216931216933204
gtzan/gtzan_jazz_00028,gtzan,198.675496688742,0.036780331601675875,0.06026490066225944
gtzan/gtzan_classical_00015,gtzan,78.32898172323759,0.018623679984033026,0.048041775456919275
gtzan/gtzan_disco_00052,gtzan,126.05042016806729,0.011177514373452616,0.025210084033608814
gtzan/gtzan_hiphop_00062,gtzan,92.16589861751154,0.008691959392262855,0.01382488479262811
gtzan/gtzan_metal_00002,gtzan,111.11111111111128,0.01054219796998052,0.0222222222222231
gtzan/gtzan_blues_00053,gtzan,101.26582278480993,0.016320022802089412,0.02869198312236209
gtzan/gtzan_blues_00085,gtzan,143.5406698564593,0.03605493930516805,0.09569377990430415
gtzan/gtzan_blues_00037,gtzan,75.9013282732448,0.04496252789462524,0.11954459203036004
gtzan/gtzan_classical_00014,gtzan,147.4201474201474,0.04504883063918568,0.086486486486488
gtzan/gtzan_reggae_00020,gtzan,127.65957446808493,0.013229782589866042,0.012765957446808977
gtzan/gtzan_disco_00078,gtzan,129.03225806451567,0.03538965738130308,0.0408602150537662
gtzan/gtzan_blues_00071,gtzan,147.78325123152624,0.013503393691481905,0.016748768472910205
gtzan/gtzan_metal_00079,gtzan,123.20328542094498,0.019471103131748182,0.026694045174537877
gtzan/gtzan_hiphop_00020,gtzan,116.05415860735022,0.045981044894527236,0.014506769825923407
gtzan/gtzan_rock_00083,gtzan,121.70385395537517,0.005301572556315175,0.012170385395538429
gtzan/gtzan_hiphop_00041,gtzan,92.30769230769201,0.004939996096189297,0.009230769230771088
gtzan/gtzan_blues_00077,gtzan,147.78325123152624,0.04290158740982523,0.02709359605911344
gtzan/gtzan_disco_00020,gtzan,80.10680907877169,0.03201969232675794,0.010013351134846098
gtzan/gtzan_blues_00032,gtzan,124.74012474012477,0.04580332498376179,0.037422037422035155
gtzan/gtzan_rock_00016,gtzan,146.34146341463415,0.02936602735744935,0.047317073170735025
gtzan/gtzan_jazz_00000,gtzan,126.05042016806712,0.14324404432852916,0.12268907563025387
gtzan/gtzan_classical_00043,gtzan,120.24048096192371,0.12469990131625898,0.21843687374749918
gtzan/gtzan_rock_00034,gtzan,68.88633754305386,0.01158011973506787,0.020321469575201197
gtzan/gtzan_classical_00040,gtzan,94.78672985782003,0.008613020546516451,0.018957345971565252
gtzan/gtzan_reggae_00037,gtzan,151.89873417721535,0.024503761911655833,0.015189873417723938
gtzan/gtzan_reggae_00003,gtzan,147.7832512315272,0.00867846272887384,0.017241379310344036
gtzan/gtzan_country_00038,gtzan,155.44041450777232,0.020065787417680996,0.037564766839384534
gtzan/gtzan_jazz_00034,gtzan,200.6688963210682,0.031428511951729875,0.07692307692307751
gtzan/gtzan_country_00036,gtzan,112.99435028248575,0.04505819094045787,0.09322033898305428
gtzan/gtzan_disco_00095,gtzan,121.45748987854256,0.015238003483115638,0.0141700404858329
gtzan/gtzan_pop_00038,gtzan,93.16770186335403,0.008727932447569208,0.0015527950310591772
gtzan/gtzan_hiphop_00031,gtzan,100.33444816053529,0.04050908333136055,0.020066889632108374
gtzan/gtzan_classical_00053,gtzan,213.52313167259786,0.035838441366704915,0.06903914590747992
gtzan/gtzan_country_00041,gtzan,130.71895424836612,0.02158377651714417,0.023965141612202652
gtzan/gtzan_classical_00072,gtzan,118.8118811881182,0.031448489059423754,0.04990099009900965
gtzan/gtzan_metal_00055,gtzan,169.4915254237292,0.03670601764361123,0.033898305084751355
gtzan/gtzan_pop_00090,gtzan,102.21465076660992,0.005044231179229392,0.010221465076664406
gtzan/gtzan_rock_00056,gtzan,137.93103448275846,0.005401133531695078,0.013793103448274965
gtzan/gtzan_blues_00036,gtzan,113.63636363636316,0.055278033264716135,0.08428030303029634
gtzan/gtzan_rock_00060,gtzan,175.43859649122825,0.031711966032175534,0.06842105263157781
gtzan/gtzan_rock_00028,gtzan,137.9310344827579,0.00899758121484496,0.025287356321842928
gtzan/gtzan_jazz_00017,gtzan,212.76595744680867,0.05110308584278514,0.14964539007092176
gtzan/gtzan_rock_00036,gtzan,67.56756756756758,0.01443516946507611,0.029729729729728458
gtzan/gtzan_hiphop_00002,gtzan,99.337748344371,0.005977354382696946,0.011920529801329087
gtzan/gtzan_metal_00081,gtzan,151.706700379266,0.06750013407537322,0.16080910240202628
gtzan/gtzan_disco_00028,gtzan,121.70385395537517,0.008706070226513613,0.012170385395537978
gtzan/gtzan_jazz_00038,gtzan,149.62593516209483,0.01761850888233563,0.04239401496259911
gtzan/gtzan_hiphop_00003,gtzan,93.16770186335403,0.06831370177094485,0.017857142857143817
gtzan/gtzan_disco_00033,gtzan,127.65957446808541,0.050093835585351645,0.025531914893615098
gtzan/gtzan_rock_00092,gtzan,131.00436681222652,0.010518081644757244,0.024017467248910032
gtzan/gtzan_disco_00026,gtzan,118.81188118811905,0.00802805435611779,0.011881188118815873
gtzan/gtzan_hiphop_00032,gtzan,100.33444816053529,0.03139588287775923,0.06722408026755662
gtzan/gtzan_jazz_00054,gtzan,107.71992818671447,0.029588731241722305,0.067145421903052
gtzan/gtzan_country_00031,gtzan,110.59907834101355,0.008127267241075055,0.01290322580645098
gtzan/gtzan_metal_00098,gtzan,77.22007722007717,0.014709316112068488,0.026898326898325633
gtzan/gtzan_blues_00048,gtzan,120.24048096192415,0.027415276266606458,0.06813627254508962
gtzan/gtzan_classical_00077,gtzan,95.16256938937357,0.11003786101041733,0.2791435368754939
gtzan/gtzan_hiphop_00094,gtzan,74.34944237918212,0.008399247691437812,0.011771995043371957
gtzan/gtzan_reggae_00054,gtzan,147.78325123152752,0.011081446087195884,0.022167487684734345
gtzan/gtzan_classical_00017,gtzan,174.92711370262393,0.080038070242021,0.07580174927114162
gtzan/gtzan_country_00070,gtzan,222.22222222222257,0.038518983713862934,0.022222222222221456
gtzan/gtzan_disco_00072,gtzan,136.0544217687078,0.006817611356359316,0.013605442176879352
gtzan/gtzan_blues_00011,gtzan,55.607043558850755,0.008302470186612568,0.018164967562559822
gtzan/gtzan_rock_00089,gtzan,109.8901098901093,0.013837872068057576,0.02380952380952472
gtzan/gtzan_classical_00092,gtzan,141.50943396226432,0.10258357344307277,0.10235849056603274
gtzan/gtzan_reggae_00062,gtzan,151.13350125944643,0.019445413220462237,0.04735516372795802
gtzan/gtzan_hiphop_00059,gtzan,92.30769230769226,0.00882583760367643,0.009230769230774016
gtzan/gtzan_classical_00091,gtzan,91.18541033434633,0.11411110575624234,0.28282674772036476
gtzan/gtzan_metal_00061,gtzan,219.78021978022002,0.024927251723276457,0.04395604395603469
gtzan/gtzan_classical_00079,gtzan,104.07632263660017,0.11382890505298837,0.2770164787510844
gtzan/gtzan_reggae_00080,gtzan,100.33444816053515,0.006040645005097147,0.020066889632104817
gtzan/gtzan_jazz_00032,gtzan,130.71895424836535,0.04228652438529988,0.12113289760348459
gtzan/gtzan_reggae_00089,gtzan,149.62593516209483,0.006780812003365196,0.014962593516210189
gtzan/gtzan_classical_00030,gtzan,120.24048096192371,0.05200180523186326,0.07655310621242724
gtzan/gtzan_disco_00000,gtzan,114.94252873563214,0.006535583755653339,0.011494252873567052
gtzan/gtzan_blues_00066,gtzan,163.93442622950835,0.012789510713944748,0.03278688524590291
gtzan/gtzan_hiphop_00040,gtzan,80.10680907877163,0.024749256955936105,0.01668891855807529
gtzan/gtzan_country_00012,gtzan,175.9530791788856,0.011031501263265011,0.017595307917886622
gtzan/gtzan_metal_00037,gtzan,137.93103448275846,0.015365622929714183,0.029885057471264104
gtzan/gtzan_disco_00080,gtzan,98.36065573770502,0.005452199308197637,0.011475409836065958
gtzan/gtzan_disco_00046,gtzan,120.24048096192388,0.005194155937611468,0.014028056112220905
gtzan/gtzan_pop_00031,gtzan,94.78672985782003,0.006406877611917962,0.009478672985787273
gtzan/gtzan_classical_00020,gtzan,141.50943396226432,0.048480994546672665,0.07971698113207935
gtzan/gtzan_jazz_00007,gtzan,60.79027355623108,0.07166230453973764,0.09777102330293723
gtzan/gtzan_rock_00070,gtzan,169.49152542372877,0.01631852743637009,0.03389830508474735
gtzan/gtzan_blues_00010,gtzan,80.10680907877163,0.019977084330723975,0.048331108144194904
gtzan/gtzan_classical_00044,gtzan,81.96721311475417,0.004905942422884482,0.009562841530056937
gtzan/gtzan_blues_00005,gtzan,68.49315068493152,0.02798077932875282,0.04840182648401991
gtzan/gtzan_blues_00020,gtzan,137.61467889908258,0.0422133033918035,0.05045871559633083
gtzan/gtzan_blues_00072,gtzan,68.49315068493149,0.015544149920257619,0.02054794520548073
gtzan/gtzan_pop_00013,gtzan,71.77033492822972,0.007595438204693872,0.013157894736841197
gtzan/gtzan_jazz_00037,gtzan,96.61835748792271,0.02358992049742304,0.05185185185184972
gtzan/gtzan_disco_00002,gtzan,229.88505747126192,0.04520853354241267,0.011494252873570338
gtzan/gtzan_blues_00004,gtzan,134.2281879194628,0.014041681220083336,0.026845637583895566
gtzan/gtzan_hiphop_00084,gtzan,113.63636363636354,0.008950675241853766,0.017045454545449708
gtzan/gtzan_reggae_00072,gtzan,84.03361344537811,0.01961054583297154,0.047619047619046076
gtzan/gtzan_rock_00091,gtzan,143.54066985645898,0.013746901108335739,0.016746411483248517
gtzan/gtzan_pop_00061,gtzan,95.6937799043064,0.005446476238356266,0.009569377990433127
gtzan/gtzan_country_00080,gtzan,194.8051948051949,0.013924480333211186,0.03571428571428901
gtzan/gtzan_reggae_00071,gtzan,140.51522248243572,0.018066806832003488,0.042154566744732315
gtzan/gtzan_metal_00071,gtzan,84.7457627118646,0.005293440088185828,0.009887005649719584
gtzan/gtzan_rock_00081,gtzan,118.81188118811863,0.02088189705723307,0.04871287128712349
gtzan/gtzan_jazz_00088,gtzan,129.03225806451616,0.00845262192036222,0.01290322580645903
gtzan/gtzan_country_00028,gtzan,89.82035928143722,0.03773190788021697,0.01796407185628962
gtzan/gtzan_disco_00062,gtzan,108.89292196007257,0.006519232390233599,0.01270417422867313
gtzan/gtzan_pop_00071,gtzan,113.63636363636358,0.014449223097367122,0.03219696969696824
gtzan/gtzan_classical_00055,gtzan,56.63048607833889,0.10641368176287838,0.2562529495044836
gtzan/gtzan_country_00057,gtzan,68.02721088435376,0.015585052206687829,0.034467120181404506
gtzan/gtzan_pop_00068,gtzan,63.829787234042556,0.01705623767197874,0.007446808510637006
gtzan/gtzan_disco_00029,gtzan,105.44815465729302,0.005586971659271734,0.010544815465730871
gtzan/gtzan_country_00085,gtzan,72.99270072992702,0.0071921684329786335,0.018248175182483797
gtzan/gtzan_rock_00072,gtzan,103.44827586206895,0.006146580892613649,0.012068965517241962
gtzan/gtzan_reggae_00073,gtzan,84.03361344537811,0.01073618353362139,0.03081232492997355
gtzan/gtzan_rock_00093,gtzan,103.44827586206895,0.010129774048402708,0.02068965517240864
gtzan/gtzan_pop_00016,gtzan,109.89010989011001,0.029032104856133712,0.020146520146519985
gtzan/gtzan_disco_00094,gtzan,137.93103448275903,0.008628139048999468,0.01425287356321814
gtzan/gtzan_pop_00024,gtzan,117.41682974559674,0.005331504776193813,0.011741682974560118
gtzan/gtzan_country_00083,gtzan,72.81553398058254,0.005892507475196493,0.008495145631068374
gtzan/gtzan_rock_00079,gtzan,124.74012474012453,0.015426397813721682,0.02619542619542638
gtzan/gtzan_classical_00000,gtzan,94.04388714733544,0.03141757554701269,0.07836990595611293
gtzan/gtzan_pop_00098,gtzan,114.94252873563174,0.0036048910801288496,0.0019157088122635083
gtzan/gtzan_disco_00003,gtzan,126.05042016806746,0.007223751908902855,0.012605042016812822
gtzan/gtzan_country_00047,gtzan,149.62593516209483,0.014114696426838668,0.035910224438899914
gtzan/gtzan_pop_00087,gtzan,102.21465076660992,0.007662687214404582,0.011925042589440294
gtzan/gtzan_country_00003,gtzan,80.10680907877163,0.0055052253918423414,0.016021361815754934
gtzan/gtzan_pop_00082,gtzan,127.38853503184711,0.012190467616296295,0.01273885350318873
gtzan/gtzan_metal_00034,gtzan,159.15119363395272,0.06511840692730132,0.0909814323607437
gtzan/gtzan_reggae_00050,gtzan,188.0877742946714,0.0092906141407807,0.01818181818182041
gtzan/gtzan_jazz_00026,gtzan,98.52216748768487,0.05586491492676094,0.1193760262725818
gtzan/gtzan_country_00017,gtzan,175.43859649122814,0.008282266746520436,0.010233918128653199
gtzan/gtzan_blues_00087,gtzan,174.92711370262393,0.037960994296253076,0.09183673469387586
gtzan/gtzan_hiphop_00077,gtzan,116.05415860735022,0.013747283886138422,0.018568665377176136
gtzan/gtzan_blues_00015,gtzan,98.4413453650533,0.047828613091783184,0.12682526661197469
gtzan/gtzan_reggae_00013,gtzan,123.20328542094431,0.008868089733367583,0.012320328542102193
gtzan/gtzan_reggae_00007,gtzan,151.89873417721535,0.007621453286546749,0.014683544303798396
gtzan/gtzan_country_00056,gtzan,81.41112618724563,0.02128711137754024,0.04694708276798173
gtzan/gtzan_hiphop_00065,gtzan,96.46302250803859,0.006356778927365394,0.011093247588426964
gtzan/gtzan_metal_00088,gtzan,116.27906976744225,0.017102832247978483,0.017441860465121733
gtzan/gtzan_metal_00008,gtzan,117.416829745597,0.014086097661767948,0.03757338551859559
gtzan/gtzan_classical_00073,gtzan,129.31034482758608,0.028712150157746252,0.04935344827586042
gtzan/gtzan_country_00061,gtzan,60.45340050377837,0.018180189559181728,0.037783375314862463
gtzan/gtzan_disco_00096,gtzan,102.38907849829346,0.01855911619422478,0.042491467576794305
gtzan/gtzan_disco_00044,gtzan,122.95081967213126,0.007560723267418282,0.01229508196721598
gtzan/gtzan_pop_00094,gtzan,74.9063670411985,0.0037002030569507666,0.008739076154806083
gtzan/gtzan_metal_00085,gtzan,102.38907849829366,0.016189394107258285,0.020477815699660264
gtzan/gtzan_disco_00012,gtzan,112.35955056179779,0.00943175208332954,0.021722846441943517
gtzan/gtzan_rock_00006,gtzan,57.11565920990004,0.019986353955035847,0.042455973346025036
gtzan/gtzan_country_00071,gtzan,72.24563515954239,0.021095299548092188,0.036122817579769886
gtzan/gtzan_country_00014,gtzan,137.9310344827579,0.011281953845948994,0.027586206896552626
gtzan/gtzan_country_00007,gtzan,50.54759898904797,0.012708683368791057,0.010109519797810352
gtzan/gtzan_reggae_00093,gtzan,181.26888217522685,0.017627846164593654,0.018126888217524714
gtzan/gtzan_metal_00072,gtzan,120.24048096192371,0.023998756392704643,0.06292585170340682
gtzan/gtzan_reggae_00047,gtzan,147.4201474201474,0.0112261753438322,0.01719901719902076
gtzan/gtzan_jazz_00071,gtzan,73.80073800738009,0.030488305545453544,0.06150061500615095
gtzan/gtzan_jazz_00063,gtzan,240.96385542168622,0.03572130808623601,0.05220883534137208
gtzan/gtzan_country_00086,gtzan,237.15415019762835,0.03323723161273995,0.07312252964427034
gtzan/gtzan_jazz_00067,gtzan,100.33444816053529,0.010476696215976865,0.020066889632105775
gtzan/gtzan_classical_00026,gtzan,154.24164524421593,0.05516561007723049,0.09922879177378055
gtzan/gtzan_hiphop_00053,gtzan,107.71992818671481,0.005185692658710638,0.012567324955116739
gtzan/gtzan_disco_00038,gtzan,122.95081967213126,0.007530718368747678,0.012295081967215753
gtzan/gtzan_reggae_00060,gtzan,113.63636363636354,0.015096920928725891,0.022727272727271257
gtzan/gtzan_hiphop_00019,gtzan,100.33444816053529,0.006844020549782522,0.010033444816056879
gtzan/gtzan_rock_00011,gtzan,116.27906976744185,0.017366819669191205,0.025193798449613284
gtzan/gtzan_country_00045,gtzan,78.32898172323759,0.039982143706863274,0.007832898172326375
gtzan/gtzan_pop_00080,gtzan,109.89010989011001,0.012572738024928004,0.017399267399270994
gtzan/gtzan_jazz_00055,gtzan,70.83825265643436,0.02353928366683805,0.049704840613931475
gtzan/gtzan_disco_00045,gtzan,122.95081967213126,0.004726177167054401,0.012295081967213592
gtzan/gtzan_disco_00056,gtzan,88.36524300441799,0.02022693795061052,0.05714285714285771
gtzan/gtzan_metal_00033,gtzan,122.95081967213126,0.009967809630367225,0.022540983606559466
gtzan/gtzan_hiphop_00070,gtzan,96.4630225080386,0.007556530219116135,0.009646302250807082
gtzan/gtzan_pop_00081,gtzan,72.8155339805827,0.003615467166086743,0.008495145631066776
gtzan/gtzan_jazz_00019,gtzan,91.60305343511459,0.06644890229345213,0.139847328244277
gtzan/gtzan_reggae_00016,gtzan,141.84397163120565,0.007049881541291128,0.014184397163122416
gtzan/gtzan_hiphop_00027,gtzan,91.46341463414602,0.022728821530879188,0.009146341463417655
gtzan/gtzan_metal_00024,gtzan,112.35955056179723,0.009521476672978904,0.01685393258427563
gtzan/gtzan_country_00093,gtzan,85.83690987124476,0.035428624362246176,0.07367668097282015
gtzan/gtzan_reggae_00039,gtzan,153.06122448979613,0.011714085905256508,0.01224489795918319
gtzan/gtzan_rock_00057,gtzan,124.7401247401247,0.0071420629038600825,0.012474012474016406
gtzan/gtzan_disco_00057,gtzan,118.81188118811842,0.007137033369248932,0.01188118811881581
gtzan/gtzan_hiphop_00067,gtzan,97.40259740259745,0.014181009515296343,0.010227272727277734
gtzan/gtzan_metal_00077,gtzan,149.81273408239664,0.008131016268508715,0.02372034956304768
gtzan/gtzan_hiphop_00073,gtzan,92.30769230769238,0.005676847178872995,0.010769230769233008
gtzan/gtzan_blues_00008,gtzan,168.06722689075661,0.04053347897753414,0.01680672268907801
gtzan/gtzan_blues_00091,gtzan,124.48132780083006,0.01740263345437208,0.02468879668049904
gtzan/gtzan_jazz_00077,gtzan,184.615384615385,0.06119811208082011,0.14461538461539222
gtzan/gtzan_blues_00059,gtzan,107.71992818671481,0.02224343698845289,0.0556552962298031
gtzan/gtzan_hiphop_00093,gtzan,117.41682974559704,0.005919482684583122,0.01174168297456015
gtzan/gtzan_classical_00045,gtzan,94.78672985782003,0.06300867882172959,0.04581358609794429
gtzan/gtzan_disco_00031,gtzan,123.20328542094498,0.00825465289771343,0.014373716632446557
gtzan/gtzan_jazz_00078,gtzan,161.2903225806452,0.054206784682558365,0.12392473118279358
gtzan/gtzan_country_00032,gtzan,98.36065573770493,0.023001957395306336,0.04557377049180282
gtzan/gtzan_reggae_00085,gtzan,173.91304347826087,0.027727489140503495,0.06376811594202905
gtzan/gtzan_metal_00078,gtzan,198.675496688742,0.019499299106876443,0.019867549668886715
gtzan/gtzan_disco_00008,gtzan,121.70385395537474,0.008726236234847575,0.022515212981749504
gtzan/gtzan_disco_00088,gtzan,124.48132780082982,0.012553626241359065,0.02489626556016138
gtzan/gtzan_rock_00015,gtzan,105.44815465729349,0.02005140906737013,0.02636203866432554
gtzan/gtzan_reggae_00018,gtzan,155.44041450777232,0.020230022073773845,0.05699481865284588
gtzan/gtzan_hiphop_00061,gtzan,93.02325581395355,0.00825868184467624,0.019534883720931536
gtzan/gtzan_rock_00046,gtzan,101.35135135135148,0.022430329592893126,0.03226351351351188
gtzan/gtzan_metal_00044,gtzan,117.41682974559684,0.025566059587121225,0.02348336594912482
gtzan/gtzan_pop_00099,gtzan,78.94736842105266,0.006046603794109225,0.007894736842107902
gtzan/gtzan_jazz_00075,gtzan,210.52631578947359,0.04266694464558351,0.11122807017543641
gtzan/gtzan_jazz_00018,gtzan,202.70270270270314,0.032242814682944786,0.06081081081081324
gtzan/gtzan_metal_00091,gtzan,136.0544217687078,0.0126366760829896,0.024943310657597084
gtzan/gtzan_reggae_00064,gtzan,171.42857142857162,0.01085543353446681,0.025714285714284177
gtzan/gtzan_reggae_00084,gtzan,101.35135135135096,0.019370775192364825,0.030405405405407003
gtzan/gtzan_classical_00023,gtzan,92.3076923076925,0.039811832382388446,0.080000000000004
gtzan/gtzan_hiphop_00068,gtzan,96.61835748792264,0.012897812510761499,0.01932367149758383
gtzan/gtzan_rock_00012,gtzan,113.42155009451798,0.0076893694792672775,0.011342155009458944
gtzan/gtzan_jazz_00064,gtzan,202.70270270270314,0.023423632585123626,0.04054054054054216
gtzan/gtzan_country_00043,gtzan,137.93103448275875,0.012425006681651895,0.01609195402298777
gtzan/gtzan_metal_00067,gtzan,132.450331125828,0.007637045273679812,0.013245033112589183
gtzan/gtzan_classical_00087,gtzan,62.56517205422311,0.19408494119221725,0.34244004171011583
gtzan/gtzan_metal_00001,gtzan,156.65796344647484,0.009969013040549275,0.015665796344648802
gtzan/gtzan_jazz_00095,gtzan,120.0,0.05349584541067453,0.13879999999999904
gtzan/gtzan_jazz_00042,gtzan,73.39449541284412,0.0212047959177704,0.04709480122324162
gtzan/gtzan_blues_00027,gtzan,93.530787217459,0.048436294479139025,0.05533904910366095
gtzan/gtzan_disco_00063,gtzan,130.71895424836612,0.006424623907635912,0.015250544662311691
gtzan/gtzan_classical_00052,gtzan,156.65796344647555,0.018837197296950745,0.03133159268929746
gtzan/gtzan_pop_00018,gtzan,121.70385395537517,0.00552390454657522,0.012170385395537978
gtzan/gtzan_disco_00015,gtzan,121.45748987854256,0.028127445087480184,0.02226720647773316
gtzan/gtzan_classical_00007,gtzan,108.69565217391295,0.04826453101495509,0.0949275362318882
gtzan/gtzan_jazz_00070,gtzan,104.34782608695664,0.017655464451307175,0.04173913043477961
gtzan/gtzan_classical_00048,gtzan,88.36524300441846,0.026432258445918403,0.04094256259204811
gtzan/gtzan_blues_00054,gtzan,180.9954751131229,0.03153121113225338,0.04615384615384561
gtzan/gtzan_jazz_00079,gtzan,108.69565217391312,0.018924049581207414,0.03369565217391077
gtzan/gtzan_hiphop_00060,gtzan,90.63444108761342,0.00682348972392915,0.01057401812688908
gtzan/gtzan_metal_00068,gtzan,163.93442622950835,0.0143544426582333,0.032513661202186794
gtzan/gtzan_blues_00038,gtzan,86.83068017366149,0.06268427499224202,0.16208393632416745
gtzan/gtzan_rock_00017,gtzan,121.58054711246177,0.016403434056225262,0.024316109422493275
gtzan/gtzan_rock_00027,gtzan,150.00000000000028,0.04949280475482175,0.032500000000004255
gtzan/gtzan_classical_00086,gtzan,101.26582278480993,0.03831711052200122,0.09822784810126568
gtzan/gtzan_disco_00004,gtzan,121.45748987854256,0.006719967616258892,0.014170040485831327
gtzan/gtzan_country_00030,gtzan,79.47019867549642,0.04190028227999515,0.017218543046356692
gtzan/gtzan_metal_00039,gtzan,60.06006006006008,0.011181826386114256,0.013213213213214985
gtzan/gtzan_disco_00014,gtzan,103.44827586206864,0.013179659827282433,0.012068965517240777
gtzan/gtzan_jazz_00081,gtzan,114.94252873563194,0.01880063140234023,0.04980842911877346
gtzan/gtzan_disco_00087,gtzan,106.28875110717404,0.024254667587937123,0.04747564216120566
gtzan/gtzan_metal_00006,gtzan,120.0,0.027252887716931965,0.046399999999996
gtzan/gtzan_disco_00085,gtzan,123.20328542094454,0.00755195036671625,0.012320328542095832
gtzan/gtzan_reggae_00045,gtzan,162.60162601626027,0.008129464520850381,0.021680216802165947
gtzan/gtzan_blues_00022,gtzan,99.33774834437092,0.04412672015155389,0.05000000000000261
gtzan/gtzan_country_00027,gtzan,93.16770186335403,0.012003235090849627,0.024068322981367598
gtzan/gtzan_jazz_00049,gtzan,41.29387474191325,0.16183686245622445,0.41018582243633955
gtzan/gtzan_metal_00051,gtzan,219.78021978021968,0.032609028846095726,0.08937728937728152
gtzan/gtzan_classical_00063,gtzan,93.24009324009312,0.09014864783414632,0.20745920745920815
gtzan/gtzan_disco_00069,gtzan,107.71992818671447,0.005011412260954068,0.010771992818671855
gtzan/gtzan_country_00015,gtzan,147.78325123152752,0.042711681786671,0.01724137931034845
gtzan/gtzan_rock_00045,gtzan,75.94936708860733,0.01103600088505016,0.022784810126580814
gtzan/gtzan_pop_00004,gtzan,80.10680907877183,0.00468710643532185,0.008010680907882229
gtzan/gtzan_jazz_00002,gtzan,98.36065573770479,0.04077020103562122,0.06032786885246231
gtzan/gtzan_reggae_00040,gtzan,92.30769230769238,0.013806410389962227,0.010769230769230274
gtzan/gtzan_hiphop_00009,gtzan,103.27022375215155,0.0276297284096875,0.012048192771086843
gtzan/gtzan_hiphop_00054,gtzan,112.35955056179775,0.004704366284682203,0.010486891385769961
gtzan/gtzan_pop_00051,gtzan,112.35955056179775,0.05755790838401778,0.01685393258426864
gtzan/gtzan_blues_00094,gtzan,102.38907849829346,0.026666533283891708,0.06996587030716328
gtzan/gtzan_pop_00085,gtzan,120.24048096192371,0.00390378088769399,0.00400801603206613
gtzan/gtzan_rock_00037,gtzan,127.65957446808517,0.010560292952854967,0.014893617021275554
gtzan/gtzan_hiphop_00095,gtzan,111.11111111111128,0.008364136150050392,0.0222222222222231
gtzan/gtzan_classical_00074,gtzan,160.0,0.029033884641418515,0.06506666666666039
gtzan/gtzan_jazz_00092,gtzan,53.28596802841913,0.020540479274251768,0.04298401420959162
gtzan/gtzan_rock_00069,gtzan,169.49152542372877,0.026255398230287035,0.033898305084756136
gtzan/gtzan_country_00081,gtzan,179.64071856287444,0.028537764346834197,0.056886227544912786
gtzan/gtzan_metal_00090,gtzan,179.9100449775108,0.024564821154927703,0.04467766116941493
gtzan/gtzan_hiphop_00063,gtzan,93.89671361502357,0.005392351659515843,0.013302034428794584
gtzan/gtzan_disco_00055,gtzan,129.3103448275866,0.007557743009007836,0.015086206896551064
gtzan/gtzan_classical_00046,gtzan,129.3103448275866,0.04957372258029659,0.06034482758620832
gtzan/gtzan_hiphop_00043,gtzan,89.9550224887554,0.019049206583243123,0.014992503748129743
gtzan/gtzan_rock_00005,gtzan,99.337748344371,0.06627862463093158,0.03311258278145979
gtzan/gtzan_metal_00062,gtzan,117.41682974559704,0.017159311926496452,0.011741682974567102
gtzan/gtzan_metal_00096,gtzan,83.56545961002786,0.1797930540772333,0.3607242339832882
gtzan/gtzan_disco_00047,gtzan,50.167224080267644,0.013171742030962386,0.028595317725751634
gtzan/gtzan_rock_00061,gtzan,121.7038539553756,0.006170610424227819,0.01419878296145656
gtzan/gtzan_reggae_00009,gtzan,157.89473684210532,0.007579254189805963,0.010526315789473259
gtzan/gtzan_country_00072,gtzan,149.62593516209483,0.01030859539572008,0.0299251870324201
gtzan/gtzan_rock_00042,gtzan,80.75370121130568,0.030085204650285722,0.017765814266487535
gtzan/gtzan_country_00006,gtzan,111.11111111111128,0.008983686389011319,0.01111111111111484
gtzan/gtzan_classical_00049,gtzan,75.37688442211052,0.034943257278384134,0.034924623115581144
gtzan/gtzan_rock_00040,gtzan,109.89010989011001,0.19294244379023912,0.5322344322344326
gtzan/gtzan_jazz_00003,gtzan,69.84866123399301,0.18803338535630124,0.38719441210709976
gtzan/gtzan_pop_00064,gtzan,130.71895424836612,0.10599267165367396,0.0849673202614383
gtzan/gtzan_country_00035,gtzan,198.67549668874153,0.03637900955272193,0.013245033112584988
gtzan/gtzan_blues_00089,gtzan,107.71992818671447,0.04605144061051033,0.10233393177737923
gtzan/gtzan_jazz_00001,gtzan,68.88633754305393,0.010721068151146885,0.026406429391503772
gtzan/gtzan_rock_00035,gtzan,130.71895424836612,0.007041425695551745,0.019607843137258926
gtzan/gtzan_classical_00099,gtzan,87.71929824561404,0.0846296222430414,0.2264619883040951
gtzan/gtzan_metal_00052,gtzan,156.65796344647555,0.03933590148417742,0.07885117493472402
gtzan/gtzan_pop_00065,gtzan,57.41626794258374,0.09320419638562759,0.006698564593302186
gtzan/gtzan_jazz_00036,gtzan,124.48132780083006,0.03223873471127202,0.06639004149377056
gtzan/gtzan_hiphop_00074,gtzan,99.337748344371,0.008842116253911833,0.02135761589403594
gtzan/gtzan_blues_00070,gtzan,147.78325123152624,0.0075983915686797295,0.014778325123157148
gtzan/gtzan_metal_00084,gtzan,149.62593516209483,0.007432499184279366,0.017456359102243583
gtzan/gtzan_jazz_00005,gtzan,108.69565217391312,0.1100016121365966,0.11811594202898626
gtzan/gtzan_pop_00057,gtzan,103.44827586206864,0.03162052205204513,0.010344827586210319
gtzan/gtzan_reggae_00006,gtzan,150.00000000000003,0.007935193183240553,0.015000000000000572
gtzan/gtzan_metal_00070,gtzan,116.05415860735022,0.0096693095482441,0.023210831721470922
gtzan/gtzan_rock_00050,gtzan,124.48132780083006,0.007752575606610413,0.02282157676348576
gtzan/gtzan_jazz_00009,gtzan,56.764427625354756,0.034974652621389116,0.06471144749290549
gtzan/gtzan_disco_00073,gtzan,113.63636363636392,0.006663763489849736,0.013257575757575172
gtzan/gtzan_jazz_00090,gtzan,136.05442176870727,0.010198527469067895,0.027210884353740344
gtzan/gtzan_jazz_00040,gtzan,100.33444816053529,0.012285799085282309,0.01872909698996601
gtzan/gtzan_reggae_00001,gtzan,78.3289817232375,0.027518662073754807,0.055352480417755506
gtzan/gtzan_country_00094,gtzan,113.63636363636392,0.008917464870235921,0.013257575757575172
gtzan/gtzan_jazz_00012,gtzan,112.35955056179779,0.0174614001748026,0.028089887640447602
gtzan/gtzan_metal_00095,gtzan,76.5306122448979,0.08459449210889283,0.031760204081631674
gtzan/gtzan_hiphop_00055,gtzan,82.079343365253,0.006306873698775277,0.015047879616964733
gtzan/gtzan_reggae_00030,gtzan,151.89873417721535,0.010641567259167312,0.030379746835439723
gtzan/gtzan_rock_00009,gtzan,74.9063670411985,0.014264091151921074,0.014981273408241928
gtzan/gtzan_rock_00058,gtzan,114.94252873563214,0.033953100574808576,0.06934865900383055
gtzan/gtzan_classical_00035,gtzan,151.89873417721398,0.03579739847033252,0.045569620253165924
gtzan/gtzan_hiphop_00086,gtzan,98.52216748768502,0.009492240061824326,0.011494252873563628
gtzan/gtzan_jazz_00066,gtzan,179.64071856287444,0.06290884112706237,0.16467065868262906
gtzan/gtzan_hiphop_00042,gtzan,90.77155824508338,0.01162351801579221,0.024205748865358277
gtzan/gtzan_reggae_00042,gtzan,120.24048096192392,0.016177898683498705,0.03446893787575663
gtzan/gtzan_reggae_00027,gtzan,134.22818791946332,0.03855394669337107,0.01342281879195243
gtzan/gtzan_disco_00022,gtzan,120.24048096192371,0.005156906226643915,0.00400801603206613
gtzan/gtzan_disco_00076,gtzan,127.65957446808493,0.007163677251013799,0.01276595744681063
gtzan/gtzan_jazz_00086,gtzan,104.34782608695649,0.04322902222740105,0.09739130434782768
gtzan/gtzan_metal_00065,gtzan,117.41682974559684,0.0303813665777105,0.02935420743640445
gtzan/gtzan_classical_00022,gtzan,108.69565217391312,0.1254522736858811,0.29239130434782507
gtzan/gtzan_disco_00018,gtzan,124.48132780082982,0.008277728165914868,0.01452282157676257
gtzan/gtzan_country_00092,gtzan,163.93442622950835,0.013765238134435373,0.016393442622961163
gtzan/gtzan_hiphop_00098,gtzan,106.38297872340425,0.00783444459431561,0.010638297872343978
gtzan/gtzan_jazz_00087,gtzan,133.33333333333354,0.04147494482833717,0.09422222222221951
gtzan/gtzan_classical_00081,gtzan,145.6310679611651,0.02803098437455696,0.04611650485436925
gtzan/gtzan_classical_00039,gtzan,65.78947368421056,0.006202891408347778,0.012609649122808557
gtzan/gtzan_jazz_00004,gtzan,62.89308176100625,0.05627463374949427,0.15272536687631197
gtzan/gtzan_jazz_00015,gtzan,117.41682974559684,0.04583736175492184,0.09667318982387603
gtzan/gtzan_classical_00010,gtzan,104.34782608695664,0.06334662715176588,0.060869565217394714
gtzan/gtzan_metal_00058,gtzan,145.6310679611651,0.024643170694706607,0.05339805825242832
gtzan/gtzan_reggae_00043,gtzan,156.24999999999986,0.026570937144089063,0.06822916666667138
gtzan/gtzan_jazz_00059,gtzan,106.57193605683791,0.03443233724618782,0.082770870337477
gtzan/gtzan_classical_00016,gtzan,99.337748344371,0.05784848745041228,0.05827814569536801
gtzan/gtzan_hiphop_00025,gtzan,105.54089709762538,0.007856601012232753,0.020932277924362988
gtzan/gtzan_classical_00008,gtzan,137.77267508610757,0.05712523529221112,0.1205510907003469
gtzan/gtzan_metal_00087,gtzan,189.87341772151962,0.011384758664981965,0.012658227848102725
gtzan/gtzan_jazz_00058,gtzan,126.05042016806699,0.012547710232620463,0.01260504201681464
gtzan/gtzan_hiphop_00099,gtzan,107.71992818671481,0.006840233971140091,0.01256732495511634
gtzan/gtzan_metal_00083,gtzan,117.41682974559704,0.019039976831451602,0.04598825831702685
gtzan/gtzan_metal_00059,gtzan,97.56097560975624,0.025497593493486476,0.04731707317073198
gtzan/gtzan_rock_00064,gtzan,151.89873417721535,0.010720904118397689,0.022784810126585134
gtzan/gtzan_jazz_00052,gtzan,107.62331838565004,0.02605800115254828,0.032286995515696235
gtzan/gtzan_classical_00031,gtzan,112.35955056179789,0.06765852047753401,0.08651685393258732
gtzan/gtzan_hiphop_00076,gtzan,97.56097560975634,0.0071197180037256705,0.019512195121949842
gtzan/gtzan_rock_00033,gtzan,117.41682974559684,0.014140298879840661,0.023483365949120042
gtzan/gtzan_blues_00098,gtzan,125.13034410844635,0.015420631224779645,0.01626694473410098
gtzan/gtzan_country_00005,gtzan,130.71895424836612,0.006561680431358155,0.015250544662309273
gtzan/gtzan_reggae_00083,gtzan,66.29834254143651,0.040474198946727866,0.08707182320442018
gtzan/gtzan_pop_00021,gtzan,101.3513513513513,0.03901513899124562,0.018750000000001675
gtzan/gtzan_reggae_00096,gtzan,178.04154302670636,0.014200314978151074,0.01780415430267296
gtzan/gtzan_hiphop_00006,gtzan,100.33444816053469,0.00516628453138092,0.01003344481605385
gtzan/gtzan_pop_00076,gtzan,54.99541704857923,0.003064146066165989,0.0054995417048593525
gtzan/gtzan_country_00059,gtzan,68.4150513112885,0.012132395879569994,0.030102622576967678
gtzan/gtzan_reggae_00055,gtzan,129.72972972972988,0.05842111783777684,0.027675675675676262
gtzan/gtzan_jazz_00082,gtzan,195.43973941368054,0.039350121123849904,0.10358306188925048
gtzan/gtzan_classical_00071,gtzan,143.19809069212394,0.07079512847509849,0.1150357995226736
gtzan/gtzan_pop_00059,gtzan,89.0868596881959,0.005710550757660821,0.016332590942837084
gtzan/gtzan_hiphop_00036,gtzan,116.27906976744146,0.017293277882564666,0.02383720930232524
gtzan/gtzan_reggae_00024,gtzan,139.53488372093034,0.014983917986312456,0.016279069767445243
gtzan/gtzan_country_00025,gtzan,72.81553398058254,0.046211621243427425,0.05485436893204129
gtzan/gtzan_metal_00056,gtzan,215.82733812949465,0.02653767149053587,0.06474820143883428
gtzan/gtzan_rock_00007,gtzan,89.8203592814371,0.010760881486291559,0.0242514970059905
gtzan/gtzan_classical_00021,gtzan,271.49321266968315,0.03188886205813034,0.03348416289592516
gtzan/gtzan_metal_00027,gtzan,258.6206896551712,0.025817746941555097,0.03879310344827404
gtzan/gtzan_reggae_00063,gtzan,182.926829268293,0.015247224060821065,0.03963414634146369
gtzan/gtzan_country_00024,gtzan,127.65957446808541,0.01608628988884136,0.014893617021279715
gtzan/gtzan_country_00016,gtzan,213.52313167259743,0.01417050433826892,0.032028469750886676
gtzan/gtzan_hiphop_00029,gtzan,93.16770186335376,0.0052690336113338666,0.009316770186339867
gtzan/gtzan_country_00062,gtzan,175.4385964912287,0.01830032120130034,0.036257309941518066
gtzan/gtzan_blues_00019,gtzan,123.20328542094454,0.02804892944245934,0.022587268993838255
gtzan/gtzan_pop_00037,gtzan,104.34782608695657,0.004747868874675632,0.010434782608696052
gtzan/gtzan_classical_00006,gtzan,95.6937799043064,0.05335203180874371,0.11547049441786343
gtzan/gtzan_pop_00020,gtzan,107.71992818671455,0.006955063291721713,0.012567324955117507
gtzan/gtzan_reggae_00031,gtzan,159.15119363395198,0.007288726913861391,0.0159151193633958
gtzan/gtzan_reggae_00012,gtzan,262.00873362445503,0.008272675762675966,0.017467248908302837
gtzan/gtzan_blues_00047,gtzan,150.0,0.038054763076204715,0.03525000000000514
gtzan/gtzan_hiphop_00039,gtzan,94.93670886075928,0.008645790125390686,0.01898734177215275
gtzan/gtzan_metal_00054,gtzan,248.96265560166012,0.010601597827777769,0.024896265560166955
gtzan/gtzan_country_00076,gtzan,145.63106796116477,0.02124688313502418,0.043689320388351084
gtzan/gtzan_metal_00005,gtzan,154.2416452442162,0.014381376137455859,0.028277634961437665
gtzan/gtzan_blues_00039,gtzan,116.27906976744225,0.025241532117583086,0.033720930232560134
gtzan/gtzan_blues_00052,gtzan,49.710024855012435,0.05891362913968996,0.10671085335542727
gtzan/gtzan_pop_00005,gtzan,85.34850640113805,0.01269154806408463,0.025604551920337334
gtzan/gtzan_jazz_00024,gtzan,106.76156583629871,0.04279139160271238,0.1110320284697493
gtzan/gtzan_blues_00043,gtzan,129.31034482758614,0.021248162362090563,0.04892241379310353
gtzan/gtzan_jazz_00044,gtzan,104.34782608695664,0.01713294383824052,0.04173913043477961
gtzan/gtzan_country_00073,gtzan,151.89873417721535,0.01102800890299057,0.017721518987344757
gtzan/gtzan_blues_00009,gtzan,81.96721311475417,0.01058456220583191,0.01912568306010978
gtzan/gtzan_blues_00060,gtzan,149.62593516209483,0.026588845923551065,0.048877805486288346
gtzan/gtzan_reggae_00052,gtzan,99.50248756218909,0.02061048340608763,0.048092868988389596
gtzan/gtzan_pop_00040,gtzan,65.00541711809318,0.006003495436727465,0.011917659804984842
gtzan/gtzan_hiphop_00016,gtzan,101.35135135135096,0.009251738082570096,0.01013513513513848
gtzan/gtzan_jazz_00023,gtzan,84.32888264230506,0.04248426575763995,0.08854532677442024
gtzan/gtzan_disco_00023,gtzan,114.72275334608038,0.00652472001258985,0.011472275334615265
gtzan/gtzan_country_00026,gtzan,107.71992818671447,0.016920699624836086,0.03842010771992672
gtzan/gtzan_country_00090,gtzan,134.22818791946332,0.015481030501402681,0.03624161073826005
gtzan/gtzan_country_00065,gtzan,120.48192771084311,0.04230899205330551,0.09277108433735001
gtzan/gtzan_jazz_00031,gtzan,338.9830508474584,0.32981456394175357,1.0564971751412509
gtzan/gtzan_jazz_00093,gtzan,166.66666666666694,0.020546153068147985,0.04583333333333607
gtzan/gtzan_classical_00041,gtzan,55.24861878453037,0.05754374750623401,0.095395948434624
gtzan/gtzan_blues_00046,gtzan,121.7038539553756,0.014670178817550714,0.012170385395541963
gtzan/gtzan_hiphop_00007,gtzan,121.45748987854213,0.027953650596768142,0.014170040485830378
gtzan/gtzan_hiphop_00037,gtzan,71.77033492822979,0.0034562495434318093,0.007177033492823251
gtzan/gtzan_blues_00088,gtzan,170.94017094016965,0.03664443338892615,0.09572649572649505
gtzan/gtzan_pop_00047,gtzan,109.89010989011001,0.03653519885057968,0.017399267399268146
gtzan/gtzan_disco_00037,gtzan,130.71895424836612,0.006825411126849457,0.014379084967325461
gtzan/gtzan_blues_00068,gtzan,161.72506738544456,0.015253859205310544,0.03800539083557738
gtzan/gtzan_reggae_00033,gtzan,87.59124087591242,0.006894468377457313,0.016058394160586065
gtzan/gtzan_hiphop_00028,gtzan,89.15304606240736,0.025908462076384874,0.04933135215453027
gtzan/gtzan_jazz_00041,gtzan,188.0877742946714,0.012078211513100616,0.018808777429470114
gtzan/gtzan_disco_00035,gtzan,121.70385395537474,0.03821513201217232,0.022312373225153292
gtzan/gtzan_blues_00023,gtzan,96.61835748792271,0.03074157760699786,0.030273752012887515
gtzan/gtzan_classical_00034,gtzan,62.66318537859005,0.03274289611798897,0.03655352480417791
gtzan/gtzan_classical_00097,gtzan,104.34782608695649,0.018878457291917214,0.045217391304346696
gtzan/gtzan_rock_00085,gtzan,97.56097560975579,0.008639509887970053,0.01219512195122174
gtzan/gtzan_blues_00012,gtzan,93.16770186335403,0.032280734548659845,0.040372670807455165
gtzan/gtzan_rock_00052,gtzan,96.93053311793219,0.008722191909442524,0.0216478190630048
gtzan/gtzan_pop_00006,gtzan,93.0232558139533,0.047079969081054066,0.010852713178296797
gtzan/gtzan_metal_00009,gtzan,113.63636363636354,0.005398818394803684,0.011363636363636784
gtzan/gtzan_pop_00036,gtzan,97.56097560975634,0.00808134591686964,0.01138211382113843
gtzan/gtzan_reggae_00017,gtzan,126.84989429175468,0.005903093011071557,0.010570824524312664
gtzan/gtzan_rock_00063,gtzan,125.26096033402943,0.02190064653192632,0.049895615866390894
gtzan/gtzan_reggae_00098,gtzan,242.91497975708512,0.019767158679058597,0.024291497975709432
gtzan/gtzan_blues_00000,gtzan,125.1303441084468,0.03778094837129495,0.04108446298226583
gtzan/gtzan_classical_00004,gtzan,161.72506738544473,0.02856104479416816,0.03504043126685088
gtzan/gtzan_metal_00003,gtzan,196.72131147541003,0.024108271239006784,0.02786885245901699
gtzan/gtzan_hiphop_00034,gtzan,99.337748344371,0.032150123512096396,0.050993377483443306
gtzan/gtzan_rock_00088,gtzan,91.60305343511484,0.011141281048664244,0.01832061068702366
gtzan/gtzan_metal_00045,gtzan,60.483870967741936,0.028258451833995044,0.018145161290322596
gtzan/gtzan_disco_00091,gtzan,100.33444816053499,0.00896004994115372,0.014715719063546481
gtzan/gtzan_pop_00017,gtzan,109.89010989011001,0.046045159305543606,0.04395604395605116
gtzan/gtzan_reggae_00077,gtzan,147.7832512315272,0.009467828975435782,0.021674876847291826
gtzan/gtzan_disco_00068,gtzan,106.57193605683825,0.018830404567172346,0.033037300177617406
gtzan/gtzan_jazz_00056,gtzan,124.48132780083006,0.03197531077630949,0.06639004149377056
gtzan/gtzan_classical_00056,gtzan,102.21465076660976,0.2098111852049237,0.4787052810902902
gtzan/gtzan_disco_00040,gtzan,137.93103448275846,0.006461830086618127,0.013793103448276368
gtzan/gtzan_country_00019,gtzan,85.5310049893086,0.04220869233185222,0.09394155381325706
gtzan/gtzan_jazz_00051,gtzan,94.78672985782003,0.007341882427349369,0.018957345971564725
gtzan/gtzan_blues_00092,gtzan,121.45748987854256,0.03318537585569041,0.08056680161943312
gtzan/gtzan_disco_00054,gtzan,113.63636363636354,0.016941718614258323,0.03125000000000031
gtzan/gtzan_classical_00070,gtzan,161.2903225806452,0.03031010521618204,0.06720430107526741
gtzan/gtzan_pop_00088,gtzan,100.33444816053469,0.00681658163900682,0.010367892976590042
gtzan/gtzan_pop_00093,gtzan,134.22818791946307,0.0053980112715777875,0.013422818791946815
gtzan/gtzan_metal_00089,gtzan,76.6283524904215,0.025670436476968938,0.05696040868454832
gtzan/gtzan_reggae_00068,gtzan,136.98630136986296,0.014600204308968965,0.0388127853881266
gtzan/gtzan_pop_00033,gtzan,99.5024875621888,0.031009517909241023,0.02985074626865814
gtzan/gtzan_jazz_00011,gtzan,200.66889632107058,0.03878626317488435,0.08428093645484779
gtzan/gtzan_metal_00032,gtzan,174.92711370262393,0.05967841755413292,0.029154518950437348
gtzan/gtzan_metal_00069,gtzan,161.72506738544456,0.02888635482236971,0.054447439353098155
gtzan/gtzan_jazz_00050,gtzan,154.2416452442162,0.03434221856759829,0.0650385604113117
gtzan/gtzan_classical_00033,gtzan,106.38297872340458,0.02470023302005194,0.03989361702127626
gtzan/gtzan_jazz_00043,gtzan,152.2842639593908,0.052710117798134906,0.0705583756345149
gtzan/gtzan_hiphop_00026,gtzan,102.38907849829346,0.007134527460316638,0.018771331058021434
gtzan/gtzan_disco_00092,gtzan,114.94252873563252,0.024156861941666108,0.05210727969348632
gtzan/gtzan_pop_00039,gtzan,83.33333333333326,0.011153519063094437,0.015277777777779628
gtzan/gtzan_jazz_00030,gtzan,104.34782608695664,0.05633569267938624,0.11130434782609028
gtzan/gtzan_hiphop_00021,gtzan,101.35135135135096,0.005622823677056711,0.01013513513513848
gtzan/gtzan_pop_00008,gtzan,84.03361344537831,0.005317568833036499,0.016806722689071324
gtzan/gtzan_metal_00074,gtzan,124.48132780082982,0.019781579534606887,0.04356846473029209
gtzan/gtzan_reggae_00092,gtzan,144.57831325301234,0.018364624688019065,0.014457831325303922
gtzan/gtzan_pop_00062,gtzan,80.75370121130548,0.009601969472066431,0.016150740242264098
gtzan/gtzan_metal_00023,gtzan,145.63106796116503,0.02056275957357054,0.028883495145625725
gtzan/gtzan_hiphop_00023,gtzan,93.89671361502357,0.07311292746509102,0.017840375586855643
gtzan/gtzan_hiphop_00038,gtzan,91.4634146341465,0.006374002978203991,0.0167682926829284
gtzan/gtzan_classical_00093,gtzan,137.9310344827589,0.029456047694550756,0.0740229885057455
gtzan/gtzan_reggae_00023,gtzan,129.31034482758616,0.007384410587631369,0.020474137931035807
gtzan/gtzan_jazz_00022,gtzan,126.05042016806746,0.03254761227811038,0.07857142857142636
gtzan/gtzan_classical_00096,gtzan,134.22818791946307,0.044433340092871074,0.059284116331098105
gtzan/gtzan_pop_00015,gtzan,104.34782608695657,0.006440514169424377,0.01217391304347847
gtzan/gtzan_blues_00049,gtzan,62.27296315516348,0.021965049264997576,0.03694862480539673
gtzan/gtzan_country_00039,gtzan,184.61538461538453,0.07365666762576228,0.036923076923081034
gtzan/gtzan_disco_00071,gtzan,113.63636363636392,0.00864061232941228,0.02272727272727049
gtzan/gtzan_reggae_00061,gtzan,92.30769230769201,0.004500945196591795,0.009230769230772283
gtzan/gtzan_hiphop_00083,gtzan,103.44827586206895,0.004455374283060727,0.010344827586208435
gtzan/gtzan_reggae_00008,gtzan,192.30769230769255,0.029309889833957086,0.012820512820515695
gtzan/gtzan_rock_00038,gtzan,66.29834254143638,0.0057218534261188995,0.011933701657459442
gtzan/gtzan_classical_00011,gtzan,76.14213197969545,0.05105064863440826,0.029695431472081337
gtzan/gtzan_classical_00068,gtzan,166.6666666666653,0.0167764920739149,0.022222222222224988
gtzan/gtzan_blues_00081,gtzan,204.77815699658754,0.026861928604114165,0.05802047781569796
gtzan/gtzan_hiphop_00030,gtzan,178.5714285714284,0.008269543494185403,0.01785714285714352
gtzan/gtzan_pop_00077,gtzan,111.11111111111092,0.00848505819823355,0.012962962962959046
gtzan/gtzan_classical_00059,gtzan,116.05415860735022,0.01668899539602834,0.02707930367504841
gtzan/gtzan_reggae_00051,gtzan,127.65957446808517,0.006471770375372604,0.0148936170212752
gtzan/gtzan_metal_00040,gtzan,109.89010989010993,0.0212380259981563,0.012820512820521986
gtzan/gtzan_pop_00003,gtzan,92.30769230769226,0.04905419849801388,0.018461538461537783
gtzan/gtzan_jazz_00068,gtzan,73.61963190184038,0.030514292220467965,0.063803680981593
gtzan/gtzan_classical_00098,gtzan,96.61835748792264,0.024674325150659596,0.04186795491143532
gtzan/gtzan_pop_00007,gtzan,63.42494714587738,0.0050318824437117484,0.012684989429175958
gtzan/gtzan_pop_00043,gtzan,265.4867256637168,0.006410704917007244,0.01769911504424584
gtzan/gtzan_rock_00018,gtzan,117.41682974559684,0.03979259562358043,0.01369863013698783
gtzan/gtzan_metal_00031,gtzan,137.93103448275818,0.019077279888885502,0.02988505747126149
gtzan/gtzan_metal_00092,gtzan,117.64705882352933,0.1882797221852939,0.3411764705882349
gtzan/gtzan_pop_00045,gtzan,87.59124087591258,0.004900255470714393,0.008759124087595965
gtzan/gtzan_pop_00083,gtzan,124.48132780082993,0.005763982359556205,0.012448132780083465
gtzan/gtzan_reggae_00022,gtzan,147.7832512315269,0.007659909578793963,0.017241379310343176
gtzan/gtzan_metal_00017,gtzan,217.39130434782624,0.035191581131618625,0.057971014492753714
gtzan/gtzan_pop_00022,gtzan,104.34782608695657,0.006440514169424377,0.01217391304347847
gtzan/gtzan_country_00060,gtzan,69.84866123399301,0.013188124924485229,0.030034924330618214
gtzan/gtzan_country_00050,gtzan,118.11023622047246,0.005638438504507078,0.011811023622049879
gtzan/gtzan_rock_00023,gtzan,74.6268656716418,0.01556955439822954,0.021144278606964505
gtzan/gtzan_rock_00000,gtzan,121.70385395537528,0.027908198500803522,0.0513184584178455
gtzan/gtzan_jazz_00047,gtzan,209.05923344947806,0.04674820487345201,0.11010452961672362
gtzan/gtzan_pop_00000,gtzan,66.66666666666664,0.0033642403392902813,0.0077777777777809885
gtzan/gtzan_country_00008,gtzan,66.26173384870238,0.0036800735294411882,0.011595803423522375
gtzan/gtzan_pop_00041,gtzan,54.10279531109107,0.01941690507172802,0.02389540126239893
gtzan/gtzan_rock_00013,gtzan,91.46341463414635,0.006249635170804428,0.0182926829268281
gtzan/gtzan_country_00029,gtzan,90.63444108761342,0.033159464660334786,0.03625377643504574
gtzan/gtzan_disco_00017,gtzan,123.20328542094478,0.00620457635193525,0.012320328542096998
gtzan/gtzan_reggae_00038,gtzan,94.78672985782003,0.006477820128432023,0.01737756714060018
gtzan/gtzan_blues_00014,gtzan,84.62623413258103,0.06246089197494775,0.13399153737658753
gtzan/gtzan_jazz_00065,gtzan,198.67549668874176,0.014999150099703889,0.020860927152316324
gtzan/gtzan_pop_00009,gtzan,105.4481546572935,0.00502649903234059,0.012302284710017002
gtzan/gtzan_classical_00013,gtzan,124.48132780083006,0.05089778062551151,0.03402489626556027
gtzan/gtzan_jazz_00083,gtzan,107.62331838565021,0.03559633708110877,0.09076233183856278
gtzan/gtzan_disco_00048,gtzan,101.35135135135137,0.00600089130421184,0.020270270270265605
gtzan/gtzan_rock_00032,gtzan,91.46341463414626,0.07322464044048933,0.025914634146341972
gtzan/gtzan_jazz_00084,gtzan,123.2032854209446,0.012283832099330792,0.024640657084182557
gtzan/gtzan_country_00058,gtzan,113.63636363636392,0.01822303805375304,0.050000000000000086
gtzan/gtzan_reggae_00081,gtzan,100.33444816053529,0.005606085494030028,0.018394648829428886
gtzan/gtzan_blues_00021,gtzan,100.33444816053529,0.01883110869407211,0.03210702341137017
gtzan/gtzan_blues_00095,gtzan,136.0544217687078,0.03153325601106114,0.07755102040816964
gtzan/gtzan_blues_00065,gtzan,107.71992818671447,0.020358806590305478,0.04847396768402554
gtzan/gtzan_reggae_00076,gtzan,78.84362680683306,0.006715774007250123,0.013140604467811356
gtzan/gtzan_disco_00093,gtzan,109.89010989011001,0.01910443048638546,0.034981684981681575
gtzan/gtzan_pop_00063,gtzan,61.16207951070326,0.013350496540283177,0.024057084607543803
gtzan/gtzan_classical_00078,gtzan,67.49156355455571,0.11452999750635708,0.26040494938132924
gtzan/gtzan_country_00089,gtzan,73.08160779537153,0.023789953977257236,0.049330085261876294
gtzan/gtzan_rock_00074,gtzan,112.3595505617976,0.009386399002579917,0.015730337078657
gtzan/gtzan_country_00068,gtzan,83.33333333333347,0.02230850522516147,0.04722222222222573
gtzan/gtzan_reggae_00056,gtzan,155.44041450777232,0.0138055735235515,0.03212435233161152
gtzan/gtzan_disco_00027,gtzan,111.11111111111128,0.007124812816707705,0.020370370370372683
gtzan/gtzan_hiphop_00012,gtzan,98.36065573770486,0.06185636695545724,0.011475409836065579
gtzan/gtzan_pop_00069,gtzan,105.44815465729367,0.005947873039205363,0.001757469244295839
gtzan/gtzan_blues_00090,gtzan,141.50943396226424,0.03734596124809453,0.08773584905660883
gtzan/gtzan_reggae_00026,gtzan,137.93103448275875,0.038926317023172306,0.10298850574712667
gtzan/gtzan_metal_00022,gtzan,137.61467889908258,0.009701208791071319,0.01605504587156296
gtzan/gtzan_hiphop_00071,gtzan,95.69377990430618,0.01646025089983197,0.017543859649118743
gtzan/gtzan_reggae_00034,gtzan,188.08777429467088,0.013182149892616155,0.018808777429470586
gtzan/gtzan_hiphop_00013,gtzan,102.21465076660992,0.006317208718540649,0.010221465076667432
gtzan/gtzan_jazz_00006,gtzan,132.7433628318584,0.019144333731482197,0.02986725663716584
gtzan/gtzan_hiphop_00008,gtzan,84.03361344537831,0.0233873130224642,0.01666666666666735
gtzan/gtzan_disco_00074,gtzan,112.3595505617976,0.00796760240372995,0.021722846441945144
gtzan/gtzan_metal_00042,gtzan,130.7189542483656,0.012819094535828409,0.02614379084967629
gtzan/gtzan_country_00087,gtzan,72.28915662650601,0.014517856451118286,0.023614457831325774
gtzan/gtzan_metal_00046,gtzan,232.5581395348829,0.026815209291810777,0.02713178294573658
gtzan/gtzan_metal_00075,gtzan,113.42155009451798,0.021333251056325657,0.05406427221171722
gtzan/gtzan_jazz_00035,gtzan,70.83825265643436,0.023119130762901972,0.049704840613931475
gtzan/gtzan_blues_00025,gtzan,94.04388714733531,0.06626255849720349,0.06238244514106567
gtzan/gtzan_rock_00075,gtzan,120.24048096192328,0.017275524222694412,0.05130260521042074
gtzan/gtzan_disco_00051,gtzan,109.89010989010984,0.01618490090541734,0.029304029304032163
gtzan/gtzan_hiphop_00087,gtzan,101.35135135135134,0.006300154713332799,0.0016891891891912534
gtzan/gtzan_pop_00054,gtzan,97.56097560975634,0.019894898484103352,0.03918699186992008
gtzan/gtzan_rock_00022,gtzan,198.675496688742,0.016542562361205233,0.025827814569535267
gtzan/gtzan_pop_00097,gtzan,99.3377483443707,0.013022796881289106,0.011589403973509925
gtzan/gtzan_rock_00002,gtzan,105.44815465729367,0.01785746635539259,0.02091388400703112
gtzan/gtzan_classical_00009,gtzan,60.42296072507551,0.01179043540676618,0.014098690835849846
gtzan/gtzan_blues_00063,gtzan,90.7715582450832,0.007016736285375421,0.010136157337370876
gtzan/gtzan_disco_00097,gtzan,130.71895424836612,0.006320576680139735,0.015250544662311691
gtzan/gtzan_blues_00074,gtzan,110.29411764705873,0.05073651733688746,0.07132352941176821
gtzan/gtzan_disco_00089,gtzan,129.3103448275866,0.011904414270120331,0.015086206896554892
gtzan/gtzan_reggae_00032,gtzan,149.99999999999986,0.034142990156552096,0.02900000000000164
gtzan/gtzan_pop_00079,gtzan,112.35955056179797,0.016833615858136107,0.02247191011236211
gtzan/gtzan_classical_00082,gtzan,112.35955056179797,0.0392770741924363,0.08352059925093873
gtzan/gtzan_blues_00057,gtzan,184.615384615385,0.019713307629299414,0.0212307692307695
gtzan/gtzan_pop_00053,gtzan,63.795853269537474,0.019103862599464137,0.039872408293461135
gtzan/gtzan_pop_00070,gtzan,124.48132780083006,0.0068111060596582375,0.012448132780087162
gtzan/gtzan_classical_00050,gtzan,63.39144215530901,0.06680030156083631,0.1611199154780767
gtzan/gtzan_metal_00038,gtzan,97.40259740259745,0.07704790762512721,0.12337662337662121
gtzan/gtzan_country_00021,gtzan,108.89292196007239,0.010422326475863828,0.019963702359351257
gtzan/gtzan_disco_00042,gtzan,105.4481546572935,0.007801050301993941,0.021089630931455012
gtzan/gtzan_jazz_00080,gtzan,199.33554817275677,0.034223269528092404,0.039867109634552866
gtzan/gtzan_metal_00097,gtzan,82.02323991797681,0.0465858305017718,0.08981544771018533
gtzan/gtzan_reggae_00075,gtzan,144.57831325301234,0.00886161346108701,0.014457831325303922
gtzan/gtzan_classical_00032,gtzan,58.42259006815966,0.00803852254315617,0.01927945472249402
gtzan/gtzan_rock_00094,gtzan,111.9402985074624,0.030007094227391833,0.0699626865671652
gtzan/gtzan_rock_00049,gtzan,84.0336134453779,0.017080999279944057,0.023809523809525467
gtzan/gtzan_disco_00098,gtzan,122.95081967213093,0.007965675232866244,0.014344262295084911
gtzan/gtzan_rock_00076,gtzan,95.6937799043064,0.005714812118579568,0.009569377990434365
gtzan/gtzan_pop_00073,gtzan,127.65957446808517,0.005057305243785753,0.012765957446809001
gtzan/gtzan_reggae_00074,gtzan,84.03361344537811,0.005493747446706097,0.015406162464983667
gtzan/gtzan_country_00052,gtzan,71.34363852556478,0.031099265822244652,0.07562425683710078
gtzan/gtzan_disco_00034,gtzan,130.718954248366,0.025152498028809495,0.015250544662312524
gtzan/gtzan_blues_00035,gtzan,129.3103448275862,0.04086375653906075,0.04633620689654794
gtzan/gtzan_reggae_00046,gtzan,169.4915254237289,0.005624936088855506,0.016949152542375882
gtzan/gtzan_reggae_00002,gtzan,206.8965517241379,0.005937403855435828,0.017241379310341396
gtzan/gtzan_disco_00079,gtzan,121.45748987854256,0.006438298202120159,0.0141700404858329
gtzan/gtzan_country_00033,gtzan,90.63444108761342,0.0062801943111489705,0.016616314199394636
gtzan/gtzan_jazz_00048,gtzan,129.3103448275866,0.03573817615326586,0.06896551724138113
gtzan/gtzan_jazz_00045,gtzan,73.84615384615384,0.030312479556875733,0.061538461538462416
gtzan/gtzan_rock_00077,gtzan,107.52688172043005,0.05275242216154925,0.012544802867386105
gtzan/gtzan_country_00023,gtzan,82.07934336525308,0.011875763344731304,0.008344733242134663
gtzan/gtzan_metal_00015,gtzan,131.00436681222652,0.1824091935512067,0.4716157205240217
gtzan/gtzan_disco_00064,gtzan,122.95081967213126,0.005933890608506833,0.014344262295084951
gtzan/gtzan_hiphop_00075,gtzan,91.4634146341465,0.005889051712568482,0.009146341463417706
gtzan/gtzan_hiphop_00014,gtzan,134.2281879194628,0.008677918198719258,0.013422818791948154
gtzan/gtzan_country_00037,gtzan,97.56097560975627,0.011676815014095458,0.019512195121949107
gtzan/gtzan_hiphop_00056,gtzan,101.18043844856662,0.006156653813747052,0.010118043844860602
gtzan/gtzan_country_00051,gtzan,65.00541711809329,0.017318591129326804,0.04225352112676032
gtzan/gtzan_reggae_00011,gtzan,126.05042016806726,0.006660405308844429,0.02499999999999399
gtzan/gtzan_reggae_00094,gtzan,127.38853503184711,0.006827920460044688,0.012738853503188966
gtzan/gtzan_classical_00060,gtzan,120.24048096192371,0.029131178703891106,0.05330661322645498
gtzan/gtzan_jazz_00033,gtzan,94.78672985782003,0.007341882427349369,0.018957345971564725
gtzan/gtzan_reggae_00035,gtzan,163.93442622950835,0.008751338047242672,0.016393442622953884
gtzan/gtzan_disco_00059,gtzan,124.74012474012477,0.007582320620148225,0.012474012474016643
gtzan/gtzan_jazz_00094,gtzan,120.24048096192371,0.04311114979840193,0.09458917835671492
gtzan/gtzan_jazz_00029,gtzan,222.2222222222222,0.04762730807112833,0.09259259259258733
gtzan/gtzan_reggae_00095,gtzan,123.20328542094454,0.02053882316443419,0.039014373716632696
gtzan/gtzan_pop_00066,gtzan,81.74386920980936,0.0064229973893175476,0.013896457765666968
gtzan/gtzan_reggae_00087,gtzan,83.33333333333329,0.00487745688910046,0.00972222222221945
gtzan/gtzan_metal_00086,gtzan,122.95081967213126,0.009582306921099397,0.014549180327872042
gtzan/gtzan_country_00082,gtzan,234.3749999999998,0.008629156231770485,0.015625000000005204
gtzan/gtzan_blues_00044,gtzan,202.70270270270314,0.021966504049686673,0.02128378378379555
gtzan/gtzan_pop_00010,gtzan,106.57193605683858,0.05652105909244335,0.010657193605690573
gtzan/gtzan_country_00055,gtzan,132.45033112582786,0.01630834239928611,0.04238410596026736
gtzan/gtzan_blues_00064,gtzan,154.639175257732,0.0093348105265723,0.015463917525778364
gtzan/gtzan_rock_00020,gtzan,99.337748344371,0.030451574494423782,0.03046357615893984
gtzan/gtzan_classical_00061,gtzan,154.2416452442155,0.02073403169580794,0.04370179948585738
gtzan/gtzan_classical_00095,gtzan,79.20792079207912,0.23944586421850148,0.5838943894389426
gtzan/gtzan_classical_00005,gtzan,141.50943396226418,0.061651632404740024,0.060377358490572755
gtzan/gtzan_pop_00025,gtzan,74.9063670411985,0.005603550477477024,0.006741573033709893
gtzan/gtzan_blues_00017,gtzan,169.49152542372877,0.037145192229441105,0.06779661016949909
gtzan/gtzan_rock_00097,gtzan,127.65957446808541,0.018025216908295075,0.02553191489361994
gtzan/gtzan_blues_00018,gtzan,82.64462809917366,0.024849052628132445,0.041873278236916466
gtzan/gtzan_disco_00013,gtzan,89.82035928143722,0.01892226212656117,0.017964071856286797
gtzan/gtzan_hiphop_00018,gtzan,105.44815465729349,0.019230769230769093,0.020913884007031085
gtzan/gtzan_hiphop_00090,gtzan,114.94252873563214,0.011515342334650569,0.022988505747128574
gtzan/gtzan_disco_00084,gtzan,114.83253588516727,0.004779945750054627,0.011483253588520563
gtzan/gtzan_country_00088,gtzan,105.4481546572935,0.004928265548327128,0.010544815465732871
gtzan/gtzan_country_00004,gtzan,117.41682974559704,0.007261228575166667,0.021526418786691724
gtzan/gtzan_reggae_00005,gtzan,156.24999999999986,0.012423053861365885,0.00781250000000347
gtzan/gtzan_blues_00030,gtzan,109.89010989011001,0.01545962531403528,0.028388278388282614
gtzan/gtzan_blues_00076,gtzan,116.05415860735022,0.008317488464084574,0.015473887814314021
gtzan/gtzan_classical_00057,gtzan,105.6338028169018,0.025893878518392567,0.029929577464788873
gtzan/gtzan_metal_00013,gtzan,139.53488372093034,0.0205503292156446,0.019767441860466566
gtzan/gtzan_country_00079,gtzan,82.0793433652529,0.031255251264579356,0.05335157318741397
gtzan/gtzan_disco_00024,gtzan,127.65957446808517,0.007056454043922636,0.014893617021275908
gtzan/gtzan_reggae_00015,gtzan,126.05042016806746,0.02248404068642492,0.056302521008401815
gtzan/gtzan_country_00013,gtzan,127.65957446808493,0.011132820456478199,0.012765957446812757
gtzan/gtzan_jazz_00046,gtzan,215.05376344086028,0.018846684260855697,0.03225806451613146
gtzan/gtzan_country_00096,gtzan,114.94252873563214,0.007601104970871551,0.013409961685827802
gtzan/gtzan_metal_00010,gtzan,191.69329073482282,0.13330147778927098,0.2971246006389753
gtzan/gtzan_rock_00099,gtzan,123.20328542094408,0.02768905979432495,0.07186858316221767
gtzan/gtzan_country_00064,gtzan,66.225165562914,0.00859241693497395,0.020309050772625948
gtzan/gtzan_rock_00090,gtzan,121.70385395537474,0.0069603767375955635,0.024340770791072264
gtzan/gtzan_jazz_00053,gtzan,200.6688963210682,0.031428511951729875,0.07692307692307751
gtzan/gtzan_pop_00078,gtzan,104.52961672473862,0.005378257483523046,0.01045296167247716
gtzan/gtzan_country_00010,gtzan,80.10680907877163,0.004093913290466389,0.008411214953271578
gtzan/gtzan_hiphop_00092,gtzan,113.63636363636392,0.009604201041358312,0.013257575757578535
gtzan/gtzan_disco_00053,gtzan,139.53488372093034,0.014398590663528615,0.02790697674418712
gtzan/gtzan_country_00099,gtzan,147.4201474201474,0.016314251185262786,0.02678132678132792
gtzan/gtzan_pop_00058,gtzan,98.36065573770502,0.004631286439441747,0.009836065573773785
gtzan/gtzan_hiphop_00085,gtzan,111.11111111111056,0.010187694211260211,0.011111111111112916
gtzan/gtzan_classical_00094,gtzan,86.20689655172417,0.1438739199105875,0.2758620689655201
gtzan/gtzan_jazz_00039,gtzan,198.67549668874176,0.014999150099703889,0.020860927152316324
gtzan/gtzan_blues_00058,gtzan,105.44815465729367,0.006723182521630422,0.010544815465731328
gtzan/gtzan_classical_00001,gtzan,114.94252873563194,0.06712759499651162,0.14176245210728206
gtzan/gtzan_reggae_00029,gtzan,149.9999999999992,0.006863409155833305,0.014999999999999795
gtzan/gtzan_pop_00046,gtzan,87.59124087591258,0.0073376546319316675,0.008759124087596775
gtzan/gtzan_metal_00007,gtzan,150.00000000000054,0.04509800921399856,0.05750000000000164
gtzan/gtzan_disco_00077,gtzan,117.41682974559704,0.0068316973513584955,0.022504892367906662
gtzan/gtzan_metal_00004,gtzan,139.53488372093034,0.0205503292156446,0.019767441860466566
gtzan/gtzan_country_00078,gtzan,68.10442678774119,0.03764101233343347,0.08853575482406198
gtzan/gtzan_rock_00029,gtzan,126.05042016806723,0.021658141306114206,0.025210084033616267
gtzan/gtzan_rock_00031,gtzan,118.81188118811863,0.07475328096381205,0.05663366336634009
gtzan/gtzan_blues_00055,gtzan,132.450331125828,0.034051492155011985,0.07196467991170469
gtzan/gtzan_rock_00008,gtzan,89.15304606240713,0.0347204569141575,0.034175334323920614
gtzan/gtzan_rock_00026,gtzan,112.35955056179779,0.010316271099167308,0.02247191011236041
gtzan/gtzan_country_00095,gtzan,89.95502248875565,0.010052373829807662,0.01799100449775281
gtzan/gtzan_reggae_00091,gtzan,144.57831325301234,0.007665385539142898,0.014457831325303922
gtzan/gtzan_country_00067,gtzan,64.93506493506497,0.04896333607003922,0.11904761904761922
gtzan/gtzan_blues_00031,gtzan,117.41682974559704,0.03549443667176331,0.060665362035225844
gtzan/gtzan_jazz_00069,gtzan,152.2842639593908,0.052710117798134906,0.0705583756345149
gtzan/gtzan_classical_00067,gtzan,138.56812933025404,0.4446797529155477,0.9718244803695127
gtzan/gtzan_blues_00086,gtzan,121.7038539553756,0.0282525385435937,0.0567951318458393
gtzan/gtzan_metal_00026,gtzan,262.00873362445407,0.0975507716253491,0.2375545851528386
gtzan/gtzan_metal_00029,gtzan,121.45748987854256,0.01982977687729556,0.027327935222675362
gtzan/gtzan_disco_00016,gtzan,122.95081967213115,0.012826164133777638,0.014344262295084937
gtzan/gtzan_classical_00076,gtzan,172.41379310344703,0.014813540987734164,0.037356321839082454
gtzan/gtzan_disco_00041,gtzan,53.23868677905948,0.00292033252168018,0.005323868677907923
gtzan/gtzan_blues_00003,gtzan,62.27296315516354,0.022770543433457944,0.06289569278671378
gtzan/gtzan_blues_00084,gtzan,111.31725417439672,0.025348925226984228,0.03191094619665935
gtzan/gtzan_country_00000,gtzan,84.15147265077145,0.0849874571391236,0.04852734922861367
gtzan/gtzan_disco_00083,gtzan,117.41682974559664,0.007599853032445086,0.013698630136982158
gtzan/gtzan_reggae_00010,gtzan,113.63636363636373,0.01904305490692178,0.01325757575757599
gtzan/gtzan_pop_00095,gtzan,105.44815465729334,0.005531806061525624,0.012126537785587008
gtzan/gtzan_rock_00054,gtzan,108.89292196007261,0.015366201124368444,0.03883847549909292
gtzan/gtzan_rock_00080,gtzan,118.2266009852214,0.007322075195165149,0.011822660098526089
gtzan/gtzan_disco_00039,gtzan,111.11111111111056,0.03209311824511515,0.02333333333333229
gtzan/gtzan_rock_00055,gtzan,130.718954248366,0.03267065872462645,0.015250544662312524
gtzan/gtzan_pop_00034,gtzan,95.6937799043064,0.0044999705035159605,0.009569377990435252
gtzan/gtzan_metal_00028,gtzan,139.53488372093034,0.01803006364883731,0.027906976744183767
gtzan/gtzan_pop_00026,gtzan,76.04562737642571,0.05253145898647842,0.015209125475284172
gtzan/gtzan_classical_00089,gtzan,97.56097560975607,0.0316311170752154,0.08276422764227775
gtzan/gtzan_rock_00048,gtzan,131.00436681222652,0.011393489002995253,0.02532751091703349
gtzan/gtzan_classical_00054,gtzan,93.0232558139533,0.17008133873806658,0.44620155038759346
gtzan/gtzan_reggae_00069,gtzan,145.6310679611654,0.00912427749648424,0.01699029126213948
gtzan/gtzan_metal_00014,gtzan,76.04562737642588,0.036954226559590776,0.08998732572877381
gtzan/gtzan_reggae_00090,gtzan,154.2416452442155,0.007425509389770982,0.016709511568123787
gtzan/gtzan_metal_00082,gtzan,122.95081967213126,0.024319316422902797,0.055942622950819816
gtzan/gtzan_reggae_00028,gtzan,156.24999999999986,0.027031391452448372,0.06718749999999832
gtzan/gtzan_jazz_00016,gtzan,72.81553398058254,0.05563444328424869,0.13325242718446767
gtzan/gtzan_metal_00053,gtzan,248.96265560165918,0.03910241621142852,0.09460580912862594
gtzan/gtzan_metal_00020,gtzan,243.90243902439067,0.4244854722468166,1.426829268292689
gtzan/gtzan_classical_00028,gtzan,80.42895442359251,0.06388859216294593,0.024128686327075544
gtzan/gtzan_country_00077,gtzan,181.26888217522685,0.011317305525918284,0.019335347432034813
gtzan/gtzan_reggae_00097,gtzan,52.49343832020994,0.03386153024924403,0.07069116360454782
gtzan/gtzan_reggae_00036,gtzan,173.91304347825965,0.029863792119441443,0.026086956521739937
gtzan/gtzan_metal_00099,gtzan,72.8155339805827,0.018995939193448212,0.05291262135922649
gtzan/gtzan_pop_00011,gtzan,60.79027355623111,0.08323201250582157,0.2050658561296883
gtzan/gtzan_disco_00061,gtzan,126.05042016806723,0.006214155683701132,0.012605042016807202
gtzan/gtzan_pop_00028,gtzan,101.35135135135096,0.0050480291267775475,0.01013513513513698
gtzan/gtzan_blues_00013,gtzan,106.57193605683842,0.03676365853237216,0.01811722912966448
gtzan/gtzan_blues_00040,gtzan,172.41379310344817,0.009150349912489687,0.031609195402296626
gtzan/gtzan_disco_00070,gtzan,109.89010989010997,0.01225368570246621,0.019230769230768347
gtzan/gtzan_classical_00085,gtzan,108.69565217391312,0.024326249507703675,0.04528985507246645
gtzan/gtzan_rock_00039,gtzan,144.57831325301234,0.009411826653294581,0.014457831325306062
gtzan/gtzan_jazz_00014,gtzan,62.63048016701466,0.051798467006622974,0.12118997912317277
gtzan/gtzan_rock_00021,gtzan,192.9260450160772,0.05531197163321441,0.10546623794211987
gtzan/gtzan_rock_00082,gtzan,98.0392156862742,0.013635241019675516,0.019607843137255766
gtzan/gtzan_country_00091,gtzan,38.36317135549872,0.008886090287431996,0.01867007672634321
gtzan/gtzan_pop_00056,gtzan,89.15304606240689,0.005762869500431911,0.016344725111442762
gtzan/gtzan_metal_00064,gtzan,94.04388714733543,0.015085205339512905,0.02507836990595892
gtzan/gtzan_country_00084,gtzan,173.41040462427748,0.00992010864175564,0.010115606936422772
gtzan/gtzan_jazz_00057,gtzan,94.04388714733544,0.031345477477093896,0.06426332288400825
gtzan/gtzan_pop_00052,gtzan,103.44827586206864,0.03777655431283956,0.01206896551724384
gtzan/gtzan_country_00074,gtzan,67.56756756756758,0.025879670641226052,0.06599099099099398
smc/smc_279,smc,104.16666666666657,0.01660206105038402,0.033177083333336514
smc/smc_080,smc,35.40658562492625,0.24880694657184238,0.3904756284668953
smc/smc_184,smc,60.741040696497265,0.08603772759005385,0.1785584126341379
smc/smc_157,smc,78.63695937090434,0.03537740649148566,0.08230668414154985
smc/smc_211,smc,83.74040474528961,0.07559957498640608,0.16644801116539015
smc/smc_167,smc,35.90127150336574,0.11278390123491214,0.3050112191473438
smc/smc_174,smc,81.68822328114376,0.16041707167084868,0.35102791014295964
smc/smc_037,smc,58.76591576885402,0.12474209027548128,0.2916944172380005
smc/smc_137,smc,125.3918495297807,0.15812273232359175,0.43268547544409836
smc/smc_028,smc,117.1874999999999,0.29909893679995525,0.3152343749999969
smc/smc_065,smc,73.17073170731705,0.05128963299856089,0.13780487804877867
smc/smc_057,smc,61.611131077681364,0.07720202224828737,0.17232633362427452
smc/smc_151,smc,138.88888888889048,0.13039933905579804,0.3754629629629728
smc/smc_011,smc,92.73570324574983,0.24918431592544601,0.39721792890262364
smc/smc_126,smc,64.86486486486481,0.03661212788415584,0.0864864864864883
smc/smc_257,smc,155.23932729624772,0.7061317291195403,0.85640362225097
smc/smc_015,smc,35.335689045936384,0.17323623670581026,0.4478209658421653
smc/smc_084,smc,44.215180545320585,0.048066118214049026,0.11900515843773093
smc/smc_140,smc,98.84678747940703,0.3294602603999279,0.7072487644151566
smc/smc_222,smc,48.642075395216814,0.33499458735713206,0.300251317389542
smc/smc_249,smc,68.69704602702085,0.2461647449785454,0.2541790702999786
smc/smc_038,smc,61.8556701030924,0.09209346936925812,0.21195876288659493
smc/smc_142,smc,80.0907695388109,0.31409788847878806,0.2955349395982132
smc/smc_121,smc,34.119018509567546,0.07771542245964963,0.2009610190213514
smc/smc_176,smc,80.69939475453886,0.1453012106466038,0.3436449226630786
smc/smc_082,smc,115.38461538461549,0.43972041827413577,0.18884615384615455
smc/smc_024,smc,164.83516483516448,0.38745391158715803,1.0623626373626411
smc/smc_266,smc,47.7137176938369,0.19306093401709654,0.5029025844930349
smc/smc_205,smc,78.74015748031492,0.2544601371356164,0.3417322834645676
smc/smc_052,smc,90.84027252081746,0.10056976648630973,0.21232399697199492
smc/smc_088,smc,60.36217303822939,0.15394287969734852,0.21406438631790645
smc/smc_014,smc,78.30853563038372,0.11369500537305668,0.2699034194727228
smc/smc_035,smc,58.25242718446606,0.05703044631634613,0.13592233009709093
smc/smc_217,smc,53.81165919282519,0.0629755736609037,0.1433632286995512
smc/smc_209,smc,72.99270072992692,0.219864517844111,0.4845498783454959
smc/smc_030,smc,199.99999999999952,0.07369057967198797,0.18666666666666343
smc/smc_254,smc,99.33774834437041,0.0711210741475331,0.170960264900667
smc/smc_119,smc,56.87203791469215,0.08311825083372677,0.2053080568720388
smc/smc_042,smc,46.15384615384616,0.0675491751313677,0.18013076923076907
smc/smc_033,smc,92.9224097878272,0.1268313116391829,0.37633575964069793
smc/smc_271,smc,103.18142734307823,0.0010811937041322196,0.001719690455720072
smc/smc_103,smc,109.0909090909093,0.3942218314383345,0.7127272727272731
smc/smc_197,smc,36.715212336311346,0.04478412834753902,0.0889609594908838
smc/smc_150,smc,113.85199240986695,0.24334648890273713,0.15180265654648942
smc/smc_105,smc,129.31034482758608,0.09923817650996204,0.24568965517241523
smc/smc_111,smc,93.02325581395304,0.28296412341559696,0.800930232558135
smc/smc_071,smc,79.68127490039839,0.07238062988295824,0.15936254980081227
smc/smc_004,smc,56.9935882213251,0.2865977316784005,0.6008549038233192
smc/smc_212,smc,40.540540540540526,0.11590474980240029,0.29651351351351274
smc/smc_289,smc,99.85022466300546,0.05377789770005327,0.12697620236311905
smc/smc_221,smc,52.49343832020994,0.14031248974589067,0.33508311461067464
smc/smc_229,smc,74.99999999999993,0.05103654648466821,0.12275000000000066
smc/smc_208,smc,54.52067242162652,0.1220758394042871,0.20218082689686534
smc/smc_021,smc,90.22556390977431,0.1062452368036176,0.2772781954887237
smc/smc_130,smc,45.02476361999102,0.3723733455052172,0.8497673720546282
smc/smc_220,smc,72.202166064982,0.040423667416931895,0.10012033694344216
smc/smc_236,smc,63.59300476947546,0.4158480265614867,0.8614308426073124
smc/smc_064,smc,44.182621502209116,0.03478220457398133,0.08391752577319654
smc/smc_175,smc,35.6410941815914,0.21003969557213809,0.5186967239894272
smc/smc_096,smc,107.14285714285671,0.051050541605369974,0.14285714285713724
smc/smc_241,smc,75.37688442211028,0.09160713724583466,0.1556783919597958
smc/smc_206,smc,71.77033492822964,0.11423905926196308,0.26913875598086073
smc/smc_286,smc,87.976539589443,0.020529603171111417,0.02118768328445991
smc/smc_281,smc,93.60374414976624,0.042729154590458965,0.07519500780031432
smc/smc_008,smc,134.5291479820623,0.03688489290603465,0.09031390134528877
smc/smc_067,smc,86.95652173913072,0.061234465517557894,0.1642028985507261
smc/smc_116,smc,68.64988558352412,0.12296827680514105,0.25981693363844144
smc/smc_117,smc,59.940059940060024,0.1482416470767383,0.37912087912087516
smc/smc_172,smc,76.92307692307716,0.1113763387489404,0.20738461538461875
smc/smc_114,smc,61.162079510703485,0.20767162424689753,0.39755351681957324
smc/smc_194,smc,58.05515239477503,0.12109021354476121,0.3450120948234126
smc/smc_118,smc,60.0120024004801,0.18192327316148701,0.32266453290658326
smc/smc_255,smc,63.90797251957187,0.10541785642321162,0.27640198114714853
smc/smc_106,smc,62.1761658031087,0.10832631229084547,0.23345077720207505
smc/smc_193,smc,72.43315023842584,0.08263805826178257,0.20160560149695167
smc/smc_016,smc,70.00758415495011,0.07344106330469491,0.177585905139728
smc/smc_101,smc,115.2294987516805,0.5418035097608446,0.5350489725369726
smc/smc_087,smc,103.89610389610395,0.04603034767811991,0.12467532467532332
smc/smc_003,smc,67.99637352674523,0.12611424399643348,0.28227561196736195
smc/smc_181,smc,61.66495375128453,0.20042480400776308,0.32472764645426305
smc/smc_169,smc,169.9716713881021,0.16832224913929505,0.34753541076487515
smc/smc_161,smc,61.22448979591834,0.09260001073488194,0.22938775510204118
smc/smc_274,smc,142.8571428571429,0.05734033156879085,0.14047619047619578
smc/smc_068,smc,92.3076923076925,0.05647856422302058,0.13610769230769626
smc/smc_258,smc,88.88888888888833,0.07173487762181797,0.15608888888888742
smc/smc_046,smc,65.21739130434777,0.08166020290767509,0.17173913043478042
smc/smc_043,smc,92.30769230769201,0.25053100902311787,0.6566153846153904
smc/smc_135,smc,76.19047619047605,0.15285302542341653,0.40563809523809385
smc/smc_239,smc,48.2315112540193,0.10209533401361283,0.21704180064308706
smc/smc_198,smc,100.00000000000095,0.42978126344489953,0.9938666666666763
smc/smc_232,smc,149.9063085571517,0.4507537692931191,1.449843847595251
smc/smc_287,smc,101.69491525423732,0.04468695915561077,0.10169491525423928
smc/smc_074,smc,94.63722397476336,0.16372730936491736,0.43564668769716064
smc/smc_085,smc,55.04587155963321,0.07840209208000044,0.1917431192660564
smc/smc_242,smc,78.94736842105284,0.07596786805314526,0.15789473684210698
smc/smc_243,smc,51.194539249146885,0.3698880089518371,0.3444539249146775
smc/smc_100,smc,63.82978723404246,0.0992601692861717,0.26017021276595886
smc/smc_124,smc,65.78947368421059,0.0460964906235608,0.10276315789473552
smc/smc_012,smc,86.95652173913027,0.07422426310828527,0.15860869565217456
smc/smc_061,smc,40.0,0.08451126593768075,0.0990666666666679
smc/smc_152,smc,84.03361344537811,0.1827988629821351,0.4603361344537842
smc/smc_203,smc,68.76002750401105,0.059469848897680644,0.13071281228512532
smc/smc_093,smc,131.29102844638928,0.08980230568049148,0.17943107221006696
smc/smc_285,smc,120.0,0.04803869701088654,0.13999999999999702
smc/smc_173,smc,40.98360655737704,0.042246092897694855,0.09723360655737821
smc/smc_265,smc,153.06122448979545,0.18604784753269626,0.4635969387755137
smc/smc_223,smc,60.42296072507562,0.2613295635136184,0.5049345417925512
smc/smc_104,smc,67.49156355455573,0.05067347275693698,0.11599550056242965
smc/smc_089,smc,84.63220255307158,0.06435835623891249,0.16080118485083708
smc/smc_248,smc,97.24473257698584,0.1858597104024744,0.4089465153970887
smc/smc_219,smc,91.25475285171119,0.18774253622991727,0.5068441064638786
smc/smc_192,smc,32.91278113000548,0.11051067630917417,0.2623258365331869
smc/smc_199,smc,76.43312101910827,0.2697833396475987,0.46843312101910767
smc/smc_149,smc,73.17519360936647,0.21555989763160138,0.3791694615525336
smc/smc_275,smc,40.0,0.016678565445959578,0.03939999999999936
smc/smc_207,smc,113.72251705837755,0.0664000846048888,0.16603487490523208
smc/smc_139,smc,41.09589041095888,0.033199147577996316,0.08379452054794614
smc/smc_251,smc,116.16650532429883,0.39612745696686863,0.20993223620523152
smc/smc_227,smc,64.79481641468682,0.0695951575774976,0.15269978401727904
smc/smc_261,smc,70.58823529411782,0.3416088344658521,0.6637647058823543
smc/smc_264,smc,72.79786459597184,0.0741016193717766,0.21164765833535473
smc/smc_055,smc,67.6361176868449,0.044244116656800635,0.11599594183294462
smc/smc_143,smc,87.08272859216255,0.059060635473597634,0.13281567489115204
smc/smc_023,smc,35.087719298245595,0.10117968639674635,0.20966666666666903
smc/smc_010,smc,76.6283524904215,0.06439989032146333,0.1741762452107263
smc/smc_195,smc,174.52006980802753,0.06317970668069835,0.16591041303083193
smc/smc_154,smc,56.17714526473473,0.09242039715566515,0.13182903422124648
smc/smc_146,smc,58.53658536585374,0.13950371265113717,0.3385365853658537
smc/smc_073,smc,70.45974986788806,0.04806412461666205,0.11461452645176604
smc/smc_182,smc,71.34363852556486,0.0706940474797089,0.18240190249702734
smc/smc_018,smc,84.03361344537831,0.08007334666273387,0.20056022408963903
smc/smc_013,smc,95.70904450470569,0.05891018217962132,0.14292550646036478
smc/smc_056,smc,104.16666666666657,0.09377426526361758,0.20211805555555648
smc/smc_006,smc,52.128583840139015,0.4398590552607983,0.9324066029539565
smc/smc_278,smc,104.54783063251445,0.04239863246434392,0.11169193239240185
smc/smc_277,smc,52.44755244755244,0.06026326381894473,0.02412587412587496
smc/smc_153,smc,96.21552277100707,0.06226451760893383,0.14945477870430202
smc/smc_076,smc,86.89355539464155,0.10118298363771185,0.20647356987689783
smc/smc_252,smc,92.73570324574958,0.05807491494759249,0.15068006182380103
smc/smc_263,smc,48.42615012106541,0.070137133049864,0.18305084745763023
smc/smc_041,smc,70.73803348266924,0.04334794516668955,0.11988917708087692
smc/smc_213,smc,65.41648495420844,0.09494781138505878,0.20061055385956983
smc/smc_283,smc,85.22727272727265,0.03172600019413733,0.08363636363636347
smc/smc_051,smc,63.025210084033496,0.06007432686411495,0.17016806722689315
smc/smc_147,smc,99.3213044197983,0.04565085263805002,0.11537824863433581
smc/smc_214,smc,45.801526717557294,0.18205635893556354,0.49848854961832123
smc/smc_226,smc,55.68445475638067,0.11736118550068304,0.31662180974477994
smc/smc_032,smc,89.15304606240736,0.3062737776766798,0.819138187221398
smc/smc_017,smc,72.28915662650556,0.05519415123254854,0.12262650602409476
smc/smc_059,smc,71.42857142857159,0.04838357832192931,0.13273809523809282
smc/smc_034,smc,63.394791061334296,0.06068709096039697,0.14889323260605034
smc/smc_259,smc,80.21390374331538,1.9472996232235276,0.7045454545454573
smc/smc_075,smc,81.96721311475417,0.05559540458389044,0.1504098360655748
smc/smc_099,smc,56.550424128180964,0.07519024901014511,0.1426578699340255
smc/smc_120,smc,92.44992295839741,0.07717284856381337,0.18539291217257067
smc/smc_048,smc,33.55704697986577,0.07935069501730696,0.2074944071588369
smc/smc_188,smc,47.846889952153056,0.06818789154387368,0.15948963317384438
smc/smc_022,smc,69.36416184971083,0.25976162785252144,0.6454335260115577
smc/smc_026,smc,51.81347150259078,0.0690840417037538,0.13647668393782444
smc/smc_159,smc,95.56422712431306,0.13720682850993407,0.3171776698255943
smc/smc_044,smc,76.45747053201652,0.14787284555454047,0.34851863650844034
smc/smc_009,smc,55.62508691419837,0.04023033426690346,0.09270847819033358
smc/smc_244,smc,109.68921389396698,0.094420333627451,0.21477148080438616
smc/smc_276,smc,188.0877742946714,0.04533580841458347,0.10971786833855876
smc/smc_187,smc,32.70824247710422,0.0689752322294969,0.15808983863933854
smc/smc_063,smc,88.2352941176471,0.05237897895172271,0.12976470588235248
smc/smc_005,smc,39.708802117802776,0.06770231420570413,0.16254136333553967
smc/smc_054,smc,63.39144215530901,0.0305931525434324,0.07691494981510859
smc/smc_007,smc,52.770448548812645,0.09616372033930554,0.2754617414248031
smc/smc_168,smc,34.032898468519534,0.07506610063534133,0.1576857629041408
smc/smc_284,smc,99.99999999999976,0.04118239437579917,0.09999999999999763
smc/smc_253,smc,65.62397462539647,0.08588457704616154,0.20947172700426592
smc/smc_072,smc,67.87330316742066,0.0906293112804375,0.15656108597285603
smc/smc_262,smc,112.35955056179797,0.16869396120979777,0.4101123595505582
smc/smc_133,smc,66.3716814159292,0.053360789419963826,0.13207964601769945
smc/smc_127,smc,59.64511158606301,0.5599516836485181,1.231989661513988
smc/smc_058,smc,62.89308176100625,0.11765277067961433,0.17819706498951787
smc/smc_190,smc,55.55555555555564,0.13680050232517738,0.22851851851852106
smc/smc_109,smc,65.50218340611352,0.06245084340072888,0.1700873362445416
smc/smc_002,smc,65.35947712418306,0.08227547287197967,0.20052287581699257
smc/smc_179,smc,41.66666666666666,0.33284496086741866,0.4995416666666675
smc/smc_095,smc,80.86253369272188,0.06872384504071287,0.14420485175202458
smc/smc_235,smc,64.51612903225808,0.17331657432775815,0.2895698924731187
smc/smc_215,smc,57.30659025787972,0.13370081240857354,0.35243553008596173
smc/smc_178,smc,36.92307692307692,0.05806671930269007,0.12032615384615657
smc/smc_019,smc,41.98740377886644,0.09939965382051384,0.16067179846046226
smc/smc_027,smc,63.79585326953741,0.0925972929764906,0.2325358851674673
smc/smc_216,smc,62.208398133748105,0.09021239943026957,0.2164126490409554
smc/smc_272,smc,206.89655172413853,0.05792165700376821,0.0703448275862049
smc/smc_224,smc,63.35797254487838,0.055130871718845766,0.13104540654699187
smc/smc_282,smc,93.97024275646025,0.04659841254873103,0.044949099451840245
smc/smc_237,smc,64.58557588805152,0.13198323793386588,0.31754574811625136
smc/smc_225,smc,44.6428571428571,0.12424449558596387,0.2868303571428574
smc/smc_098,smc,101.69491525423732,0.8144278203043773,0.19730508474576297
smc/smc_047,smc,87.52735229759286,0.10153735195820385,0.2368344274252399
smc/smc_079,smc,193.548387096775,0.22731126863756504,0.3556774193548422
smc/smc_113,smc,45.801526717557174,0.0398379546357989,0.10984732824427625
smc/smc_288,smc,101.35135135135096,0.022826983770173646,0.05388513513513649
smc/smc_202,smc,55.658627087198546,0.0691311474701277,0.17090909090909076
smc/smc_148,smc,70.92198581560282,0.06132980165659275,0.14593380614657106
smc/smc_204,smc,98.92827699917552,0.300123546238218,0.7375103050288524
smc/smc_066,smc,47.09576138147563,0.0788488782270914,0.2018053375196209
smc/smc_158,smc,42.360914995763906,0.2877268633779348,0.6472324202202763
smc/smc_170,smc,73.52941176470598,0.05490945048047456,0.1284313725490195
smc/smc_092,smc,128.85214216686362,0.11383688971068799,0.14120047245784573
smc/smc_269,smc,54.446460980036285,0.06175178708808386,0.14343012704174374
smc/smc_166,smc,80.6451612903226,0.06491654346385171,0.1397849462365629
smc/smc_273,smc,95.70904450470569,0.04056335679776747,0.10467379167331474
smc/smc_280,smc,85.22727272727265,0.024793570289929,0.06789772727272399
smc/smc_001,smc,48.15409309791324,0.0526347475121185,0.14446227929373878
smc/smc_060,smc,70.58823529411752,0.08238688141270918,0.21082352941176868
smc/smc_069,smc,86.70520231213882,0.2274646417968186,0.2784826589595378
smc/smc_171,smc,52.631578947368396,0.04544068669117388,0.09631578947368466
smc/smc_260,smc,101.32567761546879,0.22950857380013584,0.5285822848940264
smc/smc_256,smc,67.87330316742086,0.3152930087818728,0.4481900452488684
smc/smc_086,smc,69.42837306179123,0.24493017944037945,0.4068502661420984
smc/smc_036,smc,61.53846153846156,0.09622688321729683,0.2042871794871804
simac/simac_So_Cartola_12-Divina_Dama,simac,92.7357032457497,0.02880830117775211,0.06615146831530344
simac/simac_R.A.F.I_04-Buzzing,simac,85.57900975101485,0.045558974639071444,0.016714008499421264
simac/simac_Billie_Holiday_CD1_02-Carelessly,simac,106.71504415334954,0.025365818030531777,0.06569840549938084
simac/simac_selected_ambient_works_8592_pulsewidth,simac,59.81636376324683,0.01547961276568837,0.03975515168432916
simac/simac_So_Cartola_03-Sala_de_Recepcao,simac,123.96694214876034,0.048336282881940085,0.10371900826446126
simac/simac_Ella_&_Louis_15-Billy,simac,96.0,0.03934970743964513,0.10079999999999814
simac/simac_Papakonstantinou_07-AudioTrack_07,simac,89.7228461283096,0.026175359705947254,0.06540959974638484
simac/simac_Gold_-_Greatest_Hits_19-Waterloo,simac,146.3414634146341,0.03122809630016142,0.07463414634146505
simac/simac_Bach_The_Well-Tempered_Clavier_II_(Disc_2)_16-Prelude_and_Fugue_No._20_A_minor_BWV_889_-_2._Fuga,simac,81.68822328114366,0.03581046989098264,0.08985704560925781
simac/simac_DGG_419_047-2_06-Fantasie_u._Fuge_g-moll_BWV_542_-_II_Fuge,simac,68.3371298405467,0.03243266575936965,0.091116173120729
simac/simac_Alfagamabetizado_15-A_Namorada,simac,126.89362296097805,0.035287214627474014,0.044505823359846694
simac/simac_Family_Tree_-_Greatest_Hits_As_Chosen_By_Bjork_07-Bachelorette,simac,97.1793688199995,0.03493115596673807,0.10191265194399324
simac/simac_So_Cartola_20-As_Rosas_Nao_Falam,simac,105.26325023092134,0.035210391321287046,0.09560411895098336
simac/simac_As_Time_Goes_By_01-as_time_goes_by,simac,83.33333333333326,0.04298201716463296,0.10277777777777747
simac/simac_Bela_Bartok_02-The_Miraculous_Mandarin_2_1st_Decoy_Game,simac,80.0,0.08946981175782356,0.20594266666666763
simac/simac_Beethoven_-_The_String_Quartets_#1_04-F_major_op._18_no._1_-_Allegro,simac,137.5112300837903,0.052469134082483715,0.13138556315432534
simac/simac_The_Art_of_Spanish_Guitar_04-Sojo_Guaso,simac,54.54545454545456,0.025242636237852605,0.04927272727272792
simac/simac_more_greek_Mpi8ikwtsis_-_Gwnia_gwnia,simac,62.95907660020986,0.0361252045028782,0.07121259181531965
simac/simac_R.A.F.I_10-Loot,simac,106.70005192735869,0.011931681299398806,0.029609264409842524
simac/simac_Primer_Aliento_03-El_retorno_de_Godzilla,simac,97.92872584118732,0.011175930374384534,0.021741482853087805
simac/simac_Eres_luz_12-Genios_(Rumba-Cancion),simac,105.26315789473688,0.03330712288599502,0.07614035087719358
simac/simac_Gold_-_Greatest_Hits_09-Money_Money_Money,simac,120.0,0.29464183016178924,0.060000000000000386
simac/simac_So_Cartola_06-O_Inverno_do_Meu_Tempo,simac,120.0,0.04590120424523546,0.10839999999999972
simac/simac_As_time_goes_by_disk_3_01-One,simac,126.715945089757,0.05402873703729302,0.12164730728616645
simac/simac_BACH_WTC_04-Prelude_and_Fugue_No._2_in_C_minor_BWV_871_-_2._Fuga,simac,85.46509391901597,0.04178641453088159,0.09195018524559086
simac/simac_Concert_24-4._Presto,simac,79.05357065215243,0.029655162793491306,0.07364235374101329
simac/simac_Papakonstantinou_15-AudioTrack_15,simac,89.2857142857142,0.04254802329069434,0.1104166666666668
simac/simac_As_time_goes_by_disk_3_09-All_mine,simac,96.7741935483875,0.04603549483181097,0.11774193548387281
simac/simac_Alfagamabetizado_02-Pandeiro-Deiro,simac,132.65091805489524,0.020225090737333456,0.047225053336722535
simac/simac_Niandra_LaDes_and_Usually_Just_a_T-Shirt_05-Curtains,simac,75.61436672967874,0.04148389634133447,0.0890989287964703
simac/simac_more_greek_Mitropanos_-_Brexei_sti_ftwxogeitonia,simac,70.18845013958729,0.03162624427887333,0.05564364855941152
simac/simac_Tales_Of_Mystery_And_Imagination_01-A_Dream_Within_A_Dream,simac,86.72569313703455,0.01724811423214248,0.04306783466902848
simac/simac_Gold_-_Greatest_Hits_17-The_Name_Of_The_Game,simac,152.82419105061535,0.04332535540708466,0.11760636563697127
simac/simac_The_Crackdown_10-Diskono,simac,148.30359228376386,0.052756069260345845,0.07860362280958678
simac/simac_Fight_To_Win_03-Traitors_of_Africa,simac,132.64710564015505,0.07015737162125893,0.11609495764135408
simac/simac_Samba_na_Madrugada_01-Arvoredo,simac,83.33333333333334,0.036652076071013284,0.09166666666666629
simac/simac_BACH_WTC_03-Prelude_and_Fugue_No._2_in_C_minor_BWV_871_-_1._Praeludium,simac,117.60001881600283,0.03356954527892801,0.07468443994950698
simac/simac_Niandra_LaDes_and_Usually_Just_a_T-Shirt_06-Running_Away_Into_You,simac,63.157894736842096,0.042695988748773485,0.10947368421052393
simac/simac_Ella_&_Louis_03-A_Tisket-A_Tasket,simac,87.27272727272721,0.0387410681754042,0.11389090909090842
simac/simac_A_vida_me_fez_assim_04-O_passar_dos_anos,simac,92.30769230769201,0.020393924490834776,0.052615384615385306
simac/simac_Songs_Caledonia_Blues_Band_-_Burning_Heart,simac,132.450331125828,0.056196062197349794,0.1377483443708549
simac/simac_Classic_Vivaldi_-_Stabat_Mater_01,simac,49.18032786885243,0.053397276519502136,0.13967213114754062
simac/simac_more_greek_Mpi8ikwtsis_-_Mana_mou_kai_Panagia,simac,58.91016200294548,0.05445163447921736,0.14050073637702531
simac/simac_Bach_The_Well-Tempered_Clavier_II_(Disc_1)_24-Prelude_and_Fugue_No._12_in_F_minor_BWV_881_-_2._Fuga,simac,120.0,0.03330091494026668,0.09439199999999948
simac/simac_Beethoven_-_The_String_Quartets_#1_12-D_major_op._18_no._3_-_Presto,simac,77.92207792207796,0.027096162059961095,0.06571428571428573
simac/simac_more_greek_Marinella_-_Agapi_pou_gines_dikopo_maxairi,simac,60.00000000000006,0.058702267976132205,0.15600000000000072
simac/simac_more_greek_Marinella_-_Omorfi_poli,simac,55.658627087198546,0.10707458619881113,0.26567717996289375
simac/simac_more_greek_Glykeria_-_Odos_Aristotelous,simac,90.06426085011663,0.06095153884047457,0.1078072204517921
simac/simac_Primer_Aliento_04-Varsovia_en_llamas,simac,157.37044478133373,0.02517864209674083,0.05057361527122451
simac/simac_aire_06-Arrengao,simac,162.67105878525368,0.06349378354750503,0.1550667290239024
simac/simac_more_greek_Marinella_-_Pes_pws_m_antamwses,simac,55.65862708719853,0.01741364367885503,0.024025974025974273
simac/simac_Papakonstantinou_12-AudioTrack_12,simac,56.17977528089887,0.03327524693519653,0.09363295880149883
simac/simac_more_greek_Mpi8ikwtsis_-_H_mpalanta_tou_Antrikou,simac,127.65957446808493,0.03984974092977065,0.09574468085106355
simac/simac_Amber_05-Glitch,simac,150.00037500093708,0.013745914445927761,0.0359655899139707
simac/simac_more_greek_Gkoles_-_Mortissa_ki_alanis,simac,99.99999999999976,0.05137766792229387,0.1083333333333341
simac/simac_Bernstein_conducts_Stravinsky_22-The_bear_and_the_peasant,simac,69.6864111498258,0.07450970265570842,0.1939605110336811
simac/simac_Papakonstantinou_04-AudioTrack_04,simac,63.89776357827473,0.029180081877252618,0.06251331203407957
simac/simac_more_greek_Mpellou_-_De_les_kouventa,simac,57.94302269435056,0.03572043754254456,0.09222597778850736
simac/simac_Family_Tree_-_Greatest_Hits_As_Chosen_By_Bjork_06-Unravel,simac,51.669706567736384,0.024971504782613636,0.050338350461841624
simac/simac_R.A.F.I_02-Change,simac,161.538710059554,0.03310941320900724,0.07671527186964779
simac/simac_Classic_Track_04,simac,90.90909090909089,0.08007986536106342,0.1757575757575769
simac/simac_Bernstein_conducts_Stravinsky_12-Summoning_of_the_ancestors,simac,94.8786107241293,0.09385269238787429,0.1754394065659128
simac/simac_more_greek_04_H_Stamoula,simac,110.81795657228982,0.04343390433733118,0.10039552775666839
simac/simac_more_greek_Mosxoliou_-_Ta_deilina,simac,52.63157894736842,0.04943687131128536,0.10350877192982406
simac/simac_R.A.F.I_06-Modern_Apprentice,simac,77.16868109077932,0.0270274373468482,0.06482220657412745
simac/simac_As_Time_Goes_By_11-spring_is_here,simac,70.42253521126759,0.04336903431652017,0.1145539906103302
simac/simac_Xatzidakis_02-AudioTrack_02,simac,74.81296758104742,0.12091031547280909,0.32992518703241935
simac/simac_As_time_goes_by_disk_3_08-Have_you_et_Miss_Jones,simac,96.0,0.05612540212142584,0.14399999999999977
simac/simac_Niandra_LaDes_and_Usually_Just_a_T-Shirt_15-Usually_Just_a_T-Shirt_Untitled_3,simac,136.04455005532483,0.04559043312938779,0.11826534129042997
simac/simac_As_time_goes_by_disk_2_02-Ive_got_five_dollars,simac,118.81188118811883,0.04049277670757884,0.1019801980198033
simac/simac_Gold_-_Greatest_Hits_12-Fernando,simac,101.69491525423732,0.05262502458449839,0.09694915254237521
simac/simac_more_greek_Marinella_-_Prin_to_xarama,simac,67.34006734006734,0.029423244781665983,0.08193041526374854
simac/simac_Niandra_LaDes_and_Usually_Just_a_T-Shirt_03-Head_(Beach_Arab),simac,74.95315427857587,0.04708015057901551,0.11055590256089916
simac/simac_Fado_08-AudioTrack_08,simac,62.926061877294295,0.043454723758279294,0.12396434189826856
simac/simac_greek_Gkoles_-_Atimi_tyxi,simac,110.93054084185181,0.034217400476393336,0.0872293063698162
simac/simac_Tanto_Tempo_06-Alguem,simac,65.5232137825896,0.017591744500716943,0.043636276272078035
simac/simac_Family_Tree_-_Greatest_Hits_As_Chosen_By_Bjork_05-Joga,simac,72.46376811594209,0.026471582359720847,0.05555555555555484
simac/simac_Beethoven_-_The_String_Quartets_#1_10-D_major_op._18_no._3_-_Andante_con_moto,simac,71.42857142857144,0.06251869526483825,0.14047619047619156
simac/simac_The_Art_of_Spanish_Guitar_01-Tarrega_Recuerdos_de_la_Alhambra,simac,88.2352941176471,0.13528764790617798,0.2467647058823507
simac/simac_Tales_Of_Mystery_And_Imagination_11-To_One_In_Paradise,simac,76.83678330490376,0.029735085036017496,0.06458362147127023
simac/simac_more_greek_Gkoles_-_Peristeriwtissa,simac,71.09004739336497,0.0413502913884161,0.10604265402843545
simac/simac_more_greek_Ksylouris_-_Htane_mia_fora,simac,61.91950464396286,0.03909430893332594,0.08379772961816312
simac/simac_Family_Tree_-_Greatest_Hits_As_Chosen_By_Bjork_08-All_Is_Full_Of_Love,simac,75.80064430547668,0.024774138845980995,0.04559989893247555
simac/simac_Cafe_Zimmermann_03-Concerto_pour_deux_violons_&_cordes_en_r_mineur_BWV_1043_-_Vivace,simac,107.0660945768346,0.034402718898878006,0.0924997524096557
simac/simac_As_time_goes_by_disk_2_13-Experiment,simac,120.0,0.0435675978280797,0.09520000000000184
simac/simac_more_greek_Glykeria_-_Den_les_kouventa,simac,58.622374206155335,0.04898514388708347,0.11604025403028838
simac/simac_blues_roots_wednesday_night_prayer_meeting,simac,132.49186279142663,0.048622504933864094,0.12176267174257728
simac/simac_Cafe_Zimmermann_05-Concerto_pour_deux_violons_&_cordes_en_r_mineur_BWV_1043_-_Allegro,simac,116.70154746251934,0.032940317715022704,0.07690670878295386
simac/simac_Bernstein_conducts_Stravinsky_24-Danse_of_the_coachmen_and_grooms,simac,116.22163465729153,0.05865833796413171,0.13646957414455932
simac/simac_As_time_goes_by_disk_2_08-My_romance,simac,74.99999999999993,0.03435558028606733,0.08712500000000017
simac/simac_Family_Tree_-_Greatest_Hits_As_Chosen_By_Bjork_12-It_s_Not_Up_To_You,simac,80.30870666843333,0.023207180858722178,0.03455737187080527
simac/simac_more_greek_Gkoles_-_Xatzikyriakeio,simac,106.76156583629904,0.09820131427065583,0.10319395017793648
simac/simac_Xatzidakis_09-AudioTrack_09,simac,73.61963190184045,0.035917604973746874,0.0876073619631888
simac/simac_Bach_The_Well-Tempered_Clavier_II_(Disc_1)_19-Prelude_and_Fugue_No._10_in_E_minor_BWV_879_-_1._Praeludium,simac,77.92207792207796,0.024526533839026643,0.06493506493506358
simac/simac_Amber_11-Teartear,simac,75.04258666793403,0.01247929028442974,0.024365702536188083
simac/simac_Amber_08-Further,simac,110.43683289250633,0.017338061559856534,0.02981610426709612
simac/simac_more_greek_Ksylouris_-_Pote_8a_kanei_ksasteria,simac,96.77419354838695,0.03897023747063631,0.0658322580645174
simac/simac_Bela_Bartok_05-The_Miraculous_Mandarin_5.1_Maestoso_5.2_Allegro,simac,83.86330281640939,0.05396373871311679,0.1338598085121241
simac/simac_Papakonstantinou_09-AudioTrack_09,simac,53.02695536897925,0.022928922014497123,0.05479452054794528
simac/simac_Bernstein_conducts_Stravinsky_06-Procession_of_the_wise_elder,simac,75.82444870886766,0.042658319141302393,0.10752665071404523
simac/simac_VOL.3_Musiques_pour_guitare_et_violoncelle_06-E._Granados_Intermezzo_(de_Goyescas_),simac,242.43599689681866,0.09140380776040434,0.23659975433151995
simac/simac_VOL.3_Musiques_pour_guitare_et_violoncelle_12-Cancion,simac,63.22444678609063,0.08046001592629377,0.14541622760800788
simac/simac_Albedo_0.39_01-Pulstar,simac,122.9997171006509,0.03861313867365068,0.09944363127964921
simac/simac_Samba_na_Madrugada_03-14_Anos,simac,95.31374106433688,0.026100305159030543,0.058935663224782026
simac/simac_more_greek_Ksylouris_-_Afton_ton_kosmo_ton_kalo,simac,58.31022790552579,0.01819878328301536,0.04871489116881819
simac/simac_aire_07-La_Alcoba_y_la_mosca,simac,98.36065573770502,0.025668685634878664,0.05901639344261942
simac/simac_Gold_-_Greatest_Hits_07-I_Have_A_Dream,simac,103.44827586206895,0.038838918094437,0.08448275862069336
simac/simac_Beethoven_-_The_String_Quartets_#1_01-F_major_op._18_no._1_-_Allegro_con_brio,simac,139.53488372092997,0.06084601200113152,0.144651162790695
simac/simac_more_greek_Poulopoulos_-_Kamaroula_mia_stalia,simac,60.606060606060595,0.02435066814757776,0.05627737373737423
simac/simac_VOL.3_Musiques_pour_guitare_et_violoncelle_04-4._Hommage_ade_Falla_(Allegro),simac,117.64705882352966,0.046474564419969486,0.11823529411765149
simac/simac_Eres_luz_04-Como_tu_ninguna_(Rumba),simac,100.00000000000021,0.040247328035241135,0.08400000000000037
simac/simac_Niandra_LaDes_and_Usually_Just_a_T-Shirt_01-As_Can_Be,simac,76.92307692307699,0.03535716236157312,0.08923076923076773
simac/simac_Bernstein_conducts_Stravinsky_11-Glorfication_of_the_chosen_victim,simac,62.17307325645973,0.028433567551540247,0.05798737472125553
simac/simac_Fado_04-AudioTrack_04,simac,55.813953488372036,0.0401503539016035,0.10474418604651115
simac/simac_Bach_The_Well-Tempered_Clavier_II_(Disc_2)_15-Prelude_and_Fugue_No._20_A_minor_BWV_889_-_1._Praeludium,simac,116.50485436893192,0.034396702232638895,0.07029126213592055
simac/simac_more_greek_Mpi8ikwtsis_-_Sto_perigiali_to_kryfo,simac,57.1428571428571,0.030078198176051292,0.06790476190476263
simac/simac_Xatzidakis_08-AudioTrack_08,simac,130.4347826086959,0.03402173798384605,0.06521739130435043
simac/simac_R.A.F.I_13-Real_Areas_For_Investigation,simac,52.02958749208717,0.0194432594524546,0.04167483242136939
simac/simac_Samba_na_Madrugada_11-Alo_Alo,simac,106.57193605683858,0.03679703587746458,0.09502664298401478
simac/simac_Bach_The_Well-Tempered_Clavier_II_(Disc_2)_21-Prelude_and_Fugue_No._23_B_major_BWV_892_-_1._Praeludium,simac,114.03798034935518,0.03243431922373956,0.07149040988101084
simac/simac_Bernstein_conducts_Stravinsky_08-Dance_of_the_earth,simac,82.35197232973725,0.03828541390198134,0.09869334870569996
simac/simac_more_greek_Mpellou_-_Zeimpekiko,simac,72.55139056831923,0.04080848829603337,0.10181378476420845
simac/simac_Ella_&_Louis_10-Cow_Cow_Boogie,simac,112.78195488721803,0.0488148429271573,0.12030075187969873
simac/simac_Niandra_LaDes_and_Usually_Just_a_T-Shirt_20-Usually_Just_a_T-Shirt_Untitled_8,simac,135.078548175764,0.05029981107422697,0.11758002278324862
simac/simac_more_greek_Makedonas_-_Ena_deilino,simac,68.96551724137923,0.030651100196513358,0.08484183908045981
simac/simac_A_vida_me_fez_assim_10-Sorri,simac,103.80622837370252,0.023149947282974575,0.067820069204151
simac/simac_selected_ambient_works_8592_ageispolis,simac,102.11618779847714,0.01802080084427746,0.04480960436784755
simac/simac_The_Crackdown_03-Talking_Time,simac,107.99155506039429,0.024660434747302982,0.06315886097707037
simac/simac_So_Cartola_11-O_Que_e_Feito_de_Voce_,simac,89.61911874533219,0.03928850113587846,0.10246452576549746
simac/simac_DGG_419_047-2_08-Toccata_Adagio_u._Fuge_C-dur_BWV_564_-_II_Adagio,simac,55.55555555555555,0.06907603453692183,0.13111111111111085
simac/simac_more_greek_Mpellou_-_To_teleftaio_gramma_sou,simac,69.76744186046517,0.047753790626859326,0.10930232558139372
simac/simac_Selling_England_By_The_Pound_02-I_Know_What_I_Like_In_Your_Wardrobe_,simac,84.08543079769046,0.018673365693653493,0.04174897696059211
simac/simac_more_greek_Mpi8ikwtsis_-_Mia_Kyriaki,simac,56.42274175028987,0.034537521812990184,0.10551052707304108
simac/simac_Concert_02-2._Vivace,simac,67.34006734006739,0.03576716056112176,0.08832772166105506
simac/simac_Bach_The_Well-Tempered_Clavier_II_(Disc_1)_09-Prelude_and_Fugue_No._5_in_D_major_BWV_874_-_1._Praeludium,simac,70.01166861143525,0.050266272488371164,0.1325554259043177
simac/simac_Bach_Bach_-_Cello_suite_1_G_-_03_Courante,simac,96.56121377445714,0.10711188612063587,0.23891368634503657
simac/simac_Bach_The_Well-Tempered_Clavier_II_(Disc_2)_08-Prelude_and_Fugue_No._16_G_minor_BWV_885_-_2._Fuga,simac,109.16146709373065,0.08221144773604472,0.04586328072053762
simac/simac_blues_roots_es_flat_ahs_flat_too,simac,151.41917622920812,0.04512724274479187,0.10840855922130035
simac/simac_Alfagamabetizado_12-Seo_Ze,simac,126.89362296097805,0.01930415875947182,0.04929394273291497
simac/simac_more_greek_03_Efriksen_i_gi,simac,75.47169811320755,0.035908392963440665,0.0992452830188672
simac/simac_Samba_na_Madrugada_02-Maioria_sem_Nenhum,simac,86.9565217391305,0.037290940142361,0.06362318840579642
simac/simac_Xatzidakis_12-AudioTrack_12,simac,51.47658437419702,0.02506118227865984,0.05104761283774451
simac/simac_Billie_Holiday_CD1_01-Summertime,simac,100.72750440053291,0.04227567307210466,0.10129224994187089
simac/simac_more_greek_07_Psevdoixos,simac,107.1428571428574,0.03566191875350759,0.08749999999999929
simac/simac_A_vida_me_fez_assim_01-Acalanto,simac,93.74999999999991,0.03133919660632053,0.07812500000000104
simac/simac_A_vida_me_fez_assim_12-Lavoura,simac,79.89347536617842,0.02168817344454765,0.05406125166444721
simac/simac_A_vida_me_fez_assim_05-Ja_era_(Palavra),simac,115.60693641618494,0.03372508120808094,0.08323699421965072
simac/simac_Primer_Aliento_13-Obsesion,simac,77.36849129507762,0.008846966922314743,0.021052869113790815
simac/simac_more_greek_08_Hlios,simac,116.27906976744185,0.05861228504570089,0.12790697674418508
simac/simac_Beethoven_-_The_String_Quartets_#1_07-G_major_op._18_no._2_-_Scherzo._Allegro,simac,149.99999999999986,0.06511085881238017,0.16599999999999934
simac/simac_greek_Perdika(xwris_logia),simac,44.89337822671156,0.028369835987894238,0.06285072951739608
simac/simac_The_Crackdown_02-In_the_Shadows,simac,88.6570015758783,0.02593850647173138,0.06772478798047474
simac/simac_Fado_05-AudioTrack_05,simac,96.77419354838707,0.05571650966964126,0.14516129032258038
simac/simac_VOL.3_Musiques_pour_guitare_et_violoncelle_07-H._Villa-lobos_Bachianas_Brasileiras_No.5_(Aria),simac,96.77419354838712,0.04424368069206561,0.09677419354838791
simac/simac_Xatzidakis_01-AudioTrack_01,simac,100.41841004184113,0.0527490499725841,0.1456066945606679
simac/simac_more_greek_Anagnwstopoulos_-_Hr8a_ki_apopse_sta_skalopatia_sou,simac,72.10749785780641,0.03197282924869474,0.08996131432739891
simac/simac_Cafe_Zimmermann_11-Suite_en_ut_majeur_BWV_1066_-_Bourres_I_&_II,simac,134.31983792072836,0.05110915119711087,0.10700813754351299
simac/simac_Cafe_Zimmermann_01-3e_Concert_Brandebourgeois_en_sol_majeur_BWV_1048_-_Allegro_-_Adagio,simac,106.5274707715253,0.0287440412898519,0.07851198877910393
simac/simac_Bela_Bartok_09-Music_for_Strings_Percussion_and_Celesta_I_Andante_tranquillo,simac,103.80622837370252,0.049247912128200254,0.10899653979238871
simac/simac_So_Cartola_18-Peito_Vazio,simac,104.89510489510484,0.056375634711918934,0.14755244755244734
simac/simac_Bach_The_Well-Tempered_Clavier_II_(Disc_1)_17-Prelude_and_Fugue_No._9_in_E_major_BWV_878_-_1._Praeludium,simac,108.49909584086784,0.07419503354495427,0.181916817359854
simac/simac_Concert_11-3._Dolce,simac,93.90626589559191,0.09189017050231689,0.2116030582140606
simac/simac_Clandestino_-_esperando_la_ultima_ola_02-Desaparecido,simac,96.0,0.03802690595232341,0.08524319999999933
simac/simac_Santana_01-Jingo,simac,122.44897959183623,0.03937051837450162,0.07732571428571322
simac/simac_more_greek_Ninou_-_Apopse_kaneis_mpam,simac,73.80073800738002,0.036929893931821466,0.09815498154981472
simac/simac_more_greek_Mosxoliou_-_Eipa_na_svisw_ta_palia,simac,64.51612903225805,0.04728823698273913,0.12182795698924724
simac/simac_Bach_The_Well-Tempered_Clavier_II_(Disc_1)_15-Prelude_and_Fugue_No._8_in_D-sharp_minor_BWV_877_-_1._Praeludium,simac,95.45445867776482,0.02929905639642089,0.06870811935625477
simac/simac_Gold_-_Greatest_Hits_11-Chiquitita,simac,86.95652173913047,0.05101467857867308,0.10652173913043451
simac/simac_Xatzidakis_13-AudioTrack_13,simac,60.0,0.08563422742550028,0.11230000000000073
simac/simac_Songs_Afrocuba_-_Mezquinidad,simac,96.4974637249951,0.02495036623118942,0.05729215250458911
simac/simac_Papakonstantinou_20-AudioTrack_20,simac,103.80622837370237,0.03788366284321358,0.09757785467128292
simac/simac_A_vida_me_fez_assim_03-candeeiro,simac,101.69491525423732,0.021838698426049154,0.06542372881355929
simac/simac_Tanto_Tempo_04-Sem_Contencao,simac,228.55053252274158,0.06380342104556015,0.16974600417485783
simac/simac_Papakonstantinou_06-AudioTrack_06,simac,65.64551422319477,0.04481156175751421,0.0984682713347903
simac/simac_Xatzidakis_10-AudioTrack_10,simac,65.25285481239803,0.03878507499135404,0.09505165851006031
simac/simac_Ella_&_Louis_04-Sing_Song_Swing,simac,77.02182284980745,0.03110714514282567,0.08446726572528937
simac/simac_VOL.3_Musiques_pour_guitare_et_violoncelle_11-Nana,simac,101.69491525423732,0.0635237736918897,0.13525423728813843
simac/simac_more_greek_Giannakopoulou_-_Marina,simac,95.23809523809538,0.03607874729638545,0.0923225396825396
simac/simac_Tales_Of_Mystery_And_Imagination_02-The_Raven,simac,85.34850640113794,0.0680276579666169,0.16571692745377062
simac/simac_As_Time_Goes_By_04-theres_a_small_hotel,simac,96.7741935483871,0.03561669920350248,0.07741935483871118
simac/simac_VOL.3_Musiques_pour_guitare_et_violoncelle_01-M._Baumann_Duo_pour_guitare_et_violoncelle_op.62_-_1._Prelude_(Lento_rubato),simac,68.9655172413793,0.06855867037443426,0.17770114942528895
simac/simac_Gold_-_Greatest_Hits_14-Gimme_Gimme_Gimme_(A_Man_After_Midnight),simac,120.0,0.028127886734168397,0.07020320000000047
simac/simac_Bela_Bartok_03-The_Miraculous_Mandarin_3_2nd_Decoy_Game,simac,80.94975650987824,0.06501731574864518,0.1440366000832427
simac/simac_more_greek_Ksylouris_-_Filentem,simac,61.11420360298787,0.027282525119094465,0.07771383987162084
simac/simac_Bela_Bartok_11-Music_for_Strings_Percussion_and_Celesta_III_Adagio,simac,101.69491525423732,0.06798523845776566,0.1372881355932233
simac/simac_Bach_Bach_-_BWV_639_-_Ich_ruf_zu_dir_Herr_Jesu_Christ,simac,65.21739130434783,0.1490554643506081,0.2608695652173919
simac/simac_Ludwid_van_Beethoven_10-VI._Adagio_quasi_un_poco_andante_-_attacca,simac,88.08231586024841,0.08558417300632755,0.2172697124552798
simac/simac_more_greek_Marinella_-_Koita_me_sta_matia,simac,56.49717514124297,0.031783970758012224,0.07344632768361593
simac/simac_Clandestino_-_esperando_la_ultima_ola_01-Clandestino,simac,85.18867161044925,0.039440685344518216,0.08584462438184848
simac/simac_greek_Gkoles_-_Zwi_mou_farmakw8ikes,simac,73.12614259597807,0.09125344475776197,0.10871419865935493
simac/simac_more_greek_Mpi8ikwtsis_-_Aspri_mera,simac,82.89050233716674,0.04281486358236497,0.11158650349210648
simac/simac_Bernstein_conducts_Stravinsky_25-The_masqueraders,simac,81.74386920980926,0.13732959232242142,0.29155313351498663
simac/simac_Cafe_Zimmermann_08-Suite_en_ut_majeur_BWV_1066_-_OuvertureGavottes_I_&_II,simac,115.74721579718037,0.05449907720520755,0.1258114362107445
simac/simac_Beethoven_-_The_String_Quartets_#1_08-G_major_op._18_no._2_-_Allegro_molto_quasi_Presto,simac,78.94736842105266,0.030925527592926425,0.06684210526315683
simac/simac_Classic_Track_01,simac,75.94936708860767,0.6854416398362193,1.2329113924050625
simac/simac_R.A.F.I_03-Black_White,simac,80.08392795649833,0.09976077755963378,0.02000029364106554
simac/simac_Eventail_07_Romanza_Del_Pescador,simac,70.58823529411752,0.20128505171839642,0.48235294117646993
simac/simac_Tomatito_Tomatito-04.Armonias_del_Romane,simac,116.27906976744185,0.0491408110033069,0.12015503875969218
simac/simac_Ella_&_Louis_07-Taking_A_Chance_On_Love,simac,71.42857142857142,0.032780307087045074,0.08571428571428591
simac/simac_R.A.F.I_05-Free_Satpal_Ram,simac,105.87435008589044,0.010485390210100134,0.023338235903936574
simac/simac_Niandra_LaDes_and_Usually_Just_a_T-Shirt_10-Your_Pussys_Glued_to_a_Building_on_Fire,simac,68.57142857142857,0.08168857062171667,0.1199999999999991
simac/simac_greek_To_pasoumi_-_Smyrni,simac,80.91629613746056,0.05400836219252281,0.13302369364011482
simac/simac_more_greek_Mpi8ikwtsis_-_Kokotas_-_Stou_O8wna_ta_xronia,simac,54.05405405405399,0.04265194080737754,0.11189189189189265
simac/simac_more_greek_Vamvakaris_-_Fragkosyriani,simac,76.57353835472819,0.03992439747239563,0.08923152711245523
simac/simac_The_Crackdown_09-Crackdown,simac,115.50567421624572,0.010770162304904433,0.029790838474940073
simac/simac_Bernstein_conducts_Stravinsky_20-Scene_4-_The_Shrovetie_fair_toward_evening_,simac,93.60374414976573,0.13388555367286392,0.33028954758190116
simac/simac_So_Cartola_08-Amor_Proibido,simac,143.19809069212425,0.06748340492904405,0.1861575178997601
simac/simac_Amber_06-Piezo,simac,143.66233604535884,0.033645525524895234,0.06296672301423258
simac/simac_Niandra_LaDes_and_Usually_Just_a_T-Shirt_19-Usually_Just_a_T-Shirt_Untitled_7,simac,154.83870967741964,0.052349706429825074,0.12903225806451618
simac/simac_greek_Mavili_-_Afto_t_agori,simac,62.72810815162223,0.02705820478740788,0.06986353500071556
simac/simac_Bach_The_Well-Tempered_Clavier_II_(Disc_2)_14-Prelude_and_Fugue_No._19_A_major_BWV_888_-_2._Fuga,simac,118.54849226075918,0.13492892235945925,0.19395323657141703
simac/simac_The_Crackdown_04-Animation,simac,122.81516931094558,0.02604337373539317,0.06818288816245689
simac/simac_Bach_The_Well-Tempered_Clavier_II_(Disc_1)_08-Prelude_and_Fugue_No._4_in_C-sharp_minor_BWV_873_-_2._Fuga,simac,77.16615029651115,0.024220890554033057,0.062374170946173
simac/simac_Gold_-_Greatest_Hits_03-Take_A_Chance_On_Me,simac,107.1428571428574,0.027768859461604074,0.06892857142857232
simac/simac_Xatzidakis_22-AudioTrack_22,simac,52.63157894736842,0.027242510271675704,0.06929824561403523
simac/simac_The_Crackdown_13-Moscow,simac,57.99513710775349,0.024657510726520608,0.05493367047839678
simac/simac_more_greek_Smokovitis_-_Prwino_tsigaro,simac,54.054054054054085,0.053176267667216635,0.11351351351351287
simac/simac_Concert_04-4._Bourre,simac,131.04642756517933,0.04685744508649107,0.12218310243680597
simac/simac_Fado_07-AudioTrack_07,simac,66.66666666666677,0.04770590256360475,0.10999999999999842
simac/simac_Xatzidakis_11-AudioTrack_11,simac,90.90909090909089,0.032619105969384554,0.0756969696969675
simac/simac_Bach_The_Well-Tempered_Clavier_II_(Disc_2)_23-Prelude_and_Fugue_No._24_B_minor_BWV_893_-_1._Praeludium,simac,89.12404433029971,0.05794972752945479,0.1358529690932657
simac/simac_Ella_&_Louis_02-We_Cant_Go_On_This_Way,simac,101.18043844856662,0.044102925543500836,0.1082630691399669
simac/simac_R.A.F.I_12-Culture_Move,simac,83.05084511155813,0.009710431018182622,0.022834276191122743
simac/simac_more_greek_Makedonas_-_Savvatovrado_stin_Kaisariani,simac,82.47570059671168,0.05528358700295464,0.13196112095473633
simac/simac_Samba_na_Madrugada_04-Sofreguidao,simac,88.04108584005861,0.021139038166118826,0.03873807776962673
simac/simac_Chopin_Piano_Concerto_No._1_etc_03-III_Rondo_(Vivace),simac,117.6470588235294,0.07915781535072963,0.1268627450980395
simac/simac_Tales_Of_Mystery_And_Imagination_05-_The_System_Of_Doctor_Tarr_And_Professor_Fether,simac,85.46509391901618,0.03173389744596992,0.05590898537265019
simac/simac_The_Crackdown_01-24-24,simac,104.15545548916613,0.01247832365364435,0.029104506112188264
simac/simac_Santana_03-La_Puesta_De_Sol,simac,116.78741187416544,0.04122478888737329,0.09738279409990057
simac/simac_Samba_na_Madrugada_05-Momento_de_Fraqueza,simac,98.84678747940674,0.03876279684430841,0.1008237232289942
simac/simac_more_greek_Mpi8ikwtsis_-_Eimai_aitos_xwris_ftera,simac,67.1232539563564,0.030705578254104495,0.0829900724707394
simac/simac_Papakonstantinou_10-AudioTrack_10,simac,81.52173913043471,0.041746525414162024,0.09850543478260952
simac/simac_Selling_England_By_The_Pound_01-Dancing_with_the_Moonlit_Knight,simac,80.09750536319552,0.04277280207089576,0.11242459153609738
simac/simac_Songs_Caracas_Latin_Brothers_-_El_espectaculo,simac,109.70164808442658,0.028463328827871975,0.047163298216613345
simac/simac_Samba_na_Madrugada_10-Samba_Original,simac,101.52284263959372,0.03288814545190249,0.09272419627749835
simac/simac_A_vida_me_fez_assim_15-Portela,simac,95.23809523809511,0.029368192912807678,0.068253968253967
simac/simac_Concert_13-Concero_en_Sol_Mineur_pour_flute_a_bec_violons_et_basse_continue._Allegro,simac,105.18786552783263,0.03780268341029821,0.08589395660649816
simac/simac_Alfagamabetizado_14-Zanza,simac,90.01332197165179,0.02190299879837225,0.05269724919288062
simac/simac_Primer_Aliento_01-Sintonia_del_refugio_atomico,simac,161.22098022356013,0.019820611305901778,0.04391229578676111
simac/simac_more_greek_Mpellou_-_Peftoun_tis_vroxis_oi_stales,simac,66.44518272425246,0.026988046318267657,0.07530454042082099
simac/simac_So_Cartola_13-Velho_Estacio,simac,105.91350397175631,0.039689389736492935,0.10397175639893874
simac/simac_Bach_The_Well-Tempered_Clavier_II_(Disc_2)_13-Prelude_and_Fugue_No._19_A_major_BWV_888_-_1._Praeludium,simac,98.84971877255003,0.11378645556835264,0.0820455960802794
simac/simac_more_greek_Smokovitis_-_Mi_mou_8ymwneis_matia_mou,simac,55.55555555555564,0.039469370731898414,0.09259259259259323
simac/simac_Ludwid_van_Beethoven_08-IV._Andante_ma_non_troppo_e_molto_cantabile_-_Andante_moderato_e_lusinghiero,simac,101.69491525423732,0.06874942851956257,0.19830508474575897
simac/simac_Kocani_Orkester_03._Romski_Cocek,simac,127.79253308229194,0.04130146566585908,0.08823648434222012
simac/simac_Alfagamabetizado_10-Frases_Ventias,simac,72.3650091059303,0.020925995207881593,0.05461893792288509
simac/simac_Bach_The_Well-Tempered_Clavier_II_(Disc_2)_03-Prelude_and_Fugue_No._14_F-sharp_minor_BWV_883_-_1._Praeludium,simac,80.81891108640143,0.06378429524836307,0.13024910408869692
simac/simac_Tomatito_Tomatito-02.La_voz_del_tiempo,simac,102.82776349614397,0.05076901653877995,0.13538988860325427
simac/simac_Primer_Aliento_15-El_laberinto_del_nuevo_Minotauro,simac,94.90202157122964,0.01759041919174389,0.04213491587726551
simac/simac_Niandra_LaDes_and_Usually_Just_a_T-Shirt_18-Usually_Just_a_T-Shirt_Untitled_6,simac,88.2352941176471,0.03028622262348414,0.06411764705882335
simac/simac_more_greek_Mitropanos_-_8essaloniki,simac,117.14174150722374,0.034251588314134204,0.08924795001952417
simac/simac_Gold_-_Greatest_Hits_16-One_Of_Us,simac,165.26171257958444,0.03777736342705434,0.1047233174636177
simac/simac_Papakonstantinou_18-AudioTrack_18,simac,93.60374414976599,0.04899774078912391,0.1020280811232465
simac/simac_The_Art_of_Spanish_Guitar_02-Lauro_Dos_Valses_Venezolanos_-_Uno,simac,67.95016987542476,0.04449108226322053,0.13590033975085014
simac/simac_more_greek_Mpi8ikwtsis_-_Xrysoprasino_fyllo,simac,55.045871559633035,0.041813015824987004,0.09724770642201824
simac/simac_selected_ambient_works_8592_green_calx,simac,116.50474125753277,0.055328209249038765,0.1074567888769049
simac/simac_Primer_Aliento_14-Sintonia_de_la_moda_estandarizada,simac,114.97600833959322,0.03135848096347635,0.043591812175194825
simac/simac_more_greek_Gkoles_-_Kori_paraxaidemeni,simac,89.93938085730217,0.0421039229630054,0.09877802361208557
simac/simac_Cafe_Zimmermann_09-Suite_en_ut_majeur_BWV_1066_-_Forlane,simac,92.30769230769235,0.02668300276216725,0.07692307692307686
simac/simac_Ella_&_Louis_01-Its_Only_A_Paper_Moon,simac,122.44897959183668,0.048281905961079626,0.1273469387755086
simac/simac_Papakonstantinou_19-AudioTrack_19,simac,100.00000000000006,0.0464421386220571,0.11166666666666554
simac/simac_Bach_The_Well-Tempered_Clavier_II_(Disc_2)_12-Prelude_and_Fugue_No._18_G-sharp_minor_BWV_887_-_2._Fuga,simac,65.93406593406596,0.032192530556959024,0.057142857142856725
simac/simac_Bach_Bach_-_Cello_suite_2_d_-_01_Prelude,simac,64.30868167202574,0.11720426361697937,0.25037513397641903
simac/simac_Alfagamabetizado_11-Quixabeira,simac,134.83176366688434,0.03841517005482829,0.09503998885390536
simac/simac_more_greek_Mpi8ikwtsis_-_H_kyra,simac,57.91189959234849,0.038769271036121815,0.09202847528103032
simac/simac_Samba_na_Madrugada_06-Minha_Cofissao,simac,78.84756400451006,0.03595163441951954,0.08450619084790066
simac/simac_As_time_goes_by_disk_2_11-Mountain_greenery,simac,127.65957446808541,0.07019774687331788,0.1680851063829827
simac/simac_Family_Tree_-_Greatest_Hits_As_Chosen_By_Bjork_10-I_ve_Seen_It_All,simac,75.23699653909816,0.05562681942390933,0.09996488940161427
simac/simac_Family_Tree_-_Greatest_Hits_As_Chosen_By_Bjork_02-Hyperballad,simac,135.4273409744448,0.026887018370313976,0.06080236185282937
simac/simac_Bach_The_Well-Tempered_Clavier_II_(Disc_1)_12-Prelude_and_Fugue_No._6_in_D_minor_BWV_875_-_2._Fuga,simac,66.66666666666664,0.04229469862531021,0.09999999999999881
simac/simac_Tales_Of_Mystery_And_Imagination_09-The_Fall_Of_The_House_Of_Usher_IV_Pavane,simac,82.59548037531397,0.11569781403311681,0.32526375490066556
simac/simac_more_greek_Mitsias_-_Apopse_f8inopwriase,simac,57.97101449275364,0.038273825725908296,0.08057971014492749
simac/simac_Bach_The_Well-Tempered_Clavier_II_(Disc_2)_10-Prelude_and_Fugue_No._17_A-flats_major_BWV_886_-_2._Fuga,simac,113.90516256165115,0.07285818209367273,0.09782593013057364
simac/simac_BACH_WTC_05-Prelude_and_Fugue_No._3_in_C-sharp_major_BWV_872_-_1._Praeludium,simac,81.16564691049726,0.017957013346145138,0.039064349477631564
simac/simac_Primer_Aliento_07-Telepatia,simac,124.26450943478274,0.02675883972513617,0.062063495022170366
simac/simac_selected_ambient_works_8592_hedphelym,simac,124.5764401036473,0.010100566029960135,0.01572569928908414
simac/simac_greek_01_H_mikri_Rallou,simac,74.0740740740741,0.035114544731684384,0.08703703703703805
simac/simac_more_greek_Mpellou_-_Kane_ligaki_ypomoni,simac,69.56521739130434,0.0365148319958767,0.08057971014492935
simac/simac_Papakonstantinou_14-AudioTrack_14,simac,62.72869837950864,0.03300196179185707,0.06576058546785152
simac/simac_Bach_The_Well-Tempered_Clavier_II_(Disc_1)_21-Prelude_and_Fugue_No._11_in_F_major_BWV_880_-_1._Praeludium,simac,106.58651360843287,0.025614785967012253,0.06968164384827386
simac/simac_Fado_03-AudioTrack_03,simac,52.12858384013898,0.035801415428393345,0.09122502172024223
simac/simac_Alfagamabetizado_04-Cumplicidade_de_Armario,simac,84.53573677825854,0.02808622576828841,0.06914262446830632
simac/simac_selected_ambient_works_8592_delphium,simac,118.5452131442933,0.012923251214907023,0.03486671566535705
simac/simac_Bach_The_Well-Tempered_Clavier_II_(Disc_1)_16-Prelude_and_Fugue_No._8_in_D-sharp_minor_BWV_877_-_2._Fuga,simac,87.9069358572391,0.01749901507575269,0.03767339643097904
simac/simac_Bernstein_conducts_Stravinsky_02-The_augurs_of_spring,simac,106.66666666666671,0.04837075256338428,0.1123438222222216
simac/simac_As_time_goes_by_disk_3_06-Mr._Magic,simac,82.87292817679555,0.03851792008341627,0.08770718232044258
simac/simac_Albedo_0.39_04-Main_Sequence,simac,105.26315789473679,0.06874239173000908,0.16280701754386015
simac/simac_Kocani_Orkester_Trubaci_-_Nikol,simac,110.26087723553923,0.03506222671745323,0.0929348505230066
simac/simac_The_Crackdown_07-Why_Kill_Time_When_You_Can_Kill_Yourself_,simac,74.76714706635522,0.013908401520596988,0.03609969700613567
simac/simac_As_time_goes_by_disk_3_12-My_heart_stood_still,simac,103.44827586206895,0.03641141379167873,0.08870689655172297
simac/simac_As_Time_Goes_By_03-blue_moon,simac,90.77155824508351,0.03523035741224353,0.08048411497730606
simac/simac_Gold_-_Greatest_Hits_05-Lay_All_Your_Love_On_Me,simac,133.63653979362076,0.03441793554089681,0.09232146715102645
simac/simac_Albedo_0.39_06-Alpha,simac,84.59568900368839,0.024026849476926765,0.05758597741859196
simac/simac_more_greek_Panou_Dionysiou_Tsitsanis_-_Axaristi,simac,78.74015748031492,0.04644915919874382,0.11994750656168049
simac/simac_Tanto_Tempo_07-So_Nice_Summer_Samba_,simac,56.792743401866375,0.013634283951501104,0.029761669252314667
simac/simac_more_greek_Marinella_-_Kane_ligaki_ypomoni,simac,59.820538384845456,0.04174784620225093,0.11964107676969102
simac/simac_Ella_&_Louis_13-Holiday_In_Harlem,simac,84.50704225352113,0.04909981753458325,0.10619718309859284
simac/simac_Beethoven_The_String_Quartets_-_CD_3_01-String_Quartet_No_7_Op_59_No_1_-_I_Allegro,simac,83.33333333333341,0.060949895362534895,0.13194444444444484
simac/simac_Samba_na_Madrugada_08-Mascarada,simac,75.1879699248122,0.04021490291280867,0.10325814536340892
simac/simac_The_Crackdown_06-Just_Fascination,simac,104.99992125005927,0.007292507183676267,0.014285239286073144
simac/simac_A_vida_me_fez_assim_07-A_borboleta_e_o_passarinho,simac,111.1111111111111,0.03668456763122395,0.08888888888888957
simac/simac_Papakonstantinou_13-AudioTrack_13,simac,50.761421319796945,0.04079097897365884,0.09881556683587178
simac/simac_more_greek_Kazantzidis_-_Oti_agapaw_egw_pe8ainei,simac,65.78947368421059,0.03484187720820551,0.08223684210526247
simac/simac_Xatzidakis_06-AudioTrack_06,simac,71.42857142857144,0.05215091380052812,0.1053571428571445
simac/simac_Eres_luz_07-En_una_canasta_(Rumba-Tango),simac,103.27022375215155,0.028050227711168562,0.05645438898450922
simac/simac_Songs_Afrocuba_-_Cambio_de_Clima,simac,106.05325464181847,0.040538523813305354,0.09323495126410894
simac/simac_more_greek_Mpellou_-_Anastenazw_kai_ponw,simac,59.17159763313608,0.03584598525299865,0.06587771203155858
simac/simac_Niandra_LaDes_and_Usually_Just_a_T-Shirt_07-Mascara,simac,60.862513104459865,0.027711647346576017,0.05149029471150459
simac/simac_Concert_15-3._Bourre,simac,115.38461538461549,0.05513508467745711,0.10490538461538429
simac/simac_more_greek_Mosxoliou_Gkika_-_Den_klaiw_gia_twra,simac,56.52378709373532,0.04161497044686112,0.09335845501648572
simac/simac_DGG_419_047-2_03-Praludium_u._Fuge_f-moll_BWV_534_-_I_Praludium,simac,105.26315789473679,0.04704818557000992,0.10894736842105265
simac/simac_more_greek_Mpi8ikwtsis_-_Drapetswna,simac,69.01406506646063,0.043456773136190056,0.0720311299442831
simac/simac_So_Cartola_16-Sofreguidao,simac,93.16770186335408,0.034906679061384366,0.073602484472048
simac/simac_Papakonstantinou_01-AudioTrack_01,simac,70.58823529411762,0.03750282922781314,0.08941176470588072
simac/simac_greek_Gkoles_-_S_ena_apokrimno_akrogiali,simac,74.43088286191703,0.1053768136309712,0.08015982791579708
simac/simac_Alfagamabetizado_05-Argila,simac,79.88262579516464,0.02681534165603267,0.06348991215573838
simac/simac_more_greek_NinouTsitsanis_-_Synnefiasmeni_Kyriaki,simac,63.52177420550141,0.034570462260822464,0.08575439517742721
simac/simac_Cafe_Zimmermann_14-Concerto_pour_hautbois_&_violon_en_ut_mineur_BWV_1060_-_Adagio,simac,101.69491525423727,0.04318042714710317,0.0976661016949154
simac/simac_Ella_&_Louis_08-Flying_Home,simac,109.09090909090895,0.04152903712740046,0.1127272727272735
simac/simac_DGG_419_047-2_10-Triosonate_Nr._1_Es-Dur_BWV_525_-_I_(Allegro),simac,75.70977917981068,0.036099081824278255,0.08832807570978034
simac/simac_Songs_Alejandro_(Alex_Benson)_-_Tengo_una_penita,simac,130.0884926971572,0.03826665022252521,0.09557731646952675
simac/simac_So_Cartola_02-Alvorada_Ao_Amanhecer,simac,96.0,0.028312190067960423,0.06879999999999739
simac/simac_As_Time_Goes_By_10-i_used_to_be_colourblind,simac,61.53846153846156,0.038526406887492995,0.10369230769230894
simac/simac_As_Time_Goes_By_09-this_funny_world,simac,74.0740740740741,0.043530661466217584,0.11925925925926072
simac/simac_Eres_luz_01-Eres_luz_(Rumba),simac,106.57193605683831,0.04510819222005732,0.10763765541740627
simac/simac_As_time_goes_by_disk_3_05-This_cant_be_love,simac,84.50704225352113,0.028177592597205786,0.07042253521126439
simac/simac_greek_07_Pikrodafni,simac,110.52634487535397,0.028469964536894207,0.0856579172783993
simac/simac_Niandra_LaDes_and_Usually_Just_a_T-Shirt_08-Been_Insane,simac,84.50704225352113,0.035886617106332556,0.08845070422535128
simac/simac_Alfagamabetizado_16-Vanju_Concessa,simac,107.47199011257679,0.03431271484596855,0.09994554752500906
simac/simac_Clandestino_-_esperando_la_ultima_ola_03-Bongo_bong,simac,74.7671470663552,0.02560381657720541,0.06667248188921576
simac/simac_Fado_11-AudioTrack_11,simac,84.50704225352123,0.0505356408059386,0.1211267605633818
simac/simac_blues_roots_cryin_blues,simac,69.20902162666579,0.04820022550960471,0.12542370339781803
simac/simac_A_vida_me_fez_assim_02-Viver,simac,96.77419354838707,0.027426661672220364,0.0661290322580651
simac/simac_Cafe_Zimmermann_04-Concerto_pour_deux_violons_&_cordes_en_r_mineur_BWV_1043_-_Largo_ma_non_tanto,simac,102.02762908195523,0.04477414386515146,0.1014617158326485
simac/simac_Billie_Holiday_CD1_09-Lets_call_a_heart_to_heart,simac,103.80622837370241,0.043545204776867213,0.10899653979238859
simac/simac_DGG_419_047-2_02-Toccata_u._Fuge_d-moll_BWV_565_-_II_Fuge,simac,81.08108108108105,0.04413332848787488,0.11418918918918813
simac/simac_Primer_Aliento_06-La_persecucion,simac,90.06385527338873,0.033355689501092314,0.07830451790319283
simac/simac_Eventail_14-Prld5,simac,42.70462633451957,0.21852463731925328,0.6163701067615657
simac/simac_DGG_419_047-2_04-Praludium_u._Fuge_f-moll_BWV_534_-_II_Fuge,simac,53.619302949061655,0.0588751277357046,0.14352100089365627
simac/simac_Eventail_09-Asturias,simac,112.88805268109124,0.08110851694070229,0.2222013170272814
simac/simac_Gold_-_Greatest_Hits_13-Voulez_Vous,simac,127.65957446808493,0.02753367563892179,0.06122553191489099
simac/simac_Bach_The_Well-Tempered_Clavier_II_(Disc_2)_09-Prelude_and_Fugue_No._17_A-flat_major_BWV_886_-_1._Praeludium,simac,84.21052631578948,0.14724590110761773,0.08168421052631537
simac/simac_selected_ambient_works_8592_heliosphan,simac,131.64188142576944,0.028640939004126963,0.03534211530950903
simac/simac_Gold_-_Greatest_Hits_01-Dancing_Queen,simac,101.01010101010111,0.03367650206186042,0.08047138047137917
simac/simac_So_Cartola_17-A_Mesma_Historia,simac,112.94670421517102,0.07128140106814798,0.1420259626824103
simac/simac_Cafe_Zimmermann_13-Concerto_pour_hautbois_&_violon_en_ut_mineur_BWV_1060_-_Allegro,simac,103.98613518197574,0.052063501172772114,0.1223570190641217
simac/simac_more_greek_Mpellou_-_To_minore_tis_avgis,simac,36.36363636363635,0.025171044399591284,0.04787878787878851
simac/simac_more_greek_Glykeria_-_To_agalma,simac,62.49999999999994,0.03894744403508734,0.09312500000000053
simac/simac_Fado_02-AudioTrack_02,simac,117.64705882352905,0.054393462332862734,0.11529411764705796
simac/simac_Beethoven_-_The_String_Quartets_#1_05-G_major_op._18_no._2_-_Allegro,simac,95.23809523809538,0.0490781287529739,0.1269841269841273
simac/simac_Papakonstantinou_21-AudioTrack_21,simac,66.1521499448732,0.026343873997036863,0.06394707828004587
simac/simac_Chopin_Piano_Concerto_No._1_etc_01-I_Allegro_maestoso_risoluto,simac,120.0,0.03353940132020363,0.07500000000000229
simac/simac_So_Cartola_19-Injuria_O_Sol_Nascera,simac,103.44827586206911,0.04259074272842002,0.09620689655172401
simac/simac_As_time_goes_by_disk_3_07-Lover,simac,109.0909090909093,0.037737884779357335,0.1027272727272719
simac/simac_Xatzidakis_16-AudioTrack_16,simac,98.36065573770502,0.0471891463041585,0.12803278688524483
simac/simac_greek_Mpellou_-_Nyxtwse_xwris_feggari,simac,63.799719919229545,0.03172102107160645,0.07365337399502109
simac/simac_greek_Paisa_sti_vrysi_-_Velvento,simac,107.68242299809403,0.04659629867895828,0.09386999860012912
simac/simac_Primer_Aliento_16-Kraken,simac,96.87575684185028,0.08637570083294,0.031720513441511604
simac/simac_Primer_Aliento_09-Brigada_de_demolicion,simac,82.65544389417347,0.006648901104605568,0.015596531226538118
simac/simac_greek_Asteriadi_-_Mia_giorti,simac,69.364161849711,0.04906349176552283,0.10705202312138669
simac/simac_more_greek_Mpi8ikwtsis_-_Sta_xeria_sou_megalwsan,simac,61.85567010309274,0.03402275682605796,0.08556701030927791
simac/simac_Kocani_Orkester_Kocani_Orkestar_-_Burkan_Cocek,simac,93.75000000000011,0.04724888216513132,0.12203125000000092
simac/simac_more_greek_Ntalaras_-_Ta_matoklada_sou_lampoun,simac,69.364161849711,0.033263447490725004,0.0922543352601165
simac/simac_Concert_12-4._Allegro,simac,121.18176456806788,0.06007354069914866,0.15761627390310526
simac/simac_Alfagamabetizado_09-Comunidade-Lobos,simac,78.00382998805264,0.01628196819531181,0.04398271955153163
simac/simac_Classic_Pergolesi_-_Stabat_Mater_01,simac,45.11278195488722,0.13991321601611892,0.15473684210526314
simac/simac_Fight_To_Win_02-Walk_on_the_right_side,simac,80.0,0.0225866078711666,0.06007573333333275
simac/simac_Bernstein_conducts_Stravinsky_05-Games_of_the_rival_tribes,simac,79.24683805116196,0.040373875957563005,0.09417852727676126
simac/simac_A_vida_me_fez_assim_09-Um_calo_de_estimacao,simac,93.75000000000024,0.02618378637328943,0.056093750000000386
simac/simac_Gold_-_Greatest_Hits_02-Knowing_Me_Knowing_You,simac,105.37629876288192,0.03193257149258691,0.06939503466880337
simac/simac_blues_roots_my_jelly_roll_soul,simac,62.048788962761385,0.03968734917891227,0.11225970313791005
simac/simac_Ludwid_van_Beethoven_05-Quartet_in_C-sharp_major_Op._131_I._Adagio_ma_non_troppo_e_molto_espressivo_-_attacca,simac,71.42857142857144,0.06177358749315424,0.12857142857142936
simac/simac_Bernstein_conducts_Stravinsky_10-Mystical_circles_of_the_young_girls,simac,50.42016806722691,0.06829786566907331,0.17815126050420116
simac/simac_more_greek_Mpi8ikwtsis_-_Matia_vourkwmena,simac,61.791967044284235,0.04413647565638835,0.08352214212152506
simac/simac_R.A.F.I_07-Operation_Eagle_Lie,simac,82.25572619810609,0.03628210231899934,0.09612335617072179
simac/simac_Primer_Aliento_11-La_television_es_nutritiva,simac,88.98215537025847,0.008651870201783141,0.014814490744001192
simac/simac_Clandestino_-_esperando_la_ultima_ola_06-Lagrimas_de_oro,simac,96.20595771427466,0.08540706162703866,0.06006987759394932
simac/simac_selected_ambient_works_8592_xtal,simac,114.09642288698177,0.03385968889760255,0.08933483687063722
simac/simac_more_greek_Ksylouris_-_Xilia_myria_kymata,simac,53.16453004327593,0.03123886278740498,0.06385627146517958
simac/simac_Niandra_LaDes_and_Usually_Just_a_T-Shirt_14-Usually_Just_a_T-Shirt_Untitled_2,simac,82.24811514736123,0.0558921078046888,0.14873200822481314
simac/simac_Bernstein_conducts_Stravinsky_17-Scene_2-_Petrushka_s_room,simac,83.7607458056806,0.06569718682355909,0.1399499669145051
simac/simac_Gold_-_Greatest_Hits_10-S._O._S,simac,122.4489795918369,0.035769703202950136,0.06734693877551387
simac/simac_Concert_19-3._Largo_e_staccato,simac,99.1040989455324,0.03940455889367433,0.10567602209360916
simac/simac_Gold_-_Greatest_Hits_15-Does_Your_Mother_Know,simac,136.36363636363623,0.02214835912090781,0.04963000000000172
simac/simac_Niandra_LaDes_and_Usually_Just_a_T-Shirt_21-Usually_Just_a_T-Shirt_Untitled_9,simac,81.08108108108105,0.03755358653591401,0.08040540540540583
simac/simac_Xatzidakis_05-AudioTrack_05,simac,66.225165562914,0.053109347678989234,0.13245033112583104
simac/simac_more_greek_Mosxoliou_-_Koimisou_palikari,simac,45.696877380045706,0.033978344696373675,0.07646610814927635
simac/simac_Bach_Bach_-_Cello_suite_1_G_-_01_Prelude,simac,106.19469026548674,0.06910808406070267,0.1260176991150457
simac/simac_As_time_goes_by_disk_3_11-You_swell,simac,130.4347826086954,0.029254303686191085,0.04891304347826143
simac/simac_Samba_na_Madrugada_07-Perfeito_Amor,simac,76.92307692307685,0.03420638767685774,0.08858974358974243
simac/simac_Tomatito_Tomatito-01.Barrio_negro,simac,120.23180692374892,0.05407724082470631,0.14160060596830726
simac/simac_Papakonstantinou_16-AudioTrack_16,simac,89.55223880597016,0.046748179249732257,0.13373134328358197
simac/simac_Bach_The_Well-Tempered_Clavier_II_(Disc_2)_04-Prelude_and_Fugue_No._14_F-sharp_minor_BWV_883_-_2._Fuga,simac,102.24504558850973,0.03727826336890443,0.08984391441748625
simac/simac_Ludwid_van_Beethoven_02-II._Adagio_ma_non_troppo_e_molto_cantabile_-_Andante_con_moto_-_Adagio_molto_espressivo,simac,90.45217039982889,0.04999123026173153,0.1266327370525272
simac/simac_Alfagamabetizado_08-O_Bode,simac,105.6942792971331,0.03260523993003458,0.08622768309331963
simac/simac_Papakonstantinou_03-AudioTrack_03,simac,64.51612903225805,0.04293310211304694,0.09569892473118227
simac/simac_Fado_09-AudioTrack_09,simac,52.863436123348066,0.032172091050700846,0.07929515418502159
simac/simac_selected_ambient_works_8592_we_are_the_music_makers,simac,102.57111597374177,0.035492000923345514,0.07701518052516343
simac/simac_more_greek_Mpellou_-_Antilaloune_ta_vouna,simac,65.1465798045603,0.026556259999294254,0.06840390879479091
simac/simac_Bach_The_Well-Tempered_Clavier_II_(Disc_2)_22-Prelude_and_Fugue_No._23_B_major_BWV_892_-_2._Fuga,simac,113.28791746597584,0.03271225299856349,0.07732844433031685
simac/simac_Bach_The_Well-Tempered_Clavier_II_(Disc_1)_22-Prelude_and_Fugue_No._11_in_F_major_BWV_880_-_2._Fuga,simac,66.66666666666664,0.02549188017222777,0.06666666666666621
simac/simac_more_greek_Gkoles_-_Rimakse_to_spitiko_mas,simac,72.59260245084728,0.02457460511645724,0.05793893873244809
simac/simac_Family_Tree_-_Greatest_Hits_As_Chosen_By_Bjork_03-You_ve_Been_Flirting_Again,simac,106.57193605683834,0.06821776863672711,0.19220444049733526
simac/simac_Songs_Alejandro_(Alex_Benson)_-_Golondrina,simac,90.06439604317083,0.015580476293172982,0.034086671970459295
simac/simac_Alfagamabetizado_07-Bog_La_Bag,simac,112.61800255079777,0.03040049958805493,0.08122854978982696
simac/simac_Fado_01-AudioTrack_01,simac,101.26582278481024,0.06023865035870991,0.15172995780590598
simac/simac_Songs_Adalberto_(Adalberto_Alvarez_y_su_son)_-_Sobre_tu_piel,simac,84.4826493758844,0.023904267426417672,0.04830577086897409
simac/simac_more_greek_Ksylouris_-_Erwtiko_tragoudi_(Palikarou_palikarou),simac,62.76150627615061,0.032846159846837204,0.07196652719665338
simac/simac_Primer_Aliento_19-El_nacimiento_de_la_industria,simac,149.79926897956747,0.036404535886275256,0.08314159026903906
simac/simac_Bach_The_Well-Tempered_Clavier_II_(Disc_1)_14-Prelude_and_Fugue_No._7_in_E-flat_major_BWV_876_-_2._Fuga,simac,89.48545861297538,0.034492505985635045,0.08948545861297447
simac/simac_Gold_-_Greatest_Hits_04-Mamma_Mia,simac,136.61730986855136,0.0275260560389454,0.05576422584663068
simac/simac_R.A.F.I_09-Naxalite,simac,83.2913406157729,0.025113394789872418,0.05692463383044413
simac/simac_As_time_goes_by_disk_2_06-You_took_advantage_on_me,simac,120.0,0.0406055284650252,0.10180000000000089
simac/simac_Bach_The_Well-Tempered_Clavier_II_(Disc_2)_20-Prelude_and_Fugue_No._22_B-flat_minor_BWV_891_-_2._Fuga,simac,96.35752496061386,0.030296892281182042,0.06849895853575096
simac/simac_R.A.F.I_01-Assassin,simac,78.29228860103424,0.01728251377489994,0.042608490276750406
simac/simac_Primer_Aliento_10-Ondina,simac,75.94806924185475,0.018348090993573696,0.03941540239502472
simac/simac_Bernstein_conducts_Stravinsky_23-The_jovial_merchant_with_two_gypsy_girls,simac,77.3342372846403,0.17147025320943418,0.3878621336773856
simac/simac_Alfagamabetizado_03-Covered_Saints,simac,79.03024619238866,0.02083605649732427,0.05192287174839922
simac/simac_Gold_-_Greatest_Hits_08-The_Winner_Takes_It_All,simac,122.19959266802475,0.045016808949817105,0.10509164969450814
simac/simac_more_greek_Mpi8ikwtsis_-_Brexei_sti_ftwxogeitonia,simac,72.46376811594205,0.03846837503009195,0.08260869565217274
simac/simac_The_Crackdown_08-Haiti,simac,84.81896099600067,0.005778044855502428,0.01495754104177387
simac/simac_Bach_The_Well-Tempered_Clavier_II_(Disc_1)_20-Prelude_and_Fugue_No._10_in_E_minor_BWV_879_-_2._Fuga,simac,69.70130666716234,0.01875693680358103,0.045518902994367734
simac/simac_Beethoven_The_String_Quartets_-_CD_3_02-II_Allegretto_vivace_e_sempre_scherzando,simac,173.4886249291589,0.08548017354318034,0.23592024149616567
simac/simac_aire_01-Aire,simac,71.34363852556476,0.031910951220503664,0.07931034482758573
simac/simac_Bach_The_Well-Tempered_Clavier_II_(Disc_2)_07-Prelude_and_Fugue_No._16_G_minor_BWV_885_-_1._Praeludium,simac,57.41626794258374,0.05251439586297456,0.12344497607655461
simac/simac_As_Time_Goes_By_02-manhattan,simac,92.30769230769245,0.035404036140025644,0.08000000000000036
simac/simac_Tales_Of_Mystery_And_Imagination_07-The_Fall_Of_The_House_Of_Usher_II_Arrival,simac,75.77326618138099,0.034597292585336135,0.06311256371268796
simac/simac_A_vida_me_fez_assim_13-Ana_agua_do_rio_A_vida_me_fez_assim,simac,98.36065573770486,0.026600585585344366,0.07868852459016323
simac/simac_Ella_&_Louis_09-Oh_Lady_Be_Good,simac,132.15859030836998,0.047214117535556065,0.13612334801762163
simac/simac_more_greek_Mpellou_-_Prin_to_xarama_monaxos,simac,64.44683136412462,0.054264007196936186,0.10719656283566194
simac/simac_Bach_The_Well-Tempered_Clavier_II_(Disc_1)_10-Prelude_and_Fugue_No._5_in_D_major_BWV_874_-_2._Fuga,simac,76.4694561874623,0.018086836364188265,0.04601167178799603
simac/simac_Tanto_Tempo_01-Samba_da_Bencao,simac,81.06059684917453,0.047838268122664514,0.12839255485437967
simac/simac_Xatzidakis_19-AudioTrack_19,simac,56.9259962049336,0.025673377563327562,0.06451612903225855
simac/simac_Tomatito_Tomatito-05.A_mi_tao_El_Nino_Miguel,simac,133.89972918779776,0.04231344311077074,0.07627531123318355
simac/simac_Fado_10-AudioTrack_10,simac,92.30769230769238,0.049266483402650225,0.0969230769230764
simac/simac_aire_04-La_Vida_Sale,simac,99.99999999999999,0.029393306696544715,0.08166666666666654
simac/simac_Songs_Afrocuba_-_A_Luisa,simac,108.30324909747287,0.04639768629795461,0.11191335740072167
simac/simac_Bela_Bartok_06-The_Miraculous_Mandarin_6.1_Sempre_vivo_6.2_Adagio,simac,71.98206207013212,0.05228570979874259,0.11217876505174905
simac/simac_Songs_Alfredo_-_Ahora_somos_felices,simac,78.26910483624815,0.017870320023129632,0.044252047389333714
simac/simac_Niandra_LaDes_and_Usually_Just_a_T-Shirt_04-Big_Takeover,simac,139.53488372093025,0.04837167740363308,0.12372093023255318
simac/simac_Bernstein_conducts_Stravinsky_16-Legerdemain_scene-_Russian_danse,simac,100.4189982702827,0.4220072304471167,1.3161929818835738
simac/simac_more_greek_Mpi8ikwtsis_-_Paei_o_kairos,simac,67.34006734006734,0.04315464306038816,0.08754208754208687
simac/simac_Xatzidakis_17-AudioTrack_17,simac,62.8601361969618,0.02575503908111712,0.06893661602933428
simac/simac_Bernstein_conducts_Stravinsky_19-Waltz_ballerina_and_the_moor,simac,23.196379972941422,0.04823715305877953,0.09179986704608195
simac/simac_Bach_The_Well-Tempered_Clavier_II_(Disc_2)_01-Prelude_and_Fugue_No._13_F-sharp_major_BWV_882_-_1._Praeludium,simac,107.62331838565034,0.03142299924379452,0.07838565022421565
simac/simac_Ludwid_van_Beethoven_04-IV._Finale,simac,105.26315789473688,0.06559800841892319,0.0687719298245636
simac/simac_more_greek_Mpellou_-_O_kosmos_einai_san_mpakses,simac,61.79196704428425,0.02923099247715372,0.07621009268795122
simac/simac_Clandestino_-_esperando_la_ultima_ola_04-Je_ne_t_aime_plus,simac,74.71198529668132,0.0266390471446253,0.05753594891692552
simac/simac_Niandra_LaDes_and_Usually_Just_a_T-Shirt_09-Skin_Blues,simac,97.87928221859707,0.035234002086721686,0.09787928221859787
simac/simac_Clandestino_-_esperando_la_ultima_ola_05-Mentira,simac,75.77317048837074,0.02099293996081683,0.050573287179052046
simac/simac_Papakonstantinou_02-AudioTrack_02,simac,60.728744939271174,0.029286027452594388,0.07753036437246887
simac/simac_more_greek_Gkoles_-_O_8ermastis,simac,60.0,0.16487814233627027,0.08200000000000085
simac/simac_Niandra_LaDes_and_Usually_Just_a_T-Shirt_12-Ten_to_Butter_Blood_Voodoo,simac,88.88888888888903,0.06365559450786867,0.1300740740740736
simac/simac_Classic_Borodin_-_String_quartet_2_D_01,simac,75.1408891671885,0.07347310635483909,0.2097683155917337
simac/simac_Amber_04-Slip,simac,70.33074203621547,0.01657901386734812,0.03355819634467911
simac/simac_Amber_03-Silverside,simac,100.10494334894413,0.04357420735483304,0.10908101993590148
simac/simac_more_greek_08_Kapoios_peftei...,simac,135.2207140104435,0.023238811125353327,0.054957304059552195
simac/simac_blues_roots_tensions,simac,112.47940220947035,0.04031361338948187,0.11290307462445956
simac/simac_The_Art_of_Spanish_Guitar_05-Sojo_Cancion,simac,66.88963210702346,0.1277641217296895,0.3121516164994421
simac/simac_Alfagamabetizado_13-Mares_de_Ti,simac,74.96027105634018,0.022348721435165822,0.05567036970405866
simac/simac_A_vida_me_fez_assim_11-Quantas_lagrimas,simac,100.0,0.019149064691803195,0.04202600000000112
simac/simac_Tales_Of_Mystery_And_Imagination_03-The_Tell-tale_Heart,simac,62.959109632271534,0.023830848517881597,0.0476908959553498
simac/simac_Beethoven_The_String_Quartets_-_CD_3_04-IV_Theme_russe-_Allegro,simac,125.79539379199736,0.0419968766723512,0.11170001991760316
simac/simac_Concert_22-2._Allegro,simac,136.4197544899152,0.03891781285162917,0.11198993222211487
simac/simac_more_greek_Mpellou_-_Xwrisame_ena_deilino,simac,75.96138629529992,0.038384967783197145,0.08684918499762469
simac/simac_VOL.3_Musiques_pour_guitare_et_violoncelle_09-M._de_Falla_7_chansons_populaires_espagnoles_(extraits)_-_El_pano_moruno,simac,100.00000000000006,0.14098577400979104,0.273666666666665
simac/simac_Tanto_Tempo_09-Bananeira,simac,102.00958890135712,0.035653954176252015,0.08231051718861594
simac/simac_A_vida_me_fez_assim_14-Embala_eu_Samba_de_roda,simac,98.36065573770486,0.02961346421651915,0.08196721311475813
simac/simac_Kocani_Orkester_Trubaci_-_Solo_tapan,simac,91.74311926605456,0.051144848269965404,0.09694189602446501
simac/simac_Ella_&_Louis_12-Lover_Come_Back_To_Me,simac,142.6872770511291,0.046624606840274065,0.13198573127229202
simac/simac_So_Cartola_01-Quem_me_Ve_Sorrindo_Sei_Chorar_Alegria,simac,97.00889248181082,0.05744751152933751,0.11204527081649172
simac/simac_Primer_Aliento_05-Programa_en_espiral,simac,185.00645980888828,0.043967298586260244,0.11408731688214753
simac/simac_more_greek_Gkoles_-_Keravnoi_ki_astropelekia,simac,72.55139056831923,0.1122236015547138,0.0461910519951642
simac/simac_Eventail_10-Prld1,simac,81.08108108108105,0.28294571061857215,0.6751351351351356
simac/simac_Xatzidakis_15-AudioTrack_15,simac,106.5719360568385,0.06236338314163873,0.15452930728241518
simac/simac_Concert_18-2._Allegro,simac,123.31723358339327,0.046039476115389194,0.09367958072140604
simac/simac_DGG_419_047-2_12-Triosonate_Nr._1_Es-Dur_BWV_525_-_III_Allegro,simac,90.6344410876133,0.03701542453491973,0.0829305135951666
simac/simac_Tanto_Tempo_02-August_Day_Song,simac,103.80622837370252,0.1320924822134619,0.13747993079584667
simac/simac_more_greek_Mpellou_-_Liga_psixoula_agapis_sou_gyrevw,simac,41.97271773347323,0.04011660220765892,0.09681706890521179
simac/simac_Concert_16-4._Menuet,simac,124.03434097453791,0.08252593998293567,0.21194119945342102
simac/simac_Beethoven_The_String_Quartets_-_CD_3_08-IV_Finale-_Presto,simac,161.50827191532704,0.07919508573596444,0.18712079203657359
simac/simac_selected_ambient_works_8592_schottkey_7th_path,simac,134.972954794183,0.024725617998915234,0.06467926489229828
simac/simac_more_greek_Mosxoliou_Gkika_-_Pira_ap_to_xeri_sou_nero,simac,88.0825098230349,0.03018417455933773,0.06755767018825413
simac/simac_Family_Tree_-_Greatest_Hits_As_Chosen_By_Bjork_09-Scatterheart,simac,99.0820870320539,0.03654658723968546,0.08469008361702612
simac/simac_more_greek_Gkoles_-_Filenaditsa_mou,simac,96.71039588400521,0.027892313594218857,0.05263302111993694
simac/simac_Bernstein_conducts_Stravinsky_14-Sacrifical_dance-_the_chosen_victim,simac,127.79348572706489,0.041519051922026505,0.104485870832733
simac/simac_more_greek_Giannakopoulou_-_O_kipos_empaine_sti_8alassa,simac,51.05496577615461,0.033916507876009666,0.07242317078566791
simac/simac_Tanto_Tempo_08-Lonely,simac,87.47031476192771,0.026469375645745283,0.0645355982313504
simac/simac_Bach_The_Well-Tempered_Clavier_II_(Disc_1)_18-Prelude_and_Fugue_No._9_in_E_major_BWV_878_-_2._Fuga,simac,102.1897561582103,0.03240435781406941,0.07152397286521539
simac/simac_R.A.F.I_11-Dub_Mentality,simac,87.04773262418456,0.009485768507448903,0.019407291988564324
simac/simac_As_Time_Goes_By_06-therell_be_some_changes_made,simac,105.26315789473688,0.04011103758099629,0.08614035087719735
simac/simac_Concert_01-Concerto_en_La_Majeur_pour_deux_Violons_A_Scordatura_et_basse_continue._Affetuoso,simac,79.4264352356847,0.1043236534822318,0.207634468954855
simac/simac_Concert_08-4._Allegro,simac,120.18075185078365,0.037108715525417446,0.09737925840464043
simac/simac_Songs_Pastora_-_Lola,simac,117.34174021712141,0.024324240265961007,0.07183974247399424
simac/simac_BACH_WTC_06-Prelude_and_Fugue_No._3_in_C-sharp_major_BWV_872_-_2._Fuga,simac,84.08543079769048,0.03489020501380713,0.08919109815572503
simac/simac_Niandra_LaDes_and_Usually_Just_a_T-Shirt_16-Usually_Just_a_T-Shirt_Untitled_4,simac,121.99858074984395,0.05244669127761143,0.11139365078719689
simac/simac_Cafe_Zimmermann_10-Suite_en_ut_majeur_BWV_1066_-_Menuets_I_&_II,simac,158.09047781529523,0.0561520879327407,0.12985024879488907
simac/simac_more_greek_Mosxoliou_-_Xwrismos,simac,93.14109012331879,0.02712081628662769,0.0571159792854234
simac/simac_BACH_WTC_01-Prelude_and_Fugue_No._1_in_C_major_BWV_870_-_1._Praeludium,simac,95.63383716426544,0.02928333115134076,0.058553410701106694
simac/simac_As_time_goes_by_disk_3_10-Bridges,simac,85.34850640113805,0.04066115640127808,0.10981507823613103
simac/simac_more_greek_Gkoles_-_Ksaveriwtissa,simac,97.49090897273832,0.03278774111767434,0.07580405627175277
simac/simac_Cafe_Zimmermann_15-Concerto_pour_hautbois_&_violon_en_ut_mineur_BWV_1060_-_Allegro,simac,122.64997536779642,0.03081304783275263,0.07733898613441875
simac/simac_Bernstein_conducts_Stravinsky_01-Introduction_Part_1-_The_adoration_of_the_earth_,simac,53.37437229514245,0.1541398979889918,0.32138577661935636
simac/simac_Ella_&_Louis_14-Coochi_Coochi_Coo,simac,109.78956999085123,0.0340448274736046,0.09972552607502481
simac/simac_Samba_na_Madrugada_09-Depois_de_Tanto_Amor,simac,78.94736842105266,0.032840145006917204,0.06842105263157931
simac/simac_Primer_Aliento_02-Nuclear_si_por_supuesto_,simac,77.57320001086029,0.014603149043022989,0.02974854647216562
simac/simac_Billie_Holiday_CD1_06-Who_loves_you,simac,84.4841363433154,0.0312873019331004,0.08419618624527875
simac/simac_Ella_&_Louis_11-Oh_Johnny,simac,96.0,0.04409671920807247,0.1247999999999962
simac/simac_Songs_Caracas_Latin_Brothers_-_Los_hombres_tambien_lo_mueven,simac,131.19801278743302,0.022332471148786205,0.05711749219372144
simac/simac_more_greek_Mpellou_-_Ksimerwnei_kai_vradiazei,simac,99.19158855329066,0.027845037909899638,0.07548975846847986
simac/simac_Amber_10-Nil,simac,100.36734448079973,0.013563539782136229,0.03125087821426444
simac/simac_Songs_Adalberto_(Adalberto_Alvarez_y_su_son)_-_Pura_imagen,simac,87.20930232558132,0.039768816019909996,0.09885436046511951
simac/simac_Bach_The_Well-Tempered_Clavier_II_(Disc_2)_02-Prelude_and_Fugue_No._13_F-sharp_major_BWV_882_-_2._Fuga,simac,100.68490909411274,0.03254116097082405,0.08004450272982087
simac/simac_Bach_The_Well-Tempered_Clavier_II_(Disc_2)_05-Prelude_and_Fugue_No._15_G_major_BWV_884_-_1._Praeludium,simac,82.29662446678647,0.05141282713432144,0.15736184454167754
simac/simac_Papakonstantinou_05-AudioTrack_05,simac,100.50133415521094,0.02496382748275849,0.07383766019493883
simac/simac_Ella_&_Louis_16-If_You_Ever_Change_Your_Mind,simac,106.57193605683842,0.056778447770249534,0.15808170515097733
simac/simac_Primer_Aliento_17-Selector_de_frecuencias,simac,79.48241054254687,0.00738340116087351,0.014926266817154
simac/simac_As_time_goes_by_disk_2_04-Life_is_beautiful,simac,95.23809523809538,0.02605079144549731,0.0476190476190495
simac/simac_Beethoven_-_The_String_Quartets_#1_03-F_major_op._18_no._1_-_Scherzo._Allegro_molto,simac,107.1428571428574,0.05194070542132187,0.1071428571428561
simac/simac_Ella_&_Louis_17-Three_Little_Words,simac,87.08272859216258,0.03409630189593423,0.07518142235123379
simac/simac_Santana_02-El_Corazon_Manada,simac,118.76131943825891,0.02980585241754682,0.07513494254921055
simac/simac_more_greek_Mpi8ikwtsis_Xiwtis_-_Myrtia,simac,89.28571428571438,0.036785609859022565,0.09687500000000017
simac/simac_greek_Gkoles_-_Mou_fages_ta_daxtylidia,simac,87.02052596656239,0.040847166748826914,0.07650177485614695
simac/simac_Bach_The_Well-Tempered_Clavier_II_(Disc_2)_19-Prelude_and_Fugue_No._22_B-flat_minor_BWV_891_-_1._Praeludium,simac,103.55665325608014,0.03187785855358767,0.08157330171403689
simac/simac_Bernstein_conducts_Stravinsky_04-Spring_round_dances,simac,59.093098221593195,0.03986532918452083,0.10096272505852781
simac/simac_Amber_02-Montreal,simac,120.0,0.02928430500032049,0.03926840000000076
simac/simac_more_greek_Gkoles_-_H_tsigkouna,simac,99.71514706322297,0.04483040400833671,0.10256035259276061
simac/simac_Classic_Pergolesi_-_Stabat_Mater_02,simac,37.974683544303794,0.055341141822966775,0.1379746835443035
simac/simac_more_greek_Mpellou_-_Min_klais,simac,37.499999999999964,0.058585711677051774,0.1418749999999995
simac/simac_Bernstein_conducts_Stravinsky_15-Petrouchka_scene_1_-_The_shrovetide_fair,simac,73.84788075044233,0.02516307728775805,0.06639170639067217
simac/simac_Primer_Aliento_08-El_ultimo_asalto_a_la_Bastilla,simac,87.91079984176048,0.020803399365690773,0.038923239219938004
simac/simac_Tomatito_Tomatito-06.Caminillo_viejo,simac,93.19823731067167,0.028816212821081356,0.053704862928693184
simac/simac_Bela_Bartok_01-The_Miraculous_Mandarin_1.1_Allegro_1.2_Curtain,simac,101.18043844856662,0.042405799766822544,0.11654097807757424
simac/simac_Billie_Holiday_CD1_14-Loverman,simac,65.77184077295068,0.04242543350337911,0.09668361935862624
simac/simac_selected_ambient_works_8592_actium,simac,126.50888197775588,0.03841002539077024,0.08493384639713103
simac/simac_more_greek_Mpellou_-_Kapoio_vrady_t_oneiro_mou,simac,55.60704355885085,0.04047598993081591,0.08192771084337279
simac/simac_So_Cartola_07-Tive_Sim,simac,101.694915254237,0.036992261929670235,0.08711864406779392
simac/simac_more_greek_Mpellou_-_Kardia_paraponiara,simac,64.47370117728978,0.022141814845952245,0.050877272160685924
simac/simac_A_vida_me_fez_assim_08-Pedro_e_Tereza,simac,98.36065573770472,0.020236218658962187,0.05204262295081802
simac/simac_Bela_Bartok_07-The_Miraculous_Mandarin_7.1_Agitato_7.2_Molto_moderato,simac,47.907251560977954,0.0615360163237208,0.14467989971415363
simac/simac_As_time_goes_by_disk_2_14-Isntit_romantic,simac,84.50704225352113,0.03631440026205028,0.09577464788732341
simac/simac_Concert_06-2._Allegro,simac,123.85332463607762,0.07698854567306915,0.11436657281337186
simac/simac_Primer_Aliento_18-La_cicatriz_en_la_fabrica_roja,simac,119.30540393827157,0.03837301610824145,0.08535585819360182
simac/simac_So_Cartola_14-Ciume_Doentio,simac,96.0,0.04147209024608806,0.11359999999999815
simac/simac_As_time_goes_by_disk_3_13-The_most_beautiful_girl_in_the_world,simac,140.62489013680454,0.08157023906731291,0.07734251770116184
simac/simac_Tales_Of_Mystery_And_Imagination_04-The_Cask_Of_Amontillado,simac,38.845913798327544,0.03320311021126394,0.07696864616810975
simac/simac_So_Cartola_05-Fiz_por_Voce_o_que_Pude,simac,141.47990336922604,0.04372224561482715,0.09125571667234364
simac/simac_blues_roots_moanin,simac,111.18193812354593,0.04258754710504036,0.10962242613813372
simac/simac_Family_Tree_-_Greatest_Hits_As_Chosen_By_Bjork_01-Venus_As_A_Boy,simac,68.21169955702182,0.009527341290948123,0.026761268714875643
simac/simac_Family_Tree_-_Greatest_Hits_As_Chosen_By_Bjork_11-Pagan_Poetry,simac,65.79921369939628,0.03050774865225627,0.06674452906954449
simac/simac_Bernstein_conducts_Stravinsky_21-Danse_of_the_nursemaids,simac,59.07139762926786,0.11233003207891275,0.06580218957980542
simac/simac_Bach_The_Well-Tempered_Clavier_II_(Disc_1)_11-Prelude_and_Fugue_No._6_in_D_minor_BWV_875_-_1._Praeludium,simac,99.62416782687292,0.03297441045246954,0.078988017703214
simac/simac_selected_ambient_works_8592_ptolemy,simac,117.40028802204006,0.015779437116868262,0.036888344499402814
simac/simac_Songs_Alfredo_-_La_rumba_de_Alfredo,simac,110.09174311926643,0.033876381650411666,0.07339449541284476
simac/simac_Tanto_Tempo_10-Samba_e_Amor,simac,56.60494840458948,0.03645389431047912,0.0831929530612892
simac/simac_Primer_Aliento_12-Cita_en_el_asteroide_Eden,simac,117.48246818917424,0.023720016772982522,0.07029015232581175
simac/simac_VOL.3_Musiques_pour_guitare_et_violoncelle_03-3._Berceuse_(Lento_molto),simac,75.00000000000001,0.06622101574693512,0.1462499999999992
simac/simac_As_time_goes_by_disk_2_01-The_lady_is_a_tramp,simac,107.1428571428571,0.035105197742539715,0.08928571428571512
simac/simac_Tanto_Tempo_11-Close_Your_Eyes,simac,104.03950726889357,0.020794933895072795,0.04711949284208157
simac/simac_more_greek_Ksylouris_-_Evale_o_8eos_simadi,simac,89.29767379559756,0.052644823745036255,0.10771859326398027
simac/simac_more_greek_03_Virginouda,simac,58.25242718446606,0.033330297566791775,0.09533980582524262
simac/simac_Papakonstantinou_17-AudioTrack_17,simac,59.701492537313385,0.025598173675598142,0.06328358208955229
simac/simac_As_time_goes_by_disk_3_02-I_wish_I_were_in_love_again,simac,72.992700729927,0.047854044820858546,0.09878345498783528
simac/simac_a_love_supreme_part_1_acknowledgement,simac,125.13112699349519,0.06794033164232718,0.14692688379698307
simac/simac_Gold_-_Greatest_Hits_06-Super_Trouper,simac,117.10116076525625,0.023110967603813714,0.06412830383847724
simac/simac_Eventail_05-Fandango,simac,78.94736842105263,0.08948218166510359,0.2315789473684217
simac/simac_more_greek_Dionysiou_-_Na_eixa_to_kouragio,simac,93.23465998484926,0.03158229950437565,0.06902472660878463
simac/simac_As_Time_Goes_By_12-i_could_write_a_book,simac,114.72275334607998,0.04405232661893193,0.11204588910133692
simac/simac_Beethoven_-_The_String_Quartets_#1_09-D_major_op._18_no._3_-_Allegro,simac,96.77419354838715,0.0489505375958555,0.11290322580645284
simac/simac_DGG_419_047-2_11-Triosonate_Nr._1_Es-Dur_BWV_525_-_II_Adagio,simac,88.2352941176471,0.038050359539840116,0.09264705882352822
simac/simac_Bach_The_Well-Tempered_Clavier_II_(Disc_1)_23-Prelude_and_Fugue_No._12_in_F_minor_BWV_881_-_1._Praeludium,simac,113.10084825636193,0.03816806574724155,0.08953817153628588
simac/simac_Alfagamabetizado_06-Tour,simac,101.87535550254266,0.02411413971893283,0.05742815665033838
simac/simac_more_greek_Gkoles_-_O_pasatempos,simac,84.90814354004681,0.03895857093608096,0.0975571927103539
simac/simac_BACH_WTC_02-Prelude_and_Fugue_No._1_in_C_major_BWV_870_-_2._Fuga,simac,98.00014373354463,0.026766855729978715,0.06666786444619952
simac/simac_Xatzidakis_03-AudioTrack_03,simac,139.53488372093034,0.3183240452217359,0.5460497674418588
simac/simac_more_greek_05_Odysseas,simac,108.10810810810817,0.05007682946953925,0.10810810810810927
simac/simac_more_greek_Marinella_-_Stalia_stalia,simac,56.39097744360902,0.04307664295454048,0.09436090225563934
simac/simac_A_vida_me_fez_assim_06-Peito_sangrando,simac,85.71428571428581,0.025356647351381028,0.051142857142857115
simac/simac_Fight_To_Win_01-Do_your_best,simac,101.76839548555417,0.027945951354390784,0.07245468762190739
simac/simac_Classic_Vivaldi_-_Stabat_Mater_09,simac,49.03964037597065,0.051094514041259365,0.10053126277073927
simac/simac_Family_Tree_-_Greatest_Hits_As_Chosen_By_Bjork_04-Isobel,simac,100.66404716446146,0.02068177119680438,0.04977199593317221
simac/simac_Cafe_Zimmermann_07-Suite_en_ut_majeur_BWV_1066_-_Courante,simac,85.7142857142857,0.10801869014887876,0.22114285714285667
simac/simac_Tanto_Tempo_05-Mais_Feliz,simac,84.33504627182863,0.0711957004416817,0.1725950455971479
simac/simac_DGG_419_047-2_09-Toccata_Adagio_u._Fuge_C-dur_BWV_564_-_III_Fuge,simac,85.59201141226818,0.03372494256900911,0.0763195435092715
simac/simac_Bach_The_Well-Tempered_Clavier_II_(Disc_2)_18-Prelude_and_Fugue_No._21_B-flat_major_BWV_890_-_2._Fuga,simac,165.2755970580943,0.03845456393273116,0.10118998429881873
simac/simac_Beethoven_The_String_Quartets_-_CD_3_07-III_Allegretto_-_Maggiore_(Theme_russe),simac,150.15691397510412,0.0725776869036615,0.1684675485882724
simac/simac_more_greek_Mpellou_-_Apopse_kaneis_mpam,simac,61.53846153846145,0.03510255989400609,0.06830769230769254
simac/simac_Ella_&_Louis_05-Youll_Have_To_Swing_It,simac,63.157894736842096,0.07036759545087164,0.15789473684210584
simac/simac_The_Crackdown_05-Over_and_Over,simac,148.25192449529487,0.028094993051065775,0.06694315650584844
simac/simac_greek_12_evzwnakia,simac,49.586776859504155,0.01600638580472354,0.0429752066115703
simac/simac_R.A.F.I_08-Hypocrite,simac,73.57963708070336,0.013403294701938049,0.023169859818528645
simac/simac_Amber_01-Foil,simac,124.10874408156425,0.013824306003144288,0.023835704844589557
simac/simac_Cafe_Zimmermann_06-Suite_en_ut_majeur_BWV_1066_-_Ouverture,simac,69.76744186046513,0.03824719158786852,0.10453488372093009
simac/simac_Niandra_LaDes_and_Usually_Just_a_T-Shirt_11-Blood_on_My_Neck_From_Success,simac,71.42857142857144,0.04159023099763757,0.09190476190476131
simac/simac_Cafe_Zimmermann_02-3e_Concert_Brandebourgeois_en_sol_majeur_BWV_1048_-_Allegro,simac,93.4060032038259,0.03456873641109958,0.056756756756757
tapcorrect/100_youtube_QinABEXzutY,tapcorrect,140.9395972208501,0.6576661853265297,1.3707787339793727
tapcorrect/002_youtube_CvMfvuJsYmE,tapcorrect,134.04255307741698,0.03557459837151634,0.08690982828773564
tapcorrect/017_youtube_S6Nt1ssPLBA,tapcorrect,85.8839949421191,0.010117946064457695,0.025771691026345165
tapcorrect/005_youtube_RB-RcX5DS5A,tapcorrect,73.24466102727966,0.013107914065879696,0.032389863483386086
tapcorrect/003_youtube_tXjqKzX28LI,tapcorrect,150.11062571436506,0.019937200259710002,0.050326203711987524
tapcorrect/034_youtube_F6Dw6ZFmM4c,tapcorrect,94.97828350041219,0.1070691252790051,0.08442514131137172
tapcorrect/031_youtube_Y8R9ZPT2T-I,tapcorrect,91.1470892167928,0.01983799341021491,0.03913193189335057
tapcorrect/019_youtube_jSDukB1pc30,tapcorrect,99.89429186035262,0.028953573965259848,0.06993355531179636
tapcorrect/091_youtube_NCtzkaL2t_Y,tapcorrect,82.03124999198884,0.03957215252501866,0.08433469719878059
tapcorrect/015_youtube_ltRgb4SJ1uk,tapcorrect,177.8823525728545,0.024554974300925937,0.05931428493605
tapcorrect/013_youtube_6iGpdkgr57g,tapcorrect,142.4188600055293,0.04895077309994759,0.0665374868265391
tapcorrect/004_youtube_IwOfCgkyEj0,tapcorrect,96.46372582475597,0.04515575239161638,0.053977397729096495
tapcorrect/080_youtube_9z1A1R8RQZs,tapcorrect,67.2392762686614,0.014888215918576343,0.03466659826788688
tapcorrect/092_youtube_oh2LWWORoiM,tapcorrect,109.9750624031052,0.03572699209831851,0.0438985869287769
tapcorrect/012_youtube_Va0vs1fhhNI,tapcorrect,71.60447053823809,0.013041737349649196,0.029507752155366107
tapcorrect/008_youtube_bg7RjxsghNY,tapcorrect,91.95162632749584,0.019887115646645984,0.04129135257926648
tapcorrect/066_youtube_H4BB9eGUEaE,tapcorrect,76.07492490025889,0.013825877177125053,0.031232120704725183
tapcorrect/072_youtube_sABVieMgwlA,tapcorrect,102.27668052793243,0.04143029816023499,0.04023423794025604
tapcorrect/088_youtube_D1ACUFvxAGQ,tapcorrect,74.63612769946423,0.05232098847354553,0.06958704714981677
tapcorrect/035_youtube_NCnT_grZvLE,tapcorrect,68.20994021003094,0.046406061435376844,0.11834398843082422
tapcorrect/022_youtube_Z4z0LjchwOo,tapcorrect,120.03810741761995,0.024393673704418525,0.04163680126057804
tapcorrect/102_youtube_4aiWPx8RU7I,tapcorrect,83.2861190108417,0.010227455732069306,0.02514321676285242
tapcorrect/084_youtube_zH9sXggRlxc,tapcorrect,127.96827369608626,0.014162121586494195,0.03477293631569665
tapcorrect/027_youtube_iYYRH4apXDo,tapcorrect,68.65772340468506,0.03306084129496204,0.09022548576386585
tapcorrect/028_youtube_StFfXP4eAgU,tapcorrect,81.2965665844206,0.017891907005704522,0.03524694604755775
tapcorrect/099_youtube_WHWqj6gKS9g,tapcorrect,115.52062870638905,0.1283622094074556,0.16640908140007715
tapcorrect/040_youtube_1zrxnqejwCk,tapcorrect,171.51746942302404,0.070558643822414,0.19771828595255064
tapcorrect/018_youtube_wVyggTKDcOE,tapcorrect,94.84210895933755,0.045416935522532356,0.11166708423011684
tapcorrect/069_youtube_8kl6q_9qZOs,tapcorrect,126.93996007202868,0.09140754126472442,0.07769435510447688
tapcorrect/052_youtube_LjffPO71TJs,tapcorrect,153.18705495498645,0.02581062475520168,0.049672897575205995
tapcorrect/057_youtube_UrN3-lDk9Rs,tapcorrect,164.73664553253514,0.31515533656928263,0.07377661316044365
tapcorrect/011_youtube_M7u5SdjDSQQ,tapcorrect,110.84115276254678,0.02867805577133129,0.07135556086266442
tapcorrect/083_youtube_HfUoCF3dmbU,tapcorrect,72.4673403707307,0.021635527215267,0.04733382630127253
tapcorrect/060_youtube_FY9v147BZuE,tapcorrect,69.9888906167333,0.007596639061057121,0.020023276625290708
tapcorrect/070_youtube_m-M1AtrxztU,tapcorrect,120.94894181241858,0.022712173996584824,0.042039584582975464
tapcorrect/051_youtube_InYVlCCEqFc,tapcorrect,118.68398016305464,0.029261929529767323,0.0381843045446836
tapcorrect/042_youtube_uBMtdaRhDMY,tapcorrect,72.01175701391107,0.020058376694068816,0.03969899834492085
tapcorrect/089_youtube_Ghg70fI6HLI,tapcorrect,89.98622659567506,0.017560567790290235,0.03243040916104804
tapcorrect/046_youtube_ebZZpVFUQDY,tapcorrect,68.07393970771513,0.03876654607301951,0.07500225126189988
tapcorrect/093_youtube_C1lbOgBtE3w,tapcorrect,69.11774307234745,0.020446366385324117,0.04370665355979096
tapcorrect/063_youtube_uFEK4fpYOS4,tapcorrect,75.95263718613727,0.014521441840583942,0.028173663380772266
tapcorrect/033_youtube_0Jj9rOwkfLM,tapcorrect,72.0019592885149,0.010479298408694219,0.027252442062504427
tapcorrect/039_youtube_ph9NQ8ASmX4,tapcorrect,72.01861708618748,0.015462766010472547,0.0260094428998615
tapcorrect/043_youtube_CWEqbuJ6DlQ,tapcorrect,186.01708314855742,0.15829186956868332,0.0690709673324802
tapcorrect/007_youtube_9QnUOrTsxXA,tapcorrect,90.08886313658607,0.0144567950652145,0.03208266485613895
tapcorrect/090_youtube_2tmc8rJgxUI,tapcorrect,66.22616008832159,0.02394347621402274,0.04765980886922013
tapcorrect/067_youtube_MbmFqUtK2aw,tapcorrect,103.87672976179587,0.0185002056201685,0.04058887025589326
tapcorrect/036_youtube__-xZYhm6QgQ,tapcorrect,60.009525341962345,0.008689474207714192,0.02294014880128786
tapcorrect/068_youtube_a8LcePfI6Hs,tapcorrect,167.6062580377698,0.052660295677925406,0.09089757229598137
tapcorrect/025_youtube_8jsFGdeWNPo,tapcorrect,85.96351592906377,0.028604281933346375,0.039957115180256866
tapcorrect/047_youtube_WNa60w5HOB4,tapcorrect,115.81389238307823,0.237090294487888,0.05437475450173117
tapcorrect/026_youtube__X6DCz3pkYA,tapcorrect,149.88104671991738,0.01578468533766612,0.03845587294835475
tapcorrect/059_youtube_-tJYN-eG1zk,tapcorrect,81.69188023011863,0.024491804799473407,0.05764124743936137
tapcorrect/095_youtube_zO6D_BAuYCI,tapcorrect,154.08356362801865,0.03299779066350737,0.08811762988863114
tapcorrect/098_youtube_MsduHmjQlgI,tapcorrect,126.90951828843117,0.02377790071288027,0.053502482992666724
tapcorrect/038_youtube_eVTXPUF4Oz4,tapcorrect,105.00416677534828,0.12766281162836582,0.046620898010474233
tapcorrect/041_youtube_Eh44QPT1mPE,tapcorrect,82.13182683850971,0.025959323691025726,0.06630453416412938
tapcorrect/021_youtube_lzdGpNGH9BI,tapcorrect,100.87878154673427,0.033498991957321915,0.07396252362514531
tapcorrect/071_youtube_WBQ03PXMpqY,tapcorrect,163.47460766697085,0.047248203874954334,0.11205980203028214
tapcorrect/006_youtube_I3gHugP6bPE,tapcorrect,146.69845302667312,0.046059968306595075,0.10154127556085812
tapcorrect/074_youtube_aBqT2qWxDL8,tapcorrect,115.94583940268704,0.021272949297190296,0.04785066434057049
tapcorrect/087_youtube_ej93qIAlhXs,tapcorrect,137.3689129960137,0.02127985818921364,0.054542623164020976
tapcorrect/037_youtube_VYCOg-yglNM,tapcorrect,191.07452366594578,0.041833285083234625,0.10044771945474906
tapcorrect/024_youtube_S4X_l8PIobc,tapcorrect,76.52153795198399,0.024828411090636045,0.05825874445841164
tapcorrect/053_youtube_yuxchcK5Gek,tapcorrect,117.33664438570247,0.02443528738478038,0.058025321292837884
tapcorrect/077_youtube_g6FU3s6mbGI,tapcorrect,60.48898695186278,0.010253920955605497,0.023896121770703913
tapcorrect/020_youtube_0WrjMeHsfgM,tapcorrect,95.55106166880098,0.02000919348606556,0.047446915604402756
tapcorrect/050_youtube_vx2u5uUu3DE,tapcorrect,119.95375926525101,0.7311062436831234,0.04215155128283066
tapcorrect/075_youtube_p_6F5K_xP6Q,tapcorrect,108.23856658973477,0.32801408942726257,0.09322179536657434
tapcorrect/094_youtube_FrGARptU-kQ,tapcorrect,115.01847442071873,0.03768120098399228,0.058435122127208146
tapcorrect/014_youtube_53FGAgfYVsw,tapcorrect,93.85641322811243,0.019391603667229005,0.04593501648496763
tapcorrect/048_youtube_B_e7QbWc5mI,tapcorrect,125.39690065320977,0.024823639693652925,0.06393061908198067
tapcorrect/081_youtube_pSdUOTuQzWQ,tapcorrect,217.4466858915259,0.05890918698204115,0.1410609358984174
tapcorrect/045_youtube_SYUgGs9IStY,tapcorrect,70.49984014778069,0.01786326823685875,0.04474848162425134
tapcorrect/001_youtube_fV4DiAyExN0,tapcorrect,82.96491392081128,0.012041933987729228,0.026215784614415257
tapcorrect/078_youtube_DL_uU76w5eQ,tapcorrect,68.04330497749892,0.017486321389727815,0.03837272177109184
tapcorrect/044_youtube_BwKPJJxSnOE,tapcorrect,147.0653621707594,0.018942780813633556,0.048143620895298694
tapcorrect/097_youtube_Nco69szMp0Y,tapcorrect,71.87287792333248,0.039629258279097745,0.08760831170828082
tapcorrect/085_youtube_KEl7WjfbnSA,tapcorrect,80.85561503466045,0.1493357630421155,0.09022154339471135
tapcorrect/016_youtube_eelfrHtmk68,tapcorrect,84.91383453554221,0.0301356977393945,0.07355989731312153
tapcorrect/061_youtube_KlujizeNNQM,tapcorrect,95.17985604389395,0.017929717766281467,0.03511510690107147
tapcorrect/062_youtube_Yi3GJEEMX4s,tapcorrect,103.94406035574298,0.02280644724228255,0.039220615308672026
tapcorrect/101_youtube_O64IDCVI3eM,tapcorrect,71.97551853502759,0.09475846258197479,0.10856443364780026
tapcorrect/076_youtube_pjcOzqxu4JQ,tapcorrect,130.08210034201508,0.01774694121200077,0.04257411099749555
tapcorrect/079_youtube_aEW001GcS9s,tapcorrect,74.98087219205225,0.019149325791441196,0.031992971013113755
tapcorrect/009_youtube_hRFLv29K__o,tapcorrect,103.52315192675448,0.012315496093059847,0.029558480908818845
tapcorrect/056_youtube_alYFdNGVL1E,tapcorrect,64.7933884061905,0.10372633716997737,0.03242363000250587
tapcorrect/064_youtube_Xlv1tm2h7pY,tapcorrect,108.0308659416344,0.03340415187586418,0.08082717534366197
tapcorrect/054_youtube_UgL4N4Hf1dk,tapcorrect,132.0425170831054,0.020129380322665705,0.04693847045157258
tapcorrect/010_youtube_80tX5MLX8QY,tapcorrect,115.73284338065453,0.03661200987941703,0.07936841161673544
tapcorrect/055_youtube_LzLt9X4hoIE,tapcorrect,95.52174151532903,0.084277844329363,0.07539575077407294
tapcorrect/032_youtube_zsmUOdmm02A,tapcorrect,95.92691290135272,0.03537283099608482,0.03177624091490997
tapcorrect/082_youtube_M84S81FL5FY,tapcorrect,119.04976147090572,0.017043485708669762,0.040313146111565924
tapcorrect/096_youtube_XAYhNHhxN0A,tapcorrect,94.02985076030218,0.2052582617985618,0.5089907613446231
tapcorrect/065_youtube_u9Dg-g7t2l4,tapcorrect,84.65574609282211,0.19053541790458808,0.09185436492247451
tapcorrect/029_youtube_41TNDPn9x2Y,tapcorrect,76.4916744214614,0.966188711104948,0.2403301332223194
tapcorrect/030_youtube_U8EDgciZZFc,tapcorrect,65.95707553098879,0.2398972523638608,0.08391704209249864
tapcorrect/058_youtube_c5dwksSbD34,tapcorrect,65.91928252081746,0.12467326981946453,0.07546836011412766
tapcorrect/086_youtube_-2WQ_caqBiY,tapcorrect,106.31629700996547,0.03271727339219961,0.05395371353270286
tapcorrect/049_youtube_rSktfVJc_IM,tapcorrect,119.57970853480411,0.020485599041005147,0.04934583666340088
tapcorrect/073_youtube_qZuH-5St80A,tapcorrect,98.02178254428145,0.013581500065327639,0.03326665249095974
candombe/csic.1995_cuareim_05,candombe,140.98841079139854,0.04534716891585554,0.12830691210712108
candombe/proyecto.1992_lobo_01,candombe,128.30222296848478,0.028708845082460244,0.07048603374332962
candombe/zavala.muniz.2014_55,candombe,133.30864649757018,0.06099175428022049,0.18283651131906847
candombe/csic.1995_ansina2_03,candombe,136.44801985053056,0.017151877655200765,0.039603962715223005
candombe/zavala.muniz.2014_45,candombe,130.81395353590798,0.03364786879597296,0.07664425816738064
candombe/csic.1995_cuareim_03,candombe,137.31544665224456,0.06296235705750161,0.15471081254218963
candombe/zavala.muniz.2014_42,candombe,121.71414077534749,0.07162356767547146,0.1851069224291663
candombe/proyecto.1992_lobo_06,candombe,130.2843185237529,0.012984567163950122,0.02641876422767401
candombe/csic.1995_cuareim_04,candombe,138.2770242595438,0.05873439743133607,0.15526116479511365
candombe/proyecto.1992_magarinos_02,candombe,133.33333333331987,0.05844352963618818,0.13333333333344494
candombe/csic.1995_ansina1_03,candombe,140.84912033588876,0.0159591290830462,0.04233405803656722
candombe/csic.1995_ansina1_04,candombe,133.22974321109655,0.016609022048058687,0.03901542680187511
candombe/zavala.muniz.2014_46,candombe,131.57894736842016,0.02510245963131846,0.06023391907895453
candombe/zavala.muniz.2014_53,candombe,133.9285714285692,0.06441308891009846,0.16924758303569262
candombe/zavala.muniz.2014_41,candombe,98.46490472920655,0.021282157091118404,0.055386508910175505
candombe/csic.1995_ansina1_05,candombe,137.3546511078866,0.015754789363734614,0.038569352459124566
candombe/proyecto.1992_gimenez_02,candombe,128.6374702216815,0.03894187626841913,0.09079214874832091
candombe/proyecto.1992_gimenez_06,candombe,130.0578035621808,0.02503898555956742,0.06568822287990483
candombe/zavala.muniz.2014_44,candombe,125.73673870333816,0.016605790020110353,0.041986466326126515
candombe/proyecto.1992_pelado_05,candombe,138.4948305413769,0.023095185914647952,0.04294301477966659
candombe/zavala.muniz.2014_50,candombe,132.73724487826902,0.0828159172118656,0.2503157127715879
candombe/zavala.muniz.2014_52,candombe,130.04312184405313,0.02354048399818691,0.05201273342369255
candombe/csic.1995_ansina1_01,candombe,133.94077438983442,0.02411874543507542,0.06353834370762462
candombe/csic.1995_ansina1_02,candombe,136.22322906904418,0.013430350448901753,0.037067543934864694
candombe/zavala.muniz.2014_51,candombe,127.84090918170283,0.0453332677714242,0.1244007465372146
candombe/csic.1995_cuareim_01,candombe,126.45161314796891,0.0460353160687817,0.11724253247637847
candombe/proyecto.1992_pelado_01,candombe,131.11017530009664,0.027148258280963542,0.07067363632337138
candombe/csic.1995_ansina2_01,candombe,134.2465754957218,0.019420365561269453,0.050202942449995874
candombe/zavala.muniz.2014_47,candombe,132.72400778083036,0.1043793692955659,0.2824663279742534
candombe/csic.1995_ansina2_04,candombe,138.1074168621339,0.016461160884502,0.0418706622452523
candombe/csic.1995_cuareim_02,candombe,138.27341121010295,0.043668838963349485,0.11154891148948406
candombe/csic.1995_ansina2_02,candombe,135.58864556276055,0.01232005654064446,0.029904347182140533
candombe/zavala.muniz.2014_49,candombe,133.3333333333346,0.03132189345152938,0.07685185222222808
candombe/zavala.muniz.2014_54,candombe,128.3822939328024,0.036267295126643,0.09270717249818337
candombe/zavala.muniz.2014_48,candombe,134.20629563007606,0.02711747769657209,0.06491297689693454
guitarset/02_SS3-98-C_comp_mix,guitarset,98.0000000000001,2.914933436700267e-15,5.802765675374158e-15
guitarset/04_Jazz3-137-Eb_comp_mix,guitarset,137.00000000000003,2.7139881329435778e-15,8.112029566594478e-15
guitarset/05_Rock1-130-A_comp_mix,guitarset,129.99999999999997,2.1151000969650426e-15,7.69754630406775e-15
guitarset/00_SS3-98-C_comp_mix,guitarset,98.0000000000001,2.914933436700267e-15,5.802765675374158e-15
guitarset/02_Jazz2-187-F#_comp_mix,guitarset,187.00000000000028,2.484974148313082e-15,5.536312149464123e-15
guitarset/04_SS3-84-Bb_comp_mix,guitarset,83.99999999999989,2.4424794397756135e-15,4.973799150320694e-15
guitarset/03_Jazz1-130-D_comp_mix,guitarset,129.99999999999997,2.1151000969650426e-15,7.69754630406775e-15
guitarset/04_SS3-98-C_comp_mix,guitarset,98.0000000000001,2.914933436700267e-15,5.802765675374158e-15
guitarset/03_Rock3-148-C_comp_mix,guitarset,148.00000000000006,2.7763786135482445e-15,8.763360407707906e-15
guitarset/05_SS2-107-Ab_comp_mix,guitarset,107.00000000000001,2.6224823103656117e-15,6.335672727194227e-15
guitarset/00_Jazz1-130-D_comp_mix,guitarset,129.99999999999997,2.1151000969650426e-15,7.69754630406775e-15
guitarset/00_BN2-166-Ab_comp_mix,guitarset,165.99999999999997,2.7683124766693434e-15,4.914587255674025e-15
guitarset/05_Rock3-117-Bb_comp_mix,guitarset,117.00000000000001,2.429827237378023e-15,6.9277916736609774e-15
guitarset/01_Rock3-117-Bb_comp_mix,guitarset,117.00000000000001,2.429827237378023e-15,6.9277916736609774e-15
guitarset/02_BN3-119-G_comp_mix,guitarset,119.0,2.4713627457092714e-15,7.046215462954327e-15
guitarset/04_Funk2-108-Eb_comp_mix,guitarset,108.00000000000004,2.6999851800250467e-15,6.394884621840904e-15
guitarset/01_Jazz3-150-C_comp_mix,guitarset,149.99999999999986,2.8829598802465386e-15,8.881784197001244e-15
guitarset/05_Rock2-85-F_comp_mix,guitarset,84.99999999999999,3.0247877836297786e-15,9.122332519003367e-15
guitarset/04_Rock3-117-Bb_comp_mix,guitarset,117.00000000000001,2.429827237378023e-15,6.9277916736609774e-15
guitarset/05_Funk2-119-G_comp_mix,guitarset,119.0,2.4713627457092714e-15,7.046215462954327e-15
guitarset/04_Rock1-90-C#_comp_mix,guitarset,89.99999999999996,1.9011028215723934e-15,5.329070518200749e-15
guitarset/00_BN3-119-G_comp_mix,guitarset,119.0,2.4713627457092714e-15,7.046215462954327e-15
guitarset/03_Jazz2-110-Bb_comp_mix,guitarset,110.00000000000001,2.688560103626077e-15,6.513308411134252e-15
guitarset/03_Funk1-114-Ab_comp_mix,guitarset,113.99999999999999,1.8309558201775115e-15,3.3750779948604753e-15
guitarset/03_Rock1-90-C#_comp_mix,guitarset,89.99999999999996,1.9011028215723934e-15,5.329070518200749e-15
guitarset/02_Rock3-148-C_comp_mix,guitarset,148.00000000000006,2.7763786135482445e-15,8.763360407707906e-15
guitarset/00_Funk3-98-A_comp_mix,guitarset,98.0000000000001,2.914933436700267e-15,5.802765675374158e-15
guitarset/03_Rock1-130-A_comp_mix,guitarset,129.99999999999997,2.1151000969650426e-15,7.69754630406775e-15
guitarset/02_Funk2-108-Eb_comp_mix,guitarset,108.00000000000004,2.6999851800250467e-15,6.394884621840904e-15
guitarset/03_SS3-98-C_comp_mix,guitarset,98.0000000000001,2.914933436700267e-15,5.802765675374158e-15
guitarset/03_BN1-147-Gb_comp_mix,guitarset,147.00000000000017,1.7743626334675671e-15,4.352074256530618e-15
guitarset/04_SS2-88-F_comp_mix,guitarset,88.00000000000001,2.9350782885168944e-15,5.2106467289074026e-15
guitarset/00_Jazz2-187-F#_comp_mix,guitarset,187.00000000000028,2.484974148313082e-15,5.536312149464123e-15
guitarset/05_Funk3-112-C#_comp_mix,guitarset,112.00000000000003,2.9024400003520306e-15,6.6317322004276034e-15
guitarset/00_BN3-154-E_comp_mix,guitarset,154.00000000000003,1.5286509395790436e-15,2.849572429871236e-16
guitarset/03_Rock3-117-Bb_comp_mix,guitarset,117.00000000000001,2.429827237378023e-15,6.9277916736609774e-15
guitarset/02_Rock2-85-F_comp_mix,guitarset,84.99999999999999,3.0247877836297786e-15,9.122332519003367e-15
guitarset/02_Funk3-98-A_comp_mix,guitarset,98.0000000000001,2.914933436700267e-15,5.802765675374158e-15
guitarset/04_Jazz2-187-F#_comp_mix,guitarset,187.00000000000028,2.484974148313082e-15,5.536312149464123e-15
guitarset/02_Funk2-119-G_comp_mix,guitarset,119.0,2.4713627457092714e-15,7.046215462954327e-15
guitarset/03_Jazz1-200-B_comp_mix,guitarset,200.0000000000001,2.001846960335603e-15,5.921189464667505e-15
guitarset/00_BN1-129-Eb_comp_mix,guitarset,129.0,2.0495902519298948e-15,3.819167204710538e-15
guitarset/03_BN3-119-G_comp_mix,guitarset,119.0,2.4713627457092714e-15,7.046215462954327e-15
guitarset/02_Rock3-117-Bb_comp_mix,guitarset,117.00000000000001,2.429827237378023e-15,6.9277916736609774e-15
guitarset/03_SS2-88-F_comp_mix,guitarset,88.00000000000001,2.9350782885168944e-15,5.2106467289074026e-15
guitarset/05_Jazz2-110-Bb_comp_mix,guitarset,110.00000000000001,2.688560103626077e-15,6.513308411134252e-15
guitarset/00_SS1-100-C#_comp_mix,guitarset,100.00000000000006,2.001846960335603e-15,5.921189464667505e-15
guitarset/04_Jazz3-150-C_comp_mix,guitarset,149.99999999999986,2.8829598802465386e-15,8.881784197001244e-15
guitarset/03_Jazz2-187-F#_comp_mix,guitarset,187.00000000000028,2.484974148313082e-15,5.536312149464123e-15
guitarset/03_BN2-131-B_comp_mix,guitarset,131.00000000000017,2.3042552850356417e-15,3.878379099357219e-15
guitarset/05_BN2-166-Ab_comp_mix,guitarset,165.99999999999997,2.7683124766693434e-15,4.914587255674025e-15
guitarset/03_SS1-68-E_comp_mix,guitarset,67.99999999999997,1.4292182707616855e-15,1.384078037366028e-15
guitarset/05_Funk3-98-A_comp_mix,guitarset,98.0000000000001,2.914933436700267e-15,5.802765675374158e-15
guitarset/01_Rock1-90-C#_comp_mix,guitarset,89.99999999999996,1.9011028215723934e-15,5.329070518200749e-15
guitarset/04_BN2-131-B_comp_mix,guitarset,131.00000000000017,2.3042552850356417e-15,3.878379099357219e-15
guitarset/05_BN3-154-E_comp_mix,guitarset,154.00000000000003,1.5286509395790436e-15,2.849572429871236e-16
guitarset/00_Funk2-108-Eb_comp_mix,guitarset,108.00000000000004,2.6999851800250467e-15,6.394884621840904e-15
guitarset/03_BN2-166-Ab_comp_mix,guitarset,165.99999999999997,2.7683124766693434e-15,4.914587255674025e-15
guitarset/03_Jazz3-137-Eb_comp_mix,guitarset,137.00000000000003,2.7139881329435778e-15,8.112029566594478e-15
guitarset/02_BN2-131-B_comp_mix,guitarset,131.00000000000017,2.3042552850356417e-15,3.878379099357219e-15
guitarset/00_BN1-147-Gb_comp_mix,guitarset,147.00000000000017,1.7743626334675671e-15,4.352074256530618e-15
guitarset/01_Rock2-142-D_comp_mix,guitarset,141.9999999999999,2.8301276868262025e-15,8.408089039827846e-15
guitarset/01_Jazz1-130-D_comp_mix,guitarset,129.99999999999997,2.1151000969650426e-15,7.69754630406775e-15
guitarset/01_Funk3-98-A_comp_mix,guitarset,98.0000000000001,2.914933436700267e-15,5.802765675374158e-15
guitarset/02_Jazz3-137-Eb_comp_mix,guitarset,137.00000000000003,2.7139881329435778e-15,8.112029566594478e-15
guitarset/00_SS2-107-Ab_comp_mix,guitarset,107.00000000000001,2.6224823103656117e-15,6.335672727194227e-15
guitarset/02_Rock1-90-C#_comp_mix,guitarset,89.99999999999996,1.9011028215723934e-15,5.329070518200749e-15
guitarset/01_Rock2-85-F_comp_mix,guitarset,84.99999999999999,3.0247877836297786e-15,9.122332519003367e-15
guitarset/05_SS1-100-C#_comp_mix,guitarset,100.00000000000006,2.001846960335603e-15,5.921189464667505e-15
guitarset/01_Jazz2-110-Bb_comp_mix,guitarset,110.00000000000001,2.688560103626077e-15,6.513308411134252e-15
guitarset/01_SS1-100-C#_comp_mix,guitarset,100.00000000000006,2.001846960335603e-15,5.921189464667505e-15
guitarset/03_Funk2-119-G_comp_mix,guitarset,119.0,2.4713627457092714e-15,7.046215462954327e-15
guitarset/04_BN3-119-G_comp_mix,guitarset,119.0,2.4713627457092714e-15,7.046215462954327e-15
guitarset/02_Jazz1-130-D_comp_mix,guitarset,129.99999999999997,2.1151000969650426e-15,7.69754630406775e-15
guitarset/00_Funk3-112-C#_comp_mix,guitarset,112.00000000000003,2.9024400003520306e-15,6.6317322004276034e-15
guitarset/02_Funk1-114-Ab_comp_mix,guitarset,113.99999999999999,1.8309558201775115e-15,3.3750779948604753e-15
guitarset/01_BN1-129-Eb_comp_mix,guitarset,129.0,2.0495902519298948e-15,3.819167204710538e-15
guitarset/05_Jazz2-187-F#_comp_mix,guitarset,187.00000000000028,2.484974148313082e-15,5.536312149464123e-15
guitarset/01_Rock3-148-C_comp_mix,guitarset,148.00000000000006,2.7763786135482445e-15,8.763360407707906e-15
guitarset/01_SS2-107-Ab_comp_mix,guitarset,107.00000000000001,2.6224823103656117e-15,6.335672727194227e-15
guitarset/01_BN1-147-Gb_comp_mix,guitarset,147.00000000000017,1.7743626334675671e-15,4.352074256530618e-15
guitarset/03_Funk1-97-C_comp_mix,guitarset,97.0,1.9897356305595945e-15,5.743553780727477e-15
guitarset/02_BN1-147-Gb_comp_mix,guitarset,147.00000000000017,1.7743626334675671e-15,4.352074256530618e-15
guitarset/00_Rock2-85-F_comp_mix,guitarset,84.99999999999999,3.0247877836297786e-15,9.122332519003367e-15
guitarset/05_Rock3-148-C_comp_mix,guitarset,148.00000000000006,2.7763786135482445e-15,8.763360407707906e-15
guitarset/01_BN3-154-E_comp_mix,guitarset,154.00000000000003,1.5286509395790436e-15,2.849572429871236e-16
guitarset/00_SS3-84-Bb_comp_mix,guitarset,83.99999999999989,2.4424794397756135e-15,4.973799150320694e-15
guitarset/05_BN1-129-Eb_comp_mix,guitarset,129.0,2.0495902519298948e-15,3.819167204710538e-15
guitarset/00_Jazz2-110-Bb_comp_mix,guitarset,110.00000000000001,2.688560103626077e-15,6.513308411134252e-15
guitarset/03_Funk3-98-A_comp_mix,guitarset,98.0000000000001,2.914933436700267e-15,5.802765675374158e-15
guitarset/03_Rock2-142-D_comp_mix,guitarset,141.9999999999999,2.8301276868262025e-15,8.408089039827846e-15
guitarset/01_Funk1-97-C_comp_mix,guitarset,97.0,1.9897356305595945e-15,5.743553780727477e-15
guitarset/00_Funk1-97-C_comp_mix,guitarset,97.0,1.9897356305595945e-15,5.743553780727477e-15
guitarset/05_Jazz3-137-Eb_comp_mix,guitarset,137.00000000000003,2.7139881329435778e-15,8.112029566594478e-15
guitarset/05_SS3-84-Bb_comp_mix,guitarset,83.99999999999989,2.4424794397756135e-15,4.973799150320694e-15
guitarset/05_Jazz1-200-B_comp_mix,guitarset,200.0000000000001,2.001846960335603e-15,5.921189464667505e-15
guitarset/01_Jazz3-137-Eb_comp_mix,guitarset,137.00000000000003,2.7139881329435778e-15,8.112029566594478e-15
guitarset/00_Rock3-117-Bb_comp_mix,guitarset,117.00000000000001,2.429827237378023e-15,6.9277916736609774e-15
guitarset/00_Rock1-90-C#_comp_mix,guitarset,89.99999999999996,1.9011028215723934e-15,5.329070518200749e-15
guitarset/00_SS1-68-E_comp_mix,guitarset,67.99999999999997,1.4292182707616855e-15,1.384078037366028e-15
guitarset/04_Rock2-142-D_comp_mix,guitarset,141.9999999999999,2.8301276868262025e-15,8.408089039827846e-15
guitarset/04_BN1-147-Gb_comp_mix,guitarset,147.00000000000017,1.7743626334675671e-15,4.352074256530618e-15
guitarset/04_BN2-166-Ab_comp_mix,guitarset,165.99999999999997,2.7683124766693434e-15,4.914587255674025e-15
guitarset/01_SS3-84-Bb_comp_mix,guitarset,83.99999999999989,2.4424794397756135e-15,4.973799150320694e-15
guitarset/04_Funk1-114-Ab_comp_mix,guitarset,113.99999999999999,1.8309558201775115e-15,3.3750779948604753e-15
guitarset/02_BN3-154-E_comp_mix,guitarset,154.00000000000003,1.5286509395790436e-15,2.849572429871236e-16
guitarset/00_Rock3-148-C_comp_mix,guitarset,148.00000000000006,2.7763786135482445e-15,8.763360407707906e-15
guitarset/02_SS2-107-Ab_comp_mix,guitarset,107.00000000000001,2.6224823103656117e-15,6.335672727194227e-15
guitarset/01_Jazz2-187-F#_comp_mix,guitarset,187.00000000000028,2.484974148313082e-15,5.536312149464123e-15
guitarset/01_Funk1-114-Ab_comp_mix,guitarset,113.99999999999999,1.8309558201775115e-15,3.3750779948604753e-15
guitarset/04_Rock3-148-C_comp_mix,guitarset,148.00000000000006,2.7763786135482445e-15,8.763360407707906e-15
guitarset/05_Jazz1-130-D_comp_mix,guitarset,129.99999999999997,2.1151000969650426e-15,7.69754630406775e-15
guitarset/05_SS3-98-C_comp_mix,guitarset,98.0000000000001,2.914933436700267e-15,5.802765675374158e-15
guitarset/04_BN3-154-E_comp_mix,guitarset,154.00000000000003,1.5286509395790436e-15,2.849572429871236e-16
guitarset/01_Funk2-108-Eb_comp_mix,guitarset,108.00000000000004,2.6999851800250467e-15,6.394884621840904e-15
guitarset/00_SS2-88-F_comp_mix,guitarset,88.00000000000001,2.9350782885168944e-15,5.2106467289074026e-15
guitarset/01_SS1-68-E_comp_mix,guitarset,67.99999999999997,1.4292182707616855e-15,1.384078037366028e-15
guitarset/03_SS3-84-Bb_comp_mix,guitarset,83.99999999999989,2.4424794397756135e-15,4.973799150320694e-15
guitarset/05_SS1-68-E_comp_mix,guitarset,67.99999999999997,1.4292182707616855e-15,1.384078037366028e-15
guitarset/05_SS2-88-F_comp_mix,guitarset,88.00000000000001,2.9350782885168944e-15,5.2106467289074026e-15
guitarset/04_Jazz1-130-D_comp_mix,guitarset,129.99999999999997,2.1151000969650426e-15,7.69754630406775e-15
guitarset/04_Rock1-130-A_comp_mix,guitarset,129.99999999999997,2.1151000969650426e-15,7.69754630406775e-15
guitarset/02_BN2-166-Ab_comp_mix,guitarset,165.99999999999997,2.7683124766693434e-15,4.914587255674025e-15
guitarset/00_Funk2-119-G_comp_mix,guitarset,119.0,2.4713627457092714e-15,7.046215462954327e-15
guitarset/00_Jazz3-137-Eb_comp_mix,guitarset,137.00000000000003,2.7139881329435778e-15,8.112029566594478e-15
guitarset/04_Funk3-112-C#_comp_mix,guitarset,112.00000000000003,2.9024400003520306e-15,6.6317322004276034e-15
guitarset/01_Funk2-119-G_comp_mix,guitarset,119.0,2.4713627457092714e-15,7.046215462954327e-15
guitarset/01_Funk3-112-C#_comp_mix,guitarset,112.00000000000003,2.9024400003520306e-15,6.6317322004276034e-15
guitarset/04_Jazz2-110-Bb_comp_mix,guitarset,110.00000000000001,2.688560103626077e-15,6.513308411134252e-15
guitarset/01_Jazz1-200-B_comp_mix,guitarset,200.0000000000001,2.001846960335603e-15,5.921189464667505e-15
guitarset/02_Funk3-112-C#_comp_mix,guitarset,112.00000000000003,2.9024400003520306e-15,6.6317322004276034e-15
guitarset/04_Jazz1-200-B_comp_mix,guitarset,200.0000000000001,2.001846960335603e-15,5.921189464667505e-15
guitarset/03_Funk3-112-C#_comp_mix,guitarset,112.00000000000003,2.9024400003520306e-15,6.6317322004276034e-15
guitarset/05_BN2-131-B_comp_mix,guitarset,131.00000000000017,2.3042552850356417e-15,3.878379099357219e-15
guitarset/05_Funk1-114-Ab_comp_mix,guitarset,113.99999999999999,1.8309558201775115e-15,3.3750779948604753e-15
guitarset/00_Jazz1-200-B_comp_mix,guitarset,200.0000000000001,2.001846960335603e-15,5.921189464667505e-15
guitarset/00_BN2-131-B_comp_mix,guitarset,131.00000000000017,2.3042552850356417e-15,3.878379099357219e-15
guitarset/04_SS1-100-C#_comp_mix,guitarset,100.00000000000006,2.001846960335603e-15,5.921189464667505e-15
guitarset/01_SS2-88-F_comp_mix,guitarset,88.00000000000001,2.9350782885168944e-15,5.2106467289074026e-15
guitarset/03_Rock2-85-F_comp_mix,guitarset,84.99999999999999,3.0247877836297786e-15,9.122332519003367e-15
guitarset/03_BN1-129-Eb_comp_mix,guitarset,129.0,2.0495902519298948e-15,3.819167204710538e-15
guitarset/02_SS1-100-C#_comp_mix,guitarset,100.00000000000006,2.001846960335603e-15,5.921189464667505e-15
guitarset/03_SS2-107-Ab_comp_mix,guitarset,107.00000000000001,2.6224823103656117e-15,6.335672727194227e-15
guitarset/05_BN1-147-Gb_comp_mix,guitarset,147.00000000000017,1.7743626334675671e-15,4.352074256530618e-15
guitarset/02_Funk1-97-C_comp_mix,guitarset,97.0,1.9897356305595945e-15,5.743553780727477e-15
guitarset/05_Funk2-108-Eb_comp_mix,guitarset,108.00000000000004,2.6999851800250467e-15,6.394884621840904e-15
guitarset/02_Jazz1-200-B_comp_mix,guitarset,200.0000000000001,2.001846960335603e-15,5.921189464667505e-15
guitarset/03_Jazz3-150-C_comp_mix,guitarset,149.99999999999986,2.8829598802465386e-15,8.881784197001244e-15
guitarset/01_BN2-131-B_comp_mix,guitarset,131.00000000000017,2.3042552850356417e-15,3.878379099357219e-15
guitarset/01_BN3-119-G_comp_mix,guitarset,119.0,2.4713627457092714e-15,7.046215462954327e-15
guitarset/02_BN1-129-Eb_comp_mix,guitarset,129.0,2.0495902519298948e-15,3.819167204710538e-15
guitarset/05_Jazz3-150-C_comp_mix,guitarset,149.99999999999986,2.8829598802465386e-15,8.881784197001244e-15
guitarset/02_Jazz3-150-C_comp_mix,guitarset,149.99999999999986,2.8829598802465386e-15,8.881784197001244e-15
guitarset/01_SS3-98-C_comp_mix,guitarset,98.0000000000001,2.914933436700267e-15,5.802765675374158e-15
guitarset/05_BN3-119-G_comp_mix,guitarset,119.0,2.4713627457092714e-15,7.046215462954327e-15
guitarset/04_Rock2-85-F_comp_mix,guitarset,84.99999999999999,3.0247877836297786e-15,9.122332519003367e-15
guitarset/02_SS2-88-F_comp_mix,guitarset,88.00000000000001,2.9350782885168944e-15,5.2106467289074026e-15
guitarset/01_BN2-166-Ab_comp_mix,guitarset,165.99999999999997,2.7683124766693434e-15,4.914587255674025e-15
guitarset/04_Funk1-97-C_comp_mix,guitarset,97.0,1.9897356305595945e-15,5.743553780727477e-15
guitarset/02_Rock2-142-D_comp_mix,guitarset,141.9999999999999,2.8301276868262025e-15,8.408089039827846e-15
guitarset/04_SS1-68-E_comp_mix,guitarset,67.99999999999997,1.4292182707616855e-15,1.384078037366028e-15
guitarset/01_Rock1-130-A_comp_mix,guitarset,129.99999999999997,2.1151000969650426e-15,7.69754630406775e-15
guitarset/05_Rock2-142-D_comp_mix,guitarset,141.9999999999999,2.8301276868262025e-15,8.408089039827846e-15
guitarset/04_BN1-129-Eb_comp_mix,guitarset,129.0,2.0495902519298948e-15,3.819167204710538e-15
guitarset/00_Rock2-142-D_comp_mix,guitarset,141.9999999999999,2.8301276868262025e-15,8.408089039827846e-15
guitarset/02_SS3-84-Bb_comp_mix,guitarset,83.99999999999989,2.4424794397756135e-15,4.973799150320694e-15
guitarset/05_Rock1-90-C#_comp_mix,guitarset,89.99999999999996,1.9011028215723934e-15,5.329070518200749e-15
guitarset/03_BN3-154-E_comp_mix,guitarset,154.00000000000003,1.5286509395790436e-15,2.849572429871236e-16
guitarset/04_Funk2-119-G_comp_mix,guitarset,119.0,2.4713627457092714e-15,7.046215462954327e-15
guitarset/00_Jazz3-150-C_comp_mix,guitarset,149.99999999999986,2.8829598802465386e-15,8.881784197001244e-15
guitarset/03_SS1-100-C#_comp_mix,guitarset,100.00000000000006,2.001846960335603e-15,5.921189464667505e-15
guitarset/00_Funk1-114-Ab_comp_mix,guitarset,113.99999999999999,1.8309558201775115e-15,3.3750779948604753e-15
guitarset/05_Funk1-97-C_comp_mix,guitarset,97.0,1.9897356305595945e-15,5.743553780727477e-15
guitarset/00_Rock1-130-A_comp_mix,guitarset,129.99999999999997,2.1151000969650426e-15,7.69754630406775e-15
guitarset/04_SS2-107-Ab_comp_mix,guitarset,107.00000000000001,2.6224823103656117e-15,6.335672727194227e-15
guitarset/04_Funk3-98-A_comp_mix,guitarset,98.0000000000001,2.914933436700267e-15,5.802765675374158e-15
guitarset/03_Funk2-108-Eb_comp_mix,guitarset,108.00000000000004,2.6999851800250467e-15,6.394884621840904e-15
guitarset/02_Jazz2-110-Bb_comp_mix,guitarset,110.00000000000001,2.688560103626077e-15,6.513308411134252e-15
guitarset/02_SS1-68-E_comp_mix,guitarset,67.99999999999997,1.4292182707616855e-15,1.384078037366028e-15
guitarset/02_Rock1-130-A_comp_mix,guitarset,129.99999999999997,2.1151000969650426e-15,7.69754630406775e-15
groove_midi/drummer7_session2_8_rock_95_beat_4-4,groove_midi,94.99999208333368,2.2072549097926034e-15,5.625129522673314e-15
groove_midi/drummer5_session1_3_latin-brazilian-samba_89_beat_4-4,groove_midi,89.00004005001789,8.676018501612647e-15,2.1079443979966066e-14
groove_midi/drummer8_session1_22_funk_115_beat_4-4,groove_midi,115.00002875000793,2.540884736595715e-15,6.809369586710067e-15
groove_midi/drummer1_session2_7_jazz-march_88_beat_4-4,groove_midi,88.00002346667294,8.600136641969737e-15,2.084259247365427e-14
groove_midi/drummer4_session1_5_latin-brazilian_184_beat_4-4,groove_midi,183.9999754666693,2.383999663878441e-15,5.4474935811616054e-15
groove_midi/drummer1_session3_10_rock-folk_90_beat_4-4,groove_midi,89.99995500002294,1.189946581524859e-14,2.13162714146674e-14
groove_midi/drummer1_session1_80_dance-breakbeat_170_beat_4-4,groove_midi,170.0000850000423,1.977566798704277e-14,4.0264108491793214e-14
groove_midi/drummer6_session3_3_rock_100_beat_4-4,groove_midi,100.00000000000095,5.217704685277016e-15,1.1842378929335116e-14
groove_midi/drummer1_session2_32_punk_140_beat_4-4,groove_midi,140.00014000013832,7.183936505498067e-15,1.6579347080415886e-14
groove_midi/drummer9_session1_19_rock_120_beat_4-4,groove_midi,120.0,0.0,0.0
groove_midi/drummer8_eval_session_8_rock-groove8_65_beat_4-4,groove_midi,64.99999458333383,3.0570266852340077e-16,7.216449058692768e-16
groove_midi/drummer7_session1_38_hiphop_100_beat_4-4,groove_midi,99.99999999999999,1.3687865063274655e-15,2.9605947323337505e-15
groove_midi/drummer7_session1_11_rock_93_beat_4-4,groove_midi,93.00004185001859,1.196413377729802e-15,2.7533543400798344e-15
groove_midi/drummer6_session1_1_rock_70_beat_6-8,groove_midi,46.66665888889018,8.018170628730264e-16,1.3816106448206429e-15
groove_midi/drummer9_session1_7_rock_100_beat_4-4,groove_midi,100.0,1.3257410761909935e-15,2.960594732333751e-15
groove_midi/drummer7_session2_79_funk_100_beat_4-4,groove_midi,100.0,1.3257410761909935e-15,2.960594732333751e-15
groove_midi/drummer9_session1_1_rock_100_beat_4-4,groove_midi,99.99999999999976,1.2988897687191217e-15,2.960594732333744e-15
groove_midi/drummer7_session1_9_rock_93_beat_4-4,groove_midi,93.00004185001859,1.0022668057643413e-15,2.7533543400798344e-15
groove_midi/drummer6_session1_2_rock_70_beat_6-8,groove_midi,46.666658888890275,1.1332884289517368e-15,2.7632212896412913e-15
groove_midi/drummer1_session3_1_rock-prog_125_beat_4-4,groove_midi,125.00000000000081,1.9653560488764588e-14,5.92118946466754e-14
groove_midi/drummer9_session1_18_rock_120_beat_4-4,groove_midi,120.0,0.0,0.0
groove_midi/drummer1_session3_8_rock_135_beat_4-4,groove_midi,135.00013500013478,9.653044924147087e-16,1.9984034427287212e-15
groove_midi/drummer1_eval_session_10_soul-groove10_102_beat_4-4,groove_midi,102.00005100002534,2.1436517039086154e-15,6.039616273768979e-15
groove_midi/drummer1_session1_81_dance-breakbeat_170_beat_4-4,groove_midi,170.00008500004188,1.7743055476089183e-15,2.6737884545331362e-15
groove_midi/drummer3_session2_43_rock_110_beat_4-4,groove_midi,109.99990833340962,2.7690141923982023e-15,6.51330298338176e-15
groove_midi/drummer1_session2_2_latin-chacarera_118_beat_4-4,groove_midi,117.99990166674763,5.827364888706951e-15,1.3973995491618944e-14
groove_midi/drummer5_session2_1_latin-venezuelan-sangueo_101_beat_4-4,groove_midi,101.00006901671358,1.1018920325785533e-15,2.990202722962275e-15
groove_midi/drummer5_session2_2_latin-brazilian_101_beat_4-4,groove_midi,101.00006901671358,1.2014290540839832e-15,2.990202722962275e-15
groove_midi/drummer5_eval_session_2_funk-groove2_105_beat_4-4,groove_midi,104.99992125005905,2.137037535352887e-15,6.217244274967669e-15
groove_midi/drummer5_session1_11_latin-brazilian-sambareggae_96_beat_4-4,groove_midi,96.0,0.0,0.0
groove_midi/drummer1_session1_239_funk-purdieshuffle_130_beat_4-4,groove_midi,130.00013000013075,2.256540273705798e-14,6.158043201297439e-14
groove_midi/drummer7_session3_159_soul_98_beat_4-4,groove_midi,97.9999836666694,1.414552499162664e-15,2.9013823541233505e-15
groove_midi/drummer9_session1_24_rock_90_beat_4-4,groove_midi,89.9999550000225,3.320506307985531e-15,5.329067853666824e-15
groove_midi/drummer7_session2_1_rock_120_beat_4-4,groove_midi,120.0,0.0,0.0
groove_midi/drummer7_session1_14_jazz_100_beat_4-4,groove_midi,99.99999999999976,1.2225491603033682e-15,2.960594732333744e-15
groove_midi/drummer5_session1_16_rock_136_beat_4-4,groove_midi,136.0001450668218,2.230806635501228e-14,6.442261009303337e-14
groove_midi/drummer10_session1_4_jazz-swing_215_beat_4-4,groove_midi,214.999820833482,5.494874888727946e-15,1.2730546740246141e-14
groove_midi/drummer8_session1_4_hiphop_90_beat_4-4,groove_midi,89.99995500002245,4.4649464942343994e-15,1.0658135707333644e-14
groove_midi/drummer1_session1_183_afrocuban_105_beat_4-4,groove_midi,105.00010500010548,2.622735677372118e-15,6.21725515515606e-15
groove_midi/drummer3_session1_9_rock_105_beat_4-4,groove_midi,104.99992125005903,4.892279048112723e-15,1.2434488549935337e-14
groove_midi/drummer7_session3_67_neworleans-funk_93_beat_4-4,groove_midi,93.00004185001859,9.126272702204591e-16,2.7533543400798344e-15
groove_midi/drummer7_session3_106_hiphop_70_beat_4-4,groove_midi,69.99998833333522,3.2703711399046143e-16,7.771559877116111e-16
groove_midi/drummer5_session2_6_neworleans-secondline_99_beat_4-4,groove_midi,98.99993565004002,1.1238234613982626e-14,2.3447895038951103e-14
groove_midi/drummer7_session3_91_neworleans-funk_93_beat_4-4,groove_midi,93.00004185001859,1.3654852852030259e-15,2.7533543400798344e-15
groove_midi/drummer7_session2_36_rock_75_fill_4-4,groove_midi,74.99999999999993,1.6223340181827616e-15,4.440892098500622e-15
groove_midi/drummer5_session2_22_latin-brazilian-frevo_133_beat_4-4,groove_midi,132.99994680002214,9.879875515998109e-15,3.150071535174517e-14
groove_midi/drummer1_session1_102_funk_95_beat_4-4,groove_midi,95.00014250021519,9.729458078488413e-15,2.2500553716567423e-14
groove_midi/drummer7_session3_150_soul_105_beat_4-4,groove_midi,104.99992125005903,2.621327724617155e-15,6.2172442749676686e-15
groove_midi/drummer5_session1_17_blues-shuffle_72_beat_4-4,groove_midi,72.00002880001124,9.182715857819472e-15,1.705303247945533e-14
groove_midi/drummer5_session1_13_afrocuban-calypso_124_beat_4-4,groove_midi,123.99999173333555,2.489076070774729e-14,5.87381955736227e-14
groove_midi/drummer9_session1_13_rock_120_beat_4-4,groove_midi,120.0,0.0,0.0
groove_midi/drummer3_session2_10_rock_100_beat_4-4,groove_midi,100.00000000000006,1.2389005023515381e-15,2.9605947323337525e-15
groove_midi/drummer1_session1_146_latin-brazilian-baiao_95_beat_4-4,groove_midi,95.00014250021412,9.610668216590522e-15,2.2500553716567168e-14
groove_midi/drummer10_session1_2_jazz-swing_215_beat_4-4,groove_midi,214.999820833482,1.0207610081389682e-14,2.5461093480492282e-14
groove_midi/drummer8_eval_session_1_funk-groove1_138_beat_4-4,groove_midi,137.99987580011194,8.833912091510239e-16,2.0428085267826162e-15
groove_midi/drummer5_eval_session_1_funk-groove1_138_beat_4-4,groove_midi,137.99987580011194,8.787843028231254e-16,2.0428085267826162e-15
groove_midi/drummer5_session2_15_latin-venezuelan-joropo_80_beat_4-4,groove_midi,80.0,0.0,0.0
groove_midi/drummer5_session1_1_latin-brazilian-bossa_127_beat_4-4,groove_midi,126.99998518333413,4.273309453322268e-15,0.0
groove_midi/drummer7_session2_123_hiphop_140_beat_4-4,groove_midi,140.00014000013948,7.146569327731388e-15,1.6579347080416024e-14
groove_midi/drummer8_eval_session_10_soul-groove10_102_beat_4-4,groove_midi,102.00005100002534,2.0772072053143344e-15,6.039616273768979e-15
groove_midi/drummer8_session1_17_afrobeat_90_beat_4-4,groove_midi,89.99995500002245,7.422428796480364e-15,2.1316271414667288e-14
groove_midi/drummer1_session1_75_jazz_125_beat_4-4,groove_midi,124.99999999999989,6.032760720959782e-15,1.4802973661668742e-14
groove_midi/drummer6_session3_7_rock_88_beat_4-4,groove_midi,88.00002346667286,5.170833794560959e-15,1.0421296236827126e-14
groove_midi/drummer3_session1_5_rock_105_beat_4-4,groove_midi,104.99992125005903,1.30746045999788e-15,3.1086221374838343e-15
groove_midi/drummer7_session3_38_hiphop_67_beat_4-4,groove_midi,67.00002903334594,5.40394314057402e-16,1.2397495813895773e-16
groove_midi/drummer6_session3_1_rock_90_beat_4-4,groove_midi,89.99995500002247,2.5986026614652255e-15,5.329067853666823e-15
groove_midi/drummer7_session1_8_rock_93_beat_4-4,groove_midi,93.00004185001859,1.5684584170486469e-15,0.0
groove_midi/drummer3_session1_22_jazz_120_beat_4-4,groove_midi,120.0,0.0,0.0
groove_midi/drummer7_session3_1_rock_60_beat_4-4,groove_midi,60.0,0.0,0.0
groove_midi/drummer7_session3_64_funk_112_beat_4-4,groove_midi,112.00005973336546,1.5663827159516961e-15,3.3158678686766724e-15
groove_midi/drummer7_session3_39_rock-indie_63_beat_4-4,groove_midi,62.99999684999999,1.7439320060008522e-15,3.730349176223057e-15
groove_midi/drummer7_session3_22_pop-soft_83_beat_4-4,groove_midi,82.99995020002969,1.2530454943813865e-15,2.4572921534617155e-15
groove_midi/drummer7_session1_22_hiphop_100_beat_4-4,groove_midi,100.00000000000006,1.169390912672495e-15,2.9605947323337525e-15
groove_midi/drummer1_session2_62_punk_144_beat_4-4,groove_midi,143.99988480009327,1.448639518536476e-14,3.4106024031665844e-14
groove_midi/drummer1_session2_9_jazz-march_120_beat_4-4,groove_midi,120.0,0.0,0.0
groove_midi/drummer1_session2_90_funk-rock_92_beat_4-4,groove_midi,91.99998773333465,2.1083861083876368e-15,5.4474935811616054e-15
groove_midi/drummer1_session3_17_afrocuban-calypso_108_beat_4-4,groove_midi,107.99991360006995,4.573442517730146e-15,1.2789759011874692e-14
groove_midi/drummer8_session1_11_neworleans-funk_82_beat_4-4,groove_midi,82.00003553334872,1.680895847211145e-15,0.0
groove_midi/drummer5_eval_session_7_pop-groove7_138_beat_4-4,groove_midi,137.99987580011194,8.833912091510239e-16,2.0428085267826162e-15
groove_midi/drummer7_session2_29_rock_75_beat_4-4,groove_midi,74.99999999999993,8.418682910850735e-16,1.1102230246251556e-15
groove_midi/drummer8_eval_session_3_soul-groove3_86_beat_4-4,groove_midi,86.00005160003106,8.06448568147336e-16,1.2730564987374134e-15
groove_midi/drummer5_session1_15_funk_100_beat_4-4,groove_midi,100.00000000000095,1.6079333980134308e-14,4.736951571734046e-14
groove_midi/drummer7_session1_15_jazz_112_beat_4-4,groove_midi,112.00005973336546,1.5435849979741034e-15,3.3158678686766724e-15
groove_midi/drummer7_session2_115_jazz-fusion_96_beat_4-4,groove_midi,96.0,0.0,0.0
groove_midi/drummer7_session2_64_rock_145_beat_4-4,groove_midi,145.00003625000966,1.780306405313783e-15,4.292863435099815e-15
groove_midi/drummer7_session2_112_jazz-fusion_96_beat_4-4,groove_midi,96.0,0.0,0.0
groove_midi/drummer8_session1_7_funk_80_beat_4-4,groove_midi,80.0,0.0,0.0
groove_midi/drummer5_eval_session_10_soul-groove10_102_beat_4-4,groove_midi,102.00005100002534,2.0772072053143344e-15,6.039616273768979e-15
groove_midi/drummer7_eval_session_5_funk-groove5_84_beat_4-4,groove_midi,83.99996640001329,1.104545932821854e-15,2.486898580400914e-15
groove_midi/drummer1_session3_12_latin-bomba_96_beat_4-4,groove_midi,96.0,0.0,0.0
groove_midi/drummer10_session1_10_jazz-swing_110_beat_4-4,groove_midi,109.99990833340891,5.3001500817088304e-15,1.3026605966763436e-14
groove_midi/drummer7_eval_session_1_funk-groove1_138_beat_4-4,groove_midi,137.99987580011194,8.833912091510239e-16,2.0428085267826162e-15
groove_midi/drummer8_session1_8_funk_96_beat_4-4,groove_midi,96.0,0.0,0.0
groove_midi/drummer7_session3_46_rock-indie_63_beat_4-4,groove_midi,62.9999968500001,1.6292498429844845e-15,3.730349176223064e-15
groove_midi/drummer1_session3_4_jazz-linear_182_beat_4-4,groove_midi,182.00018200018584,1.9347746006203848e-14,2.1553151204541366e-14
groove_midi/drummer7_session2_87_hiphop_75_beat_4-4,groove_midi,75.00000000000027,5.31800258535894e-15,7.077671781985398e-15
groove_midi/drummer9_session1_25_rock_90_beat_4-4,groove_midi,89.99995500002245,1.8783471659473935e-15,5.329067853666822e-15
groove_midi/drummer6_session1_3_rock_80_beat_6-8,groove_midi,53.333333333333336,0.0,0.0
groove_midi/drummer1_eval_session_6_hiphop-groove6_87_beat_4-4,groove_midi,87.0000217500052,1.2509164970585547e-15,2.5757180610598712e-15
groove_midi/drummer1_session3_13_rock_115_beat_4-4,groove_midi,115.00002875000793,1.9896809020821686e-14,5.447495669368054e-14
groove_midi/drummer4_session1_3_jazz-klezmer_152_beat_4-4,groove_midi,151.9999392000246,1.2463448333804683e-15,2.2500510965532164e-15
groove_midi/drummer7_session1_39_hiphop_100_beat_4-4,groove_midi,100.0,1.3257410761909935e-15,2.960594732333751e-15
groove_midi/drummer5_session2_20_latin-brazilian-ijexa_108_beat_4-4,groove_midi,107.99991360006926,7.70686398821331e-16,1.5987198764843263e-15
groove_midi/drummer7_session3_24_hiphop_67_beat_4-4,groove_midi,67.00002903334594,8.831652983655496e-16,0.0
groove_midi/drummer8_session1_6_funk_80_beat_4-4,groove_midi,80.0,0.0,0.0
groove_midi/drummer5_eval_session_6_hiphop-groove6_87_beat_4-4,groove_midi,87.0000217500052,1.2509164970585547e-15,2.5757180610598712e-15
groove_midi/drummer1_session2_180_rock_50_beat_4-4,groove_midi,50.00000000000003,5.5997617830712065e-15,1.184237892933501e-14
groove_midi/drummer3_session1_12_rock_120_beat_4-4,groove_midi,120.0,0.0,0.0
groove_midi/drummer3_session1_4_rock_105_beat_4-4,groove_midi,104.99992125005903,1.471330579026715e-15,3.1086221374838343e-15
groove_midi/drummer7_session2_96_pop_142_beat_4-4,groove_midi,142.00007100003555,6.589135280698233e-15,1.6816186487748952e-14
groove_midi/drummer7_session2_97_pop_142_beat_4-4,groove_midi,142.00007100003555,1.6901815828364252e-15,3.9412937080661607e-16
groove_midi/drummer7_session3_65_funk_112_beat_4-4,groove_midi,112.00005973336546,1.6176429663997854e-15,3.3158678686766724e-15
groove_midi/drummer3_session2_22_rock_92_beat_4-4,groove_midi,91.99998773333496,1.2578911749063774e-15,2.7237467905808118e-15
groove_midi/drummer1_session2_4_jazz_120_beat_3-4,groove_midi,120.0,0.0,0.0
groove_midi/drummer5_session2_10_neworleans-funk_102_beat_4-4,groove_midi,102.00005100002595,2.547817029258443e-15,6.039616273769015e-15
groove_midi/drummer5_session2_21_latin-brazilian-ijexa_108_beat_4-4,groove_midi,107.99991360006909,3.998226864865007e-15,6.394879505937295e-15
groove_midi/drummer6_session2_2_rock_95_beat_4-4,groove_midi,94.99999208333368,6.877350950894503e-15,2.2500518090693256e-14
groove_midi/drummer8_session1_2_funk_95_beat_4-4,groove_midi,94.99999208333368,8.874182910258386e-15,2.2500518090693256e-14
groove_midi/drummer8_session1_21_rock-shuffle_112_beat_4-4,groove_midi,112.00005973336546,7.23245489246937e-15,3.3158678686766724e-15
groove_midi/drummer1_session2_1_latin-chacarera_157_beat_3-4,groove_midi,156.99983776683513,1.2546890499992287e-14,3.718503141357964e-14
groove_midi/drummer8_session1_18_funk_108_beat_4-4,groove_midi,107.99991360006995,5.198023334307165e-15,1.2789759011874692e-14
groove_midi/drummer6_session3_4_rock_127_beat_4-4,groove_midi,126.99998518333413,3.386975690064153e-15,7.519909742804869e-15
groove_midi/drummer5_session2_14_rock_140_beat_4-4,groove_midi,140.00014000014005,6.829374704115428e-15,1.657934708041609e-14
groove_midi/drummer6_session2_3_rock_88_beat_4-4,groove_midi,88.00002346667294,8.62214943611578e-15,2.084259247365427e-14
groove_midi/drummer1_eval_session_8_rock-groove8_65_beat_4-4,groove_midi,64.99999458333383,3.0570266852340077e-16,7.216449058692768e-16
groove_midi/drummer4_session1_2_jazz_158_beat_4-4,groove_midi,157.99993153336223,2.2839293956364815e-15,4.677737650067656e-15
groove_midi/drummer10_session1_1_jazz-swing_124_beat_4-4,groove_midi,123.99999173333555,7.178267391460089e-15,1.4684548893405674e-14
groove_midi/drummer1_session1_145_latin-brazilian-baiao_95_beat_4-4,groove_midi,95.00014250021373,1.7840287486247813e-15,4.2188538218563266e-15
groove_midi/drummer8_session1_12_latin_118_beat_4-4,groove_midi,117.99990166674763,5.722487066695156e-15,1.3973995491618944e-14
groove_midi/drummer7_session1_1_rock_86_beat_4-4,groove_midi,86.00005160003018,4.617112783206667e-15,1.0184451989899205e-14
groove_midi/drummer7_session2_93_hiphop_75_beat_4-4,groove_midi,74.99999999999993,5.846815929450269e-16,1.1102230246251556e-15
groove_midi/drummer1_session3_9_rock_135_beat_4-4,groove_midi,135.0001350001337,6.248807246218006e-15,1.5987227541829643e-14
groove_midi/drummer8_session1_25_funk-latin_100_beat_4-4,groove_midi,100.00000000000006,5.649493288200335e-15,1.184237892933501e-14
groove_midi/drummer8_eval_session_5_funk-groove5_84_beat_4-4,groove_midi,83.99996640001329,1.1070601099338125e-15,2.486898580400914e-15
groove_midi/drummer9_session1_5_rock_100_beat_4-4,groove_midi,99.99999999999976,3.6620565815409404e-15,1.1842378929334975e-14
groove_midi/drummer3_session1_16_jazz_120_beat_4-4,groove_midi,120.0,0.0,0.0
groove_midi/drummer9_session1_28_rock_90_beat_4-4,groove_midi,89.99995500002245,8.511957004967635e-16,4.996001112812646e-16
groove_midi/drummer5_session2_16_latin-ando_125_beat_3-4,groove_midi,124.99999999999989,1.1153876727287143e-14,2.9605947323337485e-14
groove_midi/drummer7_session2_33_rock_75_beat_4-4,groove_midi,74.99999999999993,5.721958498152794e-16,1.1102230246251556e-15
groove_midi/drummer1_session2_161_afrocuban-rhumba_110_beat_4-4,groove_midi,109.99990833340891,4.912549084668952e-15,1.3026605966763436e-14
groove_midi/drummer5_session2_7_neworleans-secondline_124_beat_4-4,groove_midi,123.99999173333373,6.793780906658832e-15,1.468454889340546e-14
groove_midi/drummer1_session1_48_jazz_93_beat_4-4,groove_midi,93.00004185001859,9.801945747428495e-16,2.7533543400798344e-15
groove_midi/drummer7_session2_101_pop_142_beat_4-4,groove_midi,142.00007100003555,3.4196418976389706e-15,8.408093243874476e-15
groove_midi/drummer5_session2_18_latin-brazilian-samba_93_beat_4-4,groove_midi,93.00004185001859,1.249943981696544e-15,2.7533543400798344e-15
groove_midi/drummer7_session3_133_soul_105_beat_4-4,groove_midi,104.99992125005903,2.6116617053162476e-15,6.2172442749676686e-15
groove_midi/drummer1_session2_181_rock_115_beat_4-4,groove_midi,115.00002875000793,3.2643288347885724e-15,6.809369586710067e-15
groove_midi/drummer1_session1_2_funk_80_beat_4-4,groove_midi,80.0,0.0,0.0
groove_midi/drummer10_session1_9_jazz-swing_110_beat_4-4,groove_midi,109.99990833340891,5.35735376729561e-15,1.3026605966763436e-14
groove_midi/drummer1_session1_4_jazz-funk_116_beat_4-4,groove_midi,116.00008506672938,1.2567244421349412e-15,3.43429240798826e-15
groove_midi/drummer5_session2_24_latin-brazilian-songo_120_beat_4-4,groove_midi,120.0,0.0,0.0
groove_midi/drummer1_eval_session_3_soul-groove3_86_beat_4-4,groove_midi,86.00005160003106,8.011118008379341e-16,1.2730564987374134e-15
groove_midi/drummer3_session1_14_rock_120_beat_4-4,groove_midi,120.0,0.0,0.0
groove_midi/drummer7_session2_6_rock_120_beat_4-4,groove_midi,120.0,0.0,0.0
groove_midi/drummer5_session2_12_rock_105_beat_4-4,groove_midi,104.99992125006001,5.508406726845876e-15,1.2434488549935452e-14
groove_midi/drummer8_session1_5_hiphop_90_beat_4-4,groove_midi,89.99995500002197,4.4449224125459705e-15,1.0658135707333587e-14
groove_midi/drummer7_eval_session_4_soul-groove4_80_beat_4-4,groove_midi,80.0,0.0,0.0
groove_midi/drummer5_session2_13_rock_140_beat_4-4,groove_midi,140.00014000014005,3.4654216128674395e-15,8.289673540208045e-15
groove_midi/drummer6_session3_6_rock_88_beat_4-4,groove_midi,88.00002346667294,8.107832232352888e-15,2.084259247365427e-14
groove_midi/drummer7_session3_120_rock_93_beat_4-4,groove_midi,93.00004185001859,1.0277166318279616e-15,2.7533543400798344e-15
groove_midi/drummer7_eval_session_2_funk-groove2_105_beat_4-4,groove_midi,104.99992125005905,2.137037535352887e-15,6.217244274967669e-15
groove_midi/drummer5_session1_7_latin-brazilian-maracatu_96_beat_4-4,groove_midi,96.0,0.0,0.0
groove_midi/drummer3_session1_18_rock_120_beat_4-4,groove_midi,120.0,0.0,0.0
groove_midi/drummer7_session3_117_rock_95_beat_4-4,groove_midi,94.99999208333394,1.176955379154347e-15,2.812564761336665e-15
groove_midi/drummer1_session2_112_afrocuban-bembe_122_beat_4-4,groove_midi,122.00006913337141,5.4578041591179365e-15,1.4447710480824514e-14
groove_midi/drummer3_session2_5_rock_100_beat_4-4,groove_midi,99.99999999999976,1.3537133775691396e-15,2.960594732333744e-15
groove_midi/drummer5_session2_3_latin-brazilian_101_beat_4-4,groove_midi,101.00006901671358,1.0009583322313977e-15,2.990202722962275e-15
groove_midi/drummer7_eval_session_8_rock-groove8_65_beat_4-4,groove_midi,64.99999458333383,3.0570266852340077e-16,7.216449058692768e-16
groove_midi/drummer7_session3_10_rock_60_beat_4-4,groove_midi,60.0,0.0,0.0
groove_midi/drummer9_session1_22_rock_120_beat_4-4,groove_midi,120.0,0.0,0.0
groove_midi/drummer8_session1_28_rock_102_beat_4-4,groove_midi,102.00005100002595,2.5283562785199658e-15,6.039616273769015e-15
groove_midi/drummer8_session1_10_neworleans-funk_82_beat_4-4,groove_midi,82.00003553334872,1.5538496951544945e-15,0.0
groove_midi/drummer1_session1_28_latin-samba_116_beat_4-4,groove_midi,116.0000850667262,1.322372548586697e-14,2.7474339263905325e-14
groove_midi/drummer7_session1_13_funk_102_beat_4-4,groove_midi,102.00005100002595,2.780323780538537e-15,6.039616273769015e-15
groove_midi/drummer1_eval_session_4_soul-groove4_80_beat_4-4,groove_midi,80.0,0.0,0.0
groove_midi/drummer5_session2_5_reggae_126_beat_4-4,groove_midi,126.00012600012532,2.4603538370811562e-15,5.595529639640398e-15
groove_midi/drummer4_session1_4_latin-brazilian_92_beat_4-4,groove_midi,91.99998773333496,1.2002932141682845e-15,2.7237467905808118e-15
groove_midi/drummer1_session3_15_funk_117_beat_4-4,groove_midi,116.99988885010504,2.9724074017734333e-15,6.927785092265107e-15
groove_midi/drummer9_session1_14_rock_120_beat_4-4,groove_midi,120.0,0.0,0.0
groove_midi/drummer4_session1_1_rock_87_beat_4-4,groove_midi,87.0000217500052,1.1693022006297696e-15,2.5757180610598712e-15
groove_midi/drummer7_session2_80_country_78_beat_4-4,groove_midi,77.99997660000689,6.024761304119884e-15,1.8474105587530897e-14
groove_midi/drummer3_session2_16_rock_100_beat_4-4,groove_midi,99.99999999999976,1.2036049911749982e-15,2.960594732333744e-15
groove_midi/drummer1_eval_session_5_funk-groove5_84_beat_4-4,groove_midi,83.99996640001329,1.1070601099338125e-15,2.486898580400914e-15
groove_midi/drummer1_session2_10_country_114_beat_4-4,groove_midi,113.99995440001824,9.772152087589484e-15,2.7000613158638545e-14
groove_midi/drummer7_session1_12_funk_102_beat_4-4,groove_midi,102.0000510000255,2.8135095316596698e-15,6.039616273768988e-15
groove_midi/drummer1_session3_5_jazz-linear_128_beat_4-4,groove_midi,128.0,0.0,0.0
groove_midi/drummer7_session2_37_rock_112_beat_4-4,groove_midi,112.00005973336546,6.790132642104563e-15,3.3158678686766724e-15
groove_midi/drummer5_eval_session_3_soul-groove3_86_beat_4-4,groove_midi,86.00005160003106,8.06448568147336e-16,1.2730564987374134e-15
groove_midi/drummer7_session3_23_pop-soft_83_beat_4-4,groove_midi,82.9999502000299,1.2831118697224932e-15,2.4572921534617214e-15
groove_midi/drummer5_session1_2_latin-brazilian-bossa_127_beat_4-4,groove_midi,126.99998518333413,4.171660957088506e-15,0.0
groove_midi/drummer1_session2_35_punk_128_beat_4-4,groove_midi,128.0,0.0,0.0
groove_midi/drummer5_eval_session_8_rock-groove8_65_beat_4-4,groove_midi,64.99999458333383,3.0570266852340077e-16,7.216449058692768e-16
groove_midi/drummer1_session3_6_dance-disco_120_beat_4-4,groove_midi,120.0,0.0,0.0
groove_midi/drummer5_session2_4_reggae_141_beat_4-4,groove_midi,140.99997180000432,6.405706572215412e-15,1.6697750950812006e-14
groove_midi/drummer3_session2_2_rock_100_beat_4-4,groove_midi,100.00000000000006,1.2389005023515381e-15,2.9605947323337525e-15
groove_midi/drummer1_session1_101_dance-disco_120_beat_4-4,groove_midi,120.0,0.0,0.0
groove_midi/drummer1_session3_11_afrobeat_94_beat_4-4,groove_midi,93.99998120000497,9.42117846530469e-15,2.2263667934416506e-14
groove_midi/drummer9_session1_23_rock_120_beat_4-4,groove_midi,120.0,0.0,0.0
groove_midi/drummer5_session1_14_latin-brazilian-songo_112_beat_4-4,groove_midi,112.00005973336546,2.200364308975252e-14,5.305388589882676e-14
groove_midi/drummer8_eval_session_6_hiphop-groove6_87_beat_4-4,groove_midi,87.0000217500052,1.2509164970585547e-15,2.5757180610598712e-15
groove_midi/drummer1_session1_51_rock-shuffle_125_beat_4-4,groove_midi,125.00000000000081,1.5542654832022607e-14,2.96059473233377e-14
groove_midi/drummer7_session3_92_hiphop_70_beat_4-4,groove_midi,69.99998833333528,5.246344910669445e-15,8.289663868923857e-15
groove_midi/drummer1_session1_176_afrocuban_105_beat_4-4,groove_midi,105.00010500010548,1.6407325482417507e-14,4.973804124124848e-14
groove_midi/drummer3_session1_1_rock_105_beat_4-4,groove_midi,104.99992125005903,4.192643704835731e-15,1.2434488549935337e-14
groove_midi/drummer8_session1_9_funk_96_beat_4-4,groove_midi,96.0,0.0,0.0
groove_midi/drummer1_session2_110_rock-prog_190_beat_4-4,groove_midi,190.00028500042825,9.323687702188698e-15,2.2500553716567168e-14
groove_midi/drummer8_session1_19_funk_108_beat_4-4,groove_midi,107.99991360006995,4.96954594224771e-15,1.2789759011874692e-14
groove_midi/drummer7_session2_26_rock_118_beat_4-4,groove_midi,117.99990166674846,2.0074491272155522e-15,2.1834367955654752e-15
groove_midi/drummer7_session2_103_pop_132_beat_4-4,groove_midi,132.000132000132,3.5037572088420816e-15,7.815977909339012e-15
groove_midi/drummer8_session1_23_hiphop_70_beat_4-4,groove_midi,69.99998833333522,6.755917765125683e-15,1.6579327737847702e-14
groove_midi/drummer9_session1_2_rock_100_beat_4-4,groove_midi,99.99999999999976,1.338832004761372e-15,2.960594732333744e-15
groove_midi/drummer5_session1_5_latin-brazilian-samba_89_beat_4-4,groove_midi,89.00004005001789,1.1644435761193903e-14,2.1079443979966066e-14
groove_midi/drummer8_eval_session_4_soul-groove4_80_beat_4-4,groove_midi,80.0,0.0,0.0
groove_midi/drummer7_session2_54_soul-motown_148_beat_4-4,groove_midi,148.00014800014733,1.590955446386666e-15,4.381684585538517e-15
groove_midi/drummer1_session1_3_funk_80_beat_4-4,groove_midi,80.0,0.0,0.0
groove_midi/drummer1_eval_session_2_funk-groove2_105_beat_4-4,groove_midi,104.99992125005905,2.137037535352887e-15,6.217244274967669e-15
groove_midi/drummer5_session1_9_latin-dominican-merengue_130_beat_4-4,groove_midi,130.00013000013075,2.195199847683079e-14,6.158043201297439e-14
groove_midi/drummer7_session2_27_rock_75_beat_4-4,groove_midi,75.00000000000027,1.8696797611365822e-15,4.440892098500642e-15
groove_midi/drummer7_eval_session_10_soul-groove10_102_beat_4-4,groove_midi,102.00005100002534,2.1436517039086154e-15,6.039616273768979e-15
groove_midi/drummer1_session1_100_neworleans-secondline_94_beat_4-4,groove_midi,93.99998120000366,6.493120505889374e-15,1.1131833967208097e-14
groove_midi/drummer5_session1_10_latin-brazilian-sambareggae_96_beat_4-4,groove_midi,96.0,0.0,0.0
groove_midi/drummer7_session3_132_soul_105_beat_4-4,groove_midi,104.99992125005936,5.35759528775895e-15,1.2434488549935375e-14
groove_midi/drummer7_session2_46_rock_135_beat_4-4,groove_midi,135.00013500013478,9.624803849879118e-16,1.9984034427287212e-15
groove_midi/drummer7_session2_104_pop_132_beat_4-4,groove_midi,132.000132000132,3.5523254238603756e-15,7.815977909339012e-15
groove_midi/drummer5_eval_session_5_funk-groove5_84_beat_4-4,groove_midi,83.99996640001329,1.1070601099338125e-15,2.486898580400914e-15
groove_midi/drummer7_session3_11_pop-soft_83_beat_4-4,groove_midi,82.99995020002969,1.6365145365377327e-15,2.4572921534617155e-15
groove_midi/drummer5_session1_6_latin-brazilian-maracatu_96_beat_4-4,groove_midi,96.0,0.0,0.0
groove_midi/drummer5_session1_12_latin-brazilian-sambareggae_96_beat_4-4,groove_midi,96.0,0.0,0.0
groove_midi/drummer1_session1_47_jazz_102_beat_4-4,groove_midi,102.00005100002595,2.3419840759322134e-15,6.039616273769015e-15
groove_midi/drummer5_session1_19_middleeastern_126_beat_4-4,groove_midi,126.00012600012532,2.2674076818961013e-15,5.245809037162874e-15
groove_midi/drummer3_session2_24_rock_92_beat_4-4,groove_midi,91.99998773333499,1.5836212980839038e-15,2.7237467905808126e-15
groove_midi/drummer1_session3_16_funk_117_beat_4-4,groove_midi,116.99988885010504,2.9606884843783708e-15,6.927785092265107e-15
groove_midi/drummer1_session3_3_rock-rockabilly_200_beat_4-4,groove_midi,199.9999999999924,2.2267434774734774e-14,4.7369515717338216e-14
groove_midi/drummer6_session2_1_rock_95_beat_4-4,groove_midi,94.99999208333368,1.0066228197509082e-14,2.2500518090693256e-14
groove_midi/drummer3_session2_6_rock_100_beat_4-4,groove_midi,100.00000000000004,1.2678009747638084e-15,2.960594732333752e-15
groove_midi/drummer7_session2_113_jazz-fusion_96_beat_4-4,groove_midi,96.0,0.0,0.0
groove_midi/drummer9_session1_26_rock_90_beat_4-4,groove_midi,89.99995500002245,1.5876196244414167e-15,2.4980005564063227e-15
groove_midi/drummer7_eval_session_6_hiphop-groove6_87_beat_4-4,groove_midi,87.0000217500052,1.2509164970585547e-15,2.5757180610598712e-15
groove_midi/drummer1_session3_14_rock_94_beat_4-4,groove_midi,93.99998120000497,9.42117846530469e-15,2.2263667934416506e-14
groove_midi/drummer1_session1_201_reggae-slow_64_beat_4-4,groove_midi,64.0,0.0,0.0
groove_midi/drummer7_session1_7_rock_93_beat_4-4,groove_midi,93.00004185001885,1.376677170039919e-15,2.753354340079842e-15
groove_midi/drummer8_session1_1_funk_95_beat_4-4,groove_midi,94.99999208333581,1.078805444350541e-14,2.2500518090693764e-14
groove_midi/drummer7_eval_session_9_soul-groove9_105_beat_4-4,groove_midi,104.99992125005905,2.137037535352887e-15,6.217244274967669e-15
groove_midi/drummer7_session3_119_rock_95_beat_4-4,groove_midi,94.99999208333394,1.0132586360898465e-15,2.812564761336665e-15
groove_midi/drummer7_session2_108_soul-motown_104_beat_4-4,groove_midi,104.00001386666838,8.409715991851538e-16,1.5395094660814772e-15
groove_midi/drummer1_session1_202_rock-halftime_140_beat_4-4,groove_midi,140.00014000013832,2.98977836848387e-14,6.631738832166354e-14
groove_midi/drummer1_session1_49_jazz_125_beat_4-4,groove_midi,124.99999999999989,1.2077436697676432e-14,2.9605947323337485e-14
groove_midi/drummer5_session2_9_neworleans-shuffle_104_beat_4-4,groove_midi,104.00001386666966,6.066135299972597e-15,1.231607572865197e-14
groove_midi/drummer1_session1_50_jazz_125_beat_4-4,groove_midi,124.99999999999989,1.2168500249503679e-14,2.9605947323337485e-14
groove_midi/drummer5_session1_8_latin-venezuelan-merengue_162_beat_5-8,groove_midi,324.00032400032296,2.9732704516921734e-14,7.673869220078278e-14
groove_midi/drummer1_session3_18_rock_128_beat_4-4,groove_midi,128.0,0.0,0.0
groove_midi/drummer5_session2_11_soul_96_beat_4-4,groove_midi,96.0,0.0,0.0
groove_midi/drummer3_session1_35_rock_120_beat_4-4,groove_midi,120.0,0.0,0.0
groove_midi/drummer7_session3_130_soul_105_beat_4-4,groove_midi,104.99992125005905,1.5171800272186533e-15,3.1086221374838347e-15
groove_midi/drummer1_session3_2_jazz-swing_185_beat_4-4,groove_midi,185.0001850001866,1.885779895022912e-14,4.381684585538575e-14
groove_midi/drummer7_session3_49_funk_112_beat_4-4,groove_midi,112.00005973336546,1.5681787534451228e-15,3.3158678686766724e-15
groove_midi/drummer8_session1_13_latin_118_beat_4-4,groove_midi,117.99990166674763,5.8051885290666484e-15,1.3973995491618944e-14
groove_midi/drummer1_session1_184_reggae_78_beat_4-4,groove_midi,78.00007800007796,4.551941851538051e-15,9.237064801946101e-15
groove_midi/drummer10_session1_6_jazz-swing_215_beat_4-4,groove_midi,214.999820833482,1.4911977494033948e-15,3.1826366850615353e-15
groove_midi/drummer3_session1_11_rock_120_beat_4-4,groove_midi,120.0,0.0,0.0
groove_midi/drummer10_session1_5_jazz-swing_215_beat_4-4,groove_midi,214.9998208334827,5.997998439230881e-15,1.2730546740246182e-14
groove_midi/drummer1_session2_3_latin-chacarera_118_beat_4-4,groove_midi,117.99990166674846,5.7868613203225495e-15,1.3973995491619042e-14
groove_midi/drummer1_session2_111_rock-prog_110_beat_5-4,groove_midi,109.99990833340891,5.533626255794473e-15,1.3026605966763436e-14
groove_midi/drummer7_session3_131_soul_105_beat_4-4,groove_midi,104.99992125005936,1.5163135347632332e-15,3.1086221374838438e-15
groove_midi/drummer5_session2_8_neworleans-chacha_124_beat_4-4,groove_midi,123.99999173333384,7.214880919391288e-15,1.4684548893405472e-14
groove_midi/drummer9_session1_3_rock_100_beat_4-4,groove_midi,99.99999999999976,1.2835638906656653e-15,2.960594732333744e-15
groove_midi/drummer8_session1_24_funk-latin_100_beat_4-4,groove_midi,100.00000000000095,5.302755808511466e-15,1.1842378929335116e-14
groove_midi/drummer7_session1_17_hiphop_100_beat_4-4,groove_midi,99.99999999999976,4.901764027352159e-15,1.1842378929334975e-14
groove_midi/drummer7_session2_14_rock_95_beat_4-4,groove_midi,94.99999208333399,1.964139818004489e-15,5.625129522673333e-15
groove_midi/drummer7_session1_16_hiphop_100_beat_4-4,groove_midi,99.99999999999976,1.3339655771279204e-15,2.960594732333744e-15
groove_midi/drummer1_session1_78_jazz-fast_290_beat_4-4,groove_midi,290.00077333539497,6.452255135429402e-14,1.373719619055175e-13
groove_midi/drummer7_session3_129_rock_93_beat_4-4,groove_midi,93.00004185001859,1.2664840392624731e-15,2.7533543400798344e-15
groove_midi/drummer7_session1_10_rock_93_beat_4-4,groove_midi,93.00004185001859,1.091341129640962e-15,2.7533543400798344e-15
groove_midi/drummer6_session3_2_rock_100_beat_4-4,groove_midi,99.99999999999976,4.0872669399924266e-15,1.1842378929334975e-14
groove_midi/drummer1_session2_142_gospel_120_beat_4-4,groove_midi,120.0,0.0,0.0
groove_midi/drummer1_session1_79_latin-reggaeton_90_beat_4-4,groove_midi,90.0000900000901,5.011961363171145e-15,1.0658151694553208e-14
groove_midi/drummer7_session2_63_soul-motown_148_beat_4-4,groove_midi,148.000148000148,2.121273928515559e-15,4.381684585538536e-15
groove_midi/drummer5_session2_23_latin-brazilian-songo_120_beat_4-4,groove_midi,120.0,0.0,0.0
groove_midi/drummer3_session1_7_rock_105_beat_4-4,groove_midi,104.99992125005909,1.9740489978809867e-15,3.108622137483836e-15
groove_midi/drummer8_session1_27_latin_122_beat_4-4,groove_midi,122.00006913337141,5.544475719574835e-15,1.4447710480824514e-14
groove_midi/drummer3_session1_15_jazz_120_beat_4-4,groove_midi,120.0,0.0,0.0
groove_midi/drummer3_session2_37_rock_92_beat_4-4,groove_midi,91.99998773333496,1.2578911749063774e-15,2.7237467905808118e-15
groove_midi/drummer7_eval_session_3_soul-groove3_86_beat_4-4,groove_midi,86.00005160003106,8.06448568147336e-16,1.2730564987374134e-15
groove_midi/drummer9_session1_20_rock_120_beat_4-4,groove_midi,120.0,0.0,0.0
groove_midi/drummer8_eval_session_7_pop-groove7_138_beat_4-4,groove_midi,137.99987580011194,8.833912091510239e-16,2.0428085267826162e-15
groove_midi/drummer5_session2_19_latin-brazilian-ijexa_108_beat_4-4,groove_midi,107.99991360006926,5.169612703856606e-15,1.278975901187461e-14
groove_midi/drummer7_session3_47_funk_112_beat_4-4,groove_midi,112.00005973336546,1.5214909225272248e-15,3.3158678686766724e-15
groove_midi/drummer7_session2_100_pop_142_beat_4-4,groove_midi,142.00007100003555,5.951669160169324e-16,1.313764569355387e-16
groove_midi/drummer1_session1_77_jazz-mediumfast_180_beat_4-4,groove_midi,180.0001800001802,3.2919745453144526e-14,8.526521355642566e-14
groove_midi/drummer3_session2_25_hiphop_92_beat_4-4,groove_midi,91.99998773333496,2.0118385839501226e-15,5.4474935811616236e-15
groove_midi/drummer1_eval_session_9_soul-groove9_105_beat_4-4,groove_midi,104.99992125005905,2.137037535352887e-15,6.217244274967669e-15
groove_midi/drummer3_session1_13_rock_120_beat_4-4,groove_midi,120.0,0.0,0.0
groove_midi/drummer1_session2_5_jazz_200_beat_3-4,groove_midi,200.0000000000019,4.9929065222172434e-15,1.1842378929335116e-14
groove_midi/drummer1_session1_1_funk_80_beat_4-4,groove_midi,80.0,0.0,0.0
groove_midi/drummer7_session2_72_funk_100_beat_4-4,groove_midi,100.00000000000006,5.566427624000693e-15,1.184237892933501e-14
groove_midi/drummer10_session1_3_jazz-swing_215_beat_4-4,groove_midi,214.9998208334827,5.885294446945752e-15,1.2730546740246182e-14
groove_midi/drummer7_session3_109_rock_95_beat_4-4,groove_midi,94.99999208333394,2.1927200057255945e-15,5.62512952267333e-15
groove_midi/drummer6_session3_5_rock_180_beat_4-4,groove_midi,180.0001800001802,1.3886897449985696e-14,4.263260677821283e-14
groove_midi/drummer7_session3_151_soul_98_beat_4-4,groove_midi,97.99998366666915,1.500557584837947e-15,2.901382354123343e-15
groove_midi/drummer1_session2_8_jazz-march_176_beat_4-4,groove_midi,176.00004693334589,1.322058047091882e-14,4.168518494730854e-14
groove_midi/drummer5_session2_17_latin-brazilian-samba_110_beat_4-4,groove_midi,110.00011000010868,6.419303520340563e-15,1.3026629848898196e-14
groove_midi/drummer1_session1_82_neworleans-funk_84_beat_4-4,groove_midi,84.00008400008397,6.55095940105675e-15,1.9895216496499293e-14
groove_midi/drummer8_session1_16_afrobeat_90_beat_4-4,groove_midi,89.9999550000227,8.923018770347546e-15,2.1316271414667345e-14
groove_midi/drummer3_session2_1_rock_100_beat_4-4,groove_midi,99.99999999999999,1.3883691993492237e-15,2.9605947323337505e-15
groove_midi/drummer6_session1_5_rock_60_beat_6-8,groove_midi,40.0,0.0,0.0
groove_midi/drummer8_session1_26_afrobeat_94_beat_4-4,groove_midi,93.99998120000392,9.13467582745385e-15,2.2263667934416257e-14
groove_midi/drummer7_eval_session_7_pop-groove7_138_beat_4-4,groove_midi,137.99987580011194,8.833912091510239e-16,2.0428085267826162e-15
groove_midi/drummer1_session2_6_rock_102_beat_3-4,groove_midi,102.00005100002595,2.5350023784489247e-15,6.039616273769015e-15
groove_midi/drummer1_session3_7_dance-disco_120_beat_4-4,groove_midi,120.0,0.0,0.0
groove_midi/drummer7_session2_15_rock_118_beat_4-4,groove_midi,117.99990166674846,5.8782146007589454e-15,1.3973995491619042e-14
groove_midi/drummer3_session1_8_jazz_105_beat_4-4,groove_midi,104.99992125005903,4.254249432607992e-15,1.2434488549935337e-14
groove_midi/drummer8_session1_20_rock-shuffle_112_beat_4-4,groove_midi,112.00005973336546,9.952399712381631e-15,2.652694294941338e-14
groove_midi/drummer1_eval_session_7_pop-groove7_138_beat_4-4,groove_midi,137.99987580011194,8.833912091510239e-16,2.0428085267826162e-15
groove_midi/drummer1_session1_38_latin-samba_116_beat_4-4,groove_midi,116.00008506672938,1.402246831857716e-15,3.43429240798826e-15
groove_midi/drummer3_session2_26_hiphop_92_beat_4-4,groove_midi,91.9999877333349,2.3055111731564116e-15,5.44749358116162e-15
groove_midi/drummer3_session1_3_rock_105_beat_4-4,groove_midi,104.99992125005907,1.5065220670633267e-15,3.1086221374838355e-15
groove_midi/drummer5_session1_20_latin-brazilian-baiao_110_beat_4-4,groove_midi,109.99990833340891,4.908629697466981e-15,1.3026605966763436e-14
groove_midi/drummer7_session2_53_rock_135_beat_4-4,groove_midi,135.00013500013478,9.742517019578026e-16,1.9984034427287212e-15
groove_midi/drummer7_session2_106_soul-motown_104_beat_4-4,groove_midi,104.00001386666838,5.286163569938345e-15,1.2316075728651817e-14
groove_midi/drummer6_session1_4_rock_80_beat_6-8,groove_midi,53.333333333333336,0.0,0.0
groove_midi/drummer1_session1_52_jazz_125_beat_4-4,groove_midi,124.99999999999989,1.2077436697676432e-14,2.9605947323337485e-14
groove_midi/drummer7_session1_18_hiphop_100_beat_4-4,groove_midi,100.00000000000004,1.2678009747638084e-15,2.960594732333752e-15
groove_midi/drummer1_session1_126_funk-fast_125_beat_4-4,groove_midi,125.00000000000081,1.271086316208254e-14,2.96059473233377e-14
groove_midi/drummer7_session2_45_rock_135_beat_4-4,groove_midi,135.00013500013506,5.071652573720356e-15,7.9936137709149e-15
groove_midi/drummer5_eval_session_9_soul-groove9_105_beat_4-4,groove_midi,104.99992125005905,2.1752005009884836e-15,6.217244274967669e-15
groove_midi/drummer8_eval_session_9_soul-groove9_105_beat_4-4,groove_midi,104.99992125005905,2.137037535352887e-15,6.217244274967669e-15
groove_midi/drummer8_session1_15_hiphop_94_beat_4-4,groove_midi,93.99998120000392,8.962660823479782e-15,2.2263667934416257e-14
groove_midi/drummer1_eval_session_1_funk-groove1_138_beat_4-4,groove_midi,137.99987580011194,8.787843028231254e-16,2.0428085267826162e-15
groove_midi/drummer8_session1_14_hiphop_94_beat_4-4,groove_midi,93.99998120000392,8.412748327557267e-15,2.2263667934416257e-14
groove_midi/drummer1_session1_5_jazz-funk_116_beat_4-4,groove_midi,116.00008506672938,1.3379837521852362e-14,2.747433926390608e-14
groove_midi/drummer7_session3_108_rock_95_beat_4-4,groove_midi,94.99999208333368,2.2072549097926034e-15,5.625129522673314e-15
groove_midi/drummer3_session2_20_rock_92_beat_4-4,groove_midi,91.99998773333496,1.7845455264934744e-15,4.426088534693819e-15
groove_midi/drummer8_session1_3_hiphop_90_beat_4-4,groove_midi,89.99995500002245,2.1314551323697415e-15,5.329067853666822e-15
groove_midi/drummer5_eval_session_4_soul-groove4_80_beat_4-4,groove_midi,80.0,0.0,0.0
groove_midi/drummer5_session1_18_afrocuban_128_beat_4-4,groove_midi,128.0,0.0,0.0
groove_midi/drummer8_eval_session_2_funk-groove2_105_beat_4-4,groove_midi,104.99992125005905,2.137037535352887e-15,6.217244274967669e-15
groove_midi/drummer5_session1_4_latin-brazilian-samba_89_beat_4-4,groove_midi,89.00004005001789,8.497204734561464e-15,2.1079443979966066e-14
filosax/filosax_20,filosax,114.57025332886444,0.018074545518439757,0.040736091727406915
filosax/filosax_07,filosax,138.3529413001703,0.014529915503548802,0.03892287586537486
filosax/filosax_14,filosax,232.08490492044334,0.046808327907357075,0.11525304853477325
filosax/filosax_18,filosax,160.15503006910998,0.025248952326998576,0.06530107811033956
filosax/filosax_44,filosax,209.85404651064087,0.019574069266294084,0.046874398855566
filosax/filosax_47,filosax,234.44976108339173,0.04362533230863648,0.11465532679022457
filosax/filosax_21,filosax,100.34129695743772,0.05565504803496235,0.07387182322620556
filosax/filosax_10,filosax,152.21768417613566,0.026895869273941258,0.06696197235657192
filosax/filosax_45,filosax,122.03666998538958,0.022188492600954794,0.05723723216766502
filosax/filosax_30,filosax,230.82962645318247,0.031380497123001234,0.08174125343837034
filosax/filosax_11,filosax,126.00600040573961,0.01743914878186175,0.04099719069622853
filosax/filosax_32,filosax,115.39467957597508,0.0427275278150703,0.04470998670632239
filosax/filosax_08,filosax,168.48137534851242,0.06604196690847043,0.1776886354053069
filosax/filosax_26,filosax,145.25691699246474,0.019430803046208728,0.046837943995907
filosax/filosax_09,filosax,226.46353959090683,0.026845381064895098,0.07180759698437693
filosax/filosax_02,filosax,123.35019119279391,0.015618433815583449,0.03815632580898717
filosax/filosax_22,filosax,196.2689613910189,0.025028120038034743,0.053554871269276515
filosax/filosax_43,filosax,162.59063506557212,0.026092722375150028,0.05923559194413992
filosax/filosax_48,filosax,202.39415588898672,0.02178861813214345,0.05377290139417965
filosax/filosax_38,filosax,181.49392971320006,0.023841749636414517,0.05929075941285941
filosax/filosax_34,filosax,116.40743377872603,0.01805219165306116,0.04799672507083115
filosax/filosax_03,filosax,171.17350236922314,0.03606252718077222,0.09249579530834241
filosax/filosax_19,filosax,220.84967827998165,0.023798780270432824,0.062014858361481254
filosax/filosax_17,filosax,227.37819027279943,0.041544262154024326,0.08795222220327531
filosax/filosax_31,filosax,208.18253327935042,0.034184296818191025,0.08882769386449717
filosax/filosax_16,filosax,172.05263089979474,0.024693131500018475,0.06547749623263156
filosax/filosax_40,filosax,173.11089276057135,0.030666690692597823,0.0491331356637687
filosax/filosax_05,filosax,113.50377488962948,0.023403184039876086,0.061384695355308556
filosax/filosax_23,filosax,175.26660921251846,0.018917542847134337,0.04789030983659649
filosax/filosax_12,filosax,135.37295248409472,0.016223360069635626,0.0413916339515287
filosax/filosax_06,filosax,140.90207159485186,0.024362237102788172,0.05506150347247325
filosax/filosax_42,filosax,118.49529788736116,0.027231305059112084,0.06963278105739913
filosax/filosax_01,filosax,137.89150035561858,0.025513983860346073,0.06873729660905194
filosax/filosax_04,filosax,118.09600321112558,0.021354568833749088,0.055923769872367565
filosax/filosax_29,filosax,194.23034550356428,0.01790939196591562,0.04118035852759576
filosax/filosax_39,filosax,212.94917718203695,0.041967922435370564,0.10816465973567922
filosax/filosax_24,filosax,195.89842312837928,0.035943847036718456,0.06425556922639554
filosax/filosax_33,filosax,199.74333780064794,0.02643277713709453,0.0660526916000284
filosax/filosax_13,filosax,185.87987392327074,0.04280203516566152,0.1027748503849725
filosax/filosax_15,filosax,184.88617174692968,0.02605407029429696,0.06756973290111928
filosax/filosax_27,filosax,200.9264181336434,0.022167319266507505,0.055250972165704806
filosax/filosax_46,filosax,197.34486885133492,0.044482604240488346,0.10896479818475173
filosax/filosax_37,filosax,140.79318185551045,0.02308345718029907,0.05874360857622614
filosax/filosax_25,filosax,209.3354431787425,0.031069161796319703,0.06297468490794082
filosax/filosax_28,filosax,137.54743460830107,0.036734210218920725,0.04595311170260892
filosax/filosax_36,filosax,209.33544317871136,0.01637620901470788,0.04359177195170286
filosax/filosax_41,filosax,108.07499081524504,0.025634073883788428,0.04844177586318894
filosax/filosax_35,filosax,124.98819095948262,0.01834191503963468,0.045772319124109485
beatles/beatles_03_A_Hard_Days_Night_05_And_I_Love_Her,beatles,114.72275334608038,0.02067257334998631,0.0439770554493438
beatles/beatles_08_Sgt_Peppers_Lonely_Hearts_Club_Band_07_Being_For_The_Benefit_Of_Mr_Kite,beatles,113.85199240986695,0.1534050328063218,0.3889943074003844
beatles/beatles_04_Beatles_for_Sale_04_Rock_and_Roll_Music,beatles,166.66666666666694,0.017198852053558568,0.03333333333337413
beatles/beatles_01_Please_Please_Me_11_Do_You_Want_To_Know_A_Secret,beatles,123.20328542094587,0.03752258609186567,0.02464065708419011
beatles/beatles_11_Abbey_Road_15_Carry_That_Weight,beatles,84.74576271186375,0.0199195154188544,0.050847457627120174
beatles/beatles_09_Magical_Mystery_Tour_05_Your_Mother_Should_Know,beatles,117.41682974559787,0.0178289704763406,0.04500978473582277
beatles/beatles_01_Please_Please_Me_07_Please_Please_Me,beatles,139.53488372093034,0.022251013820990227,0.053488372093030825
beatles/beatles_11_Abbey_Road_02_Something,beatles,66.29834254143638,0.03648923393106456,0.08707182320442725
beatles/beatles_12_Let_It_Be_03_Across_the_Universe,beatles,152.28426395938877,0.017672511942343542,0.04568527918778229
beatles/beatles_06_Rubber_Soul_04_Nowhere_Man,beatles,120.240480961925,0.018532929047966155,0.026052104208420444
beatles/beatles_01_Please_Please_Me_01_I_Saw_Her_Standing_There,beatles,161.2903225806452,0.6476743769844809,0.032258064516168465
beatles/beatles_08_Sgt_Peppers_Lonely_Hearts_Club_Band_10_Lovely_Rita,beatles,87.59124087591223,0.0177171008738999,0.03503649635040074
beatles/beatles_03_A_Hard_Days_Night_06_Tell_Me_Why,beatles,156.6579634464712,0.021500703963146104,0.04569190600523255
beatles/beatles_02_With_the_Beatles_14_Money,beatles,129.3103448275846,0.05075546126855021,0.05172413793103353
beatles/beatles_10_CD1_The_Beatles_13_Rocky_Raccoon,beatles,80.75370121130297,0.03247760278486906,0.0928667563929713
beatles/beatles_08_Sgt_Peppers_Lonely_Hearts_Club_Band_03_Lucy_In_The_Sky_With_Diamonds,beatles,129.3103448275866,0.18564746226596515,0.47500000000002157
beatles/beatles_02_With_the_Beatles_06_Till_There_Was_You,beatles,122.95081967213126,0.025427222864684802,0.049180327868854366
beatles/beatles_04_Beatles_for_Sale_14_Everybodys_Trying_to_Be_My_Baby,beatles,171.9197707736406,0.02274059437146493,0.034383954154729425
beatles/beatles_03_A_Hard_Days_Night_12_You_Cant_Do_That,beatles,129.0322580645191,0.019254493572392513,0.04946236559139642
beatles/beatles_10_CD1_The_Beatles_12_Piggies,beatles,92.3076923076915,0.3575549723424717,0.05538461538462793
beatles/beatles_01_Please_Please_Me_12_A_Taste_Of_Honey,beatles,101.35135135135157,0.19141759821765528,0.11722972972973994
beatles/beatles_03_A_Hard_Days_Night_07_Cant_Buy_Me_Love,beatles,171.91977077364018,0.04112138436168945,0.10057306590260374
beatles/beatles_10_CD1_The_Beatles_14_Dont_Pass_Me_By,beatles,84.7457627118646,0.01766026124986583,0.03389830508474712
beatles/beatles_07_Revolver_09_And_Your_Bird_Can_Sing,beatles,132.450331125828,0.02184721970373711,0.050772626931558866
beatles/beatles_07_Revolver_01_Taxman,beatles,132.74336283185684,0.08492144112761957,0.07522123893804983
beatles/beatles_09_Magical_Mystery_Tour_01_Magical_Mystery_Tour,beatles,84.7457627118646,0.2560270609031486,0.5100282485875701
beatles/beatles_10_CD1_The_Beatles_04_Ob-La-Di_Ob-La-Da,beatles,112.35955056179948,0.013539890600140903,0.022471910112400666
beatles/beatles_12_Let_It_Be_10_The_Long_and_Winding_Road,beatles,66.22516556291426,0.024613858085776614,0.05187637969095641
beatles/beatles_08_Sgt_Peppers_Lonely_Hearts_Club_Band_02_With_A_Little_Help_From_My_Friends,beatles,112.35955056179648,0.018304996170096233,0.04307116104870803
beatles/beatles_07_Revolver_05_Here_There_And_Everywhere,beatles,83.33333333333306,0.05625301435411396,0.048611111111121014
beatles/beatles_04_Beatles_for_Sale_13_What_Youre_Doing,beatles,129.3103448275866,0.020695210000205383,0.04956896551726382
beatles/beatles_06_Rubber_Soul_11_In_My_Life,beatles,103.44827586206864,0.02204192532061673,0.04310344827590963
beatles/beatles_05_Help_03_Youve_Got_To_Hide_Your_Love_Away,beatles,184.615384615383,0.02986633167587211,0.07384615384614063
beatles/beatles_01_Please_Please_Me_06_Ask_Me_Why,beatles,136.0544217687067,0.06053213318432476,0.05215419501134492
beatles/beatles_10_CD1_The_Beatles_08_Happiness_is_a_Warm_Gun,beatles,139.86013986013918,0.751174544618167,1.0545454545454507
beatles/beatles_06_Rubber_Soul_13_If_I_Needed_Someone,beatles,126.05042016806746,0.01944338291472586,0.025210084033633808
beatles/beatles_07_Revolver_04_Love_You_To,beatles,126.05042016806746,0.25566774885766946,0.885084033613424
beatles/beatles_08_Sgt_Peppers_Lonely_Hearts_Club_Band_01_Sgt_Peppers_Lonely_Hearts_Club_Band,beatles,95.69377990430694,0.02578007895452444,0.07336523125996765
beatles/beatles_10_CD2_The_Beatles_08_Revolution_1,beatles,99.33774834437332,0.032169938037098986,0.07615894039737538
beatles/beatles_10_CD2_The_Beatles_07_Long_Long_Long,beatles,105.44815465729302,0.039374366630977514,0.10017574692445713
beatles/beatles_05_Help_09_Its_Only_Love,beatles,112.35955056179948,0.019613945900027293,0.04307116104870585
beatles/beatles_06_Rubber_Soul_02_Norwegian_Wood_(This_Bird_Has_Flown),beatles,178.04154302670824,0.038105648974870815,0.09495548961424069
beatles/beatles_07_Revolver_02_Eleanor_Rigby,beatles,139.534883720928,0.01833494598853747,0.030232558139534172
beatles/beatles_06_Rubber_Soul_03_You_Wont_See_Me,beatles,114.94252873563408,0.022102602089805096,0.06704980842909974
beatles/beatles_11_Abbey_Road_07_Here_Comes_The_Sun,beatles,129.3103448275866,0.22484652036728586,0.5344827586207013
beatles/beatles_06_Rubber_Soul_01_Drive_My_Car,beatles,122.95081967213126,0.015163192045821904,0.04713114754098301
beatles/beatles_04_Beatles_for_Sale_06_Mr_Moonlight,beatles,126.05042016806746,0.02667977863053031,0.0504201680672289
beatles/beatles_09_Magical_Mystery_Tour_02_The_Fool_On_The_Hill,beatles,72.6392251815974,0.031194740786545088,0.0702179176755418
beatles/beatles_01_Please_Please_Me_03_Anna_(Go_To_Him),beatles,109.89010989011145,0.03459293483800747,0.06227106227109107
beatles/beatles_12_Let_It_Be_07_Maggie_Mae,beatles,84.74576271186417,0.03796319012196222,0.07062146892655448
beatles/beatles_11_Abbey_Road_16_The_End,beatles,123.20328542094587,0.05129239542006559,0.11909650924023753
beatles/beatles_02_With_the_Beatles_08_Roll_Over_Beethoven,beatles,161.72506738544067,0.028779647367858992,0.06199460916442766
beatles/beatles_01_Please_Please_Me_08_Love_Me_Do,beatles,147.78325123152493,0.02311540009378374,0.05665024630542587
beatles/beatles_07_Revolver_14_Tomorrow_Never_Knows,beatles,126.05042016806746,0.017788782587440773,0.04831932773113514
beatles/beatles_11_Abbey_Road_10_Sun_King,beatles,74.90636704119832,0.01762575968662476,0.0436953807740281
beatles/beatles_02_With_the_Beatles_07_Please_Mister_Postman,beatles,122.95081967213126,0.015966330344008225,0.04713114754099029
beatles/beatles_01_Please_Please_Me_13_Theres_A_Place,beatles,139.86013986013918,0.02439602519624894,0.05361305361307747
beatles/beatles_08_Sgt_Peppers_Lonely_Hearts_Club_Band_12_Sgt_Peppers_Lonely_Hearts_Club_Band_(Reprise),beatles,120.0,0.0191426621648334,0.02400000000001512
beatles/beatles_02_With_the_Beatles_05_Little_Child,beatles,151.89873417721535,0.020134673114955728,0.05822784810128084
beatles/beatles_04_Beatles_for_Sale_05_Ill_Follow_the_Sun,beatles,132.74336283185684,0.02306145860177129,0.05088495575221896
beatles/beatles_10_CD2_The_Beatles_09_Honey_Pie,beatles,138.24884792626807,0.468331819984279,0.33156682027648815
beatles/beatles_10_CD1_The_Beatles_10_Im_So_Tired,beatles,71.77033492822979,0.04555639120632687,0.11124401913876385
beatles/beatles_05_Help_12_Ive_Just_Seen_a_Face,beatles,120.240480961925,0.01775331127938519,0.0360721442885802
beatles/beatles_10_CD2_The_Beatles_10_Savoy_Truffle,beatles,120.240480961925,0.023380425150079733,0.05851703406812972
beatles/beatles_11_Abbey_Road_09_You_Never_Give_Me_Your_Money,beatles,89.15304606240689,0.05832068108996951,0.1545319465082046
beatles/beatles_03_A_Hard_Days_Night_13_Ill_Be_Back,beatles,123.20328542094587,0.01833168391801356,0.02464065708419011
beatles/beatles_07_Revolver_12_I_Want_To_Tell_You,beatles,126.05042016806746,0.02347658257079975,0.04831932773109
beatles/beatles_04_Beatles_for_Sale_12_I_Dont_Want_to_Spoil_the_Party,beatles,95.69377990430598,0.01996574272086717,0.03827751196174651
beatles/beatles_09_Magical_Mystery_Tour_10_Baby_Youre_A_Rich_Man,beatles,97.48172217709222,0.02315161314490125,0.05686433793663159
beatles/beatles_11_Abbey_Road_03_Maxwells_Silver_Hammer,beatles,132.45033112582695,0.019944844663875652,0.052980132450325436
beatles/beatles_06_Rubber_Soul_07_Michelle,beatles,117.41682974559664,0.03457908182116675,0.09197651663404491
beatles/beatles_06_Rubber_Soul_10_Im_Looking_Through_You,beatles,86.08321377331387,0.010758990377153914,0.02439024390244325
beatles/beatles_10_CD1_The_Beatles_17_Julia,beatles,67.11409395973166,0.01949916188187608,0.04284116331097521
beatles/beatles_04_Beatles_for_Sale_07_Kansas_City-_Hey_Hey_Hey_Hey,beatles,132.45033112582695,0.01859364428615262,0.05298013245032494
beatles/beatles_01_Please_Please_Me_10_Baby_Its_You,beatles,112.14953271028034,0.03896909761304128,0.09271028037384935
beatles/beatles_03_A_Hard_Days_Night_01_A_Hard_Days_Night,beatles,139.53488372093034,0.018367925654485553,0.027906976744195386
beatles/beatles_04_Beatles_for_Sale_01_No_Reply,beatles,126.05042016806746,0.022925796836135888,0.05042016806722143
beatles/beatles_05_Help_05_Another_Girl,beatles,88.36524300441799,0.014834033666259598,0.036082474226788924
beatles/beatles_09_Magical_Mystery_Tour_06_I_Am_The_Walrus,beatles,86.2068965517244,0.0299866047144251,0.08333333333332313
beatles/beatles_10_CD1_The_Beatles_05_Wild_Honey_Pie,beatles,89.88764044943838,0.02019874918214152,0.03595505617977838
beatles/beatles_11_Abbey_Road_04_Oh_Darling,beatles,58.082360172987755,0.02898430875528914,0.07840899072031908
beatles/beatles_03_A_Hard_Days_Night_02_I_Should_Have_Known_Better,beatles,129.3103448275866,0.016834509242662655,0.028017241379321697
beatles/beatles_09_Magical_Mystery_Tour_03_Flying,beatles,92.30769230769351,0.015872979385001724,0.053846153846139395
beatles/beatles_05_Help_06_Youre_Going_To_Lose_That_Girl,beatles,132.45033112582695,0.017736589330162797,0.028697571743940716
beatles/beatles_08_Sgt_Peppers_Lonely_Hearts_Club_Band_11_Good_Morning_Good_Morning,beatles,122.95081967213059,0.026446149276353352,0.0491803278688541
beatles/beatles_04_Beatles_for_Sale_08_Eight_Days_a_Week,beatles,139.53488372093034,0.0188144004522667,0.028139534883752964
beatles/beatles_05_Help_10_You_Like_Me_Too_Much,beatles,178.0415430267045,0.21951388190764443,0.03857566765575932
beatles/beatles_10_CD1_The_Beatles_15_Why_Dont_We_Do_It_In_The_Road,beatles,94.04388714733466,0.02087808537822571,0.03746081504702447
beatles/beatles_09_Magical_Mystery_Tour_09_Penny_Lane,beatles,114.72275334607804,0.018072839438265792,0.04397705544934672
beatles/beatles_11_Abbey_Road_05_Octopuss_Garden,beatles,92.3076923076925,0.019641281656833407,0.03692307692310027
beatles/beatles_05_Help_01_Help,beatles,94.78672985782057,0.013296243805819933,0.028436018957349703
beatles/beatles_10_CD1_The_Beatles_06_The_Continuing_Story_of_Bungalow_Bill,beatles,114.72275334608115,0.3096469561989816,0.5984703632887143
beatles/beatles_10_CD1_The_Beatles_02_Dear_Prudence,beatles,75.94936708860563,0.05000753781206985,0.13164556962025326
beatles/beatles_06_Rubber_Soul_09_Girl,beatles,95.7701516360745,0.016421486153669153,0.05251396648042827
beatles/beatles_02_With_the_Beatles_09_Hold_Me_Tight,beatles,136.0544217687067,0.03750361385323346,0.05215419501134492
beatles/beatles_02_With_the_Beatles_10_You_Really_Got_A_Hold_On_Me,beatles,77.1208226221074,0.03460786261778205,0.08187660668381141
beatles/beatles_06_Rubber_Soul_14_Run_For_Your_Life,beatles,89.02077151335224,0.014405063437205767,0.019287833827922818
beatles/beatles_03_A_Hard_Days_Night_03_If_I_Fell,beatles,107.71992818671451,0.017312975884915354,0.04147217235188132
beatles/beatles_10_CD1_The_Beatles_07_While_My_Guitar_Gently_Weeps,beatles,114.94252873563232,0.019425883366986127,0.045977011494215965
beatles/beatles_06_Rubber_Soul_05_Think_For_Yourself,beatles,129.3103448275866,0.020400175549871953,0.05172413793103157
beatles/beatles_08_Sgt_Peppers_Lonely_Hearts_Club_Band_09_When_Im_Sixty-Four,beatles,139.86013986013918,0.02313681340385885,0.05361305361307126
beatles/beatles_03_A_Hard_Days_Night_09_Ill_Cry_Instead,beatles,96.61835748792264,0.014922389260493947,0.0193236714975967
beatles/beatles_07_Revolver_13_Got_To_Get_You_Into_My_Life,beatles,136.05442176870727,0.023354051180133666,0.05442176870748018
beatles/beatles_10_CD2_The_Beatles_05_Sexy_Sadie,beatles,75.94936708860699,0.0215777887242436,0.04556962025314793
beatles/beatles_04_Beatles_for_Sale_02_Im_a_Loser,beatles,89.82035928143722,0.03451034954088307,0.034431137724555784
beatles/beatles_05_Help_02_The_Night_Before,beatles,171.9197707736371,0.01996649933077571,0.034383954154728724
beatles/beatles_05_Help_08_Act_Naturally,beatles,93.02325581395407,0.010474259346008905,0.027906976744187278
beatles/beatles_12_Let_It_Be_04_I_Me_Mine,beatles,179.64071856287444,0.1527829810014449,0.4251497005987906
beatles/beatles_11_Abbey_Road_17_Her_Majesty,beatles,101.35135135135125,0.01888303998830238,0.03885135135135379
beatles/beatles_07_Revolver_06_Yellow_Submarine,beatles,110.09174311926678,0.020695583919321248,0.04220183486240051
beatles/beatles_07_Revolver_03_Im_Only_Sleeping,beatles,103.27022375215344,0.019502235897672346,0.039586919105023335
beatles/beatles_04_Beatles_for_Sale_10_Honey_Dont,beatles,161.72506738544686,0.02004001079110768,0.032345013477128905
beatles/beatles_05_Help_04_I_Need_You,beatles,136.0544217687067,0.018290304138057992,0.05442176870748475
beatles/beatles_02_With_the_Beatles_04_Dont_Bother_Me,beatles,172.41379310344175,0.02114861124015044,0.03448275862073049
beatles/beatles_08_Sgt_Peppers_Lonely_Hearts_Club_Band_04_Getting_Better,beatles,122.95081967213126,0.020083030483226242,0.04713114754099211
beatles/beatles_03_A_Hard_Days_Night_10_Things_We_Said_Today,beatles,136.0544217687111,0.017499188962914893,0.029478458049887177
beatles/beatles_10_CD2_The_Beatles_13_Good_Night,beatles,66.22516556291347,0.0731541787402594,0.12913907284767048
beatles/beatles_09_Magical_Mystery_Tour_07_Hello_Goodbye,beatles,99.337748344371,0.020564732726048026,0.03973509933777343
beatles/beatles_11_Abbey_Road_06_I_Want_You,beatles,139.534883720928,0.37874455127540546,0.29767441860461363
beatles/beatles_04_Beatles_for_Sale_09_Words_of_Love,beatles,122.95081967213126,0.018477802476784995,0.04713114754100303
beatles/beatles_12_Let_It_Be_08_Ive_Got_A_Feeling,beatles,83.33333333333347,0.014981735664943761,0.03333333333333465
beatles/beatles_02_With_the_Beatles_12_Devil_In_Her_Heart,beatles,120.240480961925,0.017541301624769738,0.04408817635270187
beatles/beatles_05_Help_07_Ticket_To_Ride,beatles,123.20328542094228,0.02081601739922342,0.04722792607802062
beatles/beatles_12_Let_It_Be_02_Dig_a_Pony,beatles,117.41682974559787,0.03738882361835602,0.08101761252447391
beatles/beatles_06_Rubber_Soul_08_What_Goes_On,beatles,97.40259740259738,0.00973761306151354,0.027597402597394686
beatles/beatles_11_Abbey_Road_12_Polythene_Pam,beatles,164.8351648351661,0.048288613489208286,0.10164835164835176
beatles/beatles_02_With_the_Beatles_11_I_Wanna_Be_Your_Man,beatles,99.33774834437092,0.030112280446844997,0.08129139072847637
beatles/beatles_01_Please_Please_Me_14_Twist_And_Shout,beatles,126.05042016806746,0.028366759200390203,0.0672268907563251
beatles/beatles_03_A_Hard_Days_Night_08_Any_Time_At_All,beatles,139.86013986014152,0.01848792229624441,0.027972027972045926
beatles/beatles_11_Abbey_Road_01_Come_Together,beatles,83.33333333333347,0.021944240067276275,0.06388888888887825
beatles/beatles_05_Help_11_Tell_Me_What_You_See,beatles,136.0544217687067,0.020660510907768118,0.05442176870748475
beatles/beatles_01_Please_Please_Me_04_Chains,beatles,129.3103448275866,0.015555658388057222,0.02586206896553361
beatles/beatles_07_Revolver_10_For_No_One,beatles,161.72506738544686,0.11222275182858525,0.09433962264149624
beatles/beatles_11_Abbey_Road_08_Because,beatles,80.75370121130528,0.025567987306919226,0.06191117092867611
beatles/beatles_08_Sgt_Peppers_Lonely_Hearts_Club_Band_06_Shes_Leaving_Home,beatles,126.05042016806746,0.045124723118699396,0.0981092436974461
beatles/beatles_10_CD1_The_Beatles_11_Black_Bird,beatles,93.8967136150241,0.38041642317950214,0.07355242566511756
beatles/beatles_12_Let_It_Be_06_Let_It_Be,beatles,69.84866123399345,0.0460849805746908,0.08766006984863946
beatles/beatles_05_Help_14_Dizzy_Miss_Lizzy,beatles,136.0544217687067,0.0259570718019862,0.05668934240363704
beatles/beatles_02_With_the_Beatles_02_All_Ive_Got_To_Do,beatles,120.24048096192158,0.024855486908226025,0.07014028056111052
beatles/beatles_10_CD1_The_Beatles_09_Martha_My_Dear,beatles,89.15304606240689,0.027850775654042283,0.05200594353640687
beatles/beatles_10_CD2_The_Beatles_01_Birthday,beatles,139.53488372093034,0.03818217964257547,0.08837209302328125
beatles/beatles_03_A_Hard_Days_Night_04_Im_Happy_Just_To_Dance_With_You,beatles,132.45033112582695,0.020888792817465956,0.0529801324503073
beatles/beatles_04_Beatles_for_Sale_11_Every_Little_Thing,beatles,123.20328542094408,0.021668346568723785,0.04722792607804684
beatles/beatles_09_Magical_Mystery_Tour_08_Strawberry_Fields_Forever,beatles,97.56097560975465,0.17756587143809557,0.13170731707319688
beatles/beatles_10_CD1_The_Beatles_01_Back_in_the_USSR,beatles,143.54066985645716,0.016588066724132478,0.03110047846889456
beatles/beatles_08_Sgt_Peppers_Lonely_Hearts_Club_Band_13_A_Day_In_The_Life,beatles,80.75370121130297,0.04330987320365973,0.10901749663526314
beatles/beatles_02_With_the_Beatles_01_It_Wont_Be_Long,beatles,132.74336283185895,0.20083490169566043,0.05088495575222922
beatles/beatles_10_CD1_The_Beatles_03_Glass_Onion,beatles,120.24048096192392,0.23201017553745845,0.5262525050100157
beatles/beatles_10_CD2_The_Beatles_11_Cry_Baby_Cry,beatles,77.12082262210845,0.2428299554884246,0.09897172236503685
beatles/beatles_06_Rubber_Soul_06_The_Word,beatles,122.1995926680263,0.03565347074019007,0.06313645621181681
beatles/beatles_08_Sgt_Peppers_Lonely_Hearts_Club_Band_08_Within_You_Without_You,beatles,126.05042016806746,0.40511593937582446,0.09663865546224346
beatles/beatles_07_Revolver_11_Doctor_Robert,beatles,161.72506738544686,0.021424081782356455,0.0323450134770906
beatles/beatles_10_CD2_The_Beatles_06_Helter_Skelter,beatles,83.33333333333347,0.7998792570396795,0.07611111111108712
beatles/beatles_11_Abbey_Road_13_She_Came_In_Through_The_Bathroom_Window,beatles,80.75370121130607,0.01678449599501906,0.04710632570658927
beatles/beatles_12_Let_It_Be_01_Two_of_Us,beatles,109.89010989011001,0.017022294205196797,0.04267399267401181
beatles/beatles_12_Let_It_Be_11_For_You_Blue,beatles,129.31034482758264,0.019403275584675805,0.025862068965517505
beatles/beatles_10_CD2_The_Beatles_04_Everybodys_Got_Something_To_Hide_Except_Me_and_My_Monkey,beatles,117.41682974559787,0.03590978703470959,0.046966731898247224
beatles/beatles_11_Abbey_Road_11_Mean_Mr_Mustard,beatles,100.50251256281265,0.04263494557442402,0.04991624790620447
beatles/beatles_10_CD2_The_Beatles_02_Yer_Blues,beatles,151.89873417721125,0.2076832699512406,0.5086075949366667
beatles/beatles_09_Magical_Mystery_Tour_04_Blue_Jay_Way,beatles,99.5024875621888,0.12085579093583367,0.3092868988391525
beatles/beatles_04_Beatles_for_Sale_03_Babys_In_Black,beatles,67.56756756756744,0.036757178042799404,0.078828828828821
beatles/beatles_05_Help_13_Yesterday,beatles,96.07686148919063,0.05610635622306114,0.07686148919135026
beatles/beatles_02_With_the_Beatles_13_Not_A_Second_Time,beatles,126.05042016806746,0.018869190393963224,0.05042016806721397
beatles/beatles_01_Please_Please_Me_05_Boys,beatles,143.54066985645957,0.027886634061307345,0.05741626794260301
beatles/beatles_11_Abbey_Road_14_Golden_Slumbers,beatles,80.75370121130607,0.033364333441476164,0.07806191117093135
beatles/beatles_12_Let_It_Be_05_Dig_It,beatles,156.65796344647518,0.020323410675841234,0.05744125326370588
beatles/beatles_09_Magical_Mystery_Tour_11_All_You_Need_Is_Love,beatles,103.44827586206927,0.053624052733799374,0.13965517241381106
beatles/beatles_02_With_the_Beatles_03_All_My_Loving,beatles,156.6579634464741,0.018397574438547507,0.031331592689305285
beatles/beatles_07_Revolver_07_She_Said_She_Said,beatles,106.57193605683523,0.027650826988065112,0.062166962699831844
beatles/beatles_01_Please_Please_Me_09_P_S_I_Love_You,beatles,135.74660633484157,0.015767081049097322,0.02714932126697977
beatles/beatles_12_Let_It_Be_09_One_After_909,beatles,90.77155824508301,0.022124394252038698,0.018154311649028042
beatles/beatles_12_Let_It_Be_12_Get_Back,beatles,122.95081967213126,0.014197145072429293,0.024590163934456306
beatles/beatles_10_CD2_The_Beatles_03_Mother_Natures_Son,beatles,84.7457627118646,0.16827444310789166,0.04943502824859196
beatles/beatles_10_CD1_The_Beatles_16_I_Will,beatles,103.27022375215282,0.013784069777657573,0.03958691910498755
beatles/beatles_06_Rubber_Soul_12_Wait,beatles,129.0322580645152,0.11867279551833915,0.0752688172042932
beatles/beatles_01_Please_Please_Me_02_Misery,beatles,132.45033112582902,0.23885935782360124,0.05077262693155926
beatles/beatles_08_Sgt_Peppers_Lonely_Hearts_Club_Band_05_Fixing_A_Hole,beatles,112.35955056179948,0.04805951816311481,0.10842696629213702
beatles/beatles_03_A_Hard_Days_Night_11_When_I_Get_Home,beatles,126.05042016806746,0.021534488531130363,0.0504201680672289
beatles/beatles_07_Revolver_08_Good_Day_Sunshine,beatles,117.41682974559787,0.024722317027573108,0.04500978473583276
jaah/jaah_098-coleman_hawkins_quartet-the_man_i_love,jaah,206.89655172414362,0.03343650047920322,0.06896551724144098
jaah/jaah_029-the_modern_jazz_quartet-django,jaah,109.09090909090683,0.1888192184079503,0.47272727272727105
jaah/jaah_017-duke_ellington_his_orchestra-concerto_for_cootie,jaah,99.99999999999976,0.06764390823781104,0.06666666666667694
jaah/jaah_097-count_basie_octet-the_golden_bullet,jaah,214.2857142857148,0.046186642948350454,0.1071428571429122
jaah/jaah_091-louis_armstrong_and_his_hot_five-struttin_with_some_barbecue,jaah,193.54838709677279,0.5937947565303074,0.06451612903224475
jaah/jaah_065-new_orleans_feetwarmers-maple_leaf_rag,jaah,272.72727272727195,0.03469196884008663,0.09090909090913715
jaah/jaah_060-tadd_dameron_sextet-lady_bird,jaah,174.84966610389043,0.061641307563712784,0.15646600205842745
jaah/jaah_042-clark_terrybob_brookmeyer_quintet-haig_haig,jaah,285.71428571427487,0.044875252729878246,0.09523809523810652
jaah/jaah_012-stan_getz_jj_johnson-blues_in_the_closet,jaah,240.0,0.03674296438527117,0.07999999999998408
jaah/jaah_085-the_george_shearing_quintet-september_in_the_rain,jaah,125.00000000000081,0.03514989450263904,0.06250000000000278
jaah/jaah_053-louis_armstrong_his_orchestra-i_gotta_right_to_sing_the_blues,jaah,117.64705882352823,0.032026361591280986,0.05882352941176634
jaah/jaah_048-louis_armstrong_and_his_hot_five-hotter_than_that,jaah,214.2857142857148,0.02439847660938201,0.03571428571435482
jaah/jaah_009-sidney_bechets_blue_note_jazzmen-blue_horizon,jaah,65.93406593406567,0.0878603380245212,0.07692307692310035
jaah/jaah_084-gene_krupa_and_his_orchestra-rockin_chair,jaah,88.23529411764802,0.10231817743811304,0.17647058823529488
jaah/jaah_057-duke_ellington_and_his_orchestra-isfahan,jaah,59.40594059405994,0.09051119927204028,0.09900990099008021
jaah/jaah_016-the_benny_goodman_sextet-breakfast_feud_composite_feat_charlie_christian,jaah,214.28571428571342,0.029154613714266166,0.0714285714285823
jaah/jaah_015-miles_davis_nonet-boplicity,jaah,136.36363636363265,0.0259000270725526,0.06818181818181891
jaah/jaah_107-louis_armstrong_and_his_hot_five-west_end_blues,jaah,83.52800057258297,0.2889116638698178,0.14052654765001163
jaah/jaah_076-charlie_parker-oh_lady_be_good_feat_jazz_at_the_philharmonic,jaah,139.534883720928,0.033096942007089826,0.09302325581391697
jaah/jaah_000-tito_puente-airegin,jaah,111.1111111111069,0.0251119564262269,0.05555555555555555
jaah/jaah_018-duke_ellington_his_orchestra-cotton_tail,jaah,240.0,0.028515733822048084,0.08000000000001961
jaah/jaah_079-jimmie_lunceford_and_his_orchestra-organ_grinders_swing,jaah,117.64705882352987,0.03210005881245438,0.07843137254903218
jaah/jaah_022-jelly_roll_mortons_red_hot_peppers-dead_man_blues,jaah,127.65957446808541,0.1912418042009032,0.06382978723407537
jaah/jaah_049-the_chocolate_dandies-i_cant_believe_that_youre_in_love_with_me,jaah,214.28571428571342,0.02566541242259485,0.07142857142855692
jaah/jaah_061-count_basie_and_the_kansas_city_7-lester_leaps_in,jaah,249.99999999999054,0.03164651539607085,0.041666666666745615
jaah/jaah_082-louis_armstrong_and_his_hot_five-potato_head_blues,jaah,181.81818181818275,0.028753367290498006,0.06060606060609192
jaah/jaah_078-count_basie_and_his_orchestra-one_oclock_jump,jaah,171.42857142856724,0.0326153679950915,0.08571428571430717
jaah/jaah_020-charlie_parker-crazeology_take_4,jaah,260.8695652173908,0.035744828551003735,0.08695652173917476
jaah/jaah_106-wes_montgomery-west_coast_blues_abridged,jaah,150.00000000000853,0.028444269088835336,0.07500000000001598
jaah/jaah_096-eddie_condons_hot_shots-thats_a_serious_thing,jaah,107.14285714285671,0.044108233564342195,0.10714285714286077
jaah/jaah_092-lennie_tristano-subconscious_lee,jaah,249.99999999999793,0.0617250436750975,0.08333333333327467
jaah/jaah_035-jimmie_lunceford_and_his_orchestra-for_dancers_only,jaah,153.84615384615924,0.03166364410768003,0.07692307692307612
jaah/jaah_103-the_gerry_mulligan_quartet_chet_baker-walkin_shoes,jaah,136.36363636363706,0.030652825655648315,0.06818181818185341
jaah/jaah_038-bix_beiderbecke_paul_whiteman_and_his_orchestra-from_monday_on,jaah,222.2222222222255,0.7027798572429576,0.07407407407411307
jaah/jaah_027-red_nichols_his_five_pennies-dinah,jaah,127.65957446808541,0.03048215506128186,0.085106382978684
jaah/jaah_031-duke_ellington_his_orchestra-east_st_louis_toodleoo,jaah,133.3333333333325,0.11982909271668693,0.08888888888887064
jaah/jaah_112-ella_fitzgerald-youd_be_so_nice_to_come_home_to,jaah,187.500000000004,0.029466001991353127,0.0625000000000333
jaah/jaah_030-count_basie_his_orchestra-doggin_around,jaah,249.99999999999977,0.03384300403536169,0.08333333333334629
jaah/jaah_050-dizzy_gillespie_sextet-i_cant_get_started,jaah,58.451047247929885,0.038094849453013405,0.08767657087189329
jaah/jaah_064-dizzy_gillespie_and_his_orchestra-manteca,jaah,171.4285714285742,0.037462377833570516,0.08571428571433096
jaah/jaah_008-sonny_rollins-blue_7,jaah,133.33333333335355,0.04482447636414471,0.08888888888897942
jaah/jaah_056-bud_powell-indiana,jaah,315.78947368421433,0.04911434142312207,0.10526315789479196
jaah/jaah_046-benny_goodman_and_his_orchestra-honeysuckle_rose,jaah,214.28571428571885,0.024049064109301785,0.035714285714304746
jaah/jaah_013-the_benny_goodman_trio-body_and_soul,jaah,95.23809523809538,0.08905522584426025,0.06349206349207352
jaah/jaah_108-lionel_hampton_and_his_orchestra-when_lights_are_low,jaah,197.55114230252516,0.03743587847770362,0.0870539047335148
jaah/jaah_028-king_olivers_creole_jazz_band-dippermouth_blues,jaah,187.500000000004,0.024601643997300145,0.0625
jaah/jaah_024-duke_ellington_his_orchestra-diminuendo_in_blue_and_crescendo_in_blue,jaah,193.54838709677279,0.027999835066648344,0.06451612903225729
jaah/jaah_081-sonny_rollins-pentup_house,jaah,187.500000000004,0.03921687000882923,0.09375000000012768
jaah/jaah_073-john_coltrane_quartet-my_favorite_things_part_1_single_version,jaah,166.66666666666694,0.044986281771806386,0.11111111111110336
jaah/jaah_063-bessie_smith-lost_your_head_blues,jaah,89.55223880596992,0.03848556310515803,0.10447761194030712
jaah/jaah_090-louis_armstrong_ella_fitzgerald-stompin_at_the_savoy,jaah,214.28571428571342,0.35189429890322593,1.1428571428572154
jaah/jaah_100-fletcher_henderson_and_his_orchestra-the_stampede,jaah,227.22198368398242,0.06493041048993521,0.1713525113645371
jaah/jaah_004-dexter_gordon_quartet-bikini,jaah,214.28571428571342,0.03500555218658813,0.07142857142865844
jaah/jaah_070-thelonious_monk_quartet-misterioso,jaah,79.14572865315873,0.07153852322170705,0.13161641532434978
jaah/jaah_086-dizzy_gillespie_his_all_stars-shaw_nuff,jaah,285.71428571427487,0.06124138544767886,0.14285714285715978
jaah/jaah_067-dick_hyman-maple_leaf_rag,jaah,122.44897959183446,0.05876327740317928,0.12244897959180286
jaah/jaah_040-stan_getz_joao_gilberto_antonio_carlos_jobim-the_girl_from_ipanema,jaah,130.43478260869338,0.027143705099405648,0.06521739130435532
jaah/jaah_058-jelly_roll_morton-king_porter_stomp,jaah,181.8181818181906,0.031620085682832824,0.09090909090909874
jaah/jaah_039-john_coltrane-giant_steps,jaah,285.71428571429425,0.03284141220006018,0.04761904761914107
jaah/jaah_044-chick_webb_and_his_orchestra-harlem_congo,jaah,285.71428571428453,0.36458124122946245,0.09523809523822817
jaah/jaah_034-thelonious_monk-evidence,jaah,171.42857142857073,0.02828955261409772,0.05714285714285871
jaah/jaah_054-duke_ellington_his_orchestra-in_a_mellotone,jaah,127.65957446808541,0.03825352625873627,0.08510638297874447
jaah/jaah_007-bessie_smith_james_p_johnson-black_water_blues,jaah,105.2631578947381,0.03525921261055554,0.08771929824561517
jaah/jaah_033-the_boswell_sisters-everybody_loves_my_baby,jaah,260.86956521739484,0.24360710675831654,0.8260869565217405
jaah/jaah_110-sarah_vaughan-wrap_your_troubles_in_dreams,jaah,127.65957446808252,0.02982229994055366,0.06382978723406352
jaah/jaah_083-frankie_trumbauer_and_his_orchestra-riverboat_shuffle,jaah,214.28571428571342,0.03092795383032053,0.07142857142864574
jaah/jaah_003-louis_armstrong_and_his_hot_seven-big_butter_and_egg_man_from_the_west,jaah,200.0000000000019,0.0322232054087355,0.0666666666667014
jaah/jaah_088-bessie_smith_louis_armstrong-st_louis_blues,jaah,67.38139497377377,0.07733330065931004,0.18663067504426625
jaah/jaah_055-bunks_brass_band-in_gloryland,jaah,203.38201374484115,0.025360225828761733,0.06779400458160023
jaah/jaah_052-don_byas_slam_stewart-i_got_rhythm,jaah,299.9999999999744,0.04276203204875952,0.10000000000018475
jaah/jaah_089-sonny_rollins-st_thomas,jaah,220.6839033889084,0.05945258520053475,0.14617181214360273
jaah/jaah_059-duke_ellington_and_his_famous_orchestra-koko,jaah,158.50005983245157,0.06028054649493591,0.15918893015081667
jaah/jaah_002-thelonious_monk-bags_groove,jaah,153.8461538461536,0.02424820647251002,0.05128205128207744
jaah/jaah_087-frankie_trumbauer_and_his_orchestra-singin_the_blues_til_my_daddy_comes_home,jaah,134.21933634940459,0.06830149496858644,0.1701531889354139
jaah/jaah_019-ella_fitzgerald_duke_ellington_orchestra-cotton_tail,jaah,299.99999999999574,0.05453321519999714,0.10000000000004086
jaah/jaah_026-fats_waller_and_his_rhythm-dinah,jaah,222.2222222222255,0.022613825672125012,0.037037037037109165
jaah/jaah_011-charlie_parker-blues_for_alice,jaah,166.66666666666694,0.026593605888346295,0.05555555555557512
jaah/jaah_105-louis_armstrong_earl_hines-weather_bird,jaah,207.61082731622596,0.5719794599466804,0.19171439912703203
jaah/jaah_037-jimmie_noones_apex_club_orchestra-four_or_five_times,jaah,124.99999999999989,0.05668912984118199,0.08333333333333148
jaah/jaah_051-the_benny_goodman_sextet-i_found_a_new_baby_feat_charlie_christian_count_basie,jaah,206.89655172414362,0.026189857320643096,0.06896551724136749
jaah/jaah_069-quintette_du_hot_club_de_france-minor_swing,jaah,200.0000000000019,0.028452529319778812,0.06666666666669549
jaah/jaah_023-dexter_gordon-dexter_rides_again,jaah,206.89655172413853,0.02906462768840917,0.06896551724139527
jaah/jaah_047-meade_lux_lewis-honky_tonk_train_blues,jaah,166.6666666666735,0.027474713227095778,0.05555555555557639
jaah/jaah_072-bennie_moten_and_his_kansas_city_orchestra-moten_swing,jaah,197.46268663052456,0.0710843674899697,0.1824850749421604
jaah/jaah_001-sarah_vaughan-all_alone,jaah,130.43478260869566,0.03478365754024287,0.08695652173914403
jaah/jaah_036-woody_herman_and_his_orchestra-four_brothers,jaah,222.2222222222138,0.033294088493125526,0.07407407407405653
jaah/jaah_099-horace_silver_the_jazz_messengers-the_preacher,jaah,181.81818181818275,0.03573416464062663,0.09090909090909483
jaah/jaah_045-billie_holiday-hes_funny_that_way,jaah,103.44827586206927,0.020164702219147068,0.0344827586207074
jaah/jaah_006-jelly_roll_mortons_red_hot_peppers-black_bottom_stomp,jaah,250.00000000002012,0.027892252078161886,0.04166666666675055
jaah/jaah_074-duke_ellington_his_orchestra-the_new_east_st_louis_toodleoo,jaah,98.36065573770502,0.09742252943015177,0.06557377049182232
jaah/jaah_080-charlie_parker_allstars-parkers_mood,jaah,77.92207792207688,0.08381541925585596,0.19610389610390522
jaah/jaah_010-duke_ellington_his_orchestra-blue_serge,jaah,82.19178082191576,0.035989441392296526,0.08219178082194077
jaah/jaah_077-art_blakey_the_jazz_messengers-one_by_one,jaah,133.3333333333367,0.035899238457288554,0.06666666666676561
jaah/jaah_021-the_clifford_brownmax_roach_quintet-daahoud,jaah,240.0,0.07531461518854607,0.14521542200002102
jaah/jaah_062-original_dixieland_jazz_band-livery_stable_blues,jaah,162.1621621621625,0.041141209149099044,0.05405405405412788
jaah/jaah_102-lucky_thompson_trio-tricroism,jaah,158.89506090711347,0.03754647693629302,0.07944753045357107
jaah/jaah_025-django_reinhardt-dinah,jaah,214.2857142857148,0.05647811031905705,0.07142857142855996
jaah/jaah_094-louis_armstrong_his_orchestra-sweethearts_on_parade,jaah,127.65957446808541,0.0458495936413264,0.10638297872340602
jaah/jaah_071-art_blakey_the_jazz_messengers-moanin,jaah,127.65957446809314,0.0347642068756032,0.10638297872325372
jaah/jaah_104-herbie_hancock-watermelon_man,jaah,147.3561106904812,0.05401235958693145,0.13193551326729352
jaah/jaah_014-coleman_hawkins_and_his_orchestra-body_and_soul,jaah,95.23809523809592,0.11185696424726393,0.06349206349207387
jaah/jaah_109-cannonball_adderley-work_song,jaah,171.42857142857073,0.07759494685542954,0.08571428571431701
jaah/jaah_101-billie_holiday-these_foolish_things,jaah,63.15789473684286,0.21633361770119952,0.13710705326316389
jaah/jaah_005-duke_ellington_and_his_orchestra-black_and_tan_fantasy,jaah,117.64705882353151,0.10055438232991494,0.05882352941179585
jaah/jaah_043-eddie_lang_lonnie_johnson-a_handful_of_riffs,jaah,230.76923076923885,0.03246772840120762,0.07692307692306431
jaah/jaah_041-jelly_roll_mortons_red_hot_peppers-grandpas_spells,jaah,212.01413427560678,0.027948027035400835,0.035335689046027866
jaah/jaah_066-anthony_braxton_muhal_richard_abrams-maple_leaf_rag,jaah,116.43564366580488,0.06257148781766961,0.14991419294644864
jaah/jaah_068-billie_holiday_teddy_wilson_and_his_orchestra-mean_to_me,jaah,109.09090909090895,0.02361057111556525,0.05454545454545654
jaah/jaah_111-fletcher_henderson_and_his_orchestra-wrappin_it_up,jaah,206.89655172414362,0.14140527107579753,0.06896551724133322
jaah/jaah_095-louis_armstrong_and_his_orchestra-swing_that_music,jaah,315.78947368421433,0.02998681360927628,0.10526315789467976
jaah/jaah_093-miles_davis_gil_evans-summertime,jaah,107.80199625376449,0.15112637947164753,0.1204644522680927
jaah/jaah_075-bud_powell_trio-night_in_tunisia,jaah,166.6666666666735,1.13180751269196,0.0833333333333507
jaah/jaah_032-charlie_parker_quintet-embraceable_you,jaah,63.829787234042705,0.05700871027867657,0.11702127659574436
harmonix/0512_theshowgoeson,harmonix,143.00383721480952,2.6995629505639576e-05,5.404591688744223e-05
harmonix/0328_youmakemefeeldc,harmonix,132.00299308866914,0.000678274039723654,4.988833122009553e-05
harmonix/0012_aroundtheworld,harmonix,121.29824884993172,0.003402777659468941,0.004799671029438031
harmonix/0258_sorry,harmonix,146.34146341463537,0.03663454360392707,0.04878048780497273
harmonix/0715_hellodadalife,harmonix,127.65957446808541,0.057790946569997975,0.021276595744738676
harmonix/0483_ridinsolo,harmonix,89.99999995499984,4.3332578305054e-06,1.5000267687131315e-09
harmonix/0310_whineup,harmonix,124.99999999999989,9.840299617625868e-06,2.9605947323337485e-14
harmonix/0801_lovesong,harmonix,123.00111553401838,1.856680052807416e-05,4.648622159828507e-05
harmonix/0391_givemeallyourluvin,harmonix,145.00219204647092,2.4352269563371147e-05,5.4801161781700184e-05
harmonix/0442_lullaby,harmonix,80.0,0.009965912808392355,0.0
harmonix/0010_andjusticeforall,harmonix,173.50819655179194,0.2323304605377332,0.6883934430455949
harmonix/0544_yougottabe,harmonix,94.0499039825726,0.0016191351612184822,0.001066325271367704
harmonix/0903_shakethatbubblenow,harmonix,105.00000007874768,5.484380246729862e-06,1.7500063633570531e-09
harmonix/0619_closer,harmonix,126.00000005040019,0.0016800591216247832,2.1000076352935105e-09
harmonix/0739_ikissedagirl,harmonix,129.99901742409406,1.864616321109082e-05,4.9130962016776196e-05
harmonix/0713_heartofgoldnow,harmonix,127.99922613374535,1.5967752091583823e-05,4.8375174167324555e-05
harmonix/0380_everybodytalks,harmonix,154.999706973054,0.0026895085229965416,2.583337841122774e-09
harmonix/0266_straightup,harmonix,95.8591457981613,0.0008823269430799459,0.0007607877082867442
harmonix/0424_justadream,harmonix,89.99999995500103,0.003549089250484598,1.5000267687131513e-09
harmonix/0451_mrknowitall,harmonix,96.00174139478588,0.002648634142000037,3.62790581302898e-05
harmonix/0556_allaroundtheworld,harmonix,127.99922613374535,1.5998278655348513e-05,4.8375174167324555e-05
harmonix/0070_dipitlow,harmonix,84.50164462170842,0.0019445279999399342,0.001181618889049106
harmonix/0543_yougonnafly,harmonix,88.23529411764618,0.012163769045798977,0.029411764705876205
harmonix/0130_hotstuff,harmonix,120.54120542193877,0.013651822118247559,0.024559246406286976
harmonix/0470_ours,harmonix,159.99516259959347,0.002807450795658751,6.0467505157401677e-05
harmonix/0540_youandme,harmonix,89.50074408532029,1.4515764234691973e-05,3.3825314553856746e-05
harmonix/0714_hell,harmonix,165.99749066573378,2.649360001339539e-05,6.27387515689289e-05
harmonix/0926_sweetthing,harmonix,103.02133626131723,2.1420406686011864e-05,3.893519703055991e-05
harmonix/0693_gold,harmonix,86.00123510100222,1.6049486097943966e-05,3.250273347343052e-05
harmonix/0760_iwannarock,harmonix,90.99975920857045,8.324854003348724e-06,1.5166897203061805e-09
harmonix/0868_puton,harmonix,137.6189734948392,0.0017419303460642752,5.20107974163005e-05
harmonix/0902_shakeitradiomix,harmonix,149.9999999999992,1.8619744312491107e-14,3.552713678800482e-14
harmonix/0443_magic,harmonix,165.0037415423376,2.9705041707754337e-05,6.236041410837002e-05
harmonix/0437_lovelikewoe,harmonix,89.99999995500008,0.0026284004935254804,1.5000267687131354e-09
harmonix/0933_teardropsonmyguitar,harmonix,100.00000000000036,1.2182687223005228e-14,2.368475785867009e-14
harmonix/0134_igotmine,harmonix,157.44587811716553,0.03812983807803578,0.08867264525584016
harmonix/0155_lapdance,harmonix,102.0006937985192,0.0002922013168559524,3.854946221628599e-05
harmonix/0986_winner,harmonix,89.99999995500175,0.0016967158394535907,1.5000267687131633e-09
harmonix/0789_livingroom,harmonix,113.99767364947414,2.1486886813982922e-05,4.3083520805453147e-05
harmonix/0571_atlantis,harmonix,70.00000001166671,2.347441925157986e-06,1.1666830836700093e-09
harmonix/0349_blow,harmonix,120.0,8.019949762354003e-16,0.0
harmonix/0236_rumpshaker,harmonix,102.74132168456799,0.0006580907371493653,0.0003494598794681134
harmonix/0438_loverlover,harmonix,112.50000007031215,0.004187199899803052,1.8750134789863687e-09
harmonix/0738_ihearnoises,harmonix,130.01818117904403,0.001746182738434709,0.0002948248936751547
harmonix/0125_hellogoodmorning,harmonix,104.00125772187702,0.0007582354323255357,3.9307275387589646e-05
harmonix/0326_yougotittherightstuff,harmonix,111.47623852483605,0.005052797603362659,0.00016852234566869584
harmonix/0167_makesomenoise,harmonix,98.36065573770502,0.016519614658171613,0.032786885245909704
harmonix/0098_floods,harmonix,120.0,0.26047219208294076,0.8339999999999246
harmonix/0843_omgalmighty,harmonix,129.99901742409406,1.774844625240491e-05,4.913312861336345e-05
harmonix/0397_goodlife,harmonix,94.99874349120323,0.0031302944894354315,3.590319181146519e-05
harmonix/0173_massiveattack,harmonix,84.9983939057645,0.011051207388360365,0.007516864131133298
harmonix/0466_onthedarkside,harmonix,172.00010320006035,0.01782794739795902,0.04095322457193761
harmonix/0506_takemehometonight,harmonix,132.6980942861785,0.003455866095636546,0.00225676994995044
harmonix/0758_itgetsbetter,harmonix,169.99678757070905,2.948862740178641e-05,6.42474526239188e-05
harmonix/0294_tonighttonight,harmonix,100.00000000000095,0.0038527424946420345,2.368475785867023e-14
harmonix/0734_iftodaywasyourlastday,harmonix,89.99999995500175,4.024940747990828e-06,1.5000267687131633e-09
harmonix/0278_thatsthahomie,harmonix,72.50308256220202,0.04947474889932253,0.0006028232547804736
harmonix/0488_september,harmonix,75.00000000000027,0.0004251244129744044,3.5527136788005136e-14
harmonix/0376_earthquake,harmonix,153.00104082782917,0.002008340196477711,5.782164341037813e-05
harmonix/0045_cantgetyououtofmyhead,harmonix,126.00000005040019,0.002371216450221185,2.1000076352935105e-09
harmonix/0841_obsessedcahill,harmonix,127.99922613374535,1.5998278659507207e-05,4.8375174167324555e-05
harmonix/0183_mynameisjonas,harmonix,186.12830592837176,0.03086473752655718,0.032709623894661005
harmonix/0037_breakyourheart,harmonix,122.00295074709908,0.0002905480761507087,4.6108981882038356e-05
harmonix/0296_transmaniaconmc,harmonix,142.80317345780105,0.02014913518754662,0.03626207528759674
harmonix/0150_justdance,harmonix,119.00157417463842,1.7118543968535964e-05,4.4974661613275654e-05
harmonix/0363_darkside,harmonix,119.001573938618,0.03545865497543993,4.497466153948947e-05
harmonix/0353_bottomsup,harmonix,148.00313212121677,2.6869229283489706e-05,5.5935317102356044e-05
harmonix/0597_boomboomguetta,harmonix,127.99922613374535,1.605210502147567e-05,4.837517420521994e-05
harmonix/0480_raiseyourglass,harmonix,122.00006913337141,0.0022028776324378115,2.889542096164903e-14
harmonix/0197_nothinonyou,harmonix,104.00115550830485,1.6564506182049668e-05,3.6112667892803335e-05
harmonix/0119_gunpowderandlead,harmonix,93.99978680848368,0.022103978850360004,3.552565278402415e-05
harmonix/0523_ucanttouchthis,harmonix,133.37365811789928,0.00021941632572182007,0.00010081047948205716
harmonix/0660_everymorning,harmonix,145.00219204647092,2.4372594676930237e-05,5.4801161781700184e-05
harmonix/0966_wakingupinvegascalvinh,harmonix,131.0030693669799,2.4684001572644575e-05,4.951042671463515e-05
harmonix/0849_onlyyou,harmonix,99.0010101766076,1.6975635286387446e-05,3.741743179116325e-05
harmonix/0371_downunder,harmonix,106.99987855513814,0.014947877137296072,0.03740547407811609
harmonix/0923_sunandmoon,harmonix,133.3333333333367,0.021202943913229588,0.02222222222232889
harmonix/0920_stopandstare,harmonix,92.47868026560822,0.01132215205595634,3.495077590659831e-05
harmonix/0405_home,harmonix,117.99857310225474,1.9367573955088524e-05,4.459559406187486e-05
harmonix/0290_thisishowwedoit,harmonix,103.39976550553128,0.0031695384007292297,1.7233418126731472e-09
harmonix/0061_dabutt,harmonix,96.77419354838861,0.019987136471749642,0.04838709677420294
harmonix/0083_dragthewaters,harmonix,125.67086195520052,0.04085162990772128,0.049831394944769784
harmonix/0696_goodgirlsgobad,harmonix,120.0,1.655378752886457e-15,0.0
harmonix/0993_youandidanny,harmonix,130.4347826086954,0.010332946826768358,0.02173913043482458
harmonix/0499_starbuckssmile,harmonix,106.99987874595202,0.0009919223140480544,1.7833631383137655e-09
harmonix/0004_abc,harmonix,93.77990421348704,0.019570675720943252,0.039291157466744865
harmonix/0330_50waystosaygoodbye,harmonix,139.99999986000412,7.037923287047915e-06,2.3333749723871454e-09
harmonix/0561_alorsondanse,harmonix,120.0,0.017251966025747828,0.04000000000000625
harmonix/0171_marchofthepigs,harmonix,269.0117943199946,0.029437434597656985,0.014945098190016031
harmonix/0989_womanizer,harmonix,138.9997898068363,6.51502561023986e-06,2.316679044406826e-09
harmonix/0928_takeabow,harmonix,139.99999986000412,0.0007119662432250013,2.3333749723871454e-09
harmonix/0820_mychickbad,harmonix,85.00112433820533,1.571096237232342e-05,3.2124758258768504e-05
harmonix/0553_alivefeatthegoodnatured,harmonix,127.99922613374426,4.425313706559936e-05,4.837517419764045e-05
harmonix/0537_writteninthestars,harmonix,91.900527867288,0.0017100170521981855,0.002188107149931557
harmonix/0645_dontstopthemusic,harmonix,122.69881767234796,1.814320548424621e-05,4.637197318882339e-05
harmonix/0815_mondaymondaymonday,harmonix,122.04797056020792,2.2060303269441083e-05,4.612803045250771e-05
harmonix/0946_thinkingofyou,harmonix,73.52655125747947,0.03415361418012641,2.7788134623133258e-05
harmonix/0148_jesusofsuburbia,harmonix,176.98996685471394,0.11767118938404277,0.3300334478294361
harmonix/0839_nowyouseeit,harmonix,124.99999999999989,1.78133093753013e-05,5.921189464667497e-14
harmonix/0460_numb,harmonix,124.99999999999989,2.0084199089043722e-14,5.921189464667497e-14
harmonix/0501_stayawhile,harmonix,91.99998773333465,0.00205692979248795,1.0894987162323211e-14
harmonix/0073_disturbia,harmonix,124.99999999999989,7.076267053639802e-06,5.921189464667497e-14
harmonix/0316_wildones,harmonix,127.29109545494576,0.010387624833476817,0.0002405356185416824
harmonix/0717_heysoulsister,harmonix,97.00124639973222,0.0020777766620493974,3.666162106030868e-05
harmonix/0094_fireflies,harmonix,89.99999995500008,0.06339667991495695,1.5000267687131354e-09
harmonix/0894_sayheyiloveyou,harmonix,92.99873471501489,0.003854191627735679,3.5147321809466154e-05
harmonix/0041_calabria,harmonix,127.6595744680777,0.015486117475933437,0.0212765957446905
harmonix/0700_gottabesomebody,harmonix,116.00175363717514,2.059730919283668e-05,4.384092945283428e-05
harmonix/0301_unclejohnsband,harmonix,136.67708366625578,0.02051967991753483,0.05028538750255694
harmonix/0345_beinlovetonight,harmonix,127.99922613374535,1.614024735178877e-05,4.837517419764086e-05
harmonix/0018_bassdownlow,harmonix,112.9996582871517,1.2358279136198276e-05,1.883361248565731e-09
harmonix/0654_dynamitemixinmarc,harmonix,120.0,3.623659993907636e-16,0.0
harmonix/0327_youmakemefeel,harmonix,132.0029930886671,2.3715548291977334e-05,4.988833118883016e-05
harmonix/0452_myfirstkiss,harmonix,137.99937431083276,0.0030758921181097665,2.300030618171268e-09
harmonix/0509_thelazysong,harmonix,87.49999996354171,3.45370944568683e-06,1.4583489965110745e-09
harmonix/0833_northshore,harmonix,214.19897976383385,1.9315737157737403e-05,3.56999637092077e-09
harmonix/0746_imnotyourhero,harmonix,121.99771254289467,2.1098919912484654e-05,4.2361672401276934e-05
harmonix/0688_getthepartystarted,harmonix,128.9285191281109,2.042698121631356e-05,4.872638500428486e-05
harmonix/0359_cominghome,harmonix,84.00000003360012,0.15026916038527,0.3587841282235175
harmonix/0613_celebrationbennybenassi,harmonix,128.99766005984756,2.3710500405882863e-05,4.875251569000499e-05
harmonix/0411_ifihadyou,harmonix,131.00306936698098,0.002522996691512845,4.9510426714635556e-05
harmonix/0482_redsolocup,harmonix,164.99345248233092,0.06448484088968894,0.03728877050108249
harmonix/0248_screamingfor,harmonix,225.49855079972926,0.018849579782516418,0.04994034097592379
harmonix/0044_cameraeye,harmonix,162.16216216216017,0.27592781573970177,0.5135135135136547
harmonix/0631_curiosity,harmonix,123.99831295335318,0.0004640546751803148,4.6863095757656465e-05
harmonix/0463_onemorenight,harmonix,92.99873471501489,0.0035686651351369615,3.5147321809982404e-05
harmonix/0497_speakers,harmonix,116.00175363717514,0.0010513151741016408,4.384092945283428e-05
harmonix/0914_soobviousnow,harmonix,151.99908089195773,1.7059434040950432e-05,7.200122851332828e-14
harmonix/0740_ikissedagirljasonnevins,harmonix,132.00299308866502,0.003439726277230045,0.006784733839800228
harmonix/0113_giveituptome,harmonix,96.0,0.0008751976002156647,0.0005999999999858119
harmonix/0368_dontwakemeup,harmonix,128.0,0.0034937973663079825,0.0
harmonix/0133_ifeellove,harmonix,127.65957446808541,0.012685506387079116,0.021276595744691786
harmonix/0846_onelove,harmonix,127.99922613374535,1.599827866562343e-05,4.837517419764086e-05
harmonix/0145_iwantyouback,harmonix,98.36065573770497,0.021665600279421656,0.04918032786886163
harmonix/0930_takeyourtime,harmonix,82.19178082191576,0.013450438804309578,0.04109589041095168
harmonix/0560_almostlovenow,harmonix,91.99958273282661,1.1564301520841027e-05,3.476970896808761e-05
harmonix/0360_coolerthanme,harmonix,129.99901742409406,1.867513879406323e-05,4.9133128582573495e-05
harmonix/0977_wheelsnow,harmonix,139.99999986000412,7.062226200972317e-06,2.3333749723871454e-09
harmonix/0725_hotncold,harmonix,132.00299308866502,2.4733913127512336e-05,4.988833122009397e-05
harmonix/0249_sensualseduction,harmonix,120.0,0.01624573584980254,0.020000000000010232
harmonix/0881_rightround,harmonix,124.99999999999989,0.0032779309900828743,5.921189464667497e-14
harmonix/0657_enursbonfire,harmonix,127.65957446808541,0.014765884139987534,0.021276595744695568
harmonix/0474_pleasedontgo,harmonix,120.0,0.0002888014679363441,0.0
harmonix/0895_scarymonsters,harmonix,127.99922613374147,1.6033015790063945e-05,4.837517416732309e-05
harmonix/0742_iknowyouwantme,harmonix,127.0039358350389,0.0003127069969505701,0.0006719799412013015
harmonix/0888_russianroulettejump,harmonix,111.11111111111092,0.0470400341144681,0.11111111111112994
harmonix/0884_rockstar,harmonix,72.00000002879995,0.0035859835598855633,1.2000214160505257e-09
harmonix/0827_needyounow,harmonix,107.99999991360004,0.0009642930408350123,1.800006542377285e-09
harmonix/0250_sexyandiknowit,harmonix,129.9479422479137,0.0030262648852950793,4.91116589897904e-05
harmonix/0335_allyourlife,harmonix,130.43478260870145,0.035118962150935545,0.0652173913043532
harmonix/0978_whenigrowup,harmonix,118.50060450417145,1.4005096525979193e-05,4.478532843497592e-05
harmonix/0356_californiagurls,harmonix,124.99999999999989,2.0482438294086125e-14,5.921189464667497e-14
harmonix/0450_more,harmonix,119.001573938618,0.0007186790014871938,4.497466152539685e-05
harmonix/0104_getbusy,harmonix,100.20070434882777,0.001490222800908282,0.0015147490777594028
harmonix/0535_withoutyou,harmonix,127.99922613374535,0.0014761123588704693,4.8375174167324555e-05
harmonix/0311_whipmyhair,harmonix,81.51068944834472,0.0009657756967486527,0.002587639705728129
harmonix/0468_openarms,harmonix,101.6949152542367,0.04902076076206818,0.11864406779659792
harmonix/0945_thewayiareradio,harmonix,114.69938011255205,1.3805571403327668e-05,4.334680740824342e-05
harmonix/0201_oh,harmonix,143.99999988480013,7.412044960561175e-05,2.4000087231697147e-09
harmonix/0036_breakingthegirl,harmonix,177.95413269599175,0.00820422239667318,0.02253009354904884
harmonix/0102_gangstaluv,harmonix,102.00462602199653,0.00011618144849365198,0.0002698532381455259
harmonix/0340_backintime,harmonix,126.99784033187463,2.2920880322311762e-05,4.799671713298044e-05
harmonix/0579_beatitstudioversion,harmonix,149.99999999999787,2.104149005140808e-14,3.5527136788004504e-14
harmonix/0286_theragelive,harmonix,76.01373186039,0.047366652602904916,0.016656372675956647
harmonix/0132_iceicebaby,harmonix,115.70247924322157,0.0018695523092927529,0.004075386112334534
harmonix/0819_myblood,harmonix,86.99940816042715,1.3452149582423719e-05,3.2879976324659785e-05
harmonix/0419_itgirl,harmonix,91.99958273282661,0.0015327267465972945,3.476970896808761e-05
harmonix/0107_getlow,harmonix,101.00007632744108,0.004057207273919789,0.0007252461980624454
harmonix/0593_blameitradioedit,harmonix,88.0005321216171,0.0011790198114022816,3.3258334440398646e-05
harmonix/0615_circus,harmonix,114.99847880012649,0.0012126170382299936,4.3461758449174914e-05
harmonix/0058_criticalacclaim,harmonix,136.36363636363706,0.17399532203703874,0.09090909090907329
harmonix/0159_letthemusicplay,harmonix,115.38461538461549,0.0087770833317553,0.019230769230751756
harmonix/0014_babaoriley,harmonix,117.64705882352823,0.2125169512576697,0.37254901960789066
harmonix/0414_illbe,harmonix,136.40581490168242,0.01302082637810066,0.02572430430569852
harmonix/0526_waitingoutsidethelines,harmonix,67.9995887883549,0.07999996879776072,2.5699311272624e-05
harmonix/0867_pokerfacedos,harmonix,119.001573938618,2.0766316492823744e-05,4.497466152539685e-05
harmonix/0080_down,harmonix,132.0029930886671,0.0013466460626599284,4.988833118883016e-05
harmonix/0907_skyscraper,harmonix,104.00125772187575,1.8092967948651874e-05,3.930727535064049e-05
harmonix/0401_hello,harmonix,123.99831295335318,0.002152781258870502,4.686309577234082e-05
harmonix/0447_mindyourmanners,harmonix,92.99873471501489,0.0025272656614061806,3.514732181497279e-05
harmonix/0580_beautiful,harmonix,76.1000862957206,0.0018510921485342844,0.006528616256632296
harmonix/0117_goodmorningblackfriday,harmonix,174.99999992708163,0.19588006317952494,0.5342592585274628
harmonix/0498_springsteen,harmonix,104.00125772187575,0.0005047963760567439,3.930727535064049e-05
harmonix/0272_teachmehowtojerk,harmonix,96.99909063352595,1.5583734621066452e-05,3.368131755495807e-05
harmonix/0461_obsession,harmonix,129.99909713460625,0.002851636034064422,4.514001982229357e-05
harmonix/0382_fatherofmine,harmonix,96.77419354838695,0.015628142295122445,0.032258064516145483
harmonix/0028_blackmagic,harmonix,185.59092704851273,0.15350922631327646,0.1651179288364481
harmonix/0975_whathappensinvegas,harmonix,130.4347826086954,0.01291341671688301,0.02173913043482458
harmonix/0811_miami2ibiza,harmonix,124.99999999999989,0.014651479979141997,0.041666666666673145
harmonix/0389_gettinoveryou,harmonix,129.99901742409406,0.0013142889937911226,4.9133128582573495e-05
harmonix/0105_getdownonit,harmonix,111.11111111111128,0.013796771265292086,0.037037037037042884
harmonix/0621_clubcanthandleme,harmonix,127.99922613374147,0.0005182678334896395,4.8375174197639396e-05
harmonix/0066_decentdaysandnights,harmonix,171.99688007979674,0.010462552229489365,0.008710346266230634
harmonix/0325_ymca,harmonix,126.67560339120978,0.024073322654221282,0.061547299045689834
harmonix/0812_miserybimbo,harmonix,124.99999999999989,1.8075667689910125e-05,1.1842378929334994e-13
harmonix/0567_anythingcouldhappen,harmonix,103.00128456163561,0.0017784232191579957,3.8929335482581297e-05
harmonix/0309_whatsmyname,harmonix,100.00000000000095,1.661660026780355e-05,3.779333334582246e-05
harmonix/0652_drovemewild,harmonix,128.9976600598456,2.3727707258820484e-05,4.8752515690004246e-05
harmonix/0814_mistake,harmonix,160.00483726623574,0.0004765912539800174,6.047116138483e-05
harmonix/0533_whosays,harmonix,101.00007632744077,0.0014328423983810455,4.7843247030452464e-14
harmonix/0642_dontconfess,harmonix,57.50548756897443,0.012611417528378938,0.016430139168503714
harmonix/0212_peoplegotalotofnerve,harmonix,137.597503827172,0.02254484987360865,0.027997920406366998
harmonix/0685_forgottolaugh,harmonix,90.99975920857045,8.172014153647144e-06,1.5166897203061805e-09
harmonix/0245_sayhey,harmonix,92.99873471501489,1.712820547602102e-05,3.514732185128214e-05
harmonix/0455_nevertearusapart,harmonix,193.09640260983414,0.007165095193615499,7.297756709425812e-05
harmonix/0279_thebreaks,harmonix,112.83582105382993,0.007879436262893069,4.2644417997731704e-05
harmonix/0124_hello,harmonix,127.999225860681,0.003823282961285192,9.675034818888148e-05
harmonix/0386_footloose,harmonix,174.2050166405095,0.007403080054140574,0.000855883763863776
harmonix/0420_itsrainingmen,harmonix,136.20219280899576,0.0032449216898002603,0.0022134150252409463
harmonix/0798_lovelikethis,harmonix,76.99918518820651,1.3923561327744793e-05,2.910055874086429e-05
harmonix/0465_onething,harmonix,126.99784033187463,0.0002618726805303424,4.7996717131100494e-05
harmonix/0337_alwayssomethingthere,harmonix,149.2975230550583,0.0022694440200429467,0.006658015107434773
harmonix/0620_closertands,harmonix,136.99906793141008,1.8036757113420983e-05,5.1776514407763124e-05
harmonix/0131_iamthebest,harmonix,127.99922613374535,1.606460220947702e-05,4.837517419764086e-05
harmonix/0484_rockthatbody,harmonix,124.99999999999989,0.00018432064534056888,5.921189464667497e-14
harmonix/0595_blonde,harmonix,89.99999995499995,4.520450008444773e-06,1.5000117807023085e-09
harmonix/0023_bewareoftheboys,harmonix,98.06537686888036,0.002525698688866878,0.004780966118366689
harmonix/0705_haditall,harmonix,75.00000000000027,1.003302900107288e-14,2.6645352591003852e-14
harmonix/0663_explosions,harmonix,96.0,1.8140799988064988e-05,3.62816000233579e-05
harmonix/0591_biggirlsdontcry,harmonix,113.10109002193072,1.785049812410003e-05,4.274467198314047e-05
harmonix/0469_ordinaryworld,harmonix,139.99999986000412,0.004013840743386996,2.3333418137261766e-09
harmonix/0744_immabe,harmonix,92.00278164276858,0.13457348003773317,0.2456189153241603
harmonix/0217_pokerface,harmonix,119.00157417463842,4.898843886508262e-05,4.4974661614596835e-05
harmonix/0502_stronger,harmonix,103.00060804863634,0.0009438913964791645,3.5765244463271235e-05
harmonix/0878_replay,harmonix,90.99975920857045,0.0006646842228939478,1.5166875313222424e-09
harmonix/0425_justakiss,harmonix,71.49998646624448,0.00021405088915515518,1.1916877079513275e-09
harmonix/0331_againstallodds,harmonix,115.38461538461627,0.04511193842472654,0.07692307692307587
harmonix/0127_hollabackgirl,harmonix,109.99792155260731,2.0761746194496333e-05,4.1571881152826396e-05
harmonix/0273_technologic,harmonix,127.49963865008662,0.004058858123723263,0.006649639529069254
harmonix/0081_downonme,harmonix,80.0,6.569771743149413e-16,0.0
harmonix/0128_homecoming,harmonix,122.44897959184156,0.2569180631746766,0.5102040816325571
harmonix/0692_giveyourheartabreakdos,harmonix,123.02971121389758,0.001145390094141126,2.0505026413793246e-09
harmonix/0265_straightlines,harmonix,127.91259796989772,0.005382858333347812,0.015227689929977951
harmonix/0995_youfoundme,harmonix,75.99954044597904,1.138261078259258e-05,2.87227596710419e-05
harmonix/0600_breakeven,harmonix,93.99978680848538,0.0010747007797965074,1.5666910726284101e-09
harmonix/0274_temperature,harmonix,124.99999999999989,0.0019341784286226067,2.9605947323337485e-14
harmonix/0507_teenagedream,harmonix,120.0,0.001583113770228333,0.0
harmonix/0525_venus,harmonix,125.00000000000081,0.010800997855628413,0.020833333333373734
harmonix/0369_dontyouworrychild,harmonix,128.9976600598456,2.3712416449245913e-05,4.8752515690004246e-05
harmonix/0695_goodbyegoodbye,harmonix,135.0000001350005,7.096718107399537e-06,2.2500081820216285e-09
harmonix/0038_bringmetolife,harmonix,94.99533285554635,0.006061242528271871,3.590348605912363e-05
harmonix/0602_breaktheice,harmonix,117.5007770375366,0.00979482549934522,4.44074603358125e-05
harmonix/0487_secrets,harmonix,73.99949665048973,0.002489541243972571,2.796687643458674e-05
harmonix/0472_partofme,harmonix,129.99901742409406,0.0004047804775029207,4.9132911925945656e-05
harmonix/0951_thunder,harmonix,75.00000000000018,1.2091463216858188e-14,3.55271367880051e-14
harmonix/0808_makethemoney,harmonix,89.00100906377314,1.575414637789036e-05,3.363793136054132e-05
harmonix/0856_paperbackhead,harmonix,120.0,9.291817425026146e-16,0.0
harmonix/0805_lovetheysay,harmonix,92.99873471501489,1.7205233143253634e-05,3.5147321809982404e-05
harmonix/0673_feelsliketonight,harmonix,131.0030693669804,0.003966405161884203,4.951042671463534e-05
harmonix/0773_kissmethruthephone,harmonix,75.00000000000027,0.0002989555127089333,3.5527136788005136e-14
harmonix/0730_hurtssogood,harmonix,127.99922613374535,0.000797378671356844,4.8375174167324555e-05
harmonix/0628_crankthatsouljaboy,harmonix,70.00000001166671,2.3291761321859774e-06,1.1666874875546744e-09
harmonix/0057_crankthat,harmonix,139.99999986000182,7.335957251051857e-06,2.3333418137261378e-09
harmonix/0604_bustitbabypart2,harmonix,157.89473684210716,0.018613673199057053,0.05263157894736793
harmonix/0297_troublecomesrunning,harmonix,141.4670659106189,0.021526873242933346,0.033041062060804906
harmonix/0697_goodlife,harmonix,127.99922613374147,1.5952528921411774e-05,4.8377307525830547e-05
harmonix/0114_givemeeverything,harmonix,128.9976600598456,0.0015103958905403289,4.875251567472786e-05
harmonix/0078_donttouchme,harmonix,113.20754716981108,0.022343147220910933,0.037735849056676624
harmonix/0157_leanwitit,harmonix,75.99954044597895,1.1464465299542786e-05,2.8722759653041562e-05
harmonix/0179_moveslikejagger,harmonix,127.98065287461515,0.00016304919037117107,0.00019347048596835844
harmonix/0370_downonme,harmonix,80.0,1.577149089559032e-16,0.0
harmonix/0013_athingaboutyou,harmonix,153.99837017878244,0.02885322554889622,0.06675590649776604
harmonix/0517_tilltheworldends,harmonix,132.00299308866502,2.4728537750502396e-05,4.988833122009397e-05
harmonix/0638_deadandgone,harmonix,67.49999999156248,1.5912967129395565e-06,1.12500408974518e-09
harmonix/0838_nowimallmessedup,harmonix,76.99918518820651,1.3918822107123313e-05,2.910055874086429e-05
harmonix/0177_milkshake,harmonix,112.87914340533287,0.004522898789575367,0.010460303650533354
harmonix/0666_fallin,harmonix,191.90600535971123,0.008811194432079972,0.0005802150134900231
harmonix/0909_sofineed,harmonix,127.99922613374535,0.005124999334202174,4.8375174167324555e-05
harmonix/0844_ondirecting,harmonix,143.9999998847996,6.749389418368121e-06,2.4000087231697056e-09
harmonix/0479_pricetag,harmonix,87.49999996354171,0.002589759925862082,1.4583489965110745e-09
harmonix/0677_fireburning,harmonix,123.00111553401838,0.007177965126331677,4.648622162741759e-05
harmonix/0194_nomoretears,harmonix,103.44827586206674,0.16413044014230668,0.25172413793099846
harmonix/0983_whyamitheone,harmonix,74.00156624315011,0.054072226081350164,0.10845732203255318
harmonix/0732_idontwannabeinlove,harmonix,124.99999999999989,2.0071170281127516e-14,5.921189464667497e-14
harmonix/0899_sexycani,harmonix,86.00123510100222,1.6062816674176605e-05,3.250273347343052e-05
harmonix/0160_likeag6,harmonix,124.99999999999989,0.003594057737280708,5.921189464667497e-14
harmonix/0246_scenario,harmonix,101.73010386958967,0.0014305365826717258,0.00061514820452312
harmonix/0402_herestous,harmonix,80.0,0.002360509618898548,0.0
harmonix/0409_idontlikeyou,harmonix,128.0,0.0009468193926067068,0.0
harmonix/0063_daysgoby,harmonix,126.99784006306899,0.0012882792717052705,0.0003359727859072846
harmonix/0227_replay,harmonix,90.99975920857045,1.0614148373733593e-05,3.439184230926086e-05
harmonix/0395_gold,harmonix,95.998258514793,1.8140682294753793e-05,3.628094185804824e-05
harmonix/0775_knockyoudownbimbojones,harmonix,129.99901742409406,1.8609574456030664e-05,4.9133128582573495e-05
harmonix/0552_addicted,harmonix,137.99937431083276,0.0013635771781923519,2.300030618171268e-09
harmonix/0486_rundatback,harmonix,129.99901742409406,2.4725320865911834e-05,4.9130962016776196e-05
harmonix/0916_sowhat,harmonix,126.00000005040019,6.68855204164371e-06,2.099995744804912e-09
harmonix/0829_nevertoolate,harmonix,149.99999999999787,0.01359410095287697,3.5527136788004504e-14
harmonix/0364_deuces,harmonix,73.99949665048973,0.0014282568719033192,2.7966876436777563e-05
harmonix/0681_flashinglights,harmonix,90.49866615750624,0.0030868785312152818,3.420397086958065e-05
harmonix/0699_gotmoney,harmonix,82.49929853940145,1.371600897939708e-05,3.117923491473081e-05
harmonix/0842_obsessionstatic,harmonix,131.003069653011,0.003147599476400852,0.007624516207050534
harmonix/0289_thisisexile,harmonix,124.75247523517814,0.062392469826606504,0.14314945869869403
harmonix/0687_getouttamyway,harmonix,127.99922613374524,0.001209754118250454,4.837517416732451e-05
harmonix/0247_scream,harmonix,127.99922599721317,1.6083342113038014e-05,4.837730747422968e-05
harmonix/0630_crushcrushcrush,harmonix,136.99906793141008,1.789102954646546e-05,5.1776514407763124e-05
harmonix/0877_releasemenow,harmonix,113.20754716981108,0.02547471500512009,0.07547169811321855
harmonix/0938_thebusiness,harmonix,132.99824071922154,2.190777970685027e-05,5.026446844691254e-05
harmonix/0659_everybody,harmonix,93.99978680848538,0.0022934853088806668,1.5666910726284101e-09
harmonix/0825_myloveislikeastar,harmonix,66.99921511201147,1.2650004335250575e-05,2.5321236706366907e-05
harmonix/0917_spacemanties,harmonix,137.99937431082373,0.00544381447030165,2.300030618171118e-09
harmonix/0143_informer,harmonix,98.0799169286644,0.001657687005263055,0.00163095949593554
harmonix/0303_wakeupdead,harmonix,162.16216216216174,0.15843342332296792,0.4594594594594052
harmonix/0603_breaktheicejasonnevinsmix,harmonix,128.99765978250267,0.0066103799523868,0.007800312190265239
harmonix/0724_hotmessdj,harmonix,120.0,0.012424998968624793,0.023573694799984724
harmonix/0417_imtoosexy,harmonix,122.08175691958307,0.0020807018938348216,0.0002768285226033473
harmonix/0282_thegreatsatan,harmonix,159.0048674013467,0.03974576676280214,6.00958896676558e-05
harmonix/0636_daynnitecrookersremix,harmonix,129.99901742409406,0.0003786504694890016,4.9130962016776196e-05
harmonix/0318_windup,harmonix,128.05497745076886,0.009329749228123685,0.006291439217642016
harmonix/0161_limelight,harmonix,130.9836147749849,0.06948588047130944,0.03493391446569316
harmonix/0338_animal,harmonix,148.00313212121677,2.6857185638263246e-05,5.5935317102356044e-05
harmonix/0293_tomsawyer2,harmonix,87.36421558759115,0.1515506110000416,0.24796777395014372
harmonix/0961_unfaithfulfemme,harmonix,132.00299308866502,2.4733903563293985e-05,4.988833122009397e-05
harmonix/0987_withyou,harmonix,86.00123510100222,1.6065047396080187e-05,3.250273347343052e-05
harmonix/0001_12step,harmonix,112.9996582871502,0.002103002619839873,0.0033310549651884946
harmonix/0648_donttrustme,harmonix,129.99901742409406,0.004434614231112068,4.9130962016776196e-05
harmonix/0085_electricboogie,harmonix,107.14285714285671,0.013506040835911429,0.03571428571429115
harmonix/0626_coolerthanme,harmonix,129.99901742409406,1.8642536905996335e-05,4.9130962016776196e-05
harmonix/0598_boomboompow,harmonix,129.87777944644648,0.002011242390283317,0.0004417619497262643
harmonix/0882_rightroundbenny,harmonix,128.99758129535059,2.2185319378364245e-05,4.479226013908954e-05
harmonix/0207_oopsohmy,harmonix,79.9081931572489,0.00035104640333171675,0.0007549912541951805
harmonix/0879_ridinsoloian,harmonix,124.99999999999896,3.7676634455956306e-14,1.1842378929334905e-13
harmonix/0475_poisonedwithlove,harmonix,168.99789260471852,0.0007371730716149726,6.386993691952907e-05
harmonix/0339_aslongasyouloveme,harmonix,70.00000001166671,0.00032971456129401896,1.1666709082241706e-09
harmonix/0384_finally,harmonix,120.09803939230093,0.00035713551828475383,0.0008623819865549135
harmonix/0897_sentimentaltune,harmonix,163.0012937032347,2.0129376245789966e-05,6.160362222935631e-05
harmonix/0008_america,harmonix,115.38461538461627,0.026278142299443624,0.05769230769231032
harmonix/0172_marrythenight,harmonix,131.00306936698195,0.005023515489360598,0.0005446081434044641
harmonix/0767_justfine,harmonix,123.00111553401838,1.8565408215026695e-05,4.6486221603406024e-05
harmonix/0649_down,harmonix,132.00299308866502,0.010525388167106959,4.989053119651805e-05
harmonix/0550_aboutyounow,harmonix,164.99570338814038,2.8533530414832013e-05,5.729200806542576e-05
harmonix/0818_mrsaxobeatext,harmonix,127.65957446808541,0.0124724938797431,0.021276595744691786
harmonix/0046_castlesmadeofsand,harmonix,96.13079016978068,0.15689535389956463,0.35831062617256204
harmonix/0219_pondereplay,harmonix,99.0010101766076,1.6127886029993803e-05,3.7417431797025284e-05
harmonix/0787_liveyourlife,harmonix,80.0,0.002200183115152571,0.0
harmonix/0214_planetrock,harmonix,127.65957446808541,0.015268006211190729,0.021276595744782495
harmonix/0299_turnthebeataround,harmonix,130.43478260869742,0.01766649835640624,0.04347826086958805
harmonix/0372_drinkinmyhand,harmonix,112.9996582871517,1.2260973365154219e-05,1.883361248565731e-09
harmonix/0617_citylights,harmonix,84.00000003360012,3.473870763589957e-06,1.4000050901956738e-09
harmonix/0786_livelikeweredying,harmonix,91.99958273282661,1.1624065749780889e-05,3.476970895719267e-05
harmonix/0813_missindependent,harmonix,171.99688007979336,2.9420557609990018e-05,6.500364089143725e-05
harmonix/0062_dance,harmonix,133.3333333333325,0.02421838875299431,0.06666666666666878
harmonix/0065_deadandbloated,harmonix,61.557072893286794,0.016910226329619797,0.04285498357423103
harmonix/0341_baggageclaim,harmonix,80.9991735127836,1.4303004744345775e-05,3.061363763458794e-05
harmonix/0434_lights,harmonix,120.0,6.971058524399847e-16,0.0
harmonix/0803_lovestory,harmonix,119.001573938618,2.0785338486089928e-05,4.497466152539685e-05
harmonix/0807_makemebetter,harmonix,86.51016801369046,0.001712808854650952,1.4418695486607673e-09
harmonix/0542_yougetwhatyougive,harmonix,113.20754716981108,0.017953368987824864,0.04339622641508025
harmonix/0199_numberofthebeast2,harmonix,201.0027343004993,0.05272167460162424,0.06905195673450389
harmonix/0531_whenwestandtogether,harmonix,93.99978680848382,0.00027097404445717514,1.5666688090064907e-09
harmonix/0226_rendezvu,harmonix,125.3375020363677,0.00013737103873018213,4.736921996677395e-05
harmonix/0845_onefoot,harmonix,153.846153846148,0.3413399958783936,1.012820512820474
harmonix/0651_doyouremember,harmonix,125.89209234839643,0.0029138685911055512,4.757881813589543e-05
harmonix/0782_lifeafteryou,harmonix,153.99837057403727,0.000968581747681472,5.820111751994324e-05
harmonix/0774_knockyoudown,harmonix,154.999706973054,0.0002202659355000938,2.583337841122774e-09
harmonix/0960_umbrella,harmonix,86.99940816042715,1.3463636924575803e-05,3.28799763554072e-05
harmonix/0403_heybaby,harmonix,127.99922613374147,0.0004153462738543359,4.8375174197639396e-05
harmonix/0637_daynniteremix,harmonix,128.99766005984756,0.001945518689439967,4.875251569000499e-05
harmonix/0040_bustamove,harmonix,117.57387231553113,0.00831491855486673,0.009411241760352237
harmonix/0891_savetheworld,harmonix,127.65957446808541,0.022312934033926077,0.04255319148940058
harmonix/0994_youbelongwithme,harmonix,129.99909713461022,1.62649818873507e-05,4.5137853193589256e-05
harmonix/0745_immabewolf,harmonix,127.99922613374147,1.5998278661182042e-05,4.837517416732309e-05
harmonix/0005_again,harmonix,155.99575535550005,2.944769095416243e-05,5.895859572859789e-05
harmonix/0505_takeitoff,harmonix,124.99999999999989,0.003489666152975264,5.921189464667497e-14
harmonix/0367_dontdreamitsover,harmonix,81.2005156276043,0.012327411365053794,0.030381145855218575
harmonix/0718_heytheredelilah,harmonix,104.00125772187575,1.808146044594329e-05,3.930727535064049e-05
harmonix/0378_effinperfect,harmonix,91.99958273282661,0.0017835605915712289,3.476970896808761e-05
harmonix/0793_lovegame,harmonix,105.00000007874768,5.363805525748557e-06,1.7500312323528233e-09
harmonix/0741_iknowyoucare,harmonix,110.68351037505221,0.0008965360387412207,0.0017987121929388785
harmonix/0712_heartless,harmonix,87.98882680335508,0.000790276185294104,3.3253910622986604e-05
harmonix/0611_catchingfeelings,harmonix,88.0005321216171,1.2568701223553672e-05,3.3258334440398646e-05
harmonix/0950_throwyourhandsup,harmonix,130.43478260869338,0.011738765312549967,0.02173913043482425
harmonix/0821_myfeelingsforyou,harmonix,127.99922613374147,1.6039737180127725e-05,4.8375174197639396e-05
harmonix/0285_thekill,harmonix,183.0002073300872,1.0128958465312995e-05,3.050036215226861e-09
harmonix/0304_weaponofchoice,harmonix,97.99999999346664,0.0003418484724906026,1.633339271132725e-09
harmonix/0870_ratedr,harmonix,127.65957446808541,0.01395804759871916,0.021276595744691786
harmonix/0366_domino,harmonix,126.99784033187463,2.2935177041541817e-05,4.7996717131100494e-05
harmonix/0351_blowup,harmonix,82.99874533286771,1.563981170402195e-05,3.136937580412281e-05
harmonix/0077_dontsweat,harmonix,106.22666505570349,0.010716474987845125,0.023312858356082097
harmonix/0726_hotplay,harmonix,127.99922613374535,0.006158767838223614,4.837517419764086e-05
harmonix/0042_callme,harmonix,122.44897959183623,0.02568041050598039,0.06122448979593494
harmonix/0067_deep,harmonix,166.66666666666035,0.05769426113577756,0.0833333333333432
harmonix/0312_whitefalconfuzz,harmonix,79.96890100071495,0.011595307148866486,0.015271839621342834
harmonix/0396_goodfeeling,harmonix,127.99922613374147,0.0030366046321352704,4.837517420521847e-05
harmonix/0329_youreajerk,harmonix,99.0010101766076,0.0032779461309510385,0.0014217848574716533
harmonix/0781_lettinggoduttylove,harmonix,91.99958273282661,1.1612526624093632e-05,3.476970895719267e-05
harmonix/0780_letmebereal,harmonix,126.00000005040019,0.0028124328733274816,2.1000076352935105e-09
harmonix/0538_you,harmonix,94.99874349120323,0.008845311278263965,3.5903191790722794e-05
harmonix/0030_bodymovin,harmonix,101.73792677337167,0.0100165095711355,0.010612118495844643
harmonix/0633_dancingmachine,harmonix,116.00175363717514,2.056552343294395e-05,4.384092943909691e-05
harmonix/0421_ittakestwo,harmonix,111.4997260618986,0.00356986364414244,0.004508872380678817
harmonix/0921_stronger,harmonix,104.00125772187575,0.0004669233854900578,3.930727533832427e-05
harmonix/0481_reallove,harmonix,109.13140299246392,0.004688056836827909,4.1244394930838114e-05
harmonix/0142_indestructible,harmonix,89.99999995500175,0.0032179100502915735,1.5000267687131633e-09
harmonix/0874_realize,harmonix,124.99999999999527,0.024821656010332895,0.0625
harmonix/0905_shocktoyoursystem,harmonix,103.00128456163561,1.802003986016643e-05,3.892933549115788e-05
harmonix/0585_beautyandabeat,harmonix,127.99922613374535,1.59982786689364e-05,4.837517420521994e-05
harmonix/0422_itwillrain,harmonix,75.0000000000001,1.2732046834480468e-14,3.552713678800506e-14
harmonix/0200_oceansize,harmonix,93.74999999999991,0.06051485361116887,0.12343749999999913
harmonix/0307_whatdoesntkillyou,harmonix,116.00175363717514,0.00010308554370450474,4.384092945283428e-05
harmonix/0539_youandi,harmonix,126.99784033187463,0.0013643208291579392,4.7996717131100494e-05
harmonix/0393_giveyourheartabreak,harmonix,123.00111553401838,0.003679806429371671,4.648622160556821e-05
harmonix/0764_iwish,harmonix,123.99831295335318,2.12507108984793e-05,4.686309577234082e-05
harmonix/0958_turnmeup,harmonix,123.99831295335318,2.1253238210231672e-05,4.6863095757656465e-05
harmonix/0832_noone,harmonix,89.99999995500175,0.0053405936492509935,1.5000267687131633e-09
harmonix/0548_2getherextended,harmonix,127.65957446808541,0.013624784714756023,0.042553191489340114
harmonix/0099_forgetyou,harmonix,127.49963865008723,0.005640455775192478,2.125001702819415e-09
harmonix/0791_lollipop,harmonix,73.99949665048973,1.1889926951323537e-05,2.796687643458674e-05
harmonix/0477_poundthealarm,harmonix,124.99999999999989,1.8860802116013203e-14,5.921189464667497e-14
harmonix/0900_sexychickakon,harmonix,130.00013000012999,3.22822373571267e-09,6.158043201297403e-14
harmonix/0640_disturbia2,harmonix,124.99999999999989,2.0605240530503205e-14,5.921189464667497e-14
harmonix/0733_ifihadyou,harmonix,131.0030695099975,2.4676844638866406e-05,4.951042676868626e-05
harmonix/0709_hangingon,harmonix,70.00000001166671,2.4668616962432755e-06,1.1666804931496182e-09
harmonix/0771_kisskissmainversion,harmonix,70.00000001166671,0.0012870617041491818,1.1666833427220485e-09
harmonix/0441_lovingyoutonight,harmonix,92.99873471501489,0.004750810114531988,3.5147321809982404e-05
harmonix/0072_discoinferno,harmonix,129.43305768744304,0.012457722846860123,0.022061342636162377
harmonix/0901_sexydj,harmonix,122.44897959183801,0.011782727647056295,0.020408163265345777
harmonix/0785_littleliesnow,harmonix,117.99857310225515,0.0016443337276943622,0.002140564915251681
harmonix/0003_6foot7foot,harmonix,84.00000003360012,3.784974883527014e-06,1.4000050901956738e-09
harmonix/0750_ineedyourlove,harmonix,124.99999999999989,2.035491979623353e-14,5.921189464667497e-14
harmonix/0375_dynamite,harmonix,120.0,0.004328683378896675,0.0
harmonix/0783_lighton,harmonix,65.99985037833792,0.011467946100738416,1.1000171372007703e-09
harmonix/0324_yeah3x,harmonix,129.99901742409406,0.0003933660454385511,4.913096203986866e-05
harmonix/0242_satisfaction,harmonix,129.99901742409406,0.0021968874641636153,4.913312863645591e-05
harmonix/0269_sweettalk,harmonix,162.16216216216017,0.01491287743668878,0.027027027027059725
harmonix/0445_memories,harmonix,129.99901742409406,0.00029537373605375834,4.9131828643047e-05
harmonix/0035_boyfriend,harmonix,97.00124639973215,0.00031304403300957067,0.0007698520087445919
harmonix/0592_blameit,harmonix,124.99999999999989,2.1238225104862337e-14,5.921189464667497e-14
harmonix/0912_somenights,harmonix,107.99999991359968,0.01693272662765217,0.004930612555994392
harmonix/0710_hardjeezy,harmonix,90.99975920857045,8.231409167047488e-06,1.5166897203061805e-09
harmonix/0589_bestieverhad,harmonix,80.9991735127836,0.004341982912865022,3.061363763458794e-05
harmonix/0052_collector,harmonix,137.99937431083615,2.0917222879688118e-05,5.215456353669698e-05
harmonix/0799_lovesexmagic,harmonix,106.99987874595202,4.5608118778885446e-06,1.7833631383137655e-09
harmonix/0321_wonderwall,harmonix,87.05092783956864,0.005540323650793936,0.007500985489053157
harmonix/0558_allnightlong,harmonix,139.99999986000412,7.007023474522051e-06,2.3333418137261766e-09
harmonix/0491_skyscraper,harmonix,104.00125772187575,1.8092944741182646e-05,3.930727533832427e-05
harmonix/0406_honeybee,harmonix,103.00128456163561,0.0005490155060690486,3.8929335482581297e-05
harmonix/0716_heroheroine,harmonix,82.00074380141152,1.3886604185327008e-05,3.0990814460631844e-05
harmonix/0939_thecure,harmonix,144.02351385496473,2.7111547042471003e-05,5.4431286704628904e-05
harmonix/0547_1901boflexdpassionpitremix,harmonix,143.9999998847996,6.76419993491601e-06,2.4000428292209947e-09
harmonix/0982_whoknewdos,harmonix,139.99999986000412,0.0014693280795057115,2.333371604710641e-09
harmonix/0674_feelsocloseextendedmix,harmonix,127.99922613374147,0.0024984048518358155,4.83751742279557e-05
harmonix/0122_heardemall,harmonix,97.99999999346664,0.0011016897628752429,5.440092820300593e-15
harmonix/0588_believe,harmonix,80.0,6.331073653225824e-16,0.0
harmonix/0355_brokenhearted,harmonix,120.0,6.924008880177889e-16,0.0
harmonix/0979_whenlovetakesover,harmonix,129.99901742409406,1.866807035761203e-05,4.9130962016776196e-05
harmonix/0915_sosletthemusicplay,harmonix,115.00219614901833,0.0008897435999239299,3.9932595909206396e-05
harmonix/0627_cowboyboots,harmonix,72.9991448138019,1.3606590807935908e-05,2.7588810137728804e-05
harmonix/0361_countrymustbecountrywide,harmonix,76.9230769230768,0.017403011304070442,0.03846153846155808
harmonix/0182_mycurse,harmonix,173.99881632086147,0.016081477722347904,0.033339910295293464
harmonix/0965_wakingupinvegascalvin,harmonix,131.00306936698115,0.0001795201569717016,4.9510426714635617e-05
harmonix/0478_prayforyou,harmonix,69.76744186046517,0.07958006566653765,0.034883720930233904
harmonix/0562_alreadygone,harmonix,73.99949665048973,0.00249055384908377,2.796687643458674e-05
harmonix/0365_dirtroadanthem,harmonix,63.520261177867084,0.002528289241026264,2.4006424041565818e-05
harmonix/0149_johnnyguitar,harmonix,142.85714285714712,0.02213340578525147,0.04761904761905648
harmonix/0059_cupidshuffle,harmonix,143.6014328445662,2.102113064078048e-05,5.427176818731794e-05
harmonix/0836_notmyselftonight,harmonix,127.99922613374535,1.599827865730902e-05,4.8375174167324555e-05
harmonix/0344_beautifullife,harmonix,135.00000013499834,0.003485210140592204,2.2500081820215925e-09
harmonix/0032_boomboompow,harmonix,136.36363636363706,0.015658480872210386,0.04545454545453664
harmonix/0583_beautifulgirls,harmonix,129.99901742409406,1.8637502748629167e-05,4.9130962016776196e-05
harmonix/0707_halfwaygone,harmonix,124.99999999999989,0.013880419362736452,0.04166666666665834
harmonix/0137_iknowyouwantme,harmonix,126.99784033187845,0.0036678260535305883,0.0006719457848489313
harmonix/0683_foreverextendedmix,harmonix,127.99922613374147,0.0003821856313855082,4.8375174197639396e-05
harmonix/0522_turnupthemusic,harmonix,129.99901742409406,0.0023767599891087736,4.9130962016776196e-05
harmonix/0053_commander,harmonix,124.99999999999989,0.00042378019530093884,2.9605947323337485e-14
harmonix/0824_mylifewouldsuckwithoutyous,harmonix,129.99901742409406,1.8677054731313216e-05,4.9130962016776196e-05
harmonix/0582_beautifulday,harmonix,136.25128726809928,1.994698104193144e-05,5.149390320134181e-05
harmonix/0144_ishotthesheriff,harmonix,187.500000000004,0.3413760032036063,1.0
harmonix/0872_readyfortheweekend,harmonix,137.99937431083276,0.0031599866514771544,2.300030618171268e-09
harmonix/0314_whoomp,harmonix,129.38586629811869,0.007917895889749407,0.014816478860814475
harmonix/0343_banjo,harmonix,102.00069379852042,1.4272910628583666e-05,3.8549462234405415e-05
harmonix/0779_letitrockfilthy,harmonix,126.99784033187463,2.2942378627547756e-05,4.799671713298044e-05
harmonix/0110_girlsandboys,harmonix,120.038107297545,0.000783471441921717,4.5366402061407516e-05
harmonix/0234_roundandround,harmonix,127.99922613374535,1.5998278658446905e-05,4.8375174167324555e-05
harmonix/0022_betteroffalone,harmonix,136.98488304464558,0.0014457097505795448,0.001568648598582284
harmonix/0840_obsessed,harmonix,86.49885591639483,1.593423757692017e-05,3.269080096704898e-05
harmonix/0095_firework,harmonix,123.998312953355,2.643989229031798e-05,4.686309577234151e-05
harmonix/0929_takeovercontrolext,harmonix,129.99901742409406,1.8668070356508927e-05,4.9130962016776196e-05
harmonix/0954_timeaftertimevan,harmonix,136.99906793141008,1.7999331560544677e-05,5.1776514407763124e-05
harmonix/0751_inlovewithagirl,harmonix,80.9991735127836,1.432233600011335e-05,3.0613637630990854e-05
harmonix/0974_whateveryoulike,harmonix,75.0000000000001,0.0008285380139051627,3.552713678800506e-14
harmonix/0191_newslang,harmonix,129.99901742409406,0.0002514595046283414,4.913096204756615e-05
harmonix/0096_fivemagics,harmonix,164.74690213494273,0.13958084869411552,0.3486333338359509
harmonix/0632_cyclone,harmonix,78.0001768654009,0.000704969551000215,3.694830603980909e-14
harmonix/0071_dirtypool,harmonix,148.13985377944562,0.05412579853772644,0.07151135039160918
harmonix/0892_saveyoutonight,harmonix,127.99922599721317,1.5999084987336298e-05,4.837730747422968e-05
harmonix/0991_worryaboutyounow,harmonix,85.25033827192138,9.975701688992508e-06,3.2218944492207665e-05
harmonix/0937_thatsnotmyname,harmonix,146.34146341463284,0.019388309530277557,0.024390243902485943
harmonix/0074_djgotusfallininlove,harmonix,120.0,1.7275214643601619e-15,0.0
harmonix/0706_halcyon,harmonix,120.0,7.1546198365061115e-16,0.0
harmonix/0291_thrasher,harmonix,208.0025154437515,0.03435985717443436,0.004795217190175399
harmonix/0493_somebodysheartbreak,harmonix,75.00000000000027,1.194708596990181e-14,3.5527136788005136e-14
harmonix/0101_galang,harmonix,101.00007632744077,0.006027766229472125,0.004962211183361405
harmonix/0524_undoit,harmonix,78.0001768654009,0.0022694817170448157,3.694830603980909e-14
harmonix/0671_feedback,harmonix,114.99847880012649,2.0096459729187873e-05,4.3461758449174914e-05
harmonix/0054_conceited,harmonix,99.49986838903594,7.14411084923654e-06,2.35663028976385e-14
harmonix/0635_daynnite,harmonix,68.99968707606907,0.12787783540185604,2.6077281752404114e-05
harmonix/0108_getup,harmonix,109.09090909090683,0.033965975612985665,0.05454545454546841
harmonix/0320_wolflikeme,harmonix,88.00053212161755,0.15099798327679406,0.296873752496204
harmonix/0352_boogiewonderland,harmonix,130.43478260870145,0.019803602090878156,0.04347826086958939
harmonix/0516_thisorthat,harmonix,102.20162223612856,0.0017642551825516595,3.8625399806795665e-05
harmonix/0855_overyou,harmonix,78.0001768654009,8.327578682744146e-06,3.694830603980909e-14
harmonix/0138_ilikeit,harmonix,128.99766005984756,9.937239179005711e-05,4.87525156747286e-05
harmonix/0513_thetime,harmonix,127.99922613374147,0.0005834956029369483,4.8375174197639396e-05
harmonix/0333_allday,harmonix,85.0011243382053,1.571174544611043e-05,3.212475825876849e-05
harmonix/0586_bed,harmonix,127.99922599721512,1.5970106311595843e-05,4.837730747423041e-05
harmonix/0195_nookie,harmonix,97.34383048965896,0.042212907551292526,0.039768966294312404
harmonix/0336_alonewithyou,harmonix,109.00102981447924,1.763500757680799e-05,4.1196939223271155e-05
harmonix/0215_pointofknowreturn,harmonix,139.10940547265747,0.04707698085110206,0.11145576074274698
harmonix/0458_notorious,harmonix,106.53889518523039,0.006370709505657943,0.001046868940589628
harmonix/0967_walkingonadream,harmonix,126.99784033187655,0.0071762070098448,4.7998833761948544e-05
harmonix/0168_maneater,harmonix,136.36363636363265,0.015276338369531548,0.022727272727283736
harmonix/0728_howyouremindme,harmonix,85.99844003989662,0.0017866644290787984,0.0035101395615185333
harmonix/0462_oldalabama,harmonix,115.38461538461627,0.16649227860042795,0.2673076923076749
harmonix/0287_therewasatime,harmonix,89.99999995500175,0.020266392795726177,1.5000694012772876e-09
harmonix/0390_getyourselfbackhome,harmonix,129.99901742409406,0.0021818691346154246,4.9130962016776196e-05
harmonix/0185_nasty,harmonix,103.6549536528708,0.0046637747282909595,0.0023896250222776674
harmonix/0020_becauseofyou,harmonix,109.99923618363732,1.396049587706471e-05,3.8195401445534044e-05
harmonix/0629_crush,harmonix,80.9991735127836,0.0007781181234413765,3.061363763458794e-05
harmonix/0932_tattoo,harmonix,84.00000003360012,3.5434940852564643e-06,1.4000050901956738e-09
harmonix/0559_alltherightmoves,harmonix,146.00231748018467,0.0024347491940774776,5.517914255520182e-05
harmonix/0737_ihatethispart,harmonix,111.58906879061709,0.013315080963487703,4.217322874553665e-05
harmonix/0680_fixaheart,harmonix,160.0,3.023466667970388e-05,6.046933337226316e-05
harmonix/0854_overmyheadcablecar,harmonix,116.00175363717514,2.0606821909241877e-05,4.384092945283428e-05
harmonix/0306_werunthis,harmonix,109.6015242590866,0.009163397282432147,0.021978295018296738
harmonix/0431_letitrain,harmonix,78.08073655911565,0.0027044542499507548,2.950931304665976e-05
harmonix/0969_webelongtogether,harmonix,70.00000001166671,0.000573672116141627,1.1666874875546744e-09
harmonix/0886_rudeboy,harmonix,86.99940816042715,1.3450526331237439e-05,3.287997632981118e-05
harmonix/0890_samemistakes,harmonix,89.99999995500175,4.2445007528998725e-06,1.5000267687131633e-09
harmonix/0623_comeongethigher,harmonix,91.99958273282661,0.001887204497656294,3.476970897796115e-05
harmonix/0922_suffocate,harmonix,123.00111553401838,1.859408960261427e-05,4.648622160090245e-05
harmonix/0857_paralyzer,harmonix,106.00112171093666,1.7887563489779502e-05,4.006135727852489e-05
harmonix/0357_cheers,harmonix,80.0,0.0010782603853458485,0.0
harmonix/0702_greenlight,harmonix,154.999706973054,8.671155707295368e-06,2.583337841122774e-09
harmonix/0848_onething,harmonix,126.99784033187463,2.2889378241428234e-05,4.799671713298044e-05
harmonix/0467_onthefloor,harmonix,129.99901742409406,1.8681695489573426e-05,4.9130962016776196e-05
harmonix/0489_shakeyourbody,harmonix,117.50077726764464,0.005031044109974661,0.008526134483711737
harmonix/0831_noair,harmonix,80.0,0.000964699694677771,0.0
harmonix/0457_nothing,harmonix,78.50001480902812,0.00344890147611479,1.3083569290755076e-09
harmonix/0596_bonbon,harmonix,127.65957446808541,0.016522568926540717,0.021276595744691786
harmonix/0835_notetogod,harmonix,120.0,0.0035553598231514738,0.0
harmonix/0240_sandstorm,harmonix,136.06911445614728,0.003130857384542068,0.0007199439524060924
harmonix/0490_showme,harmonix,127.99922613374535,0.0022548272600043107,4.837517419764086e-05
harmonix/0231_rightthurr,harmonix,92.109892124364,0.003255184352561515,0.002091661826631489
harmonix/0940_thehousethatbuiltme,harmonix,80.9991735127832,0.06630345085646752,3.061363763458779e-05
harmonix/0435_lookatmenow,harmonix,72.9991448138019,0.030214150395157218,2.7588810147724392e-05
harmonix/0551_accordingtoyou,harmonix,131.0030693669799,0.026133834899049097,4.9510426699121266e-05
harmonix/0415_illbewaiting,harmonix,97.00124639973222,0.004717366778698981,3.666162106030868e-05
harmonix/0021_better,harmonix,97.99918334014062,0.012951877123887427,3.402858309055846e-05
harmonix/0334_alltherightplaces,harmonix,93.99978680848382,8.34611829244943e-06,1.566691072628384e-09
harmonix/0305_wenospeakamericano,harmonix,125.00000000000081,0.002215598849783687,0.002881708333320669
harmonix/0430_lastfridaynight,harmonix,126.00000005040019,0.0021128689264117385,2.099992713896054e-09
harmonix/0752_inmyhead,harmonix,109.99792155260731,2.060781228369502e-05,4.1571881152826396e-05
harmonix/0261_starships,harmonix,124.99999999999989,0.000431694191731173,2.9605947323337485e-14
harmonix/0440_loveyoulikealovesong,harmonix,117.00198968903567,0.00021967527082679462,4.421895199827747e-05
harmonix/0118_grenade,harmonix,110.49862195603136,0.004034551502963818,0.003545479594657529
harmonix/0255_sleepwalker,harmonix,174.99999992708163,0.10189303335924213,0.3936507952526938
harmonix/0385_fiveoclock,harmonix,84.00000003360012,0.0021714618913824296,1.4000050901956738e-09
harmonix/0418_inthedark,harmonix,124.99999999999989,0.000420999601376513,5.921189464667497e-14
harmonix/0521_tooclose,harmonix,126.00000005040019,0.007127341473129717,2.099977792498597e-09
harmonix/0392_givemeyourhand,harmonix,126.00000005040019,6.9149370692457685e-06,2.1000076352935105e-09
harmonix/0381_everythingyouwant,harmonix,93.89971252790833,0.0011663571946896392,0.0010646239856693304
harmonix/0220_promiscuous,harmonix,114.32768735513142,0.00020923567000326654,0.0005616995498034824
harmonix/0817_morethanthis,harmonix,75.99954044597904,1.1442284014218905e-05,2.87227596710419e-05
harmonix/0578_bealright,harmonix,106.99987874595337,0.03733945262449807,1.783337795651598e-09
harmonix/0970_whataboutnow,harmonix,80.9991735127836,1.4316934806549519e-05,3.061363763458794e-05
harmonix/0980_whenyouleave,harmonix,139.99999986000412,7.1517993662217095e-06,2.3333749723871454e-09
harmonix/0756_istillmissyou,harmonix,78.0001768654009,8.17223046363289e-06,3.694830603980909e-14
harmonix/0564_americanboybenny,harmonix,128.99766005984756,0.0005722596091716811,4.875251569000499e-05
harmonix/0471_paradise,harmonix,139.99999986000066,0.01311176985355246,0.0035978856630856032
harmonix/0614_cinema,harmonix,130.4347826086954,0.10519210209018709,0.26086956521740073
harmonix/0332_alejandro,harmonix,99.0010101766076,1.69774929188246e-05,3.741743178053831e-05
harmonix/0736_igotafeeling,harmonix,127.99922613374147,1.5998278666835265e-05,4.8375174197639396e-05
harmonix/0545_youkeepmehangingon,harmonix,122.44897959183446,0.009931300986745318,0.020408163265345187
harmonix/0919_stereolove,harmonix,126.88213281522943,0.06012869887262892,4.7952987426174244e-05
harmonix/0650_downlilwayne,harmonix,132.00299308866502,2.4722589350763126e-05,4.988833122009397e-05
harmonix/0691_givesyouhell,harmonix,100.00000000000095,0.0035285602102744047,2.368475785867023e-14
harmonix/0971_whatayawantfromme,harmonix,92.9992251025534,1.4346028230913617e-05,3.229243094745406e-05
harmonix/0090_fearofthedarklive,harmonix,139.534883720928,0.28422003331898804,0.2790697674418005
harmonix/0581_beautifulcarlyrae,harmonix,104.00125772187671,1.8122345301280767e-05,3.9307275366036134e-05
harmonix/0777_lebump,harmonix,127.99922613374535,0.0012942596585794552,4.837517419764086e-05
harmonix/0271_teachmehowtodougie,harmonix,85.00112433820512,7.639307575383106e-05,3.2124758260970397e-05
harmonix/0616_citygirl,harmonix,68.99968707606907,0.008549474845262653,2.6077281752404114e-05
harmonix/0981_whenyouregone,harmonix,70.99924869186724,1.3220331991879106e-05,2.6832982739554617e-05
harmonix/0952_tiktok,harmonix,120.0,4.485978453382214e-17,0.0
harmonix/0184_myprerogative,harmonix,110.53555004567731,0.00410735752666679,0.01218146823161819
harmonix/0350_blowme,harmonix,113.99767364947414,2.1487963248542737e-05,4.308352082907821e-05
harmonix/0208_opp,harmonix,97.71770447985033,0.00404664755752989,0.01355343746819471
harmonix/0735_ifuseeamy,harmonix,129.99901742409406,1.8594078900625395e-05,4.9133128582573495e-05
harmonix/0672_feelitinmybones,harmonix,129.99901742409406,0.009153448814805159,4.91331286441534e-05
harmonix/0913_somuchlove,harmonix,125.00000000001006,0.011512886123904942,0.020833333333375274
harmonix/0861_pingmebaby,harmonix,122.44897959183713,0.011545950319045144,0.02040816326533113
harmonix/0534_wideawake,harmonix,80.0,0.0012215696829142935,0.0
harmonix/0115_gonnamakeyousweat,harmonix,114.61491802099316,0.002295437101757192,0.005388545297979507
harmonix/0259_spiceupyourlife,harmonix,124.05644887662507,0.0027740980551310707,0.006282524577028996
harmonix/0924_sunisup,harmonix,127.99922613374535,0.0002533412427010763,4.837517419764086e-05
harmonix/0529_werwhower,harmonix,120.0,4.059918626940115e-16,0.0
harmonix/0068_devilsisland,harmonix,170.04048576111998,0.04840998916607122,0.12604588452388577
harmonix/0379_et,harmonix,75.75956855945994,1.0811973197263947e-05,2.6306247532711103e-05
harmonix/0766_justdance,harmonix,119.001573938618,2.075701085459609e-05,4.497466152539685e-05
harmonix/0664_eyesextendedmix,harmonix,127.99922613374147,0.0008639192610924036,4.837517416732309e-05
harmonix/0676_figure8,harmonix,73.99949665048973,1.187034993777412e-05,2.7966876436777563e-05
harmonix/0768_keepsgettinbetter,harmonix,129.99901742409406,1.868455138087961e-05,4.9130962016776196e-05
harmonix/0883_rocksatmywindow,harmonix,92.50131092857674,0.0004456586470975125,3.496087044974952e-05
harmonix/0778_letitrock,harmonix,113.1301038504939,0.00012854341051635217,0.0002565338234957675
harmonix/0315_whygo,harmonix,117.64705882352823,0.4836512102253974,0.09803921568630974
harmonix/0796_loveinthisclub,harmonix,133.9882521288968,0.0036951586129862334,0.0081527251157158
harmonix/0800_lovesexmagicjason,harmonix,126.00000005040019,4.927148191541703e-05,2.1000076352935105e-09
harmonix/0346_birthdaydress,harmonix,109.00102981447924,1.7655809906294336e-05,4.119693922286777e-05
harmonix/0731_icouldntbeyourfriend,harmonix,135.00000013499834,6.983028792948785e-06,2.2500401564447336e-09
harmonix/0678_fireflies,harmonix,89.99999995499984,0.001742328277527969,1.5000267687131315e-09
harmonix/0658_evacuatethedancefloor,harmonix,126.99998518333413,1.438741235259343e-14,3.0079638971219475e-14
harmonix/0859_picturesofyou,harmonix,104.00115550830388,1.6617969046533745e-05,3.6112667917435426e-05
harmonix/0837_nottonight,harmonix,86.99940816042624,1.3499029941995332e-05,3.2879976334962247e-05
harmonix/0727_howcomeyoudontwantme,harmonix,102.00069379852042,0.00013491221037457822,3.85494622102468e-05
harmonix/0962_usagainsttheworldjason,harmonix,139.99999986000412,0.00099422526764676,2.3333749723871454e-09
harmonix/0454_myohmy,harmonix,96.0,1.8140799999391757e-05,3.62816000233579e-05
harmonix/0048_chingaling,harmonix,102.00069397192341,0.006507843669551624,0.005601171758136398
harmonix/0276_texasflood,harmonix,173.85019738777876,0.07124729187529923,0.07969776351805509
harmonix/0254_sixsixsix,harmonix,149.00326611930566,0.04999873110449813,0.10350264783886114
harmonix/0810_memoriesextended,harmonix,130.43478260869338,0.018340958644441928,0.043478260869586706
harmonix/0610_castle,harmonix,120.0,1.4385989858800415e-15,0.0
harmonix/0129_hotinherre,harmonix,107.07781960491315,0.01864808891928697,0.0015863398726831046
harmonix/0292_timeslikethese,harmonix,144.70180386450127,0.0009300513746851383,5.0245289705586e-05
harmonix/0446_midnightcity,harmonix,105.00000007874768,0.0004280227177828338,1.7500312323528233e-09
harmonix/0106_getitshawty,harmonix,128.0178045114223,0.007517953946824118,0.0006434761603020213
harmonix/0109_geturfreakon,harmonix,88.9292196733538,0.006335258981230928,0.006136990035262323
harmonix/0860_pieceofme,harmonix,114.99847880012649,2.0128502849168606e-05,4.3461758449174914e-05
harmonix/0374_drunkonyou,harmonix,72.00000002879888,3.0741521485027846e-06,1.2000214160505078e-09
harmonix/0555_allaroundme,harmonix,147.0000001102499,0.00531823861740768,2.4500437252940055e-09
harmonix/0599_boyfriend,harmonix,97.00124639973222,1.7638200191789747e-05,3.666162106030868e-05
harmonix/0162_lobotomy,harmonix,128.7967290095816,0.05490562508380688,0.11560552902035981
harmonix/0743_iminloveiwannadoit,harmonix,125.00000000000267,0.015143649880874778,0.020833333333433252
harmonix/0936_tequieroacoustic,harmonix,84.00000003360012,0.0004227316092692544,1.4000050901956738e-09
harmonix/0794_lovegamedave,harmonix,126.99784033187463,2.290506909368796e-05,4.799671713333293e-05
harmonix/0698_goodtime,harmonix,126.00000005040019,6.960745115722052e-06,2.1000076352935105e-09
harmonix/0308_whatislove,harmonix,123.8764043656337,0.000793919753801999,0.001732209183547492
harmonix/0898_sexyback,harmonix,117.00198968903486,2.1719025695327373e-05,4.421895199827716e-05
harmonix/0158_letitrock,harmonix,113.10109002193374,0.0032268480426095518,0.008206880879531446
harmonix/0485_rollinginthedeep,harmonix,105.00000007874768,5.2552000733344025e-06,1.7500312323528233e-09
harmonix/0223_reallove,harmonix,95.01921214829733,0.0032403017227422577,0.0015800627597842374
harmonix/0655_earthquakey,harmonix,128.0,0.0008589158587709964,0.0
harmonix/0690_givemeeverything,harmonix,127.65957446808541,0.014434964302305123,0.021276595744691786
harmonix/0244_sayaah,harmonix,92.99873471501489,0.0005188668703589085,3.514732181084281e-05
harmonix/0566_americanwoman,harmonix,84.00000003360012,0.002056222478471782,1.4000050901956738e-09
harmonix/0625_complicated,harmonix,77.99098062385846,0.003437699463132732,2.9475391277614362e-05
harmonix/0828_neoncathedral,harmonix,82.00074380141152,1.392298915879878e-05,3.0990814460631844e-05
harmonix/0998_youregonnamissthis,harmonix,77.3910499858763,0.00760011682060628,2.9249947338186443e-05
harmonix/0281_theedgeofglory,harmonix,122.44897959183446,0.02191556696126624,0.04081632653063237
harmonix/0762_iwantitthatway,harmonix,99.0010101766076,0.04069518117502362,3.741743179116325e-05
harmonix/0528_werunthenight,harmonix,126.99784033187463,0.002200081513940081,4.799671713251045e-05
harmonix/0400_heatofthemoment,harmonix,136.89983443425342,0.07591469132278561,0.19748551533583894
harmonix/0647_dontthinkidontthinkaboutit,harmonix,74.90021792967407,8.492047769104364e-06,2.8318524103295673e-06
harmonix/0569_arrow,harmonix,138.11462596874514,6.439175148748522e-05,0.00020878788006378608
harmonix/0373_driveby,harmonix,122.00006913337141,1.4567424482569006e-14,2.889542096164903e-14
harmonix/0453_mygirl,harmonix,73.99949665048973,0.0034143624940087118,2.796687643458674e-05
harmonix/0510_theonethatgotaway,harmonix,134.00182316627118,0.00038214388042716373,5.064375571077342e-05
harmonix/0869_raiseyourweapon,harmonix,139.99999985999486,0.04361252427420586,0.09375661623958662
harmonix/0026_blackandyellow,harmonix,82.00074380141152,1.4085946864395641e-05,3.0990814460631844e-05
harmonix/0830_nightwatch,harmonix,124.99999999999989,1.4085976327609157e-14,2.9605947323337485e-14
harmonix/0875_redbelt,harmonix,129.95113316505584,0.001968988169991033,0.0008349078745055875
harmonix/0784_lightweight,harmonix,190.00430844269627,3.342141778713716e-05,7.180896163867117e-05
harmonix/1000_yourloveismydrug,harmonix,120.0,7.661555823777305e-16,0.0
harmonix/0262_stash,harmonix,90.92783499342735,0.02753211304865405,0.07050171884979192
harmonix/0140_impacto,harmonix,100.50136731858996,9.063889205092204e-05,3.798449177698964e-05
harmonix/0216_poison,harmonix,111.86268688137085,0.003844278519463181,0.005538176206026965
harmonix/0238_sambadejaneiro,harmonix,132.9898648423965,0.000711817741286249,0.0007037158698303441
harmonix/0444_maybe,harmonix,84.00000003360012,0.001332304458094664,1.4000050901956738e-09
harmonix/0834_nosurprise,harmonix,96.0,0.0013512808389158381,0.0
harmonix/0399_gotmygirls,harmonix,94.99934033249707,0.0010317602784565127,3.2986937603678e-05
harmonix/0283_thehumptydance,harmonix,103.50088018442196,0.00796438079288925,0.012673579277698686
harmonix/0689_gettinoveryou,harmonix,129.99901742409406,1.8582160787317162e-05,4.9133128582573495e-05
harmonix/0644_dontsayaword,harmonix,124.99999999999989,1.7836939483784596e-14,5.921189464667497e-14
harmonix/0536_workout,harmonix,92.99873471501489,0.0012226731415104894,3.5147321807229086e-05
harmonix/0439_lovethewayyoulie,harmonix,86.99940816042715,0.01263950630602056,3.287997634526538e-05
harmonix/0433_lighters,harmonix,89.99999995500127,0.007157559685782771,1.5000267687131555e-09
harmonix/0864_pleasedontleavememain,harmonix,137.99712527148725,2.361521155027419e-05,4.791720180500517e-05
harmonix/0280_thedayitriedtolive,harmonix,133.60262545725783,0.13537966304251323,0.031658671852161896
harmonix/0565_americanhoney,harmonix,86.00123510100222,0.00428645251421435,3.250273347343052e-05
harmonix/0235_rudeboy,harmonix,86.99940816042624,1.3474459177782535e-05,3.2879976334962247e-05
harmonix/0546_18days,harmonix,64.99950871204703,0.0003557446289074,2.4566564306681724e-05
harmonix/0141_indaclub,harmonix,89.99999995500008,0.001841132160547726,1.5000054524310733e-09
harmonix/0947_thiskiss,harmonix,127.99922613374147,1.6013387812497292e-05,4.8377307525830547e-05
harmonix/0934_teenagedreamkaskade,harmonix,125.00000000000267,0.011329677752323165,0.020833333333344434
harmonix/0362_crazygirl,harmonix,151.00154074673696,2.1852683677581094e-05,5.706851566962385e-05
harmonix/0178_mountainman,harmonix,77.499853486527,0.010249512573805688,0.012916642247779463
harmonix/0394_godgavemetoyou,harmonix,75.99954044597972,0.0002602276429981754,2.872275967104216e-05
harmonix/0233_rocknrollnightmare,harmonix,151.99908089195807,0.015307034007483424,0.03946461323205951
harmonix/0949_throwitinthebag,harmonix,86.00123510100222,1.6061032883936375e-05,3.250273347343052e-05
harmonix/0570_aslongasyouloveme,harmonix,70.00000001166671,0.0003086882923784735,1.1666874875546744e-09
harmonix/0504_suspiciousminds,harmonix,120.0,0.014379696637081484,0.03224489799998764
harmonix/0686_fortheloveofadaughter,harmonix,114.95850906952595,1.960003585473147e-05,4.3446652555646885e-05
harmonix/0549_515,harmonix,82.00074380141152,0.03154513689880793,3.0990814460631844e-05
harmonix/0964_wakingupinvegas,harmonix,131.0030693669799,2.4679420363479213e-05,4.951042669100072e-05
harmonix/0876_rehab,harmonix,80.07989827706868,5.2658139897638554e-06,1.334669823397653e-09
harmonix/0701_gottabeyou,harmonix,85.00112433820554,1.570724997906595e-05,3.212475826128512e-05
harmonix/0412_ifitmakesyouhappy,harmonix,95.39948087418387,0.0015440700854796698,3.605623379255636e-05
harmonix/0009_americanmusic,harmonix,133.83915014637873,0.11922614706158997,0.16868993600074975
harmonix/0398_goodtime,harmonix,126.00000005040019,0.0006506728377328857,2.099992713896054e-09
harmonix/0166_macarena,harmonix,103.19251854240571,0.0010373692881607878,0.002114013973977679
harmonix/0541_youdroppedabombonme,harmonix,126.01800256639396,0.004606963590337284,0.011906460222398966
harmonix/0377_eatdirt,harmonix,124.99999999999989,4.259712617700023e-05,5.921189464667497e-14
harmonix/0116_goodies,harmonix,102.0006937985192,0.0003962088005467461,0.0006553323575096282
harmonix/0708_haloradioedit,harmonix,80.0,0.002084291490528104,0.0
harmonix/0761_iwant,harmonix,127.99922599721512,1.599908498742708e-05,4.837730747423041e-05
harmonix/0152_kingofrock,harmonix,98.28028083511619,0.006216741510012182,0.007911450076328722
harmonix/0607_cantholdus,harmonix,146.00231748018467,2.5120173145720363e-05,5.517914255520182e-05
harmonix/0413_ifyoucouldonlysee,harmonix,94.99874349120262,0.013659923788148228,0.021074929750710673
harmonix/0519_titanium,harmonix,126.00000005040019,0.0002929532450244557,2.099992713896054e-09
harmonix/0056_control,harmonix,120.42051614930637,0.012642676205108208,0.002366540109530643
harmonix/0050_clubcanthandleme,harmonix,127.99922613374535,1.6021492244745752e-05,4.837517419764086e-05
harmonix/0668_fallinganthem,harmonix,127.98065287461515,0.0008609051842861282,2.1330792595221107e-09
harmonix/0243_saucyjack,harmonix,120.0,0.048725269800666986,0.03176666759999991
harmonix/0251_sexychick,harmonix,129.99901742409406,2.026073071455263e-05,4.913096203217117e-05
harmonix/0492_sm,harmonix,127.99922613374147,0.003271936361704007,4.8377307525830547e-05
harmonix/0576_barbrastreisand,harmonix,127.65957446808541,0.011339087712002155,0.021276595744737142
harmonix/0518_timeaftertime,harmonix,130.49911242986147,0.011688205220609864,0.002318012234394064
harmonix/0319_withoutyou,harmonix,117.99857310225454,0.010441289659475859,0.03389225815787031
harmonix/0043_callmemaybe,harmonix,120.0,0.0607193076446941,0.0
harmonix/0772_kissmebackcrytonight,harmonix,132.99824071922154,0.0008140557345256375,5.026446845121922e-05
harmonix/0670_fearless,harmonix,100.04915498358636,0.014448478090076199,0.01079139423523782
harmonix/0806_mad,harmonix,64.99950871204703,0.03419608621570599,2.4566564306681724e-05
harmonix/0931_takeyouthere,harmonix,114.99847880012649,2.0105595536348342e-05,4.3461758449174914e-05
harmonix/0755_intothenight,harmonix,122.44897959183801,0.026392736919852104,0.06122448979592133
harmonix/0079_dontyouwantme,harmonix,117.64705882352987,0.011844112380590275,0.03921568627450912
harmonix/0889_samelove,harmonix,85.00112433820554,0.0030816461508615133,3.212475826128512e-05
harmonix/0763_iwasafool,harmonix,88.0005321216171,1.2579972923683613e-05,3.3258334440398646e-05
harmonix/0508_tennesseeme,harmonix,116.00175363717673,0.011061363821364332,0.015510741801048807
harmonix/0416_impossible,harmonix,89.99999995500175,0.0009153712564230767,1.5000054524311013e-09
harmonix/0669_fastforwardffwd,harmonix,124.99999999999989,1.9443194845874104e-14,5.921189464667497e-14
harmonix/0410_idontwantthisnighttoend,harmonix,111.99999994026645,4.749877247929703e-06,1.866673451851997e-09
harmonix/0087_evacuate,harmonix,126.99784033187655,2.3471979086620002e-05,4.7996717138621e-05
harmonix/0082_dragosteadintei,harmonix,129.99901742409406,0.0006701413459413887,4.9133128597968475e-05
harmonix/0169_manicdepression,harmonix,149.7538062400786,0.031026980257932,0.04691833173177536
harmonix/0476_pontoon,harmonix,96.00000000000007,1.8140800008079116e-05,3.6281600023357925e-05
harmonix/0347_bitch,harmonix,96.40046635460797,0.0003962334532958613,0.001056542684542921
harmonix/0554_allalright,harmonix,80.49893519094442,0.001514958429567279,3.0423230907017926e-05
harmonix/0298_turnmeon,harmonix,106.2522586795221,2.007362366376986e-05,4.0158041175050095e-05
harmonix/0348_blackout,harmonix,122.99807815502425,3.8467205526637006e-05,0.00012812094809969873
harmonix/0358_children,harmonix,89.9999999550008,3.9875430934303595e-06,1.5000267687131474e-09
harmonix/0189_neversaynever,harmonix,96.77419354838695,0.02185408519149224,0.06451612903224513
harmonix/0792_lovedrunk,harmonix,149.99999999999787,2.050034116774091e-14,3.5527136788004504e-14
harmonix/0204_onlyamemory,harmonix,133.3333333333325,0.02551024766077714,0.06666666666666878
harmonix/0999_yourheartisamuscle,harmonix,86.00123510100222,1.605627492645376e-05,3.250273347343052e-05
harmonix/0100_futureperfecttense,harmonix,240.0,0.005487939045945128,0.006077096000041138
harmonix/0608_canttellmenothing,harmonix,80.0,0.0030738286677388584,0.0
harmonix/0017_badromance,harmonix,119.001573938618,2.0761780289228504e-05,4.497466151791015e-05
harmonix/0852_oursong,harmonix,89.00100906377361,0.002547851451227527,3.363644804715713e-05
harmonix/0527_wantuback,harmonix,97.99999999346664,2.844722110342006e-06,0.0
harmonix/0267_superfreak,harmonix,133.3333333333325,0.016855460517816542,0.0444444444444558
harmonix/0494_somebodythatiusedtoknow,harmonix,128.9976600598456,0.00019923373974426223,4.8752515690004246e-05
harmonix/0456_nohands,harmonix,65.69995533388543,0.0016358298123103731,0.0030292508355700314
harmonix/0682_forever,harmonix,120.0,0.000625965647458977,0.0
harmonix/0572_awake,harmonix,101.00007632744077,1.997976753676392e-06,4.7843247030452464e-14
harmonix/0826_myohmy,harmonix,89.00100906377267,1.575232446376285e-05,3.363644804715678e-05
harmonix/0953_tilltheworldends2,harmonix,133.33333333332828,0.0211079922491664,0.05696145155550977
harmonix/0747_imreal,harmonix,83.49900603061585,1.5241739480296641e-05,3.155705769948701e-05
harmonix/0092_fergalicious,harmonix,128.9976600598456,2.3559190856779697e-05,4.875251575110981e-05
harmonix/0049_closer,harmonix,126.00000005040019,6.994034425254821e-06,2.1000020397694645e-09
harmonix/0126_heymami,harmonix,132.9982407192205,0.00039481267089976237,0.00010052893685973996
harmonix/0853_outonthetown,harmonix,118.00383555339994,0.02039614792559528,0.04067252557151657
harmonix/0270_takeovercontrol,harmonix,130.43478260869338,0.014478452452408627,0.043478260869555814
harmonix/0988_withyoukovas,harmonix,128.80299869867292,0.001305524590794271,0.0019958131984109456
harmonix/0436_loveactually,harmonix,124.99999999999989,2.009689174031893e-14,5.921189464667497e-14
harmonix/0181_mrsaxobeat,harmonix,126.99784033187655,2.346334645066443e-05,4.799671713133621e-05
harmonix/0383_feelsoclose,harmonix,128.0,0.0026291249763092843,0.0007555562666637409
harmonix/0218_policyoftruth,harmonix,113.08175566488904,2.055803925820683e-05,4.273736485834801e-05
harmonix/0639_dieinyourarms,harmonix,86.00123510100222,1.605517833516954e-05,3.250273347343052e-05
harmonix/0055_constantmotion,harmonix,180.00000018,0.06303135040978555,0.06306122406303472
harmonix/0112_giveitup,harmonix,139.99999986000006,0.004221403856274983,2.333341813726109e-09
harmonix/0153_lalaland,harmonix,85.00112433820512,0.06100042616035274,3.212475826128496e-05
harmonix/0765_jimmyiovine,harmonix,76.99918518820651,0.00015093411941270247,2.910055874086429e-05
harmonix/0748_imyours,harmonix,151.00154074673696,0.00042947716826384816,5.706851566962385e-05
harmonix/0165_lucretia,harmonix,96.77419354839083,0.03743823973017785,0.08064516129032111
harmonix/1001_yourloveismydrugdave,harmonix,127.99922586068487,1.592568627030821e-05,4.8377307422628804e-05
harmonix/0284_thehustle,harmonix,111.11111111111128,0.017807459313852952,0.037037037037042884
harmonix/0973_whateverittakes,harmonix,74.99999999999993,0.017367149814911456,0.02500000000001277
harmonix/0190_newfang,harmonix,94.98680741292593,0.08896087144892824,0.03194945541738823
harmonix/0069_digginmedown,harmonix,109.99792155261018,0.14970327311761875,0.0022032840348769583
harmonix/0428_kingofanything,harmonix,119.001573938618,0.0019291439740522455,4.497466152539685e-05
harmonix/0006_aint2proud2beg,harmonix,104.85229143149353,0.002687674084566665,0.004081553692849135
harmonix/0086_escapade,harmonix,115.23888340620233,1.6602824071503173e-05,4.355261533606229e-05
harmonix/0229_ridingonthewind,harmonix,176.47058823529972,0.05212911168840864,0.08823529411764798
harmonix/0136_igotyoudancing,harmonix,124.99999999999989,0.0009739994780685625,2.9605947323337485e-14
harmonix/0609_carryon,harmonix,105.26315789473286,0.1331709773656762,0.3508771929824728
harmonix/0404_holditagainstme,harmonix,132.99824071922154,0.0009003193504793654,5.026446845121922e-05
harmonix/0047_chinacatsunflower,harmonix,97.815237811316,0.038240823416515926,0.10947469514988163
harmonix/0956_tonightimgettingoveryou,harmonix,126.00000005040019,6.652244071780014e-06,2.1000076352935105e-09
harmonix/0851_openurmind,harmonix,139.999999860003,0.009055538764558528,0.015925928650741425
harmonix/0992_wrongthinwhiteduke,harmonix,134.00005806669188,4.410564410267654e-09,6.347517856714636e-14
harmonix/0858_peoplearepeople,harmonix,120.0,0.017052186366939587,0.040000000000018354
harmonix/0723_hotelroomservice,harmonix,126.00000005040019,0.0023330111438718075,2.1000076352935105e-09
harmonix/0093_fireburning,harmonix,123.00111553401838,0.0011667986853816676,4.6486221612851336e-05
harmonix/0769_killa,harmonix,113.99767364947567,2.1485849649563036e-05,4.308352083582881e-05
harmonix/0075_dontcha,harmonix,119.95104030358303,0.0031039558405772183,0.003739969679020045
harmonix/0770_kingofmycastle,harmonix,128.0,3.6844836363779257e-16,0.0
harmonix/0893_say,harmonix,84.00000003360012,0.0019339477850019316,1.4000050901956738e-09
harmonix/0039_bulletproof,harmonix,123.00111578617388,0.003209310853100063,0.00478802753387398
harmonix/0175_meddle,harmonix,84.4989461833627,0.0004959366276716112,0.00015967343364455927
harmonix/0573_babyludacris,harmonix,129.99901742409406,0.003845967075944465,4.9130962016776196e-05
harmonix/0156_lastnight,harmonix,120.99871955928569,0.0006630497020854116,4.572944942721728e-05
harmonix/0574_badromanceappboyz,harmonix,129.99901742409406,0.000400696298263629,4.9130962016776196e-05
harmonix/0520_tonight,harmonix,126.00000005040019,0.004924025113213778,2.1000076352935105e-09
harmonix/0906_shutupanddrive,harmonix,132.99824071922154,2.1888773346124333e-05,5.026446845121922e-05
harmonix/0239_sandm,harmonix,127.99922613374535,1.5935919048107937e-05,4.837517419764086e-05
harmonix/0927_swing,harmonix,75.00000000000027,0.00032784396221724997,3.5527136788005136e-14
harmonix/0802_lovestoned,harmonix,121.2426684861432,2.2876340213455954e-05,4.582164587269611e-05
harmonix/0904_shewolf,harmonix,121.99732607073788,2.304544811247777e-05,4.610685612935088e-05
harmonix/0721_holdup,harmonix,128.9976600598456,2.371081448035944e-05,4.8752515690004246e-05
harmonix/0174_maythisbelove,harmonix,95.23809523809378,0.06009756407883003,0.14285714285714274
harmonix/0665_fall,harmonix,82.99874533286852,1.5643969317915937e-05,3.1369375804123115e-05
harmonix/0918_starstrukk,harmonix,139.99999986000412,7.407360426783404e-06,2.3333418137261766e-09
harmonix/0514_thetimeofmylife,harmonix,108.50043061198691,0.00549593564860306,0.009226225616692875
harmonix/0643_dontrush,harmonix,128.0,9.416338266798288e-16,0.0
harmonix/0873_readyornot,harmonix,92.99873471501489,1.7213976607154398e-05,3.5147321808605745e-05
harmonix/0170_manyshadesofblack,harmonix,64.5161290322576,0.0394949260899354,0.08602150537634354
harmonix/0863_pleasedontleavemedigi,harmonix,139.534883720928,0.018966385746209836,0.02325581395350816
harmonix/0729_hurricane,harmonix,94.99874349120323,1.7306815179681597e-05,3.5903191790722794e-05
harmonix/0515_thisafternoon,harmonix,80.0,1.8138937810880636e-17,0.0
harmonix/0594_bleedinglove,harmonix,104.00125772187575,0.003654999943646684,3.930727535064049e-05
harmonix/0557_alligator,harmonix,115.38461538461509,0.020426289703331647,0.051923076923080035
harmonix/0530_whatthehell,harmonix,149.99999999999787,0.0012098427131163095,3.5527136788004504e-14
harmonix/0711_heartheartheartbreak,harmonix,129.99901742409406,1.8572021199725184e-05,4.9130962016776196e-05
harmonix/0241_satellite,harmonix,94.99934033249707,1.443374712083148e-05,3.2986937603678e-05
harmonix/0257_somebodytolove,harmonix,129.99901742409406,2.0255470799306724e-05,4.9130962009078706e-05
harmonix/0264_stereolove,harmonix,127.65957446808541,0.01620865555263803,0.021276595744691786
harmonix/0790_locapeople,harmonix,127.99922599721512,1.604105383999193e-05,4.837730747423041e-05
harmonix/0198_nowthatwefoundlove,harmonix,119.95647847008941,0.004260116767297634,0.011197751132716267
harmonix/0500_stay,harmonix,80.30105303762888,0.002498831226766556,0.0033382895634077535
harmonix/0342_bangpop,harmonix,92.26037933995833,0.0037742944015552423,0.004324705281553882
harmonix/0634_dangerous,harmonix,117.00198968903405,0.002366805836680304,4.421895199827686e-05
harmonix/0679_firsttime,harmonix,131.99640829853183,0.012269661385817322,0.0154145471609452
harmonix/0653_dynamite,harmonix,120.0,0.01257998925231859,0.0
harmonix/0288_thewayiare,harmonix,114.70435239929911,0.004537461402858994,0.0010404026964096348
harmonix/0847_onestepatatime,harmonix,102.0006937985192,1.428290193426912e-05,3.8549462234404954e-05
harmonix/0027_blackened,harmonix,184.08877460249073,0.18976359385349795,0.48645076090868844
harmonix/0429_kissinu,harmonix,109.99792155260731,2.0591910979607226e-05,4.157188117887914e-05
harmonix/0862_pleasedontleaveme,harmonix,127.99922613374147,0.002619051435024829,4.83751742279557e-05
harmonix/0866_pokerfacedave,harmonix,127.99922613374535,1.5998278678297423e-05,4.837517425827348e-05
harmonix/0024_billionaire,harmonix,87.00226879296436,0.05522119378202553,0.01962976219318024
harmonix/0823_mylifewouldsuckwithoutyou,harmonix,145.00219204647092,2.4502422448230043e-05,5.4801161782773416e-05
harmonix/0322_wordup,harmonix,116.19022522696646,4.920548571766741e-05,0.00013173454086024369
harmonix/0151_kingofdancehall,harmonix,105.00000007874768,0.0015605423214829798,1.7500063633570531e-09
harmonix/0015_babygotback,harmonix,128.50274385483652,0.002987680809061557,4.8567612033334404e-05
harmonix/0237_run,harmonix,149.99999999999986,1.6212374418143807e-14,3.552713678800498e-14
harmonix/0423_iwannago,harmonix,129.99901742409406,1.7702580498852676e-05,4.913312862875843e-05
harmonix/0427_justthewayyouare,harmonix,109.00102981447924,0.002830449214687208,4.1196939223069466e-05
harmonix/0011_areyouexperienced,harmonix,83.33333333333347,0.029256302821328063,0.06944444444444554
harmonix/0850_onlyyoucanlovemethisway,harmonix,73.99121943732567,2.3225396015046855e-05,5.592749639964976e-05
harmonix/0587_bedrock,harmonix,73.99949665048973,0.0036487461482671204,2.796687645101793e-05
harmonix/0661_everythingaboutyou,harmonix,129.99901742409406,1.867038114134505e-05,4.9130962016776196e-05
harmonix/0295_toxic,harmonix,142.9961088589961,2.8394062076924696e-05,5.404537933591201e-05
harmonix/0111_girlsonfilm,harmonix,130.43478260869742,0.01923792903382931,0.04347826086958805
harmonix/0448_mine,harmonix,120.99871955928569,0.0021142169779034335,4.572944944154641e-05
harmonix/0464_oneofus,harmonix,88.23529411764618,0.02454523679823212,0.048529411764732217
harmonix/0426_justcantgetenough,harmonix,93.9997869557493,0.1324543899570091,0.26562222605162356
harmonix/0948_thislove,harmonix,95.04993167763686,2.8668133362025136e-06,1.5841937994677612e-09
harmonix/0925_sweetdisposition,harmonix,129.49640269137268,0.005703970334907252,0.011549943868272126
harmonix/0135_igottafeeling,harmonix,127.99922613374535,1.5998278665230216e-05,4.837517419764086e-05
harmonix/0719_hipsdontlie,harmonix,100.00000000000095,1.3671390911348159e-14,2.368475785867023e-14
harmonix/0577_battlefieldmainversion,harmonix,72.49910950552218,0.0005131721080964932,2.7399830136760212e-05
harmonix/0955_tinylittlebows,harmonix,120.0,7.2510069223464875e-16,0.0
harmonix/0222_realgoodlooking,harmonix,123.149958201671,0.11752140058418524,0.049753326118226804
harmonix/0408_icanonlyimagine,harmonix,127.99922613374535,0.007341642549404394,4.8375174167324555e-05
harmonix/0503_stucklikeglue,harmonix,84.00000003360012,0.0027851218020846866,1.4000050901956738e-09
harmonix/0575_badromanceskrillexremix,harmonix,123.99831295335318,0.001282127292319051,4.6863095757656465e-05
harmonix/0749_indestructible2,harmonix,122.44897959183623,0.009637397969399768,0.02040816326534548
harmonix/0968_walltowall,harmonix,93.99978680848433,8.159960934082981e-06,1.5666910726283928e-09
harmonix/0972_whatchasay,harmonix,72.00000002879888,5.656837689450402e-10,1.2000214160505078e-09
harmonix/0910_solo,harmonix,129.99901742409406,1.8609500041361556e-05,4.9130962016776196e-05
harmonix/0622_clumsy,harmonix,91.99958273282661,0.003390906416974346,3.476970896808761e-05
harmonix/0568_apologize,harmonix,59.00060201854255,0.02726806209241106,2.229927752572878e-05
harmonix/0407_humpinaround,harmonix,110.25000001515943,5.015509744252466e-06,5.222489108554831e-14
harmonix/0880_righthere,harmonix,91.99958273282661,1.156260937584381e-05,3.476970896808761e-05
harmonix/0941_theocean,harmonix,212.17223933045304,0.0034131965235789166,0.0006414886207849295
harmonix/0511_theonlyexception,harmonix,137.99937431083276,0.004848566299897579,2.300030618171268e-09
harmonix/0532_whistle,harmonix,104.00125772187575,0.0012827486630421828,3.930727533832427e-05
harmonix/0459_notoveryou,harmonix,71.06980740270552,0.0022189062913729927,2.6859649224672447e-05
harmonix/0618_clocks,harmonix,131.0030693669799,0.002183917332178305,4.951042671463515e-05
harmonix/0495_someonelikeyou,harmonix,135.00210940795753,0.02275165263877797,0.007453241456881284
harmonix/0704_guitarstringweddingring,harmonix,123.99999173333396,1.7157762284071875e-14,2.9369097786810975e-14
harmonix/0091_fellonblackdays,harmonix,101.46094562575401,0.048744279292676225,0.02101307590788764
harmonix/0302_venus,harmonix,125.64102548531761,0.0008001108103867457,0.0013770193572641073
harmonix/0268_supersonic,harmonix,107.14285714285671,0.02910664531763859,0.07142857142855692
harmonix/0473_payphone,harmonix,109.99792155260731,2.0609662150971086e-05,4.157188117887914e-05
harmonix/0753_inreallife,harmonix,78.99922371939577,1.3861743785370095e-05,2.9856439960883002e-05
harmonix/0662_everytimewetouch,harmonix,128.99766005984756,0.00647835665824883,0.005411466889286816
harmonix/0209_paparazzi,harmonix,114.99847880012649,0.0003820610910381064,4.3461758449174914e-05
harmonix/0590_betterintime,harmonix,82.00074380141152,1.3861313754321853e-05,3.0990814460631844e-05
harmonix/0776_krazy,harmonix,128.9976600598456,0.000911841382769639,4.8752515690004246e-05
harmonix/0943_thetheayer,harmonix,128.99766005984756,0.0006937599149124836,4.875251569000499e-05
harmonix/0088_everybody,harmonix,108.0661628598147,0.001402994925745281,0.0033489898389381014
harmonix/0759_itgirljasonnevins,harmonix,127.99922613374147,1.5998278661824815e-05,4.837517416732309e-05
harmonix/0186_nearlylostyou,harmonix,103.44827586206927,0.3103236611154221,0.5517241379310488
harmonix/0959_turnthisclubaround,harmonix,127.99922599721124,1.5999084988755546e-05,4.837730747422894e-05
harmonix/0496_sparksfly,harmonix,114.99847880012649,0.0008034208301620988,4.3461758449174914e-05
harmonix/0865_pocketfulofsunshine,harmonix,109.99792155260731,2.061067874163443e-05,4.157188117114473e-05
harmonix/0797_loveisgone,harmonix,127.99922613374147,0.00031253758431033345,4.837730746519793e-05
harmonix/0908_sober,harmonix,91.00101103033322,1.5252557599176226e-05,3.1598584408675313e-05
harmonix/0176_megasus,harmonix,147.99485434717496,0.0372610085391932,0.07726942222247418
harmonix/0277_thashiznit,harmonix,193.54838709677279,0.16692881043274735,0.06451612903224475
harmonix/0354_brandnewday,harmonix,117.00198968903567,0.0034714280082612497,4.421895199827747e-05
harmonix/0432_letsgo,harmonix,127.9772485801495,0.0004796522428795525,4.443796660932894e-05
harmonix/0139_imcomingout,harmonix,109.09090909091248,0.02142926265597379,0.054545454545460725
harmonix/0449_misery,harmonix,103.00128456163561,0.001081368819706877,3.8929335482581297e-05
harmonix/0323_yeah,harmonix,105.00000007874964,0.0005067704949744212,1.7500063633570858e-09
harmonix/0123_heavyduty,harmonix,73.49999996508865,0.023486852104297812,0.013611112193533345
harmonix/0084_dropitlikeitshot,harmonix,91.99958273282661,1.1619966834255514e-05,3.476970897693975e-05
harmonix/0388_gangnamstyle,harmonix,132.00299308866502,0.0043888604422589565,4.988833122009397e-05
harmonix/0387_free,harmonix,126.00000005040019,4.8609232406744553e-05,2.099992713896054e-09
harmonix/0911_someday,harmonix,82.99874533286689,1.5639961989763223e-05,3.13693758041225e-05
harmonix/0164_low,harmonix,127.99922613374535,2.204195493248471e-05,4.8375174227957165e-05
ballroom/ballroom_Media-105912,ballroom,206.896551724136,0.044058039133266044,0.10344827586206885
ballroom/ballroom_Media-105406,ballroom,122.44897959183713,0.01922584859518226,0.04081632653061604
ballroom/ballroom_Media-105419,ballroom,75.66204287515735,0.010299839283830712,0.017906683480452917
ballroom/ballroom_Media-104111,ballroom,124.99999999999989,0.02031020790270561,0.04166666666666944
ballroom/ballroom_Albums-Secret_Garden-05,ballroom,74.71980074719801,0.08299509219325901,0.13636363636363463
ballroom/ballroom_Media-105906,ballroom,131.86813186813185,0.0206258598295655,0.04747252747252687
ballroom/ballroom_Media-106109,ballroom,101.86757215619694,0.0075453494009539,0.012224108658745304
ballroom/ballroom_Media-105212,ballroom,93.74999999999991,0.027613243015648343,0.05781249999999844
ballroom/ballroom_Media-103803,ballroom,124.99999999999989,0.019232123218809096,0.06041666666666528
ballroom/ballroom_Media-104801,ballroom,85.71428571428581,0.053034826373292064,0.13771428571428368
ballroom/ballroom_Media-105302,ballroom,83.33333333333336,0.04470247909507065,0.11944444444444521
ballroom/ballroom_Albums-Macumba-12,ballroom,100.00000000000006,0.02119369191132462,0.056666666666665456
ballroom/ballroom_Media-103908,ballroom,124.99999999999989,0.01842910649421511,0.041666666666667594
ballroom/ballroom_Media-103302,ballroom,83.33333333333347,0.02594870320073317,0.055555555555556926
ballroom/ballroom_Media-105318,ballroom,176.99115044247858,0.03522581304498577,0.0737463126843627
ballroom/ballroom_Media-105510,ballroom,174.41860465116218,0.013912058373392414,0.03197674418604934
ballroom/ballroom_Media-103917,ballroom,124.22360248447191,0.01127939135095581,0.012422360248446512
ballroom/ballroom_Media-106110,ballroom,95.84664536741211,0.014274386752152654,0.03514376996805255
ballroom/ballroom_Media-103403,ballroom,124.99999999999989,0.018479790045199215,0.020833333333343973
ballroom/ballroom_Albums-Latin_Jam4-07,ballroom,103.44827586206895,0.008396822564123461,0.01724137931034752
ballroom/ballroom_Media-103619,ballroom,133.33333333333354,0.04152621812799509,0.11111111111111213
ballroom/ballroom_Media-104609,ballroom,181.8181818181808,0.047013467266368646,0.12121212121212334
ballroom/ballroom_Albums-Latin_Jam5-07,ballroom,124.99999999999989,0.015623535218976801,0.02083333333333472
ballroom/ballroom_Media-100604,ballroom,86.95652173913032,0.020966794529166947,0.03826086956521764
ballroom/ballroom_Media-103504,ballroom,101.18043844856662,0.018496219633478354,0.05075885328836409
ballroom/ballroom_Media-104212,ballroom,180.18018018017912,0.016869745857311366,0.039639639639643044
ballroom/ballroom_Albums-Latin_Jam4-08,ballroom,103.44827586206895,0.02468762023597471,0.03448275862068892
ballroom/ballroom_Media-104304,ballroom,119.04761904761915,0.02199352107682429,0.05476190476190869
ballroom/ballroom_Media-103604,ballroom,124.99999999999989,0.018562511741244965,0.04166666666667245
ballroom/ballroom_Media-103409,ballroom,124.99999999999989,0.02134233296650951,0.06250000000000232
ballroom/ballroom_Albums-Ballroom_Classics4-05,ballroom,86.95652173913027,0.04510517081076152,0.1130434782608717
ballroom/ballroom_Albums-Chrisanne1-12,ballroom,199.33554817275797,0.04082459499911432,0.07707641196013694
ballroom/ballroom_Media-106106,ballroom,96.15384615384608,0.005389032905570828,0.008493589743590758
ballroom/ballroom_Media-103911,ballroom,84.50704225352102,0.012025989418852622,0.026760563380285905
ballroom/ballroom_Media-105415,ballroom,169.4915254237292,0.018854596212046798,0.04802259887005633
ballroom/ballroom_Media-105805,ballroom,86.95652173913044,0.017988324711021665,0.02000000000000134
ballroom/ballroom_Media-104107,ballroom,122.44897959183713,0.010915285338540541,0.020408163265310284
ballroom/ballroom_Media-103505,ballroom,100.00000000000006,0.03174135024501941,0.07000000000000121
ballroom/ballroom_Albums-Latin_Jam4-05,ballroom,174.92711370262393,0.011735076939705946,0.011661807580178823
ballroom/ballroom_Media-105007,ballroom,85.95988538681944,0.019090633664121347,0.04871060171919868
ballroom/ballroom_Albums-Chrisanne1-01,ballroom,84.03361344537831,0.03369485396262629,0.06302521008403239
ballroom/ballroom_Media-104109,ballroom,124.99999999999989,0.018941684067801574,0.04166666666666944
ballroom/ballroom_Media-103913,ballroom,100.00000000000006,0.042520846711793646,0.07333333333333492
ballroom/ballroom_Albums-Latin_Jam2-02,ballroom,103.80622837370252,0.01485660006441472,0.02941176470588452
ballroom/ballroom_Media-105010,ballroom,180.1801801801801,0.024723940343077365,0.06006006006005875
ballroom/ballroom_Albums-Chrisanne3-13,ballroom,202.02020202020162,0.022246046793078723,0.053872053872059796
ballroom/ballroom_Albums-Chrisanne2-06,ballroom,129.03225806451616,0.014644987604167827,0.04043010752687847
ballroom/ballroom_Albums-Cafe_Paradiso-09,ballroom,83.33333333333347,0.033137674765323664,0.0555555555555594
ballroom/ballroom_Albums-Latin_Jam3-05,ballroom,100.00000000000003,0.004761904761904661,5.9211894646675026e-15
ballroom/ballroom_Media-103719,ballroom,136.36363636363652,0.027464105250700095,0.059090909090912365
ballroom/ballroom_Media-104915,ballroom,204.0816326530609,0.021876128159618785,0.04421768707483367
ballroom/ballroom_Albums-Macumba-16,ballroom,168.06722689075661,0.012712872680802345,0.03557422969188208
ballroom/ballroom_Media-104501,ballroom,84.86562942008477,0.01038322672053181,0.027722772277227154
ballroom/ballroom_Media-105703,ballroom,86.95652173913038,0.0034204590005526506,0.008695652173916586
ballroom/ballroom_Albums-Latin_Jam5-10,ballroom,99.99999999999976,0.007030912654260455,0.007000000000004393
ballroom/ballroom_Media-105801,ballroom,86.9565217391305,0.019585162662871344,0.05072463768115918
ballroom/ballroom_Media-103810,ballroom,100.0,0.03605150001066132,0.07000000000000228
ballroom/ballroom_Media-105017,ballroom,206.896551724136,0.034881971441041375,0.06896551724138027
ballroom/ballroom_Media-103616,ballroom,80.0,0.013696654132246988,0.026666666666668466
ballroom/ballroom_Media-105211,ballroom,78.79185817465539,0.04129104639807654,0.10584372948128826
ballroom/ballroom_Media-104907,ballroom,125.7861635220125,0.027266914063566808,0.07672955974843244
ballroom/ballroom_Media-104219,ballroom,206.89655172413728,0.04664552537593696,0.10344827586208481
ballroom/ballroom_Media-103912,ballroom,90.36144578313245,0.029566194533478404,0.0701807228915675
ballroom/ballroom_Albums-Step_By_Step-15,ballroom,206.8965517241376,0.04976277274340069,0.10344827586207386
ballroom/ballroom_Media-104307,ballroom,181.8181818181808,0.043364665138652767,0.09090909090909098
ballroom/ballroom_Albums-Ballroom_Classics4-10,ballroom,128.2051282051282,0.014587225130493797,0.034188034188038015
ballroom/ballroom_Media-105008,ballroom,126.05042016806699,0.013445985347113925,0.033193277310921004
ballroom/ballroom_Media-104404,ballroom,132.45033112582772,0.02544969149965953,0.05739514348785922
ballroom/ballroom_Media-104711,ballroom,171.42857142857162,0.05685615933259438,0.15057142857143466
ballroom/ballroom_Albums-Ballroom_Magic-09,ballroom,176.9911504424778,0.023185856542829585,0.06489675516223732
ballroom/ballroom_Albums-Fire-07,ballroom,174.92711370262393,0.021784638104036844,0.04956268221574786
ballroom/ballroom_Albums-Chrisanne2-02,ballroom,85.22727272727265,0.016285901070072273,0.042613636363634626
ballroom/ballroom_Media-104402,ballroom,85.71428571428581,0.04733541630597052,0.12285714285714515
ballroom/ballroom_Albums-Macumba-11,ballroom,99.99999999999999,0.020047225567521643,0.040000000000003914
ballroom/ballroom_Albums-Latin_Jam5-09,ballroom,176.4705882352942,0.01346282952989561,0.02941176470588174
ballroom/ballroom_Media-105907,ballroom,176.4705882352942,0.013868619282684824,0.03235294117647879
ballroom/ballroom_Media-104119,ballroom,171.42857142857162,0.0244319833135389,0.05714285714285598
ballroom/ballroom_Media-105320,ballroom,206.89655172413853,0.03796766536277036,0.0689655172413903
ballroom/ballroom_Media-105707,ballroom,127.65957446808515,0.034449148869488785,0.06382978723404477
ballroom/ballroom_Media-103512,ballroom,100.00000000000006,0.013261089063731371,0.028333333333332635
ballroom/ballroom_Media-104704,ballroom,80.32128514056227,0.04408969392473994,0.07443105756358871
ballroom/ballroom_Albums-Ballroom_Classics4-20,ballroom,200.0000000000019,0.04721227847782145,0.10000000000000585
ballroom/ballroom_Media-104108,ballroom,124.99999999999989,0.014007642298734411,0.03958333333333322
ballroom/ballroom_Albums-Chrisanne2-11,ballroom,199.33554817275737,0.033715852344227866,0.07342192691029457
ballroom/ballroom_Media-104811,ballroom,180.1801801801801,0.026080505023089638,0.06786786786787469
ballroom/ballroom_Albums-AnaBelen_Veneo-02,ballroom,99.75062344139648,0.012008054997666282,0.03075644222776459
ballroom/ballroom_Media-104904,ballroom,84.6859562455894,0.017892124477419835,0.04615384615384427
ballroom/ballroom_Albums-Chrisanne3-04,ballroom,132.450331125828,0.024186232081121244,0.058719646799117106
ballroom/ballroom_Media-104217,ballroom,206.896551724136,0.03848200169722712,0.10344827586206981
ballroom/ballroom_Media-103808,ballroom,101.69491525423732,0.017412089811444965,0.03389830508475107
ballroom/ballroom_Media-103705,ballroom,103.44827586206895,0.04011302894544835,0.12413793103447883
ballroom/ballroom_Media-104010,ballroom,125.00000000000058,0.02123458027939826,0.06041666666666608
ballroom/ballroom_Media-103510,ballroom,123.96694214876057,0.008172684574339317,0.006198347107444456
ballroom/ballroom_Media-105301,ballroom,85.71428571428581,0.03517708246360147,0.0799999999999954
ballroom/ballroom_Media-105807,ballroom,127.65957446808541,0.015660484761894744,0.037021276595744355
ballroom/ballroom_Media-105611,ballroom,103.44827586206897,0.008866647269911904,0.017241379310347523
ballroom/ballroom_Media-105602,ballroom,124.99999999999989,0.019863572876655817,0.04166666666666944
ballroom/ballroom_Media-105518,ballroom,199.99999999999952,0.013719245923540948,0.03333333333333606
ballroom/ballroom_Media-104315,ballroom,207.61245674740377,0.02406214562157437,0.05813148788927665
ballroom/ballroom_Albums-Ballroom_Classics4-07,ballroom,128.2051282051282,0.009280271408832811,0.024358974358973814
ballroom/ballroom_Media-104113,ballroom,99.99999999999976,0.03907710936905905,0.09666666666666468
ballroom/ballroom_Albums-Step_By_Step-08,ballroom,127.65957446808541,0.020420970548394854,0.04425531914893896
ballroom/ballroom_Media-103405,ballroom,124.99999999999989,0.0207299131450303,0.02083333333333692
ballroom/ballroom_Media-104208,ballroom,128.47965738757992,0.015178617639082603,0.02805139186295459
ballroom/ballroom_Media-105817,ballroom,204.0816326530609,0.009446367498156456,0.027210884353735434
ballroom/ballroom_Albums-Ballroom_Classics4-04,ballroom,86.95652173913027,0.03475248948671913,0.08695652173912939
ballroom/ballroom_Media-104916,ballroom,204.0816326530609,0.013751699361311456,0.03401360544217609
ballroom/ballroom_Media-105803,ballroom,86.95652173913041,0.05118574451924534,0.0756521739130443
ballroom/ballroom_Media-100616,ballroom,206.89655172413853,0.016312011414595092,0.03793103448276164
ballroom/ballroom_Media-103507,ballroom,122.44897959183668,0.026168190933727808,0.040816326530613734
ballroom/ballroom_Media-106003,ballroom,101.86757215619718,0.010015508461812508,0.01714770797962671
ballroom/ballroom_Media-105307,ballroom,176.73048600883692,0.02062649208201683,0.053902798232700444
ballroom/ballroom_Media-105502,ballroom,87.33624454148473,0.02481872294486419,0.059097525473070005
ballroom/ballroom_Media-104102,ballroom,101.35135135135157,0.02090887729937215,0.02905405405405448
ballroom/ballroom_Media-103708,ballroom,102.56410256410241,0.022796293737980887,0.051282051282053154
ballroom/ballroom_Media-103701,ballroom,124.99999999999989,0.011472206760317129,0.02083333333334027
ballroom/ballroom_Albums-Fire-10,ballroom,99.99999999999976,0.02051300091626771,0.05000000000000178
ballroom/ballroom_Albums-Latino_Latino-03,ballroom,99.99999999999991,0.020765230418468054,0.05733333333333289
ballroom/ballroom_Media-103307,ballroom,179.10447761194033,0.03037578529190224,0.06268656716418645
ballroom/ballroom_Albums-Pais_Tropical-08,ballroom,123.71134020618571,0.016623211852162336,0.02474226804124655
ballroom/ballroom_Media-105416,ballroom,88.23529411764704,0.027849762160982502,0.046470588235290294
ballroom/ballroom_Albums-Ballroom_Classics4-03,ballroom,86.95652173913044,0.05307937414709989,0.14347826086956486
ballroom/ballroom_Media-105717,ballroom,204.08163265306104,0.015397233986510082,0.034693877551024106
ballroom/ballroom_Media-103804,ballroom,115.38461538461549,0.024123323763694946,0.057692307692308646
ballroom/ballroom_Media-103801,ballroom,124.22360248447191,0.18309250824480142,0.09606625258799276
ballroom/ballroom_Media-106108,ballroom,102.04081632653045,0.011429339271106842,0.02959183673469189
ballroom/ballroom_Media-104815,ballroom,204.0816326530609,0.015263477174466389,0.04013605442176516
ballroom/ballroom_Albums-Chrisanne2-04,ballroom,133.33333333333354,0.033723612151064356,0.08000000000000156
ballroom/ballroom_Media-104608,ballroom,174.92711370262393,0.03209885385486487,0.08163265306122068
ballroom/ballroom_Media-103812,ballroom,100.00000000000006,0.005422565948521332,5.921189464667505e-15
ballroom/ballroom_Albums-Ballroom_Classics4-19,ballroom,200.0000000000007,0.02322916040882953,0.03333333333333866
ballroom/ballroom_Media-104118,ballroom,171.42857142857162,0.032010144171053065,0.05714285714285773
ballroom/ballroom_Albums-Chrisanne2-03,ballroom,82.19178082191782,0.034138064198556965,0.07260273972603096
ballroom/ballroom_Media-104206,ballroom,127.65957446808541,0.030996076996949323,0.08510638297871956
ballroom/ballroom_Media-105106,ballroom,85.22727272727276,0.017466573466397895,0.046875000000000534
ballroom/ballroom_Albums-Pais_Tropical-07,ballroom,124.99999999999989,0.015825559486433972,0.020833333333340965
ballroom/ballroom_Albums-Macumba-06,ballroom,99.99999999999999,0.009150276881418591,0.0033333333333368516
ballroom/ballroom_Media-104803,ballroom,86.95652173913038,0.03439441111648641,0.08115942028985446
ballroom/ballroom_Media-100608,ballroom,181.81818181818178,0.03784248568496551,0.09090909090909434
ballroom/ballroom_Media-100606,ballroom,127.65957446808541,0.014772022874719942,0.041276595744680775
ballroom/ballroom_Albums-Step_By_Step-04,ballroom,88.2352941176471,0.04071658011638291,0.10294117647058723
ballroom/ballroom_Media-103306,ballroom,130.15184381778732,0.024407865162827645,0.05770065075921944
ballroom/ballroom_Media-105122,ballroom,206.89655172413853,0.03188833931128941,0.07931034482759092
ballroom/ballroom_Media-103914,ballroom,99.50248756218909,0.021271599399221408,0.03548922056384722
ballroom/ballroom_Albums-Fire-14,ballroom,124.99999999999989,0.011579480702272249,0.020833333333337496
ballroom/ballroom_Media-104906,ballroom,127.65957446808493,0.04227980908890536,0.09872340425531724
ballroom/ballroom_Albums-Step_By_Step-01,ballroom,86.95652173913041,0.020437101062575274,0.05695652173912688
ballroom/ballroom_Albums-Latino_Latino-04,ballroom,117.64705882352905,0.03693235538230912,0.06666666666666739
ballroom/ballroom_Media-104106,ballroom,122.44897959183713,0.013249102399411041,0.020408163265313004
ballroom/ballroom_Media-106008,ballroom,123.96694214876057,0.0026277987591091156,0.00826446280991669
ballroom/ballroom_Media-106113,ballroom,99.66777408637869,0.0032920004287590224,0.004983388704319123
ballroom/ballroom_Media-105819,ballroom,204.0816326530609,0.009201673112566162,0.027210884353735434
ballroom/ballroom_Albums-Cafe_Paradiso-08,ballroom,124.99999999999989,0.022286747429140524,0.06249999999999861
ballroom/ballroom_Albums-Chrisanne1-07,ballroom,179.6407185628735,0.02975899016445849,0.05988023952096287
ballroom/ballroom_Media-103608,ballroom,99.99999999999976,0.01992764498519547,0.040666666666668384
ballroom/ballroom_Media-104701,ballroom,83.79888268156422,0.018761974700442507,0.03212290502793252
ballroom/ballroom_Media-105601,ballroom,124.99999999999989,0.02024600650065552,0.020833333333343973
ballroom/ballroom_Media-105504,ballroom,84.50704225352108,0.03733087075018403,0.07042253521127279
ballroom/ballroom_Media-104204,ballroom,86.9565217391305,0.029316069701558287,0.08550724637681012
ballroom/ballroom_Media-104101,ballroom,100.84033613445368,0.013277617597753305,0.021848739495799994
ballroom/ballroom_Media-105507,ballroom,127.65957446808541,0.011531754432930405,0.023404255319150784
ballroom/ballroom_Media-105603,ballroom,124.99999999999989,0.023405351551189807,0.06250000000000046
ballroom/ballroom_Albums-Ballroom_Classics4-06,ballroom,127.93176972281442,0.015189147694938907,0.02473347547974483
ballroom/ballroom_Media-106012,ballroom,100.00000000000006,0.007203998878402768,0.013333333333337239
ballroom/ballroom_Media-105306,ballroom,127.65957446808468,0.04651796615029007,0.10638297872340542
ballroom/ballroom_Albums-Latino_Latino-09,ballroom,140.51522248243546,0.017291703268336702,0.04192037470725738
ballroom/ballroom_Media-105002,ballroom,82.98755186721993,0.03411686934610761,0.09128630705394539
ballroom/ballroom_Albums-GloriaEstefan_MiTierra-01,ballroom,85.71428571428581,0.0252653181784363,0.044285714285715636
ballroom/ballroom_Media-103905,ballroom,105.72687224669589,0.17815742775561236,0.26449339207048206
ballroom/ballroom_Albums-Cafe_Paradiso-05,ballroom,124.99999999999989,0.01139554937484859,0.020833333333336573
ballroom/ballroom_Media-105313,ballroom,200.0,0.03384737111780688,0.08733333333333815
ballroom/ballroom_Media-103517,ballroom,174.92711370262393,0.016436098406034952,0.04868804664722561
ballroom/ballroom_Media-103312,ballroom,200.0000000000001,0.022003419073432232,0.05066666666667185
ballroom/ballroom_Media-103904,ballroom,99.99999999999976,0.025572731283585216,0.03666666666666809
ballroom/ballroom_Media-103902,ballroom,99.99999999999976,0.01934815645356891,0.05000000000000067
ballroom/ballroom_Media-105509,ballroom,176.4705882352942,0.0420091331828951,0.06470588235294926
ballroom/ballroom_Albums-StrictlyDancing_Tango-09,ballroom,126.31578947368406,0.030069848625556776,0.06315789473684279
ballroom/ballroom_Media-106111,ballroom,99.99999999999976,0.013047974500366582,0.02200000000000141
ballroom/ballroom_Albums-Latin_Jam5-01,ballroom,99.99999999999991,0.01502269672289018,0.016666666666672218
ballroom/ballroom_Albums-Step_By_Step-07,ballroom,127.6595744680853,0.03186445475242513,0.06574468085106566
ballroom/ballroom_Albums-Latin_Jam3-02,ballroom,124.99999999999989,0.029187189604376516,0.04166666666667291
ballroom/ballroom_Media-105103,ballroom,83.79888268156422,0.029580735022513766,0.0740223463687125
ballroom/ballroom_Media-103303,ballroom,85.71428571428581,0.03833178686856904,0.09357142857142867
ballroom/ballroom_Media-104416,ballroom,207.97227036395148,0.021708926279550098,0.058578856152512904
ballroom/ballroom_Media-103402,ballroom,124.99999999999989,0.018133065364453235,0.06249999999999873
ballroom/ballroom_Albums-Cafe_Paradiso-12,ballroom,95.23809523809538,0.016726792079223122,0.015873015873019085
ballroom/ballroom_Media-104016,ballroom,171.42857142857096,0.010025708260795208,0.008571428571439024
ballroom/ballroom_Media-104116,ballroom,136.36363636363637,0.01357626060644097,0.04545454545454171
ballroom/ballroom_Media-106017,ballroom,171.91977077363887,0.003228546122332778,0.005730659025794966
ballroom/ballroom_Media-103611,ballroom,166.66666666666694,0.03175178907076772,0.05555555555556433
ballroom/ballroom_Media-104805,ballroom,86.95652173913027,0.044444034800824886,0.11130434782609026
ballroom/ballroom_Albums-Latin_Jam-01,ballroom,127.65957446808493,0.013159866096614582,0.021276595744684147
ballroom/ballroom_Media-105905,ballroom,130.4347826086954,0.017249477699279543,0.03782608695652233
ballroom/ballroom_Media-103610,ballroom,104.89510489510505,0.0066721104857968205,0.012587412587416266
ballroom/ballroom_Media-104006,ballroom,100.00000000000003,0.0397933716053547,0.08333333333333305
ballroom/ballroom_Media-103717,ballroom,75.6620428751577,0.02649649844619814,0.04968474148802091
ballroom/ballroom_Media-105705,ballroom,127.65957446808541,0.009275559587206909,0.008510638297876856
ballroom/ballroom_Media-105003,ballroom,84.50704225352123,0.06261790701921136,0.17323943661971886
ballroom/ballroom_Media-105104,ballroom,87.39985433357616,0.03490544058788861,0.07399854333575978
ballroom/ballroom_Media-105615,ballroom,103.98613518197607,0.012503081983041847,0.02946273830155895
ballroom/ballroom_Media-104709,ballroom,127.65957446808517,0.022672600878744526,0.055319148936176316
ballroom/ballroom_Media-103712,ballroom,98.36065573770502,0.016080237284546554,0.0393442622950835
ballroom/ballroom_Media-104718,ballroom,208.33333333333314,0.02397152241112978,0.0506944444444471
ballroom/ballroom_Media-104707,ballroom,127.65957446808541,0.03479395924970114,0.10638297872340106
ballroom/ballroom_Media-105903,ballroom,130.4347826086954,0.015033028899264876,0.034782608695656005
ballroom/ballroom_Albums-Chrisanne1-08,ballroom,178.5714285714284,0.028575062629174974,0.08035714285714847
ballroom/ballroom_Albums-Pais_Tropical-16,ballroom,171.4285714285715,0.024105080531634883,0.05714285714285595
ballroom/ballroom_Media-104017,ballroom,171.42857142857144,0.025176448149343274,0.057142857142857516
ballroom/ballroom_Albums-Pais_Tropical-03,ballroom,101.69491525423732,0.01198412821096793,0.03389830508474599
ballroom/ballroom_Media-104002,ballroom,101.69491525423732,0.021408012516700214,0.05084745762712058
ballroom/ballroom_Albums-Macumba-03,ballroom,124.99999999999989,0.014357498095158384,0.020833333333338422
ballroom/ballroom_Albums-Chrisanne1-14,ballroom,198.675496688742,0.02904625558621284,0.07019867549668515
ballroom/ballroom_Albums-AnaBelen_Veneo-11,ballroom,210.52631578947359,0.018032933630142033,0.039999999999997135
ballroom/ballroom_Media-105414,ballroom,172.41379310344703,0.01667227571509395,0.036206896551724196
ballroom/ballroom_Media-106002,ballroom,102.04081632653045,0.013235384480415604,0.03486394557823004
ballroom/ballroom_Albums-Latin_Jam4-13,ballroom,103.44827586206895,0.03944927226997998,0.05344827586206805
ballroom/ballroom_Media-103706,ballroom,103.98613518197574,0.005147982040200148,0.013864818024261906
ballroom/ballroom_Media-104807,ballroom,130.4347826086958,0.030391128763829878,0.06521739130435036
ballroom/ballroom_Media-104504,ballroom,87.46355685131196,0.02757229513081815,0.0644314868804657
ballroom/ballroom_Media-104317,ballroom,206.89655172413853,0.020275065564808552,0.04758620689654452
ballroom/ballroom_Albums-Latin_Jam3-03,ballroom,124.99999999999989,0.010611848028813042,0.020833333333336573
ballroom/ballroom_Media-104210,ballroom,180.18018018017912,0.02276608829323533,0.043243243243244564
ballroom/ballroom_Media-105614,ballroom,103.44827586206927,0.016843920705926312,0.03448275862069266
ballroom/ballroom_Albums-Commitments-10,ballroom,162.16216216216174,0.023363829243724793,0.054054054054056805
ballroom/ballroom_Media-104406,ballroom,184.04907975460094,0.021895982995820518,0.042944785276076994
ballroom/ballroom_Media-104506,ballroom,127.65957446808541,0.03511769854478243,0.08510638297872179
ballroom/ballroom_Media-104004,ballroom,98.36065573770486,0.021393207848274236,0.03934426229508398
ballroom/ballroom_Albums-Pais_Tropical-01,ballroom,99.83361064891862,0.015990756360107675,0.030948419301166166
ballroom/ballroom_Albums-Pais_Tropical-02,ballroom,99.66777408637891,0.007411401864896049,0.01677740863787378
ballroom/ballroom_Albums-Pais_Tropical-09,ballroom,99.99999999999999,0.01587429980569599,0.033333333333336136
ballroom/ballroom_Albums-Latin_Jam2-01,ballroom,101.69491525423732,0.016606710120563806,0.03389830508475107
ballroom/ballroom_Media-104508,ballroom,176.4705882352942,0.017377491296792544,0.034117647058830726
ballroom/ballroom_Media-105402,ballroom,99.99999999999976,0.023160575179003506,0.03333333333333292
ballroom/ballroom_Media-105019,ballroom,204.0816326530609,0.01431681234806328,0.04081632653060768
ballroom/ballroom_Media-105516,ballroom,199.99999999999952,0.01402466305556623,0.03333333333333698
ballroom/ballroom_Albums-Pais_Tropical-06,ballroom,123.71134020618571,0.011602709976724935,0.020618556701036236
ballroom/ballroom_Albums-Cafe_Paradiso-10,ballroom,95.23809523809538,0.0508822468157253,0.11746031746031686
ballroom/ballroom_Media-103313,ballroom,204.77815699658723,0.020518011858637,0.05085324232082682
ballroom/ballroom_Media-106010,ballroom,92.02453987730047,0.006555649104997472,0.015337423312884277
ballroom/ballroom_Media-104110,ballroom,124.99999999999989,0.022257950771437354,0.04166666666667256
ballroom/ballroom_Media-104901,ballroom,81.08108108108105,0.03232931938987677,0.0648648648648697
ballroom/ballroom_Media-104303,ballroom,86.95652173913044,0.03822801829550437,0.07246376811594354
ballroom/ballroom_Media-106118,ballroom,73.17073170731705,0.005213709765248042,0.012195121951221414
ballroom/ballroom_Media-105413,ballroom,162.16216216216174,0.034949965483629074,0.08108108108108049
ballroom/ballroom_Media-106007,ballroom,123.96694214876034,0.002240899106848506,0.008264462809916445
ballroom/ballroom_Albums-Latin_Jam4-12,ballroom,103.44827586206895,0.009506846910054845,0.01724137931034752
ballroom/ballroom_Media-104503,ballroom,86.95652173913027,0.05246643744346992,0.1478260869565192
ballroom/ballroom_Albums-Mambo_Kings-03,ballroom,115.38461538461549,0.025177765190150414,0.05769230769230651
ballroom/ballroom_Albums-Step_By_Step-06,ballroom,130.4347826086954,0.04860325687894776,0.12608695652173707
ballroom/ballroom_Media-104702,ballroom,88.2352941176471,0.02823784016692983,0.058235294117647364
ballroom/ballroom_Albums-Latin_Jam5-12,ballroom,103.44827586206897,0.016319036168892027,0.03448275862068969
ballroom/ballroom_Media-105420,ballroom,122.44897959183713,0.011156823299731243,0.017959183673468146
ballroom/ballroom_Media-103501,ballroom,99.99999999999991,0.023118436655999677,0.05
ballroom/ballroom_Media-105608,ballroom,99.99999999999999,0.014720733614300891,0.033333333333334096
ballroom/ballroom_Media-104507,ballroom,179.37219730941786,0.03310333310230381,0.08550074738415887
ballroom/ballroom_Albums-Ballroom_Magic-06,ballroom,127.65957446808511,0.019505546017088992,0.042553191489364574
ballroom/ballroom_Albums-Latin_Jam-05,ballroom,103.44827586206895,0.007490974689625687,0.01724137931034752
ballroom/ballroom_Media-105210,ballroom,89.55223880597003,0.03624181049963993,0.10447761194029714
ballroom/ballroom_Media-103910,ballroom,100.00000000000006,0.026441664312008808,0.06833333333333455
ballroom/ballroom_Albums-Latin_Jam4-06,ballroom,127.65957446808517,0.013510929388365648,0.04255319148936082
ballroom/ballroom_Albums-Secret_Garden-02,ballroom,86.45533141210386,0.035071320252665475,0.09178674351585135
ballroom/ballroom_Media-103605,ballroom,99.99999999999999,0.009211980404042102,0.03333333333333262
ballroom/ballroom_Albums-Latino_Latino-10,ballroom,111.11111111111128,0.03747550432664768,0.07796296296296355
ballroom/ballroom_Albums-Commitments-08,ballroom,162.16216216216174,0.011198029104461722,0.02162162162162038
ballroom/ballroom_Media-105804,ballroom,86.95652173913044,0.025668459507737235,0.05797101449275496
ballroom/ballroom_Albums-Chrisanne3-15,ballroom,205.4794520547934,0.03526821452135374,0.08904109589041435
ballroom/ballroom_Albums-GloriaEstefan_MiTierra-08,ballroom,89.55223880597039,0.04806825969794295,0.11641791044776229
ballroom/ballroom_Media-105820,ballroom,204.42930153321984,0.02016491279755656,0.044293015332203346
ballroom/ballroom_Albums-Fire-13,ballroom,88.2352941176471,0.03204445276132645,0.07205882352941251
ballroom/ballroom_Media-105409,ballroom,92.30769230769226,0.008108694353165032,0.02307692307692394
ballroom/ballroom_Albums-StrictlyDancing_Tango-04,ballroom,118.57707509881418,0.01848990980790255,0.045454545454545914
ballroom/ballroom_Media-103907,ballroom,123.96694214875988,0.008886338389935121,0.02066115702479035
ballroom/ballroom_Albums-Latin_Jam5-04,ballroom,176.4705882352942,0.017777487892717006,0.05882352941176217
ballroom/ballroom_Albums-Cafe_Paradiso-16,ballroom,171.42857142857162,0.02291382253425588,0.05714285714285598
ballroom/ballroom_Media-103502,ballroom,100.2506265664161,0.024344726290710703,0.039097744360907065
ballroom/ballroom_Albums-StrictlyDancing_Tango-01,ballroom,113.20754716981146,0.023338006942811768,0.062264150943396566
ballroom/ballroom_Media-104114,ballroom,100.00000000000003,0.01285268121346834,0.021999999999997213
ballroom/ballroom_Media-104909,ballroom,176.99115044247768,0.05247594555300965,0.14749262536873167
ballroom/ballroom_Media-105403,ballroom,101.86757215619703,0.009984519750434722,0.013582342954161124
ballroom/ballroom_Media-106103,ballroom,123.96694214876034,0.002170649680507282,0.004958677685953881
ballroom/ballroom_Media-104717,ballroom,207.97227036395213,0.022994718991922472,0.05441941074523469
ballroom/ballroom_Albums-Macumba-05,ballroom,100.00000000000006,0.011444936407305989,0.033333333333332646
ballroom/ballroom_Media-104816,ballroom,206.89655172413853,0.034309375192672235,0.0689655172413903
ballroom/ballroom_Albums-Ballroom_Magic-17,ballroom,199.99999999999952,0.03356971945881412,0.06666666666667212
ballroom/ballroom_Media-103301,ballroom,83.33333333333347,0.03561351118716655,0.08333333333333416
ballroom/ballroom_Media-105904,ballroom,133.33333333333303,0.027208709712609754,0.054222222222221055
ballroom/ballroom_Albums-Ballroom_Classics4-11,ballroom,174.41860465116218,0.012395999369908768,0.029069767441859743
ballroom/ballroom_Media-103606,ballroom,102.04081632653045,0.01571706714794069,0.03877551020408202
ballroom/ballroom_Media-105016,ballroom,200.0,0.02492964517186616,0.06666666666666525
ballroom/ballroom_Media-104607,ballroom,181.8181818181808,0.027828711818906855,0.06969696969696836
ballroom/ballroom_Albums-Chrisanne3-07,ballroom,174.41860465116218,0.015204263973153944,0.02906976744186491
ballroom/ballroom_Media-103617,ballroom,109.09090909090895,0.017117223878837875,0.03636363636363877
ballroom/ballroom_Media-105410,ballroom,92.16589861751154,0.019863261535401758,0.043010752688172435
ballroom/ballroom_Media-103920,ballroom,166.66666666666683,0.03125440457030138,0.05555555555556383
ballroom/ballroom_Media-103815,ballroom,96.0,0.01803951028297641,0.03632000000000257
ballroom/ballroom_Media-103709,ballroom,92.30769230769242,0.03962539082521438,0.10000000000000209
ballroom/ballroom_Albums-Chrisanne1-06,ballroom,127.65957446808517,0.0413208422219728,0.08510638297872848
ballroom/ballroom_Media-103413,ballroom,124.99999999999989,0.013877629372291393,0.020833333333335414
ballroom/ballroom_Media-105111,ballroom,181.8181818181813,0.06507643208351052,0.18181818181817203
ballroom/ballroom_Media-104211,ballroom,176.4705882352942,0.02289747784378295,0.05176470588235298
ballroom/ballroom_Media-105710,ballroom,176.4705882352942,0.015074566744419883,0.03235294117646214
ballroom/ballroom_Media-103503,ballroom,99.66777408637869,0.01100738983288702,0.025581395348840096
ballroom/ballroom_Media-105119,ballroom,204.0816326530609,0.01648292710979795,0.04081632653061373
ballroom/ballroom_Media-104316,ballroom,206.89655172413853,0.036199667554803264,0.06896551724138915
ballroom/ballroom_Albums-StrictlyDancing_Tango-13,ballroom,122.44897959183668,0.029465456652108573,0.04285714285714231
ballroom/ballroom_Media-105418,ballroom,74.99999999999993,0.02419525431148011,0.03750000000000097
ballroom/ballroom_Media-104005,ballroom,96.1538461538462,0.014645722638876046,0.027083333333332855
ballroom/ballroom_Media-105914,ballroom,197.3684210526314,0.017899203019394,0.04078947368420892
ballroom/ballroom_Media-103305,ballroom,127.65957446808541,0.021588797840739377,0.05489361702126655
ballroom/ballroom_Media-104708,ballroom,127.65957446808541,0.03833577952109293,0.08510638297872558
ballroom/ballroom_Albums-StrictlyDancing_Tango-15,ballroom,130.43478260869617,0.037979293061596225,0.08695652173913279
ballroom/ballroom_Media-105901,ballroom,83.68200836820077,0.017845340124561734,0.029288702928870453
ballroom/ballroom_Media-105708,ballroom,176.4705882352942,0.014128530627466232,0.03235294117647161
ballroom/ballroom_Albums-Cafe_Paradiso-11,ballroom,95.23809523809538,0.014935277591461687,0.015873015873018554
ballroom/ballroom_Media-105613,ballroom,103.44827586206895,0.022897579596328165,0.05172413793103644
ballroom/ballroom_Media-105911,ballroom,202.02020202020222,0.025838401651649953,0.06195286195286005
ballroom/ballroom_Albums-StrictlyDancing_Tango-07,ballroom,121.21212121212096,0.026376408237089317,0.06262626262626088
ballroom/ballroom_Media-103513,ballroom,100.00000000000006,0.02357644555554653,0.06666666666666585
ballroom/ballroom_Media-104802,ballroom,86.58008658008663,0.018851633546313275,0.04126984126984171
ballroom/ballroom_Albums-Fire-01,ballroom,124.99999999999989,0.027854258075041025,0.04166666666667083
ballroom/ballroom_Albums-Macumba-02,ballroom,124.99999999999989,0.019898171057905673,0.025000000000008328
ballroom/ballroom_Media-106102,ballroom,123.96694214876034,0.0033146808283142947,0.006198347107439972
ballroom/ballroom_Media-106114,ballroom,168.06722689075622,0.008952247276199402,0.013725490196077222
ballroom/ballroom_Media-106112,ballroom,100.00000000000006,0.009509048272224613,0.017333333333335504
ballroom/ballroom_Albums-Latin_Jam3-12,ballroom,176.4705882352942,0.021170387160024562,0.0588235294117687
ballroom/ballroom_Albums-StrictlyDancing_Tango-05,ballroom,117.64705882352905,0.038976556598439335,0.09803921568627309
ballroom/ballroom_Albums-Latin_Jam-02,ballroom,103.44827586206895,0.007158885451505833,0.01724137931034752
ballroom/ballroom_Albums-Latin_Jam3-01,ballroom,124.99999999999989,0.01188704735863572,0.020833333333336573
ballroom/ballroom_Albums-Ballroom_Classics4-09,ballroom,127.93176972281448,0.018484774601241257,0.04989339019189511
ballroom/ballroom_Albums-Chrisanne3-06,ballroom,127.65957446808541,0.032940932675389785,0.0851063829787199
ballroom/ballroom_Media-104105,ballroom,101.69491525423732,0.01847800237356938,0.04288135593220319
ballroom/ballroom_Albums-Latin_Jam3-09,ballroom,103.44827586206927,0.015885880121993993,0.0344827586206896
ballroom/ballroom_Albums-Chrisanne2-01,ballroom,87.01957940536612,0.08303980773578203,0.23741841914430606
ballroom/ballroom_Media-104808,ballroom,131.57894736842107,0.018660394560490432,0.0399122807017506
ballroom/ballroom_Albums-Chrisanne3-14,ballroom,200.0000000000001,0.050982413554254015,0.10333333333334144
ballroom/ballroom_Albums-Ballroom_Magic-08,ballroom,127.65957446808511,0.029817647625904106,0.08510638297872018
ballroom/ballroom_Albums-Ballroom_Magic-03,ballroom,89.55223880597016,0.034083068644081754,0.06268656716418099
ballroom/ballroom_Albums-GloriaEstefan_MiTierra-11,ballroom,86.95652173913027,0.029175578182922247,0.07246376811594292
ballroom/ballroom_Albums-Latin_Jam2-12,ballroom,174.92711370262393,0.02404374267336476,0.06705539358599974
ballroom/ballroom_Media-104902,ballroom,85.71428571428564,0.032428126116398184,0.08085714285714102
ballroom/ballroom_Media-104305,ballroom,127.38853503184711,0.02431895532332257,0.05774946921443972
ballroom/ballroom_Albums-Step_By_Step-18,ballroom,203.38983050847463,0.022502195894229565,0.06101694915255072
ballroom/ballroom_Media-103903,ballroom,101.78117048346068,0.01595383570943643,0.040882103477523773
ballroom/ballroom_Media-105411,ballroom,100.00000000000006,0.020845742345604636,0.03333333333333764
ballroom/ballroom_Albums-GloriaEstefan_MiTierra-06,ballroom,132.450331125828,0.015274320347416609,0.037527593818985364
ballroom/ballroom_Media-105401,ballroom,99.99999999999999,0.015603935947750298,0.03333333333333262
ballroom/ballroom_Albums-Latin_Jam2-04,ballroom,127.65957446808541,0.013928801504424798,0.04255319148936184
ballroom/ballroom_Albums-Pais_Tropical-10,ballroom,99.99999999999999,0.030478470786753725,0.03333333333333669
ballroom/ballroom_Media-103506,ballroom,91.60305343511435,0.020657726665126178,0.04977099236641156
ballroom/ballroom_Albums-Chrisanne3-02,ballroom,84.50704225352102,0.044445655391389643,0.12676056338028133
ballroom/ballroom_Albums-Latino_Latino-05,ballroom,111.73184357541919,0.022952445443423626,0.05065176908752027
ballroom/ballroom_Media-106015,ballroom,168.06722689075661,0.005813994442536247,0.01680672268907381
ballroom/ballroom_Albums-Ballroom_Magic-01,ballroom,83.33333333333347,0.02980361838329275,0.06944444444444307
ballroom/ballroom_Media-105607,ballroom,100.00000000000003,0.004150732642520309,5.9211894646675026e-15
ballroom/ballroom_Media-106101,ballroom,123.9669421487608,0.0027467063282973496,0.006198347107438274
ballroom/ballroom_Media-105501,ballroom,86.95652173913027,0.019462777137424944,0.04898550724637631
ballroom/ballroom_Media-105818,ballroom,204.0816326530609,0.009449993864981536,0.02653061224488442
ballroom/ballroom_Albums-Ballroom_Magic-07,ballroom,127.65957446808541,0.011819592439446342,0.024680851063831263
ballroom/ballroom_Media-103817,ballroom,75.94936708860763,0.028867148977578288,0.05443037974683453
ballroom/ballroom_Media-106006,ballroom,123.96694214876034,0.004737381647457936,0.006198347107440087
ballroom/ballroom_Albums-AnaBelen_Veneo-03,ballroom,119.76047904191587,0.008245124525837371,0.01676646706586682
ballroom/ballroom_Albums-Step_By_Step-03,ballroom,86.9565217391305,0.04042864240863974,0.08695652173912993
ballroom/ballroom_Albums-Latin_Jam4-03,ballroom,103.44827586206895,0.0198828283679467,0.05172413793103031
ballroom/ballroom_Media-105305,ballroom,125.0,0.0491722483456499,0.10416666666666816
ballroom/ballroom_Media-105001,ballroom,84.50704225352102,0.04341736276969285,0.12112676056337758
ballroom/ballroom_Albums-Latino_Latino-01,ballroom,124.99999999999989,0.018552755429798593,0.031250000000003005
ballroom/ballroom_Media-104712,ballroom,179.64071856287444,0.03623535257139287,0.08443113772455632
ballroom/ballroom_Media-105317,ballroom,128.47965738758015,0.021284730691621144,0.0428265524625327
ballroom/ballroom_Media-103602,ballroom,123.96694214876034,0.016678161039576228,0.020661157024793868
ballroom/ballroom_Albums-Pais_Tropical-15,ballroom,171.42857142857162,0.007507802350046188,0.020000000000003845
ballroom/ballroom_Albums-Step_By_Step-09,ballroom,180.1801801801796,0.011798388990817386,0.027027027027021963
ballroom/ballroom_Media-105417,ballroom,115.38461538461549,0.015967162700194635,0.03846153846153981
ballroom/ballroom_Media-105802,ballroom,86.95652173913044,0.02286244851025263,0.05507246376811117
ballroom/ballroom_Media-104417,ballroom,206.8965517241379,0.028662018775922747,0.058620689655176667
ballroom/ballroom_Media-103401,ballroom,124.99999999999989,0.014214715868147716,0.020833333333340618
ballroom/ballroom_Media-103408,ballroom,124.99999999999989,0.012098846318746864,0.02083333333333472
ballroom/ballroom_Media-104606,ballroom,130.4347826086958,0.02174606913568421,0.04347826086957037
ballroom/ballroom_Media-103308,ballroom,174.41860465116397,0.0317690684609061,0.07848837209301951
ballroom/ballroom_Albums-Macumba-14,ballroom,171.42857142857162,0.024456422816928773,0.05714285714285598
ballroom/ballroom_Albums-Cafe_Paradiso-04,ballroom,99.99999999999999,0.015022696722889965,0.03333333333333558
ballroom/ballroom_Albums-Latino_Latino-06,ballroom,105.26315789473679,0.02512885210635375,0.05263157894737
ballroom/ballroom_Media-104605,ballroom,128.61736334405148,0.026945017628256553,0.06881028938906449
ballroom/ballroom_Albums-Latin_Jam-11,ballroom,176.4705882352936,0.012359158512320818,0.023235294117644432
ballroom/ballroom_Media-105716,ballroom,199.99999999999952,0.017651765239622964,0.04433333333333149
ballroom/ballroom_Media-105404,ballroom,101.35135135135157,0.058549692282774346,0.13682432432432193
ballroom/ballroom_Media-104405,ballroom,128.47965738758015,0.01981567948377767,0.04154175588865145
ballroom/ballroom_Media-105213,ballroom,92.30769230769201,0.04040926477891066,0.07692307692307605
ballroom/ballroom_Media-104202,ballroom,87.08272859216255,0.01854989168591685,0.04746008708272965
ballroom/ballroom_Albums-Latin_Jam5-06,ballroom,99.99999999999976,0.014473925427682546,0.016833333333334772
ballroom/ballroom_Albums-Latin_Jam4-11,ballroom,127.65957446808541,0.01910773041654322,0.04255319148936456
ballroom/ballroom_Media-105709,ballroom,176.4705882352942,0.013416108091931691,0.0264705882352886
ballroom/ballroom_Albums-Latin_Jam-12,ballroom,176.4705882352942,0.03592950295991901,0.05882352941177017
ballroom/ballroom_Media-103508,ballroom,124.99999999999989,0.033953801629347295,0.08333333333333148
ballroom/ballroom_Media-104716,ballroom,199.99999999999952,0.02539552347498056,0.056666666666669176
ballroom/ballroom_Albums-Step_By_Step-17,ballroom,204.08163265306274,0.021555744060865672,0.047619047619051794
ballroom/ballroom_Media-103711,ballroom,100.00000000000006,0.0349612802298754,0.07666666666666715
ballroom/ballroom_Media-105706,ballroom,127.65957446808541,0.015439154480245547,0.04191489361702125
ballroom/ballroom_Media-105609,ballroom,100.00000000000006,0.012692808476608485,0.033333333333332646
ballroom/ballroom_Media-105810,ballroom,173.91304347826144,0.012951283439932352,0.021449275362323307
ballroom/ballroom_Media-103710,ballroom,96.77419354838695,0.022322546111833052,0.0483870967741953
ballroom/ballroom_Albums-Chrisanne1-02,ballroom,83.6820083682007,0.2639637601607012,0.3093444909344498
ballroom/ballroom_Media-103714,ballroom,176.4705882352942,0.010104922893199279,0.020588235294121918
ballroom/ballroom_Media-103816,ballroom,107.1428571428574,0.015022078104526895,0.039285714285717976
ballroom/ballroom_Media-103315,ballroom,180.1801801801802,0.03177647083580404,0.08468468468468471
ballroom/ballroom_Media-105412,ballroom,99.83361064891832,0.006937595181270285,0.016971713810314246
ballroom/ballroom_Media-105107,ballroom,127.65957446808541,0.04138925748888208,0.08297872340425454
ballroom/ballroom_Albums-Cafe_Paradiso-01,ballroom,101.69491525423732,0.012588053598898707,0.01711864406779887
ballroom/ballroom_Media-105101,ballroom,84.50704225352102,0.030402966420077802,0.08309859154929528
ballroom/ballroom_Albums-Ballroom_Magic-11,ballroom,179.10447761194175,0.02150834402851957,0.04477611940299144
ballroom/ballroom_Media-105110,ballroom,171.42857142857073,0.029960547232703506,0.078285714285712
ballroom/ballroom_Media-105809,ballroom,176.99115044247785,0.005924263383184662,0.014749262536865797
ballroom/ballroom_Media-106107,ballroom,99.99999999999976,0.004925814592719765,0.010000000000002205
ballroom/ballroom_Albums-Latin_Jam-09,ballroom,103.80622837370252,0.01342643387399562,0.026643598615915778
ballroom/ballroom_Albums-Pais_Tropical-04,ballroom,99.99999999999991,0.00988632060841851,0.016666666666669258
ballroom/ballroom_Media-103304,ballroom,133.3333333333325,0.02502925752786758,0.06666666666666532
ballroom/ballroom_Albums-Macumba-04,ballroom,124.99999999999989,0.011397428076735385,0.020833333333338422
ballroom/ballroom_Media-104015,ballroom,163.93442622950815,0.016624110228477786,0.0437158469945404
ballroom/ballroom_Albums-Secret_Garden-06,ballroom,89.55223880596992,0.1320512703482939,0.1241791044776112
ballroom/ballroom_Albums-Pais_Tropical-13,ballroom,166.66666666666694,0.025058614780123965,0.055555555555556156
ballroom/ballroom_Albums-Fire-15,ballroom,103.44827586206927,0.01743361311102585,0.03448275862069208
ballroom/ballroom_Media-105517,ballroom,199.99999999999952,0.03683744518097508,0.06666666666667694
ballroom/ballroom_Albums-Ballroom_Classics4-01,ballroom,86.95652173913072,0.052045445367109394,0.1260869565217366
ballroom/ballroom_Albums-Chrisanne2-05,ballroom,130.4347826086959,0.03489189942929216,0.08043478260869757
ballroom/ballroom_Albums-Commitments-11,ballroom,88.2352941176471,0.022554894541687243,0.04411764705882522
ballroom/ballroom_Media-104302,ballroom,86.95652173913027,0.01435139194045401,0.03391304347826222
ballroom/ballroom_Media-103805,ballroom,102.0408163265306,0.015543523603460343,0.032653061224481854
ballroom/ballroom_Media-103609,ballroom,100.00000000000036,0.03751865101418193,0.08333333333333333
ballroom/ballroom_Media-103417,ballroom,112.14953271028034,0.022605868215337315,0.056074766355142296
ballroom/ballroom_Albums-Chrisanne3-08,ballroom,176.4705882352942,0.0471978750186041,0.1176470588235348
ballroom/ballroom_Albums-Step_By_Step-02,ballroom,86.58008658008686,0.025620261888072333,0.062049062049065185
ballroom/ballroom_Media-104403,ballroom,85.71428571428581,0.0180338427033792,0.03628571428571413
ballroom/ballroom_Media-105314,ballroom,199.99999999999952,0.049915753941841556,0.13333333333332334
ballroom/ballroom_Media-105811,ballroom,177.51479289940823,0.012453746118848488,0.02958579881655969
ballroom/ballroom_Albums-Cafe_Paradiso-07,ballroom,124.99999999999989,0.018528992029810367,0.020833333333337496
ballroom/ballroom_Albums-Macumba-07,ballroom,100.00000000000003,0.00857498824407941,0.03333333333333226
ballroom/ballroom_Media-105006,ballroom,83.91608391608415,0.011050312343571966,0.02209790209789988
ballroom/ballroom_Media-106004,ballroom,102.04081632653045,0.02013450349118437,0.015306122448980147
ballroom/ballroom_Media-106104,ballroom,123.71134020618571,0.003124357524635171,0.008247422680411473
ballroom/ballroom_Albums-Latin_Jam2-03,ballroom,103.44827586206895,0.012207527975585122,0.03448275862068892
ballroom/ballroom_Media-103806,ballroom,102.04081632653045,0.009996193464629443,0.021258503401361567
ballroom/ballroom_Albums-Latin_Jam3-08,ballroom,103.44827586206897,0.017397618232528316,0.051724137931033386
ballroom/ballroom_Media-105605,ballroom,124.99999999999989,0.016428666196452214,0.04166666666666204
ballroom/ballroom_Albums-Latin_Jam-04,ballroom,127.65957446808517,0.017166683805287606,0.04255319148936424
ballroom/ballroom_Media-103603,ballroom,122.44897959183713,0.012337450305905735,0.02040816326530938
ballroom/ballroom_Media-105005,ballroom,85.28784648187633,0.02715598110933843,0.05970149253730923
ballroom/ballroom_Media-103802,ballroom,123.96694214876034,0.011697799770540545,0.008264462809920116
ballroom/ballroom_Media-100615,ballroom,204.77815699658692,0.02057627520951164,0.047781569965868055
ballroom/ballroom_Media-103918,ballroom,142.85714285714226,0.015479107029437413,0.04047619047618903
ballroom/ballroom_Media-100601,ballroom,86.70520231213871,0.014645901363262263,0.030057803468209108
ballroom/ballroom_Media-105105,ballroom,83.68200836820077,0.019083053520610266,0.051603905160386654
ballroom/ballroom_Media-103807,ballroom,102.0408163265306,0.015860218892295604,0.030612244897959207
ballroom/ballroom_Albums-Latin_Jam-07,ballroom,124.99999999999989,0.010309598884133213,0.02083333333333472
ballroom/ballroom_Media-106115,ballroom,171.42857142857073,0.008131059784985992,0.02000000000000406
ballroom/ballroom_Media-105511,ballroom,176.99115044247768,0.011543572547934842,0.025368731563427355
ballroom/ballroom_Albums-StrictlyDancing_Tango-08,ballroom,124.22360248447191,0.02038272057563369,0.04844720496894618
ballroom/ballroom_Albums-Chrisanne1-03,ballroom,83.10249307479229,0.016225993027231937,0.03739612188365857
ballroom/ballroom_Media-104918,ballroom,202.70270270270314,0.024709923640643266,0.06418918918918975
ballroom/ballroom_Albums-Latin_Jam2-11,ballroom,175.43859649122757,0.025607829566154882,0.06286549707602214
ballroom/ballroom_Media-103514,ballroom,103.98613518197574,0.0069477988261363605,0.012131715771230515
ballroom/ballroom_Albums-Ballroom_Classics4-08,ballroom,128.34224598930498,0.04778107602301538,0.10053475935828805
ballroom/ballroom_Media-105503,ballroom,86.95652173913038,0.03389030849124543,0.08115942028985541
ballroom/ballroom_Media-104515,ballroom,209.05923344947547,0.016838987104141945,0.0383275261324
ballroom/ballroom_Albums-Pais_Tropical-14,ballroom,167.36401673640114,0.0134453260948967,0.030683403068342403
ballroom/ballroom_Media-104009,ballroom,117.64705882352905,0.032314654140354775,0.07843137254902466
ballroom/ballroom_Albums-Ballroom_Magic-02,ballroom,86.95652173913038,0.03425267303895295,0.07246376811594205
ballroom/ballroom_Media-103407,ballroom,124.99999999999989,0.011995888353405657,0.02083333333334027
ballroom/ballroom_Albums-Macumba-08,ballroom,99.66777408637874,0.01076592867379151,0.026578073089700466
ballroom/ballroom_Albums-Step_By_Step-10,ballroom,180.1801801801808,0.021301901286351052,0.048948948948948225
ballroom/ballroom_Albums-Latin_Jam2-07,ballroom,103.44827586206895,0.026867962340829343,0.034482758620689107
ballroom/ballroom_Media-104601,ballroom,88.8888888888888,0.04999031231145865,0.11407407407407258
ballroom/ballroom_Media-104012,ballroom,124.99999999999989,0.018387268976270056,0.028750000000002936
ballroom/ballroom_Media-103614,ballroom,171.42857142857162,0.02303877087000934,0.05714285714285598
ballroom/ballroom_Media-106117,ballroom,92.0245398773006,0.006211122732267169,0.015337423312881232
ballroom/ballroom_Media-104117,ballroom,171.42857142857162,0.02601556537270492,0.05714285714285741
ballroom/ballroom_Albums-StrictlyDancing_Tango-10,ballroom,121.21212121212096,0.03818844617022842,0.08585858585858924
ballroom/ballroom_Media-104103,ballroom,101.69491525423732,0.023959881789707173,0.03389830508474994
ballroom/ballroom_Media-104604,ballroom,86.95652173913027,0.017998136903961442,0.0394202898550732
ballroom/ballroom_Albums-Fire-12,ballroom,179.64071856287444,0.0048421906490425754,0.011976047904190311
ballroom/ballroom_Albums-Cafe_Paradiso-14,ballroom,171.42857142857247,0.01561001559383992,0.04000000000000012
ballroom/ballroom_Albums-Ballroom_Magic-16,ballroom,203.38983050847585,0.02038535837003405,0.047457627118649676
ballroom/ballroom_Media-104201,ballroom,86.9565217391305,0.0336868644802176,0.08405797101449257
ballroom/ballroom_Albums-Ballroom_Magic-04,ballroom,87.27272727272727,0.026733759876761853,0.06734545454545358
ballroom/ballroom_Albums-Mambo_Kings-12,ballroom,114.50381679389332,0.037297597142261274,0.09541984732824813
ballroom/ballroom_Media-104810,ballroom,180.18018018018057,0.025168257280980842,0.06246246246246222
ballroom/ballroom_Albums-Ballroom_Magic-05,ballroom,84.50704225352102,0.049836673890070425,0.12676056338028133
ballroom/ballroom_Albums-Latin_Jam2-05,ballroom,127.65957446808493,0.016175607657813354,0.021276595744684147
ballroom/ballroom_Media-104301,ballroom,83.68200836820077,0.056257723616235024,0.05006973500697523
ballroom/ballroom_Albums-Fire-02,ballroom,103.80622837370252,0.005136209277062981,0.01038062283737372
ballroom/ballroom_Media-103618,ballroom,88.36524300441823,0.010068314787453824,0.011487481590575556
ballroom/ballroom_Albums-Latin_Jam3-04,ballroom,99.99999999999976,0.005385164807134491,0.016666666666667752
ballroom/ballroom_Media-103819,ballroom,130.43478260869642,0.03204682711603509,0.07826086956522166
ballroom/ballroom_Albums-Latin_Jam-08,ballroom,103.44827586206927,0.028593019984852457,0.06896551724138188
ballroom/ballroom_Media-104007,ballroom,100.00000000000006,0.0161129103167773,0.03333333333333357
ballroom/ballroom_Media-104917,ballroom,202.02020202020222,0.042403066700254295,0.11380471380471185
ballroom/ballroom_Media-105309,ballroom,176.4705882352942,0.019422221808269743,0.04970588235293768
ballroom/ballroom_Media-105209,ballroom,81.35593220338976,0.05014895874849009,0.09722033898305044
ballroom/ballroom_Albums-Latin_Jam5-08,ballroom,103.44827586206895,0.012001108484400473,0.03448275862068892
ballroom/ballroom_Albums-Ballroom_Classics4-13,ballroom,174.92711370262393,0.02323383669994817,0.059766763848400926
ballroom/ballroom_Media-105020,ballroom,205.4794520547937,0.01831504882431352,0.0339041095890378
ballroom/ballroom_Media-103314,ballroom,199.99999999999997,0.039440187398065714,0.09999999999999952
ballroom/ballroom_Albums-Latin_Jam5-11,ballroom,124.99999999999989,0.013309221120987617,0.02083333333333796
ballroom/ballroom_Media-105214,ballroom,83.79888268156412,0.20567915034718892,0.11340782122905235
ballroom/ballroom_Albums-Latin_Jam2-08,ballroom,103.44827586206895,0.01978805080372189,0.0344827586206914
ballroom/ballroom_Media-103703,ballroom,120.0,0.03459090855565039,0.08000000000000052
ballroom/ballroom_Media-100602,ballroom,86.95652173913032,0.029230928820889724,0.06028985507246188
ballroom/ballroom_Media-103411,ballroom,124.99999999999989,0.014125090557034873,0.02083333333333796
ballroom/ballroom_Media-104502,ballroom,86.45533141210342,0.028022103184682286,0.05331412103746366
ballroom/ballroom_Media-106005,ballroom,123.96694214876034,0.004866910350438184,0.01033057851240198
ballroom/ballroom_Media-104408,ballroom,180.18018018017912,0.015184843111972421,0.03903903903903851
ballroom/ballroom_Media-104309,ballroom,179.64071856287444,0.019843085030715538,0.04790419161676756
ballroom/ballroom_Media-104216,ballroom,199.99999999999952,0.015640180922812677,0.04000000000000327
ballroom/ballroom_Media-100605,ballroom,127.65957446808517,0.02924246655612231,0.06382978723404312
ballroom/ballroom_Albums-Macumba-15,ballroom,176.4705882352942,0.01845511881414389,0.049999999999998435
ballroom/ballroom_Albums-Cafe_Paradiso-15,ballroom,171.42857142857162,0.035948975647468226,0.07714285714285522
ballroom/ballroom_Media-104602,ballroom,84.26966292134834,0.017467118758702313,0.042977528089886356
ballroom/ballroom_Media-103813,ballroom,171.42857142857162,0.03438132494051309,0.08571428571428398
ballroom/ballroom_Media-105011,ballroom,180.18018018017912,0.018739099791767463,0.04504504504504165
ballroom/ballroom_Albums-Mambo_Kings-11,ballroom,116.05415860734942,0.015377829300168355,0.03442940038684621
ballroom/ballroom_Albums-Fire-03,ballroom,96.77419354838695,0.01869889847810252,0.032258064516131155
ballroom/ballroom_Media-103607,ballroom,103.4482758620692,0.020987234835110783,0.05172413793103081
ballroom/ballroom_Media-103814,ballroom,172.41379310344703,0.013234330870232278,0.03563218390804786
ballroom/ballroom_Media-100610,ballroom,176.4705882352942,0.016298752707266856,0.03911764705882805
ballroom/ballroom_Media-106105,ballroom,123.71134020618571,0.005421050002129201,0.010515463917530807
ballroom/ballroom_Media-104710,ballroom,136.36363636363598,0.04386460138690227,0.11363636363636594
ballroom/ballroom_Albums-StrictlyDancing_Tango-14,ballroom,128.47965738757966,0.016773898920227955,0.04282655246252695
ballroom/ballroom_Media-103515,ballroom,157.8947368421057,0.027380042977038888,0.07894736842105349
ballroom/ballroom_Albums-Ballroom_Magic-10,ballroom,179.10447761194033,0.021658618581288792,0.04776119402984582
ballroom/ballroom_Media-105316,ballroom,84.50704225352108,0.04383870948926824,0.08450704225351865
ballroom/ballroom_Media-104618,ballroom,204.0816326530609,0.03263303051837327,0.08163265306121971
ballroom/ballroom_Media-105120,ballroom,202.70270270270314,0.015173959942907338,0.033783783783789136
ballroom/ballroom_Albums-StrictlyDancing_Tango-12,ballroom,122.44897959183646,0.03815101154748043,0.08163265306121939
ballroom/ballroom_Media-104415,ballroom,204.77815699658754,0.023309890610131494,0.047781569965868194
ballroom/ballroom_Media-105215,ballroom,107.1428571428574,0.04152721361715426,0.10714285714285708
ballroom/ballroom_Media-104809,ballroom,179.64071856287444,0.0337967864371859,0.08982035928143216
ballroom/ballroom_Media-106009,ballroom,87.97653958944294,0.0013715378394093625,0.004398826979472314
ballroom/ballroom_Albums-Ballroom_Classics4-14,ballroom,171.42857142857247,0.045713553163618414,0.12857142857142534
ballroom/ballroom_Media-104505,ballroom,127.65957446808493,0.03618138912775994,0.08510638297872514
ballroom/ballroom_Albums-Chrisanne1-13,ballroom,203.38983050847463,0.037003992056787206,0.1016949152542389
ballroom/ballroom_Media-104905,ballroom,84.86562942008477,0.0314962501416723,0.07892503536067769
ballroom/ballroom_Media-103615,ballroom,75.56675062972288,0.013454696970399482,0.03375314861461227
ballroom/ballroom_Albums-Chrisanne3-09,ballroom,178.04154302670636,0.022456842948029188,0.048071216617211025
ballroom/ballroom_Albums-Cafe_Paradiso-03,ballroom,101.69491525423732,0.015089855415745392,0.03389830508474618
ballroom/ballroom_Media-100607,ballroom,127.65957446808517,0.04067331001590471,0.08510638297872128
ballroom/ballroom_Media-103416,ballroom,115.38461538461549,0.019673529609169852,0.03846153846154237
ballroom/ballroom_Albums-Step_By_Step-11,ballroom,180.18018018017912,0.018452090522892112,0.048648648648647506
ballroom/ballroom_Media-104409,ballroom,180.18018018018105,0.022015212969744295,0.05105105105105034
ballroom/ballroom_Albums-Ballroom_Classics4-18,ballroom,199.99999999999952,0.016137477958188776,0.03333333333333625
ballroom/ballroom_Media-104205,ballroom,86.95652173913072,0.014942588540524266,0.045217391304350235
ballroom/ballroom_Albums-I_Like_It2-09,ballroom,127.65957446808541,0.03544220000987974,0.06382978723404513
ballroom/ballroom_Albums-Latin_Jam3-06,ballroom,100.00000000000003,0.008761326027121666,0.03333333333333263
ballroom/ballroom_Albums-Ballroom_Classics4-12,ballroom,171.42857142857247,0.05132100327476122,0.14285714285714576
ballroom/ballroom_Media-105816,ballroom,204.0816326530609,0.011295019352676882,0.02721088435374752
ballroom/ballroom_Media-103811,ballroom,100.00000000000006,0.03363470647526621,0.08333333333333327
ballroom/ballroom_Media-104003,ballroom,99.99999999999991,0.021433161957160416,0.040000000000004254
ballroom/ballroom_Media-104806,ballroom,130.43478260869642,0.041758014789180585,0.10869565217391486
ballroom/ballroom_Media-106001,ballroom,99.99999999999999,0.015590239111557888,0.03333333333333262
ballroom/ballroom_Media-104804,ballroom,86.95652173913027,0.041381442116468,0.10144927536231858
ballroom/ballroom_Media-105508,ballroom,127.65957446808541,0.01822959341702613,0.03787234042552996
ballroom/ballroom_Media-104008,ballroom,99.337748344371,0.01783255621183335,0.04370860927152247
ballroom/ballroom_Albums-StrictlyDancing_Tango-06,ballroom,120.0,0.028353095953465985,0.040000000000000924
ballroom/ballroom_Media-104314,ballroom,207.61245674740505,0.021358301889943625,0.04152249134948258
ballroom/ballroom_Media-104218,ballroom,204.77815699658677,0.02339484960536125,0.047781569965872184
ballroom/ballroom_Albums-Cafe_Paradiso-06,ballroom,122.44897959183713,0.02475796967970539,0.061224489795920545
ballroom/ballroom_Media-105109,ballroom,130.43478260869642,0.02270492590632024,0.05652173913043203
ballroom/ballroom_Media-104514,ballroom,206.89655172413853,0.03669757434280964,0.0689655172413903
ballroom/ballroom_Albums-GloriaEstefan_MiTierra-04,ballroom,119.28429423459242,0.02824281940584849,0.06361829025845145
ballroom/ballroom_Media-105207,ballroom,214.28571428571377,0.04142751346081278,0.12499999999999227
ballroom/ballroom_Media-106016,ballroom,171.91977077363887,0.009307748619748776,0.024068767908301703
ballroom/ballroom_Albums-Fire-08,ballroom,123.96694214875988,0.00820670464865272,0.020661157024789892
ballroom/ballroom_Albums-Ballroom_Magic-15,ballroom,208.33333333333314,0.01803756718701466,0.04166666666667072
ballroom/ballroom_Albums-Macumba-09,ballroom,96.0,0.008000000000001194,0.016000000000008185
ballroom/ballroom_Albums-Latin_Jam4-10,ballroom,176.4705882352942,0.028133903351936794,0.058823529411772296
ballroom/ballroom_Media-103613,ballroom,174.41860465116218,0.008781308273173529,0.01744186046511688
ballroom/ballroom_Albums-Latin_Jam3-11,ballroom,176.4705882352942,0.01591784900416485,0.029411764705882065
ballroom/ballroom_Media-105505,ballroom,127.65957446808517,0.03366452048445744,0.0846808510638283
ballroom/ballroom_Albums-Mambo_Kings-10,ballroom,103.44827586206864,0.028869660553937408,0.05172413793103532
ballroom/ballroom_Media-103704,ballroom,120.0,0.015583390321451488,0.0400000000000027
ballroom/ballroom_Media-105121,ballroom,200.0000000000001,0.022729534201038095,0.05333333333333045
ballroom/ballroom_Media-105112,ballroom,178.83755588673637,0.05525047634616622,0.1490312965722788
ballroom/ballroom_Media-104207,ballroom,127.65957446808541,0.0366038914893374,0.08085106382978538
ballroom/ballroom_Media-103713,ballroom,176.4705882352942,0.017847133798567807,0.04999999999999223
ballroom/ballroom_Media-104418,ballroom,206.8965517241376,0.022316299180830612,0.05827586206896436
ballroom/ballroom_Media-104104,ballroom,98.36065573770502,0.01533218745907258,0.019672131147546297
ballroom/ballroom_Media-105303,ballroom,86.9565217391305,0.03811370523028879,0.09855072463768164
ballroom/ballroom_Media-104401,ballroom,87.33624454148456,0.01822629706566314,0.04221251819505447
ballroom/ballroom_Media-103410,ballroom,124.99999999999989,0.015506690869058683,0.020833333333343973
ballroom/ballroom_Media-104407,ballroom,181.8181818181813,0.014720709820528052,0.039696969696971604
ballroom/ballroom_Media-105407,ballroom,124.99999999999989,0.012628389060046161,0.020833333333339924
ballroom/ballroom_Media-105308,ballroom,177.2525849335304,0.046140712152449546,0.10369276218611369
ballroom/ballroom_Media-105405,ballroom,124.99999999999989,0.016202549754547328,0.02916666666667268
ballroom/ballroom_Albums-StrictlyDancing_Tango-03,ballroom,115.38461538461549,0.024825894174083166,0.05769230769230992
ballroom/ballroom_Media-103516,ballroom,166.66666666666694,0.019492838934905023,0.0499999999999992
ballroom/ballroom_Media-103906,ballroom,124.99999999999989,0.029489577180924195,0.06250000000000232
ballroom/ballroom_Media-105704,ballroom,84.50704225352102,0.03501869323606612,0.07042253521127352
ballroom/ballroom_Albums-Secret_Garden-01,ballroom,79.15567282321898,0.028486165154917566,0.07387862796833806
ballroom/ballroom_Media-105018,ballroom,200.0000000000001,0.02577226683214462,0.06666666666666991
ballroom/ballroom_Albums-Chrisanne2-07,ballroom,171.42857142857247,0.042971194972508675,0.08571428571429329
ballroom/ballroom_Media-104903,ballroom,84.21052631578964,0.02204411612882611,0.05557894736842112
ballroom/ballroom_Media-104001,ballroom,102.04081632653076,0.008611365043455691,0.020068027210884815
ballroom/ballroom_Albums-StrictlyDancing_Tango-02,ballroom,115.38461538461549,0.021909447299690785,0.05769230769230992
ballroom/ballroom_Media-103406,ballroom,124.99999999999989,0.011377984543516163,0.02083333333333472
ballroom/ballroom_Media-105604,ballroom,124.99999999999989,0.010765751071863896,0.020833333333336573
ballroom/ballroom_Media-104516,ballroom,206.89655172413853,0.05494222971956597,0.13793103448275992
ballroom/ballroom_Albums-Latin_Jam4-01,ballroom,124.99999999999989,0.01713158724267121,0.02083333333334027
ballroom/ballroom_Media-104306,ballroom,127.65957446808511,0.04031981359092752,0.08510638297872537
ballroom/ballroom_Albums-Cafe_Paradiso-02,ballroom,100.00000000000006,0.016575959225560592,0.033333333333332646
ballroom/ballroom_Media-103612,ballroom,175.95307917888508,0.015354152031798615,0.03519061583577493
ballroom/ballroom_Media-105108,ballroom,127.65957446808541,0.015033891577423148,0.02893617021276473
ballroom/ballroom_Albums-Pais_Tropical-05,ballroom,124.99999999999989,0.010997304158021894,0.020833333333334952
ballroom/ballroom_Media-105102,ballroom,83.79888268156432,0.03073509461672264,0.05963687150838315
ballroom/ballroom_Media-104115,ballroom,95.23809523809486,0.03973264004658756,0.07936507936508158
ballroom/ballroom_Media-105506,ballroom,127.65957446808541,0.02071571991078297,0.04255319148936692
ballroom/ballroom_Media-103919,ballroom,157.8947368421057,0.021214518796390885,0.05263157894737211
ballroom/ballroom_Albums-Chrisanne3-01,ballroom,83.74040474528961,0.02178498976293433,0.0568039078855538
ballroom/ballroom_Media-106119,ballroom,83.79888268156454,0.00814475787439451,0.01955307262569996
ballroom/ballroom_Media-105701,ballroom,87.01957940536634,0.004609406019992129,0.010007251631619248
ballroom/ballroom_Albums-Chrisanne1-05,ballroom,130.43478260869566,0.029149165310598888,0.08630434782608314
ballroom/ballroom_Media-105612,ballroom,103.98613518197574,0.007087822761092977,0.012131715771233016
ballroom/ballroom_Media-104908,ballroom,174.4186046511624,0.026818441684258898,0.06540697674419096
ballroom/ballroom_Media-105902,ballroom,85.22727272727265,0.017733614250739865,0.050852272727274335
ballroom/ballroom_Albums-AnaBelen_Veneo-13,ballroom,133.3333333333333,0.020501053692347893,0.04444444444444348
ballroom/ballroom_Albums-StrictlyDancing_Tango-11,ballroom,120.0,0.04094152497830519,0.09700000000000142
ballroom/ballroom_Media-105315,ballroom,203.38983050847523,0.04752615681950521,0.1016949152542475
ballroom/ballroom_Media-104209,ballroom,179.64071856287444,0.016172975805757776,0.0389221556886225
ballroom/ballroom_Albums-Chrisanne1-04,ballroom,127.6595744680851,0.02377987973996399,0.05063829787234111
ballroom/ballroom_Media-103901,ballroom,101.69491525423732,0.013766682591695164,0.03389830508475107
ballroom/ballroom_Albums-Latin_Jam2-09,ballroom,103.98613518197574,0.009250644730348232,0.01906412478336397
ballroom/ballroom_Media-104308,ballroom,179.64071856287444,0.0129779330486153,0.029940119760483757
ballroom/ballroom_Albums-Latin_Jam5-03,ballroom,103.44827586206927,0.03446731893326987,0.05344827586206917
ballroom/ballroom_Media-103718,ballroom,124.99999999999989,0.03235128593098295,0.04166666666666944
ballroom/ballroom_Media-103702,ballroom,124.99999999999989,0.014516933898508461,0.020833333333337842
ballroom/ballroom_Albums-Ballroom_Classics4-02,ballroom,86.9565217391305,0.04488966805771389,0.10144927536231932
ballroom/ballroom_Media-105606,ballroom,100.00000000000006,0.019920476822239633,0.03333333333333449
ballroom/ballroom_Media-105806,ballroom,128.2051282051282,0.010929741930406627,0.025641025641025664
ballroom/ballroom_Albums-Step_By_Step-16,ballroom,204.0816326530609,0.01568901298483935,0.034693877551027104
ballroom/ballroom_Media-103707,ballroom,102.04081632653076,0.021140505285685243,0.03112244897959374
ballroom/ballroom_Albums-Chrisanne3-03,ballroom,86.9565217391305,0.043063392889535486,0.0840579710144916
ballroom/ballroom_Media-105304,ballroom,84.50704225352102,0.04234347002048387,0.09859154929577493
ballroom/ballroom_Albums-Latin_Jam3-07,ballroom,103.98613518197607,0.004069295245014729,0.010398613518200693
ballroom/ballroom_Media-104603,ballroom,85.71428571428581,0.04810761539842232,0.1271428571428588
ballroom/ballroom_Media-104011,ballroom,127.65957446808541,0.027429496749211593,0.04255319148936244
ballroom/ballroom_Media-103716,ballroom,115.38461538461539,0.017144493693070768,0.03846153846154447
ballroom/ballroom_Media-103818,ballroom,92.30769230769201,0.015335740542725962,0.03076923076923001
ballroom/ballroom_Media-106116,ballroom,171.91977077363887,0.007404501393057697,0.02005730659026202
ballroom/ballroom_Media-103511,ballroom,100.50251256281385,0.013887154270837001,0.038525963149078676
ballroom/ballroom_Media-104203,ballroom,86.95652173913027,0.03482201551201489,0.05797101449275711
ballroom/ballroom_Media-104112,ballroom,96.30818619582661,0.01150808274638835,0.030979133226323487
ballroom/ballroom_Albums-Latin_Jam-06,ballroom,103.80622837370188,0.016718190338112067,0.02768166089964925
ballroom/ballroom_Media-106011,ballroom,95.77015163607342,0.014321319875405098,0.02633679169991835
ballroom/ballroom_Media-103809,ballroom,100.00000000000006,0.02452520332652698,0.059666666666667534
ballroom/ballroom_Media-105913,ballroom,204.7781569965866,0.02157344446233753,0.05119453924915352
ballroom/ballroom_Albums-Chrisanne3-05,ballroom,132.15859030836987,0.043048053700535854,0.06431718061673915
ballroom/ballroom_Albums-Pais_Tropical-12,ballroom,99.99999999999999,0.029351691388759635,0.06666666666667116
ballroom/ballroom_Albums-Macumba-10,ballroom,96.77419354838695,0.02852721653672728,0.0645161290322616
ballroom/ballroom_Albums-Latin_Jam5-02,ballroom,124.99999999999989,0.018632909569382843,0.06249999999999861
ballroom/ballroom_Albums-Pais_Tropical-11,ballroom,99.99999999999976,0.031022695699250345,0.06666666666666805
ballroom/ballroom_Media-104615,ballroom,204.0816326530609,0.02921681037791987,0.07142857142856193
ballroom/ballroom_Media-105009,ballroom,125.0,0.017141822698722362,0.03541666666666705
ballroom/ballroom_Media-105808,ballroom,128.2051282051282,0.014068935154749431,0.03418803418803363
ballroom/ballroom_Media-105702,ballroom,87.27272727272732,0.019517720345459736,0.04872727272727321
ballroom/ballroom_Media-105004,ballroom,82.53094910591469,0.06174357767423324,0.17469050894085184
ballroom/ballroom_Media-104703,ballroom,82.64462809917366,0.03951970765009403,0.08264462809917143
ballroom/ballroom_Media-103601,ballroom,116.50485436893192,0.013099745499793673,0.019417475728159217
ballroom/ballroom_Media-104616,ballroom,200.0000000000007,0.022900540159617278,0.03333333333333866
ballroom/ballroom_Albums-Latin_Jam2-06,ballroom,127.65957446808517,0.01037992668630936,0.03829787234042488
ballroom/ballroom_Media-103715,ballroom,68.84681583476763,0.018542867371847363,0.04107860011474487
ballroom/ballroom_Albums-Macumba-01,ballroom,124.99999999999989,0.017773399312071527,0.022916666666676497
ballroom/ballroom_Albums-I_Like_It2-02,ballroom,120.0,0.027456214406029526,0.06000000000000094
ballroom/ballroom_Media-105812,ballroom,172.91066282420715,0.027638427073073752,0.06916426512968037
ballroom/ballroom_Media-100609,ballroom,171.42857142857247,0.043949803055757096,0.0857142857142971
ballroom/ballroom_Media-104617,ballroom,204.0816326530609,0.011419581244871186,0.026870748299318802
ballroom/ballroom_Media-100614,ballroom,212.0141342756186,0.01977212054896351,0.04946996466431183
ballroom/ballroom_Albums-I_Like_It2-01,ballroom,133.33333333333354,0.034180345075892134,0.06666666666666732
ballroom/ballroom_Media-103509,ballroom,124.99999999999989,0.018142202540990773,0.020833333333343973
ballroom/ballroom_Albums-AnaBelen_Veneo-01,ballroom,98.36065573770472,0.02154349949579883,0.049180327868851674
ballroom/ballroom_Media-103909,ballroom,122.44897959183713,0.022418761386478463,0.061224489795920885
ballroom/ballroom_Media-105715,ballroom,204.0816326530609,0.012467155256358161,0.027210884353744497
ballroom/ballroom_Media-100603,ballroom,86.95652173913047,0.018771439734885844,0.03768115942029441
ballroom/ballroom_Media-104706,ballroom,127.65957446808541,0.03632692181160953,0.08510638297872522
ballroom/ballroom_Media-105408,ballroom,92.16589861751152,0.01896341853568626,0.04208909370199724
ballroom/ballroom_Media-103412,ballroom,124.99999999999989,0.014667394397363875,0.02083333333334027
ballroom/ballroom_Albums-Latin_Jam-03,ballroom,103.44827586206895,0.010288840493964144,0.01724137931034752
ballroom/ballroom_Albums-Latin_Jam4-02,ballroom,103.44827586206895,0.009460867238325923,0.01724137931034752
ballroom/ballroom_Media-103404,ballroom,124.99999999999989,0.010765751071863673,0.02083333333333472
ballroom/ballroom_Albums-Step_By_Step-05,ballroom,127.65957446808541,0.03775955914546109,0.08510638297872558
rwc/rwc_popular_CD4_13,rwc,120.0,0.00993459983625895,0.020000000000010232
rwc/rwc_popular_CD1_11,rwc,89.55223880597087,0.05063963801845217,0.014925373134357324
rwc/rwc_jazz_CD4_07,rwc,120.0,0.4972550781041317,0.039999999999981384
rwc/rwc_popular_CD4_01,rwc,100.00000000000095,0.026009814758731094,0.06666666666666107
rwc/rwc_classical_CD4_12,rwc,193.54838709677722,0.0760202286975213,0.16129032258066037
rwc/rwc_classical_CD2_05,rwc,73.17073170731261,0.24923098527957802,0.22560975609751532
rwc/rwc_popular_CD6_10,rwc,127.65957446808541,0.03515992599556952,0.08510638297873692
rwc/rwc_popular_CD5_08,rwc,82.81573498964815,0.07572170350665978,0.11000690131124789
rwc/rwc_jazz_CD4_04,rwc,100.00000000000095,0.014478889640169433,0.03333333333332702
rwc/rwc_jazz_CD1_15,rwc,127.65957446808349,0.2500087507168225,0.1446808510637689
rwc/rwc_jazz_CD1_02,rwc,53.57142857142937,0.11565685549866059,0.1250000000000107
rwc/rwc_jazz_CD3_06,rwc,45.454545454545446,0.023414832457312656,0.0606060606060593
rwc/rwc_classical_CD5_03,rwc,115.3846153846068,0.3855523848241465,0.3653846153846112
rwc/rwc_popular_CD2_06,rwc,136.36363636363487,0.012420608197981645,0.022727272727284104
rwc/rwc_popular_CD4_16,rwc,100.00000000000095,0.03308404069729923,4.736951571734046e-14
rwc/rwc_classical_CD4_11,rwc,142.8571428571429,0.13260572733997242,0.2619047619047606
rwc/rwc_popular_CD1_05,rwc,136.36363636363598,0.011175672302498168,0.022727272727284288
rwc/rwc_classical_CD3_06,rwc,96.7741935483875,0.202708007185029,0.16129032258059994
rwc/rwc_popular_CD3_06,rwc,124.99999999999896,0.13865933436564135,0.2500000000000185
rwc/rwc_popular_CD3_09,rwc,200.0000000000019,0.021145775303099374,9.473903143468093e-14
rwc/rwc_popular_CD4_02,rwc,227.27272727272478,0.013366231389581333,0.037878787878806844
rwc/rwc_jazz_CD3_05,rwc,93.74999999999784,0.1357459987433714,0.15625000000000866
rwc/rwc_popular_CD1_10,rwc,123.71134020618571,0.012233403958007228,0.024742268041209124
rwc/rwc_popular_CD1_08,rwc,127.65957446808541,0.009078964078901757,0.021276595744691786
rwc/rwc_popular_CD2_10,rwc,157.89473684210716,0.010884742378048836,7.479397218527459e-14
rwc/rwc_jazz_CD2_03,rwc,74.07407407407386,0.27932153458659287,0.18518518518517524
rwc/rwc_jazz_CD1_04,rwc,74.07407407407409,0.030546049933864408,0.06543209876544999
rwc/rwc_popular_CD3_04,rwc,136.36363636363598,0.011104734848194936,0.022727272727284288
rwc/rwc_popular_CD2_14,rwc,107.14285714285671,0.005815139487957391,1.526556658859584e-14
rwc/rwc_popular_CD5_07,rwc,139.53488372093034,0.04724214036567357,0.11627906976746838
rwc/rwc_royalty-free_CD1_13,rwc,69.76744186046517,0.0052075481806638435,0.011627906976743946
rwc/rwc_popular_CD7_05,rwc,162.1621621621664,0.02229795112662049,0.02702702702707997
rwc/rwc_jazz_CD1_10,rwc,115.38461538461627,0.054072943234785745,0.11538461538462064
rwc/rwc_popular_CD4_09,rwc,69.76744186046517,0.04624093069944303,0.011627906976766666
rwc/rwc_classical_CD4_14,rwc,53.09734513274358,0.13616615322098213,0.12389380530972549
rwc/rwc_classical_CD1_04,rwc,50.63291139240375,0.3022025952265944,0.7417721518986666
rwc/rwc_jazz_CD1_14,rwc,88.23529411764986,0.35087646302245934,0.088235294117663
rwc/rwc_popular_CD6_09,rwc,133.3333333333346,0.009315476511425887,0.02222222222226538
rwc/rwc_jazz_CD1_06,rwc,80.0,0.04590741931329239,0.08000000000000303
rwc/rwc_popular_CD1_14,rwc,88.23529411764618,0.005833799449536748,0.014705882352948552
rwc/rwc_jazz_CD1_08,rwc,60.0,0.022081315997534875,0.053000000000008596
rwc/rwc_popular_CD7_09,rwc,73.17073170731705,0.015556267573367713,0.027317073170698904
rwc/rwc_popular_CD4_14,rwc,81.08108108108087,0.0036033514238782223,2.3104641323280224e-14
rwc/rwc_popular_CD7_07,rwc,93.74999999999991,0.005983439625132308,0.015625000000030184
rwc/rwc_popular_CD7_03,rwc,89.55223880597183,0.01084108935099668,0.029850746268651335
rwc/rwc_jazz_CD3_07,rwc,59.40594059405994,0.08570164453519015,0.09900990099010273
rwc/rwc_jazz_CD2_04,rwc,92.3076923076915,0.041565072446712835,0.10769230769231043
rwc/rwc_popular_CD2_02,rwc,111.11111111111275,0.009236725564225551,0.018518518518528267
rwc/rwc_classical_CD4_05,rwc,66.66666666666677,0.06987668162354865,0.08888888888889503
rwc/rwc_classical_CD3_07,rwc,299.99999999999574,0.40701590973479834,1.2999999999999716
rwc/rwc_popular_CD6_01,rwc,89.55223880597028,0.007099975565014224,0.014925373134357225
rwc/rwc_classical_CD6_09,rwc,206.89655172413853,0.0659227719586872,0.1379310344827806
rwc/rwc_classical_CD6_01,rwc,66.66666666666677,0.16188284626773225,0.43333333333332674
rwc/rwc_popular_CD7_06,rwc,130.43478260869338,0.008833648711139357,0.02173913043482425
rwc/rwc_classical_CD3_01,rwc,65.2173913043477,0.09742937975556636,0.10869565217390666
rwc/rwc_classical_CD4_07,rwc,120.0,0.055845338451017,0.10000000000002274
rwc/rwc_classical_CD4_06,rwc,69.76744186046517,0.13889844576654845,0.1046511627907026
rwc/rwc_classical_CD6_04,rwc,74.99999999999926,0.15155477788641306,0.3374999999999988
rwc/rwc_popular_CD6_07,rwc,89.55223880597183,0.1593105699417708,0.029850746268630126
rwc/rwc_popular_CD4_05,rwc,133.33333333332828,0.03282098342170428,0.02222222222226433
rwc/rwc_classical_CD4_02,rwc,57.14285714285652,0.11502887835024703,0.23809523809521585
rwc/rwc_royalty-free_CD1_15,rwc,80.0,0.06376501385434377,0.02666666666667557
rwc/rwc_classical_CD5_07,rwc,92.30769230769201,0.46325699086891325,0.20461538461538362
rwc/rwc_royalty-free_CD1_04,rwc,69.76744186046517,0.007430806732160043,0.011627906976745365
rwc/rwc_popular_CD3_14,rwc,166.66666666666694,0.012649110640679466,0.027777777777831508
rwc/rwc_popular_CD5_06,rwc,103.44827586207181,0.07092550035597356,0.05172413793103786
rwc/rwc_popular_CD1_03,rwc,107.14285714285718,0.03708625881551973,0.017857142857151998
rwc/rwc_royalty-free_CD1_02,rwc,103.44827586206927,0.00801821393501783,0.017241379310347575
rwc/rwc_classical_CD6_12,rwc,68.96551724137895,0.11969794884021773,0.19540229885058139
rwc/rwc_popular_CD2_05,rwc,98.36065573770502,0.007964524417600555,0.016393442622982517
rwc/rwc_popular_CD2_08,rwc,130.43478260869338,0.007843264031538667,0.02173913043482425
rwc/rwc_jazz_CD4_09,rwc,37.26708074534163,0.16907572295314313,0.40062111801242306
rwc/rwc_classical_CD5_11,rwc,68.18181818181853,0.08077684654660817,0.1590909090908944
rwc/rwc_classical_CD6_10,rwc,58.82352941176462,0.22392251185710038,0.16666666666666807
rwc/rwc_popular_CD4_03,rwc,103.44827586207181,0.06382711516510452,0.017241379310378623
rwc/rwc_jazz_CD4_10,rwc,107.14285714285943,0.0742106895342655,0.053571428571431545
rwc/rwc_popular_CD5_02,rwc,75.94936708860835,0.008981355824920139,0.010379746835466592
rwc/rwc_classical_CD4_03,rwc,57.692307692307345,0.2293094551776463,0.5769230769230516
rwc/rwc_classical_CD5_02,rwc,127.6595744680777,0.7459766592533695,0.8936170212765172
rwc/rwc_popular_CD3_01,rwc,107.14285714286214,0.00901726556942182,0.017857142857152827
rwc/rwc_popular_CD1_09,rwc,70.0116686114353,0.014411232424814301,0.035005834305689175
rwc/rwc_popular_CD5_14,rwc,75.00000000000006,0.001044640611145761,3.5527136788005035e-14
rwc/rwc_jazz_CD4_14,rwc,115.38461538461627,0.02521836906542734,0.038461538461558434
rwc/rwc_popular_CD6_02,rwc,88.23529411764618,0.0062706712511722065,0.01470588235296945
rwc/rwc_jazz_CD4_11,rwc,153.846153846148,0.018736097185777276,0.025641025641074226
rwc/rwc_jazz_CD1_11,rwc,99.9999999999974,0.045222943491008104,0.1166666666666715
rwc/rwc_popular_CD3_12,rwc,124.99999999999712,0.1342886274009612,0.020833333333373116
rwc/rwc_classical_CD6_15,rwc,162.16216216216017,0.5172788420977351,1.3513513513512962
rwc/rwc_popular_CD3_08,rwc,122.44897959183446,0.008585148365454319,0.020408163265345187
rwc/rwc_popular_CD3_11,rwc,162.16216216216174,0.010721153663910996,0.02702702702704078
rwc/rwc_popular_CD5_11,rwc,107.1428571428574,0.11614911205788518,0.017857142857152033
rwc/rwc_popular_CD1_06,rwc,120.0,0.002012313261482169,0.0
rwc/rwc_popular_CD3_16,rwc,85.7142857142871,0.017022641667072166,0.01428571428578273
rwc/rwc_classical_CD2_03,rwc,56.603773584905596,0.22503537939579188,0.4537735849056251
rwc/rwc_popular_CD1_04,rwc,85.71428571428623,0.00605969424628141,0.014285714285741982
rwc/rwc_popular_CD3_15,rwc,93.74999999999991,0.035930087925643436,0.015625000000030184
rwc/rwc_jazz_CD4_05,rwc,63.15789473684286,0.033436504066412,0.08421052631579021
rwc/rwc_classical_CD4_01,rwc,122.44897959183446,0.08395953351361667,0.18367346938781665
rwc/rwc_popular_CD5_04,rwc,92.3076923076915,0.5095546228579069,0.06153846153849248
rwc/rwc_royalty-free_CD1_10,rwc,115.38461538461627,0.00864592752510806,0.01923076923079288
rwc/rwc_popular_CD2_11,rwc,124.99999999999527,0.014546247836483287,0.020833333333372808
rwc/rwc_popular_CD7_08,rwc,107.33452593917758,0.016192615527244363,0.032200357781740595
rwc/rwc_classical_CD3_03,rwc,176.4705882353071,0.34378138950961423,0.17647058823531378
rwc/rwc_classical_CD5_09,rwc,187.49999999998735,0.6567341962716226,0.5937499999999972
rwc/rwc_popular_CD4_04,rwc,139.53488372093034,0.008158169737783149,0.023255813953500286
rwc/rwc_classical_CD4_13,rwc,75.94936708860699,0.2180750769932636,0.08860759493671443
rwc/rwc_jazz_CD1_12,rwc,66.66666666666835,0.0698943189043397,0.15555555555552458
rwc/rwc_jazz_CD4_02,rwc,109.09090909090965,0.5012665590506099,0.10909090909090026
rwc/rwc_classical_CD6_14,rwc,144.57831325301234,0.6403516994481414,0.4578313253012174
rwc/rwc_popular_CD4_07,rwc,74.07407407407386,0.08232744914128955,8.772132540248126e-15
rwc/rwc_popular_CD6_06,rwc,80.0,0.001963741233091049,0.0
rwc/rwc_royalty-free_CD1_09,rwc,100.00000000000006,0.0010499627001023988,2.368475785867002e-14
rwc/rwc_jazz_CD2_02,rwc,57.692307692308134,0.08083057484428863,0.11538461538459695
rwc/rwc_classical_CD2_02,rwc,285.71428571428453,0.04352527885815737,0.09523809523809282
rwc/rwc_jazz_CD4_01,rwc,136.36363636363706,0.5972014943279903,0.11363636363639006
rwc/rwc_popular_CD1_02,rwc,100.00000000000095,1.3751900714374988e-14,2.368475785867023e-14
rwc/rwc_royalty-free_CD1_14,rwc,181.81818181818178,0.014326671744286559,0.0303030303030458
rwc/rwc_jazz_CD3_02,rwc,61.855670103092855,0.13266181255769582,0.08247422680415135
rwc/rwc_classical_CD1_03,rwc,193.54838709677279,1.0447256951556114,0.12903225806458118
rwc/rwc_royalty-free_CD1_12,rwc,200.0000000000019,0.021112883379975085,0.06666666666667773
rwc/rwc_classical_CD6_02,rwc,250.00000000000023,0.1310435855899613,0.29166666666666813
rwc/rwc_popular_CD1_01,rwc,136.36363636363487,0.011182515268373393,0.022727272727284104
rwc/rwc_popular_CD5_13,rwc,120.0,0.0221606311938043,0.0
rwc/rwc_royalty-free_CD1_06,rwc,115.38461538461549,0.007194198034224282,0.019230769230779085
rwc/rwc_popular_CD3_13,rwc,76.9230769230768,0.006291715745636106,0.012820512820514806
rwc/rwc_royalty-free_CD1_07,rwc,99.99999999999991,8.422527559427419e-15,2.3684757858669985e-14
rwc/rwc_popular_CD5_05,rwc,61.855670103092855,0.35545815623048194,0.0309278350515183
rwc/rwc_popular_CD2_03,rwc,130.43478260869338,0.007868492790480675,0.02173913043482425
rwc/rwc_jazz_CD2_01,rwc,103.44827586206674,0.0549497365416427,0.08620689655172714
rwc/rwc_classical_CD3_02,rwc,130.43478260869338,0.46414826202586085,0.23913043478251064
rwc/rwc_popular_CD1_13,rwc,103.44827586206864,0.007466711450072062,0.017241379310378096
rwc/rwc_popular_CD4_12,rwc,146.34146341463537,0.012620266820974122,0.024390243902451706
rwc/rwc_popular_CD7_04,rwc,77.92207792207796,0.010021169969791056,0.02597402597399299
rwc/rwc_classical_CD4_10,rwc,146.3414634146341,0.10208841798978166,0.21951219512195946
rwc/rwc_classical_CD2_04,rwc,193.54838709677279,0.36463382219522283,0.580645161290157
rwc/rwc_jazz_CD2_08,rwc,86.95652173913072,0.04921117360652649,0.1159420289855
rwc/rwc_popular_CD2_15,rwc,128.7553648068686,0.014815346253934426,0.0214592274679139
rwc/rwc_jazz_CD1_07,rwc,80.0,0.11977878112466309,0.1333333333333296
rwc/rwc_jazz_CD3_10,rwc,136.36363636363706,0.03869107818481981,0.09090909090917018
rwc/rwc_popular_CD2_13,rwc,103.44827586206927,0.0062830868939927976,4.9002947293800155e-14
rwc/rwc_jazz_CD1_05,rwc,120.0,0.22817282850065476,0.2400000000000062
rwc/rwc_jazz_CD3_08,rwc,73.17073170731705,0.4859564007185104,0.048780487804885656
rwc/rwc_classical_CD3_05,rwc,61.855670103092855,0.05326294804564696,0.1134020618556257
rwc/rwc_popular_CD2_01,rwc,96.77419354838639,0.0592874266145484,0.016129032258071753
rwc/rwc_classical_CD6_06,rwc,72.2891566265068,0.3007950928842979,0.493975903614471
rwc/rwc_classical_CD3_04,rwc,70.58823529411694,0.12231897053217973,0.2705882352941297
rwc/rwc_classical_CD1_02,rwc,214.28571428571342,0.05562393235243114,0.10714285714296228
rwc/rwc_popular_CD2_09,rwc,103.44827586206864,0.007461847384028139,0.017241379310378096
rwc/rwc_popular_CD5_03,rwc,88.23529411764618,0.028066124636135416,0.05882352941179421
rwc/rwc_jazz_CD1_09,rwc,63.829787234042705,0.11833918451365007,0.1872340425531992
rwc/rwc_jazz_CD2_07,rwc,58.82352941176534,0.647957410245605,0.14705882352937769
rwc/rwc_popular_CD2_12,rwc,109.09090909090895,0.014638336240182832,0.03636363636365492
rwc/rwc_classical_CD6_08,rwc,130.43478260870145,0.17204652753709854,0.3826086956521764
rwc/rwc_classical_CD6_13,rwc,57.692307692308134,0.2625606290769211,0.5846153846153993
rwc/rwc_jazz_CD1_03,rwc,95.23809523809592,0.044707312880157626,0.11111111111111184
rwc/rwc_popular_CD4_06,rwc,125.52301255229898,0.4492384251729902,0.00836820083685989
rwc/rwc_popular_CD5_01,rwc,75.94936708860767,0.2309913692524339,0.0632911392405028
rwc/rwc_classical_CD4_04,rwc,127.65957446808517,0.22358501010339396,0.43404255319150015
rwc/rwc_royalty-free_CD1_08,rwc,130.4347826086954,0.007757017972612791,0.02173913043479369
rwc/rwc_royalty-free_CD1_03,rwc,75.0000000000001,0.07199343735909107,0.02499999999999506
rwc/rwc_popular_CD2_04,rwc,133.33333333332828,0.24108014614729933,0.02222222222226433
rwc/rwc_popular_CD5_15,rwc,92.3076923076915,0.06042908379367865,0.01538461538462312
rwc/rwc_classical_CD5_12,rwc,68.18181818181853,0.09498679231409589,0.15909090909091056
rwc/rwc_classical_CD4_16,rwc,70.58823529411752,0.1913254273623961,0.12941176470588486
rwc/rwc_classical_CD5_06,rwc,38.33865814696491,0.5292022678442179,1.114376996805117
rwc/rwc_classical_CD5_10,rwc,65.21739130434669,0.08812304829098613,0.1956521739130398
rwc/rwc_popular_CD3_05,rwc,181.8181818181906,0.015090264001089572,0.030303030303090332
rwc/rwc_classical_CD6_07,rwc,71.42857142857234,0.18765508574527,0.3047619047619055
rwc/rwc_classical_CD5_04,rwc,63.49206349206419,0.4211640346723187,0.6518518518518658
rwc/rwc_jazz_CD4_15,rwc,157.89473684210716,0.017550222298404312,0.05263157894735858
rwc/rwc_classical_CD4_09,rwc,61.855670103092855,0.05434621410713691,0.09690721649483526
rwc/rwc_popular_CD3_02,rwc,182.92682926829104,0.3444956478364646,1.0396341463414356
rwc/rwc_jazz_CD4_13,rwc,113.20754716981126,0.014100784296867707,0.03773584905659625
rwc/rwc_popular_CD5_09,rwc,149.99999999999787,0.024348850933567784,0.05000000000000711
rwc/rwc_popular_CD4_08,rwc,74.07407407407408,0.006482428758832469,0.012345679012351994
rwc/rwc_popular_CD7_10,rwc,80.0,0.02329443994688634,0.02666666666668031
rwc/rwc_popular_CD3_03,rwc,171.42857142857073,0.02709967082148718,0.028571428571446563
rwc/rwc_jazz_CD3_09,rwc,80.0,0.07261177843003734,0.05333333333334641
rwc/rwc_popular_CD7_01,rwc,124.99999999999896,0.015659960344712644,0.020833333333373425
rwc/rwc_classical_CD1_01,rwc,299.9999999999318,1.0186821146031342,0.14999999999997157
rwc/rwc_popular_CD4_11,rwc,98.36065573770502,0.020980864118282913,0.049180327868854366
rwc/rwc_classical_CD6_05,rwc,61.224489795918565,0.2652404322556391,0.50612244897958
rwc/rwc_jazz_CD3_01,rwc,100.00000000000095,0.06678979908390646,0.0666666666667014
rwc/rwc_jazz_CD3_04,rwc,78.94736842105358,0.02920103985551343,0.0657894736842216
rwc/rwc_popular_CD2_16,rwc,124.99999999999989,0.0005481734471813332,5.921189464667497e-14
rwc/rwc_popular_CD5_10,rwc,93.74999999999991,0.010492928004972582,0.015625000000030184
rwc/rwc_jazz_CD2_10,rwc,90.90909090908747,0.07318238545111637,0.13636363636363635
rwc/rwc_classical_CD1_05,rwc,124.99999999999527,5.754902296976274,0.12500000000002962
rwc/rwc_popular_CD3_10,rwc,124.99999999999989,2.08161233496753e-14,5.921189464667497e-14
rwc/rwc_jazz_CD3_03,rwc,71.42857142857113,0.27267821756728544,0.07142857142857384
rwc/rwc_popular_CD1_15,rwc,133.3333333333325,0.01095582640506026,0.02222222222226503
rwc/rwc_jazz_CD2_09,rwc,72.28915662650493,0.03428838871368832,0.07228915662652988
rwc/rwc_popular_CD4_10,rwc,117.64705882352987,0.007109609400215528,0.019607843137292875
rwc/rwc_popular_CD6_04,rwc,139.534883720928,0.03567692616336073,0.06976744186053276
rwc/rwc_classical_CD6_11,rwc,139.53488372093034,0.2628668790852005,0.30232558139533844
rwc/rwc_popular_CD6_08,rwc,120.0,0.010807231961557535,0.03999999999996362
rwc/rwc_jazz_CD1_13,rwc,90.90909090909138,0.2988417146253922,0.12121212121211387
rwc/rwc_jazz_CD4_06,rwc,107.14285714285671,0.048989409693205636,0.08928571428571203
rwc/rwc_classical_CD4_15,rwc,122.44897959183713,0.5422556554331462,0.24489795918366902
rwc/rwc_popular_CD6_03,rwc,139.53488372093034,0.008171874096085045,0.023255813953500286
rwc/rwc_classical_CD2_01,rwc,92.30769230769553,0.2702367349343942,0.12307692307690289
rwc/rwc_popular_CD2_07,rwc,133.33333333332828,0.015800278337952268,0.02222222222226433
rwc/rwc_jazz_CD4_08,rwc,122.44897959183446,0.016211823078586696,0.04081632653057436
rwc/rwc_classical_CD1_06,rwc,55.04587155963286,0.36979304516167344,0.6082568807339296
rwc/rwc_popular_CD7_02,rwc,133.3333333333346,0.00966534000804043,0.02222222222226538
rwc/rwc_classical_CD5_01,rwc,105.2631578947381,0.3170110653851586,0.7368421052632944
rwc/rwc_jazz_CD2_06,rwc,105.26315789473547,0.07506028748597274,0.08596491228067286
rwc/rwc_popular_CD4_15,rwc,125.00000000000267,0.01023916497945422,0.020833333333374043
rwc/rwc_royalty-free_CD1_01,rwc,120.0,9.338621449642429e-16,0.0
rwc/rwc_classical_CD5_05,rwc,38.4615384615384,0.4926196399832537,0.4455128205128064
rwc/rwc_popular_CD1_12,rwc,120.0,0.0652152589907817,0.0
rwc/rwc_jazz_CD1_01,rwc,80.53691275167736,0.2912280793118389,0.09395973154361444
rwc/rwc_popular_CD3_07,rwc,73.17073170731705,0.02559160193666207,0.012195121951239557
rwc/rwc_classical_CD5_08,rwc,85.71428571428537,0.2374972896968059,0.5142857142857317
rwc/rwc_jazz_CD4_12,rwc,122.44897959183623,0.021876423724396254,0.04081632653063296
rwc/rwc_popular_CD1_07,rwc,122.44897959183446,0.00781690121011422,0.020408163265345187
rwc/rwc_classical_CD6_03,rwc,89.55223880596802,0.3937463415634452,0.8805970149253574
rwc/rwc_jazz_CD2_05,rwc,70.58823529411812,0.2597459287897371,0.23529411764702274
rwc/rwc_jazz_CD4_03,rwc,62.49999999999994,0.07885708210468655,0.06562500000000174
rwc/rwc_classical_CD4_08,rwc,146.3414634146341,0.4662259206202798,0.7536585365853359
rwc/rwc_popular_CD6_05,rwc,98.36065573770502,0.0068269348039487095,0.016393442622982517
rwc/rwc_popular_CD5_12,rwc,69.76744186046517,0.12941737290407548,0.011627906976766666
rwc/rwc_popular_CD1_16,rwc,122.44897959183801,0.011324096765312484,0.020408163265345777
rwc/rwc_royalty-free_CD1_05,rwc,130.4347826086954,0.1153467662843263,0.02173913043479369
rwc/rwc_royalty-free_CD1_11,rwc,120.0,5.168598758369075e-16,0.0
rwc/rwc_popular_CD5_16,rwc,80.0,0.0031285812482405233,0.0
